matched_who_host,matched_who_host_tax_id,matched_who_host_class,matched_who_host_order,matched_who_host_family,vector_species_analysis,vector_species_needs_review,vector_name_taxonomy_examples,interaction_type_examples,source_dataset_examples,country_examples,associated_pathogen_examples,associated_parasite_examples,record_count
Accipiter cooperii,261198,aves,accipitriformes,accipitridae,Culex pipiens,FALSE,Culex pipiens,blood_meal,BloodMealMap,Unites States,,,3
Accipiter cooperii,261198,aves,accipitriformes,accipitridae,Culex quinquefasciatus,FALSE,Culex quinquefasciatus,blood_meal,BloodMealMap,Unites States,,,2
Accipiter cooperii,261198,aves,accipitriformes,accipitridae,Culex stigmatosoma,FALSE,Culex stigmatosoma,blood_meal,BloodMealMap,Unites States,,,2
Accipiter cooperii,261198,aves,accipitriformes,accipitridae,Culex tarsalis,FALSE,Culex tarsalis,blood_meal,BloodMealMap,Unites States,,,3
Accipiter cooperii,261198,aves,accipitriformes,accipitridae,Culiseta morsitans,FALSE,Culiseta morsitans,blood_meal,BloodMealMap,Unites States,,,1
Accipiter striatus,56330,aves,accipitriformes,accipitridae,Echidnophaga gallinacea,FALSE,Echidnophaga gallinacea,on_host_occurrence,FleaMap,United States,,,1
Acinonyx jubatus,32536,mammalia,carnivora,felidae,Amblyomma lepidum,FALSE,Amblyomma lepidum,on_host_occurrence,TickMap,Sudan,,,1
Acinonyx jubatus,32536,mammalia,carnivora,felidae,Amblyomma variegatum,FALSE,Amblyomma variegatum,on_host_occurrence,TickMap,Malawi,,,1
Agelaius phoeniceus,39638,aves,passeriformes,icteridae,Aedes cinereus,FALSE,Aedes cinereus,blood_meal,BloodMealMap,Unites States,,,1
Agelaius phoeniceus,39638,aves,passeriformes,icteridae,Coquillettidia perturbans,FALSE,Coquillettidia perturbans,blood_meal,BloodMealMap,Unites States,,,1
Agelaius phoeniceus,39638,aves,passeriformes,icteridae,Culex pipiens,FALSE,Culex pipiens,blood_meal,BloodMealMap,Unites States,,,1
Agelaius phoeniceus,39638,aves,passeriformes,icteridae,Culex restuans,FALSE,Culex restuans,blood_meal,BloodMealMap,Unites States,,,1
Agelaius phoeniceus,39638,aves,passeriformes,icteridae,Culex stigmatosoma,FALSE,Culex stigmatosoma,blood_meal,BloodMealMap,Unites States,,,1
Agelaius phoeniceus,39638,aves,passeriformes,icteridae,Culex tarsalis,FALSE,Culex tarsalis,blood_meal,BloodMealMap,Unites States,,,3
Agelaius phoeniceus,39638,aves,passeriformes,icteridae,Culex thriambus,FALSE,Culex thriambus,blood_meal,BloodMealMap,Unites States,,,1
Agelaius phoeniceus,39638,aves,passeriformes,icteridae,Culiseta melanura,FALSE,Culiseta melanura,blood_meal,BloodMealMap,Unites States,,,2
Agelaius phoeniceus,39638,aves,passeriformes,icteridae,Haemaphysalis chordeilis,FALSE,Haemaphysalis chordeilis,on_host_occurrence,TickMap,United States of America,,,4
Agelaius phoeniceus,39638,aves,passeriformes,icteridae,Haemaphysalis leporispalustris,FALSE,Haemaphysalis leporispalustris,on_host_occurrence,TickMap,United States of America,,B. burgdorferi sensu stricto; A. phagocytophilum,24
Agelaius phoeniceus,39638,aves,passeriformes,icteridae,Ixodes scapularis,FALSE,Ixodes scapularis,on_host_occurrence,TickMap,United States of America,,,8
Ailurus fulgens,9649,mammalia,carnivora,ailuridae,Aedes vexans,FALSE,Aedes vexans,blood_meal,BloodMealMap,Unites States,,,1
Aix sponsa,8833,aves,anseriformes,anatidae,Culex erraticus,FALSE,Culex erraticus,blood_meal,BloodMealMap,Unites States,,,1
Aix sponsa,8833,aves,anseriformes,anatidae,Culex peccator,FALSE,Culex peccator,blood_meal,BloodMealMap,Unites States,,,1
Aix sponsa,8833,aves,anseriformes,anatidae,Culiseta melanura,FALSE,Culiseta melanura,blood_meal,BloodMealMap,Unites States,,,1
Alces alces,9852,mammalia,artiodactyla,cervidae,Dermacentor albipictus,FALSE,Dermacentor albipictus,on_host_occurrence,TickMap,United States of America,,,83
Alectoris barbara,40177,aves,galliformes,phasianidae,Hyalomma marginatum,FALSE,Hyalomma marginatum,on_host_occurrence,TickMap,Morocco,,,1
Alectoris barbara,40177,aves,galliformes,phasianidae,Ixodes festai,FALSE,Ixodes festai,on_host_occurrence,TickMap,Morocco,,,2
Alectoris barbara,40177,aves,galliformes,phasianidae,Ixodes ricinus,FALSE,Ixodes ricinus,on_host_occurrence,TickMap,Morocco,,,1
Alligator mississippiensis,8496,reptilia,crocodylia,alligatoridae,Culex atratus,FALSE,Culex atratus,blood_meal,BloodMealMap,Unites States,,,1
Alligator mississippiensis,8496,reptilia,crocodylia,alligatoridae,Culex iolambdis,FALSE,Culex iolambdis,blood_meal,BloodMealMap,Unites States,,,1
Alligator mississippiensis,8496,reptilia,crocodylia,alligatoridae,Culex peccator,FALSE,Culex peccator,blood_meal,BloodMealMap,Unites States,,,5
Alligator mississippiensis,8496,reptilia,crocodylia,alligatoridae,Culex pilosus,FALSE,Culex pilosus,blood_meal,BloodMealMap,Unites States,,,1
Anas acuta,28680,aves,anseriformes,anatidae,Culex tarsalis,FALSE,Culex tarsalis,blood_meal,BloodMealMap,Unites States,,,1
Anas platyrhynchos,8839,aves,anseriformes,anatidae,Aedes vexans,FALSE,Aedes vexans,blood_meal,BloodMealMap,Unites States,,,1
Anas platyrhynchos,8839,aves,anseriformes,anatidae,Culex modestus,FALSE,Culex modestus,blood_meal,BloodMealMap,Czechia,,,1
Anas platyrhynchos,8839,aves,anseriformes,anatidae,Culex pipiens,FALSE,Culex pipiens,blood_meal,BloodMealMap,Czechia; Unites States,,,2
Anas platyrhynchos,8839,aves,anseriformes,anatidae,Culex quinquefasciatus,FALSE,Culex quinquefasciatus,blood_meal,BloodMealMap,Unites States,,,1
Anas platyrhynchos,8839,aves,anseriformes,anatidae,Culex restuans,FALSE,Culex restuans,blood_meal,BloodMealMap,Unites States,,,1
Anas platyrhynchos,8839,aves,anseriformes,anatidae,Culex tarsalis,FALSE,Culex tarsalis,blood_meal,BloodMealMap,Unites States,,,2
Anas platyrhynchos,8839,aves,anseriformes,anatidae,Culiseta melanura,FALSE,Culiseta melanura,blood_meal,BloodMealMap,Unites States,,,1
Anser albifrons,50365,aves,anseriformes,anatidae,Culex pipiens,FALSE,Culex pipiens,blood_meal,BloodMealMap,Czechia,,,1
Anser anser,8843,aves,anseriformes,anatidae,Aedes vexans,FALSE,Aedes vexans,blood_meal,BloodMealMap,Unites States,,,1
Anser anser,8843,aves,anseriformes,anatidae,Armigeres subalbatus,FALSE,Armigeres subalbatus,blood_meal,BloodMealMap,Japan,,,1
Anser anser,8843,aves,anseriformes,anatidae,Culex annulirostris,FALSE,Culex annulirostris,blood_meal,BloodMealMap,Australia,,,1
Anser anser,8843,aves,anseriformes,anatidae,Culex modestus,FALSE,Culex modestus,blood_meal,BloodMealMap,Czechia,,,1
Anser anser,8843,aves,anseriformes,anatidae,Culex pipiens,FALSE,Culex pipiens,blood_meal,BloodMealMap,Czechia,,,1
Anser anser,8843,aves,anseriformes,anatidae,Culex quinquefasciatus,FALSE,Culex quinquefasciatus,blood_meal,BloodMealMap,Unites States,,,1
Anser erythropus,132586,aves,anseriformes,anatidae,Aedes vexans,FALSE,Aedes vexans,blood_meal,BloodMealMap,Serbia,,,1
Anthus trivialis,45804,aves,passeriformes,motacillidae,Ixodes euplecti,FALSE,Ixodes euplecti,on_host_occurrence,TickMap,Egypt,,,1
Anthus trivialis,45804,aves,passeriformes,motacillidae,Ixodes spinae,FALSE,Ixodes spinae,on_host_occurrence,TickMap,"Congo, The Democratic Republic of The",,,1
Antidorcas marsupialis,59523,mammalia,artiodactyla,bovidae,Rhipicephalus evertsi,FALSE,Rhipicephalus evertsi evertsi,on_host_occurrence,TickMap,South Africa,,,1
Aphelocoma californica,142466,aves,passeriformes,corvidae,Culex pipiens,FALSE,Culex pipiens,blood_meal,BloodMealMap,Unites States,,,6
Aphelocoma californica,142466,aves,passeriformes,corvidae,Culex stigmatosoma,FALSE,Culex stigmatosoma,blood_meal,BloodMealMap,Unites States,,,3
Aphelocoma californica,142466,aves,passeriformes,corvidae,Culex tarsalis,FALSE,Culex tarsalis,blood_meal,BloodMealMap,Unites States,,,6
Aphelocoma californica,142466,aves,passeriformes,corvidae,Culex thriambus,FALSE,Culex thriambus,blood_meal,BloodMealMap,Unites States,,,1
Aphelocoma californica,142466,aves,passeriformes,corvidae,Haemaphysalis leporispalustris,FALSE,Haemaphysalis leporispalustris,on_host_occurrence,TickMap,United States of America,,,5
Apodemus agrarius,39030,mammalia,rodentia,muridae,Cheladonta ikaoensis,FALSE,Cheladonta ikaoensis,on_host_occurrence,MiteMap,Republic of Korea,,,1
Apodemus agrarius,39030,mammalia,rodentia,muridae,Euschoengastica koreaensis,FALSE,Euschoengastica koreaensis,on_host_occurrence,MiteMap,Republic of Korea,,,1
Apodemus agrarius,39030,mammalia,rodentia,muridae,Leptotrombidium gemiticulum,FALSE,Leptotrombidium gemiticulum,on_host_occurrence,MiteMap,Republic of Korea,,,1
Apodemus agrarius,39030,mammalia,rodentia,muridae,Leptotrombidium orientale,FALSE,Leptotrombidium orientale,on_host_occurrence,MiteMap,Republic of Korea,,,1
Apodemus agrarius,39030,mammalia,rodentia,muridae,Leptotrombidium pallidum,FALSE,Leptotrombidium pallidum,on_host_occurrence,MiteMap,Republic of Korea,,,4
Apodemus agrarius,39030,mammalia,rodentia,muridae,Leptotrombidium palpale,FALSE,Leptotrombidium palpale,on_host_occurrence,MiteMap,Republic of Korea,,,1
Apodemus agrarius,39030,mammalia,rodentia,muridae,Leptotrombidium scutellare,FALSE,Leptotrombidium scutellare,on_host_occurrence,MiteMap,Republic of Korea,,,2
Apodemus agrarius,39030,mammalia,rodentia,muridae,Leptotrombidium zetum,FALSE,Leptotrombidium zetum,on_host_occurrence,MiteMap,Republic of Korea,,,1
Apodemus agrarius,39030,mammalia,rodentia,muridae,Neotrombidium gardellai,FALSE,Neotrombidium gardellai,on_host_occurrence,MiteMap,Republic of Korea,,,1
Apodemus agrarius,39030,mammalia,rodentia,muridae,Neotrombidium japonica,FALSE,Neotrombidium japonica,on_host_occurrence,MiteMap,Republic of Korea,,,1
Apodemus agrarius,39030,mammalia,rodentia,muridae,Xenopsylla cheopis,FALSE,Xenopsylla cheopis,on_host_occurrence,FleaMap,"Korea, Republic Of",,,1
Apodemus speciosus,105296,mammalia,rodentia,muridae,Aedes albopictus,FALSE,Aedes albopictus,blood_meal,BloodMealMap,Japan,,,1
Apodemus speciosus,105296,mammalia,rodentia,muridae,Culex tritaeniorhynchus,FALSE,Culex tritaeniorhynchus,blood_meal,BloodMealMap,Japan,,,1
Apodemus sylvaticus,10129,mammalia,rodentia,muridae,Dermacentor raskemensis,FALSE,Dermacentor raskemensis,on_host_occurrence,TickMap,Afghanistan,,,1
Apodemus sylvaticus,10129,mammalia,rodentia,muridae,Ixodes ventalloi,FALSE,Ixodes ventalloi,on_host_occurrence,TickMap,Morocco,,,1
Ardea alba,110620,aves,pelecaniformes,ardeidae,Culex erraticus,FALSE,Culex erraticus,blood_meal,BloodMealMap,Unites States,,,5
Ardea alba,110620,aves,pelecaniformes,ardeidae,Culex stigmatosoma,FALSE,Culex stigmatosoma,blood_meal,BloodMealMap,Unites States,,,1
Ardea alba,110620,aves,pelecaniformes,ardeidae,Culex tarsalis,FALSE,Culex tarsalis,blood_meal,BloodMealMap,Unites States,,,1
Ardea cinerea,30390,aves,pelecaniformes,ardeidae,Culex decens,FALSE,Culex decens,blood_meal,BloodMealMap,Senegal,,,1
Ardea cinerea,30390,aves,pelecaniformes,ardeidae,Culex pipiens,FALSE,Culex pipiens,blood_meal,BloodMealMap,Czechia; United Kingdom,,,2
Ardea herodias,56072,aves,pelecaniformes,ardeidae,Aedes vexans,FALSE,Aedes vexans,blood_meal,BloodMealMap,Unites States,,,2
Ardea herodias,56072,aves,pelecaniformes,ardeidae,Culex erraticus,FALSE,Culex erraticus,blood_meal,BloodMealMap,Unites States,,,4
Ardea herodias,56072,aves,pelecaniformes,ardeidae,Culex iolambdis,FALSE,Culex iolambdis,blood_meal,BloodMealMap,Unites States,,,1
Ardea herodias,56072,aves,pelecaniformes,ardeidae,Culex peccator,FALSE,Culex peccator,blood_meal,BloodMealMap,Unites States,,,1
Ardea herodias,56072,aves,pelecaniformes,ardeidae,Culex restuans,FALSE,Culex restuans,blood_meal,BloodMealMap,Unites States,,,1
Ardea herodias,56072,aves,pelecaniformes,ardeidae,Culex tarsalis,FALSE,Culex tarsalis,blood_meal,BloodMealMap,Unites States,,,1
Arvicanthis niloticus,61156,mammalia,rodentia,muridae,Ctenocephalides felis,FALSE,Ctenocephalides felis,on_host_occurrence,FleaMap,Egypt; Senegal,,,2
Arvicanthis niloticus,61156,mammalia,rodentia,muridae,Ctenocephalides felis,TRUE,Ctenocephalides felis strongylus,on_host_occurrence,FleaMap,Burkina Faso,,,11
Arvicanthis niloticus,61156,mammalia,rodentia,muridae,Haemaphysalis leachi,FALSE,Haemaphysalis leachi,on_host_occurrence,TickMap,"Congo, The Democratic Republic of The; Nigeria; Sudan",,,5
Arvicanthis niloticus,61156,mammalia,rodentia,muridae,Hyalomma truncatum,FALSE,Hyalomma truncatum,on_host_occurrence,TickMap,Cameroon,,,1
Arvicanthis niloticus,61156,mammalia,rodentia,muridae,Ixodes nairobiensis,FALSE,Ixodes nairobiensis,on_host_occurrence,TickMap,"Congo, The Democratic Republic of The",,,1
Arvicanthis niloticus,61156,mammalia,rodentia,muridae,Ixodes nchisiensis,FALSE,Ixodes nchisiensis,on_host_occurrence,TickMap,"Congo, The Democratic Republic of The; Malawi",,,2
Arvicanthis niloticus,61156,mammalia,rodentia,muridae,Ixodes thomasae,FALSE,Ixodes thomasae,on_host_occurrence,TickMap,Kenya,,,1
Arvicanthis niloticus,61156,mammalia,rodentia,muridae,Ornithodoros sonrai,FALSE,Ornithodoros sonrai,on_host_occurrence,TickMap,Chad,,,1
Arvicanthis niloticus,61156,mammalia,rodentia,muridae,Rhipicephalus guilhoni,FALSE,Rhipicephalus guilhoni,on_host_occurrence,TickMap,Cameroon,,,2
Arvicanthis niloticus,61156,mammalia,rodentia,muridae,Rhipicephalus sanguineus,FALSE,Rhipicephalus sanguineus,on_host_occurrence,TickMap,"Central African Republic; Congo, The Democratic Republic of The",,,2
Arvicanthis niloticus,61156,mammalia,rodentia,muridae,Rhipicephalus simus,FALSE,Rhipicephalus simus,on_host_occurrence,TickMap,Egypt; Sudan,,,7
Arvicanthis niloticus,61156,mammalia,rodentia,muridae,Xenopsylla cheopis,FALSE,Xenopsylla cheopis,on_host_occurrence,FleaMap,Burkina Faso; Côte D'ivoire; Egypt; Ghana; Mauritania; Sudan,,,182
Asio otus,111810,aves,strigiformes,strigidae,Culex pipiens,FALSE,Culex pipiens,blood_meal,BloodMealMap,United Kingdom,,,1
Atelerix albiventris,9368,mammalia,eulipotyphla,erinaceidae,Amblyomma nuttalli,FALSE,Amblyomma nuttalli,on_host_occurrence,TickMap,Burkina Faso,,,2
Atelerix albiventris,9368,mammalia,eulipotyphla,erinaceidae,Amblyomma variegatum,FALSE,Amblyomma variegatum,on_host_occurrence,TickMap,Cameroon; Nigeria; Sudan,,,3
Atelerix albiventris,9368,mammalia,eulipotyphla,erinaceidae,Ctenocephalides felis,FALSE,Ctenocephalides felis,on_host_occurrence,FleaMap,Burkina Faso; Togo,,,7
Atelerix albiventris,9368,mammalia,eulipotyphla,erinaceidae,Ctenocephalides felis,TRUE,Ctenocephalides felis strongylus,on_host_occurrence,FleaMap,Burkina Faso; Ghana,,,85
Atelerix albiventris,9368,mammalia,eulipotyphla,erinaceidae,Haemaphysalis aciculifer,FALSE,Haemaphysalis aciculifer,on_host_occurrence,TickMap,"Tanzania, United Republic of",,,1
Atelerix albiventris,9368,mammalia,eulipotyphla,erinaceidae,Haemaphysalis houyi,FALSE,Haemaphysalis houyi,on_host_occurrence,TickMap,Burkina Faso,,,1
Atelerix albiventris,9368,mammalia,eulipotyphla,erinaceidae,Haemaphysalis leachi,FALSE,Haemaphysalis leachi,on_host_occurrence,TickMap,Burkina Faso; Nigeria,,,3
Atelerix albiventris,9368,mammalia,eulipotyphla,erinaceidae,Haemaphysalis moreli,FALSE,Haemaphysalis moreli,on_host_occurrence,TickMap,Senegal,,,2
Atelerix albiventris,9368,mammalia,eulipotyphla,erinaceidae,Haemaphysalis spinulosa,FALSE,Haemaphysalis spinulosa,on_host_occurrence,TickMap,Cameroon; Sudan,,,4
Atelerix albiventris,9368,mammalia,eulipotyphla,erinaceidae,Hyalomma rufipes,FALSE,Hyalomma rufipes,on_host_occurrence,TickMap,Cameroon,,,1
Atelerix albiventris,9368,mammalia,eulipotyphla,erinaceidae,Hyalomma truncatum,FALSE,Hyalomma truncatum,on_host_occurrence,TickMap,Cameroon,,,1
Atelerix albiventris,9368,mammalia,eulipotyphla,erinaceidae,Rhipicephalus guilhoni,FALSE,Rhipicephalus guilhoni,on_host_occurrence,TickMap,Cameroon,,,1
Atelerix albiventris,9368,mammalia,eulipotyphla,erinaceidae,Rhipicephalus pravus,FALSE,Rhipicephalus pravus,on_host_occurrence,TickMap,Sudan,,,1
Atelerix albiventris,9368,mammalia,eulipotyphla,erinaceidae,Rhipicephalus sanguineus,FALSE,Rhipicephalus sanguineus,on_host_occurrence,TickMap,Nigeria; Sudan,,,4
Atelerix albiventris,9368,mammalia,eulipotyphla,erinaceidae,Rhipicephalus sulcatus,FALSE,Rhipicephalus sulcatus,on_host_occurrence,TickMap,Burkina Faso,,,2
Atelerix albiventris,9368,mammalia,eulipotyphla,erinaceidae,Xenopsylla cheopis,FALSE,Xenopsylla cheopis,on_host_occurrence,FleaMap,Senegal,,,1
Athene cunicularia,194338,aves,strigiformes,strigidae,Culex pipiens,FALSE,Culex pipiens,blood_meal,BloodMealMap,Unites States,,,1
Athene cunicularia,194338,aves,strigiformes,strigidae,Ornithodoros parkeri,FALSE,Ornithodoros parkeri,on_host_occurrence,TickMap,United States,,,10
Athene cunicularia,194338,aves,strigiformes,strigidae,Oropsylla tuberculata,TRUE,Oropsylla tuberculata cynomuris,on_host_occurrence,FleaMap,United States,,,1
Athene noctua,126797,aves,strigiformes,strigidae,Hyalomma marginatum,FALSE,Hyalomma marginatum,on_host_occurrence,TickMap,Morocco,,,1
Baeolophus bicolor,88114,aves,passeriformes,paridae,Amblyomma americanum,FALSE,Amblyomma americanum,on_host_occurrence,TickMap,United States of America,,,16
Baeolophus bicolor,88114,aves,passeriformes,paridae,Culex erraticus,FALSE,Culex erraticus,blood_meal,BloodMealMap,Unites States,,,2
Baeolophus bicolor,88114,aves,passeriformes,paridae,Culex quinquefasciatus,FALSE,Culex quinquefasciatus,blood_meal,BloodMealMap,Unites States,,,1
Baeolophus bicolor,88114,aves,passeriformes,paridae,Culex restuans,FALSE,Culex restuans,blood_meal,BloodMealMap,Unites States,,,1
Baeolophus bicolor,88114,aves,passeriformes,paridae,Culiseta melanura,FALSE,Culiseta melanura,blood_meal,BloodMealMap,Unites States,,,4
Baeolophus bicolor,88114,aves,passeriformes,paridae,Ixodes brunneus,FALSE,Ixodes brunneus,on_host_occurrence,TickMap,United States of America,,Rickettsia mendelii,8
Baeolophus bicolor,88114,aves,passeriformes,paridae,Ixodes scapularis,FALSE,Ixodes scapularis,on_host_occurrence,TickMap,United States; United States of America,,,12
Baeolophus inornatus,142467,aves,passeriformes,paridae,Culex pipiens,FALSE,Culex pipiens,blood_meal,BloodMealMap,Unites States,,,1
Baeolophus inornatus,142467,aves,passeriformes,paridae,Culex stigmatosoma,FALSE,Culex stigmatosoma,blood_meal,BloodMealMap,Unites States,,,1
Baeolophus inornatus,142467,aves,passeriformes,paridae,Culex tarsalis,FALSE,Culex tarsalis,blood_meal,BloodMealMap,Unites States,,,1
Baeolophus inornatus,142467,aves,passeriformes,paridae,Culex thriambus,FALSE,Culex thriambus,blood_meal,BloodMealMap,Unites States,,,1
Baeolophus inornatus,142467,aves,passeriformes,paridae,Ixodes pacificus,FALSE,Ixodes pacificus,on_host_occurrence,TickMap,United States of America,,Borrelia burgdorferi s.l.,27
Balearica pavonina,30414,aves,gruiformes,gruidae,Argas arboreus,FALSE,Argas arboreus,on_host_occurrence,TickMap,Chad,,,1
Bandicota indica,456472,mammalia,rodentia,muridae,Haemaphysalis bandicota,FALSE,Haemaphysalis bandicota,on_host_occurrence,TickMap,Thailand,,Candidatus Rickettsia jingxinensis; Borrelia theileri,10
Bandicota indica,456472,mammalia,rodentia,muridae,Leptotrombidium chiangraiensis,FALSE,Leptotrombidium chiangraiensis,on_host_occurrence,MiteMap,Thailand,,Orientia tsutsugamushi,1
Bandicota indica,456472,mammalia,rodentia,muridae,Leptotrombidium imphalum,FALSE,Leptotrombidium imphalum,on_host_occurrence,MiteMap,Thailand,,Orientia tsutsugamushi,1
Bandicota indica,456472,mammalia,rodentia,muridae,Sarcoptes scabiei,FALSE,Sarcoptes scabiei,on_host_occurrence,MiteMap,Thailand,,,2
Boaedon olivaceus,292868,reptilia,squamata,lamprophiidae,Amblyomma latum,FALSE,Amblyomma latum,on_host_occurrence,TickMap,Cote D'Ivoire,,,1
Bombycilla cedrorum,161648,aves,passeriformes,bombycillidae,Culex pipiens,FALSE,Culex pipiens,blood_meal,BloodMealMap,Unites States,,,5
Bombycilla cedrorum,161648,aves,passeriformes,bombycillidae,Culex quinquefasciatus,FALSE,Culex quinquefasciatus,blood_meal,BloodMealMap,Unites States,,,1
Bombycilla cedrorum,161648,aves,passeriformes,bombycillidae,Culex stigmatosoma,FALSE,Culex stigmatosoma,blood_meal,BloodMealMap,Unites States,,,1
Bombycilla cedrorum,161648,aves,passeriformes,bombycillidae,Culex tarsalis,FALSE,Culex tarsalis,blood_meal,BloodMealMap,Unites States,,,2
Bombycilla cedrorum,161648,aves,passeriformes,bombycillidae,Culiseta melanura,FALSE,Culiseta melanura,blood_meal,BloodMealMap,Unites States,,,2
Bombycilla cedrorum,161648,aves,passeriformes,bombycillidae,Culiseta morsitans,FALSE,Culiseta morsitans,blood_meal,BloodMealMap,Unites States,,,1
Bombycilla cedrorum,161648,aves,passeriformes,bombycillidae,Ixodes brunneus,FALSE,Ixodes brunneus,on_host_occurrence,TickMap,United States of America,,,8
Bombycilla cedrorum,161648,aves,passeriformes,bombycillidae,Ixodes scapularis,FALSE,Ixodes scapularis,on_host_occurrence,TickMap,United States of America,,Borellia burgdorferi,4
Bos taurus,9913,mammalia,artiodactyla,bovidae,Aedeomyia africana,FALSE,Aedeomyia africana,blood_meal,BloodMealMap,Kenya,,,1
Bos taurus,9913,mammalia,artiodactyla,bovidae,Aedes abserratus,FALSE,Aedes abserratus,blood_meal,BloodMealMap,Unites States,,,1
Bos taurus,9913,mammalia,artiodactyla,bovidae,Aedes aegypti,FALSE,Aedes aegypti,blood_meal,BloodMealMap,Kenya,,,2
Bos taurus,9913,mammalia,artiodactyla,bovidae,Aedes albopictus,FALSE,Aedes albopictus,blood_meal,BloodMealMap,Japan; Unites States,,,2
Bos taurus,9913,mammalia,artiodactyla,bovidae,Aedes atlanticus,FALSE,Aedes atlanticus,blood_meal,BloodMealMap,Unites States,,,1
Bos taurus,9913,mammalia,artiodactyla,bovidae,Aedes bancroftianus,FALSE,Aedes bancroftianus,blood_meal,BloodMealMap,Australia,,,1
Bos taurus,9913,mammalia,artiodactyla,bovidae,Aedes caballus,FALSE,Aedes caballus,blood_meal,BloodMealMap,South Africa,,,1
Bos taurus,9913,mammalia,artiodactyla,bovidae,Aedes camptorhynchus,FALSE,Aedes camptorhynchus,blood_meal,BloodMealMap,Australia,,,1
Bos taurus,9913,mammalia,artiodactyla,bovidae,Aedes cantans,FALSE,Aedes cantans,blood_meal,BloodMealMap,United Kingdom,,,1
Bos taurus,9913,mammalia,artiodactyla,bovidae,Aedes caspius,FALSE,Aedes caspius,blood_meal,BloodMealMap,Russia,,,3
Bos taurus,9913,mammalia,artiodactyla,bovidae,Aedes circumluteolum,FALSE,Aedes circumluteolum,blood_meal,BloodMealMap,Kenya,,,1
Bos taurus,9913,mammalia,artiodactyla,bovidae,Aedes cumminsii,FALSE,Aedes cumminsii,blood_meal,BloodMealMap,Kenya,,,1
Bos taurus,9913,mammalia,artiodactyla,bovidae,Aedes dentatus,FALSE,Aedes dentatus,blood_meal,BloodMealMap,Kenya; South Africa,,,2
Bos taurus,9913,mammalia,artiodactyla,bovidae,Aedes detritus,FALSE,Aedes detritus,blood_meal,BloodMealMap,United Kingdom,,,2
Bos taurus,9913,mammalia,artiodactyla,bovidae,Aedes dorsalis,FALSE,Aedes dorsalis,blood_meal,BloodMealMap,Unites States,,,3
Bos taurus,9913,mammalia,artiodactyla,bovidae,Aedes excrucians,FALSE,Aedes excrucians,blood_meal,BloodMealMap,Unites States,,,1
Bos taurus,9913,mammalia,artiodactyla,bovidae,Aedes flavescens,FALSE,Aedes flavescens,blood_meal,BloodMealMap,Russia,,,1
Bos taurus,9913,mammalia,artiodactyla,bovidae,Aedes flavopictus,FALSE,Aedes flavopictus,blood_meal,BloodMealMap,Japan,,,1
Bos taurus,9913,mammalia,artiodactyla,bovidae,Aedes geniculatus,FALSE,Aedes geniculatus,blood_meal,BloodMealMap,Switzerland,,,1
Bos taurus,9913,mammalia,artiodactyla,bovidae,Aedes hirsutus,FALSE,Aedes hirsutus,blood_meal,BloodMealMap,Kenya; Senegal,,,2
Bos taurus,9913,mammalia,artiodactyla,bovidae,Aedes increpitus,FALSE,Aedes increpitus,blood_meal,BloodMealMap,Unites States,,,1
Bos taurus,9913,mammalia,artiodactyla,bovidae,Aedes japonicus,FALSE,Aedes japonicus,blood_meal,BloodMealMap,Belgium; Japan,,,2
Bos taurus,9913,mammalia,artiodactyla,bovidae,Aedes lineatopennis,FALSE,Aedes lineatopennis,blood_meal,BloodMealMap,Australia; Kenya; South Africa,,,3
Bos taurus,9913,mammalia,artiodactyla,bovidae,Aedes mcintoshi,FALSE,Aedes mcintoshi,blood_meal,BloodMealMap,Kenya,,,2
Bos taurus,9913,mammalia,artiodactyla,bovidae,Aedes melanimon,FALSE,Aedes melanimon,blood_meal,BloodMealMap,Unites States,,,2
Bos taurus,9913,mammalia,artiodactyla,bovidae,Aedes metallicus,FALSE,Aedes metallicus,blood_meal,BloodMealMap,Kenya,,,1
Bos taurus,9913,mammalia,artiodactyla,bovidae,Aedes mixtus,FALSE,Aedes mixtus,blood_meal,BloodMealMap,South Africa,,,1
Bos taurus,9913,mammalia,artiodactyla,bovidae,Aedes nigromaculis,FALSE,Aedes nigromaculis,blood_meal,BloodMealMap,Unites States,,,2
Bos taurus,9913,mammalia,artiodactyla,bovidae,Aedes nipponicus,FALSE,Aedes nipponicus,blood_meal,BloodMealMap,Japan,,,1
Bos taurus,9913,mammalia,artiodactyla,bovidae,Aedes normanensis,FALSE,Aedes normanensis,blood_meal,BloodMealMap,Australia,,,2
Bos taurus,9913,mammalia,artiodactyla,bovidae,Aedes notoscriptus,FALSE,Aedes notoscriptus,blood_meal,BloodMealMap,Australia,,,2
Bos taurus,9913,mammalia,artiodactyla,bovidae,Aedes ochraceus,FALSE,Aedes ochraceus,blood_meal,BloodMealMap,Kenya; Senegal,,,2
Bos taurus,9913,mammalia,artiodactyla,bovidae,Aedes procax,FALSE,Aedes procax,blood_meal,BloodMealMap,Australia,,,1
Bos taurus,9913,mammalia,artiodactyla,bovidae,Aedes quasiunivittatus,FALSE,Aedes quasiunivittatus,blood_meal,BloodMealMap,Kenya,,,1
Bos taurus,9913,mammalia,artiodactyla,bovidae,Aedes riversi,FALSE,Aedes riversi,blood_meal,BloodMealMap,Japan,,,1
Bos taurus,9913,mammalia,artiodactyla,bovidae,Aedes scapularis,FALSE,Aedes scapularis,blood_meal,BloodMealMap,Brazil,,,2
Bos taurus,9913,mammalia,artiodactyla,bovidae,Aedes serratus,FALSE,Aedes serratus,blood_meal,BloodMealMap,Brazil,,,1
Bos taurus,9913,mammalia,artiodactyla,bovidae,Aedes sollicitans,FALSE,Aedes sollicitans,blood_meal,BloodMealMap,Unites States,,,1
Bos taurus,9913,mammalia,artiodactyla,bovidae,Aedes sticticus,FALSE,Aedes sticticus,blood_meal,BloodMealMap,Unites States,,,1
Bos taurus,9913,mammalia,artiodactyla,bovidae,Aedes sudanensis,FALSE,Aedes sudanensis,blood_meal,BloodMealMap,Kenya; Senegal,,,2
Bos taurus,9913,mammalia,artiodactyla,bovidae,Aedes taeniorhynchus,FALSE,Aedes taeniorhynchus,blood_meal,BloodMealMap,Ecuador,,,1
Bos taurus,9913,mammalia,artiodactyla,bovidae,Aedes taylori,FALSE,Aedes taylori,blood_meal,BloodMealMap,Kenya,,,1
Bos taurus,9913,mammalia,artiodactyla,bovidae,Aedes thibaulti,FALSE,Aedes thibaulti,blood_meal,BloodMealMap,Unites States,,,1
Bos taurus,9913,mammalia,artiodactyla,bovidae,Aedes tortilis,FALSE,Aedes tortilis,blood_meal,BloodMealMap,Puerto Rico,,,1
Bos taurus,9913,mammalia,artiodactyla,bovidae,Aedes tricholabis,FALSE,Aedes tricholabis,blood_meal,BloodMealMap,Kenya,,,1
Bos taurus,9913,mammalia,artiodactyla,bovidae,Aedes triseriatus,FALSE,Aedes triseriatus,blood_meal,BloodMealMap,Unites States,,,1
Bos taurus,9913,mammalia,artiodactyla,bovidae,Aedes trivittatus,FALSE,Aedes trivittatus,blood_meal,BloodMealMap,Unites States,,,3
Bos taurus,9913,mammalia,artiodactyla,bovidae,Aedes vexans,FALSE,Aedes vexans,blood_meal,BloodMealMap,Hungary; Japan; Russia; Senegal; Serbia; Unites States,,,26
Bos taurus,9913,mammalia,artiodactyla,bovidae,Aedes vigilax,FALSE,Aedes vigilax,blood_meal,BloodMealMap,Australia,,,4
Bos taurus,9913,mammalia,artiodactyla,bovidae,Aedes vittiger,FALSE,Aedes vittiger,blood_meal,BloodMealMap,Australia,,,2
Bos taurus,9913,mammalia,artiodactyla,bovidae,Amblyomma americanum,FALSE,Amblyomma americanum,on_host_occurrence,TickMap,United States of America,,,148
Bos taurus,9913,mammalia,artiodactyla,bovidae,Amblyomma astrion,FALSE,Amblyomma astrion,on_host_occurrence,TickMap,"Angola; Congo, The Democratic Republic of The",,,6
Bos taurus,9913,mammalia,artiodactyla,bovidae,Amblyomma cajennense,FALSE,Amblyomma cajennense,on_host_occurrence,TickMap,United States of America,,Rickettsia,4
Bos taurus,9913,mammalia,artiodactyla,bovidae,Amblyomma cohaerens,FALSE,Amblyomma cohaerens,on_host_occurrence,TickMap,"Burundi; Congo, The Democratic Republic of The; Rwanda",,,7
Bos taurus,9913,mammalia,artiodactyla,bovidae,Amblyomma eburneum,FALSE,Amblyomma eburneum,on_host_occurrence,TickMap,"Congo, The Democratic Republic of The",,,1
Bos taurus,9913,mammalia,artiodactyla,bovidae,Amblyomma gemma,FALSE,Amblyomma gemma,on_host_occurrence,TickMap,"Kenya; Tanzania, United Republic of",,"DHOV, Kupe virus; NRIV",16
Bos taurus,9913,mammalia,artiodactyla,bovidae,Amblyomma hebraeum,FALSE,Amblyomma hebraeum,on_host_occurrence,TickMap,"Kenya; Mozambique; South Africa; Tanzania, United Republic of",,DUGV,17
Bos taurus,9913,mammalia,artiodactyla,bovidae,Amblyomma lepidum,FALSE,Amblyomma lepidum,on_host_occurrence,TickMap,"Central African Republic; Egypt; Kenya; South Africa; Sudan; Tanzania, United Republic of; Zambia",,,53
Bos taurus,9913,mammalia,artiodactyla,bovidae,Amblyomma maculatum,FALSE,Amblyomma maculatum,on_host_occurrence,TickMap,Peru; United States of America,,Rickettsia,44
Bos taurus,9913,mammalia,artiodactyla,bovidae,Amblyomma nuttalli,FALSE,Amblyomma nuttalli,on_host_occurrence,TickMap,"Congo, The Democratic Republic of The; Tanzania, United Republic of",,,4
Bos taurus,9913,mammalia,artiodactyla,bovidae,Amblyomma paulopunctatum,FALSE,Amblyomma paulopunctatum,on_host_occurrence,TickMap,Cameroon,,,1
Bos taurus,9913,mammalia,artiodactyla,bovidae,Amblyomma pomposum,FALSE,Amblyomma pomposum,on_host_occurrence,TickMap,"Angola; Congo, The Democratic Republic of The; Sudan",,,6
Bos taurus,9913,mammalia,artiodactyla,bovidae,Amblyomma splendidum,FALSE,Amblyomma splendidum,on_host_occurrence,TickMap,"Angola; Central African Republic; Congo; Congo, The Democratic Republic of The; Sierra Leone",,,14
Bos taurus,9913,mammalia,artiodactyla,bovidae,Amblyomma testudinarium,FALSE,Amblyomma testudinarium,on_host_occurrence,TickMap,LAO PEOPLE'S DEMOCRATIC REPUBLIC,,,5
Bos taurus,9913,mammalia,artiodactyla,bovidae,Amblyomma variegatum,FALSE,Amblyomma variegatum,on_host_occurrence,TickMap,"Benin; Botswana; Burkina Faso; Burundi; Cameroon; Congo, The Democratic Republic of The; Cote D'Ivoire; Gambia; Ghana; Guinea; Guinea-Bissau; Kenya; Malawi; Mali; Nigeria; Rwanda; Senegal; Sierra Leone; South Africa; Sudan; Tanzania, United Republic of; Uganda; Zambia",,Kupe virus,531
Bos taurus,9913,mammalia,artiodactyla,bovidae,Anopheles albimanus,FALSE,Anopheles albimanus,blood_meal,BloodMealMap,Belize,,,2
Bos taurus,9913,mammalia,artiodactyla,bovidae,Anopheles albitarsis,FALSE,Anopheles albitarsis,blood_meal,BloodMealMap,Brazil,,,2
Bos taurus,9913,mammalia,artiodactyla,bovidae,Anopheles amictus,FALSE,Anopheles amictus,blood_meal,BloodMealMap,Australia,,,2
Bos taurus,9913,mammalia,artiodactyla,bovidae,Anopheles annularis,FALSE,Anopheles annularis,blood_meal,BloodMealMap,India,,,1
Bos taurus,9913,mammalia,artiodactyla,bovidae,Anopheles annulipes,FALSE,Anopheles annulipes,blood_meal,BloodMealMap,Australia,,,3
Bos taurus,9913,mammalia,artiodactyla,bovidae,Anopheles aquasalis,FALSE,Anopheles aquasalis,blood_meal,BloodMealMap,Brazil,,,1
Bos taurus,9913,mammalia,artiodactyla,bovidae,Anopheles arabiensis,FALSE,Anopheles arabiensis,blood_meal,BloodMealMap,Ethiopia; Kenya; Madagascar,,,6
Bos taurus,9913,mammalia,artiodactyla,bovidae,Anopheles atroparvus,FALSE,Anopheles atroparvus,blood_meal,BloodMealMap,ESP; United Kingdom,,,3
Bos taurus,9913,mammalia,artiodactyla,bovidae,Anopheles bancroftii,FALSE,Anopheles bancroftii,blood_meal,BloodMealMap,Australia,,,2
Bos taurus,9913,mammalia,artiodactyla,bovidae,Anopheles claviger,FALSE,Anopheles claviger,blood_meal,BloodMealMap,United Kingdom,,,1
Bos taurus,9913,mammalia,artiodactyla,bovidae,Anopheles coustani,FALSE,Anopheles coustani,blood_meal,BloodMealMap,Kenya; Madagascar; Tanzania,,,7
Bos taurus,9913,mammalia,artiodactyla,bovidae,Anopheles cruzii,FALSE,Anopheles cruzii,blood_meal,BloodMealMap,Brazil,,,1
Bos taurus,9913,mammalia,artiodactyla,bovidae,Anopheles culicifacies,FALSE,Anopheles culicifacies,blood_meal,BloodMealMap,India,,,1
Bos taurus,9913,mammalia,artiodactyla,bovidae,Anopheles darlingi,FALSE,Anopheles darlingi,blood_meal,BloodMealMap,Belize,,,1
Bos taurus,9913,mammalia,artiodactyla,bovidae,Anopheles domicola,FALSE,Anopheles domicola,blood_meal,BloodMealMap,Senegal,,,1
Bos taurus,9913,mammalia,artiodactyla,bovidae,Anopheles dthali,FALSE,Anopheles dthali,blood_meal,BloodMealMap,Iran,,,1
Bos taurus,9913,mammalia,artiodactyla,bovidae,Anopheles evansae,FALSE,Anopheles evansae,blood_meal,BloodMealMap,Brazil,,,1
Bos taurus,9913,mammalia,artiodactyla,bovidae,Anopheles farauti,FALSE,Anopheles farauti,blood_meal,BloodMealMap,Australia,,,1
Bos taurus,9913,mammalia,artiodactyla,bovidae,Anopheles flavicosta,FALSE,Anopheles flavicosta,blood_meal,BloodMealMap,Madagascar,,,1
Bos taurus,9913,mammalia,artiodactyla,bovidae,Anopheles fluviatilis,FALSE,Anopheles fluviatilis,blood_meal,BloodMealMap,India,,,1
Bos taurus,9913,mammalia,artiodactyla,bovidae,Anopheles franciscanus,FALSE,Anopheles franciscanus,blood_meal,BloodMealMap,Unites States,,,1
Bos taurus,9913,mammalia,artiodactyla,bovidae,Anopheles freeborni,FALSE,Anopheles freeborni,blood_meal,BloodMealMap,Unites States,,,2
Bos taurus,9913,mammalia,artiodactyla,bovidae,Anopheles funestus,FALSE,Anopheles funestus,blood_meal,BloodMealMap,Ethiopia; Kenya; Madagascar; Senegal; Tanzania,,,9
Bos taurus,9913,mammalia,artiodactyla,bovidae,Anopheles gambiae,FALSE,Anopheles gambiae,blood_meal,BloodMealMap,Kenya; Madagascar; Senegal; Tanzania,,,8
Bos taurus,9913,mammalia,artiodactyla,bovidae,Anopheles garnhami,FALSE,Anopheles garnhami,blood_meal,BloodMealMap,Ethiopia,,,2
Bos taurus,9913,mammalia,artiodactyla,bovidae,Anopheles hyrcanus,FALSE,Anopheles hyrcanus,blood_meal,BloodMealMap,Iran,,,4
Bos taurus,9913,mammalia,artiodactyla,bovidae,Anopheles implexus,FALSE,Anopheles implexus,blood_meal,BloodMealMap,Uganda,,,1
Bos taurus,9913,mammalia,artiodactyla,bovidae,Anopheles lesteri,FALSE,Anopheles lesteri,blood_meal,BloodMealMap,Japan,,,1
Bos taurus,9913,mammalia,artiodactyla,bovidae,Anopheles longipalpis,FALSE,Anopheles longipalpis,blood_meal,BloodMealMap,Zambia,,,1
Bos taurus,9913,mammalia,artiodactyla,bovidae,Anopheles maculipalpis,FALSE,Anopheles maculipalpis,blood_meal,BloodMealMap,Madagascar,,,1
Bos taurus,9913,mammalia,artiodactyla,bovidae,Anopheles maculipennis,FALSE,Anopheles maculipennis,blood_meal,BloodMealMap,Iran; Serbia; United Kingdom,,,5
Bos taurus,9913,mammalia,artiodactyla,bovidae,Anopheles marshalli,FALSE,Anopheles marshalli,blood_meal,BloodMealMap,Ethiopia,,,3
Bos taurus,9913,mammalia,artiodactyla,bovidae,Anopheles marshallii,FALSE,Anopheles marshallii,blood_meal,BloodMealMap,Tanzania,,,1
Bos taurus,9913,mammalia,artiodactyla,bovidae,Anopheles mascarensis,FALSE,Anopheles mascarensis,blood_meal,BloodMealMap,Madagascar,,,1
Bos taurus,9913,mammalia,artiodactyla,bovidae,Anopheles meraukensis,FALSE,Anopheles meraukensis,blood_meal,BloodMealMap,Australia,,,1
Bos taurus,9913,mammalia,artiodactyla,bovidae,Anopheles messeae,FALSE,Anopheles messeae,blood_meal,BloodMealMap,Russia; United Kingdom,,,4
Bos taurus,9913,mammalia,artiodactyla,bovidae,Anopheles minimus,FALSE,Anopheles minimus,blood_meal,BloodMealMap,Japan,,,1
Bos taurus,9913,mammalia,artiodactyla,bovidae,Anopheles novaguinensis,FALSE,Anopheles novaguinensis,blood_meal,BloodMealMap,Australia,,,2
Bos taurus,9913,mammalia,artiodactyla,bovidae,Anopheles pharoensis,FALSE,Anopheles pharoensis,blood_meal,BloodMealMap,Senegal; Tanzania,,,2
Bos taurus,9913,mammalia,artiodactyla,bovidae,Anopheles pretoriensis,FALSE,Anopheles pretoriensis,blood_meal,BloodMealMap,Madagascar,,,1
Bos taurus,9913,mammalia,artiodactyla,bovidae,Anopheles punctimacula,FALSE,Anopheles punctimacula,blood_meal,BloodMealMap,Belize; Panama,,,3
Bos taurus,9913,mammalia,artiodactyla,bovidae,Anopheles punctipennis,FALSE,Anopheles punctipennis,blood_meal,BloodMealMap,Unites States,,,1
Bos taurus,9913,mammalia,artiodactyla,bovidae,Anopheles rivulorum,FALSE,Anopheles rivulorum,blood_meal,BloodMealMap,Tanzania,,,1
Bos taurus,9913,mammalia,artiodactyla,bovidae,Anopheles rufipes,FALSE,Anopheles rufipes,blood_meal,BloodMealMap,Madagascar; Senegal,,,2
Bos taurus,9913,mammalia,artiodactyla,bovidae,Anopheles sinensis,FALSE,Anopheles sinensis,blood_meal,BloodMealMap,Japan,,,3
Bos taurus,9913,mammalia,artiodactyla,bovidae,Anopheles squamosus,FALSE,Anopheles squamosus,blood_meal,BloodMealMap,Madagascar; Tanzania,,,2
Bos taurus,9913,mammalia,artiodactyla,bovidae,Anopheles stephensi,FALSE,Anopheles stephensi,blood_meal,BloodMealMap,Iran,,,1
Bos taurus,9913,mammalia,artiodactyla,bovidae,Anopheles superpictus,FALSE,Anopheles superpictus,blood_meal,BloodMealMap,Iran,,,1
Bos taurus,9913,mammalia,artiodactyla,bovidae,Anopheles tenebrosus,FALSE,Anopheles tenebrosus,blood_meal,BloodMealMap,Ethiopia,,,1
Bos taurus,9913,mammalia,artiodactyla,bovidae,Anopheles varuna,FALSE,Anopheles varuna,blood_meal,BloodMealMap,India,,,1
Bos taurus,9913,mammalia,artiodactyla,bovidae,Anopheles vestitipennis,FALSE,Anopheles vestitipennis,blood_meal,BloodMealMap,Belize,,,3
Bos taurus,9913,mammalia,artiodactyla,bovidae,Anopheles wellcomei,FALSE,Anopheles wellcomei,blood_meal,BloodMealMap,Tanzania,,,1
Bos taurus,9913,mammalia,artiodactyla,bovidae,Argas walkerae,FALSE,Argas walkerae,on_host_occurrence,TickMap,Ghana,,,2
Bos taurus,9913,mammalia,artiodactyla,bovidae,Armigeres subalbatus,FALSE,Armigeres subalbatus,blood_meal,BloodMealMap,Japan,,,6
Bos taurus,9913,mammalia,artiodactyla,bovidae,Chagasia fajardi,FALSE,Chagasia fajardi,blood_meal,BloodMealMap,Brazil,,,2
Bos taurus,9913,mammalia,artiodactyla,bovidae,Coquillettidia fuscopennata,FALSE,Coquillettidia fuscopennata,blood_meal,BloodMealMap,Uganda,,,1
Bos taurus,9913,mammalia,artiodactyla,bovidae,Coquillettidia linealis,FALSE,Coquillettidia linealis,blood_meal,BloodMealMap,Australia,,,1
Bos taurus,9913,mammalia,artiodactyla,bovidae,Coquillettidia perturbans,FALSE,Coquillettidia perturbans,blood_meal,BloodMealMap,Unites States,,,3
Bos taurus,9913,mammalia,artiodactyla,bovidae,Coquillettidia pseudoconopas,FALSE,Coquillettidia pseudoconopas,blood_meal,BloodMealMap,Uganda,,,1
Bos taurus,9913,mammalia,artiodactyla,bovidae,Coquillettidia richiardii,FALSE,Coquillettidia richiardii,blood_meal,BloodMealMap,Russia; United Kingdom,,,2
Bos taurus,9913,mammalia,artiodactyla,bovidae,Coquillettidia venezuelensis,FALSE,Coquillettidia venezuelensis,blood_meal,BloodMealMap,Brazil; Panama,,,2
Bos taurus,9913,mammalia,artiodactyla,bovidae,Coquillettidia xanthogaster,FALSE,Coquillettidia xanthogaster,blood_meal,BloodMealMap,Australia,,,1
Bos taurus,9913,mammalia,artiodactyla,bovidae,Ctenocephalides felis,FALSE,Ctenocephalides felis,on_host_occurrence,FleaMap,Cuba; Puerto Rico,,,4
Bos taurus,9913,mammalia,artiodactyla,bovidae,Culex annulioris,FALSE,Culex annulioris,blood_meal,BloodMealMap,Uganda,,,1
Bos taurus,9913,mammalia,artiodactyla,bovidae,Culex annulirostris,FALSE,Culex annulirostris,blood_meal,BloodMealMap,Australia,,,22
Bos taurus,9913,mammalia,artiodactyla,bovidae,Culex antennatus,FALSE,Culex antennatus,blood_meal,BloodMealMap,Kenya; Senegal; Tanzania,,,3
Bos taurus,9913,mammalia,artiodactyla,bovidae,Culex australicus,FALSE,Culex australicus,blood_meal,BloodMealMap,Australia,,,1
Bos taurus,9913,mammalia,artiodactyla,bovidae,Culex bidens,FALSE,Culex bidens,blood_meal,BloodMealMap,Brazil,,,1
Bos taurus,9913,mammalia,artiodactyla,bovidae,Culex bitaeniorhynchus,FALSE,Culex bitaeniorhynchus,blood_meal,BloodMealMap,India; Japan,,,3
Bos taurus,9913,mammalia,artiodactyla,bovidae,Culex chidesteri,FALSE,Culex chidesteri,blood_meal,BloodMealMap,Brazil,,,1
Bos taurus,9913,mammalia,artiodactyla,bovidae,Culex coronator,FALSE,Culex coronator,blood_meal,BloodMealMap,Guatemala; Panama,,,2
Bos taurus,9913,mammalia,artiodactyla,bovidae,Culex cylindricus,FALSE,Culex cylindricus,blood_meal,BloodMealMap,Australia,,,1
Bos taurus,9913,mammalia,artiodactyla,bovidae,Culex erraticus,FALSE,Culex erraticus,blood_meal,BloodMealMap,Unites States,,,1
Bos taurus,9913,mammalia,artiodactyla,bovidae,Culex fuscocephala,FALSE,Culex fuscocephala,blood_meal,BloodMealMap,India; Japan,,,3
Bos taurus,9913,mammalia,artiodactyla,bovidae,Culex gelidus,FALSE,Culex gelidus,blood_meal,BloodMealMap,India,,,3
Bos taurus,9913,mammalia,artiodactyla,bovidae,Culex infula,FALSE,Culex infula,blood_meal,BloodMealMap,India,,,2
Bos taurus,9913,mammalia,artiodactyla,bovidae,Culex invidiosus,FALSE,Culex invidiosus,blood_meal,BloodMealMap,The Gambia,,,1
Bos taurus,9913,mammalia,artiodactyla,bovidae,Culex lygrus,FALSE,Culex lygrus,blood_meal,BloodMealMap,Brazil,,,1
Bos taurus,9913,mammalia,artiodactyla,bovidae,Culex mimeticus,FALSE,Culex mimeticus,blood_meal,BloodMealMap,Iran; Japan,,,8
Bos taurus,9913,mammalia,artiodactyla,bovidae,Culex modestus,FALSE,Culex modestus,blood_meal,BloodMealMap,Russia,,,1
Bos taurus,9913,mammalia,artiodactyla,bovidae,Culex molestus,FALSE,Culex molestus,blood_meal,BloodMealMap,Australia,,,1
Bos taurus,9913,mammalia,artiodactyla,bovidae,Culex neavei,FALSE,Culex neavei,blood_meal,BloodMealMap,Kenya,,,1
Bos taurus,9913,mammalia,artiodactyla,bovidae,Culex nigripalpus,FALSE,Culex nigripalpus,blood_meal,BloodMealMap,Guatemala; Trinidad & Tobago,,,2
Bos taurus,9913,mammalia,artiodactyla,bovidae,Culex orbostiensis,FALSE,Culex orbostiensis,blood_meal,BloodMealMap,Australia,,,1
Bos taurus,9913,mammalia,artiodactyla,bovidae,Culex perexiguus,FALSE,Culex perexiguus,blood_meal,BloodMealMap,Iran; Israel,,,3
Bos taurus,9913,mammalia,artiodactyla,bovidae,Culex pipiens,FALSE,Culex pipiens,blood_meal,BloodMealMap,Iran; Japan; Kenya; Serbia; South Africa; Unites States,,,20
Bos taurus,9913,mammalia,artiodactyla,bovidae,Culex poicilipes,FALSE,Culex poicilipes,blood_meal,BloodMealMap,Senegal,,,1
Bos taurus,9913,mammalia,artiodactyla,bovidae,Culex pseudovishnui,FALSE,Culex pseudovishnui,blood_meal,BloodMealMap,India; Japan,,,3
Bos taurus,9913,mammalia,artiodactyla,bovidae,Culex pullus,FALSE,Culex pullus,blood_meal,BloodMealMap,Australia,,,1
Bos taurus,9913,mammalia,artiodactyla,bovidae,Culex quinquefasciatus,FALSE,Culex quinquefasciatus,blood_meal,BloodMealMap,Australia; Brazil; Guatemala; India; Iran; Kenya; Tanzania; Unites States,,,14
Bos taurus,9913,mammalia,artiodactyla,bovidae,Culex restuans,FALSE,Culex restuans,blood_meal,BloodMealMap,Unites States,,,1
Bos taurus,9913,mammalia,artiodactyla,bovidae,Culex salinarius,FALSE,Culex salinarius,blood_meal,BloodMealMap,Unites States,,,4
Bos taurus,9913,mammalia,artiodactyla,bovidae,Culex saltanensis,FALSE,Culex saltanensis,blood_meal,BloodMealMap,Brazil,,,1
Bos taurus,9913,mammalia,artiodactyla,bovidae,Culex sitiens,FALSE,Culex sitiens,blood_meal,BloodMealMap,Australia; Iran,,,6
Bos taurus,9913,mammalia,artiodactyla,bovidae,Culex stigmatosoma,FALSE,Culex stigmatosoma,blood_meal,BloodMealMap,Unites States,,,1
Bos taurus,9913,mammalia,artiodactyla,bovidae,Culex taeniopus,FALSE,Culex taeniopus,blood_meal,BloodMealMap,Guatemala; Puerto Rico,,,2
Bos taurus,9913,mammalia,artiodactyla,bovidae,Culex tarsalis,FALSE,Culex tarsalis,blood_meal,BloodMealMap,Unites States,,,10
Bos taurus,9913,mammalia,artiodactyla,bovidae,Culex territans,FALSE,Culex territans,blood_meal,BloodMealMap,Unites States,,,1
Bos taurus,9913,mammalia,artiodactyla,bovidae,Culex thalassius,FALSE,Culex thalassius,blood_meal,BloodMealMap,Senegal; The Gambia,,,2
Bos taurus,9913,mammalia,artiodactyla,bovidae,Culex theileri,FALSE,Culex theileri,blood_meal,BloodMealMap,ESP; Iran; South Africa,,,6
Bos taurus,9913,mammalia,artiodactyla,bovidae,Culex tritaeniorhynchus,FALSE,Culex tritaeniorhynchus,blood_meal,BloodMealMap,India; Japan; Senegal; The Gambia,,,5
Bos taurus,9913,mammalia,artiodactyla,bovidae,Culex univittatus,FALSE,Culex univittatus,blood_meal,BloodMealMap,Kenya; Senegal; South Africa,,,6
Bos taurus,9913,mammalia,artiodactyla,bovidae,Culex vansomereni,FALSE,Culex vansomereni,blood_meal,BloodMealMap,Kenya,,,1
Bos taurus,9913,mammalia,artiodactyla,bovidae,Culex vishnui,FALSE,Culex vishnui,blood_meal,BloodMealMap,India; Japan; Singapore,,,6
Bos taurus,9913,mammalia,artiodactyla,bovidae,Culex whitmorei,FALSE,Culex whitmorei,blood_meal,BloodMealMap,India,,,2
Bos taurus,9913,mammalia,artiodactyla,bovidae,Culiseta annulata,FALSE,Culiseta annulata,blood_meal,BloodMealMap,Russia; United Kingdom,,,3
Bos taurus,9913,mammalia,artiodactyla,bovidae,Culiseta inornata,FALSE,Culiseta inornata,blood_meal,BloodMealMap,Unites States,,,4
Bos taurus,9913,mammalia,artiodactyla,bovidae,Culiseta melanura,FALSE,Culiseta melanura,blood_meal,BloodMealMap,Unites States,,,1
Bos taurus,9913,mammalia,artiodactyla,bovidae,Deinocerites pseudes,FALSE,Deinocerites pseudes,blood_meal,BloodMealMap,Nicaragua,,,1
Bos taurus,9913,mammalia,artiodactyla,bovidae,Dermacentor albipictus,FALSE,Dermacentor albipictus,on_host_occurrence,TickMap,United States of America,,,10
Bos taurus,9913,mammalia,artiodactyla,bovidae,Dermacentor marginatus,FALSE,Dermacentor marginatus,on_host_occurrence,TickMap,Algeria; Georgia,,,27
Bos taurus,9913,mammalia,artiodactyla,bovidae,Dermacentor nuttalli,FALSE,Dermacentor nuttalli,on_host_occurrence,TickMap,Mongolia,,,20
Bos taurus,9913,mammalia,artiodactyla,bovidae,Dermacentor variabilis,FALSE,Dermacentor variabilis,on_host_occurrence,TickMap,United States of America,,,31
Bos taurus,9913,mammalia,artiodactyla,bovidae,Haemagogus janthinomys,FALSE,Haemagogus janthinomys,blood_meal,BloodMealMap,Brazil,,,10
Bos taurus,9913,mammalia,artiodactyla,bovidae,Haemagogus leucocelaenus,FALSE,Haemagogus leucocelaenus,blood_meal,BloodMealMap,Brazil,,,2
Bos taurus,9913,mammalia,artiodactyla,bovidae,Haemaphysalis aciculifer,FALSE,Haemaphysalis aciculifer,on_host_occurrence,TickMap,"Benin; Burkina Faso; Kenya; Nigeria; South Africa; Sudan; Tanzania, United Republic of; Uganda; Zambia; Zimbabwe",,,28
Bos taurus,9913,mammalia,artiodactyla,bovidae,Haemaphysalis leachi,FALSE,Haemaphysalis leachi,on_host_occurrence,TickMap,"Burundi; Congo, The Democratic Republic of The; Cote D'Ivoire; Ghana; Mozambique; Nigeria; Rwanda; Sierra Leone; Zambia",,,23
Bos taurus,9913,mammalia,artiodactyla,bovidae,Haemaphysalis longicornis,FALSE,Haemaphysalis longicornis,on_host_occurrence,TickMap,United States of America,,,8
Bos taurus,9913,mammalia,artiodactyla,bovidae,Haemaphysalis paraleachi,FALSE,Haemaphysalis paraleachi,on_host_occurrence,TickMap,"Kenya; Tanzania, United Republic of; Uganda",,,3
Bos taurus,9913,mammalia,artiodactyla,bovidae,Haemaphysalis parmata,FALSE,Haemaphysalis parmata,on_host_occurrence,TickMap,"Congo, The Democratic Republic of The; Cote D'Ivoire; Nigeria; Rwanda; Sudan",,,6
Bos taurus,9913,mammalia,artiodactyla,bovidae,Haemaphysalis parva,FALSE,Haemaphysalis parva,on_host_occurrence,TickMap,Georgia,,,1
Bos taurus,9913,mammalia,artiodactyla,bovidae,Haemaphysalis punctata,FALSE,Haemaphysalis punctata,on_host_occurrence,TickMap,Algeria; Morocco,,,2
Bos taurus,9913,mammalia,artiodactyla,bovidae,Haemaphysalis rugosa,FALSE,Haemaphysalis rugosa,on_host_occurrence,TickMap,Burkina Faso,,,1
Bos taurus,9913,mammalia,artiodactyla,bovidae,Haemaphysalis silacea,FALSE,Haemaphysalis silacea,on_host_occurrence,TickMap,South Africa,,,4
Bos taurus,9913,mammalia,artiodactyla,bovidae,Hyalomma aegyptium,FALSE,Hyalomma aegyptium,on_host_occurrence,TickMap,Nigeria,,,1
Bos taurus,9913,mammalia,artiodactyla,bovidae,Hyalomma albiparmatum,FALSE,Hyalomma albiparmatum,on_host_occurrence,TickMap,"Kenya; Tanzania, United Republic of",,,28
Bos taurus,9913,mammalia,artiodactyla,bovidae,Hyalomma anatolicum,FALSE,Hyalomma anatolicum,on_host_occurrence,TickMap,Libyan Arab Jamahiriya; Sudan,,,12
Bos taurus,9913,mammalia,artiodactyla,bovidae,Hyalomma dromedarii,FALSE,Hyalomma dromedarii,on_host_occurrence,TickMap,Chad; Kenya; Mali; Mauritania; Morocco; Sudan,,,18
Bos taurus,9913,mammalia,artiodactyla,bovidae,Hyalomma excavatum,FALSE,Hyalomma excavatum,on_host_occurrence,TickMap,Algeria; Libyan Arab Jamahiriya; Morocco,,,17
Bos taurus,9913,mammalia,artiodactyla,bovidae,Hyalomma impeltatum,FALSE,Hyalomma impeltatum,on_host_occurrence,TickMap,"Algeria; Cameroon; Chad; Cote D'Ivoire; Mali; Mauritania; Morocco; Niger; Nigeria; Sudan; Tanzania, United Republic of",,,36
Bos taurus,9913,mammalia,artiodactyla,bovidae,Hyalomma impressum,FALSE,Hyalomma impressum,on_host_occurrence,TickMap,"Cameroon; Congo, The Democratic Republic of The; Cote D'Ivoire; Mali; Senegal; South Africa; Sudan",,,17
Bos taurus,9913,mammalia,artiodactyla,bovidae,Hyalomma lusitanicum,FALSE,Hyalomma lusitanicum,on_host_occurrence,TickMap,Morocco,,,4
Bos taurus,9913,mammalia,artiodactyla,bovidae,Hyalomma marginatum,FALSE,Hyalomma marginatum,on_host_occurrence,TickMap,Algeria; Georgia; Kenya; Morocco; Sudan,,TBEV; Rickettsia spp,68
Bos taurus,9913,mammalia,artiodactyla,bovidae,Hyalomma rufipes,FALSE,Hyalomma rufipes,on_host_occurrence,TickMap,"Angola; Botswana; Burkina Faso; Cameroon; Central African Republic; Congo, The Democratic Republic of The; Cote D'Ivoire; Gambia; Ghana; Kenya; Mali; Namibia; Nigeria; Senegal; South Africa; Sudan; Tanzania, United Republic of; Zambia; Zimbabwe",,,235
Bos taurus,9913,mammalia,artiodactyla,bovidae,Hyalomma scupense,FALSE,Hyalomma scupense,on_host_occurrence,TickMap,Algeria; Georgia; Morocco; Sudan,,,12
Bos taurus,9913,mammalia,artiodactyla,bovidae,Hyalomma truncatum,FALSE,Hyalomma truncatum,on_host_occurrence,TickMap,"Botswana; Burkina Faso; Cameroon; Central African Republic; Congo, The Democratic Republic of The; Cote D'Ivoire; Gambia; Ghana; Kenya; Malawi; Mali; Namibia; Nigeria; Senegal; South Africa; Sudan; Zambia; Zimbabwe",,DUGV,293
Bos taurus,9913,mammalia,artiodactyla,bovidae,Ixodes cavipalpus,FALSE,Ixodes cavipalpus,on_host_occurrence,TickMap,"Tanzania, United Republic of; Zambia",,,18
Bos taurus,9913,mammalia,artiodactyla,bovidae,Ixodes cumulatimpunctatus,FALSE,Ixodes cumulatimpunctatus,on_host_occurrence,TickMap,"Congo, The Democratic Republic of The; Cote D'Ivoire; Rwanda",,,4
Bos taurus,9913,mammalia,artiodactyla,bovidae,Ixodes latus,FALSE,Ixodes latus,on_host_occurrence,TickMap,"Tanzania, United Republic of",,,1
Bos taurus,9913,mammalia,artiodactyla,bovidae,Ixodes lewisi,FALSE,Ixodes lewisi,on_host_occurrence,TickMap,Kenya,,,1
Bos taurus,9913,mammalia,artiodactyla,bovidae,Ixodes oldi,FALSE,Ixodes oldi,on_host_occurrence,TickMap,Cote D'Ivoire,,,1
Bos taurus,9913,mammalia,artiodactyla,bovidae,Ixodes pilosus,FALSE,Ixodes pilosus,on_host_occurrence,TickMap,South Africa,,,1
Bos taurus,9913,mammalia,artiodactyla,bovidae,Ixodes rasus,FALSE,Ixodes rasus,on_host_occurrence,TickMap,"Congo, The Democratic Republic of The",,,1
Bos taurus,9913,mammalia,artiodactyla,bovidae,Ixodes ricinus,FALSE,Ixodes ricinus,on_host_occurrence,TickMap,Algeria; Georgia,,,35
Bos taurus,9913,mammalia,artiodactyla,bovidae,Ixodes rubicundus,FALSE,Ixodes rubicundus,on_host_occurrence,TickMap,South Africa,,,2
Bos taurus,9913,mammalia,artiodactyla,bovidae,Ixodes scapularis,FALSE,Ixodes scapularis,on_host_occurrence,TickMap,United States of America,,,27
Bos taurus,9913,mammalia,artiodactyla,bovidae,Lutzia fuscana,FALSE,Lutzia fuscana,blood_meal,BloodMealMap,India,,,2
Bos taurus,9913,mammalia,artiodactyla,bovidae,Mansonia africana,FALSE,Mansonia africana,blood_meal,BloodMealMap,Kenya,,,10
Bos taurus,9913,mammalia,artiodactyla,bovidae,Mansonia indubitans,FALSE,Mansonia indubitans,blood_meal,BloodMealMap,Panama,,,1
Bos taurus,9913,mammalia,artiodactyla,bovidae,Mansonia titillans,FALSE,Mansonia titillans,blood_meal,BloodMealMap,Brazil; Unites States,,,3
Bos taurus,9913,mammalia,artiodactyla,bovidae,Mansonia uniformis,FALSE,Mansonia uniformis,blood_meal,BloodMealMap,Australia; Japan; Kenya,,,12
Bos taurus,9913,mammalia,artiodactyla,bovidae,Mimomyia luzonensis,FALSE,Mimomyia luzonensis,blood_meal,BloodMealMap,Japan,,,1
Bos taurus,9913,mammalia,artiodactyla,bovidae,Ornithodoros foleyi,FALSE,Ornithodoros foleyi,on_host_occurrence,TickMap,Libyan Arab Jamahiriya,,,1
Bos taurus,9913,mammalia,artiodactyla,bovidae,Ornithodoros moubata,FALSE,Ornithodoros moubata,on_host_occurrence,TickMap,Malawi; Zambia,,,97
Bos taurus,9913,mammalia,artiodactyla,bovidae,Ornithodoros savignyi,FALSE,Ornithodoros savignyi,on_host_occurrence,TickMap,Libyan Arab Jamahiriya; Sudan,,,2
Bos taurus,9913,mammalia,artiodactyla,bovidae,Ornithodoros turicata,FALSE,Ornithodoros turicata,on_host_occurrence,TickMap,United States,,,4
Bos taurus,9913,mammalia,artiodactyla,bovidae,Otobius megnini,FALSE,Otobius megnini,on_host_occurrence,TickMap,PERU; United States; United States of America,,Bartonella spp.; Rickettsia spp.,70
Bos taurus,9913,mammalia,artiodactyla,bovidae,Psorophora albigenu,FALSE,Psorophora albigenu,blood_meal,BloodMealMap,Brazil,,,2
Bos taurus,9913,mammalia,artiodactyla,bovidae,Psorophora albipes,FALSE,Psorophora albipes,blood_meal,BloodMealMap,Brazil,,,1
Bos taurus,9913,mammalia,artiodactyla,bovidae,Psorophora ciliata,FALSE,Psorophora ciliata,blood_meal,BloodMealMap,Unites States,,,1
Bos taurus,9913,mammalia,artiodactyla,bovidae,Psorophora cingulata,FALSE,Psorophora cingulata,blood_meal,BloodMealMap,Panama,,,1
Bos taurus,9913,mammalia,artiodactyla,bovidae,Psorophora confinnis,FALSE,Psorophora confinnis,blood_meal,BloodMealMap,Unites States,,,1
Bos taurus,9913,mammalia,artiodactyla,bovidae,Psorophora cyanescens,FALSE,Psorophora cyanescens,blood_meal,BloodMealMap,Unites States,,,1
Bos taurus,9913,mammalia,artiodactyla,bovidae,Psorophora discolor,FALSE,Psorophora discolor,blood_meal,BloodMealMap,Unites States,,,1
Bos taurus,9913,mammalia,artiodactyla,bovidae,Psorophora ferox,FALSE,Psorophora ferox,blood_meal,BloodMealMap,Brazil,,,1
Bos taurus,9913,mammalia,artiodactyla,bovidae,Psorophora signipennis,FALSE,Psorophora signipennis,blood_meal,BloodMealMap,Unites States,,,1
Bos taurus,9913,mammalia,artiodactyla,bovidae,Rhipicehpalus geigyi,FALSE,Rhipicehpalus geigyi,on_host_occurrence,TickMap,Ghana,,,56
Bos taurus,9913,mammalia,artiodactyla,bovidae,Rhipicentor bicornis,FALSE,Rhipicentor bicornis,on_host_occurrence,TickMap,"Burundi; Congo, The Democratic Republic of The",,,2
Bos taurus,9913,mammalia,artiodactyla,bovidae,Rhipicephalus annulatus,FALSE,Rhipicephalus annulatus,on_host_occurrence,TickMap,"Algeria; Cameroon; Central African Republic; Chad; Congo, The Democratic Republic of The; Cote D'Ivoire; Egypt; Georgia; Ghana; Kenya; Mali; Morocco; Nigeria; Sudan; Turkey; United States of America",,TBEV; Rickettsia spp,220
Bos taurus,9913,mammalia,artiodactyla,bovidae,Rhipicephalus appendiculatus,FALSE,Rhipicephalus appendiculatus,on_host_occurrence,TickMap,"Burundi; Central African Republic; Congo, The Democratic Republic of The; Kenya; Malawi; Mozambique; Rwanda; Sierra Leone; South Africa; Sudan; Tanzania, United Republic of; Uganda; Zambia; Zimbabwe",,,183
Bos taurus,9913,mammalia,artiodactyla,bovidae,Rhipicephalus armatus,FALSE,Rhipicephalus armatus,on_host_occurrence,TickMap,Zimbabwe,,,1
Bos taurus,9913,mammalia,artiodactyla,bovidae,Rhipicephalus bequaerti,FALSE,Rhipicephalus bequaerti,on_host_occurrence,TickMap,"Tanzania, United Republic of",,,2
Bos taurus,9913,mammalia,artiodactyla,bovidae,Rhipicephalus bursa,FALSE,Rhipicephalus bursa,on_host_occurrence,TickMap,Algeria; Georgia; Morocco,,,29
Bos taurus,9913,mammalia,artiodactyla,bovidae,Rhipicephalus capensis,FALSE,Rhipicephalus capensis,on_host_occurrence,TickMap,"Congo, The Democratic Republic of The; Rwanda; South Africa",,,11
Bos taurus,9913,mammalia,artiodactyla,bovidae,Rhipicephalus carnivoralis,FALSE,Rhipicephalus carnivoralis,on_host_occurrence,TickMap,"Tanzania, United Republic of",,,2
Bos taurus,9913,mammalia,artiodactyla,bovidae,Rhipicephalus complanatus,FALSE,Rhipicephalus complanatus,on_host_occurrence,TickMap,Malawi,,,6
Bos taurus,9913,mammalia,artiodactyla,bovidae,Rhipicephalus compositus,FALSE,Rhipicephalus compositus,on_host_occurrence,TickMap,"Burundi; Cameroon; Congo, The Democratic Republic of The; Nigeria; Rwanda; Tanzania, United Republic of; Zambia",,,56
Bos taurus,9913,mammalia,artiodactyla,bovidae,Rhipicephalus decoloratus,FALSE,Rhipicephalus decoloratus,on_host_occurrence,TickMap,"Angola; Burkina Faso; Burundi; Cameroon; Congo; Congo, The Democratic Republic of The; Cote D'Ivoire; Gambia; Ghana; Guinea; Kenya; Mali; Mozambique; Namibia; Nigeria; Rwanda; Senegal; South Africa; Sudan; Tanzania, United Republic of; Uganda; Zambia",,,254
Bos taurus,9913,mammalia,artiodactyla,bovidae,Rhipicephalus duttoni,FALSE,Rhipicephalus duttoni,on_host_occurrence,TickMap,"Congo, The Democratic Republic of The",,,4
Bos taurus,9913,mammalia,artiodactyla,bovidae,Rhipicephalus dux,FALSE,Rhipicephalus dux,on_host_occurrence,TickMap,"Congo, The Democratic Republic of The",,,2
Bos taurus,9913,mammalia,artiodactyla,bovidae,Rhipicephalus evertsi,FALSE,Rhipicephalus evertsi; Rhipicephalus evertsi evertsi,on_host_occurrence,TickMap,"Angola; Burkina Faso; Burundi; Cameroon; Central African Republic; Chad; Congo, The Democratic Republic of The; Ghana; Kenya; Mali; Mozambique; Nigeria; Rwanda; Senegal; South Africa; Sudan; Tanzania, United Republic of; Uganda; Zambia; Zimbabwe",,,133
Bos taurus,9913,mammalia,artiodactyla,bovidae,Rhipicephalus evertsi,TRUE,Rhipicephalus evertsi mimeticus,on_host_occurrence,TickMap,"Angola; Congo, The Democratic Republic of The; Namibia",,,8
Bos taurus,9913,mammalia,artiodactyla,bovidae,Rhipicephalus follis,FALSE,Rhipicephalus follis,on_host_occurrence,TickMap,South Africa,,,1
Bos taurus,9913,mammalia,artiodactyla,bovidae,Rhipicephalus geigyi,FALSE,Rhipicephalus geigyi,on_host_occurrence,TickMap,Central African Republic; Cote D'Ivoire; Gambia; Mali; Nigeria; Senegal; Sierra Leone,,,93
Bos taurus,9913,mammalia,artiodactyla,bovidae,Rhipicephalus glabroscutatum,FALSE,Rhipicephalus glabroscutatum,on_host_occurrence,TickMap,South Africa,,,1
Bos taurus,9913,mammalia,artiodactyla,bovidae,Rhipicephalus guilhoni,FALSE,Rhipicephalus guilhoni,on_host_occurrence,TickMap,Cameroon; Senegal,,,3
Bos taurus,9913,mammalia,artiodactyla,bovidae,Rhipicephalus haemaphysaloides,FALSE,Rhipicephalus haemaphysaloides,on_host_occurrence,TickMap,LAO PEOPLE'S DEMOCRATIC REPUBLIC,,,4
Bos taurus,9913,mammalia,artiodactyla,bovidae,Rhipicephalus humeralis,FALSE,Rhipicephalus humeralis,on_host_occurrence,TickMap,Kenya,,,1
Bos taurus,9913,mammalia,artiodactyla,bovidae,Rhipicephalus hurti,FALSE,Rhipicephalus hurti,on_host_occurrence,TickMap,"Tanzania, United Republic of",,,1
Bos taurus,9913,mammalia,artiodactyla,bovidae,Rhipicephalus interventus,FALSE,Rhipicephalus interventus,on_host_occurrence,TickMap,"Malawi; Tanzania, United Republic of; Uganda; Zambia",,,13
Bos taurus,9913,mammalia,artiodactyla,bovidae,Rhipicephalus kochi,FALSE,Rhipicephalus kochi,on_host_occurrence,TickMap,"Kenya; Mozambique; Rwanda; Sudan; Tanzania, United Republic of; Zambia; Zimbabwe",,,28
Bos taurus,9913,mammalia,artiodactyla,bovidae,Rhipicephalus longus,FALSE,Rhipicephalus longus,on_host_occurrence,TickMap,"Angola; Cameroon; Central African Republic; Congo, The Democratic Republic of The; Malawi; Zambia",,,24
Bos taurus,9913,mammalia,artiodactyla,bovidae,Rhipicephalus lunulatus,FALSE,Rhipicephalus lunulatus,on_host_occurrence,TickMap,"Cameroon; Central African Republic; Cote D'Ivoire; Guinea-Bissau; Senegal; Sierra Leone; Tanzania, United Republic of; Zambia",,,23
Bos taurus,9913,mammalia,artiodactyla,bovidae,Rhipicephalus masseyi,FALSE,Rhipicephalus masseyi,on_host_occurrence,TickMap,"Congo, The Democratic Republic of The",,,1
Bos taurus,9913,mammalia,artiodactyla,bovidae,Rhipicephalus microplus,FALSE,Rhipicephalus microplus,on_host_occurrence,TickMap,"LAO PEOPLE'S DEMOCRATIC REPUBLIC; Malawi; Mozambique; Peru; Tanzania, United Republic of; United States of America; Zambia",,,273
Bos taurus,9913,mammalia,artiodactyla,bovidae,Rhipicephalus moucheti,FALSE,Rhipicephalus moucheti,on_host_occurrence,TickMap,Benin,,,1
Bos taurus,9913,mammalia,artiodactyla,bovidae,Rhipicephalus muehlensi,FALSE,Rhipicephalus muehlensi,on_host_occurrence,TickMap,"Congo, The Democratic Republic of The; Rwanda; Sudan; Tanzania, United Republic of",,,5
Bos taurus,9913,mammalia,artiodactyla,bovidae,Rhipicephalus muhsamae,FALSE,Rhipicephalus muhsamae,on_host_occurrence,TickMap,Cameroon; Central African Republic; Senegal,,,4
Bos taurus,9913,mammalia,artiodactyla,bovidae,Rhipicephalus oculatus,FALSE,Rhipicephalus oculatus,on_host_occurrence,TickMap,Angola,,,1
Bos taurus,9913,mammalia,artiodactyla,bovidae,Rhipicephalus planus,FALSE,Rhipicephalus planus,on_host_occurrence,TickMap,"Tanzania, United Republic of; Zambia",,,4
Bos taurus,9913,mammalia,artiodactyla,bovidae,Rhipicephalus pravus,FALSE,Rhipicephalus pravus,on_host_occurrence,TickMap,"Burundi; Cameroon; Congo, The Democratic Republic of The; Rwanda; Sudan; Tanzania, United Republic of; Uganda; Zambia",,,40
Bos taurus,9913,mammalia,artiodactyla,bovidae,Rhipicephalus pulchellus,FALSE,Rhipicephalus pulchellus,on_host_occurrence,TickMap,"Kenya; Tanzania, United Republic of",,"DHOV, DUGV; DUGV; DUGV, Kupe virus; NRIV",14
Bos taurus,9913,mammalia,artiodactyla,bovidae,Rhipicephalus punctatus,FALSE,Rhipicephalus punctatus,on_host_occurrence,TickMap,Zambia,,,14
Bos taurus,9913,mammalia,artiodactyla,bovidae,Rhipicephalus rossicus,FALSE,Rhipicephalus rossicus,on_host_occurrence,TickMap,Georgia,,,1
Bos taurus,9913,mammalia,artiodactyla,bovidae,Rhipicephalus sanguineus,FALSE,Rhipicephalus sanguineus,on_host_occurrence,TickMap,"Benin; Congo, The Democratic Republic of The; Cote D'Ivoire; Gambia; Georgia; Ghana; Guinea; Malawi; Mali; Niger; Nigeria; Rwanda; Senegal; Sierra Leone; Sudan; Tanzania, United Republic of; Zambia",,,115
Bos taurus,9913,mammalia,artiodactyla,bovidae,Rhipicephalus senegalensis,FALSE,Rhipicephalus senegalensis,on_host_occurrence,TickMap,Benin; Cameroon; Central African Republic; Cote D'Ivoire; Gambia; Guinea-Bissau; Nigeria; Senegal; Sierra Leone,,,55
Bos taurus,9913,mammalia,artiodactyla,bovidae,Rhipicephalus simus,FALSE,Rhipicephalus simus,on_host_occurrence,TickMap,"Congo, The Democratic Republic of The; Egypt; Kenya; Mali; Mozambique; Nigeria; Rwanda; Senegal; South Africa; Sudan; Tanzania, United Republic of; Zambia; Zimbabwe",,,86
Bos taurus,9913,mammalia,artiodactyla,bovidae,Rhipicephalus sulcatus,FALSE,Rhipicephalus sulcatus,on_host_occurrence,TickMap,"Cameroon; Congo, The Democratic Republic of The; Cote D'Ivoire; Senegal; Zambia",,,10
Bos taurus,9913,mammalia,artiodactyla,bovidae,Rhipicephalus supertritus,FALSE,Rhipicephalus supertritus,on_host_occurrence,TickMap,Zambia; Zimbabwe,,,11
Bos taurus,9913,mammalia,artiodactyla,bovidae,Rhipicephalus tricuspis,FALSE,Rhipicephalus tricuspis,on_host_occurrence,TickMap,"Cameroon; Congo, The Democratic Republic of The; Nigeria; Rwanda; South Africa; Zambia",,,40
Bos taurus,9913,mammalia,artiodactyla,bovidae,Rhipicephalus turanicus,FALSE,Rhipicephalus turanicus,on_host_occurrence,TickMap,Georgia; Morocco,,,9
Bos taurus,9913,mammalia,artiodactyla,bovidae,Rhipicephalus ziemanni,FALSE,Rhipicephalus ziemanni,on_host_occurrence,TickMap,Congo; Cote D'Ivoire; Nigeria; Sierra Leone,,,5
Bos taurus,9913,mammalia,artiodactyla,bovidae,Verrallina reesi,FALSE,Verrallina reesi,blood_meal,BloodMealMap,Australia,,,1
Branta canadensis,8853,aves,anseriformes,anatidae,Culex erraticus,FALSE,Culex erraticus,blood_meal,BloodMealMap,Unites States,,,1
Bubalus bubalis,89462,mammalia,artiodactyla,bovidae,Aedes vexans,FALSE,Aedes vexans,blood_meal,BloodMealMap,Unites States,,,1
Bubalus bubalis,89462,mammalia,artiodactyla,bovidae,Rhipicephalus simus,FALSE,Rhipicephalus simus,on_host_occurrence,TickMap,Egypt,,,3
Bubo virginianus,56268,aves,strigiformes,strigidae,Culex pipiens,FALSE,Culex pipiens,blood_meal,BloodMealMap,Unites States,,,1
Bubo virginianus,56268,aves,strigiformes,strigidae,Culex tarsalis,FALSE,Culex tarsalis,blood_meal,BloodMealMap,Unites States,,,3
Bubo virginianus,56268,aves,strigiformes,strigidae,Culiseta melanura,FALSE,Culiseta melanura,blood_meal,BloodMealMap,Unites States,,,1
Bubo virginianus,56268,aves,strigiformes,strigidae,Echidnophaga gallinacea,FALSE,Echidnophaga gallinacea,on_host_occurrence,FleaMap,United States,,,1
Bubulcus ibis,110668,aves,pelecaniformes,ardeidae,Argas persicus,FALSE,Argas persicus,on_host_occurrence,TickMap,Egypt,,,1
Bubulcus ibis,110668,aves,pelecaniformes,ardeidae,Argas walkerae,FALSE,Argas walkerae,on_host_occurrence,TickMap,South Africa,,,1
Burhinus grallarius,585466,aves,charadriiformes,burhinidae,Culex annulirostris,FALSE,Culex annulirostris,blood_meal,BloodMealMap,Australia,,,1
Buteo jamaicensis,56263,aves,accipitriformes,accipitridae,Culex quinquefasciatus,FALSE,Culex quinquefasciatus,blood_meal,BloodMealMap,Unites States,,,1
Buteo jamaicensis,56263,aves,accipitriformes,accipitridae,Culex stigmatosoma,FALSE,Culex stigmatosoma,blood_meal,BloodMealMap,Unites States,,,1
Buteo jamaicensis,56263,aves,accipitriformes,accipitridae,Culex tarsalis,FALSE,Culex tarsalis,blood_meal,BloodMealMap,Unites States,,,3
Buteo lineatus,223475,aves,accipitriformes,accipitridae,Culex stigmatosoma,FALSE,Culex stigmatosoma,blood_meal,BloodMealMap,Unites States,,,1
Buteo lineatus,223475,aves,accipitriformes,accipitridae,Culex tarsalis,FALSE,Culex tarsalis,blood_meal,BloodMealMap,Unites States,,,1
Buteo lineatus,223475,aves,accipitriformes,accipitridae,Culex thriambus,FALSE,Culex thriambus,blood_meal,BloodMealMap,Unites States,,,1
Buteo swainsoni,156757,aves,accipitriformes,accipitridae,Culex tarsalis,FALSE,Culex tarsalis,blood_meal,BloodMealMap,Unites States,,,1
Butorides striata,433628,aves,pelecaniformes,ardeidae,Culex sitiens,FALSE,Culex sitiens,blood_meal,BloodMealMap,Australia,,,1
Butorides virescens,110671,,,,Aedes taeniorhynchus,FALSE,Aedes taeniorhynchus,blood_meal,BloodMealMap,Puerto Rico,,,1
Butorides virescens,110671,,,,Aedes tortilis,FALSE,Aedes tortilis,blood_meal,BloodMealMap,Puerto Rico,,,1
Butorides virescens,110671,,,,Anopheles punctipennis,FALSE,Anopheles punctipennis,blood_meal,BloodMealMap,Unites States,,,1
Butorides virescens,110671,,,,Culex erraticus,FALSE,Culex erraticus,blood_meal,BloodMealMap,Unites States,,,4
Butorides virescens,110671,,,,Culex iolambdis,FALSE,Culex iolambdis,blood_meal,BloodMealMap,Unites States,,,1
Butorides virescens,110671,,,,Culex peccator,FALSE,Culex peccator,blood_meal,BloodMealMap,Unites States,,,1
Butorides virescens,110671,,,,Culex pipiens,FALSE,Culex pipiens,blood_meal,BloodMealMap,Unites States,,,4
Butorides virescens,110671,,,,Culex quinquefasciatus,FALSE,Culex quinquefasciatus,blood_meal,BloodMealMap,Unites States,,,1
Butorides virescens,110671,,,,Culex restuans,FALSE,Culex restuans,blood_meal,BloodMealMap,Unites States,,,1
Butorides virescens,110671,,,,Culex stigmatosoma,FALSE,Culex stigmatosoma,blood_meal,BloodMealMap,Unites States,,,1
Butorides virescens,110671,,,,Culex tarsalis,FALSE,Culex tarsalis,blood_meal,BloodMealMap,Unites States,,,4
Butorides virescens,110671,,,,Culiseta melanura,FALSE,Culiseta melanura,blood_meal,BloodMealMap,Unites States,,,2
Cairina moschata,8855,aves,anseriformes,anatidae,Aedes vexans,FALSE,Aedes vexans,blood_meal,BloodMealMap,Unites States,,,1
Cairina moschata,8855,aves,anseriformes,anatidae,Culex quinquefasciatus,FALSE,Culex quinquefasciatus,blood_meal,BloodMealMap,Unites States,,,1
Caluromys philander,70610,mammalia,didelphimorphia,didelphidae,Culex caudelli,FALSE,Culex caudelli,blood_meal,BloodMealMap,Trinidad & Tobago,,,1
Caluromys philander,70610,mammalia,didelphimorphia,didelphidae,Culex nigripalpus,FALSE,Culex nigripalpus,blood_meal,BloodMealMap,Trinidad & Tobago,,,1
Camelus bactrianus,9837,,,,Aedes vexans,FALSE,Aedes vexans,blood_meal,BloodMealMap,Unites States,,,1
Camelus dromedarius,9838,mammalia,artiodactyla,camelidae,Aedes mcintoshi,FALSE,Aedes mcintoshi,blood_meal,BloodMealMap,Kenya,,,1
Camelus dromedarius,9838,mammalia,artiodactyla,camelidae,Aedes ochraceus,FALSE,Aedes ochraceus,blood_meal,BloodMealMap,Kenya,,,1
Camelus dromedarius,9838,mammalia,artiodactyla,camelidae,Aedes vexans,FALSE,Aedes vexans,blood_meal,BloodMealMap,Unites States,,,1
Canis adustus,68723,,,,Haemaphysalis aciculifer,FALSE,Haemaphysalis aciculifer,on_host_occurrence,TickMap,Zimbabwe,,,6
Canis adustus,68723,,,,Haemaphysalis leachi,FALSE,Haemaphysalis leachi,on_host_occurrence,TickMap,"Congo, The Democratic Republic of The; Zambia",,,5
Canis adustus,68723,,,,Haemaphysalis moreli,FALSE,Haemaphysalis moreli,on_host_occurrence,TickMap,Kenya,,,3
Canis adustus,68723,,,,Haemaphysalis paraleachi,FALSE,Haemaphysalis paraleachi,on_host_occurrence,TickMap,Sudan; Zambia,,,2
Canis adustus,68723,,,,Haemaphysalis spinulosa,FALSE,Haemaphysalis spinulosa,on_host_occurrence,TickMap,Zambia,,,1
Canis adustus,68723,,,,Rhipicentor bicornis,FALSE,Rhipicentor bicornis,on_host_occurrence,TickMap,"Congo, The Democratic Republic of The",,,1
Canis adustus,68723,,,,Rhipicephalus longus,FALSE,Rhipicephalus longus,on_host_occurrence,TickMap,"Congo, The Democratic Republic of The",,,2
Canis adustus,68723,,,,Rhipicephalus planus,FALSE,Rhipicephalus planus,on_host_occurrence,TickMap,"Congo, The Democratic Republic of The",,,1
Canis adustus,68723,,,,Rhipicephalus sanguineus,FALSE,Rhipicephalus sanguineus,on_host_occurrence,TickMap,"Congo, The Democratic Republic of The; Zambia",,,4
Canis adustus,68723,,,,Rhipicephalus simus,FALSE,Rhipicephalus simus,on_host_occurrence,TickMap,Zambia,,,1
Canis adustus,68723,,,,Rhipicephalus tricuspis,FALSE,Rhipicephalus tricuspis,on_host_occurrence,TickMap,"Congo, The Democratic Republic of The",,,2
Canis aureus,68724,mammalia,carnivora,canidae,Amblyomma variegatum,FALSE,Amblyomma variegatum,on_host_occurrence,TickMap,Burkina Faso; Sudan,,,2
Canis aureus,68724,mammalia,carnivora,canidae,Haemaphysalis leachi,FALSE,Haemaphysalis leachi,on_host_occurrence,TickMap,Kenya; Sudan,,,2
Canis aureus,68724,mammalia,carnivora,canidae,Haemaphysalis paraleachi,FALSE,Haemaphysalis paraleachi,on_host_occurrence,TickMap,Sudan,,,1
Canis aureus,68724,mammalia,carnivora,canidae,Haemaphysalis spinulosa,FALSE,Haemaphysalis spinulosa,on_host_occurrence,TickMap,Sudan,,,1
Canis aureus,68724,mammalia,carnivora,canidae,Rhipicephalus pravus,FALSE,Rhipicephalus pravus,on_host_occurrence,TickMap,Sudan,,,1
Canis aureus,68724,mammalia,carnivora,canidae,Rhipicephalus sanguineus,FALSE,Rhipicephalus sanguineus,on_host_occurrence,TickMap,Morocco,,,1
Canis aureus,68724,mammalia,carnivora,canidae,Rhipicephalus simus,FALSE,Rhipicephalus simus,on_host_occurrence,TickMap,Sudan,,,1
Canis aureus,68724,mammalia,carnivora,canidae,Rhipicephalus sulcatus,FALSE,Rhipicephalus sulcatus,on_host_occurrence,TickMap,Burkina Faso,,,1
Canis latrans,9614,mammalia,carnivora,canidae,Aedes canadensis,FALSE,Aedes canadensis,blood_meal,BloodMealMap,Unites States,,,1
Canis latrans,9614,mammalia,carnivora,canidae,Aedes thibaulti,FALSE,Aedes thibaulti,blood_meal,BloodMealMap,Unites States,,,1
Canis latrans,9614,mammalia,carnivora,canidae,Aedes trivittatus,FALSE,Aedes trivittatus,blood_meal,BloodMealMap,Unites States,,,1
Canis latrans,9614,mammalia,carnivora,canidae,Aedes vexans,FALSE,Aedes vexans,blood_meal,BloodMealMap,Unites States,,,1
Canis latrans,9614,mammalia,carnivora,canidae,Amblyomma americanum,FALSE,Amblyomma americanum,on_host_occurrence,TickMap,United States of America,,,47
Canis latrans,9614,mammalia,carnivora,canidae,Amblyomma maculatum,FALSE,Amblyomma maculatum,on_host_occurrence,TickMap,United States of America,,Rickettsia parkeri,40
Canis latrans,9614,mammalia,carnivora,canidae,Anopheles franciscanus,FALSE,Anopheles franciscanus,blood_meal,BloodMealMap,Unites States,,,1
Canis latrans,9614,mammalia,carnivora,canidae,Coquillettidia perturbans,FALSE,Coquillettidia perturbans,blood_meal,BloodMealMap,Unites States,,,1
Canis latrans,9614,mammalia,carnivora,canidae,Ctenocephalides canis,FALSE,Ctenocephalides canis,on_host_occurrence,FleaMap,United States,,,31
Canis latrans,9614,mammalia,carnivora,canidae,Ctenocephalides felis,FALSE,Ctenocephalides felis,on_host_occurrence,FleaMap,United States,,,1
Canis latrans,9614,mammalia,carnivora,canidae,Culex pipiens,FALSE,Culex pipiens,blood_meal,BloodMealMap,Unites States,,,2
Canis latrans,9614,mammalia,carnivora,canidae,Culex quinquefasciatus,FALSE,Culex quinquefasciatus,blood_meal,BloodMealMap,Unites States,,,1
Canis latrans,9614,mammalia,carnivora,canidae,Culex salinarius,FALSE,Culex salinarius,blood_meal,BloodMealMap,Unites States,,,1
Canis latrans,9614,mammalia,carnivora,canidae,Dermacentor albipictus,FALSE,Dermacentor albipictus,on_host_occurrence,TickMap,United States of America,,,8
Canis latrans,9614,mammalia,carnivora,canidae,Dermacentor variabilis,FALSE,Dermacentor variabilis,on_host_occurrence,TickMap,United States of America,,Borellia spp.,60
Canis latrans,9614,mammalia,carnivora,canidae,Ixodes cookei,FALSE,Ixodes cookei,on_host_occurrence,TickMap,United States of America,,,16
Canis latrans,9614,mammalia,carnivora,canidae,Ixodes pacificus,FALSE,Ixodes pacificus,on_host_occurrence,TickMap,United States of America,,,12
Canis latrans,9614,mammalia,carnivora,canidae,Ixodes scapularis,FALSE,Ixodes scapularis,on_host_occurrence,TickMap,United States of America,,,4
Canis latrans,9614,mammalia,carnivora,canidae,Oropsylla tuberculata,TRUE,Oropsylla tuberculata cynomuris,on_host_occurrence,FleaMap,United States,,,1
Canis latrans,9614,mammalia,carnivora,canidae,Otobius megnini,FALSE,Otobius megnini,on_host_occurrence,TickMap,United States,,,1
Canis lupus,9612,mammalia,carnivora,canidae,Aedeomyia africana,FALSE,Aedeomyia africana,blood_meal,BloodMealMap,Kenya,,,1
Canis lupus,9612,mammalia,carnivora,canidae,Aedes aegypti,FALSE,Aedes aegypti,blood_meal,BloodMealMap,Australia; Kenya; Unites States,,,6
Canis lupus,9612,mammalia,carnivora,canidae,Aedes albopictus,FALSE,Aedes albopictus,blood_meal,BloodMealMap,Brazil; Japan; Singapore; Unites States,,,9
Canis lupus,9612,mammalia,carnivora,canidae,Aedes atlanticus,FALSE,Aedes atlanticus,blood_meal,BloodMealMap,Unites States,,,1
Canis lupus,9612,mammalia,carnivora,canidae,Aedes bancroftianus,FALSE,Aedes bancroftianus,blood_meal,BloodMealMap,Australia,,,1
Canis lupus,9612,mammalia,carnivora,canidae,Aedes caspius,FALSE,Aedes caspius,blood_meal,BloodMealMap,Russia,,,1
Canis lupus,9612,mammalia,carnivora,canidae,Aedes circumluteolum,FALSE,Aedes circumluteolum,blood_meal,BloodMealMap,Kenya,,,1
Canis lupus,9612,mammalia,carnivora,canidae,Aedes cumminsii,FALSE,Aedes cumminsii,blood_meal,BloodMealMap,Kenya,,,1
Canis lupus,9612,mammalia,carnivora,canidae,Aedes dentatus,FALSE,Aedes dentatus,blood_meal,BloodMealMap,South Africa,,,1
Canis lupus,9612,mammalia,carnivora,canidae,Aedes dorsalis,FALSE,Aedes dorsalis,blood_meal,BloodMealMap,Unites States,,,2
Canis lupus,9612,mammalia,carnivora,canidae,Aedes flavescens,FALSE,Aedes flavescens,blood_meal,BloodMealMap,Unites States,,,1
Canis lupus,9612,mammalia,carnivora,canidae,Aedes fluviatilis,FALSE,Aedes fluviatilis,blood_meal,BloodMealMap,Brazil,,,1
Canis lupus,9612,mammalia,carnivora,canidae,Aedes japonicus,FALSE,Aedes japonicus,blood_meal,BloodMealMap,Switzerland,,,1
Canis lupus,9612,mammalia,carnivora,canidae,Aedes lineatopennis,FALSE,Aedes lineatopennis,blood_meal,BloodMealMap,Australia; South Africa,,,2
Canis lupus,9612,mammalia,carnivora,canidae,Aedes melanimon,FALSE,Aedes melanimon,blood_meal,BloodMealMap,Unites States,,,1
Canis lupus,9612,mammalia,carnivora,canidae,Aedes metallicus,FALSE,Aedes metallicus,blood_meal,BloodMealMap,Kenya,,,1
Canis lupus,9612,mammalia,carnivora,canidae,Aedes notoscriptus,FALSE,Aedes notoscriptus,blood_meal,BloodMealMap,Australia,,,1
Canis lupus,9612,mammalia,carnivora,canidae,Aedes procax,FALSE,Aedes procax,blood_meal,BloodMealMap,Australia,,,1
Canis lupus,9612,mammalia,carnivora,canidae,Aedes riparius,FALSE,Aedes riparius,blood_meal,BloodMealMap,Hungary,,,1
Canis lupus,9612,mammalia,carnivora,canidae,Aedes scapularis,FALSE,Aedes scapularis,blood_meal,BloodMealMap,Brazil,,,3
Canis lupus,9612,mammalia,carnivora,canidae,Aedes serratus,FALSE,Aedes serratus,blood_meal,BloodMealMap,Brazil,,,1
Canis lupus,9612,mammalia,carnivora,canidae,Aedes sierrensis,FALSE,Aedes sierrensis,blood_meal,BloodMealMap,Unites States,,,2
Canis lupus,9612,mammalia,carnivora,canidae,Aedes sollicitans,FALSE,Aedes sollicitans,blood_meal,BloodMealMap,Unites States,,,1
Canis lupus,9612,mammalia,carnivora,canidae,Aedes triseriatus,FALSE,Aedes triseriatus,blood_meal,BloodMealMap,Unites States,,,4
Canis lupus,9612,mammalia,carnivora,canidae,Aedes trivittatus,FALSE,Aedes trivittatus,blood_meal,BloodMealMap,Unites States,,,1
Canis lupus,9612,mammalia,carnivora,canidae,Aedes vexans,FALSE,Aedes vexans,blood_meal,BloodMealMap,Hungary; Russia; Serbia; Unites States,,,13
Canis lupus,9612,mammalia,carnivora,canidae,Aedes vigilax,FALSE,Aedes vigilax,blood_meal,BloodMealMap,Australia,,,3
Canis lupus,9612,mammalia,carnivora,canidae,Aedes vittiger,FALSE,Aedes vittiger,blood_meal,BloodMealMap,Australia,,,1
Canis lupus,9612,mammalia,carnivora,canidae,Amblyomma americanum,FALSE,Amblyomma americanum,on_host_occurrence,TickMap,United States of America,,Borrelia burgdorferi; R. rhipicephali; R. Rickettsii,480
Canis lupus,9612,mammalia,carnivora,canidae,Amblyomma hebraeum,FALSE,Amblyomma hebraeum,on_host_occurrence,TickMap,Mozambique,,,1
Canis lupus,9612,mammalia,carnivora,canidae,Amblyomma lepidum,FALSE,Amblyomma lepidum,on_host_occurrence,TickMap,Sudan,,,2
Canis lupus,9612,mammalia,carnivora,canidae,Amblyomma maculatum,FALSE,Amblyomma maculatum,on_host_occurrence,TickMap,Peru; United States of America,,,165
Canis lupus,9612,mammalia,carnivora,canidae,Amblyomma nuttalli,FALSE,Amblyomma nuttalli,on_host_occurrence,TickMap,Burkina Faso; Cote D'Ivoire,,,2
Canis lupus,9612,mammalia,carnivora,canidae,Amblyomma sparsum,FALSE,Amblyomma sparsum,on_host_occurrence,TickMap,Zambia,,,10
Canis lupus,9612,mammalia,carnivora,canidae,Amblyomma testudinarium,FALSE,Amblyomma testudinarium,on_host_occurrence,TickMap,LAO PEOPLE'S DEMOCRATIC REPUBLIC,,,1
Canis lupus,9612,mammalia,carnivora,canidae,Amblyomma triguttatum,FALSE,Amblyomma triguttatum,on_host_occurrence,TickMap,Australia,,,4
Canis lupus,9612,mammalia,carnivora,canidae,Amblyomma tuberculatum,FALSE,Amblyomma tuberculatum,on_host_occurrence,TickMap,United States of America,,,8
Canis lupus,9612,mammalia,carnivora,canidae,Amblyomma variegatum,FALSE,Amblyomma variegatum,on_host_occurrence,TickMap,"Benin; Burkina Faso; Congo, The Democratic Republic of The; Cote D'Ivoire; Guinea; Nigeria; Senegal; South Africa; Sudan",,,32
Canis lupus,9612,mammalia,carnivora,canidae,Anopheles albimanus,FALSE,Anopheles albimanus,blood_meal,BloodMealMap,Belize,,,2
Canis lupus,9612,mammalia,carnivora,canidae,Anopheles amictus,FALSE,Anopheles amictus,blood_meal,BloodMealMap,Australia,,,1
Canis lupus,9612,mammalia,carnivora,canidae,Anopheles annulipes,FALSE,Anopheles annulipes,blood_meal,BloodMealMap,Australia,,,3
Canis lupus,9612,mammalia,carnivora,canidae,Anopheles apoci,FALSE,Anopheles apoci,blood_meal,BloodMealMap,Iran,,,1
Canis lupus,9612,mammalia,carnivora,canidae,Anopheles arabiensis,FALSE,Anopheles arabiensis,blood_meal,BloodMealMap,Madagascar,,,1
Canis lupus,9612,mammalia,carnivora,canidae,Anopheles atroparvus,FALSE,Anopheles atroparvus,blood_meal,BloodMealMap,ESP,,,1
Canis lupus,9612,mammalia,carnivora,canidae,Anopheles bancroftii,FALSE,Anopheles bancroftii,blood_meal,BloodMealMap,Australia,,,1
Canis lupus,9612,mammalia,carnivora,canidae,Anopheles coustani,FALSE,Anopheles coustani,blood_meal,BloodMealMap,Kenya; Madagascar,,,3
Canis lupus,9612,mammalia,carnivora,canidae,Anopheles crucians,FALSE,Anopheles crucians,blood_meal,BloodMealMap,Unites States,,,1
Canis lupus,9612,mammalia,carnivora,canidae,Anopheles darlingi,FALSE,Anopheles darlingi,blood_meal,BloodMealMap,Brazil; Peru,,,4
Canis lupus,9612,mammalia,carnivora,canidae,Anopheles farauti,FALSE,Anopheles farauti,blood_meal,BloodMealMap,Papua New Guinea,,,2
Canis lupus,9612,mammalia,carnivora,canidae,Anopheles freeborni,FALSE,Anopheles freeborni,blood_meal,BloodMealMap,Unites States,,,5
Canis lupus,9612,mammalia,carnivora,canidae,Anopheles funestus,FALSE,Anopheles funestus,blood_meal,BloodMealMap,Madagascar; Tanzania,,,2
Canis lupus,9612,mammalia,carnivora,canidae,Anopheles gambiae,FALSE,Anopheles gambiae,blood_meal,BloodMealMap,Kenya; Tanzania,,,6
Canis lupus,9612,mammalia,carnivora,canidae,Anopheles koliensis,FALSE,Anopheles koliensis,blood_meal,BloodMealMap,Papua New Guinea,,,1
Canis lupus,9612,mammalia,carnivora,canidae,Anopheles longipalpis,FALSE,Anopheles longipalpis,blood_meal,BloodMealMap,Zambia,,,1
Canis lupus,9612,mammalia,carnivora,canidae,Anopheles maculipalpis,FALSE,Anopheles maculipalpis,blood_meal,BloodMealMap,Madagascar,,,1
Canis lupus,9612,mammalia,carnivora,canidae,Anopheles maculipennis,FALSE,Anopheles maculipennis,blood_meal,BloodMealMap,Hungary,,,1
Canis lupus,9612,mammalia,carnivora,canidae,Anopheles marajoara,FALSE,Anopheles marajoara,blood_meal,BloodMealMap,Brazil,,,3
Canis lupus,9612,mammalia,carnivora,canidae,Anopheles marteri,FALSE,Anopheles marteri,blood_meal,BloodMealMap,Iran,,,1
Canis lupus,9612,mammalia,carnivora,canidae,Anopheles mascarensis,FALSE,Anopheles mascarensis,blood_meal,BloodMealMap,Madagascar,,,1
Canis lupus,9612,mammalia,carnivora,canidae,Anopheles messeae,FALSE,Anopheles messeae,blood_meal,BloodMealMap,Russia; United Kingdom,,,3
Canis lupus,9612,mammalia,carnivora,canidae,Anopheles nuneztovari,FALSE,Anopheles nuneztovari,blood_meal,BloodMealMap,Brazil,,,3
Canis lupus,9612,mammalia,carnivora,canidae,Anopheles peryassui,FALSE,Anopheles peryassui,blood_meal,BloodMealMap,Brazil,,,1
Canis lupus,9612,mammalia,carnivora,canidae,Anopheles pretoriensis,FALSE,Anopheles pretoriensis,blood_meal,BloodMealMap,Madagascar,,,1
Canis lupus,9612,mammalia,carnivora,canidae,Anopheles punctimacula,FALSE,Anopheles punctimacula,blood_meal,BloodMealMap,Belize,,,1
Canis lupus,9612,mammalia,carnivora,canidae,Anopheles punctipennis,FALSE,Anopheles punctipennis,blood_meal,BloodMealMap,Unites States,,,3
Canis lupus,9612,mammalia,carnivora,canidae,Anopheles quadrimaculatus,FALSE,Anopheles quadrimaculatus,blood_meal,BloodMealMap,Unites States,,,2
Canis lupus,9612,mammalia,carnivora,canidae,Anopheles rufipes,FALSE,Anopheles rufipes,blood_meal,BloodMealMap,Madagascar,,,1
Canis lupus,9612,mammalia,carnivora,canidae,Anopheles sinensis,FALSE,Anopheles sinensis,blood_meal,BloodMealMap,Japan,,,1
Canis lupus,9612,mammalia,carnivora,canidae,Anopheles squamosus,FALSE,Anopheles squamosus,blood_meal,BloodMealMap,Madagascar,,,1
Canis lupus,9612,mammalia,carnivora,canidae,Anopheles strodei,FALSE,Anopheles strodei,blood_meal,BloodMealMap,Brazil,,,1
Canis lupus,9612,mammalia,carnivora,canidae,Anopheles triannulatus,FALSE,Anopheles triannulatus,blood_meal,BloodMealMap,Brazil,,,2
Canis lupus,9612,mammalia,carnivora,canidae,Anopheles vestitipennis,FALSE,Anopheles vestitipennis,blood_meal,BloodMealMap,Belize,,,3
Canis lupus,9612,mammalia,carnivora,canidae,Carios kelleyi,FALSE,Carios kelleyi,on_host_occurrence,TickMap,United States of America,,,1
Canis lupus,9612,mammalia,carnivora,canidae,Coquillettidia fuscopennata,FALSE,Coquillettidia fuscopennata,blood_meal,BloodMealMap,Kenya,,,1
Canis lupus,9612,mammalia,carnivora,canidae,Coquillettidia linealis,FALSE,Coquillettidia linealis,blood_meal,BloodMealMap,Australia,,,1
Canis lupus,9612,mammalia,carnivora,canidae,Coquillettidia perturbans,FALSE,Coquillettidia perturbans,blood_meal,BloodMealMap,Unites States,,,3
Canis lupus,9612,mammalia,carnivora,canidae,Coquillettidia richiardii,FALSE,Coquillettidia richiardii,blood_meal,BloodMealMap,Russia,,,1
Canis lupus,9612,mammalia,carnivora,canidae,Coquillettidia shannoni,FALSE,Coquillettidia shannoni,blood_meal,BloodMealMap,Brazil,,,1
Canis lupus,9612,mammalia,carnivora,canidae,Coquillettidia venezuelensis,FALSE,Coquillettidia venezuelensis,blood_meal,BloodMealMap,Brazil,,,1
Canis lupus,9612,mammalia,carnivora,canidae,Coquillettidia xanthogaster,FALSE,Coquillettidia xanthogaster,blood_meal,BloodMealMap,Australia,,,1
Canis lupus,9612,mammalia,carnivora,canidae,Ctenocephalides canis,FALSE,Ctenocephalides canis,on_host_occurrence,FleaMap,Brazil; Ethiopia; France; Germany; Guatemala; Japan; Myanmar; Netherlands; Peru; Tunisia; Turkey; United Kingdom; United States,,,98
Canis lupus,9612,mammalia,carnivora,canidae,Ctenocephalides felis,FALSE,Ctenocephalides felis; Ctenocephalides felis felis,on_host_occurrence,FleaMap,"Bahamas; Brazil; Costa Rica; Dominican Republic; Egypt; Kenya; Liberia; Malaysia; Marshall Islands; Northern Mariana Islands; Paraguay; Philippines; Saint Helena; Tunisia; United States; Uruguay; Virgin Islands, U.S",,Rickettsia,136
Canis lupus,9612,mammalia,carnivora,canidae,Culex annulirostris,FALSE,Culex annulirostris,blood_meal,BloodMealMap,Australia; Papua New Guinea,,,25
Canis lupus,9612,mammalia,carnivora,canidae,Culex antennatus,FALSE,Culex antennatus,blood_meal,BloodMealMap,Egypt,,,1
Canis lupus,9612,mammalia,carnivora,canidae,Culex bitaeniorhynchus,FALSE,Culex bitaeniorhynchus,blood_meal,BloodMealMap,Australia; India,,,2
Canis lupus,9612,mammalia,carnivora,canidae,Culex caudelli,FALSE,Culex caudelli,blood_meal,BloodMealMap,Trinidad & Tobago,,,1
Canis lupus,9612,mammalia,carnivora,canidae,Culex chaetoventralis,FALSE,Culex chaetoventralis,blood_meal,BloodMealMap,Unites States,,,1
Canis lupus,9612,mammalia,carnivora,canidae,Culex cheesmanae,FALSE,Culex cheesmanae,blood_meal,BloodMealMap,Unites States,,,1
Canis lupus,9612,mammalia,carnivora,canidae,Culex cylindricus,FALSE,Culex cylindricus,blood_meal,BloodMealMap,Australia,,,1
Canis lupus,9612,mammalia,carnivora,canidae,Culex declarator,FALSE,Culex declarator,blood_meal,BloodMealMap,Trinidad & Tobago,,,1
Canis lupus,9612,mammalia,carnivora,canidae,Culex gelidus,FALSE,Culex gelidus,blood_meal,BloodMealMap,India; Singapore,,,4
Canis lupus,9612,mammalia,carnivora,canidae,Culex hilli,FALSE,Culex hilli,blood_meal,BloodMealMap,Australia,,,1
Canis lupus,9612,mammalia,carnivora,canidae,Culex modestus,FALSE,Culex modestus,blood_meal,BloodMealMap,Russia,,,1
Canis lupus,9612,mammalia,carnivora,canidae,Culex molestus,FALSE,Culex molestus,blood_meal,BloodMealMap,Australia,,,1
Canis lupus,9612,mammalia,carnivora,canidae,Culex neavei,FALSE,Culex neavei,blood_meal,BloodMealMap,Kenya,,,1
Canis lupus,9612,mammalia,carnivora,canidae,Culex nigripalpus,FALSE,Culex nigripalpus,blood_meal,BloodMealMap,Brazil; Trinidad & Tobago,,,2
Canis lupus,9612,mammalia,carnivora,canidae,Culex perexiguus,FALSE,Culex perexiguus,blood_meal,BloodMealMap,ESP; Iran; Israel,,,4
Canis lupus,9612,mammalia,carnivora,canidae,Culex pipiens,FALSE,Culex pipiens,blood_meal,BloodMealMap,Egypt; ESP; Iran; Israel; Kenya; Russia; South Africa; Unites States,,,19
Canis lupus,9612,mammalia,carnivora,canidae,Culex pseudovishnui,FALSE,Culex pseudovishnui,blood_meal,BloodMealMap,India,,,2
Canis lupus,9612,mammalia,carnivora,canidae,Culex quinquefasciatus,FALSE,Culex quinquefasciatus,blood_meal,BloodMealMap,Australia; Brazil; India; Japan; Malaysia; Mexico; Tanzania; Unites States,,,26
Canis lupus,9612,mammalia,carnivora,canidae,Culex salinarius,FALSE,Culex salinarius,blood_meal,BloodMealMap,Unites States,,,3
Canis lupus,9612,mammalia,carnivora,canidae,Culex shanahani,FALSE,Culex shanahani,blood_meal,BloodMealMap,Japan,,,1
Canis lupus,9612,mammalia,carnivora,canidae,Culex sitiens,FALSE,Culex sitiens,blood_meal,BloodMealMap,Australia; Iran; Singapore,,,6
Canis lupus,9612,mammalia,carnivora,canidae,Culex spissipes,FALSE,Culex spissipes,blood_meal,BloodMealMap,Trinidad & Tobago,,,1
Canis lupus,9612,mammalia,carnivora,canidae,Culex steffani,FALSE,Culex steffani,blood_meal,BloodMealMap,Japan,,,1
Canis lupus,9612,mammalia,carnivora,canidae,Culex stigmatosoma,FALSE,Culex stigmatosoma,blood_meal,BloodMealMap,Unites States,,,1
Canis lupus,9612,mammalia,carnivora,canidae,Culex tarsalis,FALSE,Culex tarsalis,blood_meal,BloodMealMap,Unites States,,,10
Canis lupus,9612,mammalia,carnivora,canidae,Culex theileri,FALSE,Culex theileri,blood_meal,BloodMealMap,ESP; Iran; South Africa,,,5
Canis lupus,9612,mammalia,carnivora,canidae,Culex tritaeniorhynchus,FALSE,Culex tritaeniorhynchus,blood_meal,BloodMealMap,India; Japan; Singapore,,,4
Canis lupus,9612,mammalia,carnivora,canidae,Culex uniformis,FALSE,Culex uniformis,blood_meal,BloodMealMap,Unites States,,,1
Canis lupus,9612,mammalia,carnivora,canidae,Culex univittatus,FALSE,Culex univittatus,blood_meal,BloodMealMap,Kenya; South Africa,,,5
Canis lupus,9612,mammalia,carnivora,canidae,Culex vishnui,FALSE,Culex vishnui,blood_meal,BloodMealMap,India; Singapore,,,6
Canis lupus,9612,mammalia,carnivora,canidae,Culex winkleri,FALSE,Culex winkleri,blood_meal,BloodMealMap,Unites States,,,1
Canis lupus,9612,mammalia,carnivora,canidae,Culiseta inornata,FALSE,Culiseta inornata,blood_meal,BloodMealMap,Unites States,,,1
Canis lupus,9612,mammalia,carnivora,canidae,Culiseta melanura,FALSE,Culiseta melanura,blood_meal,BloodMealMap,Unites States,,,1
Canis lupus,9612,mammalia,carnivora,canidae,Deinocerites cancer,FALSE,Deinocerites cancer,blood_meal,BloodMealMap,Panama,,,1
Canis lupus,9612,mammalia,carnivora,canidae,Deinocerites dyari,FALSE,Deinocerites dyari,blood_meal,BloodMealMap,Panama,,,1
Canis lupus,9612,mammalia,carnivora,canidae,Deinocerites epitedeus,FALSE,Deinocerites epitedeus,blood_meal,BloodMealMap,Panama,,,1
Canis lupus,9612,mammalia,carnivora,canidae,Deinocerites pseudes,FALSE,Deinocerites pseudes,blood_meal,BloodMealMap,Panama,,,1
Canis lupus,9612,mammalia,carnivora,canidae,Dermacentor albipictus,FALSE,Dermacentor albipictus,on_host_occurrence,TickMap,United States of America,,,8
Canis lupus,9612,mammalia,carnivora,canidae,Dermacentor marginatus,FALSE,Dermacentor marginatus,on_host_occurrence,TickMap,Georgia,,,4
Canis lupus,9612,mammalia,carnivora,canidae,Dermacentor variabilis,FALSE,Dermacentor variabilis,on_host_occurrence,TickMap,United States of America,,Borrelia burgdorferi; R. rhipicephali; R. Rickettsii; Rickettsia spp.,320
Canis lupus,9612,mammalia,carnivora,canidae,Echidnophaga gallinacea,FALSE,Echidnophaga gallinacea,on_host_occurrence,FleaMap,Kenya; United States,,Rickettsia,9
Canis lupus,9612,mammalia,carnivora,canidae,Haemagogus janthinomys,FALSE,Haemagogus janthinomys,blood_meal,BloodMealMap,Brazil,,,8
Canis lupus,9612,mammalia,carnivora,canidae,Haemaphysalis aciculifer,FALSE,Haemaphysalis aciculifer,on_host_occurrence,TickMap,Cote D'Ivoire; Zimbabwe,,,7
Canis lupus,9612,mammalia,carnivora,canidae,Haemaphysalis bancrofti,FALSE,Haemaphysalis bancrofti,on_host_occurrence,TickMap,Australia,,,3
Canis lupus,9612,mammalia,carnivora,canidae,Haemaphysalis flava,FALSE,Haemaphysalis flava,on_host_occurrence,TickMap,"Korea, Republic of; South Korea",,neg,13
Canis lupus,9612,mammalia,carnivora,canidae,Haemaphysalis hoodi,FALSE,Haemaphysalis hoodi,on_host_occurrence,TickMap,Cote D'Ivoire,,,2
Canis lupus,9612,mammalia,carnivora,canidae,Haemaphysalis indica,FALSE,Haemaphysalis indica,on_host_occurrence,TickMap,Malawi,,,1
Canis lupus,9612,mammalia,carnivora,canidae,Haemaphysalis leachi,FALSE,Haemaphysalis leachi,on_host_occurrence,TickMap,"Angola; Benin; Burundi; Congo, The Democratic Republic of The; Cote D'Ivoire; Gambia; Ghana; Guinea; Guinea-Bissau; Kenya; Rwanda; Sierra Leone; South Africa; Sudan; Uganda; Zambia",,,114
Canis lupus,9612,mammalia,carnivora,canidae,Haemaphysalis leporispalustris,FALSE,Haemaphysalis leporispalustris,on_host_occurrence,TickMap,United States of America,,,16
Canis lupus,9612,mammalia,carnivora,canidae,Haemaphysalis longicornis,FALSE,Haemaphysalis longicornis,on_host_occurrence,TickMap,Australia; South Korea; United States of America,,neg,106
Canis lupus,9612,mammalia,carnivora,canidae,Haemaphysalis moreli,FALSE,Haemaphysalis moreli,on_host_occurrence,TickMap,Uganda,,,1
Canis lupus,9612,mammalia,carnivora,canidae,Haemaphysalis paraleachi,FALSE,Haemaphysalis paraleachi,on_host_occurrence,TickMap,"Burundi; Cameroon; Central African Republic; Congo, The Democratic Republic of The; Cote D'Ivoire; Ethiopia; Kenya; Sierra Leone; Sudan; Tanzania, United Republic of; Uganda",,,21
Canis lupus,9612,mammalia,carnivora,canidae,Haemaphysalis parmata,FALSE,Haemaphysalis parmata,on_host_occurrence,TickMap,Central African Republic; Cote D'Ivoire,,,8
Canis lupus,9612,mammalia,carnivora,canidae,Haemaphysalis parva,FALSE,Haemaphysalis parva,on_host_occurrence,TickMap,Georgia,,,4
Canis lupus,9612,mammalia,carnivora,canidae,Haemaphysalis punctata,FALSE,Haemaphysalis punctata,on_host_occurrence,TickMap,Georgia,,,12
Canis lupus,9612,mammalia,carnivora,canidae,Haemaphysalis rugosa,FALSE,Haemaphysalis rugosa,on_host_occurrence,TickMap,Central African Republic,,,1
Canis lupus,9612,mammalia,carnivora,canidae,Haemaphysalis spinulosa,FALSE,Haemaphysalis spinulosa,on_host_occurrence,TickMap,Mali; Sudan; Zambia,,,3
Canis lupus,9612,mammalia,carnivora,canidae,Haemaphysalis sulcata,FALSE,Haemaphysalis sulcata,on_host_occurrence,TickMap,Georgia; Morocco,,,13
Canis lupus,9612,mammalia,carnivora,canidae,Hyalomma aegyptium,FALSE,Hyalomma aegyptium,on_host_occurrence,TickMap,Gambia,,,1
Canis lupus,9612,mammalia,carnivora,canidae,Hyalomma dromedarii,FALSE,Hyalomma dromedarii,on_host_occurrence,TickMap,Georgia; Niger,,,5
Canis lupus,9612,mammalia,carnivora,canidae,Hyalomma excavatum,FALSE,Hyalomma excavatum,on_host_occurrence,TickMap,Morocco,,,1
Canis lupus,9612,mammalia,carnivora,canidae,Hyalomma impeltatum,FALSE,Hyalomma impeltatum,on_host_occurrence,TickMap,Georgia; Niger,,,9
Canis lupus,9612,mammalia,carnivora,canidae,Hyalomma impressum,FALSE,Hyalomma impressum,on_host_occurrence,TickMap,South Africa,,,1
Canis lupus,9612,mammalia,carnivora,canidae,Hyalomma marginatum,FALSE,Hyalomma marginatum,on_host_occurrence,TickMap,Georgia,,,6
Canis lupus,9612,mammalia,carnivora,canidae,Hyalomma truncatum,FALSE,Hyalomma truncatum,on_host_occurrence,TickMap,Gambia,,,1
Canis lupus,9612,mammalia,carnivora,canidae,Ixodes affinis,FALSE,Ixodes affinis,on_host_occurrence,TickMap,United States of America,,,12
Canis lupus,9612,mammalia,carnivora,canidae,Ixodes cavipalpus,FALSE,Ixodes cavipalpus,on_host_occurrence,TickMap,Zambia,,,4
Canis lupus,9612,mammalia,carnivora,canidae,Ixodes cookei,FALSE,Ixodes cookei,on_host_occurrence,TickMap,United States of America,,,65
Canis lupus,9612,mammalia,carnivora,canidae,Ixodes cornuatus,FALSE,Ixodes cornuatus,on_host_occurrence,TickMap,Australia,,,5
Canis lupus,9612,mammalia,carnivora,canidae,Ixodes cumulatimpunctatus,FALSE,Ixodes cumulatimpunctatus,on_host_occurrence,TickMap,"Congo, The Democratic Republic of The; Cote D'Ivoire",,,12
Canis lupus,9612,mammalia,carnivora,canidae,Ixodes holocyclus,FALSE,Ixodes holocyclus,on_host_occurrence,TickMap,Australia,,,60
Canis lupus,9612,mammalia,carnivora,canidae,Ixodes muniensis,FALSE,Ixodes muniensis,on_host_occurrence,TickMap,Cote D'Ivoire,,,8
Canis lupus,9612,mammalia,carnivora,canidae,Ixodes myrmecobii,FALSE,Ixodes myrmecobii,on_host_occurrence,TickMap,Australia,,,2
Canis lupus,9612,mammalia,carnivora,canidae,Ixodes nairobiensis,FALSE,Ixodes nairobiensis,on_host_occurrence,TickMap,Kenya; Sudan,,,2
Canis lupus,9612,mammalia,carnivora,canidae,Ixodes nipponensis,FALSE,Ixodes nipponensis,on_host_occurrence,TickMap,South Korea,,neg; WRAIR,16
Canis lupus,9612,mammalia,carnivora,canidae,Ixodes oldi,FALSE,Ixodes oldi,on_host_occurrence,TickMap,Cote D'Ivoire,,,7
Canis lupus,9612,mammalia,carnivora,canidae,Ixodes pacificus,FALSE,Ixodes pacificus,on_host_occurrence,TickMap,United States of America,,,4
Canis lupus,9612,mammalia,carnivora,canidae,Ixodes rasus,FALSE,Ixodes rasus,on_host_occurrence,TickMap,Cote D'Ivoire,,,5
Canis lupus,9612,mammalia,carnivora,canidae,Ixodes ricinus,FALSE,Ixodes ricinus,on_host_occurrence,TickMap,Georgia,,,6
Canis lupus,9612,mammalia,carnivora,canidae,Ixodes rubicundus,FALSE,Ixodes rubicundus,on_host_occurrence,TickMap,South Africa; Zambia,,,2
Canis lupus,9612,mammalia,carnivora,canidae,Ixodes scapularis,FALSE,Ixodes scapularis,on_host_occurrence,TickMap,United States of America,,Anaplasma phagocytophilum; Babsia sp.; Coinfections; Borellia burgdorferi; Borrelia burgdorferi,106
Canis lupus,9612,mammalia,carnivora,canidae,Ixodes tasmani,FALSE,Ixodes tasmani,on_host_occurrence,TickMap,Australia,,,12
Canis lupus,9612,mammalia,carnivora,canidae,Mansonia africana,FALSE,Mansonia africana,blood_meal,BloodMealMap,Kenya,,,5
Canis lupus,9612,mammalia,carnivora,canidae,Mansonia titillans,FALSE,Mansonia titillans,blood_meal,BloodMealMap,Brazil,,,2
Canis lupus,9612,mammalia,carnivora,canidae,Mansonia uniformis,FALSE,Mansonia uniformis,blood_meal,BloodMealMap,Australia; Kenya; Nigeria,,,4
Canis lupus,9612,mammalia,carnivora,canidae,Ornithodoros moubata,FALSE,Ornithodoros moubata,on_host_occurrence,TickMap,Zambia,,,1
Canis lupus,9612,mammalia,carnivora,canidae,Ornithodoros savignyi,FALSE,Ornithodoros savignyi,on_host_occurrence,TickMap,Chad,,,1
Canis lupus,9612,mammalia,carnivora,canidae,Ornithodoros talaje,FALSE,Ornithodoros talaje,on_host_occurrence,TickMap,Panama,,,1
Canis lupus,9612,mammalia,carnivora,canidae,Otobius megnini,FALSE,Otobius megnini,on_host_occurrence,TickMap,United States; Zimbabwe,,,5
Canis lupus,9612,mammalia,carnivora,canidae,Psorophora albigenu,FALSE,Psorophora albigenu,blood_meal,BloodMealMap,Brazil,,,1
Canis lupus,9612,mammalia,carnivora,canidae,Psorophora ciliata,FALSE,Psorophora ciliata,blood_meal,BloodMealMap,Unites States,,,1
Canis lupus,9612,mammalia,carnivora,canidae,Psorophora cingulata,FALSE,Psorophora cingulata,blood_meal,BloodMealMap,Panama,,,1
Canis lupus,9612,mammalia,carnivora,canidae,Psorophora columbiae,FALSE,Psorophora columbiae,blood_meal,BloodMealMap,Unites States,,,1
Canis lupus,9612,mammalia,carnivora,canidae,Psorophora confinnis,FALSE,Psorophora confinnis,blood_meal,BloodMealMap,Unites States,,,1
Canis lupus,9612,mammalia,carnivora,canidae,Psorophora cyanescens,FALSE,Psorophora cyanescens,blood_meal,BloodMealMap,Unites States,,,1
Canis lupus,9612,mammalia,carnivora,canidae,Psorophora discolor,FALSE,Psorophora discolor,blood_meal,BloodMealMap,Unites States,,,1
Canis lupus,9612,mammalia,carnivora,canidae,Psorophora ferox,FALSE,Psorophora ferox,blood_meal,BloodMealMap,Brazil,,,2
Canis lupus,9612,mammalia,carnivora,canidae,Rhipicentor bicornis,FALSE,Rhipicentor bicornis,on_host_occurrence,TickMap,"Congo, The Democratic Republic of The; Zambia",,,3
Canis lupus,9612,mammalia,carnivora,canidae,Rhipicentor nuttalli,FALSE,Rhipicentor nuttalli,on_host_occurrence,TickMap,Zimbabwe,,,23
Canis lupus,9612,mammalia,carnivora,canidae,Rhipicephalus annulatus,FALSE,Rhipicephalus annulatus,on_host_occurrence,TickMap,Benin; Cote D'Ivoire; Georgia; Morocco,,,11
Canis lupus,9612,mammalia,carnivora,canidae,Rhipicephalus appendiculatus,FALSE,Rhipicephalus appendiculatus,on_host_occurrence,TickMap,"Congo, The Democratic Republic of The; Rwanda; South Africa",,,5
Canis lupus,9612,mammalia,carnivora,canidae,Rhipicephalus bursa,FALSE,Rhipicephalus bursa,on_host_occurrence,TickMap,Georgia,,,1
Canis lupus,9612,mammalia,carnivora,canidae,Rhipicephalus capensis,FALSE,Rhipicephalus capensis,on_host_occurrence,TickMap,"Congo, The Democratic Republic of The; Rwanda",,,2
Canis lupus,9612,mammalia,carnivora,canidae,Rhipicephalus carnivoralis,FALSE,Rhipicephalus carnivoralis,on_host_occurrence,TickMap,"Tanzania, United Republic of",,,1
Canis lupus,9612,mammalia,carnivora,canidae,Rhipicephalus compositus,FALSE,Rhipicephalus compositus,on_host_occurrence,TickMap,Zambia,,,2
Canis lupus,9612,mammalia,carnivora,canidae,Rhipicephalus decoloratus,FALSE,Rhipicephalus decoloratus,on_host_occurrence,TickMap,"Benin; Congo, The Democratic Republic of The; Cote D'Ivoire; Guinea; Senegal; Sudan; Zambia",,,11
Canis lupus,9612,mammalia,carnivora,canidae,Rhipicephalus duttoni,FALSE,Rhipicephalus duttoni,on_host_occurrence,TickMap,"Congo, The Democratic Republic of The",,,1
Canis lupus,9612,mammalia,carnivora,canidae,Rhipicephalus evertsi,FALSE,Rhipicephalus evertsi evertsi,on_host_occurrence,TickMap,"Congo, The Democratic Republic of The; Mali; Sudan",,,4
Canis lupus,9612,mammalia,carnivora,canidae,Rhipicephalus geigyi,FALSE,Rhipicephalus geigyi,on_host_occurrence,TickMap,Cote D'Ivoire; Nigeria; Sierra Leone,,,9
Canis lupus,9612,mammalia,carnivora,canidae,Rhipicephalus haemaphysaloides,FALSE,Rhipicephalus haemaphysaloides,on_host_occurrence,TickMap,LAO PEOPLE'S DEMOCRATIC REPUBLIC,,,1
Canis lupus,9612,mammalia,carnivora,canidae,Rhipicephalus interventus,FALSE,Rhipicephalus interventus,on_host_occurrence,TickMap,Zambia,,,2
Canis lupus,9612,mammalia,carnivora,canidae,Rhipicephalus kochi,FALSE,Rhipicephalus kochi,on_host_occurrence,TickMap,Kenya,,,1
Canis lupus,9612,mammalia,carnivora,canidae,Rhipicephalus longus,FALSE,Rhipicephalus longus,on_host_occurrence,TickMap,"Angola; Cameroon; Congo, The Democratic Republic of The",,,6
Canis lupus,9612,mammalia,carnivora,canidae,Rhipicephalus lunulatus,FALSE,Rhipicephalus lunulatus,on_host_occurrence,TickMap,Angola; Cote D'Ivoire; South Africa,,,6
Canis lupus,9612,mammalia,carnivora,canidae,Rhipicephalus masseyi,FALSE,Rhipicephalus masseyi,on_host_occurrence,TickMap,Malawi,,,1
Canis lupus,9612,mammalia,carnivora,canidae,Rhipicephalus microplus,FALSE,Rhipicephalus microplus,on_host_occurrence,TickMap,Australia,,,1
Canis lupus,9612,mammalia,carnivora,canidae,Rhipicephalus muhsamae,FALSE,Rhipicephalus muhsamae,on_host_occurrence,TickMap,Nigeria,,,1
Canis lupus,9612,mammalia,carnivora,canidae,Rhipicephalus pravus,FALSE,Rhipicephalus pravus,on_host_occurrence,TickMap,Sudan,,,2
Canis lupus,9612,mammalia,carnivora,canidae,Rhipicephalus pulchellus,FALSE,Rhipicephalus pulchellus,on_host_occurrence,TickMap,Ethiopia; Kenya; Somalia,,,3
Canis lupus,9612,mammalia,carnivora,canidae,Rhipicephalus punctatus,FALSE,Rhipicephalus punctatus,on_host_occurrence,TickMap,Zambia,,,1
Canis lupus,9612,mammalia,carnivora,canidae,Rhipicephalus pusillus,FALSE,Rhipicephalus pusillus,on_host_occurrence,TickMap,Georgia,,,8
Canis lupus,9612,mammalia,carnivora,canidae,Rhipicephalus rossicus,FALSE,Rhipicephalus rossicus,on_host_occurrence,TickMap,Georgia,,TBEV; Rickettsia spp,12
Canis lupus,9612,mammalia,carnivora,canidae,Rhipicephalus sanguines,FALSE,Rhipicephalus sanguines,on_host_occurrence,TickMap,United States of America,,,4
Canis lupus,9612,mammalia,carnivora,canidae,Rhipicephalus sanguineus,FALSE,Rhipicephalus sanguineus,on_host_occurrence,TickMap,"Algeria; Angola; Argentina; Australia; Benin; Burkina Faso; Cameroon; Central African Republic; Chad; Congo, The Democratic Republic of The; Cote D'Ivoire; Djibouti; Egypt; Gambia; Georgia; Ghana; Guinea; Kenya; Malawi; Mali; Mexico; Morocco; Niger; Nigeria; Peru; Senegal; Sierra Leone; Somalia; South Africa; Sudan; Tanzania, United Republic of; Tunisia; Uganda; United States of America; Zambia",,R. rhipicephali; R. Rickettsii; Rickettsia massiliae; Rickettsia Rickettsi; Rickettsia spp.,673
Canis lupus,9612,mammalia,carnivora,canidae,Rhipicephalus senegalensis,FALSE,Rhipicephalus senegalensis,on_host_occurrence,TickMap,Angola; Benin; Burkina Faso; Cote D'Ivoire; Guinea-Bissau; Nigeria; Senegal; Sierra Leone; Sudan,,,20
Canis lupus,9612,mammalia,carnivora,canidae,Rhipicephalus simus,FALSE,Rhipicephalus simus,on_host_occurrence,TickMap,"Botswana; Burkina Faso; Congo, The Democratic Republic of The; Kenya; Malawi; Nigeria; Senegal; Somalia; South Africa; Sudan; Zambia; Zimbabwe",,,374
Canis lupus,9612,mammalia,carnivora,canidae,Rhipicephalus sulcatus,FALSE,Rhipicephalus sulcatus,on_host_occurrence,TickMap,Cote D'Ivoire; Zambia,,,8
Canis lupus,9612,mammalia,carnivora,canidae,Rhipicephalus supertritus,FALSE,Rhipicephalus supertritus,on_host_occurrence,TickMap,Sudan; Zimbabwe,,,7
Canis lupus,9612,mammalia,carnivora,canidae,Rhipicephalus tricuspis,FALSE,Rhipicephalus tricuspis,on_host_occurrence,TickMap,"Benin; Congo, The Democratic Republic of The; Zambia",,,3
Canis lupus,9612,mammalia,carnivora,canidae,Rhipicephalus turanicus,FALSE,Rhipicephalus turanicus,on_host_occurrence,TickMap,Djibouti; Georgia; Morocco,,TBEV; Rickettsia spp,108
Canis lupus,9612,mammalia,carnivora,canidae,Rhipicephalus ziemanni,FALSE,Rhipicephalus ziemanni,on_host_occurrence,TickMap,Cote D'Ivoire,,,5
Canis lupus,9612,mammalia,carnivora,canidae,Runchomyia theobaldi,FALSE,Runchomyia theobaldi,blood_meal,BloodMealMap,Brazil,,,1
Canis lupus,9612,mammalia,carnivora,canidae,Verrallina carmenti,FALSE,Verrallina carmenti,blood_meal,BloodMealMap,Australia,,,1
Canis mesomelas,68725,,,,Echidnophaga gallinacea,FALSE,Echidnophaga gallinacea,on_host_occurrence,FleaMap,Botswana,,,99
Canis mesomelas,68725,,,,Haemaphysalis aciculifer,FALSE,Haemaphysalis aciculifer,on_host_occurrence,TickMap,Kenya,,,1
Canis mesomelas,68725,,,,Haemaphysalis leachi,FALSE,Haemaphysalis leachi,on_host_occurrence,TickMap,Ethiopia; Sudan,,,2
Canis mesomelas,68725,,,,Haemaphysalis paraleachi,FALSE,Haemaphysalis paraleachi,on_host_occurrence,TickMap,Kenya; Sudan,,,2
Canis mesomelas,68725,,,,Haemaphysalis spinulosa,FALSE,Haemaphysalis spinulosa,on_host_occurrence,TickMap,Sudan,,,1
Canis mesomelas,68725,,,,Rhipicephalus simus,FALSE,Rhipicephalus simus,on_host_occurrence,TickMap,Ethiopia,,,1
Capra hircus,9925,mammalia,artiodactyla,bovidae,Aedes vexans,FALSE,Aedes vexans,blood_meal,BloodMealMap,Japan; Unites States,,,2
Capra hircus,9925,mammalia,artiodactyla,bovidae,Amblyomma astrion,FALSE,Amblyomma astrion,on_host_occurrence,TickMap,Angola,,,1
Capra hircus,9925,mammalia,artiodactyla,bovidae,Amblyomma gemma,FALSE,Amblyomma gemma,on_host_occurrence,TickMap,Kenya,,,4
Capra hircus,9925,mammalia,artiodactyla,bovidae,Amblyomma hebraeum,FALSE,Amblyomma hebraeum,on_host_occurrence,TickMap,Kenya; South Africa,,,4
Capra hircus,9925,mammalia,artiodactyla,bovidae,Amblyomma lepidum,FALSE,Amblyomma lepidum,on_host_occurrence,TickMap,Kenya; Sudan,,,4
Capra hircus,9925,mammalia,artiodactyla,bovidae,Amblyomma maculatum,FALSE,Amblyomma maculatum,on_host_occurrence,TickMap,United States of America,,,8
Capra hircus,9925,mammalia,artiodactyla,bovidae,Amblyomma marmoreum,FALSE,Amblyomma marmoreum,on_host_occurrence,TickMap,South Africa,,,1
Capra hircus,9925,mammalia,artiodactyla,bovidae,Amblyomma nuttalli,FALSE,Amblyomma nuttalli,on_host_occurrence,TickMap,"Tanzania, United Republic of",,,3
Capra hircus,9925,mammalia,artiodactyla,bovidae,Amblyomma variegatum,FALSE,Amblyomma variegatum,on_host_occurrence,TickMap,"Burkina Faso; Congo, The Democratic Republic of The; Cote D'Ivoire; Guinea-Bissau; Kenya; Malawi; Senegal; Sierra Leone; South Africa; Sudan; Uganda; Zambia",,,24
Capra hircus,9925,mammalia,artiodactyla,bovidae,Anopheles lesteri,FALSE,Anopheles lesteri,blood_meal,BloodMealMap,Japan,,,1
Capra hircus,9925,mammalia,artiodactyla,bovidae,Anopheles sinensis,FALSE,Anopheles sinensis,blood_meal,BloodMealMap,Japan,,,2
Capra hircus,9925,mammalia,artiodactyla,bovidae,Armigeres subalbatus,FALSE,Armigeres subalbatus,blood_meal,BloodMealMap,Japan,,,1
Capra hircus,9925,mammalia,artiodactyla,bovidae,Ctenocephalides canis,FALSE,Ctenocephalides canis,on_host_occurrence,FleaMap,India,,,1
Capra hircus,9925,mammalia,artiodactyla,bovidae,Culex mimeticus,FALSE,Culex mimeticus,blood_meal,BloodMealMap,Japan,,,1
Capra hircus,9925,mammalia,artiodactyla,bovidae,Dermacentor nuttalli,FALSE,Dermacentor nuttalli,on_host_occurrence,TickMap,Mongolia,,,32
Capra hircus,9925,mammalia,artiodactyla,bovidae,Haemaphysalis aciculifer,FALSE,Haemaphysalis aciculifer,on_host_occurrence,TickMap,Kenya; South Africa; Zimbabwe,,,8
Capra hircus,9925,mammalia,artiodactyla,bovidae,Haemaphysalis hoodi,FALSE,Haemaphysalis hoodi,on_host_occurrence,TickMap,Cote D'Ivoire,,,2
Capra hircus,9925,mammalia,artiodactyla,bovidae,Haemaphysalis leachi,FALSE,Haemaphysalis leachi,on_host_occurrence,TickMap,"Congo, The Democratic Republic of The; Rwanda; Sierra Leone; South Africa; Zambia",,,6
Capra hircus,9925,mammalia,artiodactyla,bovidae,Haemaphysalis longicornis,FALSE,Haemaphysalis longicornis,on_host_occurrence,TickMap,United States of America,,,16
Capra hircus,9925,mammalia,artiodactyla,bovidae,Haemaphysalis parmata,FALSE,Haemaphysalis parmata,on_host_occurrence,TickMap,Cameroon; Cote D'Ivoire,,,2
Capra hircus,9925,mammalia,artiodactyla,bovidae,Haemaphysalis parva,FALSE,Haemaphysalis parva,on_host_occurrence,TickMap,Libyan Arab Jamahiriya,,,2
Capra hircus,9925,mammalia,artiodactyla,bovidae,Haemaphysalis silacea,FALSE,Haemaphysalis silacea,on_host_occurrence,TickMap,South Africa,,,1
Capra hircus,9925,mammalia,artiodactyla,bovidae,Haemaphysalis sulcata,FALSE,Haemaphysalis sulcata,on_host_occurrence,TickMap,Morocco,,,1
Capra hircus,9925,mammalia,artiodactyla,bovidae,Hyalomma anatolicum,FALSE,Hyalomma anatolicum,on_host_occurrence,TickMap,Sudan,,,8
Capra hircus,9925,mammalia,artiodactyla,bovidae,Hyalomma dromedarii,FALSE,Hyalomma dromedarii,on_host_occurrence,TickMap,Djibouti; Sudan,,,2
Capra hircus,9925,mammalia,artiodactyla,bovidae,Hyalomma excavatum,FALSE,Hyalomma excavatum,on_host_occurrence,TickMap,Djibouti; Libyan Arab Jamahiriya,,,2
Capra hircus,9925,mammalia,artiodactyla,bovidae,Hyalomma impeltatum,FALSE,Hyalomma impeltatum,on_host_occurrence,TickMap,Mauritania; Morocco; Senegal,,,4
Capra hircus,9925,mammalia,artiodactyla,bovidae,Hyalomma impressum,FALSE,Hyalomma impressum,on_host_occurrence,TickMap,South Africa,,,1
Capra hircus,9925,mammalia,artiodactyla,bovidae,Hyalomma marginatum,FALSE,Hyalomma marginatum,on_host_occurrence,TickMap,Kenya; Morocco,,,3
Capra hircus,9925,mammalia,artiodactyla,bovidae,Hyalomma rufipes,FALSE,Hyalomma rufipes,on_host_occurrence,TickMap,South Africa; Sudan; Zambia,,,3
Capra hircus,9925,mammalia,artiodactyla,bovidae,Hyalomma truncatum,FALSE,Hyalomma truncatum,on_host_occurrence,TickMap,"Botswana; Congo, The Democratic Republic of The; Djibouti; Kenya; Nigeria; Senegal; South Africa; Sudan; Zambia",,Kupe virus,20
Capra hircus,9925,mammalia,artiodactyla,bovidae,Ixodes cumulatimpunctatus,FALSE,Ixodes cumulatimpunctatus,on_host_occurrence,TickMap,"Congo, The Democratic Republic of The",,,1
Capra hircus,9925,mammalia,artiodactyla,bovidae,Ixodes lewisi,FALSE,Ixodes lewisi,on_host_occurrence,TickMap,Kenya,,,1
Capra hircus,9925,mammalia,artiodactyla,bovidae,Ixodes muniensis,FALSE,Ixodes muniensis,on_host_occurrence,TickMap,Cote D'Ivoire; Rwanda,,,2
Capra hircus,9925,mammalia,artiodactyla,bovidae,Ixodes pilosus,FALSE,Ixodes pilosus,on_host_occurrence,TickMap,South Africa,,,1
Capra hircus,9925,mammalia,artiodactyla,bovidae,Ixodes rasus,FALSE,Ixodes rasus,on_host_occurrence,TickMap,Cote D'Ivoire,,,1
Capra hircus,9925,mammalia,artiodactyla,bovidae,Ixodes rubicundus,FALSE,Ixodes rubicundus,on_host_occurrence,TickMap,"Congo, The Democratic Republic of The; South Africa",,,3
Capra hircus,9925,mammalia,artiodactyla,bovidae,Mansonia uniformis,FALSE,Mansonia uniformis,blood_meal,BloodMealMap,Japan,,,1
Capra hircus,9925,mammalia,artiodactyla,bovidae,Ornithodoros moubata,FALSE,Ornithodoros moubata,on_host_occurrence,TickMap,"Congo, The Democratic Republic of The",,,1
Capra hircus,9925,mammalia,artiodactyla,bovidae,Rhipicentor bicornis,FALSE,Rhipicentor bicornis,on_host_occurrence,TickMap,"Congo, The Democratic Republic of The",,,1
Capra hircus,9925,mammalia,artiodactyla,bovidae,Rhipicephalus appendiculatus,FALSE,Rhipicephalus appendiculatus,on_host_occurrence,TickMap,"Burundi; Congo, The Democratic Republic of The; Kenya; Mozambique; Rwanda; South Africa; Sudan; Uganda; Zambia",,,17
Capra hircus,9925,mammalia,artiodactyla,bovidae,Rhipicephalus bequaerti,FALSE,Rhipicephalus bequaerti,on_host_occurrence,TickMap,Rwanda; Sudan,,,2
Capra hircus,9925,mammalia,artiodactyla,bovidae,Rhipicephalus bursa,FALSE,Rhipicephalus bursa,on_host_occurrence,TickMap,Morocco,,,3
Capra hircus,9925,mammalia,artiodactyla,bovidae,Rhipicephalus capensis,FALSE,Rhipicephalus capensis,on_host_occurrence,TickMap,"Congo, The Democratic Republic of The",,,1
Capra hircus,9925,mammalia,artiodactyla,bovidae,Rhipicephalus compositus,FALSE,Rhipicephalus compositus,on_host_occurrence,TickMap,"Congo, The Democratic Republic of The; Zambia",,,2
Capra hircus,9925,mammalia,artiodactyla,bovidae,Rhipicephalus decoloratus,FALSE,Rhipicephalus decoloratus,on_host_occurrence,TickMap,"Congo, The Democratic Republic of The; Cote D'Ivoire; Senegal; South Africa; Zambia",,,5
Capra hircus,9925,mammalia,artiodactyla,bovidae,Rhipicephalus evertsi,FALSE,Rhipicephalus evertsi; Rhipicephalus evertsi evertsi,on_host_occurrence,TickMap,"Djibouti; Mali; Senegal; South Africa; Sudan; Tanzania, United Republic of; Uganda; Zambia",,,31
Capra hircus,9925,mammalia,artiodactyla,bovidae,Rhipicephalus geigyi,FALSE,Rhipicephalus geigyi,on_host_occurrence,TickMap,Senegal; Sierra Leone,,,2
Capra hircus,9925,mammalia,artiodactyla,bovidae,Rhipicephalus glabroscutatum,FALSE,Rhipicephalus glabroscutatum,on_host_occurrence,TickMap,South Africa,,,16
Capra hircus,9925,mammalia,artiodactyla,bovidae,Rhipicephalus guilhoni,FALSE,Rhipicephalus guilhoni,on_host_occurrence,TickMap,Senegal,,,1
Capra hircus,9925,mammalia,artiodactyla,bovidae,Rhipicephalus kochi,FALSE,Rhipicephalus kochi,on_host_occurrence,TickMap,"Tanzania, United Republic of; Zimbabwe",,,9
Capra hircus,9925,mammalia,artiodactyla,bovidae,Rhipicephalus longicoxatus,FALSE,Rhipicephalus longicoxatus,on_host_occurrence,TickMap,Djibouti,,,1
Capra hircus,9925,mammalia,artiodactyla,bovidae,Rhipicephalus longus,FALSE,Rhipicephalus longus,on_host_occurrence,TickMap,"Congo, The Democratic Republic of The",,,2
Capra hircus,9925,mammalia,artiodactyla,bovidae,Rhipicephalus lunulatus,FALSE,Rhipicephalus lunulatus,on_host_occurrence,TickMap,Senegal; Sierra Leone,,,4
Capra hircus,9925,mammalia,artiodactyla,bovidae,Rhipicephalus microplus,FALSE,Rhipicephalus microplus,on_host_occurrence,TickMap,Mozambique,,,2
Capra hircus,9925,mammalia,artiodactyla,bovidae,Rhipicephalus muehlensi,FALSE,Rhipicephalus muehlensi,on_host_occurrence,TickMap,"Congo, The Democratic Republic of The",,,1
Capra hircus,9925,mammalia,artiodactyla,bovidae,Rhipicephalus muhsamae,FALSE,Rhipicephalus muhsamae,on_host_occurrence,TickMap,Senegal,,,1
Capra hircus,9925,mammalia,artiodactyla,bovidae,Rhipicephalus nitens,FALSE,Rhipicephalus nitens,on_host_occurrence,TickMap,South Africa,,,1
Capra hircus,9925,mammalia,artiodactyla,bovidae,Rhipicephalus oculatus,FALSE,Rhipicephalus oculatus,on_host_occurrence,TickMap,South Africa,,,1
Capra hircus,9925,mammalia,artiodactyla,bovidae,Rhipicephalus pravus,FALSE,Rhipicephalus pravus,on_host_occurrence,TickMap,Djibouti; Sudan,,,3
Capra hircus,9925,mammalia,artiodactyla,bovidae,Rhipicephalus pulchellus,FALSE,Rhipicephalus pulchellus,on_host_occurrence,TickMap,"Djibouti; Kenya; Tanzania, United Republic of",,DHOV,9
Capra hircus,9925,mammalia,artiodactyla,bovidae,Rhipicephalus sanguineus,FALSE,Rhipicephalus sanguineus,on_host_occurrence,TickMap,"Burkina Faso; Chad; Congo, The Democratic Republic of The; Djibouti; Libyan Arab Jamahiriya; Mali; Morocco; Sierra Leone; Sudan; Tanzania, United Republic of; Zambia",,,25
Capra hircus,9925,mammalia,artiodactyla,bovidae,Rhipicephalus senegalensis,FALSE,Rhipicephalus senegalensis,on_host_occurrence,TickMap,"Central African Republic; Congo, The Democratic Republic of The; Guinea-Bissau",,,5
Capra hircus,9925,mammalia,artiodactyla,bovidae,Rhipicephalus simus,FALSE,Rhipicephalus simus,on_host_occurrence,TickMap,"Botswana; Congo, The Democratic Republic of The; South Africa; Sudan; Zambia",,,7
Capra hircus,9925,mammalia,artiodactyla,bovidae,Rhipicephalus sulcatus,FALSE,Rhipicephalus sulcatus,on_host_occurrence,TickMap,Botswana; Senegal; Zambia,,,3
Capra hircus,9925,mammalia,artiodactyla,bovidae,Rhipicephalus supertritus,FALSE,Rhipicephalus supertritus,on_host_occurrence,TickMap,Rwanda,,,1
Capra hircus,9925,mammalia,artiodactyla,bovidae,Rhipicephalus tricuspis,FALSE,Rhipicephalus tricuspis,on_host_occurrence,TickMap,Zambia,,,1
Capra hircus,9925,mammalia,artiodactyla,bovidae,Rhipicephalus turanicus,FALSE,Rhipicephalus turanicus,on_host_occurrence,TickMap,Morocco,,,1
Capra hircus,9925,mammalia,artiodactyla,bovidae,Rhipicephalus ziemanni,FALSE,Rhipicephalus ziemanni,on_host_occurrence,TickMap,Rwanda; Sierra Leone,,,3
Capreolus capreolus,9858,mammalia,artiodactyla,cervidae,Aedes sticticus,FALSE,Aedes sticticus,blood_meal,BloodMealMap,Hungary,,,1
Capreolus capreolus,9858,mammalia,artiodactyla,cervidae,Aedes vexans,FALSE,Aedes vexans,blood_meal,BloodMealMap,Hungary,,,1
Capreolus capreolus,9858,mammalia,artiodactyla,cervidae,Culex pipiens,FALSE,Culex pipiens,blood_meal,BloodMealMap,Iran,,,1
Capreolus capreolus,9858,mammalia,artiodactyla,cervidae,Culiseta annulata,FALSE,Culiseta annulata,blood_meal,BloodMealMap,Switzerland,,,1
Cardinalis cardinalis,98964,aves,passeriformes,cardinalidae,Aedes sticticus,FALSE,Aedes sticticus,blood_meal,BloodMealMap,Unites States,,,1
Cardinalis cardinalis,98964,aves,passeriformes,cardinalidae,Aedes vexans,FALSE,Aedes vexans,blood_meal,BloodMealMap,Unites States,,,2
Cardinalis cardinalis,98964,aves,passeriformes,cardinalidae,Amblyomma americanum,FALSE,Amblyomma americanum,on_host_occurrence,TickMap,United States of America,,,16
Cardinalis cardinalis,98964,aves,passeriformes,cardinalidae,Amblyomma maculatum,FALSE,Amblyomma maculatum,on_host_occurrence,TickMap,United States of America,,,16
Cardinalis cardinalis,98964,aves,passeriformes,cardinalidae,Culex erraticus,FALSE,Culex erraticus,blood_meal,BloodMealMap,Unites States,,,2
Cardinalis cardinalis,98964,aves,passeriformes,cardinalidae,Culex pilosus,FALSE,Culex pilosus,blood_meal,BloodMealMap,Unites States,,,1
Cardinalis cardinalis,98964,aves,passeriformes,cardinalidae,Culex pipiens,FALSE,Culex pipiens,blood_meal,BloodMealMap,Unites States,,,3
Cardinalis cardinalis,98964,aves,passeriformes,cardinalidae,Culex quinquefasciatus,FALSE,Culex quinquefasciatus,blood_meal,BloodMealMap,Unites States,,,3
Cardinalis cardinalis,98964,aves,passeriformes,cardinalidae,Culex restuans,FALSE,Culex restuans,blood_meal,BloodMealMap,Unites States,,,3
Cardinalis cardinalis,98964,aves,passeriformes,cardinalidae,Culex salinarius,FALSE,Culex salinarius,blood_meal,BloodMealMap,Unites States,,,1
Cardinalis cardinalis,98964,aves,passeriformes,cardinalidae,Culex territans,FALSE,Culex territans,blood_meal,BloodMealMap,Unites States,,,1
Cardinalis cardinalis,98964,aves,passeriformes,cardinalidae,Culiseta melanura,FALSE,Culiseta melanura,blood_meal,BloodMealMap,Unites States,,,4
Cardinalis cardinalis,98964,aves,passeriformes,cardinalidae,Dermacentor variabilis,FALSE,Dermacentor variabilis,on_host_occurrence,TickMap,United States of America,,,8
Cardinalis cardinalis,98964,aves,passeriformes,cardinalidae,Haemaphylsalis leporispalustris,FALSE,Haemaphylsalis leporispalustris,on_host_occurrence,TickMap,United States of America,,,8
Cardinalis cardinalis,98964,aves,passeriformes,cardinalidae,Haemaphysalis leporispalustris,FALSE,Haemaphysalis leporispalustris,on_host_occurrence,TickMap,United States; United States of America,,B. burgdorferi sensu stricto; A. phagocytophilum,32
Cardinalis cardinalis,98964,aves,passeriformes,cardinalidae,Ixodes affinis,FALSE,Ixodes affinis,on_host_occurrence,TickMap,United States of America,,,8
Cardinalis cardinalis,98964,aves,passeriformes,cardinalidae,Ixodes dentatus,FALSE,Ixodes dentatus,on_host_occurrence,TickMap,United States of America,,,18
Cardinalis cardinalis,98964,aves,passeriformes,cardinalidae,Ixodes scapularis,FALSE,Ixodes scapularis,on_host_occurrence,TickMap,United States; United States of America,,B. burgdorferi sensu stricto; A. phagocytophilum; Borrelia burgdorferi,43
Cardinalis cardinalis,98964,aves,passeriformes,cardinalidae,Polygenis gwyni,FALSE,Polygenis gwyni,on_host_occurrence,FleaMap,United States,,,1
Carollia perspicillata,40233,mammalia,chiroptera,phyllostomidae,Ornithodoros azteci,FALSE,Ornithodoros azteci,on_host_occurrence,TickMap,Panama,,,2
Carollia perspicillata,40233,mammalia,chiroptera,phyllostomidae,Ornithodoros brodyi,FALSE,Ornithodoros brodyi,on_host_occurrence,TickMap,Panama,,,2
Cathartes aura,43455,aves,cathartiformes,cathartidae,Culex quinquefasciatus,FALSE,Culex quinquefasciatus,blood_meal,BloodMealMap,Unites States,,,2
Cathartes aura,43455,aves,cathartiformes,cathartidae,Culex stigmatosoma,FALSE,Culex stigmatosoma,blood_meal,BloodMealMap,Unites States,,,1
Cathartes aura,43455,aves,cathartiformes,cathartidae,Culex tarsalis,FALSE,Culex tarsalis,blood_meal,BloodMealMap,Unites States,,,1
Catharus fuscescens,159581,aves,passeriformes,turdidae,Culex pipiens,FALSE,Culex pipiens,blood_meal,BloodMealMap,Unites States,,,1
Catharus fuscescens,159581,aves,passeriformes,turdidae,Culex restuans,FALSE,Culex restuans,blood_meal,BloodMealMap,Unites States,,,1
Catharus fuscescens,159581,aves,passeriformes,turdidae,Culiseta melanura,FALSE,Culiseta melanura,blood_meal,BloodMealMap,Unites States,,,2
Catharus fuscescens,159581,aves,passeriformes,turdidae,Culiseta morsitans,FALSE,Culiseta morsitans,blood_meal,BloodMealMap,Unites States,,,1
Catharus fuscescens,159581,aves,passeriformes,turdidae,Haemaphysalis leporispalustris,FALSE,Haemaphysalis leporispalustris,on_host_occurrence,TickMap,United States of America,,,5
Catharus fuscescens,159581,aves,passeriformes,turdidae,Ixodes scapularis,FALSE,Ixodes scapularis,on_host_occurrence,TickMap,United States of America,,Borellia burgdorferi,21
Catharus guttatus,9185,aves,passeriformes,turdidae,Aedes trivittatus,FALSE,Aedes trivittatus,blood_meal,BloodMealMap,Unites States,,,1
Catharus guttatus,9185,aves,passeriformes,turdidae,Culex stigmatosoma,FALSE,Culex stigmatosoma,blood_meal,BloodMealMap,Unites States,,,1
Catharus guttatus,9185,aves,passeriformes,turdidae,Culiseta melanura,FALSE,Culiseta melanura,blood_meal,BloodMealMap,Unites States,,,1
Catharus guttatus,9185,aves,passeriformes,turdidae,Haemaphysalis leporispalustris,FALSE,Haemaphysalis leporispalustris,on_host_occurrence,TickMap,United States of America,,,10
Catharus guttatus,9185,aves,passeriformes,turdidae,Ixodes brunneus,FALSE,Ixodes brunneus,on_host_occurrence,TickMap,United States of America,,Rickettsia mendelii,24
Catharus guttatus,9185,aves,passeriformes,turdidae,Ixodes dentatus,FALSE,Ixodes dentatus,on_host_occurrence,TickMap,United States of America,,,15
Catharus guttatus,9185,aves,passeriformes,turdidae,Ixodes scapularis,FALSE,Ixodes scapularis,on_host_occurrence,TickMap,United States of America,,Borellia burgdorferi,8
Catharus ustulatus,91951,aves,passeriformes,turdidae,Amblyomma nodosum,FALSE,Amblyomma nodosum,on_host_occurrence,TickMap,United States of America,,,8
Catharus ustulatus,91951,aves,passeriformes,turdidae,Culex pipiens,FALSE,Culex pipiens,blood_meal,BloodMealMap,Unites States,,,4
Catharus ustulatus,91951,aves,passeriformes,turdidae,Culex tarsalis,FALSE,Culex tarsalis,blood_meal,BloodMealMap,Unites States,,,1
Catharus ustulatus,91951,aves,passeriformes,turdidae,Haemaphylsalis leporispalustris,FALSE,Haemaphylsalis leporispalustris,on_host_occurrence,TickMap,United States of America,,,8
Catharus ustulatus,91951,aves,passeriformes,turdidae,Haemaphysalis leporispalustris,FALSE,Haemaphysalis leporispalustris,on_host_occurrence,TickMap,United States of America,,B. burgdorferi sensu stricto; A. phagocytophilum,36
Catharus ustulatus,91951,aves,passeriformes,turdidae,Ixodes dentatus,FALSE,Ixodes dentatus,on_host_occurrence,TickMap,United States; United States of America,,B. burgdorferi sensu stricto; A. phagocytophilum,14
Catharus ustulatus,91951,aves,passeriformes,turdidae,Ixodes pacificus,FALSE,Ixodes pacificus,on_host_occurrence,TickMap,United States of America,,,26
Catharus ustulatus,91951,aves,passeriformes,turdidae,Ixodes scapularis,FALSE,Ixodes scapularis,on_host_occurrence,TickMap,United States of America,,B. burgdorferi; B. burgdorferi sensu stricto; A. phagocytophilum; Borellia burgdorferi,29
Cephalophus callipygus,129223,,,,Haemaphysalis parmata,FALSE,Haemaphysalis parmata,on_host_occurrence,TickMap,"Congo, The Democratic Republic of The",,,1
Ceratotherium simum,9807,mammalia,perissodactyla,rhinocerotidae,Aedes vexans,FALSE,Aedes vexans,blood_meal,BloodMealMap,Japan; Unites States,,,2
Ceratotherium simum,9807,mammalia,perissodactyla,rhinocerotidae,Amblyomma hebraeum,FALSE,Amblyomma hebraeum,on_host_occurrence,TickMap,South Africa; Zimbabwe,,,2
Ceratotherium simum,9807,mammalia,perissodactyla,rhinocerotidae,Amblyomma rhinocerotis,FALSE,Amblyomma rhinocerotis,on_host_occurrence,TickMap,"Congo, The Democratic Republic of The; South Africa",,,2
Ceratotherium simum,9807,mammalia,perissodactyla,rhinocerotidae,Amblyomma variegatum,FALSE,Amblyomma variegatum,on_host_occurrence,TickMap,"Congo, The Democratic Republic of The",,,1
Ceratotherium simum,9807,mammalia,perissodactyla,rhinocerotidae,Armigeres subalbatus,FALSE,Armigeres subalbatus,blood_meal,BloodMealMap,Japan,,,1
Ceratotherium simum,9807,mammalia,perissodactyla,rhinocerotidae,Culex mimeticus,FALSE,Culex mimeticus,blood_meal,BloodMealMap,Japan,,,1
Ceratotherium simum,9807,mammalia,perissodactyla,rhinocerotidae,Culex quinquefasciatus,FALSE,Culex quinquefasciatus,blood_meal,BloodMealMap,Unites States,,,1
Ceratotherium simum,9807,mammalia,perissodactyla,rhinocerotidae,Culex vishnui,FALSE,Culex vishnui,blood_meal,BloodMealMap,Japan,,,1
Ceratotherium simum,9807,mammalia,perissodactyla,rhinocerotidae,Dermacentor rhinocerinus,FALSE,Dermacentor rhinocerinus,on_host_occurrence,TickMap,"Congo, The Democratic Republic of The; Zimbabwe",,,21
Ceratotherium simum,9807,mammalia,perissodactyla,rhinocerotidae,Rhipicephalus maculatus,FALSE,Rhipicephalus maculatus,on_host_occurrence,TickMap,South Africa,,,1
Cercopithecus ascanius,36223,mammalia,primates,cercopithecidae,Ixodes rasus,FALSE,Ixodes rasus,on_host_occurrence,TickMap,"Congo, The Democratic Republic of The",,,1
Cerdocyon thous,9620,mammalia,carnivora,canidae,Ctenocephalides felis,FALSE,Ctenocephalides felis,on_host_occurrence,FleaMap,Venezuela,,,36
Cervus elaphus,9860,mammalia,artiodactyla,cervidae,Culex theileri,FALSE,Culex theileri,blood_meal,BloodMealMap,ESP,,,1
Cervus elaphus,9860,mammalia,artiodactyla,cervidae,Dermacentor albipictus,FALSE,Dermacentor albipictus,on_host_occurrence,TickMap,United States of America,,,8
Chenonetta jubata,45644,aves,anseriformes,anatidae,Culex annulirostris,FALSE,Culex annulirostris,blood_meal,BloodMealMap,Australia,,,1
Chenonetta jubata,45644,aves,anseriformes,anatidae,Culex sitiens,FALSE,Culex sitiens,blood_meal,BloodMealMap,Australia,,,1
Chloris chloris,37601,aves,passeriformes,fringillidae,Culex pipiens,FALSE,Culex pipiens,blood_meal,BloodMealMap,ESP,,,1
Chloris chloris,37601,aves,passeriformes,fringillidae,Hyalomma marginatum,FALSE,Hyalomma marginatum,on_host_occurrence,TickMap,Morocco,,,1
Chloris chloris,37601,aves,passeriformes,fringillidae,Ixodes frontalis,FALSE,Ixodes frontalis,on_host_occurrence,TickMap,Morocco,,,1
Chlorocebus aethiops,9534,mammalia,primates,cercopithecidae,Haemaphysalis leachi,FALSE,Haemaphysalis leachi,on_host_occurrence,TickMap,"Congo, The Democratic Republic of The",,,1
Chlorocebus aethiops,9534,mammalia,primates,cercopithecidae,Rhipicephalus sanguineus,FALSE,Rhipicephalus sanguineus,on_host_occurrence,TickMap,Sudan,,,1
Chlorocebus sabaeus,60711,mammalia,primates,cercopithecidae,Aedes taylori,FALSE,Aedes taylori,blood_meal,BloodMealMap,Senegal,,,1
Circus aeruginosus,8964,aves,accipitriformes,accipitridae,Culex modestus,FALSE,Culex modestus,blood_meal,BloodMealMap,Czechia,,,1
Circus aeruginosus,8964,aves,accipitriformes,accipitridae,Culex pipiens,FALSE,Culex pipiens,blood_meal,BloodMealMap,Czechia,,,1
Circus aeruginosus,8964,aves,accipitriformes,accipitridae,Hyalomma marginatum,FALSE,Hyalomma marginatum,on_host_occurrence,TickMap,Morocco,,,1
Civettictis civetta,94186,mammalia,carnivora,viverridae,Amblyomma nuttalli,FALSE,Amblyomma nuttalli,on_host_occurrence,TickMap,Central African Republic,,,1
Civettictis civetta,94186,mammalia,carnivora,viverridae,Haemaphysalis aciculifer,FALSE,Haemaphysalis aciculifer,on_host_occurrence,TickMap,Ethiopia; Kenya,,,3
Civettictis civetta,94186,mammalia,carnivora,viverridae,Haemaphysalis leachi,FALSE,Haemaphysalis leachi,on_host_occurrence,TickMap,"Burkina Faso; Central African Republic; Congo, The Democratic Republic of The; Cote D'Ivoire; Sudan",,,11
Civettictis civetta,94186,mammalia,carnivora,viverridae,Haemaphysalis moreli,FALSE,Haemaphysalis moreli,on_host_occurrence,TickMap,"Burkina Faso; Cameroon; Congo, The Democratic Republic of The; Cote D'Ivoire; Kenya; Senegal; Tanzania, United Republic of",,,12
Civettictis civetta,94186,mammalia,carnivora,viverridae,Haemaphysalis paraleachi,FALSE,Haemaphysalis paraleachi,on_host_occurrence,TickMap,"Cameroon; Central African Republic; Congo, The Democratic Republic of The; Cote D'Ivoire; Ethiopia; Kenya; Liberia; Sudan; Zambia",,,16
Civettictis civetta,94186,mammalia,carnivora,viverridae,Haemaphysalis parmata,FALSE,Haemaphysalis parmata,on_host_occurrence,TickMap,Cote D'Ivoire,,,1
Civettictis civetta,94186,mammalia,carnivora,viverridae,Haemaphysalis rugosa,FALSE,Haemaphysalis rugosa,on_host_occurrence,TickMap,Senegal,,,1
Civettictis civetta,94186,mammalia,carnivora,viverridae,Haemaphysalis spinulosa,FALSE,Haemaphysalis spinulosa,on_host_occurrence,TickMap,"Angola; Congo, The Democratic Republic of The; Cote D'Ivoire; Mozambique; Sudan",,,6
Civettictis civetta,94186,mammalia,carnivora,viverridae,Ixodes aulacodi,FALSE,Ixodes aulacodi,on_host_occurrence,TickMap,"Congo, The Democratic Republic of The",,,1
Civettictis civetta,94186,mammalia,carnivora,viverridae,Ixodes cavipalpus,FALSE,Ixodes cavipalpus,on_host_occurrence,TickMap,Angola; Sudan,,,2
Civettictis civetta,94186,mammalia,carnivora,viverridae,Ixodes cumulatimpunctatus,FALSE,Ixodes cumulatimpunctatus,on_host_occurrence,TickMap,"Congo, The Democratic Republic of The; Cote D'Ivoire",,,2
Civettictis civetta,94186,mammalia,carnivora,viverridae,Ixodes moreli,FALSE,Ixodes moreli,on_host_occurrence,TickMap,Cote D'Ivoire,,,1
Civettictis civetta,94186,mammalia,carnivora,viverridae,Ixodes muniensis,FALSE,Ixodes muniensis,on_host_occurrence,TickMap,Cote D'Ivoire,,,1
Civettictis civetta,94186,mammalia,carnivora,viverridae,Ixodes oldi,FALSE,Ixodes oldi,on_host_occurrence,TickMap,Cote D'Ivoire,,,1
Civettictis civetta,94186,mammalia,carnivora,viverridae,Rhipicentor bicornis,FALSE,Rhipicentor bicornis,on_host_occurrence,TickMap,"Congo, The Democratic Republic of The",,,1
Civettictis civetta,94186,mammalia,carnivora,viverridae,Rhipicephalus compositus,FALSE,Rhipicephalus compositus,on_host_occurrence,TickMap,"Congo, The Democratic Republic of The",,,1
Civettictis civetta,94186,mammalia,carnivora,viverridae,Rhipicephalus duttoni,FALSE,Rhipicephalus duttoni,on_host_occurrence,TickMap,Angola,,,1
Civettictis civetta,94186,mammalia,carnivora,viverridae,Rhipicephalus planus,FALSE,Rhipicephalus planus,on_host_occurrence,TickMap,Mozambique,,,1
Civettictis civetta,94186,mammalia,carnivora,viverridae,Rhipicephalus sanguineus,FALSE,Rhipicephalus sanguineus,on_host_occurrence,TickMap,"Congo, The Democratic Republic of The; Mozambique; Sudan",,,4
Civettictis civetta,94186,mammalia,carnivora,viverridae,Rhipicephalus simus,FALSE,Rhipicephalus simus,on_host_occurrence,TickMap,Mozambique; Sudan,,,3
Civettictis civetta,94186,mammalia,carnivora,viverridae,Rhipicephalus sulcatus,FALSE,Rhipicephalus sulcatus,on_host_occurrence,TickMap,Mozambique,,,1
Civettictis civetta,94186,mammalia,carnivora,viverridae,Rhipicephalus ziemanni,FALSE,Rhipicephalus ziemanni,on_host_occurrence,TickMap,"Congo, The Democratic Republic of The",,,1
Colaptes auratus,51355,aves,piciformes,picidae,Culex pipiens,FALSE,Culex pipiens,blood_meal,BloodMealMap,Unites States,,,1
Colaptes auratus,51355,aves,piciformes,picidae,Culex stigmatosoma,FALSE,Culex stigmatosoma,blood_meal,BloodMealMap,Unites States,,,1
Colaptes auratus,51355,aves,piciformes,picidae,Culex tarsalis,FALSE,Culex tarsalis,blood_meal,BloodMealMap,Unites States,,,1
Colaptes auratus,51355,aves,piciformes,picidae,Echidnophaga gallinacea,FALSE,Echidnophaga gallinacea,on_host_occurrence,FleaMap,United States,,,1
Colaptes auratus,51355,aves,piciformes,picidae,Ixodes pacificus,FALSE,Ixodes pacificus,on_host_occurrence,TickMap,United States of America,,Borrelia burgdorferi s.l.,8
Colaptes auratus,51355,aves,piciformes,picidae,Ixodes scapularis,FALSE,Ixodes scapularis,on_host_occurrence,TickMap,United States of America,,,3
Colobus guereza,33548,mammalia,primates,cercopithecidae,Ixodes schillingsi,FALSE,Ixodes schillingsi,on_host_occurrence,TickMap,Kenya,,,1
Coloeus monedula,30423,,,,Culex perexiguus,FALSE,Culex perexiguus,blood_meal,BloodMealMap,ESP,,,1
Columba livia,8932,aves,columbiformes,columbidae,Argas persicus,FALSE,Argas persicus,on_host_occurrence,TickMap,Mali; Morocco,,,3
Columba livia,8932,aves,columbiformes,columbidae,Culex perexiguus,FALSE,Culex perexiguus,blood_meal,BloodMealMap,ESP,,,1
Columba livia,8932,aves,columbiformes,columbidae,Culex pipiens,FALSE,Culex pipiens,blood_meal,BloodMealMap,Serbia; Unites States,,,4
Columba livia,8932,aves,columbiformes,columbidae,Culex quinquefasciatus,FALSE,Culex quinquefasciatus,blood_meal,BloodMealMap,Unites States,,,3
Columba livia,8932,aves,columbiformes,columbidae,Culex stigmatosoma,FALSE,Culex stigmatosoma,blood_meal,BloodMealMap,Unites States,,,1
Columba livia,8932,aves,columbiformes,columbidae,Culex tarsalis,FALSE,Culex tarsalis,blood_meal,BloodMealMap,Unites States,,,2
Columba palumbus,8934,aves,columbiformes,columbidae,Culex pipiens,FALSE,Culex pipiens,blood_meal,BloodMealMap,United Kingdom,,,1
Contopus sordidulus,183522,aves,passeriformes,tyrannidae,Ixodes pacificus,FALSE,Ixodes pacificus,on_host_occurrence,TickMap,United States of America,,,8
Contopus sordidulus,183522,aves,passeriformes,tyrannidae,Oropsylla montana,FALSE,Oropsylla montana,on_host_occurrence,FleaMap,United States,,,1
Corvus brachyrhynchos,85066,aves,passeriformes,corvidae,Anopheles freeborni,FALSE,Anopheles freeborni,blood_meal,BloodMealMap,Unites States,,,1
Corvus brachyrhynchos,85066,aves,passeriformes,corvidae,Anopheles punctipennis,FALSE,Anopheles punctipennis,blood_meal,BloodMealMap,Unites States,,,1
Corvus brachyrhynchos,85066,aves,passeriformes,corvidae,Culex pipiens,FALSE,Culex pipiens,blood_meal,BloodMealMap,Unites States,,,2
Corvus brachyrhynchos,85066,aves,passeriformes,corvidae,Culex restuans,FALSE,Culex restuans,blood_meal,BloodMealMap,Unites States,,,1
Corvus brachyrhynchos,85066,aves,passeriformes,corvidae,Culex stigmatosoma,FALSE,Culex stigmatosoma,blood_meal,BloodMealMap,Unites States,,,3
Corvus brachyrhynchos,85066,aves,passeriformes,corvidae,Culex tarsalis,FALSE,Culex tarsalis,blood_meal,BloodMealMap,Unites States,,,3
Corvus brachyrhynchos,85066,aves,passeriformes,corvidae,Culiseta incidens,FALSE,Culiseta incidens,blood_meal,BloodMealMap,Unites States,,,1
Corvus brachyrhynchos,85066,aves,passeriformes,corvidae,Culiseta melanura,FALSE,Culiseta melanura,blood_meal,BloodMealMap,Unites States,,,2
Corvus brachyrhynchos,85066,aves,passeriformes,corvidae,Haemaphysalis leporispalustris,FALSE,Haemaphysalis leporispalustris,on_host_occurrence,TickMap,United States of America,,,8
Corvus brachyrhynchos,85066,aves,passeriformes,corvidae,Ixodes brunneus,FALSE,Ixodes brunneus,on_host_occurrence,TickMap,United States of America,,,8
Corvus corax,56781,aves,passeriformes,corvidae,Culex pipiens,FALSE,Culex pipiens,blood_meal,BloodMealMap,Unites States,,,2
Corvus corax,56781,aves,passeriformes,corvidae,Culex quinquefasciatus,FALSE,Culex quinquefasciatus,blood_meal,BloodMealMap,Unites States,,,1
Corvus corax,56781,aves,passeriformes,corvidae,Culex stigmatosoma,FALSE,Culex stigmatosoma,blood_meal,BloodMealMap,Unites States,,,1
Corvus corax,56781,aves,passeriformes,corvidae,Culex tarsalis,FALSE,Culex tarsalis,blood_meal,BloodMealMap,Unites States,,,1
Coturnix coturnix,9091,aves,galliformes,phasianidae,Culex pipiens,FALSE,Culex pipiens,blood_meal,BloodMealMap,Czechia,,,1
Cricetomys gambianus,10085,mammalia,rodentia,nesomyidae,Haemaphysalis leachi,FALSE,Haemaphysalis leachi,on_host_occurrence,TickMap,Burkina Faso; Cote D'Ivoire; Nigeria,,,3
Cricetomys gambianus,10085,mammalia,rodentia,nesomyidae,Haemaphysalis parmata,FALSE,Haemaphysalis parmata,on_host_occurrence,TickMap,Cote D'Ivoire,,,1
Cricetomys gambianus,10085,mammalia,rodentia,nesomyidae,Haemaphysalis spinulosa,FALSE,Haemaphysalis spinulosa,on_host_occurrence,TickMap,"Congo, The Democratic Republic of The",,,1
Cricetomys gambianus,10085,mammalia,rodentia,nesomyidae,Ixodes cumulatimpunctatus,FALSE,Ixodes cumulatimpunctatus,on_host_occurrence,TickMap,"Congo, The Democratic Republic of The; Cote D'Ivoire; Rwanda",,,5
Cricetomys gambianus,10085,mammalia,rodentia,nesomyidae,Ixodes muniensis,FALSE,Ixodes muniensis,on_host_occurrence,TickMap,Rwanda,,,1
Cricetomys gambianus,10085,mammalia,rodentia,nesomyidae,Ixodes oldi,FALSE,Ixodes oldi,on_host_occurrence,TickMap,Cote D'Ivoire,,,1
Cricetomys gambianus,10085,mammalia,rodentia,nesomyidae,Ixodes rasus,FALSE,Ixodes rasus,on_host_occurrence,TickMap,Cote D'Ivoire,,,1
Cricetomys gambianus,10085,mammalia,rodentia,nesomyidae,Ixodes ugandanus,FALSE,Ixodes ugandanus,on_host_occurrence,TickMap,Kenya,,,2
Cricetomys gambianus,10085,mammalia,rodentia,nesomyidae,Rhipicephalus evertsi,TRUE,Rhipicephalus evertsi mimeticus,on_host_occurrence,TickMap,Nigeria,,,1
Cricetomys gambianus,10085,mammalia,rodentia,nesomyidae,Rhipicephalus sanguineus,FALSE,Rhipicephalus sanguineus,on_host_occurrence,TickMap,Benin; Cote D'Ivoire,,,2
Crocodylus niloticus,8501,reptilia,crocodylia,crocodylidae,Amblyomma exornatum,FALSE,Amblyomma exornatum,on_host_occurrence,TickMap,"Congo, The Democratic Republic of The",,,1
Crocuta crocuta,9678,mammalia,carnivora,hyaenidae,Amblyomma variegatum,FALSE,Amblyomma variegatum,on_host_occurrence,TickMap,Sudan,,,1
Crocuta crocuta,9678,mammalia,carnivora,hyaenidae,Haemaphysalis leachi,FALSE,Haemaphysalis leachi,on_host_occurrence,TickMap,"Congo, The Democratic Republic of The; Nigeria",,,5
Crocuta crocuta,9678,mammalia,carnivora,hyaenidae,Haemaphysalis spinulosa,FALSE,Haemaphysalis spinulosa,on_host_occurrence,TickMap,"Congo, The Democratic Republic of The",,,1
Crocuta crocuta,9678,mammalia,carnivora,hyaenidae,Rhipicephalus carnivoralis,FALSE,Rhipicephalus carnivoralis,on_host_occurrence,TickMap,"Tanzania, United Republic of",,,1
Crocuta crocuta,9678,mammalia,carnivora,hyaenidae,Rhipicephalus longus,FALSE,Rhipicephalus longus,on_host_occurrence,TickMap,"Congo, The Democratic Republic of The",,,1
Crocuta crocuta,9678,mammalia,carnivora,hyaenidae,Rhipicephalus muhsamae,FALSE,Rhipicephalus muhsamae,on_host_occurrence,TickMap,Nigeria,,,1
Crocuta crocuta,9678,mammalia,carnivora,hyaenidae,Rhipicephalus simus,FALSE,Rhipicephalus simus,on_host_occurrence,TickMap,Sudan,,,1
Cyanistes caeruleus,156563,aves,passeriformes,paridae,Aedes vexans,FALSE,Aedes vexans,blood_meal,BloodMealMap,Switzerland,,,1
Cyanistes caeruleus,156563,aves,passeriformes,paridae,Anopheles maculipennis,FALSE,Anopheles maculipennis,blood_meal,BloodMealMap,Switzerland,,,1
Cyanistes caeruleus,156563,aves,passeriformes,paridae,Culex hortensis,FALSE,Culex hortensis,blood_meal,BloodMealMap,Switzerland,,,1
Cyanistes caeruleus,156563,aves,passeriformes,paridae,Culex modestus,FALSE,Culex modestus,blood_meal,BloodMealMap,Czechia,,,1
Cyanistes caeruleus,156563,aves,passeriformes,paridae,Culex pipiens,FALSE,Culex pipiens,blood_meal,BloodMealMap,Czechia,,,1
Cyanocitta cristata,28727,aves,passeriformes,corvidae,Amblyomma americanum,FALSE,Amblyomma americanum,on_host_occurrence,TickMap,United States; United States of America,,,14
Cyanocitta cristata,28727,aves,passeriformes,corvidae,Culex erraticus,FALSE,Culex erraticus,blood_meal,BloodMealMap,Unites States,,,2
Cyanocitta cristata,28727,aves,passeriformes,corvidae,Culex pipiens,FALSE,Culex pipiens,blood_meal,BloodMealMap,Unites States,,,1
Cyanocitta cristata,28727,aves,passeriformes,corvidae,Culex quinquefasciatus,FALSE,Culex quinquefasciatus,blood_meal,BloodMealMap,Unites States,,,1
Cyanocitta cristata,28727,aves,passeriformes,corvidae,Culex restuans,FALSE,Culex restuans,blood_meal,BloodMealMap,Unites States,,,1
Cyanocitta cristata,28727,aves,passeriformes,corvidae,Culiseta melanura,FALSE,Culiseta melanura,blood_meal,BloodMealMap,Unites States,,,1
Cyanocitta cristata,28727,aves,passeriformes,corvidae,Haemaphysalis leporispalustris,FALSE,Haemaphysalis leporispalustris,on_host_occurrence,TickMap,United States; United States of America,,,6
Cyanocitta cristata,28727,aves,passeriformes,corvidae,Ixodes brunneus,FALSE,Ixodes brunneus,on_host_occurrence,TickMap,United States of America,,,8
Cyanocitta cristata,28727,aves,passeriformes,corvidae,Ixodes dentatus,FALSE,Ixodes dentatus,on_host_occurrence,TickMap,United States of America,,,13
Cyanocitta cristata,28727,aves,passeriformes,corvidae,Ixodes scapularis,FALSE,Ixodes scapularis,on_host_occurrence,TickMap,United States; United States of America,,B. burgdorferi sensu stricto; A. phagocytophilum,30
Cygnus atratus,8868,aves,anseriformes,anatidae,Culex pipiens,FALSE,Culex pipiens,blood_meal,BloodMealMap,ESP,,,1
Cygnus buccinator,48397,aves,anseriformes,anatidae,Culex perexiguus,FALSE,Culex perexiguus,blood_meal,BloodMealMap,ESP,,,1
Cygnus olor,8869,aves,anseriformes,anatidae,Culex modestus,FALSE,Culex modestus,blood_meal,BloodMealMap,United Kingdom,,,1
Cynomys ludovicianus,45480,mammalia,rodentia,sciuridae,Dermacentor andersoni,FALSE,Dermacentor andersoni,on_host_occurrence,TickMap,United States of America,,,8
Cynomys ludovicianus,45480,mammalia,rodentia,sciuridae,Ixodes sculptus,FALSE,Ixodes sculptus,on_host_occurrence,TickMap,United States of America,,,4
Cynomys ludovicianus,45480,mammalia,rodentia,sciuridae,Oropsylla hirsuta,FALSE,Oropsylla hirsuta,on_host_occurrence,FleaMap,Mexico; United States,,,97
Cynomys ludovicianus,45480,mammalia,rodentia,sciuridae,Oropsylla tuberculata,FALSE,Oropsylla tuberculata,on_host_occurrence,FleaMap,United States,,,6
Cynomys ludovicianus,45480,mammalia,rodentia,sciuridae,Oropsylla tuberculata,TRUE,Oropsylla tuberculata cynomuris,on_host_occurrence,FleaMap,United States,,,106
Dendrocopos major,183177,aves,piciformes,picidae,Hyalomma marginatum,FALSE,Hyalomma marginatum,on_host_occurrence,TickMap,Morocco,,,1
Dendrocygna autumnalis,8873,aves,anseriformes,anatidae,Culex declarator,FALSE,Culex declarator,blood_meal,BloodMealMap,Trinidad & Tobago,,,1
Dendrocygna autumnalis,8873,aves,anseriformes,anatidae,Culex nigripalpus,FALSE,Culex nigripalpus,blood_meal,BloodMealMap,Trinidad & Tobago,,,1
Dendrocygna viduata,8876,aves,anseriformes,anatidae,Amblyomma variegatum,FALSE,Amblyomma variegatum,on_host_occurrence,TickMap,"Congo, The Democratic Republic of The",,,1
Dendrocygna viduata,8876,aves,anseriformes,anatidae,Rhipicephalus senegalensis,FALSE,Rhipicephalus senegalensis,on_host_occurrence,TickMap,"Congo, The Democratic Republic of The",,,1
Dendrocygna viduata,8876,aves,anseriformes,anatidae,Rhipicephalus tricuspis,FALSE,Rhipicephalus tricuspis,on_host_occurrence,TickMap,"Congo, The Democratic Republic of The",,,1
Desmodus rotundus,9430,mammalia,chiroptera,phyllostomidae,Ornithodoros azteci,FALSE,Ornithodoros azteci,on_host_occurrence,TickMap,Panama,,,1
Didelphis marsupialis,9268,mammalia,didelphimorphia,didelphidae,Amblyomma americanum,FALSE,Amblyomma americanum,on_host_occurrence,TickMap,United States of America,,,48
Didelphis marsupialis,9268,mammalia,didelphimorphia,didelphidae,Ctenocephalides felis,FALSE,Ctenocephalides felis,on_host_occurrence,FleaMap,Mexico; United States; Venezuela,,,27
Didelphis marsupialis,9268,mammalia,didelphimorphia,didelphidae,Dermacentor variabilis,FALSE,Dermacentor variabilis,on_host_occurrence,TickMap,United States of America,,,104
Didelphis marsupialis,9268,mammalia,didelphimorphia,didelphidae,Echidnophaga gallinacea,FALSE,Echidnophaga gallinacea,on_host_occurrence,FleaMap,Mexico,,,2
Didelphis marsupialis,9268,mammalia,didelphimorphia,didelphidae,Ixodes cookei,FALSE,Ixodes cookei,on_host_occurrence,TickMap,United States of America,,,24
Didelphis marsupialis,9268,mammalia,didelphimorphia,didelphidae,Ixodes scapularis,FALSE,Ixodes scapularis,on_host_occurrence,TickMap,United States of America,,,28
Didelphis marsupialis,9268,mammalia,didelphimorphia,didelphidae,Ixodes texanus,FALSE,Ixodes texanus,on_host_occurrence,TickMap,United States of America,,,4
Didelphis marsupialis,9268,mammalia,didelphimorphia,didelphidae,Polygenis gwyni,FALSE,Polygenis gwyni,on_host_occurrence,FleaMap,Mexico; United States,,,2
Didelphis virginiana,9267,mammalia,didelphimorphia,didelphidae,Aedes atlanticus,FALSE,Aedes atlanticus,blood_meal,BloodMealMap,Unites States,,,1
Didelphis virginiana,9267,mammalia,didelphimorphia,didelphidae,Aedes infirmatus,FALSE,Aedes infirmatus,blood_meal,BloodMealMap,Unites States,,,1
Didelphis virginiana,9267,mammalia,didelphimorphia,didelphidae,Aedes taeniorhynchus,FALSE,Aedes taeniorhynchus,blood_meal,BloodMealMap,Unites States,,,1
Didelphis virginiana,9267,mammalia,didelphimorphia,didelphidae,Aedes vexans,FALSE,Aedes vexans,blood_meal,BloodMealMap,Unites States,,,2
Didelphis virginiana,9267,mammalia,didelphimorphia,didelphidae,Amblyomma americanum,FALSE,Amblyomma americanum,on_host_occurrence,TickMap,United States of America,,,24
Didelphis virginiana,9267,mammalia,didelphimorphia,didelphidae,Anopheles crucians,FALSE,Anopheles crucians,blood_meal,BloodMealMap,Unites States,,,1
Didelphis virginiana,9267,mammalia,didelphimorphia,didelphidae,Coquillettidia perturbans,FALSE,Coquillettidia perturbans,blood_meal,BloodMealMap,Unites States,,,1
Didelphis virginiana,9267,mammalia,didelphimorphia,didelphidae,Ctenocephalides felis,FALSE,Ctenocephalides felis,on_host_occurrence,FleaMap,United States,,,37
Didelphis virginiana,9267,mammalia,didelphimorphia,didelphidae,Culex cedecei,FALSE,Culex cedecei,blood_meal,BloodMealMap,Unites States,,,1
Didelphis virginiana,9267,mammalia,didelphimorphia,didelphidae,Culex iolambdis,FALSE,Culex iolambdis,blood_meal,BloodMealMap,Unites States,,,1
Didelphis virginiana,9267,mammalia,didelphimorphia,didelphidae,Culex quinquefasciatus,FALSE,Culex quinquefasciatus,blood_meal,BloodMealMap,Unites States,,,2
Didelphis virginiana,9267,mammalia,didelphimorphia,didelphidae,Dermacentor albipictus,FALSE,Dermacentor albipictus,on_host_occurrence,TickMap,United States of America,,,8
Didelphis virginiana,9267,mammalia,didelphimorphia,didelphidae,Dermacentor variabilis,FALSE,Dermacentor variabilis,on_host_occurrence,TickMap,United States of America,,,40
Didelphis virginiana,9267,mammalia,didelphimorphia,didelphidae,Echidnophaga gallinacea,FALSE,Echidnophaga gallinacea,on_host_occurrence,FleaMap,United States,,,1
Didelphis virginiana,9267,mammalia,didelphimorphia,didelphidae,Ixodes affinis,FALSE,Ixodes affinis,on_host_occurrence,TickMap,United States of America,,,8
Didelphis virginiana,9267,mammalia,didelphimorphia,didelphidae,Ixodes cookei,FALSE,Ixodes cookei,on_host_occurrence,TickMap,United States of America,,,33
Didelphis virginiana,9267,mammalia,didelphimorphia,didelphidae,Ixodes scapularis,FALSE,Ixodes scapularis,on_host_occurrence,TickMap,United States; United States of America,,Borrelia burgdorferi; POWV (Deer tick virus),29
Didelphis virginiana,9267,mammalia,didelphimorphia,didelphidae,Ixodes texanus,FALSE,Ixodes texanus,on_host_occurrence,TickMap,United States of America,,,7
Didelphis virginiana,9267,mammalia,didelphimorphia,didelphidae,Polygenis gwyni,FALSE,Polygenis gwyni,on_host_occurrence,FleaMap,United States,,,4
Didelphis virginiana,9267,mammalia,didelphimorphia,didelphidae,Psorophora columbiae,FALSE,Psorophora columbiae,blood_meal,BloodMealMap,Unites States,,,1
Didelphis virginiana,9267,mammalia,didelphimorphia,didelphidae,Psorophora ferox,FALSE,Psorophora ferox,blood_meal,BloodMealMap,Unites States,,,1
Didelphis virginiana,9267,mammalia,didelphimorphia,didelphidae,Psorophora howardii,FALSE,Psorophora howardii,blood_meal,BloodMealMap,Unites States,,,1
Didelphis virginiana,9267,mammalia,didelphimorphia,didelphidae,Rhipicephalus sanguineus,FALSE,Rhipicephalus sanguineus,on_host_occurrence,TickMap,United States of America,,,4
Dromaius novaehollandiae,8790,aves,struthioniformes,casuariidae,Aedes vexans,FALSE,Aedes vexans,blood_meal,BloodMealMap,Unites States,,,1
Dromaius novaehollandiae,8790,aves,struthioniformes,casuariidae,Amblyomma maculatum,FALSE,Amblyomma maculatum,on_host_occurrence,TickMap,United States of America,,,8
Dromaius novaehollandiae,8790,aves,struthioniformes,casuariidae,Culex quinquefasciatus,FALSE,Culex quinquefasciatus,blood_meal,BloodMealMap,Unites States,,,1
Egretta thula,110681,aves,pelecaniformes,ardeidae,Culex erraticus,FALSE,Culex erraticus,blood_meal,BloodMealMap,Unites States,,,1
Egretta thula,110681,aves,pelecaniformes,ardeidae,Culex stigmatosoma,FALSE,Culex stigmatosoma,blood_meal,BloodMealMap,Unites States,,,1
Emberiza citrinella,37595,aves,passeriformes,emberizidae,Culex modestus,FALSE,Culex modestus,blood_meal,BloodMealMap,Czechia,,,1
Emberiza citrinella,37595,aves,passeriformes,emberizidae,Culex pipiens,FALSE,Culex pipiens,blood_meal,BloodMealMap,Czechia,,,1
Eptesicus fuscus,29078,mammalia,chiroptera,vespertilionidae,Ornithodoros kelleyi,FALSE,Ornithodoros kelleyi,on_host_occurrence,TickMap,United States of America,,,8
Equus asinus,9793,mammalia,perissodactyla,equidae,Amblyomma lepidum,FALSE,Amblyomma lepidum,on_host_occurrence,TickMap,Sudan,,,2
Equus asinus,9793,mammalia,perissodactyla,equidae,Amblyomma maculatum,FALSE,Amblyomma maculatum,on_host_occurrence,TickMap,Peru,,,3
Equus asinus,9793,mammalia,perissodactyla,equidae,Amblyomma variegatum,FALSE,Amblyomma variegatum,on_host_occurrence,TickMap,Burkina Faso; Ethiopia; Guinea-Bissau; Sudan,,,4
Equus asinus,9793,mammalia,perissodactyla,equidae,Anopheles atroparvus,FALSE,Anopheles atroparvus,blood_meal,BloodMealMap,ESP,,,1
Equus asinus,9793,mammalia,perissodactyla,equidae,Culex perexiguus,FALSE,Culex perexiguus,blood_meal,BloodMealMap,ESP,,,1
Equus asinus,9793,mammalia,perissodactyla,equidae,Dermacentor nitens,FALSE,Dermacentor nitens,on_host_occurrence,TickMap,Peru,,,5
Equus asinus,9793,mammalia,perissodactyla,equidae,Haemaphysalis leachi,FALSE,Haemaphysalis leachi,on_host_occurrence,TickMap,Ethiopia,,,1
Equus asinus,9793,mammalia,perissodactyla,equidae,Haemaphysalis parva,FALSE,Haemaphysalis parva,on_host_occurrence,TickMap,Libyan Arab Jamahiriya,,,1
Equus asinus,9793,mammalia,perissodactyla,equidae,Hyalomma anatolicum,FALSE,Hyalomma anatolicum,on_host_occurrence,TickMap,Sudan,,,9
Equus asinus,9793,mammalia,perissodactyla,equidae,Hyalomma dromedarii,FALSE,Hyalomma dromedarii,on_host_occurrence,TickMap,Central African Republic; Sudan,,,3
Equus asinus,9793,mammalia,perissodactyla,equidae,Hyalomma impeltatum,FALSE,Hyalomma impeltatum,on_host_occurrence,TickMap,Chad; Mauritania; Sudan,,,5
Equus asinus,9793,mammalia,perissodactyla,equidae,Hyalomma marginatum,FALSE,Hyalomma marginatum,on_host_occurrence,TickMap,Morocco,,,1
Equus asinus,9793,mammalia,perissodactyla,equidae,Hyalomma rufipes,FALSE,Hyalomma rufipes,on_host_occurrence,TickMap,Sudan,,,1
Equus asinus,9793,mammalia,perissodactyla,equidae,Hyalomma truncatum,FALSE,Hyalomma truncatum,on_host_occurrence,TickMap,Burkina Faso; Sudan,,,3
Equus asinus,9793,mammalia,perissodactyla,equidae,Rhipicephalus annulatus,FALSE,Rhipicephalus annulatus,on_host_occurrence,TickMap,Sudan,,,1
Equus asinus,9793,mammalia,perissodactyla,equidae,Rhipicephalus appendiculatus,FALSE,Rhipicephalus appendiculatus,on_host_occurrence,TickMap,South Africa,,,1
Equus asinus,9793,mammalia,perissodactyla,equidae,Rhipicephalus bursa,FALSE,Rhipicephalus bursa,on_host_occurrence,TickMap,Morocco,,,1
Equus asinus,9793,mammalia,perissodactyla,equidae,Rhipicephalus decoloratus,FALSE,Rhipicephalus decoloratus,on_host_occurrence,TickMap,Burkina Faso; Mali; Sudan,,,4
Equus asinus,9793,mammalia,perissodactyla,equidae,Rhipicephalus evertsi,FALSE,Rhipicephalus evertsi evertsi,on_host_occurrence,TickMap,Cameroon; Mali; Sudan; Uganda,,,11
Equus asinus,9793,mammalia,perissodactyla,equidae,Rhipicephalus microplus,FALSE,Rhipicephalus microplus,on_host_occurrence,TickMap,Ethiopia,,,1
Equus asinus,9793,mammalia,perissodactyla,equidae,Rhipicephalus sanguineus,FALSE,Rhipicephalus sanguineus,on_host_occurrence,TickMap,Burkina Faso; Central African Republic; Mali; Mauritania; Peru; Sudan,,,10
Equus asinus,9793,mammalia,perissodactyla,equidae,Rhipicephalus simus,FALSE,Rhipicephalus simus,on_host_occurrence,TickMap,Mali,,,1
Equus caballus,9796,mammalia,perissodactyla,equidae,Aedes mediovittatus,FALSE,Aedes mediovittatus,blood_meal,BloodMealMap,Puerto Rico,,,1
Equus caballus,9796,mammalia,perissodactyla,equidae,Amblyomma americanum,FALSE,Amblyomma americanum,on_host_occurrence,TickMap,United States of America,,,24
Equus caballus,9796,mammalia,perissodactyla,equidae,Amblyomma hebraeum,FALSE,Amblyomma hebraeum,on_host_occurrence,TickMap,Mozambique; South Africa,,,2
Equus caballus,9796,mammalia,perissodactyla,equidae,Amblyomma maculatum,FALSE,Amblyomma maculatum,on_host_occurrence,TickMap,Peru,,,6
Equus caballus,9796,mammalia,perissodactyla,equidae,Amblyomma triguttatum,FALSE,Amblyomma triguttatum,on_host_occurrence,TickMap,Australia,,,5
Equus caballus,9796,mammalia,perissodactyla,equidae,Amblyomma variegatum,FALSE,Amblyomma variegatum,on_host_occurrence,TickMap,Benin; Burkina Faso; Ghana; Guinea-Bissau; Senegal; Sudan; Zambia,,,10
Equus caballus,9796,mammalia,perissodactyla,equidae,Ctenocephalides felis,FALSE,Ctenocephalides felis,on_host_occurrence,FleaMap,Nicaragua,,,1
Equus caballus,9796,mammalia,perissodactyla,equidae,Dermacentor albipictus,FALSE,Dermacentor albipictus,on_host_occurrence,TickMap,United States of America,,,16
Equus caballus,9796,mammalia,perissodactyla,equidae,Dermacentor nitens,FALSE,Dermacentor nitens,on_host_occurrence,TickMap,Peru,,,5
Equus caballus,9796,mammalia,perissodactyla,equidae,Dermacentor nuttalli,FALSE,Dermacentor nuttalli,on_host_occurrence,TickMap,Mongolia,,,8
Equus caballus,9796,mammalia,perissodactyla,equidae,Dermacentor variabilis,FALSE,Dermacentor variabilis,on_host_occurrence,TickMap,United States of America,,,8
Equus caballus,9796,mammalia,perissodactyla,equidae,Haemaphysalis bancrofti,FALSE,Haemaphysalis bancrofti,on_host_occurrence,TickMap,Australia,,,4
Equus caballus,9796,mammalia,perissodactyla,equidae,Haemaphysalis leachi,FALSE,Haemaphysalis leachi,on_host_occurrence,TickMap,Ghana,,,7
Equus caballus,9796,mammalia,perissodactyla,equidae,Haemaphysalis longicornis,FALSE,Haemaphysalis longicornis,on_host_occurrence,TickMap,Australia,,,8
Equus caballus,9796,mammalia,perissodactyla,equidae,Hyalomma aegyptium,FALSE,Hyalomma aegyptium,on_host_occurrence,TickMap,"Congo, The Democratic Republic of The; Gambia",,,2
Equus caballus,9796,mammalia,perissodactyla,equidae,Hyalomma anatolicum,FALSE,Hyalomma anatolicum,on_host_occurrence,TickMap,Libyan Arab Jamahiriya; Sudan,,,15
Equus caballus,9796,mammalia,perissodactyla,equidae,Hyalomma dromedarii,FALSE,Hyalomma dromedarii,on_host_occurrence,TickMap,Central African Republic; Chad; Libyan Arab Jamahiriya; Niger; Senegal; Sudan,,,10
Equus caballus,9796,mammalia,perissodactyla,equidae,Hyalomma excavatum,FALSE,Hyalomma excavatum,on_host_occurrence,TickMap,Egypt,,,2
Equus caballus,9796,mammalia,perissodactyla,equidae,Hyalomma impeltatum,FALSE,Hyalomma impeltatum,on_host_occurrence,TickMap,Chad; Libyan Arab Jamahiriya; Mauritania; Sudan,,,6
Equus caballus,9796,mammalia,perissodactyla,equidae,Hyalomma impressum,FALSE,Hyalomma impressum,on_host_occurrence,TickMap,South Africa; Sudan,,,3
Equus caballus,9796,mammalia,perissodactyla,equidae,Hyalomma marginatum,FALSE,Hyalomma marginatum,on_host_occurrence,TickMap,Morocco,,,3
Equus caballus,9796,mammalia,perissodactyla,equidae,Hyalomma rufipes,FALSE,Hyalomma rufipes,on_host_occurrence,TickMap,Burkina Faso; Chad; Mali; South Africa; Sudan,,,11
Equus caballus,9796,mammalia,perissodactyla,equidae,Hyalomma truncatum,FALSE,Hyalomma truncatum,on_host_occurrence,TickMap,Chad; Mali; Senegal; Sudan; Zambia,,,9
Equus caballus,9796,mammalia,perissodactyla,equidae,Ixodes holocyclus,FALSE,Ixodes holocyclus,on_host_occurrence,TickMap,Australia,,,10
Equus caballus,9796,mammalia,perissodactyla,equidae,Ixodes rubicundus,FALSE,Ixodes rubicundus,on_host_occurrence,TickMap,South Africa,,,1
Equus caballus,9796,mammalia,perissodactyla,equidae,Ixodes tasmani,FALSE,Ixodes tasmani,on_host_occurrence,TickMap,Australia,,,1
Equus caballus,9796,mammalia,perissodactyla,equidae,Margaropus winthemi,FALSE,Margaropus winthemi,on_host_occurrence,TickMap,South Africa,,,1
Equus caballus,9796,mammalia,perissodactyla,equidae,Ornithodoros savignyi,FALSE,Ornithodoros savignyi,on_host_occurrence,TickMap,Sudan,,,1
Equus caballus,9796,mammalia,perissodactyla,equidae,Ornithodoros turicata,FALSE,Ornithodoros turicata,on_host_occurrence,TickMap,United States,,,1
Equus caballus,9796,mammalia,perissodactyla,equidae,Otobius megnini,FALSE,Otobius megnini,on_host_occurrence,TickMap,Peru; United States; Zimbabwe,,,10
Equus caballus,9796,mammalia,perissodactyla,equidae,Rhipicephalus appendiculatus,FALSE,Rhipicephalus appendiculatus,on_host_occurrence,TickMap,"Congo, The Democratic Republic of The; Mozambique; South Africa; Zambia",,,5
Equus caballus,9796,mammalia,perissodactyla,equidae,Rhipicephalus bursa,FALSE,Rhipicephalus bursa,on_host_occurrence,TickMap,Morocco,,,5
Equus caballus,9796,mammalia,perissodactyla,equidae,Rhipicephalus capensis,FALSE,Rhipicephalus capensis,on_host_occurrence,TickMap,South Africa,,,1
Equus caballus,9796,mammalia,perissodactyla,equidae,Rhipicephalus decoloratus,FALSE,Rhipicephalus decoloratus,on_host_occurrence,TickMap,"Burkina Faso; Congo, The Democratic Republic of The; Cote D'Ivoire; Ghana; Mali; Mozambique; Sudan; Togo; Zambia",,,17
Equus caballus,9796,mammalia,perissodactyla,equidae,Rhipicephalus evertsi,FALSE,Rhipicephalus evertsi; Rhipicephalus evertsi evertsi,on_host_occurrence,TickMap,"Burkina Faso; Cameroon; Central African Republic; Chad; Congo, The Democratic Republic of The; Mali; Mozambique; Niger; Nigeria; Senegal; South Africa; Sudan",,,22
Equus caballus,9796,mammalia,perissodactyla,equidae,Rhipicephalus evertsi,TRUE,Rhipicephalus evertsi mimeticus,on_host_occurrence,TickMap,Namibia,,,1
Equus caballus,9796,mammalia,perissodactyla,equidae,Rhipicephalus kochi,FALSE,Rhipicephalus kochi,on_host_occurrence,TickMap,Zimbabwe,,,8
Equus caballus,9796,mammalia,perissodactyla,equidae,Rhipicephalus masseyi,FALSE,Rhipicephalus masseyi,on_host_occurrence,TickMap,Zambia,,,1
Equus caballus,9796,mammalia,perissodactyla,equidae,Rhipicephalus microplus,FALSE,Rhipicephalus microplus,on_host_occurrence,TickMap,Australia; Mozambique,,,3
Equus caballus,9796,mammalia,perissodactyla,equidae,Rhipicephalus oculatus,FALSE,Rhipicephalus oculatus,on_host_occurrence,TickMap,South Africa,,,1
Equus caballus,9796,mammalia,perissodactyla,equidae,Rhipicephalus sanguineus,FALSE,Rhipicephalus sanguineus,on_host_occurrence,TickMap,Chad; Cote D'Ivoire; Mali; Nigeria; Sudan; Zambia,,,13
Equus caballus,9796,mammalia,perissodactyla,equidae,Rhipicephalus senegalensis,FALSE,Rhipicephalus senegalensis,on_host_occurrence,TickMap,Benin; Guinea-Bissau; Nigeria; Togo,,,7
Equus caballus,9796,mammalia,perissodactyla,equidae,Rhipicephalus simus,FALSE,Rhipicephalus simus,on_host_occurrence,TickMap,Senegal; South Africa; Sudan,,,7
Equus caballus,9796,mammalia,perissodactyla,equidae,Rhipicephalus tricuspis,FALSE,Rhipicephalus tricuspis,on_host_occurrence,TickMap,Sudan,,,1
Equus ferus,1114792,mammalia,perissodactyla,equidae,Aedes aegypti,FALSE,Aedes aegypti,blood_meal,BloodMealMap,Unites States,,,1
Equus ferus,1114792,mammalia,perissodactyla,equidae,Aedes albopictus,FALSE,Aedes albopictus,blood_meal,BloodMealMap,Unites States,,,2
Equus ferus,1114792,mammalia,perissodactyla,equidae,Aedes atlanticus,FALSE,Aedes atlanticus,blood_meal,BloodMealMap,Unites States,,,1
Equus ferus,1114792,mammalia,perissodactyla,equidae,Aedes bancroftianus,FALSE,Aedes bancroftianus,blood_meal,BloodMealMap,Australia,,,1
Equus ferus,1114792,mammalia,perissodactyla,equidae,Aedes caspius,FALSE,Aedes caspius,blood_meal,BloodMealMap,ESP,,,1
Equus ferus,1114792,mammalia,perissodactyla,equidae,Aedes cinereus,FALSE,Aedes cinereus,blood_meal,BloodMealMap,Unites States,,,1
Equus ferus,1114792,mammalia,perissodactyla,equidae,Aedes dorsalis,FALSE,Aedes dorsalis,blood_meal,BloodMealMap,Unites States,,,2
Equus ferus,1114792,mammalia,perissodactyla,equidae,Aedes fulvus,FALSE,Aedes fulvus,blood_meal,BloodMealMap,Brazil,,,1
Equus ferus,1114792,mammalia,perissodactyla,equidae,Aedes lineatopennis,FALSE,Aedes lineatopennis,blood_meal,BloodMealMap,South Africa,,,1
Equus ferus,1114792,mammalia,perissodactyla,equidae,Aedes melanimon,FALSE,Aedes melanimon,blood_meal,BloodMealMap,Unites States,,,3
Equus ferus,1114792,mammalia,perissodactyla,equidae,Aedes nigromaculis,FALSE,Aedes nigromaculis,blood_meal,BloodMealMap,Unites States,,,1
Equus ferus,1114792,mammalia,perissodactyla,equidae,Aedes scapularis,FALSE,Aedes scapularis,blood_meal,BloodMealMap,Brazil,,,4
Equus ferus,1114792,mammalia,perissodactyla,equidae,Aedes serratus,FALSE,Aedes serratus,blood_meal,BloodMealMap,Brazil,,,2
Equus ferus,1114792,mammalia,perissodactyla,equidae,Aedes sierrensis,FALSE,Aedes sierrensis,blood_meal,BloodMealMap,Unites States,,,1
Equus ferus,1114792,mammalia,perissodactyla,equidae,Aedes sollicitans,FALSE,Aedes sollicitans,blood_meal,BloodMealMap,Unites States,,,1
Equus ferus,1114792,mammalia,perissodactyla,equidae,Aedes sticticus,FALSE,Aedes sticticus,blood_meal,BloodMealMap,Unites States,,,2
Equus ferus,1114792,mammalia,perissodactyla,equidae,Aedes stimulans,FALSE,Aedes stimulans,blood_meal,BloodMealMap,Unites States,,,1
Equus ferus,1114792,mammalia,perissodactyla,equidae,Aedes taeniorhynchus,FALSE,Aedes taeniorhynchus,blood_meal,BloodMealMap,Brazil,,,1
Equus ferus,1114792,mammalia,perissodactyla,equidae,Aedes thibaulti,FALSE,Aedes thibaulti,blood_meal,BloodMealMap,Unites States,,,1
Equus ferus,1114792,mammalia,perissodactyla,equidae,Aedes triseriatus,FALSE,Aedes triseriatus,blood_meal,BloodMealMap,Unites States,,,1
Equus ferus,1114792,mammalia,perissodactyla,equidae,Aedes trivittatus,FALSE,Aedes trivittatus,blood_meal,BloodMealMap,Unites States,,,4
Equus ferus,1114792,mammalia,perissodactyla,equidae,Aedes vexans,FALSE,Aedes vexans,blood_meal,BloodMealMap,Hungary; Russia; Senegal; Switzerland; Unites States,,,19
Equus ferus,1114792,mammalia,perissodactyla,equidae,Aedes vigilax,FALSE,Aedes vigilax,blood_meal,BloodMealMap,Australia,,,2
Equus ferus,1114792,mammalia,perissodactyla,equidae,Aedes vittiger,FALSE,Aedes vittiger,blood_meal,BloodMealMap,Australia,,,1
Equus ferus,1114792,mammalia,perissodactyla,equidae,Amblyomma cajennense,FALSE,Amblyomma cajennense,on_host_occurrence,TickMap,United States of America,,,16
Equus ferus,1114792,mammalia,perissodactyla,equidae,Amblyomma maculatum,FALSE,Amblyomma maculatum,on_host_occurrence,TickMap,United States of America,,,8
Equus ferus,1114792,mammalia,perissodactyla,equidae,Anopheles albitarsis,FALSE,Anopheles albitarsis,blood_meal,BloodMealMap,Brazil,,,3
Equus ferus,1114792,mammalia,perissodactyla,equidae,Anopheles amictus,FALSE,Anopheles amictus,blood_meal,BloodMealMap,Australia,,,1
Equus ferus,1114792,mammalia,perissodactyla,equidae,Anopheles annulipes,FALSE,Anopheles annulipes,blood_meal,BloodMealMap,Australia,,,3
Equus ferus,1114792,mammalia,perissodactyla,equidae,Anopheles apicimacula,FALSE,Anopheles apicimacula,blood_meal,BloodMealMap,Panama,,,1
Equus ferus,1114792,mammalia,perissodactyla,equidae,Anopheles aquasalis,FALSE,Anopheles aquasalis,blood_meal,BloodMealMap,Brazil,,,1
Equus ferus,1114792,mammalia,perissodactyla,equidae,Anopheles atroparvus,FALSE,Anopheles atroparvus,blood_meal,BloodMealMap,ESP,,,1
Equus ferus,1114792,mammalia,perissodactyla,equidae,Anopheles bancroftii,FALSE,Anopheles bancroftii,blood_meal,BloodMealMap,Australia,,,1
Equus ferus,1114792,mammalia,perissodactyla,equidae,Anopheles crucians,FALSE,Anopheles crucians,blood_meal,BloodMealMap,Unites States,,,2
Equus ferus,1114792,mammalia,perissodactyla,equidae,Anopheles cruzii,FALSE,Anopheles cruzii,blood_meal,BloodMealMap,Brazil,,,1
Equus ferus,1114792,mammalia,perissodactyla,equidae,Anopheles evansae,FALSE,Anopheles evansae,blood_meal,BloodMealMap,Brazil,,,1
Equus ferus,1114792,mammalia,perissodactyla,equidae,Anopheles freeborni,FALSE,Anopheles freeborni,blood_meal,BloodMealMap,Unites States,,,3
Equus ferus,1114792,mammalia,perissodactyla,equidae,Anopheles messeae,FALSE,Anopheles messeae,blood_meal,BloodMealMap,Russia,,,1
Equus ferus,1114792,mammalia,perissodactyla,equidae,Anopheles peryassui,FALSE,Anopheles peryassui,blood_meal,BloodMealMap,Brazil,,,1
Equus ferus,1114792,mammalia,perissodactyla,equidae,Anopheles punctipennis,FALSE,Anopheles punctipennis,blood_meal,BloodMealMap,Unites States,,,2
Equus ferus,1114792,mammalia,perissodactyla,equidae,Anopheles quadrimaculatus,FALSE,Anopheles quadrimaculatus,blood_meal,BloodMealMap,Unites States,,,4
Equus ferus,1114792,mammalia,perissodactyla,equidae,Chagasia fajardi,FALSE,Chagasia fajardi,blood_meal,BloodMealMap,Brazil,,,1
Equus ferus,1114792,mammalia,perissodactyla,equidae,Coquillettidia perturbans,FALSE,Coquillettidia perturbans,blood_meal,BloodMealMap,Unites States,,,2
Equus ferus,1114792,mammalia,perissodactyla,equidae,Coquillettidia shannoni,FALSE,Coquillettidia shannoni,blood_meal,BloodMealMap,Brazil,,,1
Equus ferus,1114792,mammalia,perissodactyla,equidae,Coquillettidia venezuelensis,FALSE,Coquillettidia venezuelensis,blood_meal,BloodMealMap,Brazil; Panama,,,3
Equus ferus,1114792,mammalia,perissodactyla,equidae,Coquillettidia xanthogaster,FALSE,Coquillettidia xanthogaster,blood_meal,BloodMealMap,Australia,,,2
Equus ferus,1114792,mammalia,perissodactyla,equidae,Culex amazonensis,FALSE,Culex amazonensis,blood_meal,BloodMealMap,Brazil,,,1
Equus ferus,1114792,mammalia,perissodactyla,equidae,Culex annulirostris,FALSE,Culex annulirostris,blood_meal,BloodMealMap,Australia,,,19
Equus ferus,1114792,mammalia,perissodactyla,equidae,Culex aureonotatus,FALSE,Culex aureonotatus,blood_meal,BloodMealMap,Brazil,,,1
Equus ferus,1114792,mammalia,perissodactyla,equidae,Culex australicus,FALSE,Culex australicus,blood_meal,BloodMealMap,Australia,,,1
Equus ferus,1114792,mammalia,perissodactyla,equidae,Culex bastagarius,FALSE,Culex bastagarius,blood_meal,BloodMealMap,Brazil,,,1
Equus ferus,1114792,mammalia,perissodactyla,equidae,Culex bitaeniorhynchus,FALSE,Culex bitaeniorhynchus,blood_meal,BloodMealMap,India,,,1
Equus ferus,1114792,mammalia,perissodactyla,equidae,Culex chaetoventralis,FALSE,Culex chaetoventralis,blood_meal,BloodMealMap,Unites States,,,1
Equus ferus,1114792,mammalia,perissodactyla,equidae,Culex cheesmanae,FALSE,Culex cheesmanae,blood_meal,BloodMealMap,Unites States,,,1
Equus ferus,1114792,mammalia,perissodactyla,equidae,Culex chidesteri,FALSE,Culex chidesteri,blood_meal,BloodMealMap,Brazil,,,1
Equus ferus,1114792,mammalia,perissodactyla,equidae,Culex coronator,FALSE,Culex coronator,blood_meal,BloodMealMap,Brazil,,,1
Equus ferus,1114792,mammalia,perissodactyla,equidae,Culex declarator,FALSE,Culex declarator,blood_meal,BloodMealMap,Brazil,,,1
Equus ferus,1114792,mammalia,perissodactyla,equidae,Culex gelidus,FALSE,Culex gelidus,blood_meal,BloodMealMap,Singapore,,,2
Equus ferus,1114792,mammalia,perissodactyla,equidae,Culex modestus,FALSE,Culex modestus,blood_meal,BloodMealMap,Russia,,,1
Equus ferus,1114792,mammalia,perissodactyla,equidae,Culex nigripalpus,FALSE,Culex nigripalpus,blood_meal,BloodMealMap,Guatemala; Panama,,,2
Equus ferus,1114792,mammalia,perissodactyla,equidae,Culex pipiens,FALSE,Culex pipiens,blood_meal,BloodMealMap,South Africa; Unites States,,,5
Equus ferus,1114792,mammalia,perissodactyla,equidae,Culex pleuristriatus,FALSE,Culex pleuristriatus,blood_meal,BloodMealMap,Brazil,,,1
Equus ferus,1114792,mammalia,perissodactyla,equidae,Culex pseudovishnui,FALSE,Culex pseudovishnui,blood_meal,BloodMealMap,India,,,1
Equus ferus,1114792,mammalia,perissodactyla,equidae,Culex quinquefasciatus,FALSE,Culex quinquefasciatus,blood_meal,BloodMealMap,Australia; Brazil; Mexico; Singapore; Unites States,,,12
Equus ferus,1114792,mammalia,perissodactyla,equidae,Culex salinarius,FALSE,Culex salinarius,blood_meal,BloodMealMap,Unites States,,,1
Equus ferus,1114792,mammalia,perissodactyla,equidae,Culex shanahani,FALSE,Culex shanahani,blood_meal,BloodMealMap,Japan,,,1
Equus ferus,1114792,mammalia,perissodactyla,equidae,Culex sitiens,FALSE,Culex sitiens,blood_meal,BloodMealMap,Australia; Singapore,,,2
Equus ferus,1114792,mammalia,perissodactyla,equidae,Culex stigmatosoma,FALSE,Culex stigmatosoma,blood_meal,BloodMealMap,Unites States,,,1
Equus ferus,1114792,mammalia,perissodactyla,equidae,Culex taeniopus,FALSE,Culex taeniopus,blood_meal,BloodMealMap,Guatemala,,,1
Equus ferus,1114792,mammalia,perissodactyla,equidae,Culex tarsalis,FALSE,Culex tarsalis,blood_meal,BloodMealMap,Unites States,,,9
Equus ferus,1114792,mammalia,perissodactyla,equidae,Culex thalassius,FALSE,Culex thalassius,blood_meal,BloodMealMap,The Gambia,,,1
Equus ferus,1114792,mammalia,perissodactyla,equidae,Culex theileri,FALSE,Culex theileri,blood_meal,BloodMealMap,South Africa,,,1
Equus ferus,1114792,mammalia,perissodactyla,equidae,Culex tritaeniorhynchus,FALSE,Culex tritaeniorhynchus,blood_meal,BloodMealMap,India; Japan; Singapore,,,4
Equus ferus,1114792,mammalia,perissodactyla,equidae,Culex univittatus,FALSE,Culex univittatus,blood_meal,BloodMealMap,South Africa,,,1
Equus ferus,1114792,mammalia,perissodactyla,equidae,Culex usquatus,FALSE,Culex usquatus,blood_meal,BloodMealMap,Brazil,,,1
Equus ferus,1114792,mammalia,perissodactyla,equidae,Culex versabilis,FALSE,Culex versabilis,blood_meal,BloodMealMap,Unites States,,,1
Equus ferus,1114792,mammalia,perissodactyla,equidae,Culex vishnui,FALSE,Culex vishnui,blood_meal,BloodMealMap,India; Singapore,,,2
Equus ferus,1114792,mammalia,perissodactyla,equidae,Culex walukasi,FALSE,Culex walukasi,blood_meal,BloodMealMap,Unites States,,,1
Equus ferus,1114792,mammalia,perissodactyla,equidae,Culex wamanguae,FALSE,Culex wamanguae,blood_meal,BloodMealMap,Unites States,,,1
Equus ferus,1114792,mammalia,perissodactyla,equidae,Culiseta incidens,FALSE,Culiseta incidens,blood_meal,BloodMealMap,Unites States,,,1
Equus ferus,1114792,mammalia,perissodactyla,equidae,Culiseta inornata,FALSE,Culiseta inornata,blood_meal,BloodMealMap,Unites States,,,4
Equus ferus,1114792,mammalia,perissodactyla,equidae,Culiseta melanura,FALSE,Culiseta melanura,blood_meal,BloodMealMap,Unites States,,,1
Equus ferus,1114792,mammalia,perissodactyla,equidae,Culiseta morsitans,FALSE,Culiseta morsitans,blood_meal,BloodMealMap,Unites States,,,1
Equus ferus,1114792,mammalia,perissodactyla,equidae,Deinocerites cancer,FALSE,Deinocerites cancer,blood_meal,BloodMealMap,Panama,,,1
Equus ferus,1114792,mammalia,perissodactyla,equidae,Deinocerites dyari,FALSE,Deinocerites dyari,blood_meal,BloodMealMap,Panama,,,1
Equus ferus,1114792,mammalia,perissodactyla,equidae,Deinocerites epitedeus,FALSE,Deinocerites epitedeus,blood_meal,BloodMealMap,Panama,,,1
Equus ferus,1114792,mammalia,perissodactyla,equidae,Deinocerites pseudes,FALSE,Deinocerites pseudes,blood_meal,BloodMealMap,Nicaragua; Panama,,,2
Equus ferus,1114792,mammalia,perissodactyla,equidae,Dermacentor nitens,FALSE,Dermacentor nitens,on_host_occurrence,TickMap,United States of America,,,16
Equus ferus,1114792,mammalia,perissodactyla,equidae,Dermacentor variabilis,FALSE,Dermacentor variabilis,on_host_occurrence,TickMap,United States of America,,,8
Equus ferus,1114792,mammalia,perissodactyla,equidae,Haemagogus janthinomys,FALSE,Haemagogus janthinomys,blood_meal,BloodMealMap,Brazil,,,8
Equus ferus,1114792,mammalia,perissodactyla,equidae,Ixodes scapularis,FALSE,Ixodes scapularis,on_host_occurrence,TickMap,United States of America,,Borellia burgdorferi,4
Equus ferus,1114792,mammalia,perissodactyla,equidae,Limatus durhamii,FALSE,Limatus durhamii,blood_meal,BloodMealMap,Brazil,,,1
Equus ferus,1114792,mammalia,perissodactyla,equidae,Lutzia fuscana,FALSE,Lutzia fuscana,blood_meal,BloodMealMap,India,,,1
Equus ferus,1114792,mammalia,perissodactyla,equidae,Lutzia halifaxii,FALSE,Lutzia halifaxii,blood_meal,BloodMealMap,Unites States,,,1
Equus ferus,1114792,mammalia,perissodactyla,equidae,Lutzia tigripes,FALSE,Lutzia tigripes,blood_meal,BloodMealMap,Unites States,,,1
Equus ferus,1114792,mammalia,perissodactyla,equidae,Mansonia indubitans,FALSE,Mansonia indubitans,blood_meal,BloodMealMap,Panama,,,1
Equus ferus,1114792,mammalia,perissodactyla,equidae,Mansonia titillans,FALSE,Mansonia titillans,blood_meal,BloodMealMap,Brazil; Panama; Unites States,,,5
Equus ferus,1114792,mammalia,perissodactyla,equidae,Mansonia uniformis,FALSE,Mansonia uniformis,blood_meal,BloodMealMap,Australia,,,2
Equus ferus,1114792,mammalia,perissodactyla,equidae,Psorophora albigenu,FALSE,Psorophora albigenu,blood_meal,BloodMealMap,Brazil,,,2
Equus ferus,1114792,mammalia,perissodactyla,equidae,Psorophora albipes,FALSE,Psorophora albipes,blood_meal,BloodMealMap,Brazil,,,1
Equus ferus,1114792,mammalia,perissodactyla,equidae,Psorophora ciliata,FALSE,Psorophora ciliata,blood_meal,BloodMealMap,Brazil,,,1
Equus ferus,1114792,mammalia,perissodactyla,equidae,Psorophora cingulata,FALSE,Psorophora cingulata,blood_meal,BloodMealMap,Panama,,,1
Equus ferus,1114792,mammalia,perissodactyla,equidae,Psorophora columbiae,FALSE,Psorophora columbiae,blood_meal,BloodMealMap,Unites States,,,1
Equus ferus,1114792,mammalia,perissodactyla,equidae,Psorophora confinnis,FALSE,Psorophora confinnis,blood_meal,BloodMealMap,Unites States,,,2
Equus ferus,1114792,mammalia,perissodactyla,equidae,Psorophora discolor,FALSE,Psorophora discolor,blood_meal,BloodMealMap,Unites States,,,1
Equus ferus,1114792,mammalia,perissodactyla,equidae,Psorophora ferox,FALSE,Psorophora ferox,blood_meal,BloodMealMap,Brazil; Panama; Unites States,,,5
Equus ferus,1114792,mammalia,perissodactyla,equidae,Wyeomyia davisi,FALSE,Wyeomyia davisi,blood_meal,BloodMealMap,Brazil,,,1
Equus ferus,1114792,mammalia,perissodactyla,equidae,Wyeomyia deanei,FALSE,Wyeomyia deanei,blood_meal,BloodMealMap,Brazil,,,1
Equus ferus,1114792,mammalia,perissodactyla,equidae,Wyeomyia theobaldi,FALSE,Wyeomyia theobaldi,blood_meal,BloodMealMap,Brazil,,,1
Erinaceus europaeus,9365,mammalia,eulipotyphla,erinaceidae,Archaeopsylla erinacei,FALSE,Archaeopsylla erinacei erinacei,on_host_occurrence,FleaMap,Germany; Ireland; Israel; Netherlands; Turkey; United Kingdom; United States,,,38
Erinaceus europaeus,9365,mammalia,eulipotyphla,erinaceidae,Ctenocephalides felis,FALSE,Ctenocephalides felis,on_host_occurrence,FleaMap,Germany,,,1
Erythrocebus patas,9538,mammalia,primates,cercopithecidae,Amblyomma variegatum,FALSE,Amblyomma variegatum,on_host_occurrence,TickMap,Cameroon,,,1
Erythrocebus patas,9538,mammalia,primates,cercopithecidae,Ctenocephalides felis,FALSE,Ctenocephalides felis,on_host_occurrence,FleaMap,Sudan,,,2
Erythrocebus patas,9538,mammalia,primates,cercopithecidae,Rhipicephalus moucheti,FALSE,Rhipicephalus moucheti,on_host_occurrence,TickMap,Cameroon,,,1
Erythrocebus patas,9538,mammalia,primates,cercopithecidae,Rhipicephalus sanguineus,FALSE,Rhipicephalus sanguineus,on_host_occurrence,TickMap,Burkina Faso,,,1
Erythrocebus patas,9538,mammalia,primates,cercopithecidae,Rhipicephalus sulcatus,FALSE,Rhipicephalus sulcatus,on_host_occurrence,TickMap,Burkina Faso,,,1
Euphagus cyanocephalus,84817,aves,passeriformes,icteridae,Culex pipiens,FALSE,Culex pipiens,blood_meal,BloodMealMap,Unites States,,,5
Euphagus cyanocephalus,84817,aves,passeriformes,icteridae,Culex stigmatosoma,FALSE,Culex stigmatosoma,blood_meal,BloodMealMap,Unites States,,,2
Euphagus cyanocephalus,84817,aves,passeriformes,icteridae,Culex tarsalis,FALSE,Culex tarsalis,blood_meal,BloodMealMap,Unites States,,,3
Eupodotis senegalensis,89385,aves,otidiformes,otididae,Amblyomma variegatum,FALSE,Amblyomma variegatum,on_host_occurrence,TickMap,Burkina Faso,,,1
Eupodotis senegalensis,89385,aves,otidiformes,otididae,Hyalomma rufipes,FALSE,Hyalomma rufipes,on_host_occurrence,TickMap,Burkina Faso,,,1
Falco peregrinus,8954,aves,falconiformes,falconidae,Culex pipiens,FALSE,Culex pipiens,blood_meal,BloodMealMap,Unites States,,,1
Falco sparverius,56350,aves,falconiformes,falconidae,Culex pipiens,FALSE,Culex pipiens,blood_meal,BloodMealMap,Unites States,,,4
Falco sparverius,56350,aves,falconiformes,falconidae,Culex quinquefasciatus,FALSE,Culex quinquefasciatus,blood_meal,BloodMealMap,Unites States,,,1
Falco sparverius,56350,aves,falconiformes,falconidae,Culex stigmatosoma,FALSE,Culex stigmatosoma,blood_meal,BloodMealMap,Unites States,,,1
Falco sparverius,56350,aves,falconiformes,falconidae,Culex tarsalis,FALSE,Culex tarsalis,blood_meal,BloodMealMap,Unites States,,,4
Falco sparverius,56350,aves,falconiformes,falconidae,Oropsylla rupestris,FALSE,Oropsylla rupestris,on_host_occurrence,FleaMap,United States,,,1
Falco tinnunculus,100819,aves,falconiformes,falconidae,Hyalomma aegyptium,FALSE,Hyalomma aegyptium,on_host_occurrence,TickMap,Morocco,,,1
Felis catus,9685,mammalia,carnivora,felidae,Aedes aegypti,FALSE,Aedes aegypti,blood_meal,BloodMealMap,Australia; Thailand; Unites States,,,4
Felis catus,9685,mammalia,carnivora,felidae,Aedes albopictus,FALSE,Aedes albopictus,blood_meal,BloodMealMap,Japan; Singapore; Unites States,,,6
Felis catus,9685,mammalia,carnivora,felidae,Aedes atlanticus,FALSE,Aedes atlanticus,blood_meal,BloodMealMap,Unites States,,,1
Felis catus,9685,mammalia,carnivora,felidae,Aedes canadensis,FALSE,Aedes canadensis,blood_meal,BloodMealMap,Unites States,,,2
Felis catus,9685,mammalia,carnivora,felidae,Aedes cantator,FALSE,Aedes cantator,blood_meal,BloodMealMap,Unites States,,,1
Felis catus,9685,mammalia,carnivora,felidae,Aedes caspius,FALSE,Aedes caspius,blood_meal,BloodMealMap,Russia,,,1
Felis catus,9685,mammalia,carnivora,felidae,Aedes cinereus,FALSE,Aedes cinereus,blood_meal,BloodMealMap,Unites States,,,1
Felis catus,9685,mammalia,carnivora,felidae,Aedes excrucians,FALSE,Aedes excrucians,blood_meal,BloodMealMap,Unites States,,,1
Felis catus,9685,mammalia,carnivora,felidae,Aedes flavescens,FALSE,Aedes flavescens,blood_meal,BloodMealMap,Unites States,,,1
Felis catus,9685,mammalia,carnivora,felidae,Aedes hendersoni,FALSE,Aedes hendersoni,blood_meal,BloodMealMap,Unites States,,,1
Felis catus,9685,mammalia,carnivora,felidae,Aedes increpitus,FALSE,Aedes increpitus,blood_meal,BloodMealMap,Unites States,,,1
Felis catus,9685,mammalia,carnivora,felidae,Aedes japonicus,FALSE,Aedes japonicus,blood_meal,BloodMealMap,Unites States,,,1
Felis catus,9685,mammalia,carnivora,felidae,Aedes notoscriptus,FALSE,Aedes notoscriptus,blood_meal,BloodMealMap,Australia,,,1
Felis catus,9685,mammalia,carnivora,felidae,Aedes scapularis,FALSE,Aedes scapularis,blood_meal,BloodMealMap,Brazil,,,1
Felis catus,9685,mammalia,carnivora,felidae,Aedes sierrensis,FALSE,Aedes sierrensis,blood_meal,BloodMealMap,Unites States,,,2
Felis catus,9685,mammalia,carnivora,felidae,Aedes sticticus,FALSE,Aedes sticticus,blood_meal,BloodMealMap,Unites States,,,1
Felis catus,9685,mammalia,carnivora,felidae,Aedes stimulans,FALSE,Aedes stimulans,blood_meal,BloodMealMap,Unites States,,,1
Felis catus,9685,mammalia,carnivora,felidae,Aedes triseriatus,FALSE,Aedes triseriatus,blood_meal,BloodMealMap,Unites States,,,4
Felis catus,9685,mammalia,carnivora,felidae,Aedes trivittatus,FALSE,Aedes trivittatus,blood_meal,BloodMealMap,Unites States,,,4
Felis catus,9685,mammalia,carnivora,felidae,Aedes vexans,FALSE,Aedes vexans,blood_meal,BloodMealMap,Russia; Switzerland; Unites States,,,7
Felis catus,9685,mammalia,carnivora,felidae,Aedes vigilax,FALSE,Aedes vigilax,blood_meal,BloodMealMap,Australia,,,1
Felis catus,9685,mammalia,carnivora,felidae,Amblyomma americanum,FALSE,Amblyomma americanum,on_host_occurrence,TickMap,United States of America,,R. Rickettsii,116
Felis catus,9685,mammalia,carnivora,felidae,Amblyomma maculatum,FALSE,Amblyomma maculatum,on_host_occurrence,TickMap,United States of America,,,8
Felis catus,9685,mammalia,carnivora,felidae,Amblyomma nuttalli,FALSE,Amblyomma nuttalli,on_host_occurrence,TickMap,Benin,,,1
Felis catus,9685,mammalia,carnivora,felidae,Amblyomma variegatum,FALSE,Amblyomma variegatum,on_host_occurrence,TickMap,Benin,,,1
Felis catus,9685,mammalia,carnivora,felidae,Anopheles annulipes,FALSE,Anopheles annulipes,blood_meal,BloodMealMap,Australia,,,1
Felis catus,9685,mammalia,carnivora,felidae,Anopheles coustani,FALSE,Anopheles coustani,blood_meal,BloodMealMap,Madagascar,,,1
Felis catus,9685,mammalia,carnivora,felidae,Anopheles freeborni,FALSE,Anopheles freeborni,blood_meal,BloodMealMap,Unites States,,,2
Felis catus,9685,mammalia,carnivora,felidae,Anopheles funestus,FALSE,Anopheles funestus,blood_meal,BloodMealMap,Madagascar; Tanzania,,,2
Felis catus,9685,mammalia,carnivora,felidae,Anopheles messeae,FALSE,Anopheles messeae,blood_meal,BloodMealMap,Russia,,,1
Felis catus,9685,mammalia,carnivora,felidae,Anopheles peryassui,FALSE,Anopheles peryassui,blood_meal,BloodMealMap,Brazil,,,1
Felis catus,9685,mammalia,carnivora,felidae,Anopheles punctipennis,FALSE,Anopheles punctipennis,blood_meal,BloodMealMap,Unites States,,,2
Felis catus,9685,mammalia,carnivora,felidae,Anopheles quadrimaculatus,FALSE,Anopheles quadrimaculatus,blood_meal,BloodMealMap,Unites States,,,1
Felis catus,9685,mammalia,carnivora,felidae,Anopheles vestitipennis,FALSE,Anopheles vestitipennis,blood_meal,BloodMealMap,Belize,,,1
Felis catus,9685,mammalia,carnivora,felidae,Argas vespertilionis,FALSE,Argas vespertilionis,on_host_occurrence,TickMap,South Africa,,,1
Felis catus,9685,mammalia,carnivora,felidae,Coquillettidia shannoni,FALSE,Coquillettidia shannoni,blood_meal,BloodMealMap,Brazil,,,1
Felis catus,9685,mammalia,carnivora,felidae,Coquillettidia xanthogaster,FALSE,Coquillettidia xanthogaster,blood_meal,BloodMealMap,Australia,,,1
Felis catus,9685,mammalia,carnivora,felidae,Ctenocephalides canis,FALSE,Ctenocephalides canis,on_host_occurrence,FleaMap,Kenya,,Rickettsia,1
Felis catus,9685,mammalia,carnivora,felidae,Ctenocephalides felis,FALSE,Ctenocephalides felis,on_host_occurrence,FleaMap,Australia; France; Iraq; Japan; Kenya; United States; Vietnam; Yemen,,Rickettsia,57
Felis catus,9685,mammalia,carnivora,felidae,Culex annulirostris,FALSE,Culex annulirostris,blood_meal,BloodMealMap,Australia,,,10
Felis catus,9685,mammalia,carnivora,felidae,Culex declarator,FALSE,Culex declarator,blood_meal,BloodMealMap,Trinidad & Tobago,,,1
Felis catus,9685,mammalia,carnivora,felidae,Culex gelidus,FALSE,Culex gelidus,blood_meal,BloodMealMap,Singapore,,,1
Felis catus,9685,mammalia,carnivora,felidae,Culex globocoxitus,FALSE,Culex globocoxitus,blood_meal,BloodMealMap,Australia,,,2
Felis catus,9685,mammalia,carnivora,felidae,Culex hortensis,FALSE,Culex hortensis,blood_meal,BloodMealMap,Switzerland,,,1
Felis catus,9685,mammalia,carnivora,felidae,Culex perexiguus,FALSE,Culex perexiguus,blood_meal,BloodMealMap,Israel,,,1
Felis catus,9685,mammalia,carnivora,felidae,Culex pipiens,FALSE,Culex pipiens,blood_meal,BloodMealMap,Czechia; Egypt; Israel; Russia; Serbia; Unites States,,,10
Felis catus,9685,mammalia,carnivora,felidae,Culex quinquefasciatus,FALSE,Culex quinquefasciatus,blood_meal,BloodMealMap,Australia; Brazil; Japan; Mexico; Unites States,,,11
Felis catus,9685,mammalia,carnivora,felidae,Culex salinarius,FALSE,Culex salinarius,blood_meal,BloodMealMap,Unites States,,,1
Felis catus,9685,mammalia,carnivora,felidae,Culex tarsalis,FALSE,Culex tarsalis,blood_meal,BloodMealMap,Unites States,,,4
Felis catus,9685,mammalia,carnivora,felidae,Culex thalassius,FALSE,Culex thalassius,blood_meal,BloodMealMap,The Gambia,,,1
Felis catus,9685,mammalia,carnivora,felidae,Culex theileri,FALSE,Culex theileri,blood_meal,BloodMealMap,ESP,,,1
Felis catus,9685,mammalia,carnivora,felidae,Culex uniformis,FALSE,Culex uniformis,blood_meal,BloodMealMap,Unites States,,,1
Felis catus,9685,mammalia,carnivora,felidae,Culex vishnui,FALSE,Culex vishnui,blood_meal,BloodMealMap,Singapore,,,1
Felis catus,9685,mammalia,carnivora,felidae,Culiseta annulata,FALSE,Culiseta annulata,blood_meal,BloodMealMap,Russia,,,1
Felis catus,9685,mammalia,carnivora,felidae,Culiseta inornata,FALSE,Culiseta inornata,blood_meal,BloodMealMap,Unites States,,,1
Felis catus,9685,mammalia,carnivora,felidae,Culiseta melanura,FALSE,Culiseta melanura,blood_meal,BloodMealMap,Unites States,,,2
Felis catus,9685,mammalia,carnivora,felidae,Deinocerites cancer,FALSE,Deinocerites cancer,blood_meal,BloodMealMap,Panama,,,1
Felis catus,9685,mammalia,carnivora,felidae,Deinocerites epitedeus,FALSE,Deinocerites epitedeus,blood_meal,BloodMealMap,Panama,,,1
Felis catus,9685,mammalia,carnivora,felidae,Dermacentor reticulatus,FALSE,Dermacentor reticulatus,on_host_occurrence,TickMap,Georgia,,,1
Felis catus,9685,mammalia,carnivora,felidae,Dermacentor variabilis,FALSE,Dermacentor variabilis,on_host_occurrence,TickMap,United States of America,,R. Rickettsii,32
Felis catus,9685,mammalia,carnivora,felidae,Echidnophaga gallinacea,FALSE,Echidnophaga gallinacea,on_host_occurrence,FleaMap,Kenya; United States,,Rickettsia,12
Felis catus,9685,mammalia,carnivora,felidae,Haemaphysalis bancrofti,FALSE,Haemaphysalis bancrofti,on_host_occurrence,TickMap,Australia,,,1
Felis catus,9685,mammalia,carnivora,felidae,Haemaphysalis leachi,FALSE,Haemaphysalis leachi,on_host_occurrence,TickMap,"Benin; Cameroon; Congo, The Democratic Republic of The; Cote D'Ivoire; Mali; Rwanda; Senegal; Sudan; Togo",,,17
Felis catus,9685,mammalia,carnivora,felidae,Haemaphysalis leporispalustris,FALSE,Haemaphysalis leporispalustris,on_host_occurrence,TickMap,United States of America,,,24
Felis catus,9685,mammalia,carnivora,felidae,Haemaphysalis moreli,FALSE,Haemaphysalis moreli,on_host_occurrence,TickMap,Central African Republic; Cote D'Ivoire; Liberia; Uganda,,,4
Felis catus,9685,mammalia,carnivora,felidae,Haemaphysalis paraleachi,FALSE,Haemaphysalis paraleachi,on_host_occurrence,TickMap,Cote D'Ivoire; Liberia; Sudan,,,3
Felis catus,9685,mammalia,carnivora,felidae,Haemaphysalis parmata,FALSE,Haemaphysalis parmata,on_host_occurrence,TickMap,Cote D'Ivoire,,,1
Felis catus,9685,mammalia,carnivora,felidae,Haemaphysalis spinulosa,FALSE,Haemaphysalis spinulosa,on_host_occurrence,TickMap,"Congo, The Democratic Republic of The; Sudan; Zambia",,,4
Felis catus,9685,mammalia,carnivora,felidae,Hyalomma impressum,FALSE,Hyalomma impressum,on_host_occurrence,TickMap,South Africa,,,1
Felis catus,9685,mammalia,carnivora,felidae,Ixodes cookei,FALSE,Ixodes cookei,on_host_occurrence,TickMap,United States of America,,,8
Felis catus,9685,mammalia,carnivora,felidae,Ixodes cornuatus,FALSE,Ixodes cornuatus,on_host_occurrence,TickMap,Australia,,,1
Felis catus,9685,mammalia,carnivora,felidae,Ixodes cumulatimpunctatus,FALSE,Ixodes cumulatimpunctatus,on_host_occurrence,TickMap,Cote D'Ivoire,,,1
Felis catus,9685,mammalia,carnivora,felidae,Ixodes hirsti,FALSE,Ixodes hirsti,on_host_occurrence,TickMap,Australia,,,1
Felis catus,9685,mammalia,carnivora,felidae,Ixodes holocyclus,FALSE,Ixodes holocyclus,on_host_occurrence,TickMap,Australia,,,35
Felis catus,9685,mammalia,carnivora,felidae,Ixodes moreli,FALSE,Ixodes moreli,on_host_occurrence,TickMap,Cote D'Ivoire,,,1
Felis catus,9685,mammalia,carnivora,felidae,Ixodes muniensis,FALSE,Ixodes muniensis,on_host_occurrence,TickMap,Cote D'Ivoire,,,1
Felis catus,9685,mammalia,carnivora,felidae,Ixodes myrmecobii,FALSE,Ixodes myrmecobii,on_host_occurrence,TickMap,Australia,,,1
Felis catus,9685,mammalia,carnivora,felidae,Ixodes oldi,FALSE,Ixodes oldi,on_host_occurrence,TickMap,Cote D'Ivoire,,,1
Felis catus,9685,mammalia,carnivora,felidae,Ixodes scapularis,FALSE,Ixodes scapularis,on_host_occurrence,TickMap,United States of America,,Borellia burgdorferi,23
Felis catus,9685,mammalia,carnivora,felidae,Ixodes tasmani,FALSE,Ixodes tasmani,on_host_occurrence,TickMap,Australia,,,9
Felis catus,9685,mammalia,carnivora,felidae,Mansonia africana,FALSE,Mansonia africana,blood_meal,BloodMealMap,Kenya,,,1
Felis catus,9685,mammalia,carnivora,felidae,Mansonia titillans,FALSE,Mansonia titillans,blood_meal,BloodMealMap,Brazil,,,1
Felis catus,9685,mammalia,carnivora,felidae,Ornithodoros talaje,FALSE,Ornithodoros talaje,on_host_occurrence,TickMap,Panama,,,3
Felis catus,9685,mammalia,carnivora,felidae,Otobius lagophilus,FALSE,Otobius lagophilus,on_host_occurrence,TickMap,Canada,,,1
Felis catus,9685,mammalia,carnivora,felidae,Otobius megnini,FALSE,Otobius megnini,on_host_occurrence,TickMap,Canada; United States; Zambia,,,3
Felis catus,9685,mammalia,carnivora,felidae,Psorophora albipes,FALSE,Psorophora albipes,blood_meal,BloodMealMap,Trinidad & Tobago,,,1
Felis catus,9685,mammalia,carnivora,felidae,Psorophora columbiae,FALSE,Psorophora columbiae,blood_meal,BloodMealMap,Unites States,,,1
Felis catus,9685,mammalia,carnivora,felidae,Psorophora ferox,FALSE,Psorophora ferox,blood_meal,BloodMealMap,Unites States,,,1
Felis catus,9685,mammalia,carnivora,felidae,Psorophora signipennis,FALSE,Psorophora signipennis,blood_meal,BloodMealMap,Unites States,,,1
Felis catus,9685,mammalia,carnivora,felidae,Rhipicephalus appendiculatus,FALSE,Rhipicephalus appendiculatus,on_host_occurrence,TickMap,South Africa,,,1
Felis catus,9685,mammalia,carnivora,felidae,Rhipicephalus geigyi,FALSE,Rhipicephalus geigyi,on_host_occurrence,TickMap,Cote D'Ivoire,,,1
Felis catus,9685,mammalia,carnivora,felidae,Rhipicephalus guilhoni,FALSE,Rhipicephalus guilhoni,on_host_occurrence,TickMap,Cameroon,,,1
Felis catus,9685,mammalia,carnivora,felidae,Rhipicephalus sanguineus,FALSE,Rhipicephalus sanguineus,on_host_occurrence,TickMap,Australia; Benin; Mali; Senegal; United States of America,,,13
Felis catus,9685,mammalia,carnivora,felidae,Rhipicephalus sulcatus,FALSE,Rhipicephalus sulcatus,on_host_occurrence,TickMap,Malawi,,,1
Felis catus,9685,mammalia,carnivora,felidae,Rhipicephalus turanicus,FALSE,Rhipicephalus turanicus,on_host_occurrence,TickMap,Djibouti,,,1
Felis catus,9685,mammalia,carnivora,felidae,Xenopsylla cheopis,FALSE,Xenopsylla cheopis,on_host_occurrence,FleaMap,United States,,,1
Felis nigripes,61379,mammalia,carnivora,felidae,Amblyomma hebraeum,FALSE,Amblyomma hebraeum,on_host_occurrence,TickMap,South Africa,,,1
Felis nigripes,61379,mammalia,carnivora,felidae,Echidnophaga gallinacea,FALSE,Echidnophaga gallinacea,on_host_occurrence,FleaMap,South Africa,,,35
Felis silvestris,9683,mammalia,carnivora,felidae,Amblyomma lepidum,FALSE,Amblyomma lepidum,on_host_occurrence,TickMap,Sudan,,,1
Felis silvestris,9683,mammalia,carnivora,felidae,Amblyomma sparsum,FALSE,Amblyomma sparsum,on_host_occurrence,TickMap,Zambia,,,10
Felis silvestris,9683,mammalia,carnivora,felidae,Ctenocephalides felis,FALSE,Ctenocephalides felis,on_host_occurrence,FleaMap,Iraq; Senegal,,,3
Felis silvestris,9683,mammalia,carnivora,felidae,Ctenocephalides felis,TRUE,Ctenocephalides felis strongylus,on_host_occurrence,FleaMap,Burkina Faso,,,3
Felis silvestris,9683,mammalia,carnivora,felidae,Dermacentor variabilis,FALSE,Dermacentor variabilis,on_host_occurrence,TickMap,United States of America,,,8
Felis silvestris,9683,mammalia,carnivora,felidae,Echidnophaga gallinacea,FALSE,Echidnophaga gallinacea,on_host_occurrence,FleaMap,Botswana; Namibia,,,18
Felis silvestris,9683,mammalia,carnivora,felidae,Haemaphysalis leachi,FALSE,Haemaphysalis leachi,on_host_occurrence,TickMap,"Cameroon; Congo, The Democratic Republic of The; Sudan",,,3
Felis silvestris,9683,mammalia,carnivora,felidae,Haemaphysalis moreli,FALSE,Haemaphysalis moreli,on_host_occurrence,TickMap,Kenya,,,1
Felis silvestris,9683,mammalia,carnivora,felidae,Haemaphysalis paraleachi,FALSE,Haemaphysalis paraleachi,on_host_occurrence,TickMap,Sudan,,,1
Felis silvestris,9683,mammalia,carnivora,felidae,Haemaphysalis spinulosa,FALSE,Haemaphysalis spinulosa,on_host_occurrence,TickMap,Namibia; Sudan,,,3
Felis silvestris,9683,mammalia,carnivora,felidae,Ixodes pilosus,FALSE,Ixodes pilosus,on_host_occurrence,TickMap,South Africa,,,1
Felis silvestris,9683,mammalia,carnivora,felidae,Ixodes scapularis,FALSE,Ixodes scapularis,on_host_occurrence,TickMap,United States of America,,,13
Felis silvestris,9683,mammalia,carnivora,felidae,Rhipicentor bicornis,FALSE,Rhipicentor bicornis,on_host_occurrence,TickMap,Namibia,,,1
Felis silvestris,9683,mammalia,carnivora,felidae,Rhipicentor nuttalli,FALSE,Rhipicentor nuttalli,on_host_occurrence,TickMap,Zimbabwe,,,23
Felis silvestris,9683,mammalia,carnivora,felidae,Rhipicephalus guilhoni,FALSE,Rhipicephalus guilhoni,on_host_occurrence,TickMap,Cameroon,,,1
Felis silvestris,9683,mammalia,carnivora,felidae,Rhipicephalus sanguineus,FALSE,Rhipicephalus sanguineus,on_host_occurrence,TickMap,Ghana; Namibia; Senegal; Sudan,,,4
Felis silvestris,9683,mammalia,carnivora,felidae,Rhipicephalus simus,FALSE,Rhipicephalus simus,on_host_occurrence,TickMap,Zimbabwe,,,344
Felis silvestris,9683,mammalia,carnivora,felidae,Xenopsylla cheopis,FALSE,Xenopsylla cheopis,on_host_occurrence,FleaMap,Burkina Faso,,,3
Fringilla coelebs,37598,aves,passeriformes,fringillidae,Culex modestus,FALSE,Culex modestus,blood_meal,BloodMealMap,Czechia,,,1
Fringilla coelebs,37598,aves,passeriformes,fringillidae,Culex pipiens,FALSE,Culex pipiens,blood_meal,BloodMealMap,Czechia,,,1
Funisciurus anerythrus,1235483,mammalia,rodentia,sciuridae,Ixodes browningi,FALSE,Ixodes browningi,on_host_occurrence,TickMap,"Congo, The Democratic Republic of The",,,1
Gallinula chloropus,9123,aves,gruiformes,rallidae,Aedes serratus,FALSE,Aedes serratus,blood_meal,BloodMealMap,Peru,,,1
Gallinula chloropus,9123,aves,gruiformes,rallidae,Culex bitaeniorhynchus,FALSE,Culex bitaeniorhynchus,blood_meal,BloodMealMap,Singapore,,,1
Gallinula chloropus,9123,aves,gruiformes,rallidae,Culex erraticus,FALSE,Culex erraticus,blood_meal,BloodMealMap,Unites States,,,2
Gallinula chloropus,9123,aves,gruiformes,rallidae,Culex vishnui,FALSE,Culex vishnui,blood_meal,BloodMealMap,Singapore,,,1
Gallus gallus,9031,aves,galliformes,phasianidae,Aedes aegypti,FALSE,Aedes aegypti,blood_meal,BloodMealMap,Kenya; Thailand; Unites States,,,3
Gallus gallus,9031,aves,galliformes,phasianidae,Aedes albopictus,FALSE,Aedes albopictus,blood_meal,BloodMealMap,Unites States,,,1
Gallus gallus,9031,aves,galliformes,phasianidae,Aedes caspius,FALSE,Aedes caspius,blood_meal,BloodMealMap,Russia,,,1
Gallus gallus,9031,aves,galliformes,phasianidae,Aedes dorsalis,FALSE,Aedes dorsalis,blood_meal,BloodMealMap,Unites States,,,1
Gallus gallus,9031,aves,galliformes,phasianidae,Aedes hirsutus,FALSE,Aedes hirsutus,blood_meal,BloodMealMap,Kenya,,,2
Gallus gallus,9031,aves,galliformes,phasianidae,Aedes japonicus,FALSE,Aedes japonicus,blood_meal,BloodMealMap,Switzerland,,,1
Gallus gallus,9031,aves,galliformes,phasianidae,Aedes metallicus,FALSE,Aedes metallicus,blood_meal,BloodMealMap,Kenya,,,1
Gallus gallus,9031,aves,galliformes,phasianidae,Aedes notoscriptus,FALSE,Aedes notoscriptus,blood_meal,BloodMealMap,Australia,,,1
Gallus gallus,9031,aves,galliformes,phasianidae,Aedes scapularis,FALSE,Aedes scapularis,blood_meal,BloodMealMap,Brazil,,,1
Gallus gallus,9031,aves,galliformes,phasianidae,Aedes taeniorhynchus,FALSE,Aedes taeniorhynchus,blood_meal,BloodMealMap,Brazil; Puerto Rico,,,2
Gallus gallus,9031,aves,galliformes,phasianidae,Aedes vexans,FALSE,Aedes vexans,blood_meal,BloodMealMap,Japan; Russia; Unites States,,,7
Gallus gallus,9031,aves,galliformes,phasianidae,Aedes vittatus,FALSE,Aedes vittatus,blood_meal,BloodMealMap,Kenya,,,1
Gallus gallus,9031,aves,galliformes,phasianidae,Amblyomma americanum,FALSE,Amblyomma americanum,on_host_occurrence,TickMap,United States of America,,,16
Gallus gallus,9031,aves,galliformes,phasianidae,Amblyomma variegatum,FALSE,Amblyomma variegatum,on_host_occurrence,TickMap,Benin; Cote D'Ivoire; Sudan,,,4
Gallus gallus,9031,aves,galliformes,phasianidae,Anopheles annulipes,FALSE,Anopheles annulipes,blood_meal,BloodMealMap,Australia,,,1
Gallus gallus,9031,aves,galliformes,phasianidae,Anopheles arabiensis,FALSE,Anopheles arabiensis,blood_meal,BloodMealMap,Kenya,,,1
Gallus gallus,9031,aves,galliformes,phasianidae,Anopheles atroparvus,FALSE,Anopheles atroparvus,blood_meal,BloodMealMap,ESP,,,1
Gallus gallus,9031,aves,galliformes,phasianidae,Anopheles coustani,FALSE,Anopheles coustani,blood_meal,BloodMealMap,Kenya,,,5
Gallus gallus,9031,aves,galliformes,phasianidae,Anopheles darlingi,FALSE,Anopheles darlingi,blood_meal,BloodMealMap,Brazil,,,2
Gallus gallus,9031,aves,galliformes,phasianidae,Anopheles funestus,FALSE,Anopheles funestus,blood_meal,BloodMealMap,Kenya,,,1
Gallus gallus,9031,aves,galliformes,phasianidae,Anopheles gambiae,FALSE,Anopheles gambiae,blood_meal,BloodMealMap,Kenya; Senegal,,,5
Gallus gallus,9031,aves,galliformes,phasianidae,Anopheles hyrcanus,FALSE,Anopheles hyrcanus,blood_meal,BloodMealMap,Serbia,,,1
Gallus gallus,9031,aves,galliformes,phasianidae,Anopheles maculipennis,FALSE,Anopheles maculipennis,blood_meal,BloodMealMap,United Kingdom,,,1
Gallus gallus,9031,aves,galliformes,phasianidae,Anopheles marajoara,FALSE,Anopheles marajoara,blood_meal,BloodMealMap,Brazil,,,1
Gallus gallus,9031,aves,galliformes,phasianidae,Anopheles messeae,FALSE,Anopheles messeae,blood_meal,BloodMealMap,Russia,,,3
Gallus gallus,9031,aves,galliformes,phasianidae,Anopheles nuneztovari,FALSE,Anopheles nuneztovari,blood_meal,BloodMealMap,Brazil,,,2
Gallus gallus,9031,aves,galliformes,phasianidae,Anopheles quadrimaculatus,FALSE,Anopheles quadrimaculatus,blood_meal,BloodMealMap,Unites States,,,1
Gallus gallus,9031,aves,galliformes,phasianidae,Anopheles triannulatus,FALSE,Anopheles triannulatus,blood_meal,BloodMealMap,Brazil,,,1
Gallus gallus,9031,aves,galliformes,phasianidae,Argas persicus,FALSE,Argas persicus,on_host_occurrence,TickMap,Algeria; Cameroon; Chad; Cote D'Ivoire; Egypt; Mali; Morocco; Namibia; Nigeria; South Africa; Sudan; United States,,,26
Gallus gallus,9031,aves,galliformes,phasianidae,Argas walkerae,FALSE,Argas walkerae,on_host_occurrence,TickMap,Zimbabwe,,,33
Gallus gallus,9031,aves,galliformes,phasianidae,Coquillettidia richiardii,FALSE,Coquillettidia richiardii,blood_meal,BloodMealMap,Russia,,,1
Gallus gallus,9031,aves,galliformes,phasianidae,Coquillettidia venezuelensis,FALSE,Coquillettidia venezuelensis,blood_meal,BloodMealMap,Brazil; Panama,,,2
Gallus gallus,9031,aves,galliformes,phasianidae,Ctenocephalides felis,FALSE,Ctenocephalides felis,on_host_occurrence,FleaMap,United States,,,1
Gallus gallus,9031,aves,galliformes,phasianidae,Culex amazonensis,FALSE,Culex amazonensis,blood_meal,BloodMealMap,Brazil,,,1
Gallus gallus,9031,aves,galliformes,phasianidae,Culex antennatus,FALSE,Culex antennatus,blood_meal,BloodMealMap,Senegal,,,1
Gallus gallus,9031,aves,galliformes,phasianidae,Culex aureonotatus,FALSE,Culex aureonotatus,blood_meal,BloodMealMap,Brazil,,,1
Gallus gallus,9031,aves,galliformes,phasianidae,Culex bidens,FALSE,Culex bidens,blood_meal,BloodMealMap,Brazil,,,1
Gallus gallus,9031,aves,galliformes,phasianidae,Culex bitaeniorhynchus,FALSE,Culex bitaeniorhynchus,blood_meal,BloodMealMap,Japan; Singapore,,,2
Gallus gallus,9031,aves,galliformes,phasianidae,Culex chidesteri,FALSE,Culex chidesteri,blood_meal,BloodMealMap,Brazil,,,1
Gallus gallus,9031,aves,galliformes,phasianidae,Culex coronator,FALSE,Culex coronator,blood_meal,BloodMealMap,Brazil; Guatemala,,,2
Gallus gallus,9031,aves,galliformes,phasianidae,Culex declarator,FALSE,Culex declarator,blood_meal,BloodMealMap,Trinidad & Tobago,,,1
Gallus gallus,9031,aves,galliformes,phasianidae,Culex erraticus,FALSE,Culex erraticus,blood_meal,BloodMealMap,Unites States,,,3
Gallus gallus,9031,aves,galliformes,phasianidae,Culex erythrothorax,FALSE,Culex erythrothorax,blood_meal,BloodMealMap,Unites States,,,1
Gallus gallus,9031,aves,galliformes,phasianidae,Culex gelidus,FALSE,Culex gelidus,blood_meal,BloodMealMap,Singapore,,,1
Gallus gallus,9031,aves,galliformes,phasianidae,Culex interrogator,FALSE,Culex interrogator,blood_meal,BloodMealMap,Guatemala,,,1
Gallus gallus,9031,aves,galliformes,phasianidae,Culex intrincatus,FALSE,Culex intrincatus,blood_meal,BloodMealMap,Brazil,,,1
Gallus gallus,9031,aves,galliformes,phasianidae,Culex lactator,FALSE,Culex lactator,blood_meal,BloodMealMap,Guatemala,,,1
Gallus gallus,9031,aves,galliformes,phasianidae,Culex lygrus,FALSE,Culex lygrus,blood_meal,BloodMealMap,Brazil,,,1
Gallus gallus,9031,aves,galliformes,phasianidae,Culex mimeticus,FALSE,Culex mimeticus,blood_meal,BloodMealMap,Japan,,,3
Gallus gallus,9031,aves,galliformes,phasianidae,Culex modestus,FALSE,Culex modestus,blood_meal,BloodMealMap,Russia,,,3
Gallus gallus,9031,aves,galliformes,phasianidae,Culex molestus,FALSE,Culex molestus,blood_meal,BloodMealMap,Australia,,,1
Gallus gallus,9031,aves,galliformes,phasianidae,Culex neavei,FALSE,Culex neavei,blood_meal,BloodMealMap,Kenya,,,1
Gallus gallus,9031,aves,galliformes,phasianidae,Culex nigripalpus,FALSE,Culex nigripalpus,blood_meal,BloodMealMap,Brazil; Guatemala; Panama; Puerto Rico,,,4
Gallus gallus,9031,aves,galliformes,phasianidae,Culex perexiguus,FALSE,Culex perexiguus,blood_meal,BloodMealMap,ESP,,,1
Gallus gallus,9031,aves,galliformes,phasianidae,Culex pipiens,FALSE,Culex pipiens,blood_meal,BloodMealMap,ESP; Iran; Kenya; Russia; Serbia; South Africa; United Kingdom; Unites States,,,26
Gallus gallus,9031,aves,galliformes,phasianidae,Culex poicilipes,FALSE,Culex poicilipes,blood_meal,BloodMealMap,Kenya; Senegal,,,2
Gallus gallus,9031,aves,galliformes,phasianidae,Culex pseudovishnui,FALSE,Culex pseudovishnui,blood_meal,BloodMealMap,Japan,,,1
Gallus gallus,9031,aves,galliformes,phasianidae,Culex quinquefasciatus,FALSE,Culex quinquefasciatus,blood_meal,BloodMealMap,Australia; Brazil; Guatemala; Iran; Japan; Kenya; Malaysia; Puerto Rico; Singapore; Unites States,,,20
Gallus gallus,9031,aves,galliformes,phasianidae,Culex salinarius,FALSE,Culex salinarius,blood_meal,BloodMealMap,Unites States,,,1
Gallus gallus,9031,aves,galliformes,phasianidae,Culex saltanensis,FALSE,Culex saltanensis,blood_meal,BloodMealMap,Brazil,,,1
Gallus gallus,9031,aves,galliformes,phasianidae,Culex shanahani,FALSE,Culex shanahani,blood_meal,BloodMealMap,Japan,,,1
Gallus gallus,9031,aves,galliformes,phasianidae,Culex sitiens,FALSE,Culex sitiens,blood_meal,BloodMealMap,Iran; Singapore,,,4
Gallus gallus,9031,aves,galliformes,phasianidae,Culex steffani,FALSE,Culex steffani,blood_meal,BloodMealMap,Japan,,,1
Gallus gallus,9031,aves,galliformes,phasianidae,Culex stigmatosoma,FALSE,Culex stigmatosoma,blood_meal,BloodMealMap,Guatemala; Unites States,,,3
Gallus gallus,9031,aves,galliformes,phasianidae,Culex taeniopus,FALSE,Culex taeniopus,blood_meal,BloodMealMap,Guatemala,,,1
Gallus gallus,9031,aves,galliformes,phasianidae,Culex tarsalis,FALSE,Culex tarsalis,blood_meal,BloodMealMap,Unites States,,,14
Gallus gallus,9031,aves,galliformes,phasianidae,Culex thalassius,FALSE,Culex thalassius,blood_meal,BloodMealMap,Senegal,,,1
Gallus gallus,9031,aves,galliformes,phasianidae,Culex theileri,FALSE,Culex theileri,blood_meal,BloodMealMap,ESP; Iran; South Africa,,,5
Gallus gallus,9031,aves,galliformes,phasianidae,Culex theobaldi,FALSE,Culex theobaldi,blood_meal,BloodMealMap,Guatemala,,,1
Gallus gallus,9031,aves,galliformes,phasianidae,Culex thriambus,FALSE,Culex thriambus,blood_meal,BloodMealMap,Unites States,,,1
Gallus gallus,9031,aves,galliformes,phasianidae,Culex tritaeniorhynchus,FALSE,Culex tritaeniorhynchus,blood_meal,BloodMealMap,Japan; Senegal; Singapore,,,4
Gallus gallus,9031,aves,galliformes,phasianidae,Culex uniformis,FALSE,Culex uniformis,blood_meal,BloodMealMap,Unites States,,,1
Gallus gallus,9031,aves,galliformes,phasianidae,Culex univittatus,FALSE,Culex univittatus,blood_meal,BloodMealMap,Kenya; Senegal; South Africa,,,4
Gallus gallus,9031,aves,galliformes,phasianidae,Culex vansomereni,FALSE,Culex vansomereni,blood_meal,BloodMealMap,Kenya,,,1
Gallus gallus,9031,aves,galliformes,phasianidae,Culex vishnui,FALSE,Culex vishnui,blood_meal,BloodMealMap,Japan; Singapore,,,4
Gallus gallus,9031,aves,galliformes,phasianidae,Culiseta annulata,FALSE,Culiseta annulata,blood_meal,BloodMealMap,Russia,,,1
Gallus gallus,9031,aves,galliformes,phasianidae,Culiseta inornata,FALSE,Culiseta inornata,blood_meal,BloodMealMap,Unites States,,,2
Gallus gallus,9031,aves,galliformes,phasianidae,Deinocerites cancer,FALSE,Deinocerites cancer,blood_meal,BloodMealMap,Panama,,,1
Gallus gallus,9031,aves,galliformes,phasianidae,Deinocerites epitedeus,FALSE,Deinocerites epitedeus,blood_meal,BloodMealMap,Panama,,,1
Gallus gallus,9031,aves,galliformes,phasianidae,Deinocerites pseudes,FALSE,Deinocerites pseudes,blood_meal,BloodMealMap,Panama,,,1
Gallus gallus,9031,aves,galliformes,phasianidae,Echidnophaga gallinacea,FALSE,Echidnophaga gallinacea,on_host_occurrence,FleaMap,Puerto Rico; United States,,,26
Gallus gallus,9031,aves,galliformes,phasianidae,Haemaphysalis hoodi,FALSE,Haemaphysalis hoodi,on_host_occurrence,TickMap,"Congo, The Democratic Republic of The; Cote D'Ivoire; Gambia; Senegal; Uganda",,,11
Gallus gallus,9031,aves,galliformes,phasianidae,Haemaphysalis leporispalustris,FALSE,Haemaphysalis leporispalustris,on_host_occurrence,TickMap,United States of America,,,16
Gallus gallus,9031,aves,galliformes,phasianidae,Haemaphysalis parmata,FALSE,Haemaphysalis parmata,on_host_occurrence,TickMap,Cote D'Ivoire,,,1
Gallus gallus,9031,aves,galliformes,phasianidae,Hyalomma aegyptium,FALSE,Hyalomma aegyptium,on_host_occurrence,TickMap,"Congo, The Democratic Republic of The",,,1
Gallus gallus,9031,aves,galliformes,phasianidae,Limatus durhamii,FALSE,Limatus durhamii,blood_meal,BloodMealMap,Brazil,,,1
Gallus gallus,9031,aves,galliformes,phasianidae,Mansonia africana,FALSE,Mansonia africana,blood_meal,BloodMealMap,Kenya,,,5
Gallus gallus,9031,aves,galliformes,phasianidae,Mansonia indubitans,FALSE,Mansonia indubitans,blood_meal,BloodMealMap,Panama,,,1
Gallus gallus,9031,aves,galliformes,phasianidae,Mansonia titillans,FALSE,Mansonia titillans,blood_meal,BloodMealMap,Brazil,,,1
Gallus gallus,9031,aves,galliformes,phasianidae,Mansonia uniformis,FALSE,Mansonia uniformis,blood_meal,BloodMealMap,Kenya,,,6
Gallus gallus,9031,aves,galliformes,phasianidae,Ornithodoros talaje,FALSE,Ornithodoros talaje,on_host_occurrence,TickMap,Panama,,,1
Gallus gallus,9031,aves,galliformes,phasianidae,Psorophora cingulata,FALSE,Psorophora cingulata,blood_meal,BloodMealMap,Panama,,,1
Gallus gallus,9031,aves,galliformes,phasianidae,Psorophora columbiae,FALSE,Psorophora columbiae,blood_meal,BloodMealMap,Unites States,,,1
Gallus gallus,9031,aves,galliformes,phasianidae,Psorophora ferox,FALSE,Psorophora ferox,blood_meal,BloodMealMap,Panama,,,1
Gallus gallus,9031,aves,galliformes,phasianidae,Psorophora toltecum,FALSE,Psorophora toltecum,blood_meal,BloodMealMap,Unites States,,,1
Gallus gallus,9031,aves,galliformes,phasianidae,Rhipicephalus sanguineus,FALSE,Rhipicephalus sanguineus,on_host_occurrence,TickMap,Algeria; Cote D'Ivoire,,,2
Gallus gallus,9031,aves,galliformes,phasianidae,Rhipicephalus simus,FALSE,Rhipicephalus simus,on_host_occurrence,TickMap,"Congo, The Democratic Republic of The",,,1
Gallus gallus,9031,aves,galliformes,phasianidae,Wyeomyia davisi,FALSE,Wyeomyia davisi,blood_meal,BloodMealMap,Brazil,,,1
Gallus gallus,9031,aves,galliformes,phasianidae,Wyeomyia deanei,FALSE,Wyeomyia deanei,blood_meal,BloodMealMap,Brazil,,,1
Gallus gallus,9031,aves,galliformes,phasianidae,Wyeomyia forcipenis,FALSE,Wyeomyia forcipenis,blood_meal,BloodMealMap,Brazil,,,1
Gallus gallus,9031,aves,galliformes,phasianidae,Wyeomyia theobaldi,FALSE,Wyeomyia theobaldi,blood_meal,BloodMealMap,Brazil,,,1
Garrulus glandarius,56783,aves,passeriformes,corvidae,Haemaphysalis punctata,FALSE,Haemaphysalis punctata,on_host_occurrence,TickMap,Morocco,,,1
Gavia immer,37039,aves,gaviiformes,gaviidae,Culex erraticus,FALSE,Culex erraticus,blood_meal,BloodMealMap,Unites States,,,1
Genetta genetta,94190,mammalia,carnivora,viverridae,Ctenocephalides felis,FALSE,Ctenocephalides felis,on_host_occurrence,FleaMap,Senegal,,,12
Genetta genetta,94190,mammalia,carnivora,viverridae,Ctenocephalides felis,TRUE,Ctenocephalides felis strongylus,on_host_occurrence,FleaMap,Burkina Faso,,,2
Genetta genetta,94190,mammalia,carnivora,viverridae,Echidnophaga gallinacea,FALSE,Echidnophaga gallinacea,on_host_occurrence,FleaMap,Botswana; Namibia; South Africa,,,175
Genetta genetta,94190,mammalia,carnivora,viverridae,Haemaphysalis moreli,FALSE,Haemaphysalis moreli,on_host_occurrence,TickMap,"Cameroon; Ethiopia; Gabon; Kenya; Senegal; Sudan; Tanzania, United Republic of",,,9
Genetta genetta,94190,mammalia,carnivora,viverridae,Haemaphysalis parmata,FALSE,Haemaphysalis parmata,on_host_occurrence,TickMap,"Congo, The Democratic Republic of The",,,1
Genetta genetta,94190,mammalia,carnivora,viverridae,Haemaphysalis spinulosa,FALSE,Haemaphysalis spinulosa,on_host_occurrence,TickMap,"Angola; Congo, The Democratic Republic of The; Namibia",,,4
Genetta genetta,94190,mammalia,carnivora,viverridae,Xenopsylla cheopis,FALSE,Xenopsylla cheopis,on_host_occurrence,FleaMap,Burkina Faso,,,1
Gymnogyps californianus,33616,aves,cathartiformes,cathartidae,Argas reflexus,FALSE,Argas reflexus,on_host_occurrence,TickMap,United States,,,1
Haemorhous mexicanus,30427,aves,passeriformes,fringillidae,Aedes trivittatus,FALSE,Aedes trivittatus,blood_meal,BloodMealMap,Unites States,,,1
Haemorhous mexicanus,30427,aves,passeriformes,fringillidae,Aedes vexans,FALSE,Aedes vexans,blood_meal,BloodMealMap,Unites States,,,1
Haemorhous mexicanus,30427,aves,passeriformes,fringillidae,Coquillettidia perturbans,FALSE,Coquillettidia perturbans,blood_meal,BloodMealMap,Unites States,,,1
Haemorhous mexicanus,30427,aves,passeriformes,fringillidae,Culex erraticus,FALSE,Culex erraticus,blood_meal,BloodMealMap,Unites States,,,2
Haemorhous mexicanus,30427,aves,passeriformes,fringillidae,Culex molestus,FALSE,Culex molestus,blood_meal,BloodMealMap,Unites States,,,1
Haemorhous mexicanus,30427,aves,passeriformes,fringillidae,Culex pipiens,FALSE,Culex pipiens,blood_meal,BloodMealMap,Unites States,,,8
Haemorhous mexicanus,30427,aves,passeriformes,fringillidae,Culex quinquefasciatus,FALSE,Culex quinquefasciatus,blood_meal,BloodMealMap,Unites States,,,5
Haemorhous mexicanus,30427,aves,passeriformes,fringillidae,Culex restuans,FALSE,Culex restuans,blood_meal,BloodMealMap,Unites States,,,2
Haemorhous mexicanus,30427,aves,passeriformes,fringillidae,Culex stigmatosoma,FALSE,Culex stigmatosoma,blood_meal,BloodMealMap,Unites States,,,2
Haemorhous mexicanus,30427,aves,passeriformes,fringillidae,Culex tarsalis,FALSE,Culex tarsalis,blood_meal,BloodMealMap,Unites States,,,7
Haemorhous mexicanus,30427,aves,passeriformes,fringillidae,Culex thriambus,FALSE,Culex thriambus,blood_meal,BloodMealMap,Unites States,,,1
Haemorhous mexicanus,30427,aves,passeriformes,fringillidae,Culiseta melanura,FALSE,Culiseta melanura,blood_meal,BloodMealMap,Unites States,,,1
Haemorhous mexicanus,30427,aves,passeriformes,fringillidae,Ixodes pacificus,FALSE,Ixodes pacificus,on_host_occurrence,TickMap,United States of America,,,4
Haemorhous mexicanus,30427,aves,passeriformes,fringillidae,Ixodes scapularis,FALSE,Ixodes scapularis,on_host_occurrence,TickMap,United States of America,,Borellia burgdorferi,4
Herpestes ichneumon,9700,mammalia,carnivora,herpestidae,Amblyomma variegatum,FALSE,Amblyomma variegatum,on_host_occurrence,TickMap,Senegal,,,1
Herpestes ichneumon,9700,mammalia,carnivora,herpestidae,Haemaphysalis leachi,FALSE,Haemaphysalis leachi,on_host_occurrence,TickMap,"Congo, The Democratic Republic of The",,,2
Herpestes ichneumon,9700,mammalia,carnivora,herpestidae,Haemaphysalis rugosa,FALSE,Haemaphysalis rugosa,on_host_occurrence,TickMap,Senegal,,,1
Herpestes ichneumon,9700,mammalia,carnivora,herpestidae,Haemaphysalis spinulosa,FALSE,Haemaphysalis spinulosa,on_host_occurrence,TickMap,"Congo, The Democratic Republic of The",,,2
Herpestes ichneumon,9700,mammalia,carnivora,herpestidae,Ixodes hexagonus,FALSE,Ixodes hexagonus,on_host_occurrence,TickMap,Morocco,,,1
Herpestes ichneumon,9700,mammalia,carnivora,herpestidae,Ixodes rasus,FALSE,Ixodes rasus,on_host_occurrence,TickMap,South Africa,,,1
Herpestes ichneumon,9700,mammalia,carnivora,herpestidae,Rhipicephalus sanguineus,FALSE,Rhipicephalus sanguineus,on_host_occurrence,TickMap,Senegal; Sudan,,,2
Heteromys anomalus,348153,mammalia,rodentia,heteromyidae,Ctenocephalides felis,FALSE,Ctenocephalides felis,on_host_occurrence,FleaMap,Venezuela,,,1
Himantopus himantopus,225398,aves,charadriiformes,recurvirostridae,Rhipicephalus longus,FALSE,Rhipicephalus longus,on_host_occurrence,TickMap,"Congo, The Democratic Republic of The",,,1
Hipposideros caffer,302402,mammalia,chiroptera,hipposideridae,Ixodes vespertilionis,FALSE,Ixodes vespertilionis,on_host_occurrence,TickMap,South Africa,,,2
Hirundo rustica,43150,aves,passeriformes,hirundinidae,Culex modestus,FALSE,Culex modestus,blood_meal,BloodMealMap,Czechia; United Kingdom,,,2
Hirundo rustica,43150,aves,passeriformes,hirundinidae,Culex pipiens,FALSE,Culex pipiens,blood_meal,BloodMealMap,Czechia; United Kingdom; Unites States,,,5
Hirundo rustica,43150,aves,passeriformes,hirundinidae,Culex tarsalis,FALSE,Culex tarsalis,blood_meal,BloodMealMap,Unites States,,,2
Hirundo rustica,43150,aves,passeriformes,hirundinidae,Culex thriambus,FALSE,Culex thriambus,blood_meal,BloodMealMap,Unites States,,,1
Hirundo rustica,43150,aves,passeriformes,hirundinidae,Culiseta melanura,FALSE,Culiseta melanura,blood_meal,BloodMealMap,Unites States,,,1
Homo sapiens,9606,,,,Aedeomyia africana,FALSE,Aedeomyia africana,blood_meal,BloodMealMap,Kenya,,,1
Homo sapiens,9606,,,,Aedes aegypti,FALSE,Aedes aegypti,blood_meal,BloodMealMap,Australia; Thailand; Unites States,,,9
Homo sapiens,9606,,,,Aedes africanus,FALSE,Aedes africanus,blood_meal,BloodMealMap,Uganda,,,2
Homo sapiens,9606,,,,Aedes albopictus,FALSE,Aedes albopictus,blood_meal,BloodMealMap,Brazil; Japan; Malaysia; Singapore; Thailand; Unites States,,,24
Homo sapiens,9606,,,,Aedes apicoargenteus,FALSE,Aedes apicoargenteus,blood_meal,BloodMealMap,Uganda,,,1
Homo sapiens,9606,,,,Aedes atlanticus,FALSE,Aedes atlanticus,blood_meal,BloodMealMap,Unites States,,,1
Homo sapiens,9606,,,,Aedes aureostriatus,FALSE,Aedes aureostriatus,blood_meal,BloodMealMap,Japan,,,1
Homo sapiens,9606,,,,Aedes aurifer,FALSE,Aedes aurifer,blood_meal,BloodMealMap,Unites States,,,1
Homo sapiens,9606,,,,Aedes camptorhynchus,FALSE,Aedes camptorhynchus,blood_meal,BloodMealMap,Australia,,,2
Homo sapiens,9606,,,,Aedes canadensis,FALSE,Aedes canadensis,blood_meal,BloodMealMap,Unites States,,,1
Homo sapiens,9606,,,,Aedes cantans,FALSE,Aedes cantans,blood_meal,BloodMealMap,United Kingdom,,,1
Homo sapiens,9606,,,,Aedes cantator,FALSE,Aedes cantator,blood_meal,BloodMealMap,Unites States,,,2
Homo sapiens,9606,,,,Aedes caspius,FALSE,Aedes caspius,blood_meal,BloodMealMap,Egypt; Iran; Russia; Serbia,,,5
Homo sapiens,9606,,,,Aedes cataphylla,FALSE,Aedes cataphylla,blood_meal,BloodMealMap,Unites States,,,1
Homo sapiens,9606,,,,Aedes cinereus,FALSE,Aedes cinereus,blood_meal,BloodMealMap,Russia; Unites States,,,2
Homo sapiens,9606,,,,Aedes circumluteolum,FALSE,Aedes circumluteolum,blood_meal,BloodMealMap,Kenya; Tanzania,,,2
Homo sapiens,9606,,,,Aedes crinifer,FALSE,Aedes crinifer,blood_meal,BloodMealMap,Brazil,,,2
Homo sapiens,9606,,,,Aedes detritus,FALSE,Aedes detritus,blood_meal,BloodMealMap,United Kingdom,,,1
Homo sapiens,9606,,,,Aedes dorsalis,FALSE,Aedes dorsalis,blood_meal,BloodMealMap,Unites States,,,2
Homo sapiens,9606,,,,Aedes excrucians,FALSE,Aedes excrucians,blood_meal,BloodMealMap,Unites States,,,1
Homo sapiens,9606,,,,Aedes flavescens,FALSE,Aedes flavescens,blood_meal,BloodMealMap,Russia,,,1
Homo sapiens,9606,,,,Aedes flavopictus,FALSE,Aedes flavopictus,blood_meal,BloodMealMap,Japan,,,2
Homo sapiens,9606,,,,Aedes fluviatilis,FALSE,Aedes fluviatilis,blood_meal,BloodMealMap,Brazil,,,2
Homo sapiens,9606,,,,Aedes hendersoni,FALSE,Aedes hendersoni,blood_meal,BloodMealMap,Unites States,,,1
Homo sapiens,9606,,,,Aedes hirsutus,FALSE,Aedes hirsutus,blood_meal,BloodMealMap,Kenya; Senegal,,,2
Homo sapiens,9606,,,,Aedes implicatus,FALSE,Aedes implicatus,blood_meal,BloodMealMap,Unites States,,,1
Homo sapiens,9606,,,,Aedes increpitus,FALSE,Aedes increpitus,blood_meal,BloodMealMap,Unites States,,,1
Homo sapiens,9606,,,,Aedes ingrami,FALSE,Aedes ingrami,blood_meal,BloodMealMap,Uganda,,,1
Homo sapiens,9606,,,,Aedes japonicus,FALSE,Aedes japonicus,blood_meal,BloodMealMap,Belgium; Japan; Switzerland; Unites States,,,6
Homo sapiens,9606,,,,Aedes koreicus,FALSE,Aedes koreicus,blood_meal,BloodMealMap,Hungary,,,1
Homo sapiens,9606,,,,Aedes lineatopennis,FALSE,Aedes lineatopennis,blood_meal,BloodMealMap,Kenya; South Africa,,,3
Homo sapiens,9606,,,,Aedes mcintoshi,FALSE,Aedes mcintoshi,blood_meal,BloodMealMap,Kenya,,,2
Homo sapiens,9606,,,,Aedes nigerrimus,FALSE,Aedes nigerrimus,blood_meal,BloodMealMap,Uganda,,,1
Homo sapiens,9606,,,,Aedes nigromaculis,FALSE,Aedes nigromaculis,blood_meal,BloodMealMap,Unites States,,,1
Homo sapiens,9606,,,,Aedes nipponicus,FALSE,Aedes nipponicus,blood_meal,BloodMealMap,Japan,,,1
Homo sapiens,9606,,,,Aedes notoscriptus,FALSE,Aedes notoscriptus,blood_meal,BloodMealMap,Australia,,,2
Homo sapiens,9606,,,,Aedes ochraceus,FALSE,Aedes ochraceus,blood_meal,BloodMealMap,Kenya; Senegal,,,2
Homo sapiens,9606,,,,Aedes riversi,FALSE,Aedes riversi,blood_meal,BloodMealMap,Japan,,,3
Homo sapiens,9606,,,,Aedes scapularis,FALSE,Aedes scapularis,blood_meal,BloodMealMap,Brazil,,,6
Homo sapiens,9606,,,,Aedes serratus,FALSE,Aedes serratus,blood_meal,BloodMealMap,Brazil; Trinidad & Tobago,,,5
Homo sapiens,9606,,,,Aedes sierrensis,FALSE,Aedes sierrensis,blood_meal,BloodMealMap,Unites States,,,1
Homo sapiens,9606,,,,Aedes sollicitans,FALSE,Aedes sollicitans,blood_meal,BloodMealMap,Unites States,,,3
Homo sapiens,9606,,,,Aedes sticticus,FALSE,Aedes sticticus,blood_meal,BloodMealMap,Hungary; Unites States,,,2
Homo sapiens,9606,,,,Aedes stimulans,FALSE,Aedes stimulans,blood_meal,BloodMealMap,Unites States,,,1
Homo sapiens,9606,,,,Aedes sudanensis,FALSE,Aedes sudanensis,blood_meal,BloodMealMap,Kenya; Senegal,,,2
Homo sapiens,9606,,,,Aedes taeniorhynchus,FALSE,Aedes taeniorhynchus,blood_meal,BloodMealMap,Brazil; Ecuador; Puerto Rico; Unites States,,,7
Homo sapiens,9606,,,,Aedes taylori,FALSE,Aedes taylori,blood_meal,BloodMealMap,Kenya,,,1
Homo sapiens,9606,,,,Aedes terrens,FALSE,Aedes terrens,blood_meal,BloodMealMap,Brazil,,,1
Homo sapiens,9606,,,,Aedes thibaulti,FALSE,Aedes thibaulti,blood_meal,BloodMealMap,Unites States,,,1
Homo sapiens,9606,,,,Aedes tortilis,FALSE,Aedes tortilis,blood_meal,BloodMealMap,Puerto Rico,,,1
Homo sapiens,9606,,,,Aedes triseriatus,FALSE,Aedes triseriatus,blood_meal,BloodMealMap,Unites States,,,5
Homo sapiens,9606,,,,Aedes trivittatus,FALSE,Aedes trivittatus,blood_meal,BloodMealMap,Unites States,,,7
Homo sapiens,9606,,,,Aedes vexans,FALSE,Aedes vexans,blood_meal,BloodMealMap,Hungary; Russia; Serbia; Switzerland; Unites States,,,18
Homo sapiens,9606,,,,Aedes vigilax,FALSE,Aedes vigilax,blood_meal,BloodMealMap,Australia,,,3
Homo sapiens,9606,,,,Aedes vittatus,FALSE,Aedes vittatus,blood_meal,BloodMealMap,Kenya; Nigeria,,,2
Homo sapiens,9606,,,,Aedes vittiger,FALSE,Aedes vittiger,blood_meal,BloodMealMap,Australia,,,1
Homo sapiens,9606,,,,Amblyomma americanum,FALSE,Amblyomma americanum,on_host_occurrence,TickMap,United States; United States of America,,"Borrelia burgdorferi; Borrelia lonestari; Borrelia spp.; Borrelia spp., Borrelia lonestari, Spotted Fever Group Rickettsia, Rickettsia amblyommii; Ehrlichia chaffeensis; Ehrlichia chaffeensis, Borrelia burgdorferi; Ehrlichia chaffeensis, Borrelia lonestari; Ehrlichia ewingii; Ehrlichia ewingii, Borrelia lonestari; Ehrlichia ewingii, Ehrlichia chaffeensis; Panola Mountain Ehrlichia; Rickettsia; Borrelia; Spotted Fever Group Rickettsia, Rickettsia amblyommii",14543
Homo sapiens,9606,,,,Amblyomma cajennense,FALSE,Amblyomma cajennense,on_host_occurrence,TickMap,Honduras,,Rickettsia amblyommii,1
Homo sapiens,9606,,,,Amblyomma maculatum,FALSE,Amblyomma maculatum,on_host_occurrence,TickMap,United States; United States of America,,Rickettsia andeanae; Rickettsia parkeri; Rickettsia parkeri; Ca. R. andeanae,180
Homo sapiens,9606,,,,Amblyomma marmoreum,FALSE,Amblyomma marmoreum,on_host_occurrence,TickMap,Angola,,,1
Homo sapiens,9606,,,,Amblyomma nuttalli,FALSE,Amblyomma nuttalli,on_host_occurrence,TickMap,Central African Republic; Cote D'Ivoire,,,8
Homo sapiens,9606,,,,Amblyomma parvum,FALSE,Amblyomma parvum,on_host_occurrence,TickMap,United States of America,,,4
Homo sapiens,9606,,,,Amblyomma paulopunctatum,FALSE,Amblyomma paulopunctatum,on_host_occurrence,TickMap,Cote D'Ivoire,,,2
Homo sapiens,9606,,,,Amblyomma tholloni,FALSE,Amblyomma tholloni,on_host_occurrence,TickMap,Burkina Faso,,,1
Homo sapiens,9606,,,,Amblyomma variegatum,FALSE,Amblyomma variegatum,on_host_occurrence,TickMap,Burkina Faso; Central African Republic; Cote D'Ivoire; Guinea; Guinea-Bissau; Mali; Senegal; Sudan,,,11
Homo sapiens,9606,,,,Anopheles albimanus,FALSE,Anopheles albimanus,blood_meal,BloodMealMap,Belize,,,1
Homo sapiens,9606,,,,Anopheles albitarsis,FALSE,Anopheles albitarsis,blood_meal,BloodMealMap,Brazil,,,4
Homo sapiens,9606,,,,Anopheles amictus,FALSE,Anopheles amictus,blood_meal,BloodMealMap,Australia,,,1
Homo sapiens,9606,,,,Anopheles annularis,FALSE,Anopheles annularis,blood_meal,BloodMealMap,India; Pakistan,,,2
Homo sapiens,9606,,,,Anopheles annulipes,FALSE,Anopheles annulipes,blood_meal,BloodMealMap,Australia,,,3
Homo sapiens,9606,,,,Anopheles arabiensis,FALSE,Anopheles arabiensis,blood_meal,BloodMealMap,Ethiopia; Kenya; Madagascar,,,7
Homo sapiens,9606,,,,Anopheles atroparvus,FALSE,Anopheles atroparvus,blood_meal,BloodMealMap,ESP,,,1
Homo sapiens,9606,,,,Anopheles bancroftii,FALSE,Anopheles bancroftii,blood_meal,BloodMealMap,Australia,,,1
Homo sapiens,9606,,,,Anopheles claviger,FALSE,Anopheles claviger,blood_meal,BloodMealMap,Iran; Russia,,,2
Homo sapiens,9606,,,,Anopheles coluzzii,FALSE,Anopheles coluzzii,blood_meal,BloodMealMap,Ghana,,,1
Homo sapiens,9606,,,,Anopheles coustani,FALSE,Anopheles coustani,blood_meal,BloodMealMap,Kenya; Madagascar; Uganda,,,6
Homo sapiens,9606,,,,Anopheles crucians,FALSE,Anopheles crucians,blood_meal,BloodMealMap,Unites States,,,1
Homo sapiens,9606,,,,Anopheles cruzii,FALSE,Anopheles cruzii,blood_meal,BloodMealMap,Brazil,,,3
Homo sapiens,9606,,,,Anopheles culicifacies,FALSE,Anopheles culicifacies,blood_meal,BloodMealMap,India; Pakistan,,,3
Homo sapiens,9606,,,,Anopheles darlingi,FALSE,Anopheles darlingi,blood_meal,BloodMealMap,Belize; Brazil; Peru,,,5
Homo sapiens,9606,,,,Anopheles evansae,FALSE,Anopheles evansae,blood_meal,BloodMealMap,Brazil,,,3
Homo sapiens,9606,,,,Anopheles farauti,FALSE,Anopheles farauti,blood_meal,BloodMealMap,Papua New Guinea,,,2
Homo sapiens,9606,,,,Anopheles fluviatilis,FALSE,Anopheles fluviatilis,blood_meal,BloodMealMap,India; Iran; Pakistan,,,3
Homo sapiens,9606,,,,Anopheles freeborni,FALSE,Anopheles freeborni,blood_meal,BloodMealMap,Unites States,,,3
Homo sapiens,9606,,,,Anopheles funestus,FALSE,Anopheles funestus,blood_meal,BloodMealMap,Kenya; Madagascar; Tanzania,,,10
Homo sapiens,9606,,,,Anopheles gambiae,FALSE,Anopheles gambiae,blood_meal,BloodMealMap,Kenya; Senegal; Tanzania,,,17
Homo sapiens,9606,,,,Anopheles garnhami,FALSE,Anopheles garnhami,blood_meal,BloodMealMap,Ethiopia,,,3
Homo sapiens,9606,,,,Anopheles hyrcanus,FALSE,Anopheles hyrcanus,blood_meal,BloodMealMap,Iran; Serbia,,,4
Homo sapiens,9606,,,,Anopheles implexus,FALSE,Anopheles implexus,blood_meal,BloodMealMap,Uganda,,,1
Homo sapiens,9606,,,,Anopheles koliensis,FALSE,Anopheles koliensis,blood_meal,BloodMealMap,Papua New Guinea,,,2
Homo sapiens,9606,,,,Anopheles maculipalpis,FALSE,Anopheles maculipalpis,blood_meal,BloodMealMap,Madagascar,,,1
Homo sapiens,9606,,,,Anopheles maculipennis,FALSE,Anopheles maculipennis,blood_meal,BloodMealMap,Iran; Serbia; Switzerland,,,4
Homo sapiens,9606,,,,Anopheles marajoara,FALSE,Anopheles marajoara,blood_meal,BloodMealMap,Brazil,,,2
Homo sapiens,9606,,,,Anopheles marshalli,FALSE,Anopheles marshalli,blood_meal,BloodMealMap,Ethiopia,,,3
Homo sapiens,9606,,,,Anopheles mascarensis,FALSE,Anopheles mascarensis,blood_meal,BloodMealMap,Madagascar,,,1
Homo sapiens,9606,,,,Anopheles messeae,FALSE,Anopheles messeae,blood_meal,BloodMealMap,Russia,,,1
Homo sapiens,9606,,,,Anopheles moucheti,FALSE,Anopheles moucheti,blood_meal,BloodMealMap,Uganda,,,1
Homo sapiens,9606,,,,Anopheles multicolor,FALSE,Anopheles multicolor,blood_meal,BloodMealMap,Egypt,,,1
Homo sapiens,9606,,,,Anopheles nigerrimus,FALSE,Anopheles nigerrimus,blood_meal,BloodMealMap,Pakistan,,,1
Homo sapiens,9606,,,,Anopheles nuneztovari,FALSE,Anopheles nuneztovari,blood_meal,BloodMealMap,Brazil,,,3
Homo sapiens,9606,,,,Anopheles paludis,FALSE,Anopheles paludis,blood_meal,BloodMealMap,Uganda,,,1
Homo sapiens,9606,,,,Anopheles peryassui,FALSE,Anopheles peryassui,blood_meal,BloodMealMap,Brazil,,,1
Homo sapiens,9606,,,,Anopheles pharoensis,FALSE,Anopheles pharoensis,blood_meal,BloodMealMap,Egypt; Ethiopia; Kenya; Senegal; Tanzania,,,5
Homo sapiens,9606,,,,Anopheles plumbeus,FALSE,Anopheles plumbeus,blood_meal,BloodMealMap,Iran; Switzerland,,,2
Homo sapiens,9606,,,,Anopheles pretoriensis,FALSE,Anopheles pretoriensis,blood_meal,BloodMealMap,Madagascar,,,1
Homo sapiens,9606,,,,Anopheles punctimacula,FALSE,Anopheles punctimacula,blood_meal,BloodMealMap,Belize,,,1
Homo sapiens,9606,,,,Anopheles punctipennis,FALSE,Anopheles punctipennis,blood_meal,BloodMealMap,Unites States,,,3
Homo sapiens,9606,,,,Anopheles quadrimaculatus,FALSE,Anopheles quadrimaculatus,blood_meal,BloodMealMap,Unites States,,,4
Homo sapiens,9606,,,,Anopheles rufipes,FALSE,Anopheles rufipes,blood_meal,BloodMealMap,Madagascar,,,1
Homo sapiens,9606,,,,Anopheles saperoi,FALSE,Anopheles saperoi,blood_meal,BloodMealMap,Japan,,,1
Homo sapiens,9606,,,,Anopheles sergentii,FALSE,Anopheles sergentii,blood_meal,BloodMealMap,Egypt,,,1
Homo sapiens,9606,,,,Anopheles squamosus,FALSE,Anopheles squamosus,blood_meal,BloodMealMap,Madagascar,,,1
Homo sapiens,9606,,,,Anopheles stephensi,FALSE,Anopheles stephensi,blood_meal,BloodMealMap,Iran,,,1
Homo sapiens,9606,,,,Anopheles strodei,FALSE,Anopheles strodei,blood_meal,BloodMealMap,Brazil,,,1
Homo sapiens,9606,,,,Anopheles superpictus,FALSE,Anopheles superpictus,blood_meal,BloodMealMap,Iran,,,1
Homo sapiens,9606,,,,Anopheles tenebrosus,FALSE,Anopheles tenebrosus,blood_meal,BloodMealMap,Ethiopia,,,1
Homo sapiens,9606,,,,Anopheles triannulatus,FALSE,Anopheles triannulatus,blood_meal,BloodMealMap,Brazil,,,2
Homo sapiens,9606,,,,Anopheles varuna,FALSE,Anopheles varuna,blood_meal,BloodMealMap,India,,,1
Homo sapiens,9606,,,,Anopheles vestitipennis,FALSE,Anopheles vestitipennis,blood_meal,BloodMealMap,Belize,,,3
Homo sapiens,9606,,,,Anopheles wellcomei,FALSE,Anopheles wellcomei,blood_meal,BloodMealMap,Tanzania,,,1
Homo sapiens,9606,,,,Argas brumpti,FALSE,Argas brumpti,on_host_occurrence,TickMap,Zimbabwe,,,2
Homo sapiens,9606,,,,Argas confusus,FALSE,Argas confusus,on_host_occurrence,TickMap,South Africa,,,1
Homo sapiens,9606,,,,Argas reflexus,FALSE,Argas reflexus,on_host_occurrence,TickMap,United States,,,1
Homo sapiens,9606,,,,Armigeres subalbatus,FALSE,Armigeres subalbatus,blood_meal,BloodMealMap,Japan,,,3
Homo sapiens,9606,,,,Chagasia fajardi,FALSE,Chagasia fajardi,blood_meal,BloodMealMap,Brazil,,,2
Homo sapiens,9606,,,,Coquillettidia aurites,FALSE,Coquillettidia aurites,blood_meal,BloodMealMap,Kenya; Uganda,,,2
Homo sapiens,9606,,,,Coquillettidia fraseri,FALSE,Coquillettidia fraseri,blood_meal,BloodMealMap,Uganda,,,1
Homo sapiens,9606,,,,Coquillettidia fuscopennata,FALSE,Coquillettidia fuscopennata,blood_meal,BloodMealMap,Uganda,,,2
Homo sapiens,9606,,,,Coquillettidia karandalaensis,FALSE,Coquillettidia karandalaensis,blood_meal,BloodMealMap,Kenya,,,1
Homo sapiens,9606,,,,Coquillettidia linealis,FALSE,Coquillettidia linealis,blood_meal,BloodMealMap,Australia,,,2
Homo sapiens,9606,,,,Coquillettidia maculipennis,FALSE,Coquillettidia maculipennis,blood_meal,BloodMealMap,Uganda,,,1
Homo sapiens,9606,,,,Coquillettidia metallica,FALSE,Coquillettidia metallica,blood_meal,BloodMealMap,Uganda,,,1
Homo sapiens,9606,,,,Coquillettidia perturbans,FALSE,Coquillettidia perturbans,blood_meal,BloodMealMap,Unites States,,,3
Homo sapiens,9606,,,,Coquillettidia pseudoconopas,FALSE,Coquillettidia pseudoconopas,blood_meal,BloodMealMap,Uganda,,,2
Homo sapiens,9606,,,,Coquillettidia richiardii,FALSE,Coquillettidia richiardii,blood_meal,BloodMealMap,Hungary; Serbia; United Kingdom,,,3
Homo sapiens,9606,,,,Coquillettidia shannoni,FALSE,Coquillettidia shannoni,blood_meal,BloodMealMap,Brazil,,,1
Homo sapiens,9606,,,,Coquillettidia venezuelensis,FALSE,Coquillettidia venezuelensis,blood_meal,BloodMealMap,Brazil; Panama,,,4
Homo sapiens,9606,,,,Ctenocephalides canis,FALSE,Ctenocephalides canis,on_host_occurrence,FleaMap,Guatemala; United States,,,6
Homo sapiens,9606,,,,Ctenocephalides felis,FALSE,Ctenocephalides felis,on_host_occurrence,FleaMap,"Brazil; Liberia; Trinidad And Tobago; Tunisia; United States; Virgin Islands, U.S",,,32
Homo sapiens,9606,,,,Culex annulioris,FALSE,Culex annulioris,blood_meal,BloodMealMap,Kenya; Uganda,,,3
Homo sapiens,9606,,,,Culex annulirostris,FALSE,Culex annulirostris,blood_meal,BloodMealMap,Australia; Papua New Guinea,,,21
Homo sapiens,9606,,,,Culex antennatus,FALSE,Culex antennatus,blood_meal,BloodMealMap,Egypt; Kenya; Senegal; Uganda,,,6
Homo sapiens,9606,,,,Culex aureonotatus,FALSE,Culex aureonotatus,blood_meal,BloodMealMap,Brazil,,,1
Homo sapiens,9606,,,,Culex bastagarius,FALSE,Culex bastagarius,blood_meal,BloodMealMap,Brazil,,,1
Homo sapiens,9606,,,,Culex bidens,FALSE,Culex bidens,blood_meal,BloodMealMap,Brazil,,,1
Homo sapiens,9606,,,,Culex bitaeniorhynchus,FALSE,Culex bitaeniorhynchus,blood_meal,BloodMealMap,India; Pakistan; Singapore,,,5
Homo sapiens,9606,,,,Culex cedecei,FALSE,Culex cedecei,blood_meal,BloodMealMap,Unites States,,,2
Homo sapiens,9606,,,,Culex cheesmanae,FALSE,Culex cheesmanae,blood_meal,BloodMealMap,Unites States,,,1
Homo sapiens,9606,,,,Culex chidesteri,FALSE,Culex chidesteri,blood_meal,BloodMealMap,Brazil,,,2
Homo sapiens,9606,,,,Culex coronator,FALSE,Culex coronator,blood_meal,BloodMealMap,Brazil; Guatemala,,,3
Homo sapiens,9606,,,,Culex declarator,FALSE,Culex declarator,blood_meal,BloodMealMap,Brazil; Trinidad & Tobago,,,3
Homo sapiens,9606,,,,Culex dunni,FALSE,Culex dunni,blood_meal,BloodMealMap,Peru,,,1
Homo sapiens,9606,,,,Culex erraticus,FALSE,Culex erraticus,blood_meal,BloodMealMap,Unites States,,,2
Homo sapiens,9606,,,,Culex fuscocephala,FALSE,Culex fuscocephala,blood_meal,BloodMealMap,India,,,1
Homo sapiens,9606,,,,Culex gelidus,FALSE,Culex gelidus,blood_meal,BloodMealMap,India; Malaysia; Singapore,,,6
Homo sapiens,9606,,,,Culex globocoxitus,FALSE,Culex globocoxitus,blood_meal,BloodMealMap,Australia,,,1
Homo sapiens,9606,,,,Culex hilli,FALSE,Culex hilli,blood_meal,BloodMealMap,Australia,,,1
Homo sapiens,9606,,,,Culex hortensis,FALSE,Culex hortensis,blood_meal,BloodMealMap,Switzerland,,,1
Homo sapiens,9606,,,,Culex infula,FALSE,Culex infula,blood_meal,BloodMealMap,India,,,1
Homo sapiens,9606,,,,Culex insignis,FALSE,Culex insignis,blood_meal,BloodMealMap,Uganda,,,2
Homo sapiens,9606,,,,Culex iolambdis,FALSE,Culex iolambdis,blood_meal,BloodMealMap,Unites States,,,1
Homo sapiens,9606,,,,Culex lygrus,FALSE,Culex lygrus,blood_meal,BloodMealMap,Brazil,,,1
Homo sapiens,9606,,,,Culex mimeticus,FALSE,Culex mimeticus,blood_meal,BloodMealMap,Iran; Japan,,,2
Homo sapiens,9606,,,,Culex modestus,FALSE,Culex modestus,blood_meal,BloodMealMap,Russia; United Kingdom,,,2
Homo sapiens,9606,,,,Culex molestus,FALSE,Culex molestus,blood_meal,BloodMealMap,Australia,,,3
Homo sapiens,9606,,,,Culex neavei,FALSE,Culex neavei,blood_meal,BloodMealMap,Kenya,,,1
Homo sapiens,9606,,,,Culex nebulosus,FALSE,Culex nebulosus,blood_meal,BloodMealMap,Uganda,,,1
Homo sapiens,9606,,,,Culex nigripalpus,FALSE,Culex nigripalpus,blood_meal,BloodMealMap,Brazil; Guatemala; Trinidad & Tobago,,,4
Homo sapiens,9606,,,,Culex ocossa,FALSE,Culex ocossa,blood_meal,BloodMealMap,Peru,,,1
Homo sapiens,9606,,,,Culex orbostiensis,FALSE,Culex orbostiensis,blood_meal,BloodMealMap,Australia,,,1
Homo sapiens,9606,,,,Culex pedroi,FALSE,Culex pedroi,blood_meal,BloodMealMap,Trinidad & Tobago,,,1
Homo sapiens,9606,,,,Culex perexiguus,FALSE,Culex perexiguus,blood_meal,BloodMealMap,Iran,,,8
Homo sapiens,9606,,,,Culex pilosus,FALSE,Culex pilosus,blood_meal,BloodMealMap,Unites States,,,1
Homo sapiens,9606,,,,Culex pipiens,FALSE,Culex pipiens,blood_meal,BloodMealMap,Czechia; Egypt; Iran; Israel; Kenya; Russia; Serbia; Unites States,,,42
Homo sapiens,9606,,,,Culex pleuristriatus,FALSE,Culex pleuristriatus,blood_meal,BloodMealMap,Brazil,,,1
Homo sapiens,9606,,,,Culex poicilipes,FALSE,Culex poicilipes,blood_meal,BloodMealMap,Kenya; Senegal; Uganda,,,3
Homo sapiens,9606,,,,Culex pseudovishnui,FALSE,Culex pseudovishnui,blood_meal,BloodMealMap,India,,,3
Homo sapiens,9606,,,,Culex pullus,FALSE,Culex pullus,blood_meal,BloodMealMap,Australia,,,1
Homo sapiens,9606,,,,Culex pusillus,FALSE,Culex pusillus,blood_meal,BloodMealMap,Egypt,,,1
Homo sapiens,9606,,,,Culex quinquefasciatus,FALSE,Culex quinquefasciatus,blood_meal,BloodMealMap,Australia; Brazil; Ecuador; Guatemala; India; Iran; Japan; Kenya; Mexico; Nigeria; Pakistan; Singapore; Tanzania; Unites States,,,40
Homo sapiens,9606,,,,Culex restuans,FALSE,Culex restuans,blood_meal,BloodMealMap,Unites States,,,1
Homo sapiens,9606,,,,Culex ryukyensis,FALSE,Culex ryukyensis,blood_meal,BloodMealMap,Japan,,,1
Homo sapiens,9606,,,,Culex salinarius,FALSE,Culex salinarius,blood_meal,BloodMealMap,Unites States,,,1
Homo sapiens,9606,,,,Culex saltanensis,FALSE,Culex saltanensis,blood_meal,BloodMealMap,Brazil,,,1
Homo sapiens,9606,,,,Culex shanahani,FALSE,Culex shanahani,blood_meal,BloodMealMap,Japan,,,2
Homo sapiens,9606,,,,Culex sitiens,FALSE,Culex sitiens,blood_meal,BloodMealMap,Australia; Iran; Singapore,,,8
Homo sapiens,9606,,,,Culex steffani,FALSE,Culex steffani,blood_meal,BloodMealMap,Japan,,,1
Homo sapiens,9606,,,,Culex stigmatosoma,FALSE,Culex stigmatosoma,blood_meal,BloodMealMap,Unites States,,,1
Homo sapiens,9606,,,,Culex taeniopus,FALSE,Culex taeniopus,blood_meal,BloodMealMap,Guatemala,,,1
Homo sapiens,9606,,,,Culex tarsalis,FALSE,Culex tarsalis,blood_meal,BloodMealMap,Unites States,,,8
Homo sapiens,9606,,,,Culex thalassius,FALSE,Culex thalassius,blood_meal,BloodMealMap,Senegal; The Gambia,,,2
Homo sapiens,9606,,,,Culex theileri,FALSE,Culex theileri,blood_meal,BloodMealMap,ESP; Iran; South Africa,,,5
Homo sapiens,9606,,,,Culex tritaeniorhynchus,FALSE,Culex tritaeniorhynchus,blood_meal,BloodMealMap,India; Iran; Japan; Malaysia; Pakistan; Senegal; Singapore,,,12
Homo sapiens,9606,,,,Culex univittatus,FALSE,Culex univittatus,blood_meal,BloodMealMap,Egypt; Kenya; Senegal; Uganda,,,10
Homo sapiens,9606,,,,Culex vansomereni,FALSE,Culex vansomereni,blood_meal,BloodMealMap,Kenya,,,1
Homo sapiens,9606,,,,Culex vishnui,FALSE,Culex vishnui,blood_meal,BloodMealMap,India; Singapore,,,5
Homo sapiens,9606,,,,Culex wamanguae,FALSE,Culex wamanguae,blood_meal,BloodMealMap,Unites States,,,1
Homo sapiens,9606,,,,Culex whitmorei,FALSE,Culex whitmorei,blood_meal,BloodMealMap,India,,,1
Homo sapiens,9606,,,,Culiseta incidens,FALSE,Culiseta incidens,blood_meal,BloodMealMap,Unites States,,,1
Homo sapiens,9606,,,,Culiseta inornata,FALSE,Culiseta inornata,blood_meal,BloodMealMap,Unites States,,,1
Homo sapiens,9606,,,,Deinocerites cancer,FALSE,Deinocerites cancer,blood_meal,BloodMealMap,Panama,,,1
Homo sapiens,9606,,,,Deinocerites epitedeus,FALSE,Deinocerites epitedeus,blood_meal,BloodMealMap,Panama,,,1
Homo sapiens,9606,,,,Dermacentor albipictus,FALSE,Dermacentor albipictus,on_host_occurrence,TickMap,United States; United States of America,,,10
Homo sapiens,9606,,,,Dermacentor andersoni,FALSE,Dermacentor andersoni,on_host_occurrence,TickMap,United States,,Rickettsia peacockii,16
Homo sapiens,9606,,,,Dermacentor hunteri,FALSE,Dermacentor hunteri,on_host_occurrence,TickMap,United States of America,,,10
Homo sapiens,9606,,,,Dermacentor marginatus,FALSE,Dermacentor marginatus,on_host_occurrence,TickMap,Turkey,,,32
Homo sapiens,9606,,,,Dermacentor niveus,FALSE,Dermacentor niveus,on_host_occurrence,TickMap,Turkey,,,21
Homo sapiens,9606,,,,Dermacentor occidentalis,FALSE,Dermacentor occidentalis,on_host_occurrence,TickMap,United States of America,,,16
Homo sapiens,9606,,,,Dermacentor variabilis,FALSE,Dermacentor variabilis,on_host_occurrence,TickMap,United States; United States of America,,Borrelia burgdorferi; Rickettsia montanensis; Rickettsia rickettsii,5165
Homo sapiens,9606,,,,Echidnophaga gallinacea,FALSE,Echidnophaga gallinacea,on_host_occurrence,FleaMap,United States,,,1
Homo sapiens,9606,,,,Haemagogus janthinomys,FALSE,Haemagogus janthinomys,blood_meal,BloodMealMap,Brazil,,,10
Homo sapiens,9606,,,,Haemagogus leucocelaenus,FALSE,Haemagogus leucocelaenus,blood_meal,BloodMealMap,Brazil,,,4
Homo sapiens,9606,,,,Haemaphysalis concinna,FALSE,Haemaphysalis concinna,on_host_occurrence,TickMap,Turkey,,,17
Homo sapiens,9606,,,,Haemaphysalis erinacei,FALSE,Haemaphysalis erinacei,on_host_occurrence,TickMap,Turkey,,,1
Homo sapiens,9606,,,,Haemaphysalis flava,FALSE,Haemaphysalis flava,on_host_occurrence,TickMap,South Korea,,neg,4
Homo sapiens,9606,,,,Haemaphysalis leachi,FALSE,Haemaphysalis leachi,on_host_occurrence,TickMap,"Congo, The Democratic Republic of The; Nigeria",,,2
Homo sapiens,9606,,,,Haemaphysalis leporispalustris,FALSE,Haemaphysalis leporispalustris,on_host_occurrence,TickMap,United States of America,,,3
Homo sapiens,9606,,,,Haemaphysalis longicornis,FALSE,Haemaphysalis longicornis,on_host_occurrence,TickMap,United States of America,,,8
Homo sapiens,9606,,,,Haemaphysalis paraleachi,FALSE,Haemaphysalis paraleachi,on_host_occurrence,TickMap,Sudan,,,1
Homo sapiens,9606,,,,Haemaphysalis parmata,FALSE,Haemaphysalis parmata,on_host_occurrence,TickMap,Cote D'Ivoire,,,1
Homo sapiens,9606,,,,Haemaphysalis parva,FALSE,Haemaphysalis parva,on_host_occurrence,TickMap,Turkey,,,19
Homo sapiens,9606,,,,Haemaphysalis punctata,FALSE,Haemaphysalis punctata,on_host_occurrence,TickMap,Turkey,,,18
Homo sapiens,9606,,,,Haemaphysalis sulcata,FALSE,Haemaphysalis sulcata,on_host_occurrence,TickMap,Turkey,,,2
Homo sapiens,9606,,,,Heizmannia kana,FALSE,Heizmannia kana,blood_meal,BloodMealMap,Japan,,,1
Homo sapiens,9606,,,,Hodgesia cyptopus,FALSE,Hodgesia cyptopus,blood_meal,BloodMealMap,Uganda,,,1
Homo sapiens,9606,,,,Hyalomma aegyptium,FALSE,Hyalomma aegyptium,on_host_occurrence,TickMap,Turkey,,,25
Homo sapiens,9606,,,,Hyalomma anatolicum,FALSE,Hyalomma anatolicum,on_host_occurrence,TickMap,Turkey,,,27
Homo sapiens,9606,,,,Hyalomma dromedarii,FALSE,Hyalomma dromedarii,on_host_occurrence,TickMap,Turkey,,,13
Homo sapiens,9606,,,,Hyalomma excavatum,FALSE,Hyalomma excavatum,on_host_occurrence,TickMap,Turkey,,,21
Homo sapiens,9606,,,,Hyalomma impeltatum,FALSE,Hyalomma impeltatum,on_host_occurrence,TickMap,Algeria,,,1
Homo sapiens,9606,,,,Hyalomma impressum,FALSE,Hyalomma impressum,on_host_occurrence,TickMap,South Africa,,,1
Homo sapiens,9606,,,,Hyalomma isaaci,FALSE,Hyalomma isaaci,on_host_occurrence,TickMap,Turkey,,,10
Homo sapiens,9606,,,,Hyalomma lusitanicum,FALSE,Hyalomma lusitanicum,on_host_occurrence,TickMap,Morocco,,,2
Homo sapiens,9606,,,,Hyalomma marginatum,FALSE,Hyalomma marginatum,on_host_occurrence,TickMap,Turkey,,,71
Homo sapiens,9606,,,,Hyalomma rufipes,FALSE,Hyalomma rufipes,on_host_occurrence,TickMap,Turkey,,,6
Homo sapiens,9606,,,,Hyalomma scupense,FALSE,Hyalomma scupense,on_host_occurrence,TickMap,Morocco; Turkey,,,55
Homo sapiens,9606,,,,Hyalomma truncatum,FALSE,Hyalomma truncatum,on_host_occurrence,TickMap,Nigeria,,,2
Homo sapiens,9606,,,,Hyalomma turanicum,FALSE,Hyalomma turanicum,on_host_occurrence,TickMap,Turkey,,,16
Homo sapiens,9606,,,,Ixodes affinis,FALSE,Ixodes affinis,on_host_occurrence,TickMap,United States of America,,,6
Homo sapiens,9606,,,,Ixodes cavipalpus,FALSE,Ixodes cavipalpus,on_host_occurrence,TickMap,Angola,,,1
Homo sapiens,9606,,,,Ixodes cookei,FALSE,Ixodes cookei,on_host_occurrence,TickMap,United States; United States of America,,Borrelia burgdorferi,73
Homo sapiens,9606,,,,Ixodes cumulatimpunctatus,FALSE,Ixodes cumulatimpunctatus,on_host_occurrence,TickMap,Cote D'Ivoire,,,1
Homo sapiens,9606,,,,Ixodes dentatus,FALSE,Ixodes dentatus,on_host_occurrence,TickMap,United States of America,,,25
Homo sapiens,9606,,,,Ixodes hexagonus,FALSE,Ixodes hexagonus,on_host_occurrence,TickMap,Turkey,,,1
Homo sapiens,9606,,,,Ixodes laguri,FALSE,Ixodes laguri,on_host_occurrence,TickMap,Turkey,,,1
Homo sapiens,9606,,,,Ixodes marxi,FALSE,Ixodes marxi,on_host_occurrence,TickMap,United States of America,,,8
Homo sapiens,9606,,,,Ixodes muris,FALSE,Ixodes muris,on_host_occurrence,TickMap,United States; United States of America,,,25
Homo sapiens,9606,,,,Ixodes pacificus,FALSE,Ixodes pacificus,on_host_occurrence,TickMap,United States; United States of America,,Anaplasma phacotyophilum; Anaplasma phagocytophilum; Borrelia burgdorferi s.l.; Ehrlichia chaffeensis; Borrelia burgdorferi sensu stricto; Borrelia burgdorferi sensu stricto; and Borrelia miyamotoi; Borrelia burgdorferi sensu stricto; Borrelia miyamotoi; Borrelia lanei; Borrelia miyamotoi,97
Homo sapiens,9606,,,,Ixodes rageaui,FALSE,Ixodes rageaui,on_host_occurrence,TickMap,Kenya,,,1
Homo sapiens,9606,,,,Ixodes redikorzevi,FALSE,Ixodes redikorzevi,on_host_occurrence,TickMap,Turkey,,,2
Homo sapiens,9606,,,,Ixodes ricinus,FALSE,Ixodes ricinus,on_host_occurrence,TickMap,Turkey,,,4
Homo sapiens,9606,,,,Ixodes scapularis,FALSE,Ixodes scapularis,on_host_occurrence,TickMap,United States; United States of America,,"Anaplasma phagocytophilium; Anaplasma phagocytophilium, Borrelia burgdorferi; Anaplasma phagocytophilum; Anaplasma phagocytophilum, Borrelia burgdorferi; Babesia; Babesia spp.; Babesia spp., Anaplasma phagocytophilum; Babesia spp., Borrelia burgdorferi; Babesia, Anaplasma phagocytophilium; Babesia, Anaplasma phagocytophilium, Borrelia burgdorferi; Babesia, Borrelia burgdorferi; Babesia, Ehrlichia sp. Wisconsin, Borrelia burgdorferi; Borellia burgdorferi; Borrelia burgdorferi; Ehrlichia ewingii; Ehrlichia sp. Wisconsin; Ehrlichia sp. Wisconsin, Anaplasma phagocytophilium, Borrelia burgdorferi; Ehrlichia sp. Wisconsin, Borrelia burgdorferi; Rickettsia; Borrelia",4737
Homo sapiens,9606,,,,Ixodes spinipalpis,FALSE,Ixodes spinipalpis,on_host_occurrence,TickMap,United States of America,,Borrelia lanei,24
Homo sapiens,9606,,,,Ixodes texanus,FALSE,Ixodes texanus,on_host_occurrence,TickMap,United States of America,,,3
Homo sapiens,9606,,,,Limatus durhamii,FALSE,Limatus durhamii,blood_meal,BloodMealMap,Brazil,,,1
Homo sapiens,9606,,,,Lutzia fuscana,FALSE,Lutzia fuscana,blood_meal,BloodMealMap,India,,,1
Homo sapiens,9606,,,,Mansonia africana,FALSE,Mansonia africana,blood_meal,BloodMealMap,Kenya; Tanzania; Uganda,,,12
Homo sapiens,9606,,,,Mansonia bonneae,FALSE,Mansonia bonneae,blood_meal,BloodMealMap,Malaysia,,,1
Homo sapiens,9606,,,,Mansonia titillans,FALSE,Mansonia titillans,blood_meal,BloodMealMap,Brazil,,,3
Homo sapiens,9606,,,,Mansonia uniformis,FALSE,Mansonia uniformis,blood_meal,BloodMealMap,Australia; Kenya; Nigeria; Tanzania; Uganda,,,10
Homo sapiens,9606,,,,Mimomyia mediolineata,FALSE,Mimomyia mediolineata,blood_meal,BloodMealMap,Kenya,,,1
Homo sapiens,9606,,,,Mimomyia splendens,FALSE,Mimomyia splendens,blood_meal,BloodMealMap,Kenya,,,1
Homo sapiens,9606,,,,Ornithodoros coriaceus,FALSE,Ornithodoros coriaceus,on_host_occurrence,TickMap,United States of America,,,8
Homo sapiens,9606,,,,Ornithodoros hermsi,FALSE,Ornithodoros hermsi,on_host_occurrence,TickMap,United States,,,6
Homo sapiens,9606,,,,Ornithodoros kelleyi,FALSE,Ornithodoros kelleyi,on_host_occurrence,TickMap,United States,,,9
Homo sapiens,9606,,,,Ornithodoros moubata,FALSE,Ornithodoros moubata,on_host_occurrence,TickMap,"Angola; Congo, The Democratic Republic of The; Kenya; South Africa; Sudan; Tanzania, United Republic of; Uganda; Zimbabwe",,,9
Homo sapiens,9606,,,,Ornithodoros parkeri,FALSE,Ornithodoros parkeri,on_host_occurrence,TickMap,United States,,,1
Homo sapiens,9606,,,,Ornithodoros savignyi,FALSE,Ornithodoros savignyi,on_host_occurrence,TickMap,Namibia; Sudan,,,3
Homo sapiens,9606,,,,Ornithodoros talaje,FALSE,Ornithodoros talaje,on_host_occurrence,TickMap,Guatemala; Mexico; Panama,,,5
Homo sapiens,9606,,,,Oropsylla bruneri,FALSE,Oropsylla bruneri,on_host_occurrence,FleaMap,United States,,,1
Homo sapiens,9606,,,,Otobius megnini,FALSE,Otobius megnini,on_host_occurrence,TickMap,United States; United States of America,,,5
Homo sapiens,9606,,,,Psorophora albigenu,FALSE,Psorophora albigenu,blood_meal,BloodMealMap,Brazil,,,3
Homo sapiens,9606,,,,Psorophora albipes,FALSE,Psorophora albipes,blood_meal,BloodMealMap,Brazil,,,1
Homo sapiens,9606,,,,Psorophora ciliata,FALSE,Psorophora ciliata,blood_meal,BloodMealMap,Unites States,,,1
Homo sapiens,9606,,,,Psorophora cingulata,FALSE,Psorophora cingulata,blood_meal,BloodMealMap,Panama,,,1
Homo sapiens,9606,,,,Psorophora columbiae,FALSE,Psorophora columbiae,blood_meal,BloodMealMap,Unites States,,,1
Homo sapiens,9606,,,,Psorophora confinnis,FALSE,Psorophora confinnis,blood_meal,BloodMealMap,Unites States,,,2
Homo sapiens,9606,,,,Psorophora discolor,FALSE,Psorophora discolor,blood_meal,BloodMealMap,Unites States,,,1
Homo sapiens,9606,,,,Psorophora ferox,FALSE,Psorophora ferox,blood_meal,BloodMealMap,Brazil; Unites States,,,8
Homo sapiens,9606,,,,Psorophora signipennis,FALSE,Psorophora signipennis,blood_meal,BloodMealMap,Unites States,,,1
Homo sapiens,9606,,,,Psorophora toltecum,FALSE,Psorophora toltecum,blood_meal,BloodMealMap,Unites States,,,1
Homo sapiens,9606,,,,Rhipicentor bicornis,FALSE,Rhipicentor bicornis,on_host_occurrence,TickMap,Zambia,,,1
Homo sapiens,9606,,,,Rhipicephalus annulatus,FALSE,Rhipicephalus annulatus,on_host_occurrence,TickMap,Turkey,,,7
Homo sapiens,9606,,,,Rhipicephalus appendiculatus,FALSE,Rhipicephalus appendiculatus,on_host_occurrence,TickMap,"Congo, The Democratic Republic of The",,,1
Homo sapiens,9606,,,,Rhipicephalus bursa,FALSE,Rhipicephalus bursa,on_host_occurrence,TickMap,Turkey,,,66
Homo sapiens,9606,,,,Rhipicephalus dux,FALSE,Rhipicephalus dux,on_host_occurrence,TickMap,"Congo, The Democratic Republic of The",,,1
Homo sapiens,9606,,,,Rhipicephalus lunulatus,FALSE,Rhipicephalus lunulatus,on_host_occurrence,TickMap,Sierra Leone,,,1
Homo sapiens,9606,,,,Rhipicephalus muhsamae,FALSE,Rhipicephalus muhsamae,on_host_occurrence,TickMap,Nigeria,,,1
Homo sapiens,9606,,,,Rhipicephalus planus,FALSE,Rhipicephalus planus,on_host_occurrence,TickMap,"Tanzania, United Republic of",,,1
Homo sapiens,9606,,,,Rhipicephalus pravus,FALSE,Rhipicephalus pravus,on_host_occurrence,TickMap,Sudan,,,2
Homo sapiens,9606,,,,Rhipicephalus pulchellus,FALSE,Rhipicephalus pulchellus,on_host_occurrence,TickMap,Kenya,,,3
Homo sapiens,9606,,,,Rhipicephalus sanguineus,FALSE,Rhipicephalus sanguineus,on_host_occurrence,TickMap,"Algeria; Burkina Faso; Central African Republic; Congo, The Democratic Republic of The; Cote D'Ivoire; Kenya; Senegal; Sierra Leone; Sudan; Turkey; United States; United States of America; Zimbabwe",,,174
Homo sapiens,9606,,,,Rhipicephalus senegalensis,FALSE,Rhipicephalus senegalensis,on_host_occurrence,TickMap,Cote D'Ivoire,,,1
Homo sapiens,9606,,,,Rhipicephalus simus,FALSE,Rhipicephalus simus,on_host_occurrence,TickMap,"Sudan; Tanzania, United Republic of",,,3
Homo sapiens,9606,,,,Rhipicephalus sulcatus,FALSE,Rhipicephalus sulcatus,on_host_occurrence,TickMap,Sudan,,,1
Homo sapiens,9606,,,,Rhipicephalus tricuspis,FALSE,Rhipicephalus tricuspis,on_host_occurrence,TickMap,Botswana,,,1
Homo sapiens,9606,,,,Rhipicephalus turanicus,FALSE,Rhipicephalus turanicus,on_host_occurrence,TickMap,Morocco; Turkey,,,54
Homo sapiens,9606,,,,Runchomyia theobaldi,FALSE,Runchomyia theobaldi,blood_meal,BloodMealMap,Brazil,,,1
Homo sapiens,9606,,,,Sabethes albiprivus,FALSE,Sabethes albiprivus,blood_meal,BloodMealMap,Brazil,,,2
Homo sapiens,9606,,,,Sabethes chloropterus,FALSE,Sabethes chloropterus,blood_meal,BloodMealMap,Brazil,,,1
Homo sapiens,9606,,,,Sabethes quasicyaneus,FALSE,Sabethes quasicyaneus,blood_meal,BloodMealMap,Brazil,,,1
Homo sapiens,9606,,,,Trichoprosopon digitatum,FALSE,Trichoprosopon digitatum,blood_meal,BloodMealMap,Brazil,,,1
Homo sapiens,9606,,,,Uranotaenia mashonaensis,FALSE,Uranotaenia mashonaensis,blood_meal,BloodMealMap,Nigeria,,,1
Homo sapiens,9606,,,,Uranotaenia sapphirina,FALSE,Uranotaenia sapphirina,blood_meal,BloodMealMap,Unites States,,,1
Homo sapiens,9606,,,,Verrallina atriisimilis,FALSE,Verrallina atriisimilis,blood_meal,BloodMealMap,Japan,,,1
Homo sapiens,9606,,,,Verrallina carmenti,FALSE,Verrallina carmenti,blood_meal,BloodMealMap,Australia,,,1
Homo sapiens,9606,,,,Verrallina funerea,FALSE,Verrallina funerea,blood_meal,BloodMealMap,Australia,,,1
Homo sapiens,9606,,,,Verrallina iriomotensis,FALSE,Verrallina iriomotensis,blood_meal,BloodMealMap,Japan,,,1
Homo sapiens,9606,,,,Wyeomyia davisi,FALSE,Wyeomyia davisi,blood_meal,BloodMealMap,Brazil,,,1
Homo sapiens,9606,,,,Wyeomyia deanei,FALSE,Wyeomyia deanei,blood_meal,BloodMealMap,Brazil,,,1
Homo sapiens,9606,,,,Wyeomyia forcipenis,FALSE,Wyeomyia forcipenis,blood_meal,BloodMealMap,Brazil,,,1
Homo sapiens,9606,,,,Wyeomyia theobaldi,FALSE,Wyeomyia theobaldi,blood_meal,BloodMealMap,Brazil,,,1
Homo sapiens,9606,,,,no data,FALSE,no data,on_host_occurrence,TickMap,United States,,,1
Hyaena hyaena,95912,mammalia,carnivora,hyaenidae,Haemaphysalis moreli,FALSE,Haemaphysalis moreli,on_host_occurrence,TickMap,Ethiopia; Uganda,,,2
Hyaena hyaena,95912,mammalia,carnivora,hyaenidae,Rhipicephalus carnivoralis,FALSE,Rhipicephalus carnivoralis,on_host_occurrence,TickMap,Kenya,,,1
Hyaena hyaena,95912,mammalia,carnivora,hyaenidae,Rhipicephalus cuspidatus,FALSE,Rhipicephalus cuspidatus,on_host_occurrence,TickMap,Burkina Faso,,,1
Hyaena hyaena,95912,mammalia,carnivora,hyaenidae,Rhipicephalus pulchellus,FALSE,Rhipicephalus pulchellus,on_host_occurrence,TickMap,Kenya,,,1
Hydrochoerus hydrochaeris,10149,mammalia,rodentia,caviidae,Aedes scapularis,FALSE,Aedes scapularis,blood_meal,BloodMealMap,Brazil,,,1
Hydrochoerus hydrochaeris,10149,mammalia,rodentia,caviidae,Anopheles albitarsis,FALSE,Anopheles albitarsis,blood_meal,BloodMealMap,Brazil,,,1
Hydrochoerus hydrochaeris,10149,mammalia,rodentia,caviidae,Anopheles cruzii,FALSE,Anopheles cruzii,blood_meal,BloodMealMap,Brazil,,,1
Hydrochoerus hydrochaeris,10149,mammalia,rodentia,caviidae,Coquillettidia venezuelensis,FALSE,Coquillettidia venezuelensis,blood_meal,BloodMealMap,Brazil,,,1
Hydrochoerus hydrochaeris,10149,mammalia,rodentia,caviidae,Culex bastagarius,FALSE,Culex bastagarius,blood_meal,BloodMealMap,Brazil,,,1
Hydrochoerus hydrochaeris,10149,mammalia,rodentia,caviidae,Culex declarator,FALSE,Culex declarator,blood_meal,BloodMealMap,Brazil,,,1
Hydrochoerus hydrochaeris,10149,mammalia,rodentia,caviidae,Culex pleuristriatus,FALSE,Culex pleuristriatus,blood_meal,BloodMealMap,Brazil,,,1
Hydrochoerus hydrochaeris,10149,mammalia,rodentia,caviidae,Culex usquatus,FALSE,Culex usquatus,blood_meal,BloodMealMap,Brazil,,,1
Hydropotes inermis,9883,mammalia,artiodactyla,cervidae,Haemaphysalis flava,FALSE,Haemaphysalis flava,on_host_occurrence,TickMap,South Korea,,neg; WRAIR,52
Hydropotes inermis,9883,mammalia,artiodactyla,cervidae,Haemaphysalis longicornis,FALSE,Haemaphysalis longicornis,on_host_occurrence,TickMap,South Korea,,neg; WRAIR,796
Hydropotes inermis,9883,mammalia,artiodactyla,cervidae,Ixodes nipponensis,FALSE,Ixodes nipponensis,on_host_occurrence,TickMap,South Korea,,neg; Positive; POV; WRAIR,1120
Hydroprogne caspia,425641,aves,charadriiformes,laridae,Culex tarsalis,FALSE,Culex tarsalis,blood_meal,BloodMealMap,Unites States,,,1
Hylocichla mustelina,172420,aves,passeriformes,turdidae,Aedes trivittatus,FALSE,Aedes trivittatus,blood_meal,BloodMealMap,Unites States,,,1
Hylocichla mustelina,172420,aves,passeriformes,turdidae,Amblyomma nodosum,FALSE,Amblyomma nodosum,on_host_occurrence,TickMap,United States of America,,Candidatus Rickettsia amblyommii,5
Hylocichla mustelina,172420,aves,passeriformes,turdidae,Coquillettidia perturbans,FALSE,Coquillettidia perturbans,blood_meal,BloodMealMap,Unites States,,,1
Hylocichla mustelina,172420,aves,passeriformes,turdidae,Culex erraticus,FALSE,Culex erraticus,blood_meal,BloodMealMap,Unites States,,,1
Hylocichla mustelina,172420,aves,passeriformes,turdidae,Culex quinquefasciatus,FALSE,Culex quinquefasciatus,blood_meal,BloodMealMap,Unites States,,,2
Hylocichla mustelina,172420,aves,passeriformes,turdidae,Culex restuans,FALSE,Culex restuans,blood_meal,BloodMealMap,Unites States,,,1
Hylocichla mustelina,172420,aves,passeriformes,turdidae,Culiseta melanura,FALSE,Culiseta melanura,blood_meal,BloodMealMap,Unites States,,,2
Hylocichla mustelina,172420,aves,passeriformes,turdidae,Culiseta morsitans,FALSE,Culiseta morsitans,blood_meal,BloodMealMap,Unites States,,,1
Hylocichla mustelina,172420,aves,passeriformes,turdidae,Haemaphysalis leporispalustris,FALSE,Haemaphysalis leporispalustris,on_host_occurrence,TickMap,United States of America,,,5
Hylocichla mustelina,172420,aves,passeriformes,turdidae,Ixodes scapularis,FALSE,Ixodes scapularis,on_host_occurrence,TickMap,United States; United States of America,,,19
Hystrix cristata,10137,mammalia,rodentia,hystricidae,Ornithodoros erraticus,FALSE,Ornithodoros erraticus,on_host_occurrence,TickMap,Morocco,,,1
Hystrix cristata,10137,mammalia,rodentia,hystricidae,Rhipicephalus cuspidatus,FALSE,Rhipicephalus cuspidatus,on_host_occurrence,TickMap,Burkina Faso,,,1
Hystrix cristata,10137,mammalia,rodentia,hystricidae,Rhipicephalus lunulatus,FALSE,Rhipicephalus lunulatus,on_host_occurrence,TickMap,Burkina Faso,,,1
Hystrix cristata,10137,mammalia,rodentia,hystricidae,Rhipicephalus muhsamae,FALSE,Rhipicephalus muhsamae,on_host_occurrence,TickMap,Burkina Faso,,,1
Hystrix cristata,10137,mammalia,rodentia,hystricidae,Rhipicephalus senegalensis,FALSE,Rhipicephalus senegalensis,on_host_occurrence,TickMap,Burkina Faso,,,1
Ichneumia albicauda,205599,mammalia,carnivora,herpestidae,Amblyomma variegatum,FALSE,Amblyomma variegatum,on_host_occurrence,TickMap,Mali; Senegal,,,3
Ichneumia albicauda,205599,mammalia,carnivora,herpestidae,Ctenocephalides felis,FALSE,Ctenocephalides felis,on_host_occurrence,FleaMap,Senegal; Tanzania,,,32
Ichneumia albicauda,205599,mammalia,carnivora,herpestidae,Echidnophaga gallinacea,FALSE,Echidnophaga gallinacea,on_host_occurrence,FleaMap,Senegal,,,10
Ichneumia albicauda,205599,mammalia,carnivora,herpestidae,Haemaphysalis leachi,FALSE,Haemaphysalis leachi,on_host_occurrence,TickMap,Sudan,,,2
Ichneumia albicauda,205599,mammalia,carnivora,herpestidae,Haemaphysalis paraleachi,FALSE,Haemaphysalis paraleachi,on_host_occurrence,TickMap,Sudan,,,1
Ichneumia albicauda,205599,mammalia,carnivora,herpestidae,Haemaphysalis spinulosa,FALSE,Haemaphysalis spinulosa,on_host_occurrence,TickMap,Cameroon; Sudan,,,3
Icteria virens,135437,aves,passeriformes,icteridae,Culex pipiens,FALSE,Culex pipiens,blood_meal,BloodMealMap,Unites States,,,1
Icteria virens,135437,aves,passeriformes,icteridae,Ixodes scapularis,FALSE,Ixodes scapularis,on_host_occurrence,TickMap,United States of America,,,4
Iguana iguana,8517,reptilia,squamata,iguanidae,Aedes taeniorhynchus,FALSE,Aedes taeniorhynchus,blood_meal,BloodMealMap,Puerto Rico,,,1
Iguana iguana,8517,reptilia,squamata,iguanidae,Amblyomma dissimile,FALSE,Amblyomma dissimile,on_host_occurrence,TickMap,United States of America,,,24
Iguana iguana,8517,reptilia,squamata,iguanidae,Culex bahamensis,FALSE,Culex bahamensis,blood_meal,BloodMealMap,Puerto Rico,,,1
Iguana iguana,8517,reptilia,squamata,iguanidae,Culex nigripalpus,FALSE,Culex nigripalpus,blood_meal,BloodMealMap,Puerto Rico,,,1
Iguana iguana,8517,reptilia,squamata,iguanidae,Culex quinquefasciatus,FALSE,Culex quinquefasciatus,blood_meal,BloodMealMap,Unites States,,,1
Iguana iguana,8517,reptilia,squamata,iguanidae,Deinocerites magnus,FALSE,Deinocerites magnus,blood_meal,BloodMealMap,Puerto Rico,,,1
Junco hyemalis,40217,aves,passeriformes,passerellidae,Ixodes brunneus,FALSE,Ixodes brunneus,on_host_occurrence,TickMap,United States of America,,,24
Junco hyemalis,40217,aves,passeriformes,passerellidae,Ixodes pacificus,FALSE,Ixodes pacificus,on_host_occurrence,TickMap,United States of America,,Borrelia burgdorferi s.l.,20
Lama glama,9844,,,,Aedes vexans,FALSE,Aedes vexans,blood_meal,BloodMealMap,Unites States,,,1
Lanius ludovicianus,28713,aves,passeriformes,laniidae,Culex quinquefasciatus,FALSE,Culex quinquefasciatus,blood_meal,BloodMealMap,Unites States,,,1
Lanius ludovicianus,28713,aves,passeriformes,laniidae,Culex stigmatosoma,FALSE,Culex stigmatosoma,blood_meal,BloodMealMap,Unites States,,,1
Larus argentatus,35669,aves,charadriiformes,laridae,Haemaphysalis leporispalustris,FALSE,Haemaphysalis leporispalustris,on_host_occurrence,TickMap,United States of America,,,16
Leopardus pardalis,32538,mammalia,carnivora,felidae,Ctenocephalides felis,FALSE,Ctenocephalides felis,on_host_occurrence,FleaMap,Venezuela,,,1
Leptailurus serval,61405,mammalia,carnivora,felidae,Amblyomma variegatum,FALSE,Amblyomma variegatum,on_host_occurrence,TickMap,"Congo, The Democratic Republic of The; Senegal",,,2
Leptailurus serval,61405,mammalia,carnivora,felidae,Haemaphysalis aciculifer,FALSE,Haemaphysalis aciculifer,on_host_occurrence,TickMap,South Africa,,,1
Leptailurus serval,61405,mammalia,carnivora,felidae,Haemaphysalis leachi,FALSE,Haemaphysalis leachi,on_host_occurrence,TickMap,"Angola; Congo, The Democratic Republic of The; Sierra Leone; Zambia",,,9
Leptailurus serval,61405,mammalia,carnivora,felidae,Haemaphysalis moreli,FALSE,Haemaphysalis moreli,on_host_occurrence,TickMap,Senegal,,,1
Leptailurus serval,61405,mammalia,carnivora,felidae,Haemaphysalis spinulosa,FALSE,Haemaphysalis spinulosa,on_host_occurrence,TickMap,Angola,,,1
Leptailurus serval,61405,mammalia,carnivora,felidae,Ixodes cavipalpus,FALSE,Ixodes cavipalpus,on_host_occurrence,TickMap,Angola,,,1
Leptailurus serval,61405,mammalia,carnivora,felidae,Rhipicephalus longicoxatus,FALSE,Rhipicephalus longicoxatus,on_host_occurrence,TickMap,"Congo, The Democratic Republic of The",,,1
Leptailurus serval,61405,mammalia,carnivora,felidae,Rhipicephalus lunulatus,FALSE,Rhipicephalus lunulatus,on_host_occurrence,TickMap,Angola,,,1
Leptailurus serval,61405,mammalia,carnivora,felidae,Rhipicephalus sanguineus,FALSE,Rhipicephalus sanguineus,on_host_occurrence,TickMap,"Angola; Congo, The Democratic Republic of The; Mali; Senegal; Sudan",,,8
Leptailurus serval,61405,mammalia,carnivora,felidae,Rhipicephalus simus,FALSE,Rhipicephalus simus,on_host_occurrence,TickMap,"Congo, The Democratic Republic of The",,,1
Leptailurus serval,61405,mammalia,carnivora,felidae,Rhipicephalus ziemanni,FALSE,Rhipicephalus ziemanni,on_host_occurrence,TickMap,"Congo, The Democratic Republic of The",,,1
Leptoptilos crumenifer,3150064,,,,Rhipicephalus guilhoni,FALSE,Rhipicephalus guilhoni,on_host_occurrence,TickMap,Cameroon,,,1
Lepus europaeus,9983,mammalia,lagomorpha,leporidae,Aedes vexans,FALSE,Aedes vexans,blood_meal,BloodMealMap,Hungary,,,1
Lepus europaeus,9983,mammalia,lagomorpha,leporidae,Anopheles maculipennis,FALSE,Anopheles maculipennis,blood_meal,BloodMealMap,United Kingdom,,,1
Lepus europaeus,9983,mammalia,lagomorpha,leporidae,Coquillettidia linealis,FALSE,Coquillettidia linealis,blood_meal,BloodMealMap,Australia,,,1
Lepus europaeus,9983,mammalia,lagomorpha,leporidae,Coquillettidia richiardii,FALSE,Coquillettidia richiardii,blood_meal,BloodMealMap,Serbia,,,1
Lontra canadensis,76717,mammalia,carnivora,mustelidae,Amblyomma americanum,FALSE,Amblyomma americanum,on_host_occurrence,TickMap,United States of America,,,40
Lontra canadensis,76717,mammalia,carnivora,mustelidae,Culex cedecei,FALSE,Culex cedecei,blood_meal,BloodMealMap,Unites States,,,1
Lontra canadensis,76717,mammalia,carnivora,mustelidae,Culex erraticus,FALSE,Culex erraticus,blood_meal,BloodMealMap,Unites States,,,1
Lontra canadensis,76717,mammalia,carnivora,mustelidae,Culex tarsalis,FALSE,Culex tarsalis,blood_meal,BloodMealMap,Unites States,,,1
Lontra canadensis,76717,mammalia,carnivora,mustelidae,Ixodes cookei,FALSE,Ixodes cookei,on_host_occurrence,TickMap,United States of America,,,40
Lontra provocax,366500,mammalia,carnivora,mustelidae,Ixodes cookei,FALSE,Ixodes cookei,on_host_occurrence,TickMap,United States of America,,,8
Lophuromys sikapusi,83535,mammalia,rodentia,muridae,Haemaphysalis aciculifer,FALSE,Haemaphysalis aciculifer,on_host_occurrence,TickMap,Kenya,,,1
Lycaon pictus,9622,mammalia,carnivora,canidae,Haemaphysalis paraleachi,FALSE,Haemaphysalis paraleachi,on_host_occurrence,TickMap,Zambia,,,1
Lycaon pictus,9622,mammalia,carnivora,canidae,Rhipicephalus longus,FALSE,Rhipicephalus longus,on_host_occurrence,TickMap,Angola,,,1
Lycaon pictus,9622,mammalia,carnivora,canidae,Rhipicephalus senegalensis,FALSE,Rhipicephalus senegalensis,on_host_occurrence,TickMap,Angola; Sudan,,,2
Lycaon pictus,9622,mammalia,carnivora,canidae,Rhipicephalus simus,FALSE,Rhipicephalus simus,on_host_occurrence,TickMap,Angola,,,1
Lynx rufus,61384,mammalia,carnivora,felidae,Amblyomma americanum,FALSE,Amblyomma americanum,on_host_occurrence,TickMap,United States of America,,Cytauxzoon felis,64
Lynx rufus,61384,mammalia,carnivora,felidae,Amblyomma maculatum,FALSE,Amblyomma maculatum,on_host_occurrence,TickMap,United States of America,,,24
Lynx rufus,61384,mammalia,carnivora,felidae,Ctenocephalides canis,FALSE,Ctenocephalides canis,on_host_occurrence,FleaMap,United States,,,3
Lynx rufus,61384,mammalia,carnivora,felidae,Culex cedecei,FALSE,Culex cedecei,blood_meal,BloodMealMap,Unites States,,,1
Lynx rufus,61384,mammalia,carnivora,felidae,Dermacentor variabilis,FALSE,Dermacentor variabilis,on_host_occurrence,TickMap,United States of America,,Cytauxzoon felis,80
Lynx rufus,61384,mammalia,carnivora,felidae,Echidnophaga gallinacea,FALSE,Echidnophaga gallinacea,on_host_occurrence,FleaMap,United States,,,1
Lynx rufus,61384,mammalia,carnivora,felidae,Haemaphysalis leporispalustris,FALSE,Haemaphysalis leporispalustris,on_host_occurrence,TickMap,United States of America,,,24
Lynx rufus,61384,mammalia,carnivora,felidae,Ixodes affinis,FALSE,Ixodes affinis,on_host_occurrence,TickMap,United States of America,,,24
Lynx rufus,61384,mammalia,carnivora,felidae,Ixodes cookei,FALSE,Ixodes cookei,on_host_occurrence,TickMap,United States of America,,,8
Lynx rufus,61384,mammalia,carnivora,felidae,Ixodes pacificus,FALSE,Ixodes pacificus,on_host_occurrence,TickMap,United States of America,,,12
Lynx rufus,61384,mammalia,carnivora,felidae,Ixodes scapularis,FALSE,Ixodes scapularis,on_host_occurrence,TickMap,United States of America,,,60
Mareca strepera,75861,aves,anseriformes,anatidae,Culex modestus,FALSE,Culex modestus,blood_meal,BloodMealMap,Czechia,,,1
Mareca strepera,75861,aves,anseriformes,anatidae,Culex tarsalis,FALSE,Culex tarsalis,blood_meal,BloodMealMap,Unites States,,,1
Marmota caudata,71802,mammalia,rodentia,sciuridae,Montivagum dihumerale,FALSE,Montivagum dihumerale,on_host_occurrence,MiteMap,Afghanistan,,,1
Marmota caudata,71802,mammalia,rodentia,sciuridae,Neotrombicula lubrica,FALSE,Neotrombicula lubrica,on_host_occurrence,MiteMap,Afghanistan,,,1
Marmota caudata,71802,mammalia,rodentia,sciuridae,Shunsennia oudemansi,FALSE,Shunsennia oudemansi,on_host_occurrence,MiteMap,Afghanistan,,,1
Marmota monax,9995,mammalia,rodentia,sciuridae,Aedes triseriatus,FALSE,Aedes triseriatus,blood_meal,BloodMealMap,Unites States,,,1
Marmota monax,9995,mammalia,rodentia,sciuridae,Amblyomma americanum,FALSE,Amblyomma americanum,on_host_occurrence,TickMap,United States of America,,,8
Marmota monax,9995,mammalia,rodentia,sciuridae,Ctenocephalides canis,FALSE,Ctenocephalides canis,on_host_occurrence,FleaMap,United States,,,1
Marmota monax,9995,mammalia,rodentia,sciuridae,Dermacentor albipictus,FALSE,Dermacentor albipictus,on_host_occurrence,TickMap,United States of America,,,8
Marmota monax,9995,mammalia,rodentia,sciuridae,Dermacentor variabilis,FALSE,Dermacentor variabilis,on_host_occurrence,TickMap,United States of America,,,8
Marmota monax,9995,mammalia,rodentia,sciuridae,Ixodes cookei,FALSE,Ixodes cookei,on_host_occurrence,TickMap,United States; United States of America,,Borrelia burgdorferi; SFG rickettsiae,356
Marmota monax,9995,mammalia,rodentia,sciuridae,Ixodes scapularis,FALSE,Ixodes scapularis,on_host_occurrence,TickMap,United States; United States of America,,,5
Marmota monax,9995,mammalia,rodentia,sciuridae,Ixodes texanus,FALSE,Ixodes texanus,on_host_occurrence,TickMap,United States of America,,,4
Marmota monax,9995,mammalia,rodentia,sciuridae,Oropsylla tuberculata,FALSE,Oropsylla tuberculata,on_host_occurrence,FleaMap,United States,,,2
Mastomys natalensis,10112,mammalia,rodentia,muridae,Ixodes nairobiensis,FALSE,Ixodes nairobiensis,on_host_occurrence,TickMap,Sudan,,,2
Mastomys natalensis,10112,mammalia,rodentia,muridae,Rhipicephalus sanguineus,FALSE,Rhipicephalus sanguineus,on_host_occurrence,TickMap,Angola,,,1
Mastomys natalensis,10112,mammalia,rodentia,muridae,Rhipicephalus simus,FALSE,Rhipicephalus simus,on_host_occurrence,TickMap,Sudan,,,2
Mastomys natalensis,10112,mammalia,rodentia,muridae,Xenopsylla cheopis,FALSE,Xenopsylla cheopis,on_host_occurrence,FleaMap,Benin,,,1
Meleagris gallopavo,9103,aves,galliformes,phasianidae,Aedes sierrensis,FALSE,Aedes sierrensis,blood_meal,BloodMealMap,Unites States,,,1
Meleagris gallopavo,9103,aves,galliformes,phasianidae,Aedes thibaulti,FALSE,Aedes thibaulti,blood_meal,BloodMealMap,Unites States,,,1
Meleagris gallopavo,9103,aves,galliformes,phasianidae,Aedes trivittatus,FALSE,Aedes trivittatus,blood_meal,BloodMealMap,Unites States,,,1
Meleagris gallopavo,9103,aves,galliformes,phasianidae,Aedes vexans,FALSE,Aedes vexans,blood_meal,BloodMealMap,Unites States,,,2
Meleagris gallopavo,9103,aves,galliformes,phasianidae,Amblyomma americanum,FALSE,Amblyomma americanum,on_host_occurrence,TickMap,United States of America,,,152
Meleagris gallopavo,9103,aves,galliformes,phasianidae,Amblyomma cajennese,FALSE,Amblyomma cajennese,on_host_occurrence,TickMap,United States of America,,,4
Meleagris gallopavo,9103,aves,galliformes,phasianidae,Amblyomma variegatum,FALSE,Amblyomma variegatum,on_host_occurrence,TickMap,Sudan,,,1
Meleagris gallopavo,9103,aves,galliformes,phasianidae,Anopheles freeborni,FALSE,Anopheles freeborni,blood_meal,BloodMealMap,Unites States,,,1
Meleagris gallopavo,9103,aves,galliformes,phasianidae,Culex erraticus,FALSE,Culex erraticus,blood_meal,BloodMealMap,Unites States,,,2
Meleagris gallopavo,9103,aves,galliformes,phasianidae,Culex pipiens,FALSE,Culex pipiens,blood_meal,BloodMealMap,Iran; Serbia; Unites States,,,3
Meleagris gallopavo,9103,aves,galliformes,phasianidae,Culex quinquefasciatus,FALSE,Culex quinquefasciatus,blood_meal,BloodMealMap,Unites States,,,4
Meleagris gallopavo,9103,aves,galliformes,phasianidae,Culex stigmatosoma,FALSE,Culex stigmatosoma,blood_meal,BloodMealMap,Unites States,,,1
Meleagris gallopavo,9103,aves,galliformes,phasianidae,Culex tarsalis,FALSE,Culex tarsalis,blood_meal,BloodMealMap,Unites States,,,4
Meleagris gallopavo,9103,aves,galliformes,phasianidae,Culex territans,FALSE,Culex territans,blood_meal,BloodMealMap,Unites States,,,1
Meleagris gallopavo,9103,aves,galliformes,phasianidae,Culex theileri,FALSE,Culex theileri,blood_meal,BloodMealMap,ESP,,,1
Meleagris gallopavo,9103,aves,galliformes,phasianidae,Culiseta morsitans,FALSE,Culiseta morsitans,blood_meal,BloodMealMap,Unites States,,,1
Meleagris gallopavo,9103,aves,galliformes,phasianidae,Dermacentor variabilis,FALSE,Dermacentor variabilis,on_host_occurrence,TickMap,United States of America,,Borrelia burgdorferi s.l,8
Meleagris gallopavo,9103,aves,galliformes,phasianidae,Haemaphysalis leporispalustris,FALSE,Haemaphysalis leporispalustris,on_host_occurrence,TickMap,United States of America,,,16
Meleagris gallopavo,9103,aves,galliformes,phasianidae,Ixodes brunneus,FALSE,Ixodes brunneus,on_host_occurrence,TickMap,United States of America,,,8
Meleagris gallopavo,9103,aves,galliformes,phasianidae,Ixodes pacificus,FALSE,Ixodes pacificus,on_host_occurrence,TickMap,United States of America,,,8
Meleagris gallopavo,9103,aves,galliformes,phasianidae,Psorophora ferox,FALSE,Psorophora ferox,blood_meal,BloodMealMap,Unites States,,,1
Mellivora capensis,9664,mammalia,carnivora,mustelidae,Ctenocephalides felis,FALSE,Ctenocephalides felis,on_host_occurrence,FleaMap,Sudan,,,1
Mellivora capensis,9664,mammalia,carnivora,mustelidae,Haemaphysalis spinulosa,FALSE,Haemaphysalis spinulosa,on_host_occurrence,TickMap,Sudan,,,1
Mellivora capensis,9664,mammalia,carnivora,mustelidae,Rhipicephalus simus,FALSE,Rhipicephalus simus,on_host_occurrence,TickMap,Sudan,,,1
Melospiza melodia,44397,aves,passeriformes,passerellidae,Culex pipiens,FALSE,Culex pipiens,blood_meal,BloodMealMap,Unites States,,,1
Melospiza melodia,44397,aves,passeriformes,passerellidae,Culex restuans,FALSE,Culex restuans,blood_meal,BloodMealMap,Unites States,,,1
Melospiza melodia,44397,aves,passeriformes,passerellidae,Culex stigmatosoma,FALSE,Culex stigmatosoma,blood_meal,BloodMealMap,Unites States,,,2
Melospiza melodia,44397,aves,passeriformes,passerellidae,Culex tarsalis,FALSE,Culex tarsalis,blood_meal,BloodMealMap,Unites States,,,3
Melospiza melodia,44397,aves,passeriformes,passerellidae,Culiseta melanura,FALSE,Culiseta melanura,blood_meal,BloodMealMap,Unites States,,,2
Melospiza melodia,44397,aves,passeriformes,passerellidae,Culiseta morsitans,FALSE,Culiseta morsitans,blood_meal,BloodMealMap,Unites States,,,1
Melospiza melodia,44397,aves,passeriformes,passerellidae,Haemaphysalis leporispalustris,FALSE,Haemaphysalis leporispalustris,on_host_occurrence,TickMap,United States of America,,B. burgdorferi sensu stricto; A. phagocytophilum,29
Melospiza melodia,44397,aves,passeriformes,passerellidae,Ixodes dentatus,FALSE,Ixodes dentatus,on_host_occurrence,TickMap,United States of America,,B. burgdorferi sensu stricto; A. phagocytophilum,8
Melospiza melodia,44397,aves,passeriformes,passerellidae,Ixodes muris,FALSE,Ixodes muris,on_host_occurrence,TickMap,United States of America,,,16
Melospiza melodia,44397,aves,passeriformes,passerellidae,Ixodes scapularis,FALSE,Ixodes scapularis,on_host_occurrence,TickMap,United States; United States of America,,Borellia burgdorferi,19
Mephitis mephitis,30548,mammalia,carnivora,mephitidae,Aedes vexans,FALSE,Aedes vexans,blood_meal,BloodMealMap,Unites States,,,1
Mephitis mephitis,30548,mammalia,carnivora,mephitidae,Amblyomma americanum,FALSE,Amblyomma americanum,on_host_occurrence,TickMap,United States of America,,,24
Mephitis mephitis,30548,mammalia,carnivora,mephitidae,Ctenocephalides felis,FALSE,Ctenocephalides felis,on_host_occurrence,FleaMap,United States,,,3
Mephitis mephitis,30548,mammalia,carnivora,mephitidae,Dermacentor variabilis,FALSE,Dermacentor variabilis,on_host_occurrence,TickMap,United States of America,,,24
Mephitis mephitis,30548,mammalia,carnivora,mephitidae,Echidnophaga gallinacea,FALSE,Echidnophaga gallinacea,on_host_occurrence,FleaMap,United States,,,2
Mephitis mephitis,30548,mammalia,carnivora,mephitidae,Ixodes cookei,FALSE,Ixodes cookei,on_host_occurrence,TickMap,United States; United States of America,,,66
Mephitis mephitis,30548,mammalia,carnivora,mephitidae,Ixodes muris,FALSE,Ixodes muris,on_host_occurrence,TickMap,United States of America,,,8
Mephitis mephitis,30548,mammalia,carnivora,mephitidae,Ixodes scapularis,FALSE,Ixodes scapularis,on_host_occurrence,TickMap,United States; United States of America,,POWV (Deer tick virus),25
Mephitis mephitis,30548,mammalia,carnivora,mephitidae,Ixodes texanus,FALSE,Ixodes texanus,on_host_occurrence,TickMap,United States of America,,,8
Mephitis mephitis,30548,mammalia,carnivora,mephitidae,Oropsylla hirsuta,FALSE,Oropsylla hirsuta,on_host_occurrence,FleaMap,United States,,,1
Micromys minutus,13151,mammalia,rodentia,muridae,Dermacentor variabilis,FALSE,Dermacentor variabilis,on_host_occurrence,TickMap,United States of America,,,8
Micromys minutus,13151,mammalia,rodentia,muridae,Ixodes dentatus,FALSE,Ixodes dentatus,on_host_occurrence,TickMap,United States of America,,,8
Micromys minutus,13151,mammalia,rodentia,muridae,Ixodes scapularis,FALSE,Ixodes scapularis,on_host_occurrence,TickMap,United States of America,,,4
Microtus arvalis,47230,mammalia,rodentia,cricetidae,Otobius megnini,FALSE,Otobius megnini,on_host_occurrence,TickMap,PERU,,Bartonella spp.; Rickettsia spp.,4
Milvus migrans,52810,aves,accipitriformes,accipitridae,Hyalomma rufipes,FALSE,Hyalomma rufipes,on_host_occurrence,TickMap,Sudan,,,1
Mimus polyglottos,60713,aves,passeriformes,mimidae,Amblyomma americanum,FALSE,Amblyomma americanum,on_host_occurrence,TickMap,United States of America,,,8
Mimus polyglottos,60713,aves,passeriformes,mimidae,Amblyomma maculatum,FALSE,Amblyomma maculatum,on_host_occurrence,TickMap,United States; United States of America,,,6
Mimus polyglottos,60713,aves,passeriformes,mimidae,Culex erraticus,FALSE,Culex erraticus,blood_meal,BloodMealMap,Unites States,,,2
Mimus polyglottos,60713,aves,passeriformes,mimidae,Culex pipiens,FALSE,Culex pipiens,blood_meal,BloodMealMap,Unites States,,,6
Mimus polyglottos,60713,aves,passeriformes,mimidae,Culex quinquefasciatus,FALSE,Culex quinquefasciatus,blood_meal,BloodMealMap,Unites States,,,4
Mimus polyglottos,60713,aves,passeriformes,mimidae,Culex restuans,FALSE,Culex restuans,blood_meal,BloodMealMap,Unites States,,,1
Mimus polyglottos,60713,aves,passeriformes,mimidae,Culex stigmatosoma,FALSE,Culex stigmatosoma,blood_meal,BloodMealMap,Unites States,,,1
Mimus polyglottos,60713,aves,passeriformes,mimidae,Culex tarsalis,FALSE,Culex tarsalis,blood_meal,BloodMealMap,Unites States,,,3
Miniopterus schreibersii,9433,mammalia,chiroptera,miniopteridae,Argas vespertilionis,FALSE,Argas vespertilionis,on_host_occurrence,TickMap,South Africa,,,1
Miniopterus schreibersii,9433,mammalia,chiroptera,miniopteridae,Ixodes simplex,FALSE,Ixodes simplex,on_host_occurrence,TickMap,Kenya; Zimbabwe,,,2
Miniopterus schreibersii,9433,mammalia,chiroptera,miniopteridae,Ixodes vespertilionis,FALSE,Ixodes vespertilionis,on_host_occurrence,TickMap,Kenya,,,1
Molothrus ater,84834,aves,passeriformes,icteridae,Culex erraticus,FALSE,Culex erraticus,blood_meal,BloodMealMap,Unites States,,,2
Molothrus ater,84834,aves,passeriformes,icteridae,Culex pipiens,FALSE,Culex pipiens,blood_meal,BloodMealMap,Unites States,,,3
Molothrus ater,84834,aves,passeriformes,icteridae,Culex quinquefasciatus,FALSE,Culex quinquefasciatus,blood_meal,BloodMealMap,Unites States,,,1
Molothrus ater,84834,aves,passeriformes,icteridae,Culex restuans,FALSE,Culex restuans,blood_meal,BloodMealMap,Unites States,,,2
Molothrus ater,84834,aves,passeriformes,icteridae,Culex salinarius,FALSE,Culex salinarius,blood_meal,BloodMealMap,Unites States,,,1
Molothrus ater,84834,aves,passeriformes,icteridae,Culex stigmatosoma,FALSE,Culex stigmatosoma,blood_meal,BloodMealMap,Unites States,,,1
Molothrus ater,84834,aves,passeriformes,icteridae,Culex tarsalis,FALSE,Culex tarsalis,blood_meal,BloodMealMap,Unites States,,,3
Molothrus ater,84834,aves,passeriformes,icteridae,Culiseta melanura,FALSE,Culiseta melanura,blood_meal,BloodMealMap,Unites States,,,2
Molothrus ater,84834,aves,passeriformes,icteridae,Ixodes scapularis,FALSE,Ixodes scapularis,on_host_occurrence,TickMap,United States of America,,Borellia burgdorferi,12
Monodelphis domestica,13616,mammalia,didelphimorphia,didelphidae,Adoratopsylla antiquorum,FALSE,Adoratopsylla antiquorum antiquorum,on_host_occurrence,FleaMap,Brazil,,,3
Monodelphis domestica,13616,mammalia,didelphimorphia,didelphidae,Androlaelaps fahrenholzi,FALSE,Androlaelaps fahrenholzi,on_host_occurrence,MiteMap,Brazil,,,1
Monodelphis domestica,13616,mammalia,didelphimorphia,didelphidae,Craneopsylla minerva,FALSE,Craneopsylla minerva minerva,on_host_occurrence,FleaMap,Brazil,,,1
Monodelphis domestica,13616,mammalia,didelphimorphia,didelphidae,Ctenocephalides felis,FALSE,Ctenocephalides felis felis,on_host_occurrence,FleaMap,Brazil,,,1
Monodelphis domestica,13616,mammalia,didelphimorphia,didelphidae,Polygenis bohlsi,TRUE,Polygenis bohlsi jordani,on_host_occurrence,FleaMap,Brazil,,,9
Monodelphis domestica,13616,mammalia,didelphimorphia,didelphidae,Polygenis tripus,FALSE,Polygenis tripus,on_host_occurrence,FleaMap,Brazil,,,2
Monodelphis domestica,13616,mammalia,didelphimorphia,didelphidae,Xenopsylla cheopis,FALSE,Xenopsylla cheopis,on_host_occurrence,FleaMap,Brazil,,,1
Morelia spilota,51896,reptilia,squamata,pythonidae,Culex sitiens,FALSE,Culex sitiens,blood_meal,BloodMealMap,Australia,,,1
Motacilla alba,45807,aves,passeriformes,motacillidae,Culex pipiens,FALSE,Culex pipiens,blood_meal,BloodMealMap,Czechia,,,1
Mus musculoides,60742,mammalia,rodentia,muridae,Ixodes oldi,FALSE,Ixodes oldi,on_host_occurrence,TickMap,"Congo, The Democratic Republic of The",,,1
Mus musculus,10090,mammalia,rodentia,muridae,Amblyomma americanum,FALSE,Amblyomma americanum,on_host_occurrence,TickMap,United States of America,,,16
Mus musculus,10090,mammalia,rodentia,muridae,Culex quinquefasciatus,FALSE,Culex quinquefasciatus,blood_meal,BloodMealMap,Unites States,,,1
Mus musculus,10090,mammalia,rodentia,muridae,Culex tarsalis,FALSE,Culex tarsalis,blood_meal,BloodMealMap,Unites States,,,1
Mus musculus,10090,mammalia,rodentia,muridae,Dermacentor raskemensis,FALSE,Dermacentor raskemensis,on_host_occurrence,TickMap,Pakistan,,,1
Mus musculus,10090,mammalia,rodentia,muridae,Dermacentor variabilis,FALSE,Dermacentor variabilis,on_host_occurrence,TickMap,United States of America,,,32
Mus musculus,10090,mammalia,rodentia,muridae,Echidnophaga gallinacea,FALSE,Echidnophaga gallinacea,on_host_occurrence,FleaMap,South Africa,,,1
Mus musculus,10090,mammalia,rodentia,muridae,Euschoengastia meshhedensis,FALSE,Euschoengastia meshhedensis,on_host_occurrence,MiteMap,Afghanistan,,,1
Mus musculus,10090,mammalia,rodentia,muridae,Gigantolaelaps wolffsohni,FALSE,Gigantolaelaps wolffsohni,on_host_occurrence,MiteMap,Brazil,,,1
Mus musculus,10090,mammalia,rodentia,muridae,Haemaphysalis leporispalustris,FALSE,Haemaphysalis leporispalustris,on_host_occurrence,TickMap,United States of America,,,8
Mus musculus,10090,mammalia,rodentia,muridae,Helenicula wagamiya,FALSE,Helenicula wagamiya,on_host_occurrence,MiteMap,Afghanistan,,,1
Mus musculus,10090,mammalia,rodentia,muridae,Ixodes angustus,FALSE,Ixodes angustus,on_host_occurrence,TickMap,United States of America,,,5
Mus musculus,10090,mammalia,rodentia,muridae,Ixodes ventalloi,FALSE,Ixodes ventalloi,on_host_occurrence,TickMap,Morocco,,,1
Mus musculus,10090,mammalia,rodentia,muridae,Laelaps manguinhosi,FALSE,Laelaps manguinhosi,on_host_occurrence,MiteMap,Brazil,,,1
Mus musculus,10090,mammalia,rodentia,muridae,Laelaps paulistanensis,FALSE,Laelaps paulistanensis,on_host_occurrence,MiteMap,Brazil,,,2
Mus musculus,10090,mammalia,rodentia,muridae,Microtrombicula similata,FALSE,Microtrombicula similata,on_host_occurrence,MiteMap,Afghanistan,,,1
Mus musculus,10090,mammalia,rodentia,muridae,Mysolaelaps microspinosus,FALSE,Mysolaelaps microspinosus,on_host_occurrence,MiteMap,Brazil,,,1
Mus musculus,10090,mammalia,rodentia,muridae,Mysolaelaps parvispinosus,FALSE,Mysolaelaps parvispinosus,on_host_occurrence,MiteMap,Brazil,,,2
Mus musculus,10090,mammalia,rodentia,muridae,Neotrombicula lubrica,FALSE,Neotrombicula lubrica,on_host_occurrence,MiteMap,Afghanistan,,,1
Mus musculus,10090,mammalia,rodentia,muridae,Polygenis tripus,FALSE,Polygenis tripus,on_host_occurrence,FleaMap,Brazil,,,1
Mus musculus,10090,mammalia,rodentia,muridae,Rhipicephalus sanguineus,FALSE,Rhipicephalus sanguineus,on_host_occurrence,TickMap,United States of America,,,4
Mus musculus,10090,mammalia,rodentia,muridae,Schoengastiella ligula,FALSE,Schoengastiella ligula,on_host_occurrence,MiteMap,Afghanistan,,,2
Mus musculus,10090,mammalia,rodentia,muridae,Xenopsylla cheopis,FALSE,Xenopsylla cheopis,on_host_occurrence,FleaMap,Egypt; Indonesia; Morocco; Turkey; United States,,,13
Mus spretus,10096,mammalia,rodentia,muridae,Echidnophaga gallinacea,FALSE,Echidnophaga gallinacea,on_host_occurrence,FleaMap,Morocco,,,2
Mus spretus,10096,mammalia,rodentia,muridae,Rhipicephalus pusillus,FALSE,Rhipicephalus pusillus,on_host_occurrence,TickMap,Morocco,,,1
Nannopterum auritum,56069,,,,Culex erraticus,FALSE,Culex erraticus,blood_meal,BloodMealMap,Unites States,,,4
Nannopterum auritum,56069,,,,Culex pipiens,FALSE,Culex pipiens,blood_meal,BloodMealMap,Unites States,,,1
Necromys lasiurus,30635,mammalia,rodentia,cricetidae,Adoratopsylla antiquorum,FALSE,Adoratopsylla antiquorum antiquorum,on_host_occurrence,FleaMap,Brazil,,,3
Necromys lasiurus,30635,mammalia,rodentia,cricetidae,Androlaelaps fahrenholzi,FALSE,Androlaelaps fahrenholzi,on_host_occurrence,MiteMap,Brazil,,,8
Necromys lasiurus,30635,mammalia,rodentia,cricetidae,Androlaelaps foxi,FALSE,Androlaelaps foxi,on_host_occurrence,MiteMap,Brazil,,,1
Necromys lasiurus,30635,mammalia,rodentia,cricetidae,Androlaelaps projecta,FALSE,Androlaelaps projecta,on_host_occurrence,MiteMap,Brazil,,,1
Necromys lasiurus,30635,mammalia,rodentia,cricetidae,Androlaelaps rotundus,FALSE,Androlaelaps rotundus,on_host_occurrence,MiteMap,Brazil,,,7
Necromys lasiurus,30635,mammalia,rodentia,cricetidae,Cosmolaelaps bregetovae,FALSE,Cosmolaelaps bregetovae,on_host_occurrence,MiteMap,Brazil,,,1
Necromys lasiurus,30635,mammalia,rodentia,cricetidae,Craneopsylla minerva,FALSE,Craneopsylla minerva minerva,on_host_occurrence,FleaMap,Brazil,,,1
Necromys lasiurus,30635,mammalia,rodentia,cricetidae,Eulaelaps vitzthumi,FALSE,Eulaelaps vitzthumi,on_host_occurrence,MiteMap,Brazil,,,3
Necromys lasiurus,30635,mammalia,rodentia,cricetidae,Gigantolaelaps butantanensis,FALSE,Gigantolaelaps butantanensis,on_host_occurrence,MiteMap,Brazil,,,2
Necromys lasiurus,30635,mammalia,rodentia,cricetidae,Gigantolaelaps mattogrossensis,FALSE,Gigantolaelaps mattogrossensis,on_host_occurrence,MiteMap,Brazil,,,1
Necromys lasiurus,30635,mammalia,rodentia,cricetidae,Gigantolaelaps vitzthumi,FALSE,Gigantolaelaps vitzthumi,on_host_occurrence,MiteMap,Brazil,,,1
Necromys lasiurus,30635,mammalia,rodentia,cricetidae,Laelaps castroi,FALSE,Laelaps castroi,on_host_occurrence,MiteMap,Brazil,,,1
Necromys lasiurus,30635,mammalia,rodentia,cricetidae,Laelaps differens,FALSE,Laelaps differens,on_host_occurrence,MiteMap,Brazil,,,1
Necromys lasiurus,30635,mammalia,rodentia,cricetidae,Laelaps manguinhosi,FALSE,Laelaps manguinhosi,on_host_occurrence,MiteMap,Brazil,,,3
Necromys lasiurus,30635,mammalia,rodentia,cricetidae,Laelaps paulistanensis,FALSE,Laelaps paulistanensis,on_host_occurrence,MiteMap,Brazil,,,4
Necromys lasiurus,30635,mammalia,rodentia,cricetidae,Mysolaelaps parvispinosus,FALSE,Mysolaelaps parvispinosus,on_host_occurrence,MiteMap,Brazil,,,3
Necromys lasiurus,30635,mammalia,rodentia,cricetidae,Polygenis adelus,FALSE,Polygenis adelus,on_host_occurrence,FleaMap,Brazil,,,2
Necromys lasiurus,30635,mammalia,rodentia,cricetidae,Polygenis axius,FALSE,Polygenis axius axius,on_host_occurrence,FleaMap,Brazil,,,1
Necromys lasiurus,30635,mammalia,rodentia,cricetidae,Polygenis axius,TRUE,Polygenis axius proxima,on_host_occurrence,FleaMap,Brazil,,,1
Necromys lasiurus,30635,mammalia,rodentia,cricetidae,Polygenis bohlsi,FALSE,Polygenis bohlsi bohlsi,on_host_occurrence,FleaMap,Brazil,,,1
Necromys lasiurus,30635,mammalia,rodentia,cricetidae,Polygenis bohlsi,TRUE,Polygenis bohlsi jordani,on_host_occurrence,FleaMap,Brazil,,,14
Necromys lasiurus,30635,mammalia,rodentia,cricetidae,Polygenis nitidus,FALSE,Polygenis nitidus,on_host_occurrence,FleaMap,Brazil,,,1
Necromys lasiurus,30635,mammalia,rodentia,cricetidae,Polygenis occidentalis,FALSE,Polygenis occidentalis occidentalis,on_host_occurrence,FleaMap,Brazil,,,1
Necromys lasiurus,30635,mammalia,rodentia,cricetidae,Polygenis pradoi,FALSE,Polygenis pradoi,on_host_occurrence,FleaMap,Brazil,,,3
Necromys lasiurus,30635,mammalia,rodentia,cricetidae,Polygenis pygaerus,FALSE,Polygenis pygaerus,on_host_occurrence,FleaMap,Brazil,,,1
Necromys lasiurus,30635,mammalia,rodentia,cricetidae,Polygenis rimatus,FALSE,Polygenis rimatus,on_host_occurrence,FleaMap,Brazil,,,4
Necromys lasiurus,30635,mammalia,rodentia,cricetidae,Polygenis roberti,TRUE,Polygenis roberti tripopsis,on_host_occurrence,FleaMap,Brazil,,,1
Necromys lasiurus,30635,mammalia,rodentia,cricetidae,Polygenis tripus,FALSE,Polygenis tripus,on_host_occurrence,FleaMap,Brazil,,,14
Necromys lasiurus,30635,mammalia,rodentia,cricetidae,Ropalopsyllus lugubris,FALSE,Ropalopsyllus lugubris lugubris,on_host_occurrence,FleaMap,Brazil,,,1
Necromys lasiurus,30635,mammalia,rodentia,cricetidae,Schizolaelaps mazzai,FALSE,Schizolaelaps mazzai,on_host_occurrence,MiteMap,Brazil,,,2
Necromys lasiurus,30635,mammalia,rodentia,cricetidae,Tur turki,FALSE,Tur turki,on_host_occurrence,MiteMap,Brazil,,,1
Necromys lasiurus,30635,mammalia,rodentia,cricetidae,Xenopsylla cheopis,FALSE,Xenopsylla cheopis,on_host_occurrence,FleaMap,Brazil,,,5
Nectomys squamipes,29117,mammalia,rodentia,cricetidae,Adoratopsylla antiquorum,FALSE,Adoratopsylla antiquorum antiquorum,on_host_occurrence,FleaMap,Brazil,,,1
Nectomys squamipes,29117,mammalia,rodentia,cricetidae,Androlaelaps fahrenholzi,FALSE,Androlaelaps fahrenholzi,on_host_occurrence,MiteMap,Brazil,,,4
Nectomys squamipes,29117,mammalia,rodentia,cricetidae,Androlaelaps rotundus,FALSE,Androlaelaps rotundus,on_host_occurrence,MiteMap,Brazil,,,2
Nectomys squamipes,29117,mammalia,rodentia,cricetidae,Craneopsylla minerva,FALSE,Craneopsylla minerva minerva,on_host_occurrence,FleaMap,Brazil,,,3
Nectomys squamipes,29117,mammalia,rodentia,cricetidae,Gigantolaelaps butantanensis,FALSE,Gigantolaelaps butantanensis,on_host_occurrence,MiteMap,Brazil,,,1
Nectomys squamipes,29117,mammalia,rodentia,cricetidae,Gigantolaelaps gilmorei,FALSE,Gigantolaelaps gilmorei,on_host_occurrence,MiteMap,Brazil,,,1
Nectomys squamipes,29117,mammalia,rodentia,cricetidae,Gigantolaelaps goyanensis,FALSE,Gigantolaelaps goyanensis,on_host_occurrence,MiteMap,Brazil,,,4
Nectomys squamipes,29117,mammalia,rodentia,cricetidae,Gigantolaelaps oudemansi,FALSE,Gigantolaelaps oudemansi,on_host_occurrence,MiteMap,Brazil,,,2
Nectomys squamipes,29117,mammalia,rodentia,cricetidae,Laelaps manguinhosi,FALSE,Laelaps manguinhosi,on_host_occurrence,MiteMap,Brazil,,,4
Nectomys squamipes,29117,mammalia,rodentia,cricetidae,Laelaps paulistanensis,FALSE,Laelaps paulistanensis,on_host_occurrence,MiteMap,Brazil,,,1
Nectomys squamipes,29117,mammalia,rodentia,cricetidae,Mysolaelaps heteronychus,FALSE,Mysolaelaps heteronychus,on_host_occurrence,MiteMap,Brazil,,,1
Nectomys squamipes,29117,mammalia,rodentia,cricetidae,Mysolaelaps parvispinosus,FALSE,Mysolaelaps parvispinosus,on_host_occurrence,MiteMap,Brazil,,,3
Nectomys squamipes,29117,mammalia,rodentia,cricetidae,Polygenis atopus,FALSE,Polygenis atopus,on_host_occurrence,FleaMap,Brazil,,,5
Nectomys squamipes,29117,mammalia,rodentia,cricetidae,Polygenis bohlsi,FALSE,Polygenis bohlsi bohlsi,on_host_occurrence,FleaMap,Brazil,,,1
Nectomys squamipes,29117,mammalia,rodentia,cricetidae,Polygenis bohlsi,TRUE,Polygenis bohlsi jordani,on_host_occurrence,FleaMap,Brazil,,,4
Nectomys squamipes,29117,mammalia,rodentia,cricetidae,Polygenis lakoi,FALSE,Polygenis lakoi,on_host_occurrence,FleaMap,Brazil,,,2
Nectomys squamipes,29117,mammalia,rodentia,cricetidae,Polygenis pradoi,FALSE,Polygenis pradoi,on_host_occurrence,FleaMap,Brazil,,,3
Nectomys squamipes,29117,mammalia,rodentia,cricetidae,Polygenis pygaerus,FALSE,Polygenis pygaerus,on_host_occurrence,FleaMap,Brazil,,,2
Nectomys squamipes,29117,mammalia,rodentia,cricetidae,Polygenis rimatus,FALSE,Polygenis rimatus,on_host_occurrence,FleaMap,Brazil,,,5
Nectomys squamipes,29117,mammalia,rodentia,cricetidae,Polygenis roberti,FALSE,Polygenis roberti roberti,on_host_occurrence,FleaMap,Brazil,,,2
Nectomys squamipes,29117,mammalia,rodentia,cricetidae,Schizolaelaps mazzai,FALSE,Schizolaelaps mazzai,on_host_occurrence,MiteMap,Brazil,,,1
Nectomys squamipes,29117,mammalia,rodentia,cricetidae,Xenopsylla cheopis,FALSE,Xenopsylla cheopis,on_host_occurrence,FleaMap,Brazil,,,2
Neogale vison,452646,mammalia,carnivora,mustelidae,Coquillettidia perturbans,FALSE,Coquillettidia perturbans,blood_meal,BloodMealMap,Unites States,,,1
Neogale vison,452646,mammalia,carnivora,mustelidae,Dermacentor albipictus,FALSE,Dermacentor albipictus,on_host_occurrence,TickMap,United States of America,,,4
Neogale vison,452646,mammalia,carnivora,mustelidae,Dermacentor variabilis,FALSE,Dermacentor variabilis,on_host_occurrence,TickMap,United States of America,,,4
Neogale vison,452646,mammalia,carnivora,mustelidae,Ixodes cookei,FALSE,Ixodes cookei,on_host_occurrence,TickMap,United States of America,,,44
Neogale vison,452646,mammalia,carnivora,mustelidae,Ixodes gregsoni,FALSE,Ixodes gregsoni,on_host_occurrence,TickMap,United States of America,,,5
Neogale vison,452646,mammalia,carnivora,mustelidae,ixodes texanus,FALSE,ixodes texanus,on_host_occurrence,TickMap,United States of America,,,4
Neotoma lepida,56216,mammalia,rodentia,cricetidae,Anomiopsyllus nudatus,FALSE,Anomiopsyllus nudatus,on_host_occurrence,FleaMap,United States,,,5
Neotoma lepida,56216,mammalia,rodentia,cricetidae,Dermacentor hunteri,FALSE,Dermacentor hunteri,on_host_occurrence,TickMap,United States of America,,,13
Neotoma lepida,56216,mammalia,rodentia,cricetidae,Echidnophaga gallinacea,FALSE,Echidnophaga gallinacea,on_host_occurrence,FleaMap,United States,,,14
Neotoma lepida,56216,mammalia,rodentia,cricetidae,Ixodes spinipalpis,FALSE,Ixodes spinipalpis,on_host_occurrence,TickMap,United States of America,,,4
Neotoma lepida,56216,mammalia,rodentia,cricetidae,Ornithodoros hermsi,FALSE,Ornithodoros hermsi,on_host_occurrence,TickMap,United States of America,,,24
Neotoma lepida,56216,mammalia,rodentia,cricetidae,Oropsylla montana,FALSE,Oropsylla montana,on_host_occurrence,FleaMap,United States,,,1
Neotoma lepida,56216,mammalia,rodentia,cricetidae,Xenopsylla cheopis,FALSE,Xenopsylla cheopis,on_host_occurrence,FleaMap,United States,,,10
Numida meleagris,8996,aves,galliformes,numididae,Amblyomma cohaerens,FALSE,Amblyomma cohaerens,on_host_occurrence,TickMap,Sudan,,,1
Numida meleagris,8996,aves,galliformes,numididae,Amblyomma splendidum,FALSE,Amblyomma splendidum,on_host_occurrence,TickMap,"Congo, The Democratic Republic of The",,,1
Numida meleagris,8996,aves,galliformes,numididae,Amblyomma variegatum,FALSE,Amblyomma variegatum,on_host_occurrence,TickMap,Burkina Faso; Sudan,,,2
Numida meleagris,8996,aves,galliformes,numididae,Argas persicus,FALSE,Argas persicus,on_host_occurrence,TickMap,South Africa,,,1
Numida meleagris,8996,aves,galliformes,numididae,Culex pipiens,FALSE,Culex pipiens,blood_meal,BloodMealMap,Unites States,,,1
Numida meleagris,8996,aves,galliformes,numididae,Culex tarsalis,FALSE,Culex tarsalis,blood_meal,BloodMealMap,Unites States,,,1
Numida meleagris,8996,aves,galliformes,numididae,Haemaphysalis hoodi,FALSE,Haemaphysalis hoodi,on_host_occurrence,TickMap,Burkina Faso; Ghana,,,2
Numida meleagris,8996,aves,galliformes,numididae,Rhipicephalus decoloratus,FALSE,Rhipicephalus decoloratus,on_host_occurrence,TickMap,Burkina Faso,,,1
Nyctalus noctula,51300,mammalia,chiroptera,vespertilionidae,Culex pipiens,FALSE,Culex pipiens,blood_meal,BloodMealMap,Czechia,,,1
Nycticorax nycticorax,8901,aves,pelecaniformes,ardeidae,Culex cedecei,FALSE,Culex cedecei,blood_meal,BloodMealMap,Unites States,,,1
Nycticorax nycticorax,8901,aves,pelecaniformes,ardeidae,Culex erraticus,FALSE,Culex erraticus,blood_meal,BloodMealMap,Unites States,,,1
Nycticorax nycticorax,8901,aves,pelecaniformes,ardeidae,Culex iolambdis,FALSE,Culex iolambdis,blood_meal,BloodMealMap,Unites States,,,1
Nycticorax nycticorax,8901,aves,pelecaniformes,ardeidae,Culex modestus,FALSE,Culex modestus,blood_meal,BloodMealMap,Czechia,,,1
Nycticorax nycticorax,8901,aves,pelecaniformes,ardeidae,Culex stigmatosoma,FALSE,Culex stigmatosoma,blood_meal,BloodMealMap,Unites States,,,1
Nycticorax nycticorax,8901,aves,pelecaniformes,ardeidae,Culex tarsalis,FALSE,Culex tarsalis,blood_meal,BloodMealMap,Unites States,,,3
Nymphicus hollandicus,13180,aves,psittaciformes,cacatuidae,Culex pipiens,FALSE,Culex pipiens,blood_meal,BloodMealMap,Unites States,,,1
Nymphicus hollandicus,13180,aves,psittaciformes,cacatuidae,Culex tarsalis,FALSE,Culex tarsalis,blood_meal,BloodMealMap,Unites States,,,1
Odocoileus hemionus,9872,mammalia,artiodactyla,cervidae,Aedes cataphylla,FALSE,Aedes cataphylla,blood_meal,BloodMealMap,Unites States,,,1
Odocoileus hemionus,9872,mammalia,artiodactyla,cervidae,Aedes implicatus,FALSE,Aedes implicatus,blood_meal,BloodMealMap,Unites States,,,1
Odocoileus hemionus,9872,mammalia,artiodactyla,cervidae,Aedes increpitus,FALSE,Aedes increpitus,blood_meal,BloodMealMap,Unites States,,,1
Odocoileus hemionus,9872,mammalia,artiodactyla,cervidae,Aedes punctor,FALSE,Aedes punctor,blood_meal,BloodMealMap,Unites States,,,1
Odocoileus hemionus,9872,mammalia,artiodactyla,cervidae,Aedes sierrensis,FALSE,Aedes sierrensis,blood_meal,BloodMealMap,Unites States,,,1
Odocoileus hemionus,9872,mammalia,artiodactyla,cervidae,Anopheles franciscanus,FALSE,Anopheles franciscanus,blood_meal,BloodMealMap,Unites States,,,1
Odocoileus hemionus,9872,mammalia,artiodactyla,cervidae,Anopheles freeborni,FALSE,Anopheles freeborni,blood_meal,BloodMealMap,Unites States,,,1
Odocoileus hemionus,9872,mammalia,artiodactyla,cervidae,Culex tarsalis,FALSE,Culex tarsalis,blood_meal,BloodMealMap,Unites States,,,2
Odocoileus hemionus,9872,mammalia,artiodactyla,cervidae,Culiseta impatiens,FALSE,Culiseta impatiens,blood_meal,BloodMealMap,Unites States,,,1
Odocoileus hemionus,9872,mammalia,artiodactyla,cervidae,Dermacentor albipictus,FALSE,Dermacentor albipictus,on_host_occurrence,TickMap,United States of America,,,4
Odocoileus hemionus,9872,mammalia,artiodactyla,cervidae,Dermacentor hunteri,FALSE,Dermacentor hunteri,on_host_occurrence,TickMap,United States of America,,,8
Odocoileus hemionus,9872,mammalia,artiodactyla,cervidae,Dermacentor occidentalis,FALSE,Dermacentor occidentalis,on_host_occurrence,TickMap,United States of America,,Anaplasma bovis; Anaplasma ovis,8
Odocoileus hemionus,9872,mammalia,artiodactyla,cervidae,Ixodes pacificus,FALSE,Ixodes pacificus,on_host_occurrence,TickMap,United States of America,,,8
Odocoileus hemionus,9872,mammalia,artiodactyla,cervidae,Ornithodoros coriaceus,FALSE,Ornithodoros coriaceus,on_host_occurrence,TickMap,United States,,,2
Odocoileus hemionus,9872,mammalia,artiodactyla,cervidae,Otobius megnini,FALSE,Otobius megnini,on_host_occurrence,TickMap,United States,,,2
Odocoileus virginianus,9874,mammalia,artiodactyla,cervidae,Aedes albopictus,FALSE,Aedes albopictus,blood_meal,BloodMealMap,Unites States,,,1
Odocoileus virginianus,9874,mammalia,artiodactyla,cervidae,Aedes canadensis,FALSE,Aedes canadensis,blood_meal,BloodMealMap,Unites States,,,2
Odocoileus virginianus,9874,mammalia,artiodactyla,cervidae,Aedes cantator,FALSE,Aedes cantator,blood_meal,BloodMealMap,Unites States,,,1
Odocoileus virginianus,9874,mammalia,artiodactyla,cervidae,Aedes cinereus,FALSE,Aedes cinereus,blood_meal,BloodMealMap,Unites States,,,1
Odocoileus virginianus,9874,mammalia,artiodactyla,cervidae,Aedes excrucians,FALSE,Aedes excrucians,blood_meal,BloodMealMap,Unites States,,,2
Odocoileus virginianus,9874,mammalia,artiodactyla,cervidae,Aedes flavescens,FALSE,Aedes flavescens,blood_meal,BloodMealMap,Unites States,,,1
Odocoileus virginianus,9874,mammalia,artiodactyla,cervidae,Aedes japonicus,FALSE,Aedes japonicus,blood_meal,BloodMealMap,Unites States,,,2
Odocoileus virginianus,9874,mammalia,artiodactyla,cervidae,Aedes thibaulti,FALSE,Aedes thibaulti,blood_meal,BloodMealMap,Unites States,,,1
Odocoileus virginianus,9874,mammalia,artiodactyla,cervidae,Aedes triseriatus,FALSE,Aedes triseriatus,blood_meal,BloodMealMap,Unites States,,,2
Odocoileus virginianus,9874,mammalia,artiodactyla,cervidae,Aedes trivittatus,FALSE,Aedes trivittatus,blood_meal,BloodMealMap,Unites States,,,1
Odocoileus virginianus,9874,mammalia,artiodactyla,cervidae,Aedes vexans,FALSE,Aedes vexans,blood_meal,BloodMealMap,Unites States,,,4
Odocoileus virginianus,9874,mammalia,artiodactyla,cervidae,Amblyomma americanum,FALSE,Amblyomma americanum,on_host_occurrence,TickMap,United States of America,,Borrelia burgdoferi; Borrelia burgdorferi; R. Rickettsii,529
Odocoileus virginianus,9874,mammalia,artiodactyla,cervidae,Amblyomma flavomaculatum,FALSE,Amblyomma flavomaculatum,on_host_occurrence,TickMap,United States of America,,,8
Odocoileus virginianus,9874,mammalia,artiodactyla,cervidae,Amblyomma maculatum,FALSE,Amblyomma maculatum,on_host_occurrence,TickMap,United States of America,,Borrelia burgdoferi,176
Odocoileus virginianus,9874,mammalia,artiodactyla,cervidae,Anopheles punctipennis,FALSE,Anopheles punctipennis,blood_meal,BloodMealMap,Unites States,,,1
Odocoileus virginianus,9874,mammalia,artiodactyla,cervidae,Anopheles quadrimaculatus,FALSE,Anopheles quadrimaculatus,blood_meal,BloodMealMap,Unites States,,,1
Odocoileus virginianus,9874,mammalia,artiodactyla,cervidae,Anopheles smaragdinus,FALSE,Anopheles smaragdinus,blood_meal,BloodMealMap,Unites States,,,1
Odocoileus virginianus,9874,mammalia,artiodactyla,cervidae,Coquillettidia perturbans,FALSE,Coquillettidia perturbans,blood_meal,BloodMealMap,Unites States,,,2
Odocoileus virginianus,9874,mammalia,artiodactyla,cervidae,Ctenocephalides felis,FALSE,Ctenocephalides felis,on_host_occurrence,FleaMap,United States,,,3
Odocoileus virginianus,9874,mammalia,artiodactyla,cervidae,Culex cedecei,FALSE,Culex cedecei,blood_meal,BloodMealMap,Unites States,,,2
Odocoileus virginianus,9874,mammalia,artiodactyla,cervidae,Culex erraticus,FALSE,Culex erraticus,blood_meal,BloodMealMap,Unites States,,,1
Odocoileus virginianus,9874,mammalia,artiodactyla,cervidae,Culex pipiens,FALSE,Culex pipiens,blood_meal,BloodMealMap,Unites States,,,2
Odocoileus virginianus,9874,mammalia,artiodactyla,cervidae,Culex quinquefasciatus,FALSE,Culex quinquefasciatus,blood_meal,BloodMealMap,Unites States,,,1
Odocoileus virginianus,9874,mammalia,artiodactyla,cervidae,Culex salinarius,FALSE,Culex salinarius,blood_meal,BloodMealMap,Unites States,,,1
Odocoileus virginianus,9874,mammalia,artiodactyla,cervidae,Culiseta inornata,FALSE,Culiseta inornata,blood_meal,BloodMealMap,Unites States,,,1
Odocoileus virginianus,9874,mammalia,artiodactyla,cervidae,Culiseta melanura,FALSE,Culiseta melanura,blood_meal,BloodMealMap,Unites States,,,2
Odocoileus virginianus,9874,mammalia,artiodactyla,cervidae,Culiseta morsitans,FALSE,Culiseta morsitans,blood_meal,BloodMealMap,Unites States,,,1
Odocoileus virginianus,9874,mammalia,artiodactyla,cervidae,Dermacentor albipictus,FALSE,Dermacentor albipictus,on_host_occurrence,TickMap,United States of America,,Borrelia burgdoferi; Borrelia burgdorferi,408
Odocoileus virginianus,9874,mammalia,artiodactyla,cervidae,Dermacentor albopictus,FALSE,Dermacentor albopictus,on_host_occurrence,TickMap,United States of America,,,24
Odocoileus virginianus,9874,mammalia,artiodactyla,cervidae,Dermacentor variabilis,FALSE,Dermacentor variabilis,on_host_occurrence,TickMap,United States of America,,R. Rickettsii,40
Odocoileus virginianus,9874,mammalia,artiodactyla,cervidae,Haemaphysalis leporispalustris,FALSE,Haemaphysalis leporispalustris,on_host_occurrence,TickMap,United States of America,,,8
Odocoileus virginianus,9874,mammalia,artiodactyla,cervidae,Haemaphysalis longicornis,FALSE,Haemaphysalis longicornis,on_host_occurrence,TickMap,United States of America,,,36
Odocoileus virginianus,9874,mammalia,artiodactyla,cervidae,Ixodes affinis,FALSE,Ixodes affinis,on_host_occurrence,TickMap,United States of America,,,40
Odocoileus virginianus,9874,mammalia,artiodactyla,cervidae,Ixodes muris,FALSE,Ixodes muris,on_host_occurrence,TickMap,United States of America,,,8
Odocoileus virginianus,9874,mammalia,artiodactyla,cervidae,Ixodes scapularis,FALSE,Ixodes scapularis,on_host_occurrence,TickMap,United States of America,,Anaplasma; Babesia; Borrelia; Ehrlichia; Rickettsia; B burgdorferi; Borellia burgdorferi; Borellia burgdorferi; Anaplasma phagocytophilum; Borrelia burgdorferi; Powassan virus,734
Odocoileus virginianus,9874,mammalia,artiodactyla,cervidae,Ixodes scapularus,FALSE,Ixodes scapularus,on_host_occurrence,TickMap,United States of America,,Borrelia burgdoferi,36
Odocoileus virginianus,9874,mammalia,artiodactyla,cervidae,Otobius megnini,FALSE,Otobius megnini,on_host_occurrence,TickMap,United States,,,1
Odocoileus virginianus,9874,mammalia,artiodactyla,cervidae,Psorophora ferox,FALSE,Psorophora ferox,blood_meal,BloodMealMap,Unites States,,,1
Odocoileus virginianus,9874,mammalia,artiodactyla,cervidae,Rhipicephalus microplus,FALSE,Rhipicephalus microplus,on_host_occurrence,TickMap,United States of America,,,33
Oena capensis,115679,aves,columbiformes,columbidae,Hyalomma rufipes,FALSE,Hyalomma rufipes,on_host_occurrence,TickMap,Mali,,,1
Oligoryzomys flavescens,218824,mammalia,rodentia,cricetidae,Androlaelaps rotundus,FALSE,Androlaelaps rotundus,on_host_occurrence,MiteMap,Brazil,,,2
Oligoryzomys flavescens,218824,mammalia,rodentia,cricetidae,Craneopsylla minerva,FALSE,Craneopsylla minerva minerva,on_host_occurrence,FleaMap,Brazil,,,1
Oligoryzomys flavescens,218824,mammalia,rodentia,cricetidae,Gigantolaelaps wolffsohni,FALSE,Gigantolaelaps wolffsohni,on_host_occurrence,MiteMap,Brazil,,,2
Oligoryzomys flavescens,218824,mammalia,rodentia,cricetidae,Laelaps manguinhosi,FALSE,Laelaps manguinhosi,on_host_occurrence,MiteMap,Brazil,,,1
Oligoryzomys flavescens,218824,mammalia,rodentia,cricetidae,Mysolaelaps parvispinosus,FALSE,Mysolaelaps parvispinosus,on_host_occurrence,MiteMap,Brazil,,,1
Oligoryzomys nigripes,37017,mammalia,rodentia,cricetidae,Androlaelaps fahrenholzi,FALSE,Androlaelaps fahrenholzi,on_host_occurrence,MiteMap,Brazil,,,3
Oligoryzomys nigripes,37017,mammalia,rodentia,cricetidae,Androlaelaps marmosops,FALSE,Androlaelaps marmosops,on_host_occurrence,MiteMap,Brazil,,,1
Oligoryzomys nigripes,37017,mammalia,rodentia,cricetidae,Androlaelaps rotundus,FALSE,Androlaelaps rotundus,on_host_occurrence,MiteMap,Brazil,,,4
Oligoryzomys nigripes,37017,mammalia,rodentia,cricetidae,Craneopsylla minerva,FALSE,Craneopsylla minerva minerva,on_host_occurrence,FleaMap,Brazil,,,5
Oligoryzomys nigripes,37017,mammalia,rodentia,cricetidae,Ctenocephalides felis,FALSE,Ctenocephalides felis felis,on_host_occurrence,FleaMap,Brazil,,,1
Oligoryzomys nigripes,37017,mammalia,rodentia,cricetidae,Gigantolaelaps gilmorei,FALSE,Gigantolaelaps gilmorei,on_host_occurrence,MiteMap,Brazil,,,1
Oligoryzomys nigripes,37017,mammalia,rodentia,cricetidae,Gigantolaelaps oudemansi,FALSE,Gigantolaelaps oudemansi,on_host_occurrence,MiteMap,Brazil,,,1
Oligoryzomys nigripes,37017,mammalia,rodentia,cricetidae,Gigantolaelaps wolffsohni,FALSE,Gigantolaelaps wolffsohni,on_host_occurrence,MiteMap,Brazil,,,5
Oligoryzomys nigripes,37017,mammalia,rodentia,cricetidae,Laelaps paulistanensis,FALSE,Laelaps paulistanensis,on_host_occurrence,MiteMap,Brazil,,,4
Oligoryzomys nigripes,37017,mammalia,rodentia,cricetidae,Mysolaelaps parvispinosus,FALSE,Mysolaelaps parvispinosus,on_host_occurrence,MiteMap,Brazil,,,4
Oligoryzomys nigripes,37017,mammalia,rodentia,cricetidae,Polygenis atopus,FALSE,Polygenis atopus,on_host_occurrence,FleaMap,Brazil,,,4
Oligoryzomys nigripes,37017,mammalia,rodentia,cricetidae,Polygenis pradoi,FALSE,Polygenis pradoi,on_host_occurrence,FleaMap,Brazil,,,1
Oligoryzomys nigripes,37017,mammalia,rodentia,cricetidae,Polygenis rimatus,FALSE,Polygenis rimatus,on_host_occurrence,FleaMap,Brazil,,,6
Oligoryzomys nigripes,37017,mammalia,rodentia,cricetidae,Polygenis roberti,FALSE,Polygenis roberti roberti,on_host_occurrence,FleaMap,Brazil,,,2
Oligoryzomys nigripes,37017,mammalia,rodentia,cricetidae,Polygenis tripus,FALSE,Polygenis tripus,on_host_occurrence,FleaMap,Brazil,,,1
Oligoryzomys nigripes,37017,mammalia,rodentia,cricetidae,Pulex irritans,FALSE,Pulex irritans,on_host_occurrence,FleaMap,Brazil,,,1
Ondatra zibethicus,10060,mammalia,rodentia,cricetidae,Ctenocephalides felis,FALSE,Ctenocephalides felis,on_host_occurrence,FleaMap,United States,,,1
Ondatra zibethicus,10060,mammalia,rodentia,cricetidae,Culex tarsalis,FALSE,Culex tarsalis,blood_meal,BloodMealMap,Unites States,,,1
Ondatra zibethicus,10060,mammalia,rodentia,cricetidae,Ixodes banki,FALSE,Ixodes banki,on_host_occurrence,TickMap,United States of America,,,40
Onychomys leucogaster,38668,mammalia,rodentia,cricetidae,Echidnophaga gallinacea,FALSE,Echidnophaga gallinacea,on_host_occurrence,FleaMap,United States,,,1
Onychomys leucogaster,38668,mammalia,rodentia,cricetidae,Ixodes spinipalpis,FALSE,Ixodes spinipalpis,on_host_occurrence,TickMap,United States of America,,,4
Onychomys leucogaster,38668,mammalia,rodentia,cricetidae,Thrassis bacchi,FALSE,Thrassis bacchi; Thrassis bacchi bacchi,on_host_occurrence,FleaMap,United States,,,3
Onychomys leucogaster,38668,mammalia,rodentia,cricetidae,Thrassis bacchi,TRUE,Thrassis bacchi gladiolis,on_host_occurrence,FleaMap,United States,,,7
Oryctolagus cuniculus,9986,mammalia,lagomorpha,leporidae,Aedes albopictus,FALSE,Aedes albopictus,blood_meal,BloodMealMap,Japan,,,1
Oryctolagus cuniculus,9986,mammalia,lagomorpha,leporidae,Aedes camptorhynchus,FALSE,Aedes camptorhynchus,blood_meal,BloodMealMap,Australia,,,1
Oryctolagus cuniculus,9986,mammalia,lagomorpha,leporidae,Anopheles atroparvus,FALSE,Anopheles atroparvus,blood_meal,BloodMealMap,ESP; United Kingdom,,,2
Oryctolagus cuniculus,9986,mammalia,lagomorpha,leporidae,Anopheles maculipennis,FALSE,Anopheles maculipennis,blood_meal,BloodMealMap,United Kingdom,,,1
Oryctolagus cuniculus,9986,mammalia,lagomorpha,leporidae,Culiseta annulata,FALSE,Culiseta annulata,blood_meal,BloodMealMap,United Kingdom,,,1
Oryctolagus cuniculus,9986,mammalia,lagomorpha,leporidae,Haemaphysalis leporispalustris,FALSE,Haemaphysalis leporispalustris,on_host_occurrence,TickMap,United States of America,,,3
Oryctolagus cuniculus,9986,mammalia,lagomorpha,leporidae,Ixodes ventalloi,FALSE,Ixodes ventalloi,on_host_occurrence,TickMap,Morocco,,,1
Oryctolagus cuniculus,9986,mammalia,lagomorpha,leporidae,Rhipicephalus pusillus,FALSE,Rhipicephalus pusillus,on_host_occurrence,TickMap,Morocco,,,2
Oryctolagus cuniculus,9986,mammalia,lagomorpha,leporidae,Rhipicephalus sanguineus,FALSE,Rhipicephalus sanguineus,on_host_occurrence,TickMap,Cote D'Ivoire,,,1
Oryctolagus cuniculus,9986,mammalia,lagomorpha,leporidae,Rhipicephalus turanicus,FALSE,Rhipicephalus turanicus,on_host_occurrence,TickMap,Morocco,,,1
Otis tarda,73107,aves,otidiformes,otididae,Rhipicephalus sanguineus,FALSE,Rhipicephalus sanguineus,on_host_occurrence,TickMap,Burkina Faso; Mauritania,,,2
Otocyon megalotis,9624,mammalia,carnivora,canidae,Echidnophaga gallinacea,FALSE,Echidnophaga gallinacea,on_host_occurrence,FleaMap,Botswana,,,9
Ovis aries,9940,mammalia,artiodactyla,bovidae,Aedeomyia africana,FALSE,Aedeomyia africana,blood_meal,BloodMealMap,Kenya,,,1
Ovis aries,9940,mammalia,artiodactyla,bovidae,Aedes aegypti,FALSE,Aedes aegypti,blood_meal,BloodMealMap,Kenya,,,1
Ovis aries,9940,mammalia,artiodactyla,bovidae,Aedes camptorhynchus,FALSE,Aedes camptorhynchus,blood_meal,BloodMealMap,Australia,,,2
Ovis aries,9940,mammalia,artiodactyla,bovidae,Aedes dorsalis,FALSE,Aedes dorsalis,blood_meal,BloodMealMap,Unites States,,,1
Ovis aries,9940,mammalia,artiodactyla,bovidae,Aedes geniculatus,FALSE,Aedes geniculatus,blood_meal,BloodMealMap,Switzerland,,,1
Ovis aries,9940,mammalia,artiodactyla,bovidae,Aedes hirsutus,FALSE,Aedes hirsutus,blood_meal,BloodMealMap,Senegal,,,1
Ovis aries,9940,mammalia,artiodactyla,bovidae,Aedes japonicus,FALSE,Aedes japonicus,blood_meal,BloodMealMap,Switzerland,,,1
Ovis aries,9940,mammalia,artiodactyla,bovidae,Aedes mcintoshi,FALSE,Aedes mcintoshi,blood_meal,BloodMealMap,Kenya,,,2
Ovis aries,9940,mammalia,artiodactyla,bovidae,Aedes nigromaculis,FALSE,Aedes nigromaculis,blood_meal,BloodMealMap,Unites States,,,1
Ovis aries,9940,mammalia,artiodactyla,bovidae,Aedes ochraceus,FALSE,Aedes ochraceus,blood_meal,BloodMealMap,Kenya; Senegal,,,2
Ovis aries,9940,mammalia,artiodactyla,bovidae,Aedes sollicitans,FALSE,Aedes sollicitans,blood_meal,BloodMealMap,Unites States,,,1
Ovis aries,9940,mammalia,artiodactyla,bovidae,Aedes sticticus,FALSE,Aedes sticticus,blood_meal,BloodMealMap,Serbia,,,1
Ovis aries,9940,mammalia,artiodactyla,bovidae,Aedes sudanensis,FALSE,Aedes sudanensis,blood_meal,BloodMealMap,Kenya,,,1
Ovis aries,9940,mammalia,artiodactyla,bovidae,Aedes trivittatus,FALSE,Aedes trivittatus,blood_meal,BloodMealMap,Unites States,,,1
Ovis aries,9940,mammalia,artiodactyla,bovidae,Aedes vexans,FALSE,Aedes vexans,blood_meal,BloodMealMap,Senegal; Serbia; Switzerland; Unites States,,,10
Ovis aries,9940,mammalia,artiodactyla,bovidae,Aedes vittatus,FALSE,Aedes vittatus,blood_meal,BloodMealMap,Kenya,,,1
Ovis aries,9940,mammalia,artiodactyla,bovidae,Amblyomma americanum,FALSE,Amblyomma americanum,on_host_occurrence,TickMap,United States of America,,,144
Ovis aries,9940,mammalia,artiodactyla,bovidae,Amblyomma astrion,FALSE,Amblyomma astrion,on_host_occurrence,TickMap,Angola,,,1
Ovis aries,9940,mammalia,artiodactyla,bovidae,Amblyomma gemma,FALSE,Amblyomma gemma,on_host_occurrence,TickMap,Djibouti; Kenya,,,5
Ovis aries,9940,mammalia,artiodactyla,bovidae,Amblyomma hebraeum,FALSE,Amblyomma hebraeum,on_host_occurrence,TickMap,Zambia,,,1
Ovis aries,9940,mammalia,artiodactyla,bovidae,Amblyomma lepidum,FALSE,Amblyomma lepidum,on_host_occurrence,TickMap,Sudan,,,2
Ovis aries,9940,mammalia,artiodactyla,bovidae,Amblyomma maculatum,FALSE,Amblyomma maculatum,on_host_occurrence,TickMap,United States of America,,,480
Ovis aries,9940,mammalia,artiodactyla,bovidae,Amblyomma variegatum,FALSE,Amblyomma variegatum,on_host_occurrence,TickMap,"Benin; Burkina Faso; Congo, The Democratic Republic of The; Cote D'Ivoire; Gabon; Guinea-Bissau; Kenya; Mali; Rwanda; Senegal; Sudan; Uganda; Zambia",,Kupe virus,42
Ovis aries,9940,mammalia,artiodactyla,bovidae,Anopheles albitarsis,FALSE,Anopheles albitarsis,blood_meal,BloodMealMap,Brazil,,,1
Ovis aries,9940,mammalia,artiodactyla,bovidae,Anopheles arabiensis,FALSE,Anopheles arabiensis,blood_meal,BloodMealMap,Kenya,,,1
Ovis aries,9940,mammalia,artiodactyla,bovidae,Anopheles atroparvus,FALSE,Anopheles atroparvus,blood_meal,BloodMealMap,ESP,,,1
Ovis aries,9940,mammalia,artiodactyla,bovidae,Anopheles claviger,FALSE,Anopheles claviger,blood_meal,BloodMealMap,Iran,,,1
Ovis aries,9940,mammalia,artiodactyla,bovidae,Anopheles coustani,FALSE,Anopheles coustani,blood_meal,BloodMealMap,Kenya,,,4
Ovis aries,9940,mammalia,artiodactyla,bovidae,Anopheles funestus,FALSE,Anopheles funestus,blood_meal,BloodMealMap,Kenya,,,1
Ovis aries,9940,mammalia,artiodactyla,bovidae,Anopheles gambiae,FALSE,Anopheles gambiae,blood_meal,BloodMealMap,Kenya,,,2
Ovis aries,9940,mammalia,artiodactyla,bovidae,Anopheles hyrcanus,FALSE,Anopheles hyrcanus,blood_meal,BloodMealMap,Iran,,,1
Ovis aries,9940,mammalia,artiodactyla,bovidae,Anopheles maculipennis,FALSE,Anopheles maculipennis,blood_meal,BloodMealMap,Switzerland; United Kingdom,,,2
Ovis aries,9940,mammalia,artiodactyla,bovidae,Anopheles pharoensis,FALSE,Anopheles pharoensis,blood_meal,BloodMealMap,Kenya; Senegal,,,2
Ovis aries,9940,mammalia,artiodactyla,bovidae,Anopheles punctipennis,FALSE,Anopheles punctipennis,blood_meal,BloodMealMap,Unites States,,,1
Ovis aries,9940,mammalia,artiodactyla,bovidae,Anopheles stephensi,FALSE,Anopheles stephensi,blood_meal,BloodMealMap,Iran,,,1
Ovis aries,9940,mammalia,artiodactyla,bovidae,Anopheles superpictus,FALSE,Anopheles superpictus,blood_meal,BloodMealMap,Iran,,,1
Ovis aries,9940,mammalia,artiodactyla,bovidae,Culex annulioris,FALSE,Culex annulioris,blood_meal,BloodMealMap,Kenya,,,1
Ovis aries,9940,mammalia,artiodactyla,bovidae,Culex antennatus,FALSE,Culex antennatus,blood_meal,BloodMealMap,Senegal,,,1
Ovis aries,9940,mammalia,artiodactyla,bovidae,Culex globocoxitus,FALSE,Culex globocoxitus,blood_meal,BloodMealMap,Australia,,,1
Ovis aries,9940,mammalia,artiodactyla,bovidae,Culex neavei,FALSE,Culex neavei,blood_meal,BloodMealMap,Kenya,,,1
Ovis aries,9940,mammalia,artiodactyla,bovidae,Culex pipiens,FALSE,Culex pipiens,blood_meal,BloodMealMap,Iran; Kenya,,,9
Ovis aries,9940,mammalia,artiodactyla,bovidae,Culex poicilipes,FALSE,Culex poicilipes,blood_meal,BloodMealMap,Senegal,,,1
Ovis aries,9940,mammalia,artiodactyla,bovidae,Culex quinquefasciatus,FALSE,Culex quinquefasciatus,blood_meal,BloodMealMap,Brazil,,,1
Ovis aries,9940,mammalia,artiodactyla,bovidae,Culex salinarius,FALSE,Culex salinarius,blood_meal,BloodMealMap,Unites States,,,1
Ovis aries,9940,mammalia,artiodactyla,bovidae,Culex sitiens,FALSE,Culex sitiens,blood_meal,BloodMealMap,Iran,,,2
Ovis aries,9940,mammalia,artiodactyla,bovidae,Culex tarsalis,FALSE,Culex tarsalis,blood_meal,BloodMealMap,Unites States,,,2
Ovis aries,9940,mammalia,artiodactyla,bovidae,Culex theileri,FALSE,Culex theileri,blood_meal,BloodMealMap,ESP; Iran,,,2
Ovis aries,9940,mammalia,artiodactyla,bovidae,Culex tritaeniorhynchus,FALSE,Culex tritaeniorhynchus,blood_meal,BloodMealMap,Senegal,,,1
Ovis aries,9940,mammalia,artiodactyla,bovidae,Culex univittatus,FALSE,Culex univittatus,blood_meal,BloodMealMap,Kenya,,,1
Ovis aries,9940,mammalia,artiodactyla,bovidae,Culiseta annulata,FALSE,Culiseta annulata,blood_meal,BloodMealMap,United Kingdom,,,1
Ovis aries,9940,mammalia,artiodactyla,bovidae,Culiseta incidens,FALSE,Culiseta incidens,blood_meal,BloodMealMap,Unites States,,,1
Ovis aries,9940,mammalia,artiodactyla,bovidae,Culiseta inornata,FALSE,Culiseta inornata,blood_meal,BloodMealMap,Unites States,,,1
Ovis aries,9940,mammalia,artiodactyla,bovidae,Dermacentor marginatus,FALSE,Dermacentor marginatus,on_host_occurrence,TickMap,Georgia,,,1
Ovis aries,9940,mammalia,artiodactyla,bovidae,Dermacentor nuttalli,FALSE,Dermacentor nuttalli,on_host_occurrence,TickMap,Mongolia,,,28
Ovis aries,9940,mammalia,artiodactyla,bovidae,Haemaphysalis aciculifer,FALSE,Haemaphysalis aciculifer,on_host_occurrence,TickMap,Uganda; Zimbabwe,,,8
Ovis aries,9940,mammalia,artiodactyla,bovidae,Haemaphysalis leachi,FALSE,Haemaphysalis leachi,on_host_occurrence,TickMap,Zambia,,,1
Ovis aries,9940,mammalia,artiodactyla,bovidae,Haemaphysalis longicornis,FALSE,Haemaphysalis longicornis,on_host_occurrence,TickMap,United States of America,,,24
Ovis aries,9940,mammalia,artiodactyla,bovidae,Haemaphysalis parmata,FALSE,Haemaphysalis parmata,on_host_occurrence,TickMap,"Congo, The Democratic Republic of The; Cote D'Ivoire",,,2
Ovis aries,9940,mammalia,artiodactyla,bovidae,Haemaphysalis parva,FALSE,Haemaphysalis parva,on_host_occurrence,TickMap,Libyan Arab Jamahiriya,,,1
Ovis aries,9940,mammalia,artiodactyla,bovidae,Haemaphysalis punctata,FALSE,Haemaphysalis punctata,on_host_occurrence,TickMap,Morocco,,,2
Ovis aries,9940,mammalia,artiodactyla,bovidae,Hyalomma albiparmatum,FALSE,Hyalomma albiparmatum,on_host_occurrence,TickMap,"Tanzania, United Republic of",,,1
Ovis aries,9940,mammalia,artiodactyla,bovidae,Hyalomma anatolicum,FALSE,Hyalomma anatolicum,on_host_occurrence,TickMap,Libyan Arab Jamahiriya; Sudan,,,13
Ovis aries,9940,mammalia,artiodactyla,bovidae,Hyalomma dromedarii,FALSE,Hyalomma dromedarii,on_host_occurrence,TickMap,Djibouti; Egypt; Senegal,,,3
Ovis aries,9940,mammalia,artiodactyla,bovidae,Hyalomma excavatum,FALSE,Hyalomma excavatum,on_host_occurrence,TickMap,Algeria; Djibouti; Libyan Arab Jamahiriya; Morocco,,,9
Ovis aries,9940,mammalia,artiodactyla,bovidae,Hyalomma franchinii,FALSE,Hyalomma franchinii,on_host_occurrence,TickMap,Libyan Arab Jamahiriya,,,1
Ovis aries,9940,mammalia,artiodactyla,bovidae,Hyalomma impeltatum,FALSE,Hyalomma impeltatum,on_host_occurrence,TickMap,Cote D'Ivoire; Libyan Arab Jamahiriya; Mali; Mauritania; Morocco; Niger; Senegal,,,16
Ovis aries,9940,mammalia,artiodactyla,bovidae,Hyalomma impressum,FALSE,Hyalomma impressum,on_host_occurrence,TickMap,Cote D'Ivoire; South Africa,,,2
Ovis aries,9940,mammalia,artiodactyla,bovidae,Hyalomma lusitanicum,FALSE,Hyalomma lusitanicum,on_host_occurrence,TickMap,Morocco,,,1
Ovis aries,9940,mammalia,artiodactyla,bovidae,Hyalomma marginatum,FALSE,Hyalomma marginatum,on_host_occurrence,TickMap,Algeria; Kenya; Turkey,,CCHFV,5
Ovis aries,9940,mammalia,artiodactyla,bovidae,Hyalomma rufipes,FALSE,Hyalomma rufipes,on_host_occurrence,TickMap,Burkina Faso; Djibouti; Mali; Mauritania; Senegal; Sudan; Zambia,,,11
Ovis aries,9940,mammalia,artiodactyla,bovidae,Hyalomma truncatum,FALSE,Hyalomma truncatum,on_host_occurrence,TickMap,"Botswana; Burkina Faso; Congo, The Democratic Republic of The; Cote D'Ivoire; Djibouti; Kenya; Mali; Mauritania; Nigeria; Senegal; South Africa; Zambia",,,23
Ovis aries,9940,mammalia,artiodactyla,bovidae,Ixodes cavipalpus,FALSE,Ixodes cavipalpus,on_host_occurrence,TickMap,"Congo, The Democratic Republic of The",,,1
Ovis aries,9940,mammalia,artiodactyla,bovidae,Ixodes muniensis,FALSE,Ixodes muniensis,on_host_occurrence,TickMap,Cote D'Ivoire,,,1
Ovis aries,9940,mammalia,artiodactyla,bovidae,Ixodes rubicundus,FALSE,Ixodes rubicundus,on_host_occurrence,TickMap,"Congo, The Democratic Republic of The; South Africa",,,3
Ovis aries,9940,mammalia,artiodactyla,bovidae,Mansonia africana,FALSE,Mansonia africana,blood_meal,BloodMealMap,Kenya,,,7
Ovis aries,9940,mammalia,artiodactyla,bovidae,Mansonia titillans,FALSE,Mansonia titillans,blood_meal,BloodMealMap,Brazil,,,1
Ovis aries,9940,mammalia,artiodactyla,bovidae,Mansonia uniformis,FALSE,Mansonia uniformis,blood_meal,BloodMealMap,Kenya,,,7
Ovis aries,9940,mammalia,artiodactyla,bovidae,Otobius megnini,FALSE,Otobius megnini,on_host_occurrence,TickMap,PERU; United States,,Bartonella spp.; Rickettsia spp.,7
Ovis aries,9940,mammalia,artiodactyla,bovidae,Psorophora ciliata,FALSE,Psorophora ciliata,blood_meal,BloodMealMap,Unites States,,,1
Ovis aries,9940,mammalia,artiodactyla,bovidae,Psorophora confinnis,FALSE,Psorophora confinnis,blood_meal,BloodMealMap,Unites States,,,1
Ovis aries,9940,mammalia,artiodactyla,bovidae,Psorophora cyanescens,FALSE,Psorophora cyanescens,blood_meal,BloodMealMap,Unites States,,,1
Ovis aries,9940,mammalia,artiodactyla,bovidae,Psorophora discolor,FALSE,Psorophora discolor,blood_meal,BloodMealMap,Unites States,,,1
Ovis aries,9940,mammalia,artiodactyla,bovidae,Psorophora signipennis,FALSE,Psorophora signipennis,blood_meal,BloodMealMap,Unites States,,,1
Ovis aries,9940,mammalia,artiodactyla,bovidae,Rhipicephalus annulatus,FALSE,Rhipicephalus annulatus,on_host_occurrence,TickMap,Algeria; Egypt; Morocco,,,3
Ovis aries,9940,mammalia,artiodactyla,bovidae,Rhipicephalus appendiculatus,FALSE,Rhipicephalus appendiculatus,on_host_occurrence,TickMap,"Burundi; Congo, The Democratic Republic of The; Kenya; Malawi; Rwanda; South Africa; Sudan; Tanzania, United Republic of; Uganda; Zambia",,,16
Ovis aries,9940,mammalia,artiodactyla,bovidae,Rhipicephalus bursa,FALSE,Rhipicephalus bursa,on_host_occurrence,TickMap,Algeria; Morocco; Turkey,,CCHFV,9
Ovis aries,9940,mammalia,artiodactyla,bovidae,Rhipicephalus compositus,FALSE,Rhipicephalus compositus,on_host_occurrence,TickMap,Malawi; Zambia,,,2
Ovis aries,9940,mammalia,artiodactyla,bovidae,Rhipicephalus decoloratus,FALSE,Rhipicephalus decoloratus,on_host_occurrence,TickMap,"Burkina Faso; Congo, The Democratic Republic of The; Ghana; Malawi; Mali; Nigeria; Senegal; Sudan; Zambia",,,19
Ovis aries,9940,mammalia,artiodactyla,bovidae,Rhipicephalus distinctus,FALSE,Rhipicephalus distinctus,on_host_occurrence,TickMap,South Africa,,,1
Ovis aries,9940,mammalia,artiodactyla,bovidae,Rhipicephalus duttoni,FALSE,Rhipicephalus duttoni,on_host_occurrence,TickMap,"Congo, The Democratic Republic of The",,,1
Ovis aries,9940,mammalia,artiodactyla,bovidae,Rhipicephalus evertsi,FALSE,Rhipicephalus evertsi; Rhipicephalus evertsi evertsi,on_host_occurrence,TickMap,"Burkina Faso; Congo, The Democratic Republic of The; Cote D'Ivoire; Kenya; Mozambique; Rwanda; Senegal; South Africa; Sudan; Tanzania, United Republic of; Zambia",,,28
Ovis aries,9940,mammalia,artiodactyla,bovidae,Rhipicephalus geigyi,FALSE,Rhipicephalus geigyi,on_host_occurrence,TickMap,Cote D'Ivoire; Senegal; Sierra Leone,,,11
Ovis aries,9940,mammalia,artiodactyla,bovidae,Rhipicephalus glabroscutatum,FALSE,Rhipicephalus glabroscutatum,on_host_occurrence,TickMap,South Africa,,,13
Ovis aries,9940,mammalia,artiodactyla,bovidae,Rhipicephalus guilhoni,FALSE,Rhipicephalus guilhoni,on_host_occurrence,TickMap,Senegal,,,2
Ovis aries,9940,mammalia,artiodactyla,bovidae,Rhipicephalus interventus,FALSE,Rhipicephalus interventus,on_host_occurrence,TickMap,Zambia,,,1
Ovis aries,9940,mammalia,artiodactyla,bovidae,Rhipicephalus kochi,FALSE,Rhipicephalus kochi,on_host_occurrence,TickMap,Zimbabwe,,,8
Ovis aries,9940,mammalia,artiodactyla,bovidae,Rhipicephalus longus,FALSE,Rhipicephalus longus,on_host_occurrence,TickMap,"Congo, The Democratic Republic of The",,,1
Ovis aries,9940,mammalia,artiodactyla,bovidae,Rhipicephalus lunulatus,FALSE,Rhipicephalus lunulatus,on_host_occurrence,TickMap,Senegal; Sierra Leone,,,3
Ovis aries,9940,mammalia,artiodactyla,bovidae,Rhipicephalus microplus,FALSE,Rhipicephalus microplus,on_host_occurrence,TickMap,Mozambique; Zambia,,,2
Ovis aries,9940,mammalia,artiodactyla,bovidae,Rhipicephalus oculatus,FALSE,Rhipicephalus oculatus,on_host_occurrence,TickMap,South Africa,,,1
Ovis aries,9940,mammalia,artiodactyla,bovidae,Rhipicephalus pravus,FALSE,Rhipicephalus pravus,on_host_occurrence,TickMap,Djibouti; Sudan,,,4
Ovis aries,9940,mammalia,artiodactyla,bovidae,Rhipicephalus pulchellus,FALSE,Rhipicephalus pulchellus,on_host_occurrence,TickMap,Djibouti; Kenya,,"DHOV, DUGV, Kupe virus",7
Ovis aries,9940,mammalia,artiodactyla,bovidae,Rhipicephalus punctatus,FALSE,Rhipicephalus punctatus,on_host_occurrence,TickMap,South Africa,,,1
Ovis aries,9940,mammalia,artiodactyla,bovidae,Rhipicephalus sanguineus,FALSE,Rhipicephalus sanguineus,on_host_occurrence,TickMap,"Algeria; Benin; Burkina Faso; Central African Republic; Chad; Congo, The Democratic Republic of The; Cote D'Ivoire; Djibouti; Egypt; Libyan Arab Jamahiriya; Mali; Mauritania; Morocco; Niger; Nigeria; Senegal; Sudan; Tanzania, United Republic of; Zambia",,,40
Ovis aries,9940,mammalia,artiodactyla,bovidae,Rhipicephalus senegalensis,FALSE,Rhipicephalus senegalensis,on_host_occurrence,TickMap,"Benin; Central African Republic; Congo, The Democratic Republic of The; Cote D'Ivoire; Guinea-Bissau",,,10
Ovis aries,9940,mammalia,artiodactyla,bovidae,Rhipicephalus simus,FALSE,Rhipicephalus simus,on_host_occurrence,TickMap,"Congo, The Democratic Republic of The; Egypt; Kenya; Nigeria; South Africa; Sudan; Tanzania, United Republic of; Zambia",,,13
Ovis aries,9940,mammalia,artiodactyla,bovidae,Rhipicephalus sulcatus,FALSE,Rhipicephalus sulcatus,on_host_occurrence,TickMap,Cote D'Ivoire; Senegal; Zambia,,,3
Ovis aries,9940,mammalia,artiodactyla,bovidae,Rhipicephalus tricuspis,FALSE,Rhipicephalus tricuspis,on_host_occurrence,TickMap,"Benin; Congo, The Democratic Republic of The; Togo; Zambia",,,5
Ovis aries,9940,mammalia,artiodactyla,bovidae,Rhipicephalus turanicus,FALSE,Rhipicephalus turanicus,on_host_occurrence,TickMap,Morocco,,,5
Oxyura jamaicensis,8884,aves,anseriformes,anatidae,Culex pipiens,FALSE,Culex pipiens,blood_meal,BloodMealMap,Unites States,,,1
Pan troglodytes,9598,mammalia,primates,hominidae,Culex annulirostris,FALSE,Culex annulirostris,blood_meal,BloodMealMap,Australia,,,1
Panthera leo,9689,mammalia,carnivora,felidae,Aedes japonicus,FALSE,Aedes japonicus,blood_meal,BloodMealMap,Switzerland,,,1
Panthera leo,9689,mammalia,carnivora,felidae,Aedes vexans,FALSE,Aedes vexans,blood_meal,BloodMealMap,Unites States,,,1
Panthera leo,9689,mammalia,carnivora,felidae,Amblyomma rhinocerotis,FALSE,Amblyomma rhinocerotis,on_host_occurrence,TickMap,"Tanzania, United Republic of",,,6
Panthera leo,9689,mammalia,carnivora,felidae,Amblyomma sparsum,FALSE,Amblyomma sparsum,on_host_occurrence,TickMap,Zambia,,,1
Panthera leo,9689,mammalia,carnivora,felidae,Amblyomma variegatum,FALSE,Amblyomma variegatum,on_host_occurrence,TickMap,Zambia,,,1
Panthera leo,9689,mammalia,carnivora,felidae,Argas brumpti,FALSE,Argas brumpti,on_host_occurrence,TickMap,Kenya,,,1
Panthera leo,9689,mammalia,carnivora,felidae,Echidnophaga gallinacea,FALSE,Echidnophaga gallinacea,on_host_occurrence,FleaMap,United States,,,5
Panthera leo,9689,mammalia,carnivora,felidae,Haemaphysalis aciculifer,FALSE,Haemaphysalis aciculifer,on_host_occurrence,TickMap,"Tanzania, United Republic of; Zambia",,,2
Panthera leo,9689,mammalia,carnivora,felidae,Haemaphysalis leachi,FALSE,Haemaphysalis leachi,on_host_occurrence,TickMap,"Burkina Faso; Congo, The Democratic Republic of The; Malawi; Sudan; Zambia",,,10
Panthera leo,9689,mammalia,carnivora,felidae,Haemaphysalis moreli,FALSE,Haemaphysalis moreli,on_host_occurrence,TickMap,Burkina Faso; Ethiopia,,,2
Panthera leo,9689,mammalia,carnivora,felidae,Haemaphysalis paraleachi,FALSE,Haemaphysalis paraleachi,on_host_occurrence,TickMap,"Cameroon; Central African Republic; Congo, The Democratic Republic of The; Tanzania, United Republic of; Uganda",,,7
Panthera leo,9689,mammalia,carnivora,felidae,Hyalomma truncatum,FALSE,Hyalomma truncatum,on_host_occurrence,TickMap,Zambia,,,1
Panthera leo,9689,mammalia,carnivora,felidae,Ixodes cavipalpus,FALSE,Ixodes cavipalpus,on_host_occurrence,TickMap,Zambia,,,1
Panthera leo,9689,mammalia,carnivora,felidae,Rhipicentor bicornis,FALSE,Rhipicentor bicornis,on_host_occurrence,TickMap,"Congo, The Democratic Republic of The",,,1
Panthera leo,9689,mammalia,carnivora,felidae,Rhipicephalus appendiculatus,FALSE,Rhipicephalus appendiculatus,on_host_occurrence,TickMap,"Congo, The Democratic Republic of The; Kenya; Zambia",,,4
Panthera leo,9689,mammalia,carnivora,felidae,Rhipicephalus aquatilis,FALSE,Rhipicephalus aquatilis,on_host_occurrence,TickMap,Uganda,,,1
Panthera leo,9689,mammalia,carnivora,felidae,Rhipicephalus carnivoralis,FALSE,Rhipicephalus carnivoralis,on_host_occurrence,TickMap,Kenya; Zambia,,,6
Panthera leo,9689,mammalia,carnivora,felidae,Rhipicephalus compositus,FALSE,Rhipicephalus compositus,on_host_occurrence,TickMap,Kenya; Zambia,,,3
Panthera leo,9689,mammalia,carnivora,felidae,Rhipicephalus evertsi,FALSE,Rhipicephalus evertsi evertsi,on_host_occurrence,TickMap,Zambia,,,1
Panthera leo,9689,mammalia,carnivora,felidae,Rhipicephalus kochi,FALSE,Rhipicephalus kochi,on_host_occurrence,TickMap,Kenya; Malawi,,,2
Panthera leo,9689,mammalia,carnivora,felidae,Rhipicephalus longus,FALSE,Rhipicephalus longus,on_host_occurrence,TickMap,Cameroon,,,1
Panthera leo,9689,mammalia,carnivora,felidae,Rhipicephalus lunulatus,FALSE,Rhipicephalus lunulatus,on_host_occurrence,TickMap,Angola; Kenya,,,2
Panthera leo,9689,mammalia,carnivora,felidae,Rhipicephalus masseyi,FALSE,Rhipicephalus masseyi,on_host_occurrence,TickMap,"Mozambique; Tanzania, United Republic of; Zambia",,,3
Panthera leo,9689,mammalia,carnivora,felidae,Rhipicephalus muhsamae,FALSE,Rhipicephalus muhsamae,on_host_occurrence,TickMap,Burkina Faso,,,1
Panthera leo,9689,mammalia,carnivora,felidae,Rhipicephalus planus,FALSE,Rhipicephalus planus,on_host_occurrence,TickMap,Zambia,,,1
Panthera leo,9689,mammalia,carnivora,felidae,Rhipicephalus pravus,FALSE,Rhipicephalus pravus,on_host_occurrence,TickMap,Zambia,,,1
Panthera leo,9689,mammalia,carnivora,felidae,Rhipicephalus pulchellus,FALSE,Rhipicephalus pulchellus,on_host_occurrence,TickMap,Kenya,,,1
Panthera leo,9689,mammalia,carnivora,felidae,Rhipicephalus sanguineus,FALSE,Rhipicephalus sanguineus,on_host_occurrence,TickMap,Burkina Faso; Sudan; Zambia,,,3
Panthera leo,9689,mammalia,carnivora,felidae,Rhipicephalus simus,FALSE,Rhipicephalus simus,on_host_occurrence,TickMap,"Burkina Faso; Congo, The Democratic Republic of The; Kenya; Malawi; Sudan; Zambia",,,9
Panthera leo,9689,mammalia,carnivora,felidae,Rhipicephalus sulcatus,FALSE,Rhipicephalus sulcatus,on_host_occurrence,TickMap,Burkina Faso; Zambia,,,2
Panthera leo,9689,mammalia,carnivora,felidae,Rhipicephalus tricuspis,FALSE,Rhipicephalus tricuspis,on_host_occurrence,TickMap,Zambia,,,1
Panthera onca,9690,mammalia,carnivora,felidae,Ixodes scapularis,FALSE,Ixodes scapularis,on_host_occurrence,TickMap,Mexico,,Borellia burgdorferi,4
Panthera pardus,421001,mammalia,carnivora,felidae,Amblyomma nuttalli,FALSE,Amblyomma nuttalli,on_host_occurrence,TickMap,Cote D'Ivoire,,,2
Panthera pardus,421001,mammalia,carnivora,felidae,Amblyomma sparsum,FALSE,Amblyomma sparsum,on_host_occurrence,TickMap,Zambia,,,10
Panthera pardus,421001,mammalia,carnivora,felidae,Amblyomma variegatum,FALSE,Amblyomma variegatum,on_host_occurrence,TickMap,Guinea-Bissau; Zambia,,,2
Panthera pardus,421001,mammalia,carnivora,felidae,Haemaphysalis indica,FALSE,Haemaphysalis indica,on_host_occurrence,TickMap,Sierra Leone,,,1
Panthera pardus,421001,mammalia,carnivora,felidae,Haemaphysalis leachi,FALSE,Haemaphysalis leachi,on_host_occurrence,TickMap,"Burkina Faso; Cameroon; Congo, The Democratic Republic of The; Cote D'Ivoire; Rwanda; Zambia",,,22
Panthera pardus,421001,mammalia,carnivora,felidae,Haemaphysalis moreli,FALSE,Haemaphysalis moreli,on_host_occurrence,TickMap,Burkina Faso; Kenya; Mali,,,3
Panthera pardus,421001,mammalia,carnivora,felidae,Haemaphysalis paraleachi,FALSE,Haemaphysalis paraleachi,on_host_occurrence,TickMap,"Congo, The Democratic Republic of The; Cote D'Ivoire; Kenya; Mali; Zambia",,,5
Panthera pardus,421001,mammalia,carnivora,felidae,Haemaphysalis parmata,FALSE,Haemaphysalis parmata,on_host_occurrence,TickMap,Cote D'Ivoire,,,1
Panthera pardus,421001,mammalia,carnivora,felidae,Haemaphysalis spinulosa,FALSE,Haemaphysalis spinulosa,on_host_occurrence,TickMap,Sudan,,,1
Panthera pardus,421001,mammalia,carnivora,felidae,Ixodes cavipalpus,FALSE,Ixodes cavipalpus,on_host_occurrence,TickMap,Zambia,,,2
Panthera pardus,421001,mammalia,carnivora,felidae,Ixodes cumulatimpunctatus,FALSE,Ixodes cumulatimpunctatus,on_host_occurrence,TickMap,"Cote D'Ivoire; Tanzania, United Republic of",,,3
Panthera pardus,421001,mammalia,carnivora,felidae,Ixodes moreli,FALSE,Ixodes moreli,on_host_occurrence,TickMap,Cote D'Ivoire,,,1
Panthera pardus,421001,mammalia,carnivora,felidae,Ixodes muniensis,FALSE,Ixodes muniensis,on_host_occurrence,TickMap,"Cameroon; Congo, The Democratic Republic of The; Cote D'Ivoire",,,5
Panthera pardus,421001,mammalia,carnivora,felidae,Ixodes oldi,FALSE,Ixodes oldi,on_host_occurrence,TickMap,Cote D'Ivoire,,,1
Panthera pardus,421001,mammalia,carnivora,felidae,Ixodes rasus,FALSE,Ixodes rasus,on_host_occurrence,TickMap,Cameroon; Ghana,,,2
Panthera pardus,421001,mammalia,carnivora,felidae,Rhipicentor bicornis,FALSE,Rhipicentor bicornis,on_host_occurrence,TickMap,Zambia,,,1
Panthera pardus,421001,mammalia,carnivora,felidae,Rhipicentor nuttalli,FALSE,Rhipicentor nuttalli,on_host_occurrence,TickMap,Zimbabwe,,,23
Panthera pardus,421001,mammalia,carnivora,felidae,Rhipicephalus appendiculatus,FALSE,Rhipicephalus appendiculatus,on_host_occurrence,TickMap,"Congo, The Democratic Republic of The; Rwanda",,,2
Panthera pardus,421001,mammalia,carnivora,felidae,Rhipicephalus carnivoralis,FALSE,Rhipicephalus carnivoralis,on_host_occurrence,TickMap,"Kenya; Nigeria; Tanzania, United Republic of",,,5
Panthera pardus,421001,mammalia,carnivora,felidae,Rhipicephalus kochi,FALSE,Rhipicephalus kochi,on_host_occurrence,TickMap,Angola,,,1
Panthera pardus,421001,mammalia,carnivora,felidae,Rhipicephalus masseyi,FALSE,Rhipicephalus masseyi,on_host_occurrence,TickMap,Zambia,,,1
Panthera pardus,421001,mammalia,carnivora,felidae,Rhipicephalus muehlensi,FALSE,Rhipicephalus muehlensi,on_host_occurrence,TickMap,"Congo, The Democratic Republic of The",,,1
Panthera pardus,421001,mammalia,carnivora,felidae,Rhipicephalus muhsamae,FALSE,Rhipicephalus muhsamae,on_host_occurrence,TickMap,Burkina Faso,,,1
Panthera pardus,421001,mammalia,carnivora,felidae,Rhipicephalus pravus,FALSE,Rhipicephalus pravus,on_host_occurrence,TickMap,Zambia,,,2
Panthera pardus,421001,mammalia,carnivora,felidae,Rhipicephalus sanguineus,FALSE,Rhipicephalus sanguineus,on_host_occurrence,TickMap,"Burkina Faso; Chad; Congo, The Democratic Republic of The; Mali; Rwanda; Zambia",,,7
Panthera pardus,421001,mammalia,carnivora,felidae,Rhipicephalus senegalensis,FALSE,Rhipicephalus senegalensis,on_host_occurrence,TickMap,Burkina Faso; Guinea-Bissau,,,4
Panthera pardus,421001,mammalia,carnivora,felidae,Rhipicephalus simus,FALSE,Rhipicephalus simus,on_host_occurrence,TickMap,Angola; Burkina Faso; Chad; Rwanda; Sudan; Zambia; Zimbabwe,,,352
Panthera pardus,421001,mammalia,carnivora,felidae,Rhipicephalus sulcatus,FALSE,Rhipicephalus sulcatus,on_host_occurrence,TickMap,Burkina Faso; Sudan; Zambia,,,3
Panthera pardus,421001,mammalia,carnivora,felidae,Rhipicephalus tricuspis,FALSE,Rhipicephalus tricuspis,on_host_occurrence,TickMap,"Congo, The Democratic Republic of The; Zambia",,,2
Panthera pardus,421001,mammalia,carnivora,felidae,Rhipicephalus ziemanni,FALSE,Rhipicephalus ziemanni,on_host_occurrence,TickMap,"Congo, The Democratic Republic of The; Cote D'Ivoire",,,2
Panthera tigris,9694,mammalia,carnivora,felidae,Aedes vexans,FALSE,Aedes vexans,blood_meal,BloodMealMap,Unites States,,,1
Panthera tigris,9694,mammalia,carnivora,felidae,Culex quinquefasciatus,FALSE,Culex quinquefasciatus,blood_meal,BloodMealMap,Unites States,,,1
Panthera uncia,29064,mammalia,carnivora,felidae,Culex quinquefasciatus,FALSE,Culex quinquefasciatus,blood_meal,BloodMealMap,Unites States,,,1
Papio cynocephalus,9556,mammalia,primates,cercopithecidae,Ixodes cavipalpus,FALSE,Ixodes cavipalpus,on_host_occurrence,TickMap,Zambia,,,1
Papio papio,100937,mammalia,primates,cercopithecidae,Aedes taylori,FALSE,Aedes taylori,blood_meal,BloodMealMap,Senegal,,,1
Papio ursinus,36229,mammalia,primates,cercopithecidae,Rhipicephalus evertsi,FALSE,Rhipicephalus evertsi evertsi,on_host_occurrence,TickMap,South Africa,,,1
Parkesia noveboracensis,182947,aves,passeriformes,parulidae,Amblyomma americanum,FALSE,Amblyomma americanum,on_host_occurrence,TickMap,United States of America,,,8
Parkesia noveboracensis,182947,aves,passeriformes,parulidae,Culiseta melanura,FALSE,Culiseta melanura,blood_meal,BloodMealMap,Unites States,,,1
Parkesia noveboracensis,182947,aves,passeriformes,parulidae,Haemaphysalis leporispalustris,FALSE,Haemaphysalis leporispalustris,on_host_occurrence,TickMap,United States; United States of America,,,11
Parkesia noveboracensis,182947,aves,passeriformes,parulidae,Ixodes minor,FALSE,Ixodes minor,on_host_occurrence,TickMap,United States of America,,,8
Parkesia noveboracensis,182947,aves,passeriformes,parulidae,Ixodes scapularis,FALSE,Ixodes scapularis,on_host_occurrence,TickMap,United States of America,,Borellia burgdorferi,8
Parus major,9157,aves,passeriformes,paridae,Aedes vexans,FALSE,Aedes vexans,blood_meal,BloodMealMap,Switzerland,,,1
Parus major,9157,aves,passeriformes,paridae,Culex modestus,FALSE,Culex modestus,blood_meal,BloodMealMap,Czechia,,,1
Parus major,9157,aves,passeriformes,paridae,Culex pipiens,FALSE,Culex pipiens,blood_meal,BloodMealMap,United Kingdom,,,1
Parus major,9157,aves,passeriformes,paridae,Lutzia vorax,FALSE,Lutzia vorax,blood_meal,BloodMealMap,Japan,,,1
Passer domesticus,48849,aves,passeriformes,passeridae,Aedes japonicus,FALSE,Aedes japonicus,blood_meal,BloodMealMap,Switzerland,,,1
Passer domesticus,48849,aves,passeriformes,passeridae,Aedes vexans,FALSE,Aedes vexans,blood_meal,BloodMealMap,Switzerland; Unites States,,,2
Passer domesticus,48849,aves,passeriformes,passeridae,Anopheles maculipennis,FALSE,Anopheles maculipennis,blood_meal,BloodMealMap,Switzerland,,,1
Passer domesticus,48849,aves,passeriformes,passeridae,Anopheles plumbeus,FALSE,Anopheles plumbeus,blood_meal,BloodMealMap,Switzerland,,,1
Passer domesticus,48849,aves,passeriformes,passeridae,Culex modestus,FALSE,Culex modestus,blood_meal,BloodMealMap,Czechia,,,1
Passer domesticus,48849,aves,passeriformes,passeridae,Culex molestus,FALSE,Culex molestus,blood_meal,BloodMealMap,Unites States,,,1
Passer domesticus,48849,aves,passeriformes,passeridae,Culex perexiguus,FALSE,Culex perexiguus,blood_meal,BloodMealMap,ESP; Israel,,,2
Passer domesticus,48849,aves,passeriformes,passeridae,Culex pipiens,FALSE,Culex pipiens,blood_meal,BloodMealMap,ESP; Israel; Italy; Serbia; United Kingdom; Unites States,,,12
Passer domesticus,48849,aves,passeriformes,passeridae,Culex quinquefasciatus,FALSE,Culex quinquefasciatus,blood_meal,BloodMealMap,Australia; Brazil; Unites States,,,8
Passer domesticus,48849,aves,passeriformes,passeridae,Culex restuans,FALSE,Culex restuans,blood_meal,BloodMealMap,Unites States,,,2
Passer domesticus,48849,aves,passeriformes,passeridae,Culex stigmatosoma,FALSE,Culex stigmatosoma,blood_meal,BloodMealMap,Unites States,,,2
Passer domesticus,48849,aves,passeriformes,passeridae,Culex tarsalis,FALSE,Culex tarsalis,blood_meal,BloodMealMap,Unites States,,,6
Passer domesticus,48849,aves,passeriformes,passeridae,Culex territans,FALSE,Culex territans,blood_meal,BloodMealMap,Switzerland,,,1
Passer domesticus,48849,aves,passeriformes,passeridae,Culex theileri,FALSE,Culex theileri,blood_meal,BloodMealMap,ESP,,,1
Passer domesticus,48849,aves,passeriformes,passeridae,Culiseta melanura,FALSE,Culiseta melanura,blood_meal,BloodMealMap,Unites States,,,2
Passer domesticus,48849,aves,passeriformes,passeridae,Culiseta morsitans,FALSE,Culiseta morsitans,blood_meal,BloodMealMap,United Kingdom,,,1
Passer domesticus,48849,aves,passeriformes,passeridae,Haemaphysalis leporispalustris,FALSE,Haemaphysalis leporispalustris,on_host_occurrence,TickMap,United States of America,,B. burgdorferi sensu stricto; A. phagocytophilum,16
Passer montanus,9160,aves,passeriformes,passeridae,Culex pipiens,FALSE,Culex pipiens,blood_meal,BloodMealMap,Japan,,,2
Passerella iliaca,44389,aves,passeriformes,passerellidae,Ixodes pacificus,FALSE,Ixodes pacificus,on_host_occurrence,TickMap,United States of America,,Borrelia burgdorferi s.l.,12
Pavo cristatus,9049,aves,galliformes,phasianidae,Culex pipiens,FALSE,Culex pipiens,blood_meal,BloodMealMap,Unites States,,,1
Pavo cristatus,9049,aves,galliformes,phasianidae,Culex tarsalis,FALSE,Culex tarsalis,blood_meal,BloodMealMap,Unites States,,,1
Pekania pennanti,76720,,,,Dermacentor variabilis,FALSE,Dermacentor variabilis,on_host_occurrence,TickMap,United States of America,,,8
Pekania pennanti,76720,,,,Ixodes gregsoni,FALSE,Ixodes gregsoni,on_host_occurrence,TickMap,United States of America,,,5
Pelecanus erythrorhynchos,33618,aves,pelecaniformes,pelecanidae,Culex tarsalis,FALSE,Culex tarsalis,blood_meal,BloodMealMap,Unites States,,,1
Pelecanus occidentalis,37043,aves,pelecaniformes,pelecanidae,Ornithodoros capensis,FALSE,Ornithodoros capensis,on_host_occurrence,TickMap,United States of America,,,4
Peromyscus boylii,56316,mammalia,rodentia,cricetidae,Anomiopsyllus nudatus,FALSE,Anomiopsyllus nudatus,on_host_occurrence,FleaMap,United States,,,1
Peromyscus boylii,56316,mammalia,rodentia,cricetidae,Dermacentor occidentalis,FALSE,Dermacentor occidentalis,on_host_occurrence,TickMap,United States of America,,,40
Peromyscus boylii,56316,mammalia,rodentia,cricetidae,Ixodes angustus,FALSE,Ixodes angustus,on_host_occurrence,TickMap,United States of America,,,48
Peromyscus boylii,56316,mammalia,rodentia,cricetidae,Ixodes pacificus,FALSE,Ixodes pacificus,on_host_occurrence,TickMap,United States of America,,,32
Peromyscus boylii,56316,mammalia,rodentia,cricetidae,Ixodes spinipalpis,FALSE,Ixodes spinipalpis,on_host_occurrence,TickMap,United States of America,,B. burgdorferi,19
Peromyscus boylii,56316,mammalia,rodentia,cricetidae,Ixodes woodi,FALSE,Ixodes woodi,on_host_occurrence,TickMap,United States of America,,,4
Peromyscus boylii,56316,mammalia,rodentia,cricetidae,Oropsylla montana,FALSE,Oropsylla montana,on_host_occurrence,FleaMap,United States,,,4
Peromyscus californicus,42520,mammalia,rodentia,cricetidae,Dermacentor occidentalis,FALSE,Dermacentor occidentalis,on_host_occurrence,TickMap,United States of America,,,10
Peromyscus californicus,42520,mammalia,rodentia,cricetidae,Ixodes angustus,FALSE,Ixodes angustus,on_host_occurrence,TickMap,United States of America,,,31
Peromyscus californicus,42520,mammalia,rodentia,cricetidae,Ixodes pacificus,FALSE,Ixodes pacificus,on_host_occurrence,TickMap,United States of America,,,6
Peromyscus californicus,42520,mammalia,rodentia,cricetidae,Ixodes spinipalpis,FALSE,Ixodes spinipalpis,on_host_occurrence,TickMap,United States of America,,,3
Peromyscus eremicus,42410,mammalia,rodentia,cricetidae,Anomiopsyllus nudatus,FALSE,Anomiopsyllus nudatus,on_host_occurrence,FleaMap,United States,,,2
Peromyscus eremicus,42410,mammalia,rodentia,cricetidae,Echidnophaga gallinacea,FALSE,Echidnophaga gallinacea,on_host_occurrence,FleaMap,United States,,,1
Peromyscus eremicus,42410,mammalia,rodentia,cricetidae,Ixodes spinipalpis,FALSE,Ixodes spinipalpis,on_host_occurrence,TickMap,United States of America,,,4
Peromyscus eremicus,42410,mammalia,rodentia,cricetidae,Oropsylla montana,FALSE,Oropsylla montana,on_host_occurrence,FleaMap,United States,,,1
Peromyscus eremicus,42410,mammalia,rodentia,cricetidae,Thrassis bacchi,TRUE,Thrassis bacchi gladiolis,on_host_occurrence,FleaMap,United States,,,5
Peromyscus leucopus,10041,mammalia,rodentia,cricetidae,Aedes cinereus,FALSE,Aedes cinereus,blood_meal,BloodMealMap,Unites States,,,1
Peromyscus leucopus,10041,mammalia,rodentia,cricetidae,Amblyomma americanum,FALSE,Amblyomma americanum,on_host_occurrence,TickMap,United States of America,,R. Rickettsii,33
Peromyscus leucopus,10041,mammalia,rodentia,cricetidae,Dermacentor variabilis,FALSE,Dermacentor variabilis,on_host_occurrence,TickMap,United States of America,,Borrelia burgdorferi; Borrelia burgdorferi; Anaplasma phagocytophilum; R. Rickettsii,296
Peromyscus leucopus,10041,mammalia,rodentia,cricetidae,Haemaphysalis leporispalustris,FALSE,Haemaphysalis leporispalustris,on_host_occurrence,TickMap,United States of America,,,8
Peromyscus leucopus,10041,mammalia,rodentia,cricetidae,Ixodes dentatus,FALSE,Ixodes dentatus,on_host_occurrence,TickMap,United States of America,,,16
Peromyscus leucopus,10041,mammalia,rodentia,cricetidae,Ixodes muris,FALSE,Ixodes muris,on_host_occurrence,TickMap,United States of America,,,16
Peromyscus leucopus,10041,mammalia,rodentia,cricetidae,Ixodes scapularis,FALSE,Ixodes scapularis,on_host_occurrence,TickMap,United States; United States of America,,borellia; Borellia bissettii; Borellia burgdorferi; Borrelia burgdorferi; Borrelia burgdorferi and Borrelia miyamotoi; Borrelia burgdorferi; Anaplasma phagocytophilum; Borrelia burgdorferi; Anaplasma phagocytophilum; Babesia microti; Ehrlichia chaffeensis; Ehrlichia ewinggi; Borrelia burgdorferi; Borrelia microti; Ehrlichia (HGE),285
Peromyscus leucopus,10041,mammalia,rodentia,cricetidae,Ixodes texanus,FALSE,Ixodes texanus,on_host_occurrence,TickMap,United States of America,,R. Rickettsii,4
Peromyscus leucopus,10041,mammalia,rodentia,cricetidae,Rhipicephalus sanguineus,FALSE,Rhipicephalus sanguineus,on_host_occurrence,TickMap,United States of America,,R. Rickettsii,4
Peromyscus maniculatus,10042,mammalia,rodentia,cricetidae,Anomiopsyllus nudatus,FALSE,Anomiopsyllus nudatus,on_host_occurrence,FleaMap,United States,,,6
Peromyscus maniculatus,10042,mammalia,rodentia,cricetidae,Dermacentor occidentalis,FALSE,Dermacentor occidentalis,on_host_occurrence,TickMap,United States of America,,,58
Peromyscus maniculatus,10042,mammalia,rodentia,cricetidae,Dermacentor variabilis,FALSE,Dermacentor variabilis,on_host_occurrence,TickMap,United States of America,,,36
Peromyscus maniculatus,10042,mammalia,rodentia,cricetidae,Echidnophaga gallinacea,FALSE,Echidnophaga gallinacea,on_host_occurrence,FleaMap,United States,,,6
Peromyscus maniculatus,10042,mammalia,rodentia,cricetidae,Haemaphysalis leporispalustris,FALSE,Haemaphysalis leporispalustris,on_host_occurrence,TickMap,United States of America,,,8
Peromyscus maniculatus,10042,mammalia,rodentia,cricetidae,Ixodes angustus,FALSE,Ixodes angustus,on_host_occurrence,TickMap,United States of America,,,39
Peromyscus maniculatus,10042,mammalia,rodentia,cricetidae,Ixodes ochotonae,FALSE,Ixodes ochotonae,on_host_occurrence,TickMap,United States of America,,Anaplasma phagocytophilum,5
Peromyscus maniculatus,10042,mammalia,rodentia,cricetidae,Ixodes pacificus,FALSE,Ixodes pacificus,on_host_occurrence,TickMap,United States of America,,,43
Peromyscus maniculatus,10042,mammalia,rodentia,cricetidae,Ixodes scapularis,FALSE,Ixodes scapularis,on_host_occurrence,TickMap,United States of America,,Borrelia burgdorferi; Anaplasma phagocytophilum; Babesia microti; Ehrlichia chaffeensis; Ehrlichia ewinggi,43
Peromyscus maniculatus,10042,mammalia,rodentia,cricetidae,Ixodes spinipalpis,FALSE,Ixodes spinipalpis,on_host_occurrence,TickMap,United States of America,,B. burgdorferi; Borrelia bissettii; Borrelia microtti; aoHGE,51
Peromyscus maniculatus,10042,mammalia,rodentia,cricetidae,Ixodes woodi,FALSE,Ixodes woodi,on_host_occurrence,TickMap,United States of America,,,4
Peromyscus maniculatus,10042,mammalia,rodentia,cricetidae,Megabothris abantis,FALSE,Megabothris abantis,on_host_occurrence,FleaMap,United States,,,5
Peromyscus maniculatus,10042,mammalia,rodentia,cricetidae,Ornithodoros eremicus,FALSE,Ornithodoros eremicus,on_host_occurrence,TickMap,United States,,,1
Peromyscus maniculatus,10042,mammalia,rodentia,cricetidae,Oropsylla hirsuta,FALSE,Oropsylla hirsuta,on_host_occurrence,FleaMap,United States,,,1
Peromyscus maniculatus,10042,mammalia,rodentia,cricetidae,Oropsylla montana,FALSE,Oropsylla montana,on_host_occurrence,FleaMap,United States,,,2
Peromyscus maniculatus,10042,mammalia,rodentia,cricetidae,Thrassis bacchi,FALSE,Thrassis bacchi bacchi,on_host_occurrence,FleaMap,United States,,,3
Peromyscus truei,89101,mammalia,rodentia,cricetidae,Anomiopsyllus nudatus,FALSE,Anomiopsyllus nudatus,on_host_occurrence,FleaMap,United States,,,1
Peromyscus truei,89101,mammalia,rodentia,cricetidae,Dermacentor occidentalis,FALSE,Dermacentor occidentalis,on_host_occurrence,TickMap,United States of America,,,45
Peromyscus truei,89101,mammalia,rodentia,cricetidae,Ixodes pacificus,FALSE,Ixodes pacificus,on_host_occurrence,TickMap,United States of America,,,24
Peromyscus truei,89101,mammalia,rodentia,cricetidae,Ixodes spinipalpis,FALSE,Ixodes spinipalpis,on_host_occurrence,TickMap,United States of America,,,4
Peromyscus truei,89101,mammalia,rodentia,cricetidae,Ixodes woodi,FALSE,Ixodes woodi,on_host_occurrence,TickMap,United States of America,,,4
Phasianus colchicus,9054,aves,galliformes,phasianidae,Coquillettidia perturbans,FALSE,Coquillettidia perturbans,blood_meal,BloodMealMap,Unites States,,,1
Phasianus colchicus,9054,aves,galliformes,phasianidae,Culex pipiens,FALSE,Culex pipiens,blood_meal,BloodMealMap,Czechia; Unites States,,,2
Phasianus colchicus,9054,aves,galliformes,phasianidae,Culex quinquefasciatus,FALSE,Culex quinquefasciatus,blood_meal,BloodMealMap,Unites States,,,2
Phasianus colchicus,9054,aves,galliformes,phasianidae,Culex salinarius,FALSE,Culex salinarius,blood_meal,BloodMealMap,Unites States,,,1
Phasianus colchicus,9054,aves,galliformes,phasianidae,Culex tarsalis,FALSE,Culex tarsalis,blood_meal,BloodMealMap,Unites States,,,2
Phasianus colchicus,9054,aves,galliformes,phasianidae,Ixodes festai,FALSE,Ixodes festai,on_host_occurrence,TickMap,Morocco,,,1
Pheucticus melanocephalus,371919,aves,passeriformes,cardinalidae,Culex pipiens,FALSE,Culex pipiens,blood_meal,BloodMealMap,Unites States,,,2
Pheucticus melanocephalus,371919,aves,passeriformes,cardinalidae,Culex quinquefasciatus,FALSE,Culex quinquefasciatus,blood_meal,BloodMealMap,Unites States,,,1
Pheucticus melanocephalus,371919,aves,passeriformes,cardinalidae,Culex stigmatosoma,FALSE,Culex stigmatosoma,blood_meal,BloodMealMap,Unites States,,,1
Pheucticus melanocephalus,371919,aves,passeriformes,cardinalidae,Culex tarsalis,FALSE,Culex tarsalis,blood_meal,BloodMealMap,Unites States,,,3
Pheucticus melanocephalus,371919,aves,passeriformes,cardinalidae,Ixodes pacificus,FALSE,Ixodes pacificus,on_host_occurrence,TickMap,United States of America,,,21
Phoca vitulina,9720,mammalia,carnivora,phocidae,Aedes japonicus,FALSE,Aedes japonicus,blood_meal,BloodMealMap,Switzerland,,,1
Phoenicurus phoenicurus,121423,aves,passeriformes,muscicapidae,Ixodes frontalis,FALSE,Ixodes frontalis,on_host_occurrence,TickMap,Morocco,,,1
Pica pica,34924,aves,passeriformes,corvidae,Amblyomma variegatum,FALSE,Amblyomma variegatum,on_host_occurrence,TickMap,Senegal,,,1
Pica pica,34924,aves,passeriformes,corvidae,Argas persicus,FALSE,Argas persicus,on_host_occurrence,TickMap,Niger,,,1
Pica pica,34924,aves,passeriformes,corvidae,Culex pipiens,FALSE,Culex pipiens,blood_meal,BloodMealMap,Czechia; United Kingdom,,,2
Pica pica,34924,aves,passeriformes,corvidae,Hyalomma aegyptium,FALSE,Hyalomma aegyptium,on_host_occurrence,TickMap,Morocco,,,1
Pica pica,34924,aves,passeriformes,corvidae,Hyalomma marginatum,FALSE,Hyalomma marginatum,on_host_occurrence,TickMap,Morocco,,,1
Pipistrellus kuhlii,59472,mammalia,chiroptera,vespertilionidae,Ixodes vespertilionis,FALSE,Ixodes vespertilionis,on_host_occurrence,TickMap,Algeria,,,1
Piranga ludoviciana,63520,aves,passeriformes,cardinalidae,Culex pipiens,FALSE,Culex pipiens,blood_meal,BloodMealMap,Unites States,,,2
Piranga ludoviciana,63520,aves,passeriformes,cardinalidae,Culex quinquefasciatus,FALSE,Culex quinquefasciatus,blood_meal,BloodMealMap,Unites States,,,1
Piranga ludoviciana,63520,aves,passeriformes,cardinalidae,Culex stigmatosoma,FALSE,Culex stigmatosoma,blood_meal,BloodMealMap,Unites States,,,1
Plectropterus gambensis,658924,aves,anseriformes,anatidae,Amblyomma variegatum,FALSE,Amblyomma variegatum,on_host_occurrence,TickMap,Senegal; Zambia,,,2
Plegadis chihi,302533,aves,pelecaniformes,threskiornithidae,Culex tarsalis,FALSE,Culex tarsalis,blood_meal,BloodMealMap,Unites States,,,2
Podargus strigoides,8905,aves,caprimulgiformes,podargidae,Culex sitiens,FALSE,Culex sitiens,blood_meal,BloodMealMap,Australia,,,1
Poecile atricapillus,48891,aves,passeriformes,paridae,Culex erraticus,FALSE,Culex erraticus,blood_meal,BloodMealMap,Unites States,,,1
Poecile atricapillus,48891,aves,passeriformes,paridae,Culex pipiens,FALSE,Culex pipiens,blood_meal,BloodMealMap,Unites States,,,1
Poecile atricapillus,48891,aves,passeriformes,paridae,Culex tarsalis,FALSE,Culex tarsalis,blood_meal,BloodMealMap,Unites States,,,2
Poecile atricapillus,48891,aves,passeriformes,paridae,Culiseta melanura,FALSE,Culiseta melanura,blood_meal,BloodMealMap,Unites States,,,2
Poecile atricapillus,48891,aves,passeriformes,paridae,Culiseta morsitans,FALSE,Culiseta morsitans,blood_meal,BloodMealMap,Unites States,,,1
Poecile atricapillus,48891,aves,passeriformes,paridae,Ixodes dentatus,FALSE,Ixodes dentatus,on_host_occurrence,TickMap,United States of America,,,8
Poecile atricapillus,48891,aves,passeriformes,paridae,Ixodes scapularis,FALSE,Ixodes scapularis,on_host_occurrence,TickMap,United States; United States of America,,Borellia burgdorferi,13
Poecile carolinensis,48892,aves,passeriformes,paridae,Coquillettidia perturbans,FALSE,Coquillettidia perturbans,blood_meal,BloodMealMap,Unites States,,,2
Poecile carolinensis,48892,aves,passeriformes,paridae,Culex erraticus,FALSE,Culex erraticus,blood_meal,BloodMealMap,Unites States,,,2
Poecile carolinensis,48892,aves,passeriformes,paridae,Culex pipiens,FALSE,Culex pipiens,blood_meal,BloodMealMap,Unites States,,,1
Poecile carolinensis,48892,aves,passeriformes,paridae,Culex restuans,FALSE,Culex restuans,blood_meal,BloodMealMap,Unites States,,,1
Poecile carolinensis,48892,aves,passeriformes,paridae,Ixodes scapularis,FALSE,Ixodes scapularis,on_host_occurrence,TickMap,United States of America,,,3
Procyon lotor,9654,mammalia,carnivora,procyonidae,Aedes aegypti,FALSE,Aedes aegypti,blood_meal,BloodMealMap,Unites States,,,1
Procyon lotor,9654,mammalia,carnivora,procyonidae,Aedes albopictus,FALSE,Aedes albopictus,blood_meal,BloodMealMap,Unites States,,,2
Procyon lotor,9654,mammalia,carnivora,procyonidae,Aedes atlanticus,FALSE,Aedes atlanticus,blood_meal,BloodMealMap,Unites States,,,2
Procyon lotor,9654,mammalia,carnivora,procyonidae,Aedes aurifer,FALSE,Aedes aurifer,blood_meal,BloodMealMap,Unites States,,,1
Procyon lotor,9654,mammalia,carnivora,procyonidae,Aedes canadensis,FALSE,Aedes canadensis,blood_meal,BloodMealMap,Unites States,,,2
Procyon lotor,9654,mammalia,carnivora,procyonidae,Aedes cinereus,FALSE,Aedes cinereus,blood_meal,BloodMealMap,Unites States,,,1
Procyon lotor,9654,mammalia,carnivora,procyonidae,Aedes excrucians,FALSE,Aedes excrucians,blood_meal,BloodMealMap,Unites States,,,2
Procyon lotor,9654,mammalia,carnivora,procyonidae,Aedes hendersoni,FALSE,Aedes hendersoni,blood_meal,BloodMealMap,Unites States,,,1
Procyon lotor,9654,mammalia,carnivora,procyonidae,Aedes infirmatus,FALSE,Aedes infirmatus,blood_meal,BloodMealMap,Unites States,,,1
Procyon lotor,9654,mammalia,carnivora,procyonidae,Aedes sollicitans,FALSE,Aedes sollicitans,blood_meal,BloodMealMap,Unites States,,,2
Procyon lotor,9654,mammalia,carnivora,procyonidae,Aedes taeniorhynchus,FALSE,Aedes taeniorhynchus,blood_meal,BloodMealMap,Unites States,,,1
Procyon lotor,9654,mammalia,carnivora,procyonidae,Aedes thibaulti,FALSE,Aedes thibaulti,blood_meal,BloodMealMap,Unites States,,,1
Procyon lotor,9654,mammalia,carnivora,procyonidae,Aedes triseriatus,FALSE,Aedes triseriatus,blood_meal,BloodMealMap,Unites States,,,3
Procyon lotor,9654,mammalia,carnivora,procyonidae,Aedes trivittatus,FALSE,Aedes trivittatus,blood_meal,BloodMealMap,Unites States,,,3
Procyon lotor,9654,mammalia,carnivora,procyonidae,Aedes vexans,FALSE,Aedes vexans,blood_meal,BloodMealMap,Unites States,,,3
Procyon lotor,9654,mammalia,carnivora,procyonidae,Amblyomma americanum,FALSE,Amblyomma americanum,on_host_occurrence,TickMap,United States of America,,"B. burgdorferi; Ehrlichia chaffeensis, Ehrlichia canis, Ehrlichia ewingii, Anaplasma phagocytophilium; R. Rickettsii",164
Procyon lotor,9654,mammalia,carnivora,procyonidae,Anopheles crucians,FALSE,Anopheles crucians,blood_meal,BloodMealMap,Unites States,,,1
Procyon lotor,9654,mammalia,carnivora,procyonidae,Anopheles franciscanus,FALSE,Anopheles franciscanus,blood_meal,BloodMealMap,Unites States,,,1
Procyon lotor,9654,mammalia,carnivora,procyonidae,Anopheles punctipennis,FALSE,Anopheles punctipennis,blood_meal,BloodMealMap,Unites States,,,1
Procyon lotor,9654,mammalia,carnivora,procyonidae,Anopheles quadrimaculatus,FALSE,Anopheles quadrimaculatus,blood_meal,BloodMealMap,Unites States,,,1
Procyon lotor,9654,mammalia,carnivora,procyonidae,Anopheles smaragdinus,FALSE,Anopheles smaragdinus,blood_meal,BloodMealMap,Unites States,,,1
Procyon lotor,9654,mammalia,carnivora,procyonidae,Coquillettidia perturbans,FALSE,Coquillettidia perturbans,blood_meal,BloodMealMap,Unites States,,,3
Procyon lotor,9654,mammalia,carnivora,procyonidae,Ctenocephalides felis,FALSE,Ctenocephalides felis,on_host_occurrence,FleaMap,United States,,,3
Procyon lotor,9654,mammalia,carnivora,procyonidae,Culex cedecei,FALSE,Culex cedecei,blood_meal,BloodMealMap,Unites States,,,1
Procyon lotor,9654,mammalia,carnivora,procyonidae,Culex iolambdis,FALSE,Culex iolambdis,blood_meal,BloodMealMap,Unites States,,,1
Procyon lotor,9654,mammalia,carnivora,procyonidae,Culex pipiens,FALSE,Culex pipiens,blood_meal,BloodMealMap,Unites States,,,3
Procyon lotor,9654,mammalia,carnivora,procyonidae,Culex quinquefasciatus,FALSE,Culex quinquefasciatus,blood_meal,BloodMealMap,Unites States,,,3
Procyon lotor,9654,mammalia,carnivora,procyonidae,Culex restuans,FALSE,Culex restuans,blood_meal,BloodMealMap,Unites States,,,1
Procyon lotor,9654,mammalia,carnivora,procyonidae,Culex tarsalis,FALSE,Culex tarsalis,blood_meal,BloodMealMap,Unites States,,,5
Procyon lotor,9654,mammalia,carnivora,procyonidae,Culiseta melanura,FALSE,Culiseta melanura,blood_meal,BloodMealMap,Unites States,,,1
Procyon lotor,9654,mammalia,carnivora,procyonidae,Dermacentor variabilis,FALSE,Dermacentor variabilis,on_host_occurrence,TickMap,United States of America,,"B. burgdorferi; Ehrlichia chaffeensis, Ehrlichia canis, Ehrlichia ewingii, Anaplasma phagocytophilium; R. Rickettsii; Rickettsia spp.; St. Louis Encephalitis virus",188
Procyon lotor,9654,mammalia,carnivora,procyonidae,Echidnophaga gallinacea,FALSE,Echidnophaga gallinacea,on_host_occurrence,FleaMap,United States,,,1
Procyon lotor,9654,mammalia,carnivora,procyonidae,Haemaphysalis leporispalustris,FALSE,Haemaphysalis leporispalustris,on_host_occurrence,TickMap,United States of America,,,24
Procyon lotor,9654,mammalia,carnivora,procyonidae,Ixodes cookei,FALSE,Ixodes cookei,on_host_occurrence,TickMap,United States; United States of America,,"Ehrlichia chaffeensis, Ehrlichia canis, Ehrlichia ewingii, Anaplasma phagocytophilium",193
Procyon lotor,9654,mammalia,carnivora,procyonidae,Ixodes dentatus,FALSE,Ixodes dentatus,on_host_occurrence,TickMap,United States of America,,,8
Procyon lotor,9654,mammalia,carnivora,procyonidae,Ixodes muris,FALSE,Ixodes muris,on_host_occurrence,TickMap,United States of America,,,8
Procyon lotor,9654,mammalia,carnivora,procyonidae,Ixodes scapularis,FALSE,Ixodes scapularis,on_host_occurrence,TickMap,United States; United States of America,,"B. burgdorferi; Ehrlichia chaffeensis, Ehrlichia canis, Ehrlichia ewingii, Anaplasma phagocytophilium; POWV (Deer tick virus)",77
Procyon lotor,9654,mammalia,carnivora,procyonidae,Ixodes texamus,FALSE,Ixodes texamus,on_host_occurrence,TickMap,United States of America,,,4
Procyon lotor,9654,mammalia,carnivora,procyonidae,Ixodes texanus,FALSE,Ixodes texanus,on_host_occurrence,TickMap,United States of America,,"B. burgdorferi; Borrelia burgdorferi; Ehrlichia chaffeensis, Ehrlichia canis, Ehrlichia ewingii, Anaplasma phagocytophilium; R. Rickettsii",133
Procyon lotor,9654,mammalia,carnivora,procyonidae,Mansonia titillans,FALSE,Mansonia titillans,blood_meal,BloodMealMap,Unites States,,,1
Procyon lotor,9654,mammalia,carnivora,procyonidae,Psorophora ciliata,FALSE,Psorophora ciliata,blood_meal,BloodMealMap,Unites States,,,1
Procyon lotor,9654,mammalia,carnivora,procyonidae,Psorophora columbiae,FALSE,Psorophora columbiae,blood_meal,BloodMealMap,Unites States,,,2
Procyon lotor,9654,mammalia,carnivora,procyonidae,Psorophora ferox,FALSE,Psorophora ferox,blood_meal,BloodMealMap,Unites States,,,1
Procyon lotor,9654,mammalia,carnivora,procyonidae,Psorophora howardii,FALSE,Psorophora howardii,blood_meal,BloodMealMap,Unites States,,,1
Procyon lotor,9654,mammalia,carnivora,procyonidae,Wyeomyia vanduzeei,FALSE,Wyeomyia vanduzeei,blood_meal,BloodMealMap,Unites States,,,1
Proechimys guyannensis,128105,mammalia,rodentia,echimyidae,Androlaelaps fahrenholzi,FALSE,Androlaelaps fahrenholzi,on_host_occurrence,MiteMap,Brazil,,,1
Proechimys guyannensis,128105,mammalia,rodentia,echimyidae,Polygenis klagesi,FALSE,Polygenis klagesi klagesi,on_host_occurrence,FleaMap,Brazil,,,2
Proechimys guyannensis,128105,mammalia,rodentia,echimyidae,Polygenis klagesi,TRUE,Polygenis klagesi samuelis,on_host_occurrence,FleaMap,Brazil,,,1
Proechimys guyannensis,128105,mammalia,rodentia,echimyidae,Rhopalopsyllus australis,FALSE,Rhopalopsyllus australis australis,on_host_occurrence,FleaMap,Brazil,,,1
Proechimys guyannensis,128105,mammalia,rodentia,echimyidae,Tur amazonicus,FALSE,Tur amazonicus,on_host_occurrence,MiteMap,Brazil,,,2
Proechimys guyannensis,128105,mammalia,rodentia,echimyidae,Tur apicalis,FALSE,Tur apicalis,on_host_occurrence,MiteMap,Brazil,,,1
Proechimys guyannensis,128105,mammalia,rodentia,echimyidae,Tur aragaoi,FALSE,Tur aragaoi,on_host_occurrence,MiteMap,Brazil,,,2
Proechimys guyannensis,128105,mammalia,rodentia,echimyidae,Tur aymara,FALSE,Tur aymara,on_host_occurrence,MiteMap,Brazil,,,2
Puma concolor,9696,mammalia,carnivora,felidae,Amblyomma americanum,FALSE,Amblyomma americanum,on_host_occurrence,TickMap,United States of America,,,8
Puma concolor,9696,mammalia,carnivora,felidae,Amblyomma maculatum,FALSE,Amblyomma maculatum,on_host_occurrence,TickMap,United States of America,,,8
Puma concolor,9696,mammalia,carnivora,felidae,Dermacentor variabilis,FALSE,Dermacentor variabilis,on_host_occurrence,TickMap,United States of America,,,40
Puma concolor,9696,mammalia,carnivora,felidae,Ixodes affinis,FALSE,Ixodes affinis,on_host_occurrence,TickMap,United States of America,,,32
Puma concolor,9696,mammalia,carnivora,felidae,Ixodes scapularis,FALSE,Ixodes scapularis,on_host_occurrence,TickMap,United States of America,,,20
Python regius,51751,reptilia,squamata,pythonidae,Amblyomma exornatum,FALSE,Amblyomma exornatum,on_host_occurrence,TickMap,Cote D'Ivoire,,,1
Python regius,51751,reptilia,squamata,pythonidae,Amblyomma latum,FALSE,Amblyomma latum,on_host_occurrence,TickMap,Burkina Faso; Central African Republic; Cote D'Ivoire; Sudan; United States of America,,,13
Python regius,51751,reptilia,squamata,pythonidae,Amblyomma nuttalli,FALSE,Amblyomma nuttalli,on_host_occurrence,TickMap,Burkina Faso,,,1
Python regius,51751,reptilia,squamata,pythonidae,Amblyomma sparsum,FALSE,Amblyomma sparsum,on_host_occurrence,TickMap,United States of America,,,1
Python regius,51751,reptilia,squamata,pythonidae,Amblyomma transversale,FALSE,Amblyomma transversale,on_host_occurrence,TickMap,Burkina Faso,,,1
Python regius,51751,reptilia,squamata,pythonidae,Aponomma latum,FALSE,Aponomma latum,on_host_occurrence,TickMap,United States of America,,,1
Quelea quelea,187445,aves,passeriformes,ploceidae,Hyalomma rufipes,FALSE,Hyalomma rufipes,on_host_occurrence,TickMap,Burkina Faso; Chad; Mali; Mauritania,,,4
Quelea quelea,187445,aves,passeriformes,ploceidae,Ixodes daveyi,FALSE,Ixodes daveyi,on_host_occurrence,TickMap,South Africa,,,1
Quiscalus mexicanus,64278,aves,passeriformes,icteridae,Culex pipiens,FALSE,Culex pipiens,blood_meal,BloodMealMap,Unites States,,,1
Quiscalus mexicanus,64278,aves,passeriformes,icteridae,Culex quinquefasciatus,FALSE,Culex quinquefasciatus,blood_meal,BloodMealMap,Unites States,,,1
Quiscalus mexicanus,64278,aves,passeriformes,icteridae,Culex tarsalis,FALSE,Culex tarsalis,blood_meal,BloodMealMap,Unites States,,,1
Quiscalus quiscula,84782,aves,passeriformes,icteridae,Aedes vexans,FALSE,Aedes vexans,blood_meal,BloodMealMap,Unites States,,,1
Quiscalus quiscula,84782,aves,passeriformes,icteridae,Coquillettidia perturbans,FALSE,Coquillettidia perturbans,blood_meal,BloodMealMap,Unites States,,,2
Quiscalus quiscula,84782,aves,passeriformes,icteridae,Culex erraticus,FALSE,Culex erraticus,blood_meal,BloodMealMap,Unites States,,,1
Quiscalus quiscula,84782,aves,passeriformes,icteridae,Culex pipiens,FALSE,Culex pipiens,blood_meal,BloodMealMap,Unites States,,,2
Quiscalus quiscula,84782,aves,passeriformes,icteridae,Culex quinquefasciatus,FALSE,Culex quinquefasciatus,blood_meal,BloodMealMap,Unites States,,,1
Quiscalus quiscula,84782,aves,passeriformes,icteridae,Culex restuans,FALSE,Culex restuans,blood_meal,BloodMealMap,Unites States,,,1
Quiscalus quiscula,84782,aves,passeriformes,icteridae,Culex tarsalis,FALSE,Culex tarsalis,blood_meal,BloodMealMap,Unites States,,,2
Quiscalus quiscula,84782,aves,passeriformes,icteridae,Culiseta melanura,FALSE,Culiseta melanura,blood_meal,BloodMealMap,Unites States,,,2
Quiscalus quiscula,84782,aves,passeriformes,icteridae,Haemaphysalis leporispalustris,FALSE,Haemaphysalis leporispalustris,on_host_occurrence,TickMap,United States of America,,B. burgdorferi sensu stricto; A. phagocytophilum,8
Quiscalus quiscula,84782,aves,passeriformes,icteridae,Ixodes dentatus,FALSE,Ixodes dentatus,on_host_occurrence,TickMap,United States of America,,B. burgdorferi sensu stricto; A. phagocytophilum,16
Quiscalus quiscula,84782,aves,passeriformes,icteridae,Ixodes scapularis,FALSE,Ixodes scapularis,on_host_occurrence,TickMap,United States; United States of America,,,13
Rallus aquaticus,54496,aves,gruiformes,rallidae,Culex pipiens,FALSE,Culex pipiens,blood_meal,BloodMealMap,Czechia,,,1
Rattus losea,69075,mammalia,rodentia,muridae,Leptotrombidium chiangraiensis,FALSE,Leptotrombidium chiangraiensis,on_host_occurrence,MiteMap,Thailand,,Orientia tsutsugamushi,6
Rattus losea,69075,mammalia,rodentia,muridae,Leptotrombidium imphalum,FALSE,Leptotrombidium imphalum,on_host_occurrence,MiteMap,Thailand,,Orientia tsutsugamushi,1
Rattus norvegicus,10116,mammalia,rodentia,muridae,Aedes aegypti,FALSE,Aedes aegypti,blood_meal,BloodMealMap,Unites States,,,2
Rattus norvegicus,10116,mammalia,rodentia,muridae,Aedes albopictus,FALSE,Aedes albopictus,blood_meal,BloodMealMap,Japan; Unites States,,,3
Rattus norvegicus,10116,mammalia,rodentia,muridae,Aedes japonicus,FALSE,Aedes japonicus,blood_meal,BloodMealMap,Unites States,,,1
Rattus norvegicus,10116,mammalia,rodentia,muridae,Amblyomma americanum,FALSE,Amblyomma americanum,on_host_occurrence,TickMap,United States of America,,,8
Rattus norvegicus,10116,mammalia,rodentia,muridae,Anopheles atroparvus,FALSE,Anopheles atroparvus,blood_meal,BloodMealMap,ESP,,,1
Rattus norvegicus,10116,mammalia,rodentia,muridae,Anopheles maculipennis,FALSE,Anopheles maculipennis,blood_meal,BloodMealMap,United Kingdom,,,1
Rattus norvegicus,10116,mammalia,rodentia,muridae,Ctenocephalides canis,FALSE,Ctenocephalides canis,on_host_occurrence,FleaMap,"Korea, Republic Of; United States",,,5
Rattus norvegicus,10116,mammalia,rodentia,muridae,Ctenocephalides felis,FALSE,Ctenocephalides felis,on_host_occurrence,FleaMap,Indonesia; Philippines; Trinidad And Tobago; United States,,,19
Rattus norvegicus,10116,mammalia,rodentia,muridae,Culex iolambdis,FALSE,Culex iolambdis,blood_meal,BloodMealMap,Unites States,,,1
Rattus norvegicus,10116,mammalia,rodentia,muridae,Culex salinarius,FALSE,Culex salinarius,blood_meal,BloodMealMap,Unites States,,,1
Rattus norvegicus,10116,mammalia,rodentia,muridae,Culex sitiens,FALSE,Culex sitiens,blood_meal,BloodMealMap,Iran,,,1
Rattus norvegicus,10116,mammalia,rodentia,muridae,Dermacentor variabilis,FALSE,Dermacentor variabilis,on_host_occurrence,TickMap,United States of America,,,8
Rattus norvegicus,10116,mammalia,rodentia,muridae,Echidnophaga gallinacea,FALSE,Echidnophaga gallinacea,on_host_occurrence,FleaMap,Japan; Turkey; United States,,,131
Rattus norvegicus,10116,mammalia,rodentia,muridae,Ixodes dentatus,FALSE,Ixodes dentatus,on_host_occurrence,TickMap,United States of America,,,8
Rattus norvegicus,10116,mammalia,rodentia,muridae,Megabothris abantis,FALSE,Megabothris abantis,on_host_occurrence,FleaMap,United States,,,1
Rattus norvegicus,10116,mammalia,rodentia,muridae,Oropsylla hirsuta,FALSE,Oropsylla hirsuta,on_host_occurrence,FleaMap,United States,,,1
Rattus norvegicus,10116,mammalia,rodentia,muridae,Oropsylla montana,FALSE,Oropsylla montana,on_host_occurrence,FleaMap,United States,,,2
Rattus norvegicus,10116,mammalia,rodentia,muridae,Polygenis gwyni,FALSE,Polygenis gwyni,on_host_occurrence,FleaMap,United States,,,1
Rattus norvegicus,10116,mammalia,rodentia,muridae,Xenopsylla cheopis,FALSE,Xenopsylla cheopis,on_host_occurrence,FleaMap,Australia; Indonesia; Iraq; Philippines; Turkey; United States; Venezuela,,,259
Rattus rattus,10117,mammalia,rodentia,muridae,Aedes aegypti,FALSE,Aedes aegypti,blood_meal,BloodMealMap,Unites States,,,1
Rattus rattus,10117,mammalia,rodentia,muridae,Aedes taeniorhynchus,FALSE,Aedes taeniorhynchus,blood_meal,BloodMealMap,Puerto Rico,,,1
Rattus rattus,10117,mammalia,rodentia,muridae,Amblyomma variegatum,FALSE,Amblyomma variegatum,on_host_occurrence,TickMap,"Congo, The Democratic Republic of The",,,1
Rattus rattus,10117,mammalia,rodentia,muridae,Androlaelaps fahrenholzi,FALSE,Androlaelaps fahrenholzi,on_host_occurrence,MiteMap,Brazil,,,1
Rattus rattus,10117,mammalia,rodentia,muridae,Craneopsylla minerva,FALSE,Craneopsylla minerva minerva,on_host_occurrence,FleaMap,Brazil,,,3
Rattus rattus,10117,mammalia,rodentia,muridae,Ctenocephalides felis,FALSE,Ctenocephalides felis; Ctenocephalides felis felis,on_host_occurrence,FleaMap,Brazil; Guam; United States; Venezuela,,,4
Rattus rattus,10117,mammalia,rodentia,muridae,Culex pipiens,FALSE,Culex pipiens,blood_meal,BloodMealMap,Unites States,,,1
Rattus rattus,10117,mammalia,rodentia,muridae,Culex quinquefasciatus,FALSE,Culex quinquefasciatus,blood_meal,BloodMealMap,Unites States,,,1
Rattus rattus,10117,mammalia,rodentia,muridae,Culex taeniopus,FALSE,Culex taeniopus,blood_meal,BloodMealMap,Puerto Rico,,,1
Rattus rattus,10117,mammalia,rodentia,muridae,Culex tarsalis,FALSE,Culex tarsalis,blood_meal,BloodMealMap,Unites States,,,2
Rattus rattus,10117,mammalia,rodentia,muridae,Dermacentor variabilis,FALSE,Dermacentor variabilis,on_host_occurrence,TickMap,United States of America,,,16
Rattus rattus,10117,mammalia,rodentia,muridae,Echidnophaga gallinacea,FALSE,Echidnophaga gallinacea,on_host_occurrence,FleaMap,Egypt; Japan; Kenya; Madagascar; United States,,,27
Rattus rattus,10117,mammalia,rodentia,muridae,Gigantolaelaps vitzthumi,FALSE,Gigantolaelaps vitzthumi,on_host_occurrence,MiteMap,Brazil,,,2
Rattus rattus,10117,mammalia,rodentia,muridae,Gigantolaelaps wolffsohni,FALSE,Gigantolaelaps wolffsohni,on_host_occurrence,MiteMap,Brazil,,,1
Rattus rattus,10117,mammalia,rodentia,muridae,Haemaphysalis leachi,FALSE,Haemaphysalis leachi,on_host_occurrence,TickMap,"Congo, The Democratic Republic of The; South Africa",,,4
Rattus rattus,10117,mammalia,rodentia,muridae,Haemaphysalis parmata,FALSE,Haemaphysalis parmata,on_host_occurrence,TickMap,"Congo, The Democratic Republic of The",,,1
Rattus rattus,10117,mammalia,rodentia,muridae,Hyalomma impressum,FALSE,Hyalomma impressum,on_host_occurrence,TickMap,South Africa,,,1
Rattus rattus,10117,mammalia,rodentia,muridae,Ixodes angustus,FALSE,Ixodes angustus,on_host_occurrence,TickMap,United States of America,,,5
Rattus rattus,10117,mammalia,rodentia,muridae,Ixodes auriculaelongae,FALSE,Ixodes auriculaelongae,on_host_occurrence,TickMap,"Congo, The Democratic Republic of The",,,1
Rattus rattus,10117,mammalia,rodentia,muridae,Ixodes minor,FALSE,Ixodes minor,on_host_occurrence,TickMap,United States of America,,,40
Rattus rattus,10117,mammalia,rodentia,muridae,Ixodes scapularis,FALSE,Ixodes scapularis,on_host_occurrence,TickMap,United States of America,,,8
Rattus rattus,10117,mammalia,rodentia,muridae,Ixodes ventalloi,FALSE,Ixodes ventalloi,on_host_occurrence,TickMap,Morocco,,,1
Rattus rattus,10117,mammalia,rodentia,muridae,Laelaps manguinhosi,FALSE,Laelaps manguinhosi,on_host_occurrence,MiteMap,Brazil,,,1
Rattus rattus,10117,mammalia,rodentia,muridae,Laelaps paulistanensis,FALSE,Laelaps paulistanensis,on_host_occurrence,MiteMap,Brazil,,,2
Rattus rattus,10117,mammalia,rodentia,muridae,Leptotrombidium chiangraiensis,FALSE,Leptotrombidium chiangraiensis,on_host_occurrence,MiteMap,Thailand,,Orientia tsutsugamushi,3
Rattus rattus,10117,mammalia,rodentia,muridae,Leptotrombidium imphalum,FALSE,Leptotrombidium imphalum,on_host_occurrence,MiteMap,Thailand,,Orientia tsutsugamushi,1
Rattus rattus,10117,mammalia,rodentia,muridae,Megabothris abantis,FALSE,Megabothris abantis,on_host_occurrence,FleaMap,United States,,,2
Rattus rattus,10117,mammalia,rodentia,muridae,Mysolaelaps microspinosus,FALSE,Mysolaelaps microspinosus,on_host_occurrence,MiteMap,Brazil,,,1
Rattus rattus,10117,mammalia,rodentia,muridae,Mysolaelaps parvispinosus,FALSE,Mysolaelaps parvispinosus,on_host_occurrence,MiteMap,Brazil,,,1
Rattus rattus,10117,mammalia,rodentia,muridae,Ornithodoros talaje,FALSE,Ornithodoros talaje,on_host_occurrence,TickMap,Panama,,,3
Rattus rattus,10117,mammalia,rodentia,muridae,Polygenis atopus,FALSE,Polygenis atopus,on_host_occurrence,FleaMap,Brazil,,,3
Rattus rattus,10117,mammalia,rodentia,muridae,Polygenis axius,TRUE,Polygenis axius proxima,on_host_occurrence,FleaMap,Brazil,,,1
Rattus rattus,10117,mammalia,rodentia,muridae,Polygenis bohlsi,FALSE,Polygenis bohlsi bohlsi,on_host_occurrence,FleaMap,Brazil,,,1
Rattus rattus,10117,mammalia,rodentia,muridae,Polygenis bohlsi,TRUE,Polygenis bohlsi jordani,on_host_occurrence,FleaMap,Brazil,,,2
Rattus rattus,10117,mammalia,rodentia,muridae,Polygenis pradoi,FALSE,Polygenis pradoi,on_host_occurrence,FleaMap,Brazil,,,3
Rattus rattus,10117,mammalia,rodentia,muridae,Polygenis pygaerus,FALSE,Polygenis pygaerus,on_host_occurrence,FleaMap,Brazil,,,2
Rattus rattus,10117,mammalia,rodentia,muridae,Polygenis rimatus,FALSE,Polygenis rimatus,on_host_occurrence,FleaMap,Brazil,,,3
Rattus rattus,10117,mammalia,rodentia,muridae,Polygenis tripus,FALSE,Polygenis tripus,on_host_occurrence,FleaMap,Brazil,,,2
Rattus rattus,10117,mammalia,rodentia,muridae,Pulex irritans,FALSE,Pulex irritans,on_host_occurrence,FleaMap,Brazil,,,1
Rattus rattus,10117,mammalia,rodentia,muridae,Rhipicephalus sanguineus,FALSE,Rhipicephalus sanguineus,on_host_occurrence,TickMap,"Congo, The Democratic Republic of The",,,1
Rattus rattus,10117,mammalia,rodentia,muridae,Tur aragaoi,FALSE,Tur aragaoi,on_host_occurrence,MiteMap,Brazil,,,1
Rattus rattus,10117,mammalia,rodentia,muridae,Xenopsylla bantorum,FALSE,Xenopsylla bantorum,on_host_occurrence,FleaMap,Ethiopia,,,3
Rattus rattus,10117,mammalia,rodentia,muridae,Xenopsylla cheopis,FALSE,Xenopsylla cheopis,on_host_occurrence,FleaMap,Brazil; Egypt; Eritrea; Guam; Myanmar; South Africa; Turkey; United States; Yemen,,,84
Rattus tanezumi,35732,mammalia,rodentia,muridae,Sarcoptes scabiei,FALSE,Sarcoptes scabiei,on_host_occurrence,MiteMap,Thailand,,,1
Rattus tanezumi,35732,mammalia,rodentia,muridae,Xenopsylla cheopis,FALSE,Xenopsylla cheopis,on_host_occurrence,FleaMap,Indonesia; Nepal; Philippines; United States,,,82
Rattus tiomanicus,83755,mammalia,rodentia,muridae,Xenopsylla cheopis,FALSE,Xenopsylla cheopis,on_host_occurrence,FleaMap,Indonesia,,,2
Reithrodontomys fulvescens,56213,mammalia,rodentia,cricetidae,Dermacentor variabilis,FALSE,Dermacentor variabilis,on_host_occurrence,TickMap,United States of America,,,8
Reithrodontomys megalotis,44234,mammalia,rodentia,cricetidae,Dermacentor occidentalis,FALSE,Dermacentor occidentalis,on_host_occurrence,TickMap,United States of America,,,32
Reithrodontomys megalotis,44234,mammalia,rodentia,cricetidae,Dermacentor variabilis,FALSE,Dermacentor variabilis,on_host_occurrence,TickMap,United States of America,,,8
Reithrodontomys megalotis,44234,mammalia,rodentia,cricetidae,Ixodes angustus,FALSE,Ixodes angustus,on_host_occurrence,TickMap,United States of America,,,5
Reithrodontomys megalotis,44234,mammalia,rodentia,cricetidae,Ixodes pacificus,FALSE,Ixodes pacificus,on_host_occurrence,TickMap,United States of America,,,12
Reithrodontomys megalotis,44234,mammalia,rodentia,cricetidae,Ixodes spinipalpis,FALSE,Ixodes spinipalpis,on_host_occurrence,TickMap,United States of America,,B. burgdorferi; Borrelia bissettii; Borrelia microtti; aoHGE,13
Rhea pennata,8795,aves,struthioniformes,rheidae,Aedes japonicus,FALSE,Aedes japonicus,blood_meal,BloodMealMap,Switzerland,,,1
Rousettus aegyptiacus,9407,mammalia,chiroptera,pteropodidae,Argas vespertilionis,FALSE,Argas vespertilionis,on_host_occurrence,TickMap,Sudan,,,1
Rousettus aegyptiacus,9407,mammalia,chiroptera,pteropodidae,Ornithodoros faini,FALSE,Ornithodoros faini,on_host_occurrence,TickMap,Zimbabwe,,,1
Rousettus aegyptiacus,9407,mammalia,chiroptera,pteropodidae,Ornithodoros salahi,FALSE,Ornithodoros salahi,on_host_occurrence,TickMap,Egypt,,,1
Sciurus carolinensis,30640,mammalia,rodentia,sciuridae,Aedes hendersoni,FALSE,Aedes hendersoni,blood_meal,BloodMealMap,Unites States,,,2
Sciurus carolinensis,30640,mammalia,rodentia,sciuridae,Aedes triseriatus,FALSE,Aedes triseriatus,blood_meal,BloodMealMap,Unites States,,,2
Sciurus carolinensis,30640,mammalia,rodentia,sciuridae,Aedes vexans,FALSE,Aedes vexans,blood_meal,BloodMealMap,Unites States,,,1
Sciurus carolinensis,30640,mammalia,rodentia,sciuridae,Amblyomma americanum,FALSE,Amblyomma americanum,on_host_occurrence,TickMap,United States of America,,,24
Sciurus carolinensis,30640,mammalia,rodentia,sciuridae,Culex cedecei,FALSE,Culex cedecei,blood_meal,BloodMealMap,Unites States,,,1
Sciurus carolinensis,30640,mammalia,rodentia,sciuridae,Culex pipiens,FALSE,Culex pipiens,blood_meal,BloodMealMap,Unites States,,,1
Sciurus carolinensis,30640,mammalia,rodentia,sciuridae,Culex restuans,FALSE,Culex restuans,blood_meal,BloodMealMap,Unites States,,,1
Sciurus carolinensis,30640,mammalia,rodentia,sciuridae,Dermacentor variabilis,FALSE,Dermacentor variabilis,on_host_occurrence,TickMap,United States of America,,,48
Sciurus carolinensis,30640,mammalia,rodentia,sciuridae,Haemaphysalis leporispalustris,FALSE,Haemaphysalis leporispalustris,on_host_occurrence,TickMap,United States of America,,,16
Sciurus carolinensis,30640,mammalia,rodentia,sciuridae,Ixodes affinis,FALSE,Ixodes affinis,on_host_occurrence,TickMap,United States of America,,,8
Sciurus carolinensis,30640,mammalia,rodentia,sciuridae,Ixodes marxi,FALSE,Ixodes marxi,on_host_occurrence,TickMap,United States of America,,,20
Sciurus carolinensis,30640,mammalia,rodentia,sciuridae,Ixodes muris,FALSE,Ixodes muris,on_host_occurrence,TickMap,United States of America,,,16
Sciurus carolinensis,30640,mammalia,rodentia,sciuridae,Ixodes scapularis,FALSE,Ixodes scapularis,on_host_occurrence,TickMap,United States; United States of America,,Borrelia burgdorferi,9
Sciurus carolinensis,30640,mammalia,rodentia,sciuridae,Ixodes texanus,FALSE,Ixodes texanus,on_host_occurrence,TickMap,United States of America,,,4
Sciurus carolinensis,30640,mammalia,rodentia,sciuridae,Polygenis gwyni,FALSE,Polygenis gwyni,on_host_occurrence,FleaMap,United States,,,1
Sciurus carolinensis,30640,mammalia,rodentia,sciuridae,Xenopsylla cheopis,FALSE,Xenopsylla cheopis,on_host_occurrence,FleaMap,United States,,,1
Sciurus niger,34861,mammalia,rodentia,sciuridae,Aedes trivittatus,FALSE,Aedes trivittatus,blood_meal,BloodMealMap,Unites States,,,1
Sciurus niger,34861,mammalia,rodentia,sciuridae,Aedes vexans,FALSE,Aedes vexans,blood_meal,BloodMealMap,Unites States,,,1
Sciurus niger,34861,mammalia,rodentia,sciuridae,Amblyomma americanum,FALSE,Amblyomma americanum,on_host_occurrence,TickMap,United States of America,,,24
Sciurus niger,34861,mammalia,rodentia,sciuridae,Culex quinquefasciatus,FALSE,Culex quinquefasciatus,blood_meal,BloodMealMap,Unites States,,,1
Sciurus niger,34861,mammalia,rodentia,sciuridae,Culex tarsalis,FALSE,Culex tarsalis,blood_meal,BloodMealMap,Unites States,,,1
Sciurus niger,34861,mammalia,rodentia,sciuridae,Dermacentor variabilis,FALSE,Dermacentor variabilis,on_host_occurrence,TickMap,United States of America,,,16
Sciurus niger,34861,mammalia,rodentia,sciuridae,Haemaphysalis leporispalustris,FALSE,Haemaphysalis leporispalustris,on_host_occurrence,TickMap,United States of America,,,8
Sciurus niger,34861,mammalia,rodentia,sciuridae,Ixodes marxi,FALSE,Ixodes marxi,on_host_occurrence,TickMap,United States of America,,,8
Sciurus niger,34861,mammalia,rodentia,sciuridae,Xenopsylla cheopis,FALSE,Xenopsylla cheopis,on_host_occurrence,FleaMap,United States,,,1
Scolopax minor,56299,aves,charadriiformes,scolopacidae,Aedes canadensis,FALSE,Aedes canadensis,blood_meal,BloodMealMap,Unites States,,,1
Scolopax minor,56299,aves,charadriiformes,scolopacidae,Culiseta melanura,FALSE,Culiseta melanura,blood_meal,BloodMealMap,Unites States,,,1
Scolopax minor,56299,aves,charadriiformes,scolopacidae,Culiseta morsitans,FALSE,Culiseta morsitans,blood_meal,BloodMealMap,Unites States,,,1
Scolopax minor,56299,aves,charadriiformes,scolopacidae,Ixodes scapularis,FALSE,Ixodes scapularis,on_host_occurrence,TickMap,United States; United States of America,,,8
Serinus canaria,9135,aves,passeriformes,fringillidae,Aedes vexans,FALSE,Aedes vexans,blood_meal,BloodMealMap,Unites States,,,1
Serinus canaria,9135,aves,passeriformes,fringillidae,Culex pipiens,FALSE,Culex pipiens,blood_meal,BloodMealMap,Unites States,,,1
Sigmodon hispidus,42415,mammalia,rodentia,cricetidae,Amblyomma americanum,FALSE,Amblyomma americanum,on_host_occurrence,TickMap,United States of America,,,34
Sigmodon hispidus,42415,mammalia,rodentia,cricetidae,Amblyomma maculatum,FALSE,Amblyomma maculatum,on_host_occurrence,TickMap,United States of America,,Rickettsia parkeri,48
Sigmodon hispidus,42415,mammalia,rodentia,cricetidae,Ctenocephalides felis,FALSE,Ctenocephalides felis,on_host_occurrence,FleaMap,Venezuela,,,1
Sigmodon hispidus,42415,mammalia,rodentia,cricetidae,Culex cedecei,FALSE,Culex cedecei,blood_meal,BloodMealMap,Unites States,,,2
Sigmodon hispidus,42415,mammalia,rodentia,cricetidae,Dermacentor variabilis,FALSE,Dermacentor variabilis,on_host_occurrence,TickMap,United States of America,,,136
Sigmodon hispidus,42415,mammalia,rodentia,cricetidae,Haemaphysalis leporispalustris,FALSE,Haemaphysalis leporispalustris,on_host_occurrence,TickMap,United States of America,,,16
Sigmodon hispidus,42415,mammalia,rodentia,cricetidae,Ixodes affinis,FALSE,Ixodes affinis,on_host_occurrence,TickMap,United States of America,,,16
Sigmodon hispidus,42415,mammalia,rodentia,cricetidae,Ixodes cookei,FALSE,Ixodes cookei,on_host_occurrence,TickMap,United States of America,,,16
Sigmodon hispidus,42415,mammalia,rodentia,cricetidae,Ixodes dentatus,FALSE,Ixodes dentatus,on_host_occurrence,TickMap,United States of America,,,8
Sigmodon hispidus,42415,mammalia,rodentia,cricetidae,Ixodes minor,FALSE,Ixodes minor,on_host_occurrence,TickMap,United States of America,,,40
Sigmodon hispidus,42415,mammalia,rodentia,cricetidae,Ixodes scapularis,FALSE,Ixodes scapularis,on_host_occurrence,TickMap,United States of America,,Borrelia burgdorferi,24
Sigmodon hispidus,42415,mammalia,rodentia,cricetidae,Polygenis gwyni,FALSE,Polygenis gwyni,on_host_occurrence,FleaMap,United States,,,111
Sigmodon hispidus,42415,mammalia,rodentia,cricetidae,Rhipicephalus sanguineus,FALSE,Rhipicephalus sanguineus,on_host_occurrence,TickMap,United States of America,,,4
Sigmodon hispidus,42415,mammalia,rodentia,cricetidae,Xenopsylla cheopis,FALSE,Xenopsylla cheopis,on_host_occurrence,FleaMap,United States,,,1
Sorex araneus,42254,mammalia,eulipotyphla,soricidae,Ixodes muris,FALSE,Ixodes muris,on_host_occurrence,TickMap,United States of America,,,8
Spatula clypeata,75838,aves,anseriformes,anatidae,Culex tarsalis,FALSE,Culex tarsalis,blood_meal,BloodMealMap,Unites States,,,1
Spatula discors,75842,aves,anseriformes,anatidae,Culiseta melanura,FALSE,Culiseta melanura,blood_meal,BloodMealMap,Unites States,,,1
Spheniscus humboldti,9240,aves,sphenisciformes,spheniscidae,Aedes japonicus,FALSE,Aedes japonicus,blood_meal,BloodMealMap,Switzerland,,,1
Spheniscus humboldti,9240,aves,sphenisciformes,spheniscidae,Anopheles maculipennis,FALSE,Anopheles maculipennis,blood_meal,BloodMealMap,Switzerland,,,1
Spheniscus humboldti,9240,aves,sphenisciformes,spheniscidae,Culex territans,FALSE,Culex territans,blood_meal,BloodMealMap,Switzerland,,,1
Spilopelia chinensis,115700,aves,columbiformes,columbidae,Culex quinquefasciatus,FALSE,Culex quinquefasciatus,blood_meal,BloodMealMap,Malaysia,,,1
Spinus tristis,54773,aves,passeriformes,fringillidae,Culex pipiens,FALSE,Culex pipiens,blood_meal,BloodMealMap,Unites States,,,1
Spinus tristis,54773,aves,passeriformes,fringillidae,Culex tarsalis,FALSE,Culex tarsalis,blood_meal,BloodMealMap,Unites States,,,2
Spinus tristis,54773,aves,passeriformes,fringillidae,Culiseta melanura,FALSE,Culiseta melanura,blood_meal,BloodMealMap,Unites States,,,1
Spinus tristis,54773,aves,passeriformes,fringillidae,Ixodes scapularis,FALSE,Ixodes scapularis,on_host_occurrence,TickMap,United States of America,,,8
Streptopelia decaocto,177147,aves,columbiformes,columbidae,Culex pipiens,FALSE,Culex pipiens,blood_meal,BloodMealMap,Italy; Unites States,,,2
Streptopelia decaocto,177147,aves,columbiformes,columbidae,Culex quinquefasciatus,FALSE,Culex quinquefasciatus,blood_meal,BloodMealMap,Unites States,,,1
Streptopelia decaocto,177147,aves,columbiformes,columbidae,Culex stigmatosoma,FALSE,Culex stigmatosoma,blood_meal,BloodMealMap,Unites States,,,1
Streptopelia decaocto,177147,aves,columbiformes,columbidae,Culex tarsalis,FALSE,Culex tarsalis,blood_meal,BloodMealMap,Unites States,,,2
Strix aluco,111821,aves,strigiformes,strigidae,Hyalomma aegyptium,FALSE,Hyalomma aegyptium,on_host_occurrence,TickMap,Morocco,,,1
Strix varia,57075,aves,strigiformes,strigidae,Culex erraticus,FALSE,Culex erraticus,blood_meal,BloodMealMap,Unites States,,,1
Strix varia,57075,aves,strigiformes,strigidae,Culiseta melanura,FALSE,Culiseta melanura,blood_meal,BloodMealMap,Unites States,,,1
Strix varia,57075,aves,strigiformes,strigidae,Ornithodoros capensis,FALSE,Ornithodoros capensis,on_host_occurrence,TickMap,United States of America,,,4
Struthio camelus,8801,aves,struthioniformes,struthionidae,Amblyomma hebraeum,FALSE,Amblyomma hebraeum,on_host_occurrence,TickMap,Zimbabwe,,,1
Struthio camelus,8801,aves,struthioniformes,struthionidae,Armigeres subalbatus,FALSE,Armigeres subalbatus,blood_meal,BloodMealMap,Japan,,,2
Struthio camelus,8801,aves,struthioniformes,struthionidae,Culex quinquefasciatus,FALSE,Culex quinquefasciatus,blood_meal,BloodMealMap,Japan; Unites States,,,2
Struthio camelus,8801,aves,struthioniformes,struthionidae,Culex vishnui,FALSE,Culex vishnui,blood_meal,BloodMealMap,Japan,,,1
Struthio camelus,8801,aves,struthioniformes,struthionidae,Hyalomma impressum,FALSE,Hyalomma impressum,on_host_occurrence,TickMap,South Africa,,,1
Struthio camelus,8801,aves,struthioniformes,struthionidae,Rhipicephalus deltoideus,FALSE,Rhipicephalus deltoideus,on_host_occurrence,TickMap,Uganda,,,1
Struthio camelus,8801,aves,struthioniformes,struthionidae,Rhipicephalus guilhoni,FALSE,Rhipicephalus guilhoni,on_host_occurrence,TickMap,Cameroon,,,1
Struthio camelus,8801,aves,struthioniformes,struthionidae,Rhipicephalus sanguineus,FALSE,Rhipicephalus sanguineus,on_host_occurrence,TickMap,Mali,,,1
Struthio camelus,8801,aves,struthioniformes,struthionidae,Rhipicephalus turanicus,FALSE,Rhipicephalus turanicus,on_host_occurrence,TickMap,Morocco,,,1
Sturnus vulgaris,9172,aves,passeriformes,sturnidae,Culex modestus,FALSE,Culex modestus,blood_meal,BloodMealMap,Czechia,,,1
Sturnus vulgaris,9172,aves,passeriformes,sturnidae,Culex pipiens,FALSE,Culex pipiens,blood_meal,BloodMealMap,Czechia; United Kingdom; Unites States,,,8
Sturnus vulgaris,9172,aves,passeriformes,sturnidae,Culex quinquefasciatus,FALSE,Culex quinquefasciatus,blood_meal,BloodMealMap,Unites States,,,1
Sturnus vulgaris,9172,aves,passeriformes,sturnidae,Culex restuans,FALSE,Culex restuans,blood_meal,BloodMealMap,Unites States,,,1
Sturnus vulgaris,9172,aves,passeriformes,sturnidae,Culex stigmatosoma,FALSE,Culex stigmatosoma,blood_meal,BloodMealMap,Unites States,,,1
Sturnus vulgaris,9172,aves,passeriformes,sturnidae,Culex tarsalis,FALSE,Culex tarsalis,blood_meal,BloodMealMap,Unites States,,,6
Sturnus vulgaris,9172,aves,passeriformes,sturnidae,Culex territans,FALSE,Culex territans,blood_meal,BloodMealMap,Unites States,,,1
Sturnus vulgaris,9172,aves,passeriformes,sturnidae,Culex thriambus,FALSE,Culex thriambus,blood_meal,BloodMealMap,Unites States,,,1
Sturnus vulgaris,9172,aves,passeriformes,sturnidae,Culiseta melanura,FALSE,Culiseta melanura,blood_meal,BloodMealMap,Unites States,,,1
Sturnus vulgaris,9172,aves,passeriformes,sturnidae,Culiseta morsitans,FALSE,Culiseta morsitans,blood_meal,BloodMealMap,Unites States,,,1
Sturnus vulgaris,9172,aves,passeriformes,sturnidae,Haemaphysalis leporispalustris,FALSE,Haemaphysalis leporispalustris,on_host_occurrence,TickMap,United States of America,,B. burgdorferi sensu stricto; A. phagocytophilum,17
Suncus murinus,9378,mammalia,eulipotyphla,soricidae,Aedes albopictus,FALSE,Aedes albopictus,blood_meal,BloodMealMap,Japan,,,1
Suncus murinus,9378,mammalia,eulipotyphla,soricidae,Xenopsylla cheopis,FALSE,Xenopsylla cheopis,on_host_occurrence,FleaMap,Indonesia,,,14
Suricata suricatta,37032,mammalia,carnivora,herpestidae,Ctenocephalides felis,FALSE,Ctenocephalides felis,on_host_occurrence,FleaMap,South Africa,,,1
Suricata suricatta,37032,mammalia,carnivora,herpestidae,Echidnophaga gallinacea,FALSE,Echidnophaga gallinacea,on_host_occurrence,FleaMap,Botswana; South Africa,,,110
Suricata suricatta,37032,mammalia,carnivora,herpestidae,Haemaphysalis leachi,FALSE,Haemaphysalis leachi,on_host_occurrence,TickMap,South Africa,,,1
Suricata suricatta,37032,mammalia,carnivora,herpestidae,Nuttalliella namaqua,FALSE,Nuttalliella namaqua,on_host_occurrence,TickMap,Namibia,,,1
Suricata suricatta,37032,mammalia,carnivora,herpestidae,Rhipicephalus theileri,FALSE,Rhipicephalus theileri,on_host_occurrence,TickMap,South Africa,,,1
Sus scrofa,9823,mammalia,artiodactyla,suidae,Aedes aegypti,FALSE,Aedes aegypti,blood_meal,BloodMealMap,Thailand,,,1
Sus scrofa,9823,mammalia,artiodactyla,suidae,Aedes albopictus,FALSE,Aedes albopictus,blood_meal,BloodMealMap,Malaysia; Singapore,,,2
Sus scrofa,9823,mammalia,artiodactyla,suidae,Aedes aureostriatus,FALSE,Aedes aureostriatus,blood_meal,BloodMealMap,Japan,,,1
Sus scrofa,9823,mammalia,artiodactyla,suidae,Aedes bancroftianus,FALSE,Aedes bancroftianus,blood_meal,BloodMealMap,Australia,,,1
Sus scrofa,9823,mammalia,artiodactyla,suidae,Aedes vexans,FALSE,Aedes vexans,blood_meal,BloodMealMap,Hungary; Japan; Serbia; Unites States,,,7
Sus scrofa,9823,mammalia,artiodactyla,suidae,Amblyomma americanum,FALSE,Amblyomma americanum,on_host_occurrence,TickMap,United States of America,,,113
Sus scrofa,9823,mammalia,artiodactyla,suidae,Amblyomma auricularium,FALSE,Amblyomma auricularium,on_host_occurrence,TickMap,United States of America,,,18
Sus scrofa,9823,mammalia,artiodactyla,suidae,Amblyomma cajennense,FALSE,Amblyomma cajennense,on_host_occurrence,TickMap,United States of America,,,71
Sus scrofa,9823,mammalia,artiodactyla,suidae,Amblyomma hebraeum,FALSE,Amblyomma hebraeum,on_host_occurrence,TickMap,South Africa,,,1
Sus scrofa,9823,mammalia,artiodactyla,suidae,Amblyomma maculatum,FALSE,Amblyomma maculatum,on_host_occurrence,TickMap,Peru; United States of America,,,200
Sus scrofa,9823,mammalia,artiodactyla,suidae,Amblyomma paulopunctatum,FALSE,Amblyomma paulopunctatum,on_host_occurrence,TickMap,Angola,,,2
Sus scrofa,9823,mammalia,artiodactyla,suidae,Amblyomma pomposum,FALSE,Amblyomma pomposum,on_host_occurrence,TickMap,Angola,,,1
Sus scrofa,9823,mammalia,artiodactyla,suidae,Anopheles annulipes,FALSE,Anopheles annulipes,blood_meal,BloodMealMap,Australia,,,1
Sus scrofa,9823,mammalia,artiodactyla,suidae,Anopheles arabiensis,FALSE,Anopheles arabiensis,blood_meal,BloodMealMap,Madagascar,,,1
Sus scrofa,9823,mammalia,artiodactyla,suidae,Anopheles coustani,FALSE,Anopheles coustani,blood_meal,BloodMealMap,Madagascar,,,1
Sus scrofa,9823,mammalia,artiodactyla,suidae,Anopheles darlingi,FALSE,Anopheles darlingi,blood_meal,BloodMealMap,Peru,,,1
Sus scrofa,9823,mammalia,artiodactyla,suidae,Anopheles freeborni,FALSE,Anopheles freeborni,blood_meal,BloodMealMap,Unites States,,,2
Sus scrofa,9823,mammalia,artiodactyla,suidae,Anopheles funestus,FALSE,Anopheles funestus,blood_meal,BloodMealMap,Madagascar,,,1
Sus scrofa,9823,mammalia,artiodactyla,suidae,Anopheles gambiae,FALSE,Anopheles gambiae,blood_meal,BloodMealMap,Kenya; Madagascar,,,2
Sus scrofa,9823,mammalia,artiodactyla,suidae,Anopheles lesteri,FALSE,Anopheles lesteri,blood_meal,BloodMealMap,Japan,,,1
Sus scrofa,9823,mammalia,artiodactyla,suidae,Anopheles maculipalpis,FALSE,Anopheles maculipalpis,blood_meal,BloodMealMap,Madagascar,,,1
Sus scrofa,9823,mammalia,artiodactyla,suidae,Anopheles mascarensis,FALSE,Anopheles mascarensis,blood_meal,BloodMealMap,Madagascar,,,1
Sus scrofa,9823,mammalia,artiodactyla,suidae,Anopheles punctipennis,FALSE,Anopheles punctipennis,blood_meal,BloodMealMap,Unites States,,,1
Sus scrofa,9823,mammalia,artiodactyla,suidae,Anopheles quadrimaculatus,FALSE,Anopheles quadrimaculatus,blood_meal,BloodMealMap,Unites States,,,1
Sus scrofa,9823,mammalia,artiodactyla,suidae,Anopheles rufipes,FALSE,Anopheles rufipes,blood_meal,BloodMealMap,Madagascar,,,1
Sus scrofa,9823,mammalia,artiodactyla,suidae,Anopheles saperoi,FALSE,Anopheles saperoi,blood_meal,BloodMealMap,Japan,,,1
Sus scrofa,9823,mammalia,artiodactyla,suidae,Anopheles squamosus,FALSE,Anopheles squamosus,blood_meal,BloodMealMap,Madagascar,,,1
Sus scrofa,9823,mammalia,artiodactyla,suidae,Anopheles superpictus,FALSE,Anopheles superpictus,blood_meal,BloodMealMap,Iran,,,1
Sus scrofa,9823,mammalia,artiodactyla,suidae,Armigeres subalbatus,FALSE,Armigeres subalbatus,blood_meal,BloodMealMap,Japan,,,1
Sus scrofa,9823,mammalia,artiodactyla,suidae,Coquillettidia venezuelensis,FALSE,Coquillettidia venezuelensis,blood_meal,BloodMealMap,Panama,,,1
Sus scrofa,9823,mammalia,artiodactyla,suidae,Culex annulirostris,FALSE,Culex annulirostris,blood_meal,BloodMealMap,Australia; Papua New Guinea,,,12
Sus scrofa,9823,mammalia,artiodactyla,suidae,Culex bitaeniorhynchus,FALSE,Culex bitaeniorhynchus,blood_meal,BloodMealMap,India,,,1
Sus scrofa,9823,mammalia,artiodactyla,suidae,Culex fuscocephala,FALSE,Culex fuscocephala,blood_meal,BloodMealMap,India,,,1
Sus scrofa,9823,mammalia,artiodactyla,suidae,Culex gelidus,FALSE,Culex gelidus,blood_meal,BloodMealMap,India; Malaysia; Singapore,,,5
Sus scrofa,9823,mammalia,artiodactyla,suidae,Culex mimeticus,FALSE,Culex mimeticus,blood_meal,BloodMealMap,Japan,,,3
Sus scrofa,9823,mammalia,artiodactyla,suidae,Culex pipiens,FALSE,Culex pipiens,blood_meal,BloodMealMap,Serbia; Unites States,,,4
Sus scrofa,9823,mammalia,artiodactyla,suidae,Culex pseudovishnui,FALSE,Culex pseudovishnui,blood_meal,BloodMealMap,India,,,1
Sus scrofa,9823,mammalia,artiodactyla,suidae,Culex quinquefasciatus,FALSE,Culex quinquefasciatus,blood_meal,BloodMealMap,Australia; India; Malaysia; Mexico; Singapore; Unites States,,,6
Sus scrofa,9823,mammalia,artiodactyla,suidae,Culex ryukyensis,FALSE,Culex ryukyensis,blood_meal,BloodMealMap,Japan,,,1
Sus scrofa,9823,mammalia,artiodactyla,suidae,Culex salinarius,FALSE,Culex salinarius,blood_meal,BloodMealMap,Unites States,,,1
Sus scrofa,9823,mammalia,artiodactyla,suidae,Culex sitiens,FALSE,Culex sitiens,blood_meal,BloodMealMap,Singapore,,,1
Sus scrofa,9823,mammalia,artiodactyla,suidae,Culex tarsalis,FALSE,Culex tarsalis,blood_meal,BloodMealMap,Unites States,,,4
Sus scrofa,9823,mammalia,artiodactyla,suidae,Culex tritaeniorhynchus,FALSE,Culex tritaeniorhynchus,blood_meal,BloodMealMap,India; Singapore,,,5
Sus scrofa,9823,mammalia,artiodactyla,suidae,Culex vishnui,FALSE,Culex vishnui,blood_meal,BloodMealMap,India; Singapore,,,3
Sus scrofa,9823,mammalia,artiodactyla,suidae,Culiseta inornata,FALSE,Culiseta inornata,blood_meal,BloodMealMap,Unites States,,,2
Sus scrofa,9823,mammalia,artiodactyla,suidae,Culiseta melanura,FALSE,Culiseta melanura,blood_meal,BloodMealMap,Unites States,,,1
Sus scrofa,9823,mammalia,artiodactyla,suidae,Deinocerites cancer,FALSE,Deinocerites cancer,blood_meal,BloodMealMap,Panama,,,1
Sus scrofa,9823,mammalia,artiodactyla,suidae,Deinocerites epitedeus,FALSE,Deinocerites epitedeus,blood_meal,BloodMealMap,Panama,,,1
Sus scrofa,9823,mammalia,artiodactyla,suidae,Dermacentor Variabilis,FALSE,Dermacentor Variabilis,on_host_occurrence,TickMap,United States of America,,,16
Sus scrofa,9823,mammalia,artiodactyla,suidae,Dermacentor halli,FALSE,Dermacentor halli,on_host_occurrence,TickMap,United States of America,,,5
Sus scrofa,9823,mammalia,artiodactyla,suidae,Dermacentor marginatus,FALSE,Dermacentor marginatus,on_host_occurrence,TickMap,Morocco,,,3
Sus scrofa,9823,mammalia,artiodactyla,suidae,Dermacentor nitens,FALSE,Dermacentor nitens,on_host_occurrence,TickMap,Peru,,,1
Sus scrofa,9823,mammalia,artiodactyla,suidae,Dermacentor variabilis,FALSE,Dermacentor variabilis,on_host_occurrence,TickMap,United States of America,,,212
Sus scrofa,9823,mammalia,artiodactyla,suidae,Ficalbia ichiromiyagii,FALSE,Ficalbia ichiromiyagii,blood_meal,BloodMealMap,Japan,,,1
Sus scrofa,9823,mammalia,artiodactyla,suidae,Hyalomma aegyptium,FALSE,Hyalomma aegyptium,on_host_occurrence,TickMap,"Congo, The Democratic Republic of The",,,1
Sus scrofa,9823,mammalia,artiodactyla,suidae,Hyalomma excavatum,FALSE,Hyalomma excavatum,on_host_occurrence,TickMap,Morocco,,,1
Sus scrofa,9823,mammalia,artiodactyla,suidae,Hyalomma lusitanicum,FALSE,Hyalomma lusitanicum,on_host_occurrence,TickMap,Morocco,,,2
Sus scrofa,9823,mammalia,artiodactyla,suidae,Hyalomma marginatum,FALSE,Hyalomma marginatum,on_host_occurrence,TickMap,Morocco,,,1
Sus scrofa,9823,mammalia,artiodactyla,suidae,Hyalomma truncatum,FALSE,Hyalomma truncatum,on_host_occurrence,TickMap,Sudan,,,1
Sus scrofa,9823,mammalia,artiodactyla,suidae,Ixodes ricinus,FALSE,Ixodes ricinus,on_host_occurrence,TickMap,Morocco,,,2
Sus scrofa,9823,mammalia,artiodactyla,suidae,Ixodes scapularis,FALSE,Ixodes scapularis,on_host_occurrence,TickMap,United States of America,,,29
Sus scrofa,9823,mammalia,artiodactyla,suidae,Mansonia indubitans,FALSE,Mansonia indubitans,blood_meal,BloodMealMap,Panama,,,1
Sus scrofa,9823,mammalia,artiodactyla,suidae,Mansonia titillans,FALSE,Mansonia titillans,blood_meal,BloodMealMap,Panama,,,1
Sus scrofa,9823,mammalia,artiodactyla,suidae,Mansonia uniformis,FALSE,Mansonia uniformis,blood_meal,BloodMealMap,Nigeria,,,1
Sus scrofa,9823,mammalia,artiodactyla,suidae,Ornithodoros erraticus,FALSE,Ornithodoros erraticus,on_host_occurrence,TickMap,Morocco,,,2
Sus scrofa,9823,mammalia,artiodactyla,suidae,Ornithodoros turicata,FALSE,Ornithodoros turicata,on_host_occurrence,TickMap,Mexico; United States,,,7
Sus scrofa,9823,mammalia,artiodactyla,suidae,Psorophora cingulata,FALSE,Psorophora cingulata,blood_meal,BloodMealMap,Panama,,,1
Sus scrofa,9823,mammalia,artiodactyla,suidae,Psorophora columbiae,FALSE,Psorophora columbiae,blood_meal,BloodMealMap,Unites States,,,1
Sus scrofa,9823,mammalia,artiodactyla,suidae,Psorophora confinnis,FALSE,Psorophora confinnis,blood_meal,BloodMealMap,Unites States,,,1
Sus scrofa,9823,mammalia,artiodactyla,suidae,Psorophora cyanescens,FALSE,Psorophora cyanescens,blood_meal,BloodMealMap,Unites States,,,1
Sus scrofa,9823,mammalia,artiodactyla,suidae,Psorophora discolor,FALSE,Psorophora discolor,blood_meal,BloodMealMap,Unites States,,,1
Sus scrofa,9823,mammalia,artiodactyla,suidae,Psorophora ferox,FALSE,Psorophora ferox,blood_meal,BloodMealMap,Panama; Unites States,,,2
Sus scrofa,9823,mammalia,artiodactyla,suidae,Rhipicephalus bursa,FALSE,Rhipicephalus bursa,on_host_occurrence,TickMap,Morocco,,,1
Sus scrofa,9823,mammalia,artiodactyla,suidae,Rhipicephalus complanatus,FALSE,Rhipicephalus complanatus,on_host_occurrence,TickMap,"Angola; Congo, The Democratic Republic of The",,,3
Sus scrofa,9823,mammalia,artiodactyla,suidae,Rhipicephalus compositus,FALSE,Rhipicephalus compositus,on_host_occurrence,TickMap,"Congo, The Democratic Republic of The",,,1
Sus scrofa,9823,mammalia,artiodactyla,suidae,Rhipicephalus congolensis,FALSE,Rhipicephalus congolensis,on_host_occurrence,TickMap,"Congo, The Democratic Republic of The",,,5
Sus scrofa,9823,mammalia,artiodactyla,suidae,Rhipicephalus evertsi,TRUE,Rhipicephalus evertsi mimeticus,on_host_occurrence,TickMap,Angola,,,1
Sus scrofa,9823,mammalia,artiodactyla,suidae,Rhipicephalus longus,FALSE,Rhipicephalus longus,on_host_occurrence,TickMap,"Angola; Congo, The Democratic Republic of The",,,7
Sus scrofa,9823,mammalia,artiodactyla,suidae,Rhipicephalus lunulatus,FALSE,Rhipicephalus lunulatus,on_host_occurrence,TickMap,Angola,,,4
Sus scrofa,9823,mammalia,artiodactyla,suidae,Rhipicephalus pravus,FALSE,Rhipicephalus pravus,on_host_occurrence,TickMap,Angola; Sudan,,,2
Sus scrofa,9823,mammalia,artiodactyla,suidae,Rhipicephalus sanguineus,FALSE,Rhipicephalus sanguineus,on_host_occurrence,TickMap,Angola; Peru; Sudan,,,3
Sus scrofa,9823,mammalia,artiodactyla,suidae,Rhipicephalus simus,FALSE,Rhipicephalus simus,on_host_occurrence,TickMap,Angola; Sudan,,,2
Sus scrofa,9823,mammalia,artiodactyla,suidae,Rhipicephalus tricuspis,FALSE,Rhipicephalus tricuspis,on_host_occurrence,TickMap,"Congo, The Democratic Republic of The",,,1
Sus scrofa,9823,mammalia,artiodactyla,suidae,Rhipicephalus ziemanni,FALSE,Rhipicephalus ziemanni,on_host_occurrence,TickMap,Angola; Cote D'Ivoire,,,2
Sylvia atricapilla,48155,aves,passeriformes,sylviidae,Culex perexiguus,FALSE,Culex perexiguus,blood_meal,BloodMealMap,Israel,,,1
Sylvia atricapilla,48155,aves,passeriformes,sylviidae,Culex pipiens,FALSE,Culex pipiens,blood_meal,BloodMealMap,Czechia; Israel,,,2
Sylvilagus floridanus,9988,mammalia,lagomorpha,leporidae,Aedes aegypti,FALSE,Aedes aegypti,blood_meal,BloodMealMap,Unites States,,,1
Sylvilagus floridanus,9988,mammalia,lagomorpha,leporidae,Aedes albopictus,FALSE,Aedes albopictus,blood_meal,BloodMealMap,Unites States,,,1
Sylvilagus floridanus,9988,mammalia,lagomorpha,leporidae,Aedes vexans,FALSE,Aedes vexans,blood_meal,BloodMealMap,Unites States,,,2
Sylvilagus floridanus,9988,mammalia,lagomorpha,leporidae,Amblyomma americanum,FALSE,Amblyomma americanum,on_host_occurrence,TickMap,United States of America,,R. Rickettsii,152
Sylvilagus floridanus,9988,mammalia,lagomorpha,leporidae,Ctenocephalides canis,FALSE,Ctenocephalides canis,on_host_occurrence,FleaMap,United States,,,17
Sylvilagus floridanus,9988,mammalia,lagomorpha,leporidae,Culex cedecei,FALSE,Culex cedecei,blood_meal,BloodMealMap,Unites States,,,2
Sylvilagus floridanus,9988,mammalia,lagomorpha,leporidae,Culex iolambdis,FALSE,Culex iolambdis,blood_meal,BloodMealMap,Unites States,,,1
Sylvilagus floridanus,9988,mammalia,lagomorpha,leporidae,Culex quinquefasciatus,FALSE,Culex quinquefasciatus,blood_meal,BloodMealMap,Unites States,,,1
Sylvilagus floridanus,9988,mammalia,lagomorpha,leporidae,Culex restuans,FALSE,Culex restuans,blood_meal,BloodMealMap,Unites States,,,1
Sylvilagus floridanus,9988,mammalia,lagomorpha,leporidae,Culex salinarius,FALSE,Culex salinarius,blood_meal,BloodMealMap,Unites States,,,1
Sylvilagus floridanus,9988,mammalia,lagomorpha,leporidae,Dermacentor variabilis,FALSE,Dermacentor variabilis,on_host_occurrence,TickMap,United States of America,,R. Rickettsii,60
Sylvilagus floridanus,9988,mammalia,lagomorpha,leporidae,Haemaphysalis leporispalustris,FALSE,Haemaphysalis leporispalustris,on_host_occurrence,TickMap,United States of America,,Babesia divergens; Borrelia burgdorferi; B. andersonii; B. miyamotoi; R. Rickettsii,475
Sylvilagus floridanus,9988,mammalia,lagomorpha,leporidae,Ixodes affinis,FALSE,Ixodes affinis,on_host_occurrence,TickMap,United States of America,,,8
Sylvilagus floridanus,9988,mammalia,lagomorpha,leporidae,Ixodes cookei,FALSE,Ixodes cookei,on_host_occurrence,TickMap,United States; United States of America,,,9
Sylvilagus floridanus,9988,mammalia,lagomorpha,leporidae,Ixodes dentatus,FALSE,Ixodes dentatus,on_host_occurrence,TickMap,United States of America,,Babesia divergens; Borrelia burgdorferi; B. andersonii; B. miyamotoi,104
Sylvilagus floridanus,9988,mammalia,lagomorpha,leporidae,Ixodes diversifossus,FALSE,Ixodes diversifossus,on_host_occurrence,TickMap,United States of America,,,16
Sylvilagus floridanus,9988,mammalia,lagomorpha,leporidae,Ixodes muris,FALSE,Ixodes muris,on_host_occurrence,TickMap,United States of America,,,16
Sylvilagus floridanus,9988,mammalia,lagomorpha,leporidae,Ixodes scapularis,FALSE,Ixodes scapularis,on_host_occurrence,TickMap,Mexico; United States; United States of America,,Babesia divergens; Borellia burgdorferi,29
Sylvilagus floridanus,9988,mammalia,lagomorpha,leporidae,Ixodes texanus,FALSE,Ixodes texanus,on_host_occurrence,TickMap,United States of America,,R. Rickettsii,4
Syncerus caffer,9970,mammalia,artiodactyla,bovidae,Amblyomma astrion,FALSE,Amblyomma astrion,on_host_occurrence,TickMap,"Angola; Congo, The Democratic Republic of The",,,12
Syncerus caffer,9970,mammalia,artiodactyla,bovidae,Amblyomma cohaerens,FALSE,Amblyomma cohaerens,on_host_occurrence,TickMap,"Angola; Congo, The Democratic Republic of The; Sudan; Tanzania, United Republic of; Uganda",,,39
Syncerus caffer,9970,mammalia,artiodactyla,bovidae,Amblyomma eburneum,FALSE,Amblyomma eburneum,on_host_occurrence,TickMap,"Congo, The Democratic Republic of The; Tanzania, United Republic of",,,5
Syncerus caffer,9970,mammalia,artiodactyla,bovidae,Amblyomma hebraeum,FALSE,Amblyomma hebraeum,on_host_occurrence,TickMap,South Africa; Zimbabwe,,,3
Syncerus caffer,9970,mammalia,artiodactyla,bovidae,Amblyomma lepidum,FALSE,Amblyomma lepidum,on_host_occurrence,TickMap,Sudan; Zambia,,,4
Syncerus caffer,9970,mammalia,artiodactyla,bovidae,Amblyomma nuttalli,FALSE,Amblyomma nuttalli,on_host_occurrence,TickMap,Benin,,,1
Syncerus caffer,9970,mammalia,artiodactyla,bovidae,Amblyomma paulopunctatum,FALSE,Amblyomma paulopunctatum,on_host_occurrence,TickMap,Cote D'Ivoire,,,1
Syncerus caffer,9970,mammalia,artiodactyla,bovidae,Amblyomma pomposum,FALSE,Amblyomma pomposum,on_host_occurrence,TickMap,Zambia,,,2
Syncerus caffer,9970,mammalia,artiodactyla,bovidae,Amblyomma rhinocerotis,FALSE,Amblyomma rhinocerotis,on_host_occurrence,TickMap,"Congo, The Democratic Republic of The",,,1
Syncerus caffer,9970,mammalia,artiodactyla,bovidae,Amblyomma sparsum,FALSE,Amblyomma sparsum,on_host_occurrence,TickMap,Zambia,,,1
Syncerus caffer,9970,mammalia,artiodactyla,bovidae,Amblyomma splendidum,FALSE,Amblyomma splendidum,on_host_occurrence,TickMap,"Angola; Benin; Central African Republic; Congo, The Democratic Republic of The; Cote D'Ivoire; Uganda",,,29
Syncerus caffer,9970,mammalia,artiodactyla,bovidae,Amblyomma tholloni,FALSE,Amblyomma tholloni,on_host_occurrence,TickMap,"Congo, The Democratic Republic of The",,,2
Syncerus caffer,9970,mammalia,artiodactyla,bovidae,Amblyomma variegatum,FALSE,Amblyomma variegatum,on_host_occurrence,TickMap,"Benin; Burkina Faso; Cameroon; Congo, The Democratic Republic of The; Sudan; Uganda; Zambia",,,16
Syncerus caffer,9970,mammalia,artiodactyla,bovidae,Anopheles gambiae,FALSE,Anopheles gambiae,blood_meal,BloodMealMap,Kenya,,,1
Syncerus caffer,9970,mammalia,artiodactyla,bovidae,Dermacentor rhinocerinus,FALSE,Dermacentor rhinocerinus,on_host_occurrence,TickMap,"Tanzania, United Republic of",,,1
Syncerus caffer,9970,mammalia,artiodactyla,bovidae,Haemaphysalis aciculifer,FALSE,Haemaphysalis aciculifer,on_host_occurrence,TickMap,Kenya,,,4
Syncerus caffer,9970,mammalia,artiodactyla,bovidae,Haemaphysalis leachi,FALSE,Haemaphysalis leachi,on_host_occurrence,TickMap,"Congo, The Democratic Republic of The",,,1
Syncerus caffer,9970,mammalia,artiodactyla,bovidae,Haemaphysalis paraleachi,FALSE,Haemaphysalis paraleachi,on_host_occurrence,TickMap,Kenya,,,2
Syncerus caffer,9970,mammalia,artiodactyla,bovidae,Haemaphysalis parmata,FALSE,Haemaphysalis parmata,on_host_occurrence,TickMap,"Congo, The Democratic Republic of The",,,2
Syncerus caffer,9970,mammalia,artiodactyla,bovidae,Haemaphysalis silacea,FALSE,Haemaphysalis silacea,on_host_occurrence,TickMap,South Africa,,,1
Syncerus caffer,9970,mammalia,artiodactyla,bovidae,Hyalomma rufipes,FALSE,Hyalomma rufipes,on_host_occurrence,TickMap,Sudan; Zambia; Zimbabwe,,,5
Syncerus caffer,9970,mammalia,artiodactyla,bovidae,Hyalomma truncatum,FALSE,Hyalomma truncatum,on_host_occurrence,TickMap,Sudan; Zambia,,,4
Syncerus caffer,9970,mammalia,artiodactyla,bovidae,Ixodes cavipalpus,FALSE,Ixodes cavipalpus,on_host_occurrence,TickMap,"Congo, The Democratic Republic of The",,,1
Syncerus caffer,9970,mammalia,artiodactyla,bovidae,Ixodes cumulatimpunctatus,FALSE,Ixodes cumulatimpunctatus,on_host_occurrence,TickMap,"Congo, The Democratic Republic of The; Tanzania, United Republic of",,,3
Syncerus caffer,9970,mammalia,artiodactyla,bovidae,Rhipicephalus appendiculatus,FALSE,Rhipicephalus appendiculatus,on_host_occurrence,TickMap,"Congo, The Democratic Republic of The; Malawi; Rwanda; South Africa; Tanzania, United Republic of",,,11
Syncerus caffer,9970,mammalia,artiodactyla,bovidae,Rhipicephalus bequaerti,FALSE,Rhipicephalus bequaerti,on_host_occurrence,TickMap,Kenya; Rwanda,,,2
Syncerus caffer,9970,mammalia,artiodactyla,bovidae,Rhipicephalus capensis,FALSE,Rhipicephalus capensis,on_host_occurrence,TickMap,"Congo, The Democratic Republic of The",,,9
Syncerus caffer,9970,mammalia,artiodactyla,bovidae,Rhipicephalus cliffordi,FALSE,Rhipicephalus cliffordi,on_host_occurrence,TickMap,Central African Republic,,,4
Syncerus caffer,9970,mammalia,artiodactyla,bovidae,Rhipicephalus complanatus,FALSE,Rhipicephalus complanatus,on_host_occurrence,TickMap,"Congo, The Democratic Republic of The",,,2
Syncerus caffer,9970,mammalia,artiodactyla,bovidae,Rhipicephalus compositus,FALSE,Rhipicephalus compositus,on_host_occurrence,TickMap,"Angola; Congo, The Democratic Republic of The; Kenya; Malawi; Mozambique; Sudan; Zambia",,,33
Syncerus caffer,9970,mammalia,artiodactyla,bovidae,Rhipicephalus decoloratus,FALSE,Rhipicephalus decoloratus,on_host_occurrence,TickMap,"Congo, The Democratic Republic of The; Malawi; South Africa",,,5
Syncerus caffer,9970,mammalia,artiodactyla,bovidae,Rhipicephalus dux,FALSE,Rhipicephalus dux,on_host_occurrence,TickMap,"Congo, The Democratic Republic of The",,,10
Syncerus caffer,9970,mammalia,artiodactyla,bovidae,Rhipicephalus evertsi,FALSE,Rhipicephalus evertsi evertsi,on_host_occurrence,TickMap,South Africa; Zimbabwe,,,3
Syncerus caffer,9970,mammalia,artiodactyla,bovidae,Rhipicephalus evertsi,TRUE,Rhipicephalus evertsi mimeticus,on_host_occurrence,TickMap,"Congo, The Democratic Republic of The",,,1
Syncerus caffer,9970,mammalia,artiodactyla,bovidae,Rhipicephalus glabroscutatum,FALSE,Rhipicephalus glabroscutatum,on_host_occurrence,TickMap,South Africa,,,1
Syncerus caffer,9970,mammalia,artiodactyla,bovidae,Rhipicephalus kochi,FALSE,Rhipicephalus kochi,on_host_occurrence,TickMap,Angola; Kenya; Malawi; Mozambique; Zimbabwe,,,14
Syncerus caffer,9970,mammalia,artiodactyla,bovidae,Rhipicephalus longicoxatus,FALSE,Rhipicephalus longicoxatus,on_host_occurrence,TickMap,Sudan,,,1
Syncerus caffer,9970,mammalia,artiodactyla,bovidae,Rhipicephalus longus,FALSE,Rhipicephalus longus,on_host_occurrence,TickMap,"Central African Republic; Congo, The Democratic Republic of The; Kenya; Mozambique; Sudan; Tanzania, United Republic of; Zambia",,,39
Syncerus caffer,9970,mammalia,artiodactyla,bovidae,Rhipicephalus lunulatus,FALSE,Rhipicephalus lunulatus,on_host_occurrence,TickMap,Guinea-Bissau,,,1
Syncerus caffer,9970,mammalia,artiodactyla,bovidae,Rhipicephalus maculatus,FALSE,Rhipicephalus maculatus,on_host_occurrence,TickMap,Malawi; South Africa,,,3
Syncerus caffer,9970,mammalia,artiodactyla,bovidae,Rhipicephalus masseyi,FALSE,Rhipicephalus masseyi,on_host_occurrence,TickMap,"Congo, The Democratic Republic of The; Zambia",,,3
Syncerus caffer,9970,mammalia,artiodactyla,bovidae,Rhipicephalus muehlensi,FALSE,Rhipicephalus muehlensi,on_host_occurrence,TickMap,"Congo, The Democratic Republic of The; Mozambique; South Africa",,,4
Syncerus caffer,9970,mammalia,artiodactyla,bovidae,Rhipicephalus planus,FALSE,Rhipicephalus planus,on_host_occurrence,TickMap,"Kenya; Tanzania, United Republic of",,,2
Syncerus caffer,9970,mammalia,artiodactyla,bovidae,Rhipicephalus pravus,FALSE,Rhipicephalus pravus,on_host_occurrence,TickMap,"Congo, The Democratic Republic of The; Mozambique; Zambia",,,3
Syncerus caffer,9970,mammalia,artiodactyla,bovidae,Rhipicephalus sanguineus,FALSE,Rhipicephalus sanguineus,on_host_occurrence,TickMap,"Congo, The Democratic Republic of The; Sudan; Zambia",,,7
Syncerus caffer,9970,mammalia,artiodactyla,bovidae,Rhipicephalus senegalensis,FALSE,Rhipicephalus senegalensis,on_host_occurrence,TickMap,"Benin; Burkina Faso; Cameroon; Central African Republic; Congo, The Democratic Republic of The; Guinea; Sudan",,,13
Syncerus caffer,9970,mammalia,artiodactyla,bovidae,Rhipicephalus simus,FALSE,Rhipicephalus simus,on_host_occurrence,TickMap,"Congo, The Democratic Republic of The; Mozambique; South Africa; Sudan; Zambia",,,13
Syncerus caffer,9970,mammalia,artiodactyla,bovidae,Rhipicephalus sulcatus,FALSE,Rhipicephalus sulcatus,on_host_occurrence,TickMap,"Congo, The Democratic Republic of The",,,2
Syncerus caffer,9970,mammalia,artiodactyla,bovidae,Rhipicephalus supertritus,FALSE,Rhipicephalus supertritus,on_host_occurrence,TickMap,"Congo, The Democratic Republic of The; Malawi; Sudan",,,7
Syncerus caffer,9970,mammalia,artiodactyla,bovidae,Rhipicephalus tricuspis,FALSE,Rhipicephalus tricuspis,on_host_occurrence,TickMap,"Congo, The Democratic Republic of The; Guinea-Bissau; Zambia",,,5
Syncerus caffer,9970,mammalia,artiodactyla,bovidae,Rhipicephalus ziemanni,FALSE,Rhipicephalus ziemanni,on_host_occurrence,TickMap,"Congo; Congo, The Democratic Republic of The; Cote D'Ivoire; Rwanda",,,12
Tadarida brasiliensis,9438,mammalia,chiroptera,molossidae,Ornithodoros stageri,FALSE,Ornithodoros stageri,on_host_occurrence,TickMap,United States,,,1
Tamias minimus,45468,,,,Megabothris abantis,FALSE,Megabothris abantis,on_host_occurrence,FleaMap,United States,,,1
Taphozous perforatus,1381355,mammalia,chiroptera,emballonuridae,Argas boueti,FALSE,Argas boueti,on_host_occurrence,TickMap,Sudan,,,1
Taphozous perforatus,1381355,mammalia,chiroptera,emballonuridae,Argas confusus,FALSE,Argas confusus,on_host_occurrence,TickMap,Sudan,,,1
Taphozous perforatus,1381355,mammalia,chiroptera,emballonuridae,Argas vespertilionis,FALSE,Argas vespertilionis,on_host_occurrence,TickMap,Sudan,,,1
Testudo graeca,86975,reptilia,testudines,testudinidae,Hyalomma aegyptium,FALSE,Hyalomma aegyptium,on_host_occurrence,TickMap,Morocco,,,8
Thryomanes bewickii,241536,aves,passeriformes,troglodytidae,Culex pipiens,FALSE,Culex pipiens,blood_meal,BloodMealMap,Unites States,,,1
Thryomanes bewickii,241536,aves,passeriformes,troglodytidae,Culex stigmatosoma,FALSE,Culex stigmatosoma,blood_meal,BloodMealMap,Unites States,,,2
Thryomanes bewickii,241536,aves,passeriformes,troglodytidae,Culex tarsalis,FALSE,Culex tarsalis,blood_meal,BloodMealMap,Unites States,,,1
Thryomanes bewickii,241536,aves,passeriformes,troglodytidae,Ixodes pacificus,FALSE,Ixodes pacificus,on_host_occurrence,TickMap,United States of America,,Borrelia burgdorferi s.l.,50
Toxostoma rufum,58210,aves,passeriformes,mimidae,Amblyomma americanum,FALSE,Amblyomma americanum,on_host_occurrence,TickMap,United States of America,,,8
Toxostoma rufum,58210,aves,passeriformes,mimidae,Amblyomma maculatum,FALSE,Amblyomma maculatum,on_host_occurrence,TickMap,United States; United States of America,,,6
Toxostoma rufum,58210,aves,passeriformes,mimidae,Culex pipiens,FALSE,Culex pipiens,blood_meal,BloodMealMap,Unites States,,,2
Toxostoma rufum,58210,aves,passeriformes,mimidae,Culex restuans,FALSE,Culex restuans,blood_meal,BloodMealMap,Unites States,,,1
Toxostoma rufum,58210,aves,passeriformes,mimidae,Haemaphysalis chordeilis,FALSE,Haemaphysalis chordeilis,on_host_occurrence,TickMap,United States of America,,,4
Toxostoma rufum,58210,aves,passeriformes,mimidae,Haemaphysalis leporispalustris,FALSE,Haemaphysalis leporispalustris,on_host_occurrence,TickMap,United States; United States of America,,Borrelia burgdorferi,43
Toxostoma rufum,58210,aves,passeriformes,mimidae,Ixodes affinis,FALSE,Ixodes affinis,on_host_occurrence,TickMap,United States of America,,,16
Toxostoma rufum,58210,aves,passeriformes,mimidae,Ixodes dentatus,FALSE,Ixodes dentatus,on_host_occurrence,TickMap,United States; United States of America,,Borrelia burgdorferi,22
Toxostoma rufum,58210,aves,passeriformes,mimidae,Ixodes muris,FALSE,Ixodes muris,on_host_occurrence,TickMap,United States of America,,,8
Toxostoma rufum,58210,aves,passeriformes,mimidae,Ixodes scapularis,FALSE,Ixodes scapularis,on_host_occurrence,TickMap,United States; United States of America,,Borellia burgdorferi,22
Trichoglossus haematodus,176049,aves,psittaciformes,psittacidae,Culex quinquefasciatus,FALSE,Culex quinquefasciatus,blood_meal,BloodMealMap,Unites States,,,1
Turdus grayi,203558,aves,passeriformes,turdidae,Blankaartia arremonops,FALSE,Blankaartia arremonops,on_host_occurrence,MiteMap,Chiapas,,,1
Turdus merula,9187,aves,passeriformes,turdidae,Aedes japonicus,FALSE,Aedes japonicus,blood_meal,BloodMealMap,Switzerland,,,1
Turdus merula,9187,aves,passeriformes,turdidae,Aedes vexans,FALSE,Aedes vexans,blood_meal,BloodMealMap,Switzerland,,,1
Turdus merula,9187,aves,passeriformes,turdidae,Anopheles maculipennis,FALSE,Anopheles maculipennis,blood_meal,BloodMealMap,Switzerland,,,1
Turdus merula,9187,aves,passeriformes,turdidae,Anopheles plumbeus,FALSE,Anopheles plumbeus,blood_meal,BloodMealMap,Switzerland,,,1
Turdus merula,9187,aves,passeriformes,turdidae,Culex modestus,FALSE,Culex modestus,blood_meal,BloodMealMap,Czechia,,,1
Turdus merula,9187,aves,passeriformes,turdidae,Culex pipiens,FALSE,Culex pipiens,blood_meal,BloodMealMap,Czechia; Italy; United Kingdom,,,4
Turdus merula,9187,aves,passeriformes,turdidae,Culiseta morsitans,FALSE,Culiseta morsitans,blood_meal,BloodMealMap,United Kingdom,,,1
Turdus migratorius,9188,aves,passeriformes,turdidae,Aedes canadensis,FALSE,Aedes canadensis,blood_meal,BloodMealMap,Unites States,,,1
Turdus migratorius,9188,aves,passeriformes,turdidae,Aedes cantator,FALSE,Aedes cantator,blood_meal,BloodMealMap,Unites States,,,1
Turdus migratorius,9188,aves,passeriformes,turdidae,Aedes cinereus,FALSE,Aedes cinereus,blood_meal,BloodMealMap,Unites States,,,1
Turdus migratorius,9188,aves,passeriformes,turdidae,Aedes triseriatus,FALSE,Aedes triseriatus,blood_meal,BloodMealMap,Unites States,,,1
Turdus migratorius,9188,aves,passeriformes,turdidae,Aedes vexans,FALSE,Aedes vexans,blood_meal,BloodMealMap,Unites States,,,3
Turdus migratorius,9188,aves,passeriformes,turdidae,Amblyomma dissimile,FALSE,Amblyomma dissimile,on_host_occurrence,TickMap,United States of America,,,4
Turdus migratorius,9188,aves,passeriformes,turdidae,Coquillettidia perturbans,FALSE,Coquillettidia perturbans,blood_meal,BloodMealMap,Unites States,,,1
Turdus migratorius,9188,aves,passeriformes,turdidae,Culex erraticus,FALSE,Culex erraticus,blood_meal,BloodMealMap,Unites States,,,1
Turdus migratorius,9188,aves,passeriformes,turdidae,Culex molestus,FALSE,Culex molestus,blood_meal,BloodMealMap,Unites States,,,1
Turdus migratorius,9188,aves,passeriformes,turdidae,Culex pipiens,FALSE,Culex pipiens,blood_meal,BloodMealMap,Unites States,,,10
Turdus migratorius,9188,aves,passeriformes,turdidae,Culex quinquefasciatus,FALSE,Culex quinquefasciatus,blood_meal,BloodMealMap,Unites States,,,6
Turdus migratorius,9188,aves,passeriformes,turdidae,Culex restuans,FALSE,Culex restuans,blood_meal,BloodMealMap,Unites States,,,3
Turdus migratorius,9188,aves,passeriformes,turdidae,Culex salinarius,FALSE,Culex salinarius,blood_meal,BloodMealMap,Unites States,,,1
Turdus migratorius,9188,aves,passeriformes,turdidae,Culex stigmatosoma,FALSE,Culex stigmatosoma,blood_meal,BloodMealMap,Unites States,,,2
Turdus migratorius,9188,aves,passeriformes,turdidae,Culex tarsalis,FALSE,Culex tarsalis,blood_meal,BloodMealMap,Unites States,,,7
Turdus migratorius,9188,aves,passeriformes,turdidae,Culex territans,FALSE,Culex territans,blood_meal,BloodMealMap,Unites States,,,1
Turdus migratorius,9188,aves,passeriformes,turdidae,Culiseta melanura,FALSE,Culiseta melanura,blood_meal,BloodMealMap,Unites States,,,3
Turdus migratorius,9188,aves,passeriformes,turdidae,Culiseta morsitans,FALSE,Culiseta morsitans,blood_meal,BloodMealMap,Unites States,,,1
Turdus migratorius,9188,aves,passeriformes,turdidae,Haemaphysalis leporispalustris,FALSE,Haemaphysalis leporispalustris,on_host_occurrence,TickMap,United States of America,,B. burgdorferi sensu stricto; A. phagocytophilum,16
Turdus migratorius,9188,aves,passeriformes,turdidae,Ixodes affinis,FALSE,Ixodes affinis,on_host_occurrence,TickMap,United States of America,,,8
Turdus migratorius,9188,aves,passeriformes,turdidae,Ixodes brunneus,FALSE,Ixodes brunneus,on_host_occurrence,TickMap,United States of America,,,4
Turdus migratorius,9188,aves,passeriformes,turdidae,Ixodes dentatus,FALSE,Ixodes dentatus,on_host_occurrence,TickMap,United States of America,,B. burgdorferi sensu stricto; A. phagocytophilum,24
Turdus migratorius,9188,aves,passeriformes,turdidae,Ixodes muris,FALSE,Ixodes muris,on_host_occurrence,TickMap,United States of America,,,8
Turdus migratorius,9188,aves,passeriformes,turdidae,Ixodes pacificus,FALSE,Ixodes pacificus,on_host_occurrence,TickMap,United States of America,,Borrelia burgdorferi s.l.,20
Turdus migratorius,9188,aves,passeriformes,turdidae,Ixodes scapularis,FALSE,Ixodes scapularis,on_host_occurrence,TickMap,United States; United States of America,,B. burgdorferi sensu stricto; A. phagocytophilum; Borellia burgdorferi; Borrelia burgdorferi,77
Turdus migratorius,9188,aves,passeriformes,turdidae,Uranotaenia sapphirina,FALSE,Uranotaenia sapphirina,blood_meal,BloodMealMap,Unites States,,,1
Turdus philomelos,127946,aves,passeriformes,turdidae,Culex pipiens,FALSE,Culex pipiens,blood_meal,BloodMealMap,Czechia,,,1
Tyto alba,56313,aves,strigiformes,tytonidae,Anopheles maculipennis,FALSE,Anopheles maculipennis,blood_meal,BloodMealMap,United Kingdom,,,1
Tyto alba,56313,aves,strigiformes,tytonidae,Culex pipiens,FALSE,Culex pipiens,blood_meal,BloodMealMap,United Kingdom; Unites States,,,2
Tyto alba,56313,aves,strigiformes,tytonidae,Culex stigmatosoma,FALSE,Culex stigmatosoma,blood_meal,BloodMealMap,Unites States,,,1
Tyto alba,56313,aves,strigiformes,tytonidae,Culex tarsalis,FALSE,Culex tarsalis,blood_meal,BloodMealMap,Unites States,,,5
Urocyon cinereoargenteus,55040,mammalia,carnivora,canidae,Amblyomma americanum,FALSE,Amblyomma americanum,on_host_occurrence,TickMap,United States of America,,,48
Urocyon cinereoargenteus,55040,mammalia,carnivora,canidae,Amblyomma dissimile,FALSE,Amblyomma dissimile,on_host_occurrence,TickMap,United States of America,,,4
Urocyon cinereoargenteus,55040,mammalia,carnivora,canidae,Amblyomma maculatum,FALSE,Amblyomma maculatum,on_host_occurrence,TickMap,United States of America,,,8
Urocyon cinereoargenteus,55040,mammalia,carnivora,canidae,Ctenocephalides canis,FALSE,Ctenocephalides canis,on_host_occurrence,FleaMap,El Salvador; United States,,,3
Urocyon cinereoargenteus,55040,mammalia,carnivora,canidae,Ctenocephalides felis,FALSE,Ctenocephalides felis,on_host_occurrence,FleaMap,United States,,,3
Urocyon cinereoargenteus,55040,mammalia,carnivora,canidae,Dermacentor occidentalis,FALSE,Dermacentor occidentalis,on_host_occurrence,TickMap,United States of America,,,5
Urocyon cinereoargenteus,55040,mammalia,carnivora,canidae,Dermacentor variabilis,FALSE,Dermacentor variabilis,on_host_occurrence,TickMap,United States of America,,Rickettsia spp.,71
Urocyon cinereoargenteus,55040,mammalia,carnivora,canidae,Echidnophaga gallinacea,FALSE,Echidnophaga gallinacea,on_host_occurrence,FleaMap,United States,,,8
Urocyon cinereoargenteus,55040,mammalia,carnivora,canidae,Haemaphysalis leporispalustris,FALSE,Haemaphysalis leporispalustris,on_host_occurrence,TickMap,United States of America,,,16
Urocyon cinereoargenteus,55040,mammalia,carnivora,canidae,Ixodes cookei,FALSE,Ixodes cookei,on_host_occurrence,TickMap,United States of America,,,56
Urocyon cinereoargenteus,55040,mammalia,carnivora,canidae,Ixodes pacificus,FALSE,Ixodes pacificus,on_host_occurrence,TickMap,United States of America,,,26
Urocyon cinereoargenteus,55040,mammalia,carnivora,canidae,Ixodes scapularis,FALSE,Ixodes scapularis,on_host_occurrence,TickMap,United States of America,,,24
Urocyon cinereoargenteus,55040,mammalia,carnivora,canidae,Ixodes texanus,FALSE,Ixodes texanus,on_host_occurrence,TickMap,United States of America,,,21
Uroderma bilobatum,27663,mammalia,chiroptera,phyllostomidae,Culex nigripalpus,FALSE,Culex nigripalpus,blood_meal,BloodMealMap,Trinidad & Tobago,,,1
Ursus americanus,9643,mammalia,carnivora,ursidae,Amblyomma americanum,FALSE,Amblyomma americanum,on_host_occurrence,TickMap,United States of America,,,8
Ursus americanus,9643,mammalia,carnivora,ursidae,Amblyomma maculatum,FALSE,Amblyomma maculatum,on_host_occurrence,TickMap,United States of America,,,8
Ursus americanus,9643,mammalia,carnivora,ursidae,Dermacentor albipictus,FALSE,Dermacentor albipictus,on_host_occurrence,TickMap,United States of America,,,16
Ursus americanus,9643,mammalia,carnivora,ursidae,Dermacentor variabilis,FALSE,Dermacentor variabilis,on_host_occurrence,TickMap,United States of America,,Rickettsia spp.,40
Ursus americanus,9643,mammalia,carnivora,ursidae,Ixodes scapularis,FALSE,Ixodes scapularis,on_host_occurrence,TickMap,United States of America,,A. phagocytophilum; B. burgdorferi; Babesia spp.; Bartonella spp.; Borreelia sp.,32
Urva javanica,140016,mammalia,carnivora,herpestidae,Ctenocephalides felis,FALSE,Ctenocephalides felis,on_host_occurrence,FleaMap,United States,,,15
Vicugna pacos,30538,,,,Aedes vexans,FALSE,Aedes vexans,blood_meal,BloodMealMap,Unites States,,,1
Vulpes lagopus,494514,mammalia,carnivora,canidae,Aedes vexans,FALSE,Aedes vexans,blood_meal,BloodMealMap,Unites States,,,1
Vulpes lagopus,494514,mammalia,carnivora,canidae,Ctenocephalides canis,FALSE,Ctenocephalides canis,on_host_occurrence,FleaMap,United States,,,5
Vulpes macrotis,9630,mammalia,carnivora,canidae,Echidnophaga gallinacea,FALSE,Echidnophaga gallinacea,on_host_occurrence,FleaMap,United States,,,1
Vulpes velox,9631,mammalia,carnivora,canidae,Ixodes cookei,FALSE,Ixodes cookei,on_host_occurrence,TickMap,United States of America,,,1
Vulpes velox,9631,mammalia,carnivora,canidae,Ixodes kingi,FALSE,Ixodes kingi,on_host_occurrence,TickMap,United States of America,,,1
Vulpes velox,9631,mammalia,carnivora,canidae,Ixodes texanus,FALSE,Ixodes texanus,on_host_occurrence,TickMap,United States of America,,,5
Vulpes vulpes,9627,mammalia,carnivora,canidae,Aedes camptorhynchus,FALSE,Aedes camptorhynchus,blood_meal,BloodMealMap,Australia,,,2
Vulpes vulpes,9627,mammalia,carnivora,canidae,Aedes vexans,FALSE,Aedes vexans,blood_meal,BloodMealMap,Unites States,,,2
Vulpes vulpes,9627,mammalia,carnivora,canidae,Amblyomma americanum,FALSE,Amblyomma americanum,on_host_occurrence,TickMap,United States of America,,,24
Vulpes vulpes,9627,mammalia,carnivora,canidae,Coquillettidia richiardii,FALSE,Coquillettidia richiardii,blood_meal,BloodMealMap,Hungary,,,1
Vulpes vulpes,9627,mammalia,carnivora,canidae,Ctenocephalides canis,FALSE,Ctenocephalides canis,on_host_occurrence,FleaMap,Canada; United States,,,15
Vulpes vulpes,9627,mammalia,carnivora,canidae,Ctenocephalides felis,FALSE,Ctenocephalides felis,on_host_occurrence,FleaMap,United States,,,2
Vulpes vulpes,9627,mammalia,carnivora,canidae,Dermacentor variabilis,FALSE,Dermacentor variabilis,on_host_occurrence,TickMap,United States of America,,,24
Vulpes vulpes,9627,mammalia,carnivora,canidae,Echidnophaga gallinacea,FALSE,Echidnophaga gallinacea,on_host_occurrence,FleaMap,United States,,,12
Vulpes vulpes,9627,mammalia,carnivora,canidae,Haemaphysalis leachi,FALSE,Haemaphysalis leachi,on_host_occurrence,TickMap,Sudan,,,3
Vulpes vulpes,9627,mammalia,carnivora,canidae,Haemaphysalis leporispalustris,FALSE,Haemaphysalis leporispalustris,on_host_occurrence,TickMap,United States of America,,,8
Vulpes vulpes,9627,mammalia,carnivora,canidae,Ixodes cookei,FALSE,Ixodes cookei,on_host_occurrence,TickMap,United States of America,,,40
Vulpes vulpes,9627,mammalia,carnivora,canidae,Ixodes hexagonus,FALSE,Ixodes hexagonus,on_host_occurrence,TickMap,Morocco,,,2
Vulpes vulpes,9627,mammalia,carnivora,canidae,Ixodes muris,FALSE,Ixodes muris,on_host_occurrence,TickMap,United States of America,,,16
Vulpes vulpes,9627,mammalia,carnivora,canidae,Ixodes ricinus,FALSE,Ixodes ricinus,on_host_occurrence,TickMap,Morocco,,,2
Vulpes vulpes,9627,mammalia,carnivora,canidae,Ixodes scapularis,FALSE,Ixodes scapularis,on_host_occurrence,TickMap,United States of America,,,4
Vulpes vulpes,9627,mammalia,carnivora,canidae,Ixodes ventalloi,FALSE,Ixodes ventalloi,on_host_occurrence,TickMap,Morocco,,,1
Vulpes vulpes,9627,mammalia,carnivora,canidae,Ornithodoros delanoei,FALSE,Ornithodoros delanoei,on_host_occurrence,TickMap,Morocco,,,1
Vulpes vulpes,9627,mammalia,carnivora,canidae,Ornithodoros erraticus,FALSE,Ornithodoros erraticus,on_host_occurrence,TickMap,Morocco,,,1
Xerus erythropus,327507,mammalia,rodentia,sciuridae,Amblyomma nuttalli,FALSE,Amblyomma nuttalli,on_host_occurrence,TickMap,Burkina Faso,,,1
Xerus erythropus,327507,mammalia,rodentia,sciuridae,Amblyomma variegatum,FALSE,Amblyomma variegatum,on_host_occurrence,TickMap,Sudan,,,1
Xerus erythropus,327507,mammalia,rodentia,sciuridae,Ctenocephalides felis,FALSE,Ctenocephalides felis,on_host_occurrence,FleaMap,Nigeria,,,1
Xerus erythropus,327507,mammalia,rodentia,sciuridae,Ctenocephalides felis,TRUE,Ctenocephalides felis strongylus,on_host_occurrence,FleaMap,Burkina Faso,,,63
Xerus erythropus,327507,mammalia,rodentia,sciuridae,Haemaphysalis houyi,FALSE,Haemaphysalis houyi,on_host_occurrence,TickMap,Burkina Faso; Cameroon; Chad; Cote D'Ivoire; Sudan; Uganda,,,16
Xerus erythropus,327507,mammalia,rodentia,sciuridae,Haemaphysalis leachi,FALSE,Haemaphysalis leachi,on_host_occurrence,TickMap,Nigeria,,,1
Xerus erythropus,327507,mammalia,rodentia,sciuridae,Rhipicephalus guilhoni,FALSE,Rhipicephalus guilhoni,on_host_occurrence,TickMap,Cameroon,,,1
Xerus erythropus,327507,mammalia,rodentia,sciuridae,Rhipicephalus muhsamae,FALSE,Rhipicephalus muhsamae,on_host_occurrence,TickMap,Cameroon,,,3
Xerus erythropus,327507,mammalia,rodentia,sciuridae,Xenopsylla cheopis,FALSE,Xenopsylla cheopis,on_host_occurrence,FleaMap,Ghana,,,1
Zenaida asiatica,93382,aves,columbiformes,columbidae,Culex pipiens,FALSE,Culex pipiens,blood_meal,BloodMealMap,Unites States,,,1
Zenaida asiatica,93382,aves,columbiformes,columbidae,Culex quinquefasciatus,FALSE,Culex quinquefasciatus,blood_meal,BloodMealMap,Unites States,,,1
Zenaida macroura,47245,aves,columbiformes,columbidae,Aedes triseriatus,FALSE,Aedes triseriatus,blood_meal,BloodMealMap,Unites States,,,1
Zenaida macroura,47245,aves,columbiformes,columbidae,Aedes trivittatus,FALSE,Aedes trivittatus,blood_meal,BloodMealMap,Unites States,,,1
Zenaida macroura,47245,aves,columbiformes,columbidae,Aedes vexans,FALSE,Aedes vexans,blood_meal,BloodMealMap,Unites States,,,2
Zenaida macroura,47245,aves,columbiformes,columbidae,Coquillettidia perturbans,FALSE,Coquillettidia perturbans,blood_meal,BloodMealMap,Unites States,,,2
Zenaida macroura,47245,aves,columbiformes,columbidae,Culex pipiens,FALSE,Culex pipiens,blood_meal,BloodMealMap,Unites States,,,5
Zenaida macroura,47245,aves,columbiformes,columbidae,Culex quinquefasciatus,FALSE,Culex quinquefasciatus,blood_meal,BloodMealMap,Unites States,,,5
Zenaida macroura,47245,aves,columbiformes,columbidae,Culex restuans,FALSE,Culex restuans,blood_meal,BloodMealMap,Unites States,,,1
Zenaida macroura,47245,aves,columbiformes,columbidae,Culex stigmatosoma,FALSE,Culex stigmatosoma,blood_meal,BloodMealMap,Unites States,,,2
Zenaida macroura,47245,aves,columbiformes,columbidae,Culex tarsalis,FALSE,Culex tarsalis,blood_meal,BloodMealMap,Unites States,,,9
Zenaida macroura,47245,aves,columbiformes,columbidae,Culex territans,FALSE,Culex territans,blood_meal,BloodMealMap,Unites States,,,1
Zenaida macroura,47245,aves,columbiformes,columbidae,Culiseta melanura,FALSE,Culiseta melanura,blood_meal,BloodMealMap,Unites States,,,3
Zenaida macroura,47245,aves,columbiformes,columbidae,Culiseta morsitans,FALSE,Culiseta morsitans,blood_meal,BloodMealMap,Unites States,,,1
