matched_who_host,vector_species_analysis,vector_species_needs_review,matched_who_host_tax_id,matched_who_host_class,matched_who_host_order,matched_who_host_family,vector_name_taxonomy_examples,source_platform_examples,source_dataset_examples,interaction_type_examples,country_examples,review_reason_examples,record_count
Accipiter cooperii,Culex pipiens,FALSE,261198,aves,accipitriformes,accipitridae,Culex pipiens,VectorMap,BloodMealMap,blood_meal,Unites States,,3
Accipiter cooperii,Culex quinquefasciatus,FALSE,261198,aves,accipitriformes,accipitridae,Culex quinquefasciatus,VectorMap,BloodMealMap,blood_meal,Unites States,,2
Accipiter cooperii,Culex stigmatosoma,FALSE,261198,aves,accipitriformes,accipitridae,Culex stigmatosoma,VectorMap,BloodMealMap,blood_meal,Unites States,,2
Accipiter cooperii,Culex tarsalis,FALSE,261198,aves,accipitriformes,accipitridae,Culex tarsalis,VectorMap,BloodMealMap,blood_meal,Unites States,,3
Accipiter cooperii,Culiseta morsitans,FALSE,261198,aves,accipitriformes,accipitridae,Culiseta morsitans,VectorMap,BloodMealMap,blood_meal,Unites States,,1
Accipiter striatus,Echidnophaga gallinacea,FALSE,56330,aves,accipitriformes,accipitridae,Echidnophaga gallinacea,VectorMap,FleaMap,on_host_occurrence,United States,,1
Acinonyx jubatus,Amblyomma lepidum,FALSE,32536,mammalia,carnivora,felidae,Amblyomma lepidum,VectorMap,TickMap,on_host_occurrence,Sudan,,1
Acinonyx jubatus,Amblyomma variegatum,FALSE,32536,mammalia,carnivora,felidae,Amblyomma variegatum,VectorMap,TickMap,on_host_occurrence,Malawi,,1
Agelaius phoeniceus,Aedes cinereus,FALSE,39638,aves,passeriformes,icteridae,Aedes cinereus,VectorMap,BloodMealMap,blood_meal,Unites States,,1
Agelaius phoeniceus,Coquillettidia perturbans,FALSE,39638,aves,passeriformes,icteridae,Coquillettidia perturbans,VectorMap,BloodMealMap,blood_meal,Unites States,,1
Agelaius phoeniceus,Culex pipiens,FALSE,39638,aves,passeriformes,icteridae,Culex pipiens,VectorMap,BloodMealMap,blood_meal,Unites States,,1
Agelaius phoeniceus,Culex restuans,FALSE,39638,aves,passeriformes,icteridae,Culex restuans,VectorMap,BloodMealMap,blood_meal,Unites States,,1
Agelaius phoeniceus,Culex stigmatosoma,FALSE,39638,aves,passeriformes,icteridae,Culex stigmatosoma,VectorMap,BloodMealMap,blood_meal,Unites States,,1
Agelaius phoeniceus,Culex tarsalis,FALSE,39638,aves,passeriformes,icteridae,Culex tarsalis,VectorMap,BloodMealMap,blood_meal,Unites States,,3
Agelaius phoeniceus,Culex thriambus,FALSE,39638,aves,passeriformes,icteridae,Culex thriambus,VectorMap,BloodMealMap,blood_meal,Unites States,,1
Agelaius phoeniceus,Culiseta melanura,FALSE,39638,aves,passeriformes,icteridae,Culiseta melanura,VectorMap,BloodMealMap,blood_meal,Unites States,,2
Agelaius phoeniceus,Haemaphysalis chordeilis,FALSE,39638,aves,passeriformes,icteridae,Haemaphysalis chordeilis,VectorMap,TickMap,on_host_occurrence,United States of America,,4
Agelaius phoeniceus,Haemaphysalis leporispalustris,FALSE,39638,aves,passeriformes,icteridae,Haemaphysalis leporispalustris,VectorMap,TickMap,on_host_occurrence,United States of America,,24
Agelaius phoeniceus,Ixodes scapularis,FALSE,39638,aves,passeriformes,icteridae,Ixodes scapularis,VectorMap,TickMap,on_host_occurrence,United States of America,,8
Ailurus fulgens,Aedes vexans,FALSE,9649,mammalia,carnivora,ailuridae,Aedes vexans,VectorMap,BloodMealMap,blood_meal,Unites States,,1
Aix sponsa,Culex erraticus,FALSE,8833,aves,anseriformes,anatidae,Culex erraticus,VectorMap,BloodMealMap,blood_meal,Unites States,,1
Aix sponsa,Culex peccator,FALSE,8833,aves,anseriformes,anatidae,Culex peccator,VectorMap,BloodMealMap,blood_meal,Unites States,,1
Aix sponsa,Culiseta melanura,FALSE,8833,aves,anseriformes,anatidae,Culiseta melanura,VectorMap,BloodMealMap,blood_meal,Unites States,,1
Alces alces,Dermacentor albipictus,FALSE,9852,mammalia,artiodactyla,cervidae,Dermacentor albipictus,VectorMap,TickMap,on_host_occurrence,United States of America,,83
Alectoris barbara,Hyalomma marginatum,FALSE,40177,aves,galliformes,phasianidae,Hyalomma marginatum,VectorMap,TickMap,on_host_occurrence,Morocco,,1
Alectoris barbara,Ixodes festai,FALSE,40177,aves,galliformes,phasianidae,Ixodes festai,VectorMap,TickMap,on_host_occurrence,Morocco,,2
Alectoris barbara,Ixodes ricinus,FALSE,40177,aves,galliformes,phasianidae,Ixodes ricinus,VectorMap,TickMap,on_host_occurrence,Morocco,,1
Alligator mississippiensis,Culex atratus,FALSE,8496,reptilia,crocodylia,alligatoridae,Culex atratus,VectorMap,BloodMealMap,blood_meal,Unites States,,1
Alligator mississippiensis,Culex iolambdis,FALSE,8496,reptilia,crocodylia,alligatoridae,Culex iolambdis,VectorMap,BloodMealMap,blood_meal,Unites States,,1
Alligator mississippiensis,Culex peccator,FALSE,8496,reptilia,crocodylia,alligatoridae,Culex peccator,VectorMap,BloodMealMap,blood_meal,Unites States,,5
Alligator mississippiensis,Culex pilosus,FALSE,8496,reptilia,crocodylia,alligatoridae,Culex pilosus,VectorMap,BloodMealMap,blood_meal,Unites States,,1
Anas acuta,Culex tarsalis,FALSE,28680,aves,anseriformes,anatidae,Culex tarsalis,VectorMap,BloodMealMap,blood_meal,Unites States,,1
Anas platyrhynchos,Aedes vexans,FALSE,8839,aves,anseriformes,anatidae,Aedes vexans,VectorMap,BloodMealMap,blood_meal,Unites States,,1
Anas platyrhynchos,Culex modestus,FALSE,8839,aves,anseriformes,anatidae,Culex modestus,VectorMap,BloodMealMap,blood_meal,Czechia,,1
Anas platyrhynchos,Culex pipiens,FALSE,8839,aves,anseriformes,anatidae,Culex pipiens,VectorMap,BloodMealMap,blood_meal,Czechia; Unites States,,2
Anas platyrhynchos,Culex quinquefasciatus,FALSE,8839,aves,anseriformes,anatidae,Culex quinquefasciatus,VectorMap,BloodMealMap,blood_meal,Unites States,,1
Anas platyrhynchos,Culex restuans,FALSE,8839,aves,anseriformes,anatidae,Culex restuans,VectorMap,BloodMealMap,blood_meal,Unites States,,1
Anas platyrhynchos,Culex tarsalis,FALSE,8839,aves,anseriformes,anatidae,Culex tarsalis,VectorMap,BloodMealMap,blood_meal,Unites States,,2
Anas platyrhynchos,Culiseta melanura,FALSE,8839,aves,anseriformes,anatidae,Culiseta melanura,VectorMap,BloodMealMap,blood_meal,Unites States,,1
Anser albifrons,Culex pipiens,FALSE,50365,aves,anseriformes,anatidae,Culex pipiens,VectorMap,BloodMealMap,blood_meal,Czechia,,1
Anser anser,Aedes vexans,FALSE,8843,aves,anseriformes,anatidae,Aedes vexans,VectorMap,BloodMealMap,blood_meal,Unites States,,1
Anser anser,Armigeres subalbatus,FALSE,8843,aves,anseriformes,anatidae,Armigeres subalbatus,VectorMap,BloodMealMap,blood_meal,Japan,,1
Anser anser,Culex annulirostris,FALSE,8843,aves,anseriformes,anatidae,Culex annulirostris,VectorMap,BloodMealMap,blood_meal,Australia,,1
Anser anser,Culex modestus,FALSE,8843,aves,anseriformes,anatidae,Culex modestus,VectorMap,BloodMealMap,blood_meal,Czechia,,1
Anser anser,Culex pipiens,FALSE,8843,aves,anseriformes,anatidae,Culex pipiens,VectorMap,BloodMealMap,blood_meal,Czechia,,1
Anser anser,Culex quinquefasciatus,FALSE,8843,aves,anseriformes,anatidae,Culex quinquefasciatus,VectorMap,BloodMealMap,blood_meal,Unites States,,1
Anser erythropus,Aedes vexans,FALSE,132586,aves,anseriformes,anatidae,Aedes vexans,VectorMap,BloodMealMap,blood_meal,Serbia,,1
Anthus trivialis,Ixodes euplecti,FALSE,45804,aves,passeriformes,motacillidae,Ixodes euplecti,VectorMap,TickMap,on_host_occurrence,Egypt,,1
Anthus trivialis,Ixodes spinae,FALSE,45804,aves,passeriformes,motacillidae,Ixodes spinae,VectorMap,TickMap,on_host_occurrence,"Congo, The Democratic Republic of The",,1
Antidorcas marsupialis,Rhipicephalus evertsi,FALSE,59523,mammalia,artiodactyla,bovidae,Rhipicephalus evertsi evertsi,VectorMap,TickMap,on_host_occurrence,South Africa,,1
Aphelocoma californica,Culex pipiens,FALSE,142466,aves,passeriformes,corvidae,Culex pipiens,VectorMap,BloodMealMap,blood_meal,Unites States,,6
Aphelocoma californica,Culex stigmatosoma,FALSE,142466,aves,passeriformes,corvidae,Culex stigmatosoma,VectorMap,BloodMealMap,blood_meal,Unites States,,3
Aphelocoma californica,Culex tarsalis,FALSE,142466,aves,passeriformes,corvidae,Culex tarsalis,VectorMap,BloodMealMap,blood_meal,Unites States,,6
Aphelocoma californica,Culex thriambus,FALSE,142466,aves,passeriformes,corvidae,Culex thriambus,VectorMap,BloodMealMap,blood_meal,Unites States,,1
Aphelocoma californica,Haemaphysalis leporispalustris,FALSE,142466,aves,passeriformes,corvidae,Haemaphysalis leporispalustris,VectorMap,TickMap,on_host_occurrence,United States of America,,5
Apodemus agrarius,Cheladonta ikaoensis,FALSE,39030,mammalia,rodentia,muridae,Cheladonta ikaoensis,VectorMap,MiteMap,on_host_occurrence,Republic of Korea,,1
Apodemus agrarius,Euschoengastica koreaensis,FALSE,39030,mammalia,rodentia,muridae,Euschoengastica koreaensis,VectorMap,MiteMap,on_host_occurrence,Republic of Korea,,1
Apodemus agrarius,Leptotrombidium gemiticulum,FALSE,39030,mammalia,rodentia,muridae,Leptotrombidium gemiticulum,VectorMap,MiteMap,on_host_occurrence,Republic of Korea,,1
Apodemus agrarius,Leptotrombidium orientale,FALSE,39030,mammalia,rodentia,muridae,Leptotrombidium orientale,VectorMap,MiteMap,on_host_occurrence,Republic of Korea,,1
Apodemus agrarius,Leptotrombidium pallidum,FALSE,39030,mammalia,rodentia,muridae,Leptotrombidium pallidum,VectorMap,MiteMap,on_host_occurrence,Republic of Korea,,4
Apodemus agrarius,Leptotrombidium palpale,FALSE,39030,mammalia,rodentia,muridae,Leptotrombidium palpale,VectorMap,MiteMap,on_host_occurrence,Republic of Korea,,1
Apodemus agrarius,Leptotrombidium scutellare,FALSE,39030,mammalia,rodentia,muridae,Leptotrombidium scutellare,VectorMap,MiteMap,on_host_occurrence,Republic of Korea,,2
Apodemus agrarius,Leptotrombidium zetum,FALSE,39030,mammalia,rodentia,muridae,Leptotrombidium zetum,VectorMap,MiteMap,on_host_occurrence,Republic of Korea,,1
Apodemus agrarius,Neotrombidium gardellai,FALSE,39030,mammalia,rodentia,muridae,Neotrombidium gardellai,VectorMap,MiteMap,on_host_occurrence,Republic of Korea,,1
Apodemus agrarius,Neotrombidium japonica,FALSE,39030,mammalia,rodentia,muridae,Neotrombidium japonica,VectorMap,MiteMap,on_host_occurrence,Republic of Korea,,1
Apodemus agrarius,Xenopsylla cheopis,FALSE,39030,mammalia,rodentia,muridae,Xenopsylla cheopis,VectorMap,FleaMap,on_host_occurrence,"Korea, Republic Of",,1
Apodemus speciosus,Aedes albopictus,FALSE,105296,mammalia,rodentia,muridae,Aedes albopictus,VectorMap,BloodMealMap,blood_meal,Japan,,1
Apodemus speciosus,Culex tritaeniorhynchus,FALSE,105296,mammalia,rodentia,muridae,Culex tritaeniorhynchus,VectorMap,BloodMealMap,blood_meal,Japan,,1
Apodemus sylvaticus,Dermacentor raskemensis,FALSE,10129,mammalia,rodentia,muridae,Dermacentor raskemensis,VectorMap,TickMap,on_host_occurrence,Afghanistan,,1
Apodemus sylvaticus,Ixodes ventalloi,FALSE,10129,mammalia,rodentia,muridae,Ixodes ventalloi,VectorMap,TickMap,on_host_occurrence,Morocco,,1
Ardea alba,Culex erraticus,FALSE,110620,aves,pelecaniformes,ardeidae,Culex erraticus,VectorMap,BloodMealMap,blood_meal,Unites States,,5
Ardea alba,Culex stigmatosoma,FALSE,110620,aves,pelecaniformes,ardeidae,Culex stigmatosoma,VectorMap,BloodMealMap,blood_meal,Unites States,,1
Ardea alba,Culex tarsalis,FALSE,110620,aves,pelecaniformes,ardeidae,Culex tarsalis,VectorMap,BloodMealMap,blood_meal,Unites States,,1
Ardea cinerea,Culex decens,FALSE,30390,aves,pelecaniformes,ardeidae,Culex decens,VectorMap,BloodMealMap,blood_meal,Senegal,,1
Ardea cinerea,Culex pipiens,FALSE,30390,aves,pelecaniformes,ardeidae,Culex pipiens,MapVEu; VectorMap,BloodMealMap; MapVEu,blood_meal,Czechia; United Kingdom,,5
Ardea herodias,Aedes vexans,FALSE,56072,aves,pelecaniformes,ardeidae,Aedes vexans,VectorMap,BloodMealMap,blood_meal,Unites States,,2
Ardea herodias,Culex erraticus,FALSE,56072,aves,pelecaniformes,ardeidae,Culex erraticus,VectorMap,BloodMealMap,blood_meal,Unites States,,4
Ardea herodias,Culex iolambdis,FALSE,56072,aves,pelecaniformes,ardeidae,Culex iolambdis,VectorMap,BloodMealMap,blood_meal,Unites States,,1
Ardea herodias,Culex peccator,FALSE,56072,aves,pelecaniformes,ardeidae,Culex peccator,VectorMap,BloodMealMap,blood_meal,Unites States,,1
Ardea herodias,Culex restuans,FALSE,56072,aves,pelecaniformes,ardeidae,Culex restuans,VectorMap,BloodMealMap,blood_meal,Unites States,,1
Ardea herodias,Culex tarsalis,FALSE,56072,aves,pelecaniformes,ardeidae,Culex tarsalis,VectorMap,BloodMealMap,blood_meal,Unites States,,1
Arvicanthis niloticus,Ctenocephalides felis,FALSE,61156,mammalia,rodentia,muridae,Ctenocephalides felis,VectorMap,FleaMap,on_host_occurrence,Egypt; Senegal,,2
Arvicanthis niloticus,Ctenocephalides felis,TRUE,61156,mammalia,rodentia,muridae,Ctenocephalides felis strongylus,VectorMap,FleaMap,on_host_occurrence,Burkina Faso,,11
Arvicanthis niloticus,Haemaphysalis leachi,FALSE,61156,mammalia,rodentia,muridae,Haemaphysalis leachi,VectorMap,TickMap,on_host_occurrence,"Congo, The Democratic Republic of The; Nigeria; Sudan",,5
Arvicanthis niloticus,Hyalomma truncatum,FALSE,61156,mammalia,rodentia,muridae,Hyalomma truncatum,VectorMap,TickMap,on_host_occurrence,Cameroon,,1
Arvicanthis niloticus,Ixodes nairobiensis,FALSE,61156,mammalia,rodentia,muridae,Ixodes nairobiensis,VectorMap,TickMap,on_host_occurrence,"Congo, The Democratic Republic of The",,1
Arvicanthis niloticus,Ixodes nchisiensis,FALSE,61156,mammalia,rodentia,muridae,Ixodes nchisiensis,VectorMap,TickMap,on_host_occurrence,"Congo, The Democratic Republic of The; Malawi",,2
Arvicanthis niloticus,Ixodes thomasae,FALSE,61156,mammalia,rodentia,muridae,Ixodes thomasae,VectorMap,TickMap,on_host_occurrence,Kenya,,1
Arvicanthis niloticus,Ornithodoros sonrai,FALSE,61156,mammalia,rodentia,muridae,Ornithodoros sonrai,VectorMap,TickMap,on_host_occurrence,Chad,,1
Arvicanthis niloticus,Rhipicephalus guilhoni,FALSE,61156,mammalia,rodentia,muridae,Rhipicephalus guilhoni,VectorMap,TickMap,on_host_occurrence,Cameroon,,2
Arvicanthis niloticus,Rhipicephalus sanguineus,FALSE,61156,mammalia,rodentia,muridae,Rhipicephalus sanguineus,VectorMap,TickMap,on_host_occurrence,"Central African Republic; Congo, The Democratic Republic of The",,2
Arvicanthis niloticus,Rhipicephalus simus,FALSE,61156,mammalia,rodentia,muridae,Rhipicephalus simus,VectorMap,TickMap,on_host_occurrence,Egypt; Sudan,,7
Arvicanthis niloticus,Xenopsylla cheopis,FALSE,61156,mammalia,rodentia,muridae,Xenopsylla cheopis,VectorMap,FleaMap,on_host_occurrence,Burkina Faso; Côte D'ivoire; Egypt; Ghana; Mauritania; Sudan,,182
Asio otus,Culex pipiens,FALSE,111810,aves,strigiformes,strigidae,Culex pipiens,MapVEu; VectorMap,BloodMealMap; MapVEu,blood_meal,United Kingdom,,2
Atelerix albiventris,Amblyomma nuttalli,FALSE,9368,mammalia,eulipotyphla,erinaceidae,Amblyomma nuttalli,VectorMap,TickMap,on_host_occurrence,Burkina Faso,,2
Atelerix albiventris,Amblyomma variegatum,FALSE,9368,mammalia,eulipotyphla,erinaceidae,Amblyomma variegatum,VectorMap,TickMap,on_host_occurrence,Cameroon; Nigeria; Sudan,,3
Atelerix albiventris,Ctenocephalides felis,FALSE,9368,mammalia,eulipotyphla,erinaceidae,Ctenocephalides felis,VectorMap,FleaMap,on_host_occurrence,Burkina Faso; Togo,,7
Atelerix albiventris,Ctenocephalides felis,TRUE,9368,mammalia,eulipotyphla,erinaceidae,Ctenocephalides felis strongylus,VectorMap,FleaMap,on_host_occurrence,Burkina Faso; Ghana,,85
Atelerix albiventris,Haemaphysalis aciculifer,FALSE,9368,mammalia,eulipotyphla,erinaceidae,Haemaphysalis aciculifer,VectorMap,TickMap,on_host_occurrence,"Tanzania, United Republic of",,1
Atelerix albiventris,Haemaphysalis houyi,FALSE,9368,mammalia,eulipotyphla,erinaceidae,Haemaphysalis houyi,VectorMap,TickMap,on_host_occurrence,Burkina Faso,,1
Atelerix albiventris,Haemaphysalis leachi,FALSE,9368,mammalia,eulipotyphla,erinaceidae,Haemaphysalis leachi,VectorMap,TickMap,on_host_occurrence,Burkina Faso; Nigeria,,3
Atelerix albiventris,Haemaphysalis moreli,FALSE,9368,mammalia,eulipotyphla,erinaceidae,Haemaphysalis moreli,VectorMap,TickMap,on_host_occurrence,Senegal,,2
Atelerix albiventris,Haemaphysalis spinulosa,FALSE,9368,mammalia,eulipotyphla,erinaceidae,Haemaphysalis spinulosa,VectorMap,TickMap,on_host_occurrence,Cameroon; Sudan,,4
Atelerix albiventris,Hyalomma rufipes,FALSE,9368,mammalia,eulipotyphla,erinaceidae,Hyalomma rufipes,VectorMap,TickMap,on_host_occurrence,Cameroon,,1
Atelerix albiventris,Hyalomma truncatum,FALSE,9368,mammalia,eulipotyphla,erinaceidae,Hyalomma truncatum,VectorMap,TickMap,on_host_occurrence,Cameroon,,1
Atelerix albiventris,Rhipicephalus guilhoni,FALSE,9368,mammalia,eulipotyphla,erinaceidae,Rhipicephalus guilhoni,VectorMap,TickMap,on_host_occurrence,Cameroon,,1
Atelerix albiventris,Rhipicephalus pravus,FALSE,9368,mammalia,eulipotyphla,erinaceidae,Rhipicephalus pravus,VectorMap,TickMap,on_host_occurrence,Sudan,,1
Atelerix albiventris,Rhipicephalus sanguineus,FALSE,9368,mammalia,eulipotyphla,erinaceidae,Rhipicephalus sanguineus,VectorMap,TickMap,on_host_occurrence,Nigeria; Sudan,,4
Atelerix albiventris,Rhipicephalus sulcatus,FALSE,9368,mammalia,eulipotyphla,erinaceidae,Rhipicephalus sulcatus,VectorMap,TickMap,on_host_occurrence,Burkina Faso,,2
Atelerix albiventris,Xenopsylla cheopis,FALSE,9368,mammalia,eulipotyphla,erinaceidae,Xenopsylla cheopis,VectorMap,FleaMap,on_host_occurrence,Senegal,,1
Athene cunicularia,Culex pipiens,FALSE,194338,aves,strigiformes,strigidae,Culex pipiens,VectorMap,BloodMealMap,blood_meal,Unites States,,1
Athene cunicularia,Ornithodoros parkeri,FALSE,194338,aves,strigiformes,strigidae,Ornithodoros parkeri,VectorMap,TickMap,on_host_occurrence,United States,,10
Athene cunicularia,Oropsylla tuberculata,TRUE,194338,aves,strigiformes,strigidae,Oropsylla tuberculata cynomuris,VectorMap,FleaMap,on_host_occurrence,United States,,1
Athene noctua,Hyalomma marginatum,FALSE,126797,aves,strigiformes,strigidae,Hyalomma marginatum,VectorMap,TickMap,on_host_occurrence,Morocco,,1
Baeolophus bicolor,Amblyomma americanum,FALSE,88114,aves,passeriformes,paridae,Amblyomma americanum,VectorMap,TickMap,on_host_occurrence,United States of America,,16
Baeolophus bicolor,Culex erraticus,FALSE,88114,aves,passeriformes,paridae,Culex erraticus,VectorMap,BloodMealMap,blood_meal,Unites States,,2
Baeolophus bicolor,Culex quinquefasciatus,FALSE,88114,aves,passeriformes,paridae,Culex quinquefasciatus,VectorMap,BloodMealMap,blood_meal,Unites States,,1
Baeolophus bicolor,Culex restuans,FALSE,88114,aves,passeriformes,paridae,Culex restuans,VectorMap,BloodMealMap,blood_meal,Unites States,,1
Baeolophus bicolor,Culiseta melanura,FALSE,88114,aves,passeriformes,paridae,Culiseta melanura,VectorMap,BloodMealMap,blood_meal,Unites States,,4
Baeolophus bicolor,Ixodes brunneus,FALSE,88114,aves,passeriformes,paridae,Ixodes brunneus,VectorMap,TickMap,on_host_occurrence,United States of America,,8
Baeolophus bicolor,Ixodes scapularis,FALSE,88114,aves,passeriformes,paridae,Ixodes scapularis,VectorMap,TickMap,on_host_occurrence,United States; United States of America,,12
Baeolophus inornatus,Culex pipiens,FALSE,142467,aves,passeriformes,paridae,Culex pipiens,VectorMap,BloodMealMap,blood_meal,Unites States,,1
Baeolophus inornatus,Culex stigmatosoma,FALSE,142467,aves,passeriformes,paridae,Culex stigmatosoma,VectorMap,BloodMealMap,blood_meal,Unites States,,1
Baeolophus inornatus,Culex tarsalis,FALSE,142467,aves,passeriformes,paridae,Culex tarsalis,VectorMap,BloodMealMap,blood_meal,Unites States,,1
Baeolophus inornatus,Culex thriambus,FALSE,142467,aves,passeriformes,paridae,Culex thriambus,VectorMap,BloodMealMap,blood_meal,Unites States,,1
Baeolophus inornatus,Ixodes pacificus,FALSE,142467,aves,passeriformes,paridae,Ixodes pacificus,VectorMap,TickMap,on_host_occurrence,United States of America,,27
Balearica pavonina,Argas arboreus,FALSE,30414,aves,gruiformes,gruidae,Argas arboreus,VectorMap,TickMap,on_host_occurrence,Chad,,1
Bandicota indica,Haemaphysalis bandicota,FALSE,456472,mammalia,rodentia,muridae,Haemaphysalis bandicota,VectorMap,TickMap,on_host_occurrence,Thailand,,10
Bandicota indica,Leptotrombidium chiangraiensis,FALSE,456472,mammalia,rodentia,muridae,Leptotrombidium chiangraiensis,VectorMap,MiteMap,on_host_occurrence,Thailand,,1
Bandicota indica,Leptotrombidium imphalum,FALSE,456472,mammalia,rodentia,muridae,Leptotrombidium imphalum,VectorMap,MiteMap,on_host_occurrence,Thailand,,1
Bandicota indica,Sarcoptes scabiei,FALSE,456472,mammalia,rodentia,muridae,Sarcoptes scabiei,VectorMap,MiteMap,on_host_occurrence,Thailand,,2
Boaedon olivaceus,Amblyomma latum,FALSE,292868,reptilia,squamata,lamprophiidae,Amblyomma latum,VectorMap,TickMap,on_host_occurrence,Cote D'Ivoire,,1
Bombycilla cedrorum,Culex pipiens,FALSE,161648,aves,passeriformes,bombycillidae,Culex pipiens,VectorMap,BloodMealMap,blood_meal,Unites States,,5
Bombycilla cedrorum,Culex quinquefasciatus,FALSE,161648,aves,passeriformes,bombycillidae,Culex quinquefasciatus,VectorMap,BloodMealMap,blood_meal,Unites States,,1
Bombycilla cedrorum,Culex stigmatosoma,FALSE,161648,aves,passeriformes,bombycillidae,Culex stigmatosoma,VectorMap,BloodMealMap,blood_meal,Unites States,,1
Bombycilla cedrorum,Culex tarsalis,FALSE,161648,aves,passeriformes,bombycillidae,Culex tarsalis,VectorMap,BloodMealMap,blood_meal,Unites States,,2
Bombycilla cedrorum,Culiseta melanura,FALSE,161648,aves,passeriformes,bombycillidae,Culiseta melanura,VectorMap,BloodMealMap,blood_meal,Unites States,,2
Bombycilla cedrorum,Culiseta morsitans,FALSE,161648,aves,passeriformes,bombycillidae,Culiseta morsitans,VectorMap,BloodMealMap,blood_meal,Unites States,,1
Bombycilla cedrorum,Ixodes brunneus,FALSE,161648,aves,passeriformes,bombycillidae,Ixodes brunneus,VectorMap,TickMap,on_host_occurrence,United States of America,,8
Bombycilla cedrorum,Ixodes scapularis,FALSE,161648,aves,passeriformes,bombycillidae,Ixodes scapularis,VectorMap,TickMap,on_host_occurrence,United States of America,,4
Bos taurus,Aedeomyia africana,FALSE,9913,mammalia,artiodactyla,bovidae,Aedeomyia africana,VectorMap,BloodMealMap,blood_meal,Kenya,,1
Bos taurus,Aedes abserratus,FALSE,9913,mammalia,artiodactyla,bovidae,Aedes abserratus,VectorMap,BloodMealMap,blood_meal,Unites States,,1
Bos taurus,Aedes aegypti,FALSE,9913,mammalia,artiodactyla,bovidae,Aedes aegypti,VectorMap,BloodMealMap,blood_meal,Kenya,,2
Bos taurus,Aedes albopictus,FALSE,9913,mammalia,artiodactyla,bovidae,Aedes albopictus,VectorMap,BloodMealMap,blood_meal,Japan; Unites States,,2
Bos taurus,Aedes atlanticus,FALSE,9913,mammalia,artiodactyla,bovidae,Aedes atlanticus,VectorMap,BloodMealMap,blood_meal,Unites States,,1
Bos taurus,Aedes bancroftianus,FALSE,9913,mammalia,artiodactyla,bovidae,Aedes bancroftianus,VectorMap,BloodMealMap,blood_meal,Australia,,1
Bos taurus,Aedes caballus,FALSE,9913,mammalia,artiodactyla,bovidae,Aedes caballus,VectorMap,BloodMealMap,blood_meal,South Africa,,1
Bos taurus,Aedes camptorhynchus,FALSE,9913,mammalia,artiodactyla,bovidae,Aedes camptorhynchus,VectorMap,BloodMealMap,blood_meal,Australia,,1
Bos taurus,Aedes cantans,FALSE,9913,mammalia,artiodactyla,bovidae,Aedes cantans,VectorMap,BloodMealMap,blood_meal,United Kingdom,,1
Bos taurus,Aedes caspius,FALSE,9913,mammalia,artiodactyla,bovidae,Aedes caspius,VectorMap,BloodMealMap,blood_meal,Russia,,3
Bos taurus,Aedes circumluteolum,FALSE,9913,mammalia,artiodactyla,bovidae,Aedes circumluteolum,VectorMap,BloodMealMap,blood_meal,Kenya,,1
Bos taurus,Aedes cumminsii,FALSE,9913,mammalia,artiodactyla,bovidae,Aedes cumminsii,VectorMap,BloodMealMap,blood_meal,Kenya,,1
Bos taurus,Aedes dentatus,FALSE,9913,mammalia,artiodactyla,bovidae,Aedes dentatus,VectorMap,BloodMealMap,blood_meal,Kenya; South Africa,,2
Bos taurus,Aedes detritus,FALSE,9913,mammalia,artiodactyla,bovidae,Aedes detritus,VectorMap,BloodMealMap,blood_meal,United Kingdom,,2
Bos taurus,Aedes dorsalis,FALSE,9913,mammalia,artiodactyla,bovidae,Aedes dorsalis,VectorMap,BloodMealMap,blood_meal,Unites States,,3
Bos taurus,Aedes excrucians,FALSE,9913,mammalia,artiodactyla,bovidae,Aedes excrucians,VectorMap,BloodMealMap,blood_meal,Unites States,,1
Bos taurus,Aedes flavescens,FALSE,9913,mammalia,artiodactyla,bovidae,Aedes flavescens,VectorMap,BloodMealMap,blood_meal,Russia,,1
Bos taurus,Aedes flavopictus,FALSE,9913,mammalia,artiodactyla,bovidae,Aedes flavopictus,VectorMap,BloodMealMap,blood_meal,Japan,,1
Bos taurus,Aedes geniculatus,FALSE,9913,mammalia,artiodactyla,bovidae,Aedes geniculatus,VectorMap,BloodMealMap,blood_meal,Switzerland,,1
Bos taurus,Aedes hirsutus,FALSE,9913,mammalia,artiodactyla,bovidae,Aedes hirsutus,VectorMap,BloodMealMap,blood_meal,Kenya; Senegal,,2
Bos taurus,Aedes increpitus,FALSE,9913,mammalia,artiodactyla,bovidae,Aedes increpitus,VectorMap,BloodMealMap,blood_meal,Unites States,,1
Bos taurus,Aedes japonicus,FALSE,9913,mammalia,artiodactyla,bovidae,Aedes japonicus,VectorMap,BloodMealMap,blood_meal,Belgium; Japan,,2
Bos taurus,Aedes lineatopennis,FALSE,9913,mammalia,artiodactyla,bovidae,Aedes lineatopennis,VectorMap,BloodMealMap,blood_meal,Australia; Kenya; South Africa,,3
Bos taurus,Aedes mcintoshi,FALSE,9913,mammalia,artiodactyla,bovidae,Aedes mcintoshi,VectorMap,BloodMealMap,blood_meal,Kenya,,2
Bos taurus,Aedes melanimon,FALSE,9913,mammalia,artiodactyla,bovidae,Aedes melanimon,VectorMap,BloodMealMap,blood_meal,Unites States,,2
Bos taurus,Aedes metallicus,FALSE,9913,mammalia,artiodactyla,bovidae,Aedes metallicus,VectorMap,BloodMealMap,blood_meal,Kenya,,1
Bos taurus,Aedes mixtus,FALSE,9913,mammalia,artiodactyla,bovidae,Aedes mixtus,VectorMap,BloodMealMap,blood_meal,South Africa,,1
Bos taurus,Aedes nigromaculis,FALSE,9913,mammalia,artiodactyla,bovidae,Aedes nigromaculis,VectorMap,BloodMealMap,blood_meal,Unites States,,2
Bos taurus,Aedes nipponicus,FALSE,9913,mammalia,artiodactyla,bovidae,Aedes nipponicus,VectorMap,BloodMealMap,blood_meal,Japan,,1
Bos taurus,Aedes normanensis,FALSE,9913,mammalia,artiodactyla,bovidae,Aedes normanensis,VectorMap,BloodMealMap,blood_meal,Australia,,2
Bos taurus,Aedes notoscriptus,FALSE,9913,mammalia,artiodactyla,bovidae,Aedes notoscriptus,MapVEu; VectorMap,BloodMealMap; MapVEu,blood_meal,Australia,,3
Bos taurus,Aedes ochraceus,FALSE,9913,mammalia,artiodactyla,bovidae,Aedes ochraceus,VectorMap,BloodMealMap,blood_meal,Kenya; Senegal,,2
Bos taurus,Aedes procax,FALSE,9913,mammalia,artiodactyla,bovidae,Aedes procax,VectorMap,BloodMealMap,blood_meal,Australia,,1
Bos taurus,Aedes quasiunivittatus,FALSE,9913,mammalia,artiodactyla,bovidae,Aedes quasiunivittatus,VectorMap,BloodMealMap,blood_meal,Kenya,,1
Bos taurus,Aedes riversi,FALSE,9913,mammalia,artiodactyla,bovidae,Aedes riversi,VectorMap,BloodMealMap,blood_meal,Japan,,1
Bos taurus,Aedes scapularis,FALSE,9913,mammalia,artiodactyla,bovidae,Aedes scapularis,VectorMap,BloodMealMap,blood_meal,Brazil,,2
Bos taurus,Aedes serratus,FALSE,9913,mammalia,artiodactyla,bovidae,Aedes serratus,VectorMap,BloodMealMap,blood_meal,Brazil,,1
Bos taurus,Aedes sollicitans,FALSE,9913,mammalia,artiodactyla,bovidae,Aedes sollicitans,VectorMap,BloodMealMap,blood_meal,Unites States,,1
Bos taurus,Aedes sticticus,FALSE,9913,mammalia,artiodactyla,bovidae,Aedes sticticus,VectorMap,BloodMealMap,blood_meal,Unites States,,1
Bos taurus,Aedes sudanensis,FALSE,9913,mammalia,artiodactyla,bovidae,Aedes sudanensis,VectorMap,BloodMealMap,blood_meal,Kenya; Senegal,,2
Bos taurus,Aedes taeniorhynchus,FALSE,9913,mammalia,artiodactyla,bovidae,Aedes taeniorhynchus,VectorMap,BloodMealMap,blood_meal,Ecuador,,1
Bos taurus,Aedes taylori,FALSE,9913,mammalia,artiodactyla,bovidae,Aedes taylori,VectorMap,BloodMealMap,blood_meal,Kenya,,1
Bos taurus,Aedes thibaulti,FALSE,9913,mammalia,artiodactyla,bovidae,Aedes thibaulti,VectorMap,BloodMealMap,blood_meal,Unites States,,1
Bos taurus,Aedes tortilis,FALSE,9913,mammalia,artiodactyla,bovidae,Aedes tortilis,VectorMap,BloodMealMap,blood_meal,Puerto Rico,,1
Bos taurus,Aedes tricholabis,FALSE,9913,mammalia,artiodactyla,bovidae,Aedes tricholabis,VectorMap,BloodMealMap,blood_meal,Kenya,,1
Bos taurus,Aedes triseriatus,FALSE,9913,mammalia,artiodactyla,bovidae,Aedes triseriatus,VectorMap,BloodMealMap,blood_meal,Unites States,,1
Bos taurus,Aedes trivittatus,FALSE,9913,mammalia,artiodactyla,bovidae,Aedes trivittatus,VectorMap,BloodMealMap,blood_meal,Unites States,,3
Bos taurus,Aedes vexans,FALSE,9913,mammalia,artiodactyla,bovidae,Aedes vexans,VectorMap,BloodMealMap,blood_meal,Hungary; Japan; Russia; Senegal; Serbia; Unites States,,26
Bos taurus,Aedes vigilax,FALSE,9913,mammalia,artiodactyla,bovidae,Aedes vigilax,VectorMap,BloodMealMap,blood_meal,Australia,,4
Bos taurus,Aedes vittiger,FALSE,9913,mammalia,artiodactyla,bovidae,Aedes vittiger,VectorMap,BloodMealMap,blood_meal,Australia,,2
Bos taurus,Amblyomma americanum,FALSE,9913,mammalia,artiodactyla,bovidae,Amblyomma americanum,VectorMap,TickMap,on_host_occurrence,United States of America,,148
Bos taurus,Amblyomma astrion,FALSE,9913,mammalia,artiodactyla,bovidae,Amblyomma astrion,VectorMap,TickMap,on_host_occurrence,"Angola; Congo, The Democratic Republic of The",,6
Bos taurus,Amblyomma cajennense,FALSE,9913,mammalia,artiodactyla,bovidae,Amblyomma cajennense,VectorMap,TickMap,on_host_occurrence,United States of America,,4
Bos taurus,Amblyomma cohaerens,FALSE,9913,mammalia,artiodactyla,bovidae,Amblyomma cohaerens,VectorMap,TickMap,on_host_occurrence,"Burundi; Congo, The Democratic Republic of The; Rwanda",,7
Bos taurus,Amblyomma eburneum,FALSE,9913,mammalia,artiodactyla,bovidae,Amblyomma eburneum,VectorMap,TickMap,on_host_occurrence,"Congo, The Democratic Republic of The",,1
Bos taurus,Amblyomma gemma,FALSE,9913,mammalia,artiodactyla,bovidae,Amblyomma gemma,VectorMap,TickMap,on_host_occurrence,"Kenya; Tanzania, United Republic of",,16
Bos taurus,Amblyomma hebraeum,FALSE,9913,mammalia,artiodactyla,bovidae,Amblyomma hebraeum,VectorMap,TickMap,on_host_occurrence,"Kenya; Mozambique; South Africa; Tanzania, United Republic of",,17
Bos taurus,Amblyomma lepidum,FALSE,9913,mammalia,artiodactyla,bovidae,Amblyomma lepidum,VectorMap,TickMap,on_host_occurrence,"Central African Republic; Egypt; Kenya; South Africa; Sudan; Tanzania, United Republic of; Zambia",,53
Bos taurus,Amblyomma maculatum,FALSE,9913,mammalia,artiodactyla,bovidae,Amblyomma maculatum,VectorMap,TickMap,on_host_occurrence,Peru; United States of America,,44
Bos taurus,Amblyomma nuttalli,FALSE,9913,mammalia,artiodactyla,bovidae,Amblyomma nuttalli,VectorMap,TickMap,on_host_occurrence,"Congo, The Democratic Republic of The; Tanzania, United Republic of",,4
Bos taurus,Amblyomma paulopunctatum,FALSE,9913,mammalia,artiodactyla,bovidae,Amblyomma paulopunctatum,VectorMap,TickMap,on_host_occurrence,Cameroon,,1
Bos taurus,Amblyomma pomposum,FALSE,9913,mammalia,artiodactyla,bovidae,Amblyomma pomposum,VectorMap,TickMap,on_host_occurrence,"Angola; Congo, The Democratic Republic of The; Sudan",,6
Bos taurus,Amblyomma splendidum,FALSE,9913,mammalia,artiodactyla,bovidae,Amblyomma splendidum,VectorMap,TickMap,on_host_occurrence,"Angola; Central African Republic; Congo; Congo, The Democratic Republic of The; Sierra Leone",,14
Bos taurus,Amblyomma testudinarium,FALSE,9913,mammalia,artiodactyla,bovidae,Amblyomma testudinarium,VectorMap,TickMap,on_host_occurrence,LAO PEOPLE'S DEMOCRATIC REPUBLIC,,5
Bos taurus,Amblyomma variegatum,FALSE,9913,mammalia,artiodactyla,bovidae,Amblyomma variegatum,VectorMap,TickMap,on_host_occurrence,"Benin; Botswana; Burkina Faso; Burundi; Cameroon; Congo, The Democratic Republic of The; Cote D'Ivoire; Gambia; Ghana; Guinea; Guinea-Bissau; Kenya; Malawi; Mali; Nigeria; Rwanda; Senegal; Sierra Leone; South Africa; Sudan; Tanzania, United Republic of; Uganda; Zambia",,531
Bos taurus,Anopheles aconitus,FALSE,9913,mammalia,artiodactyla,bovidae,Anopheles aconitus,MapVEu,MapVEu,blood_meal,Cambodia,,2
Bos taurus,Anopheles albimanus,FALSE,9913,mammalia,artiodactyla,bovidae,Anopheles albimanus,VectorMap,BloodMealMap,blood_meal,Belize,,2
Bos taurus,Anopheles albitarsis,FALSE,9913,mammalia,artiodactyla,bovidae,Anopheles albitarsis,VectorMap,BloodMealMap,blood_meal,Brazil,,2
Bos taurus,Anopheles amictus,FALSE,9913,mammalia,artiodactyla,bovidae,Anopheles amictus,VectorMap,BloodMealMap,blood_meal,Australia,,2
Bos taurus,Anopheles annularis,FALSE,9913,mammalia,artiodactyla,bovidae,Anopheles annularis,MapVEu; VectorMap,BloodMealMap; MapVEu,blood_meal,Cambodia; India,,2
Bos taurus,Anopheles annulipes,FALSE,9913,mammalia,artiodactyla,bovidae,Anopheles annulipes,VectorMap,BloodMealMap,blood_meal,Australia,,3
Bos taurus,Anopheles aquasalis,FALSE,9913,mammalia,artiodactyla,bovidae,Anopheles aquasalis,VectorMap,BloodMealMap,blood_meal,Brazil,,1
Bos taurus,Anopheles arabiensis,FALSE,9913,mammalia,artiodactyla,bovidae,Anopheles arabiensis,MapVEu; VectorMap,BloodMealMap; MapVEu,blood_meal,Ethiopia; Ghana; Kenya; Madagascar,,67
Bos taurus,Anopheles argyropus,FALSE,9913,mammalia,artiodactyla,bovidae,Anopheles argyropus,MapVEu,MapVEu,blood_meal,Cambodia,,1
Bos taurus,Anopheles atroparvus,FALSE,9913,mammalia,artiodactyla,bovidae,Anopheles atroparvus,VectorMap,BloodMealMap,blood_meal,ESP; United Kingdom,,3
Bos taurus,Anopheles bancroftii,FALSE,9913,mammalia,artiodactyla,bovidae,Anopheles bancroftii,VectorMap,BloodMealMap,blood_meal,Australia,,2
Bos taurus,Anopheles barbirostris sensu lato 245,TRUE,9913,mammalia,artiodactyla,bovidae,Anopheles barbirostris sensu lato 245,MapVEu,MapVEu,blood_meal,Cambodia,vector_sensu_lato,3
Bos taurus,Anopheles barbirostris subgroup clade III,TRUE,9913,mammalia,artiodactyla,bovidae,Anopheles barbirostris subgroup clade III,MapVEu,MapVEu,blood_meal,Cambodia,vector_group,4
Bos taurus,Anopheles campestris,FALSE,9913,mammalia,artiodactyla,bovidae,Anopheles campestris,MapVEu,MapVEu,blood_meal,Cambodia,,1
Bos taurus,Anopheles claviger,FALSE,9913,mammalia,artiodactyla,bovidae,Anopheles claviger,VectorMap,BloodMealMap,blood_meal,United Kingdom,,1
Bos taurus,Anopheles coluzzii,FALSE,9913,mammalia,artiodactyla,bovidae,Anopheles coluzzii,MapVEu,MapVEu,blood_meal,Ghana,,2
Bos taurus,Anopheles coustani,FALSE,9913,mammalia,artiodactyla,bovidae,Anopheles coustani,MapVEu; VectorMap,BloodMealMap; MapVEu,blood_meal,Ethiopia; Kenya; Madagascar; Tanzania,,372
Bos taurus,Anopheles crawfordi,FALSE,9913,mammalia,artiodactyla,bovidae,Anopheles crawfordi,MapVEu,MapVEu,blood_meal,Cambodia,,1
Bos taurus,Anopheles cruzii,FALSE,9913,mammalia,artiodactyla,bovidae,Anopheles cruzii,VectorMap,BloodMealMap,blood_meal,Brazil,,1
Bos taurus,Anopheles culicifacies,FALSE,9913,mammalia,artiodactyla,bovidae,Anopheles culicifacies,VectorMap,BloodMealMap,blood_meal,India,,1
Bos taurus,Anopheles darlingi,FALSE,9913,mammalia,artiodactyla,bovidae,Anopheles darlingi,MapVEu; VectorMap,BloodMealMap; MapVEu,blood_meal,Belize; Peru,,4417
Bos taurus,Anopheles dirus,FALSE,9913,mammalia,artiodactyla,bovidae,Anopheles dirus,MapVEu,MapVEu,blood_meal,Cambodia,,2
Bos taurus,Anopheles domicola,FALSE,9913,mammalia,artiodactyla,bovidae,Anopheles domicola,VectorMap,BloodMealMap,blood_meal,Senegal,,1
Bos taurus,Anopheles dthali,FALSE,9913,mammalia,artiodactyla,bovidae,Anopheles dthali,VectorMap,BloodMealMap,blood_meal,Iran,,1
Bos taurus,Anopheles evansae,FALSE,9913,mammalia,artiodactyla,bovidae,Anopheles evansae,VectorMap,BloodMealMap,blood_meal,Brazil,,1
Bos taurus,Anopheles farauti,FALSE,9913,mammalia,artiodactyla,bovidae,Anopheles farauti,VectorMap,BloodMealMap,blood_meal,Australia,,1
Bos taurus,Anopheles flavicosta,FALSE,9913,mammalia,artiodactyla,bovidae,Anopheles flavicosta,MapVEu; VectorMap,BloodMealMap; MapVEu,blood_meal,Madagascar,,2
Bos taurus,Anopheles fluviatilis,FALSE,9913,mammalia,artiodactyla,bovidae,Anopheles fluviatilis,VectorMap,BloodMealMap,blood_meal,India,,1
Bos taurus,Anopheles franciscanus,FALSE,9913,mammalia,artiodactyla,bovidae,Anopheles franciscanus,VectorMap,BloodMealMap,blood_meal,Unites States,,1
Bos taurus,Anopheles freeborni,FALSE,9913,mammalia,artiodactyla,bovidae,Anopheles freeborni,VectorMap,BloodMealMap,blood_meal,Unites States,,2
Bos taurus,Anopheles funestus,FALSE,9913,mammalia,artiodactyla,bovidae,Anopheles funestus,MapVEu; VectorMap,BloodMealMap; MapVEu,blood_meal,Ethiopia; Kenya; Madagascar; Senegal; Tanzania,,34
Bos taurus,Anopheles gambiae,FALSE,9913,mammalia,artiodactyla,bovidae,Anopheles gambiae,MapVEu; VectorMap,BloodMealMap; MapVEu,blood_meal,Ghana; Kenya; Madagascar; Senegal; Tanzania,,26
Bos taurus,Anopheles garnhami,FALSE,9913,mammalia,artiodactyla,bovidae,Anopheles garnhami,VectorMap,BloodMealMap,blood_meal,Ethiopia,,2
Bos taurus,Anopheles hyrcanus,FALSE,9913,mammalia,artiodactyla,bovidae,Anopheles hyrcanus,MapVEu; VectorMap,BloodMealMap; MapVEu,blood_meal,Cambodia; Iran,,5
Bos taurus,Anopheles implexus,FALSE,9913,mammalia,artiodactyla,bovidae,Anopheles implexus,VectorMap,BloodMealMap,blood_meal,Uganda,,1
Bos taurus,Anopheles jeyporiensis,FALSE,9913,mammalia,artiodactyla,bovidae,Anopheles jeyporiensis,MapVEu,MapVEu,blood_meal,Cambodia,,1
Bos taurus,Anopheles karwari,FALSE,9913,mammalia,artiodactyla,bovidae,Anopheles karwari,MapVEu,MapVEu,blood_meal,Cambodia,,4
Bos taurus,Anopheles kochi,FALSE,9913,mammalia,artiodactyla,bovidae,Anopheles kochi,MapVEu,MapVEu,blood_meal,Cambodia,,3
Bos taurus,Anopheles lesteri,FALSE,9913,mammalia,artiodactyla,bovidae,Anopheles lesteri,VectorMap,BloodMealMap,blood_meal,Japan,,1
Bos taurus,Anopheles longipalpis,FALSE,9913,mammalia,artiodactyla,bovidae,Anopheles longipalpis,VectorMap,BloodMealMap,blood_meal,Zambia,,1
Bos taurus,Anopheles maculatus sensu lato 4821,TRUE,9913,mammalia,artiodactyla,bovidae,Anopheles maculatus sensu lato 4821,MapVEu,MapVEu,blood_meal,Cambodia,vector_sensu_lato,1
Bos taurus,Anopheles maculipalpis,FALSE,9913,mammalia,artiodactyla,bovidae,Anopheles maculipalpis,MapVEu; VectorMap,BloodMealMap; MapVEu,blood_meal,Madagascar,,242
Bos taurus,Anopheles maculipennis,FALSE,9913,mammalia,artiodactyla,bovidae,Anopheles maculipennis,VectorMap,BloodMealMap,blood_meal,Iran; Serbia; United Kingdom,,5
Bos taurus,Anopheles marshalli,FALSE,9913,mammalia,artiodactyla,bovidae,Anopheles marshalli,VectorMap,BloodMealMap,blood_meal,Ethiopia,,3
Bos taurus,Anopheles marshallii,FALSE,9913,mammalia,artiodactyla,bovidae,Anopheles marshallii,VectorMap,BloodMealMap,blood_meal,Tanzania,,1
Bos taurus,Anopheles mascarensis,FALSE,9913,mammalia,artiodactyla,bovidae,Anopheles mascarensis,MapVEu; VectorMap,BloodMealMap; MapVEu,blood_meal,Madagascar,,32
Bos taurus,Anopheles meraukensis,FALSE,9913,mammalia,artiodactyla,bovidae,Anopheles meraukensis,VectorMap,BloodMealMap,blood_meal,Australia,,1
Bos taurus,Anopheles messeae,FALSE,9913,mammalia,artiodactyla,bovidae,Anopheles messeae,VectorMap,BloodMealMap,blood_meal,Russia; United Kingdom,,4
Bos taurus,Anopheles minimus,FALSE,9913,mammalia,artiodactyla,bovidae,Anopheles minimus,VectorMap,BloodMealMap,blood_meal,Japan,,1
Bos taurus,Anopheles minimus sensu lato 1775,TRUE,9913,mammalia,artiodactyla,bovidae,Anopheles minimus sensu lato 1775,MapVEu,MapVEu,blood_meal,Cambodia,vector_sensu_lato,2
Bos taurus,Anopheles nigerrimus,FALSE,9913,mammalia,artiodactyla,bovidae,Anopheles nigerrimus,MapVEu,MapVEu,blood_meal,Cambodia,,2
Bos taurus,Anopheles nitidus,FALSE,9913,mammalia,artiodactyla,bovidae,Anopheles nitidus,MapVEu,MapVEu,blood_meal,Cambodia,,1
Bos taurus,Anopheles novaguinensis,FALSE,9913,mammalia,artiodactyla,bovidae,Anopheles novaguinensis,VectorMap,BloodMealMap,blood_meal,Australia,,2
Bos taurus,Anopheles pampanai,FALSE,9913,mammalia,artiodactyla,bovidae,Anopheles pampanai,MapVEu,MapVEu,blood_meal,Cambodia,,2
Bos taurus,Anopheles peditaeniatus,FALSE,9913,mammalia,artiodactyla,bovidae,Anopheles peditaeniatus,MapVEu,MapVEu,blood_meal,Cambodia,,4
Bos taurus,Anopheles pharoensis,FALSE,9913,mammalia,artiodactyla,bovidae,Anopheles pharoensis,MapVEu; VectorMap,BloodMealMap; MapVEu,blood_meal,Ethiopia; Senegal; Tanzania,,4
Bos taurus,Anopheles philippinensis,FALSE,9913,mammalia,artiodactyla,bovidae,Anopheles philippinensis,MapVEu,MapVEu,blood_meal,Cambodia,,6
Bos taurus,Anopheles pretoriensis,FALSE,9913,mammalia,artiodactyla,bovidae,Anopheles pretoriensis,MapVEu; VectorMap,BloodMealMap; MapVEu,blood_meal,Madagascar,,6
Bos taurus,Anopheles punctimacula,FALSE,9913,mammalia,artiodactyla,bovidae,Anopheles punctimacula,VectorMap,BloodMealMap,blood_meal,Belize; Panama,,3
Bos taurus,Anopheles punctipennis,FALSE,9913,mammalia,artiodactyla,bovidae,Anopheles punctipennis,VectorMap,BloodMealMap,blood_meal,Unites States,,1
Bos taurus,Anopheles rampae,FALSE,9913,mammalia,artiodactyla,bovidae,Anopheles rampae,MapVEu,MapVEu,blood_meal,Cambodia,,3
Bos taurus,Anopheles rivulorum,FALSE,9913,mammalia,artiodactyla,bovidae,Anopheles rivulorum,VectorMap,BloodMealMap,blood_meal,Tanzania,,1
Bos taurus,Anopheles rufipes,FALSE,9913,mammalia,artiodactyla,bovidae,Anopheles rufipes,MapVEu; VectorMap,BloodMealMap; MapVEu,blood_meal,Madagascar; Senegal,,141
Bos taurus,Anopheles saeungae,FALSE,9913,mammalia,artiodactyla,bovidae,Anopheles saeungae,MapVEu,MapVEu,blood_meal,Cambodia,,5
Bos taurus,Anopheles sawadwongporni,FALSE,9913,mammalia,artiodactyla,bovidae,Anopheles sawadwongporni,MapVEu,MapVEu,blood_meal,Cambodia,,4
Bos taurus,Anopheles sinensis,FALSE,9913,mammalia,artiodactyla,bovidae,Anopheles sinensis,VectorMap,BloodMealMap,blood_meal,Japan,,3
Bos taurus,Anopheles splendidus,FALSE,9913,mammalia,artiodactyla,bovidae,Anopheles splendidus,MapVEu,MapVEu,blood_meal,Cambodia,,2
Bos taurus,Anopheles squamosus,FALSE,9913,mammalia,artiodactyla,bovidae,Anopheles squamosus,MapVEu; VectorMap,BloodMealMap; MapVEu,blood_meal,Madagascar; Tanzania,,219
Bos taurus,Anopheles stephensi,FALSE,9913,mammalia,artiodactyla,bovidae,Anopheles stephensi,VectorMap,BloodMealMap,blood_meal,Iran,,1
Bos taurus,Anopheles superpictus,FALSE,9913,mammalia,artiodactyla,bovidae,Anopheles superpictus,VectorMap,BloodMealMap,blood_meal,Iran,,1
Bos taurus,Anopheles tenebrosus,FALSE,9913,mammalia,artiodactyla,bovidae,Anopheles tenebrosus,VectorMap,BloodMealMap,blood_meal,Ethiopia,,1
Bos taurus,Anopheles tessellatus,FALSE,9913,mammalia,artiodactyla,bovidae,Anopheles tessellatus,MapVEu,MapVEu,blood_meal,Cambodia,,3
Bos taurus,Anopheles vagus,FALSE,9913,mammalia,artiodactyla,bovidae,Anopheles vagus,MapVEu,MapVEu,blood_meal,Cambodia,,6
Bos taurus,Anopheles varuna,FALSE,9913,mammalia,artiodactyla,bovidae,Anopheles varuna,VectorMap,BloodMealMap,blood_meal,India,,1
Bos taurus,Anopheles vestitipennis,FALSE,9913,mammalia,artiodactyla,bovidae,Anopheles vestitipennis,VectorMap,BloodMealMap,blood_meal,Belize,,3
Bos taurus,Anopheles wejchoochotei,FALSE,9913,mammalia,artiodactyla,bovidae,Anopheles wejchoochotei,MapVEu,MapVEu,blood_meal,Cambodia,,2
Bos taurus,Anopheles wellcomei,FALSE,9913,mammalia,artiodactyla,bovidae,Anopheles wellcomei,VectorMap,BloodMealMap,blood_meal,Tanzania,,1
Bos taurus,Argas walkerae,FALSE,9913,mammalia,artiodactyla,bovidae,Argas walkerae,VectorMap,TickMap,on_host_occurrence,Ghana,,2
Bos taurus,Armigeres subalbatus,FALSE,9913,mammalia,artiodactyla,bovidae,Armigeres subalbatus,VectorMap,BloodMealMap,blood_meal,Japan,,6
Bos taurus,Chagasia fajardi,FALSE,9913,mammalia,artiodactyla,bovidae,Chagasia fajardi,VectorMap,BloodMealMap,blood_meal,Brazil,,2
Bos taurus,Coquillettidia fuscopennata,FALSE,9913,mammalia,artiodactyla,bovidae,Coquillettidia fuscopennata,VectorMap,BloodMealMap,blood_meal,Uganda,,1
Bos taurus,Coquillettidia linealis,FALSE,9913,mammalia,artiodactyla,bovidae,Coquillettidia linealis,VectorMap,BloodMealMap,blood_meal,Australia,,1
Bos taurus,Coquillettidia perturbans,FALSE,9913,mammalia,artiodactyla,bovidae,Coquillettidia perturbans,VectorMap,BloodMealMap,blood_meal,Unites States,,3
Bos taurus,Coquillettidia pseudoconopas,FALSE,9913,mammalia,artiodactyla,bovidae,Coquillettidia pseudoconopas,VectorMap,BloodMealMap,blood_meal,Uganda,,1
Bos taurus,Coquillettidia richiardii,FALSE,9913,mammalia,artiodactyla,bovidae,Coquillettidia richiardii,VectorMap,BloodMealMap,blood_meal,Russia; United Kingdom,,2
Bos taurus,Coquillettidia venezuelensis,FALSE,9913,mammalia,artiodactyla,bovidae,Coquillettidia venezuelensis,VectorMap,BloodMealMap,blood_meal,Brazil; Panama,,2
Bos taurus,Coquillettidia xanthogaster,FALSE,9913,mammalia,artiodactyla,bovidae,Coquillettidia xanthogaster,VectorMap,BloodMealMap,blood_meal,Australia,,1
Bos taurus,Ctenocephalides felis,FALSE,9913,mammalia,artiodactyla,bovidae,Ctenocephalides felis,VectorMap,FleaMap,on_host_occurrence,Cuba; Puerto Rico,,4
Bos taurus,Culex annulioris,FALSE,9913,mammalia,artiodactyla,bovidae,Culex annulioris,VectorMap,BloodMealMap,blood_meal,Uganda,,1
Bos taurus,Culex annulirostris,FALSE,9913,mammalia,artiodactyla,bovidae,Culex annulirostris,MapVEu; VectorMap,BloodMealMap; MapVEu,blood_meal,Australia,,28
Bos taurus,Culex antennatus,FALSE,9913,mammalia,artiodactyla,bovidae,Culex antennatus,VectorMap,BloodMealMap,blood_meal,Kenya; Senegal; Tanzania,,3
Bos taurus,Culex australicus,FALSE,9913,mammalia,artiodactyla,bovidae,Culex australicus,VectorMap,BloodMealMap,blood_meal,Australia,,1
Bos taurus,Culex bidens,FALSE,9913,mammalia,artiodactyla,bovidae,Culex bidens,VectorMap,BloodMealMap,blood_meal,Brazil,,1
Bos taurus,Culex bitaeniorhynchus,FALSE,9913,mammalia,artiodactyla,bovidae,Culex bitaeniorhynchus,VectorMap,BloodMealMap,blood_meal,India; Japan,,3
Bos taurus,Culex chidesteri,FALSE,9913,mammalia,artiodactyla,bovidae,Culex chidesteri,VectorMap,BloodMealMap,blood_meal,Brazil,,1
Bos taurus,Culex coronator,FALSE,9913,mammalia,artiodactyla,bovidae,Culex coronator,VectorMap,BloodMealMap,blood_meal,Guatemala; Panama,,2
Bos taurus,Culex cylindricus,FALSE,9913,mammalia,artiodactyla,bovidae,Culex cylindricus,VectorMap,BloodMealMap,blood_meal,Australia,,1
Bos taurus,Culex erraticus,FALSE,9913,mammalia,artiodactyla,bovidae,Culex erraticus,VectorMap,BloodMealMap,blood_meal,Unites States,,1
Bos taurus,Culex fuscocephala,FALSE,9913,mammalia,artiodactyla,bovidae,Culex fuscocephala,VectorMap,BloodMealMap,blood_meal,India; Japan,,3
Bos taurus,Culex gelidus,FALSE,9913,mammalia,artiodactyla,bovidae,Culex gelidus,VectorMap,BloodMealMap,blood_meal,India,,3
Bos taurus,Culex globocoxitus,FALSE,9913,mammalia,artiodactyla,bovidae,Culex globocoxitus,MapVEu,MapVEu,blood_meal,Australia,,1
Bos taurus,Culex infula,FALSE,9913,mammalia,artiodactyla,bovidae,Culex infula,VectorMap,BloodMealMap,blood_meal,India,,2
Bos taurus,Culex invidiosus,FALSE,9913,mammalia,artiodactyla,bovidae,Culex invidiosus,VectorMap,BloodMealMap,blood_meal,The Gambia,,1
Bos taurus,Culex lygrus,FALSE,9913,mammalia,artiodactyla,bovidae,Culex lygrus,VectorMap,BloodMealMap,blood_meal,Brazil,,1
Bos taurus,Culex mimeticus,FALSE,9913,mammalia,artiodactyla,bovidae,Culex mimeticus,VectorMap,BloodMealMap,blood_meal,Iran; Japan,,8
Bos taurus,Culex modestus,FALSE,9913,mammalia,artiodactyla,bovidae,Culex modestus,VectorMap,BloodMealMap,blood_meal,Russia,,1
Bos taurus,Culex molestus,FALSE,9913,mammalia,artiodactyla,bovidae,Culex molestus,VectorMap,BloodMealMap,blood_meal,Australia,,1
Bos taurus,Culex neavei,FALSE,9913,mammalia,artiodactyla,bovidae,Culex neavei,VectorMap,BloodMealMap,blood_meal,Kenya,,1
Bos taurus,Culex nigripalpus,FALSE,9913,mammalia,artiodactyla,bovidae,Culex nigripalpus,VectorMap,BloodMealMap,blood_meal,Guatemala; Trinidad & Tobago,,2
Bos taurus,Culex orbostiensis,FALSE,9913,mammalia,artiodactyla,bovidae,Culex orbostiensis,VectorMap,BloodMealMap,blood_meal,Australia,,1
Bos taurus,Culex perexiguus,FALSE,9913,mammalia,artiodactyla,bovidae,Culex perexiguus,VectorMap,BloodMealMap,blood_meal,Iran; Israel,,3
Bos taurus,Culex pipiens,FALSE,9913,mammalia,artiodactyla,bovidae,Culex pipiens,VectorMap,BloodMealMap,blood_meal,Iran; Japan; Kenya; Serbia; South Africa; Unites States,,20
Bos taurus,Culex pipiens molestus,TRUE,9913,mammalia,artiodactyla,bovidae,Culex pipiens molestus,MapVEu,MapVEu,blood_meal,Australia,vector_infraspecific,3
Bos taurus,Culex poicilipes,FALSE,9913,mammalia,artiodactyla,bovidae,Culex poicilipes,VectorMap,BloodMealMap,blood_meal,Senegal,,1
Bos taurus,Culex pseudovishnui,FALSE,9913,mammalia,artiodactyla,bovidae,Culex pseudovishnui,VectorMap,BloodMealMap,blood_meal,India; Japan,,3
Bos taurus,Culex pullus,FALSE,9913,mammalia,artiodactyla,bovidae,Culex pullus,VectorMap,BloodMealMap,blood_meal,Australia,,1
Bos taurus,Culex quinquefasciatus,FALSE,9913,mammalia,artiodactyla,bovidae,Culex quinquefasciatus,MapVEu; VectorMap,BloodMealMap; MapVEu,blood_meal,Australia; Brazil; Guatemala; India; Iran; Kenya; Tanzania; Unites States,,17
Bos taurus,Culex restuans,FALSE,9913,mammalia,artiodactyla,bovidae,Culex restuans,VectorMap,BloodMealMap,blood_meal,Unites States,,1
Bos taurus,Culex salinarius,FALSE,9913,mammalia,artiodactyla,bovidae,Culex salinarius,VectorMap,BloodMealMap,blood_meal,Unites States,,4
Bos taurus,Culex saltanensis,FALSE,9913,mammalia,artiodactyla,bovidae,Culex saltanensis,VectorMap,BloodMealMap,blood_meal,Brazil,,1
Bos taurus,Culex sitiens,FALSE,9913,mammalia,artiodactyla,bovidae,Culex sitiens,VectorMap,BloodMealMap,blood_meal,Australia; Iran,,6
Bos taurus,Culex stigmatosoma,FALSE,9913,mammalia,artiodactyla,bovidae,Culex stigmatosoma,VectorMap,BloodMealMap,blood_meal,Unites States,,1
Bos taurus,Culex taeniopus,FALSE,9913,mammalia,artiodactyla,bovidae,Culex taeniopus,VectorMap,BloodMealMap,blood_meal,Guatemala; Puerto Rico,,2
Bos taurus,Culex tarsalis,FALSE,9913,mammalia,artiodactyla,bovidae,Culex tarsalis,VectorMap,BloodMealMap,blood_meal,Unites States,,10
Bos taurus,Culex territans,FALSE,9913,mammalia,artiodactyla,bovidae,Culex territans,VectorMap,BloodMealMap,blood_meal,Unites States,,1
Bos taurus,Culex thalassius,FALSE,9913,mammalia,artiodactyla,bovidae,Culex thalassius,VectorMap,BloodMealMap,blood_meal,Senegal; The Gambia,,2
Bos taurus,Culex theileri,FALSE,9913,mammalia,artiodactyla,bovidae,Culex theileri,VectorMap,BloodMealMap,blood_meal,ESP; Iran; South Africa,,6
Bos taurus,Culex tritaeniorhynchus,FALSE,9913,mammalia,artiodactyla,bovidae,Culex tritaeniorhynchus,VectorMap,BloodMealMap,blood_meal,India; Japan; Senegal; The Gambia,,5
Bos taurus,Culex univittatus,FALSE,9913,mammalia,artiodactyla,bovidae,Culex univittatus,VectorMap,BloodMealMap,blood_meal,Kenya; Senegal; South Africa,,6
Bos taurus,Culex vansomereni,FALSE,9913,mammalia,artiodactyla,bovidae,Culex vansomereni,VectorMap,BloodMealMap,blood_meal,Kenya,,1
Bos taurus,Culex vishnui,FALSE,9913,mammalia,artiodactyla,bovidae,Culex vishnui,VectorMap,BloodMealMap,blood_meal,India; Japan; Singapore,,6
Bos taurus,Culex whitmorei,FALSE,9913,mammalia,artiodactyla,bovidae,Culex whitmorei,VectorMap,BloodMealMap,blood_meal,India,,2
Bos taurus,Culiseta annulata,FALSE,9913,mammalia,artiodactyla,bovidae,Culiseta annulata,VectorMap,BloodMealMap,blood_meal,Russia; United Kingdom,,3
Bos taurus,Culiseta inornata,FALSE,9913,mammalia,artiodactyla,bovidae,Culiseta inornata,VectorMap,BloodMealMap,blood_meal,Unites States,,4
Bos taurus,Culiseta melanura,FALSE,9913,mammalia,artiodactyla,bovidae,Culiseta melanura,VectorMap,BloodMealMap,blood_meal,Unites States,,1
Bos taurus,Deinocerites pseudes,FALSE,9913,mammalia,artiodactyla,bovidae,Deinocerites pseudes,VectorMap,BloodMealMap,blood_meal,Nicaragua,,1
Bos taurus,Dermacentor albipictus,FALSE,9913,mammalia,artiodactyla,bovidae,Dermacentor albipictus,VectorMap,TickMap,on_host_occurrence,United States of America,,10
Bos taurus,Dermacentor marginatus,FALSE,9913,mammalia,artiodactyla,bovidae,Dermacentor marginatus,VectorMap,TickMap,on_host_occurrence,Algeria; Georgia,,27
Bos taurus,Dermacentor nuttalli,FALSE,9913,mammalia,artiodactyla,bovidae,Dermacentor nuttalli,VectorMap,TickMap,on_host_occurrence,Mongolia,,20
Bos taurus,Dermacentor variabilis,FALSE,9913,mammalia,artiodactyla,bovidae,Dermacentor variabilis,VectorMap,TickMap,on_host_occurrence,United States of America,,31
Bos taurus,Haemagogus janthinomys,FALSE,9913,mammalia,artiodactyla,bovidae,Haemagogus janthinomys,VectorMap,BloodMealMap,blood_meal,Brazil,,10
Bos taurus,Haemagogus leucocelaenus,FALSE,9913,mammalia,artiodactyla,bovidae,Haemagogus leucocelaenus,VectorMap,BloodMealMap,blood_meal,Brazil,,2
Bos taurus,Haemaphysalis aciculifer,FALSE,9913,mammalia,artiodactyla,bovidae,Haemaphysalis aciculifer,VectorMap,TickMap,on_host_occurrence,"Benin; Burkina Faso; Kenya; Nigeria; South Africa; Sudan; Tanzania, United Republic of; Uganda; Zambia; Zimbabwe",,28
Bos taurus,Haemaphysalis leachi,FALSE,9913,mammalia,artiodactyla,bovidae,Haemaphysalis leachi,VectorMap,TickMap,on_host_occurrence,"Burundi; Congo, The Democratic Republic of The; Cote D'Ivoire; Ghana; Mozambique; Nigeria; Rwanda; Sierra Leone; Zambia",,23
Bos taurus,Haemaphysalis longicornis,FALSE,9913,mammalia,artiodactyla,bovidae,Haemaphysalis longicornis,VectorMap,TickMap,on_host_occurrence,United States of America,,8
Bos taurus,Haemaphysalis paraleachi,FALSE,9913,mammalia,artiodactyla,bovidae,Haemaphysalis paraleachi,VectorMap,TickMap,on_host_occurrence,"Kenya; Tanzania, United Republic of; Uganda",,3
Bos taurus,Haemaphysalis parmata,FALSE,9913,mammalia,artiodactyla,bovidae,Haemaphysalis parmata,VectorMap,TickMap,on_host_occurrence,"Congo, The Democratic Republic of The; Cote D'Ivoire; Nigeria; Rwanda; Sudan",,6
Bos taurus,Haemaphysalis parva,FALSE,9913,mammalia,artiodactyla,bovidae,Haemaphysalis parva,VectorMap,TickMap,on_host_occurrence,Georgia,,1
Bos taurus,Haemaphysalis punctata,FALSE,9913,mammalia,artiodactyla,bovidae,Haemaphysalis punctata,VectorMap,TickMap,on_host_occurrence,Algeria; Morocco,,2
Bos taurus,Haemaphysalis rugosa,FALSE,9913,mammalia,artiodactyla,bovidae,Haemaphysalis rugosa,VectorMap,TickMap,on_host_occurrence,Burkina Faso,,1
Bos taurus,Haemaphysalis silacea,FALSE,9913,mammalia,artiodactyla,bovidae,Haemaphysalis silacea,VectorMap,TickMap,on_host_occurrence,South Africa,,4
Bos taurus,Hyalomma aegyptium,FALSE,9913,mammalia,artiodactyla,bovidae,Hyalomma aegyptium,VectorMap,TickMap,on_host_occurrence,Nigeria,,1
Bos taurus,Hyalomma albiparmatum,FALSE,9913,mammalia,artiodactyla,bovidae,Hyalomma albiparmatum,VectorMap,TickMap,on_host_occurrence,"Kenya; Tanzania, United Republic of",,28
Bos taurus,Hyalomma anatolicum,FALSE,9913,mammalia,artiodactyla,bovidae,Hyalomma anatolicum,VectorMap,TickMap,on_host_occurrence,Libyan Arab Jamahiriya; Sudan,,12
Bos taurus,Hyalomma dromedarii,FALSE,9913,mammalia,artiodactyla,bovidae,Hyalomma dromedarii,VectorMap,TickMap,on_host_occurrence,Chad; Kenya; Mali; Mauritania; Morocco; Sudan,,18
Bos taurus,Hyalomma excavatum,FALSE,9913,mammalia,artiodactyla,bovidae,Hyalomma excavatum,VectorMap,TickMap,on_host_occurrence,Algeria; Libyan Arab Jamahiriya; Morocco,,17
Bos taurus,Hyalomma impeltatum,FALSE,9913,mammalia,artiodactyla,bovidae,Hyalomma impeltatum,VectorMap,TickMap,on_host_occurrence,"Algeria; Cameroon; Chad; Cote D'Ivoire; Mali; Mauritania; Morocco; Niger; Nigeria; Sudan; Tanzania, United Republic of",,36
Bos taurus,Hyalomma impressum,FALSE,9913,mammalia,artiodactyla,bovidae,Hyalomma impressum,VectorMap,TickMap,on_host_occurrence,"Cameroon; Congo, The Democratic Republic of The; Cote D'Ivoire; Mali; Senegal; South Africa; Sudan",,17
Bos taurus,Hyalomma lusitanicum,FALSE,9913,mammalia,artiodactyla,bovidae,Hyalomma lusitanicum,VectorMap,TickMap,on_host_occurrence,Morocco,,4
Bos taurus,Hyalomma marginatum,FALSE,9913,mammalia,artiodactyla,bovidae,Hyalomma marginatum,VectorMap,TickMap,on_host_occurrence,Algeria; Georgia; Kenya; Morocco; Sudan,,68
Bos taurus,Hyalomma rufipes,FALSE,9913,mammalia,artiodactyla,bovidae,Hyalomma rufipes,VectorMap,TickMap,on_host_occurrence,"Angola; Botswana; Burkina Faso; Cameroon; Central African Republic; Congo, The Democratic Republic of The; Cote D'Ivoire; Gambia; Ghana; Kenya; Mali; Namibia; Nigeria; Senegal; South Africa; Sudan; Tanzania, United Republic of; Zambia; Zimbabwe",,235
Bos taurus,Hyalomma scupense,FALSE,9913,mammalia,artiodactyla,bovidae,Hyalomma scupense,VectorMap,TickMap,on_host_occurrence,Algeria; Georgia; Morocco; Sudan,,12
Bos taurus,Hyalomma truncatum,FALSE,9913,mammalia,artiodactyla,bovidae,Hyalomma truncatum,VectorMap,TickMap,on_host_occurrence,"Botswana; Burkina Faso; Cameroon; Central African Republic; Congo, The Democratic Republic of The; Cote D'Ivoire; Gambia; Ghana; Kenya; Malawi; Mali; Namibia; Nigeria; Senegal; South Africa; Sudan; Zambia; Zimbabwe",,293
Bos taurus,Ixodes cavipalpus,FALSE,9913,mammalia,artiodactyla,bovidae,Ixodes cavipalpus,VectorMap,TickMap,on_host_occurrence,"Tanzania, United Republic of; Zambia",,18
Bos taurus,Ixodes cumulatimpunctatus,FALSE,9913,mammalia,artiodactyla,bovidae,Ixodes cumulatimpunctatus,VectorMap,TickMap,on_host_occurrence,"Congo, The Democratic Republic of The; Cote D'Ivoire; Rwanda",,4
Bos taurus,Ixodes latus,FALSE,9913,mammalia,artiodactyla,bovidae,Ixodes latus,VectorMap,TickMap,on_host_occurrence,"Tanzania, United Republic of",,1
Bos taurus,Ixodes lewisi,FALSE,9913,mammalia,artiodactyla,bovidae,Ixodes lewisi,VectorMap,TickMap,on_host_occurrence,Kenya,,1
Bos taurus,Ixodes oldi,FALSE,9913,mammalia,artiodactyla,bovidae,Ixodes oldi,VectorMap,TickMap,on_host_occurrence,Cote D'Ivoire,,1
Bos taurus,Ixodes pilosus,FALSE,9913,mammalia,artiodactyla,bovidae,Ixodes pilosus,VectorMap,TickMap,on_host_occurrence,South Africa,,1
Bos taurus,Ixodes rasus,FALSE,9913,mammalia,artiodactyla,bovidae,Ixodes rasus,VectorMap,TickMap,on_host_occurrence,"Congo, The Democratic Republic of The",,1
Bos taurus,Ixodes ricinus,FALSE,9913,mammalia,artiodactyla,bovidae,Ixodes ricinus,VectorMap,TickMap,on_host_occurrence,Algeria; Georgia,,35
Bos taurus,Ixodes rubicundus,FALSE,9913,mammalia,artiodactyla,bovidae,Ixodes rubicundus,VectorMap,TickMap,on_host_occurrence,South Africa,,2
Bos taurus,Ixodes scapularis,FALSE,9913,mammalia,artiodactyla,bovidae,Ixodes scapularis,VectorMap,TickMap,on_host_occurrence,United States of America,,27
Bos taurus,Lutzia fuscana,FALSE,9913,mammalia,artiodactyla,bovidae,Lutzia fuscana,VectorMap,BloodMealMap,blood_meal,India,,2
Bos taurus,Mansonia africana,FALSE,9913,mammalia,artiodactyla,bovidae,Mansonia africana,VectorMap,BloodMealMap,blood_meal,Kenya,,10
Bos taurus,Mansonia indubitans,FALSE,9913,mammalia,artiodactyla,bovidae,Mansonia indubitans,VectorMap,BloodMealMap,blood_meal,Panama,,1
Bos taurus,Mansonia titillans,FALSE,9913,mammalia,artiodactyla,bovidae,Mansonia titillans,VectorMap,BloodMealMap,blood_meal,Brazil; Unites States,,3
Bos taurus,Mansonia uniformis,FALSE,9913,mammalia,artiodactyla,bovidae,Mansonia uniformis,VectorMap,BloodMealMap,blood_meal,Australia; Japan; Kenya,,12
Bos taurus,Mimomyia luzonensis,FALSE,9913,mammalia,artiodactyla,bovidae,Mimomyia luzonensis,VectorMap,BloodMealMap,blood_meal,Japan,,1
Bos taurus,Ochlerotatus camptorhynchus,FALSE,9913,mammalia,artiodactyla,bovidae,Ochlerotatus camptorhynchus,MapVEu,MapVEu,blood_meal,Australia,,81
Bos taurus,Ornithodoros foleyi,FALSE,9913,mammalia,artiodactyla,bovidae,Ornithodoros foleyi,VectorMap,TickMap,on_host_occurrence,Libyan Arab Jamahiriya,,1
Bos taurus,Ornithodoros moubata,FALSE,9913,mammalia,artiodactyla,bovidae,Ornithodoros moubata,VectorMap,TickMap,on_host_occurrence,Malawi; Zambia,,97
Bos taurus,Ornithodoros savignyi,FALSE,9913,mammalia,artiodactyla,bovidae,Ornithodoros savignyi,VectorMap,TickMap,on_host_occurrence,Libyan Arab Jamahiriya; Sudan,,2
Bos taurus,Ornithodoros turicata,FALSE,9913,mammalia,artiodactyla,bovidae,Ornithodoros turicata,VectorMap,TickMap,on_host_occurrence,United States,,4
Bos taurus,Otobius megnini,FALSE,9913,mammalia,artiodactyla,bovidae,Otobius megnini,VectorMap,TickMap,on_host_occurrence,PERU; United States; United States of America,,70
Bos taurus,Psorophora albigenu,FALSE,9913,mammalia,artiodactyla,bovidae,Psorophora albigenu,VectorMap,BloodMealMap,blood_meal,Brazil,,2
Bos taurus,Psorophora albipes,FALSE,9913,mammalia,artiodactyla,bovidae,Psorophora albipes,VectorMap,BloodMealMap,blood_meal,Brazil,,1
Bos taurus,Psorophora ciliata,FALSE,9913,mammalia,artiodactyla,bovidae,Psorophora ciliata,VectorMap,BloodMealMap,blood_meal,Unites States,,1
Bos taurus,Psorophora cingulata,FALSE,9913,mammalia,artiodactyla,bovidae,Psorophora cingulata,VectorMap,BloodMealMap,blood_meal,Panama,,1
Bos taurus,Psorophora confinnis,FALSE,9913,mammalia,artiodactyla,bovidae,Psorophora confinnis,VectorMap,BloodMealMap,blood_meal,Unites States,,1
Bos taurus,Psorophora cyanescens,FALSE,9913,mammalia,artiodactyla,bovidae,Psorophora cyanescens,VectorMap,BloodMealMap,blood_meal,Unites States,,1
Bos taurus,Psorophora discolor,FALSE,9913,mammalia,artiodactyla,bovidae,Psorophora discolor,VectorMap,BloodMealMap,blood_meal,Unites States,,1
Bos taurus,Psorophora ferox,FALSE,9913,mammalia,artiodactyla,bovidae,Psorophora ferox,VectorMap,BloodMealMap,blood_meal,Brazil,,1
Bos taurus,Psorophora signipennis,FALSE,9913,mammalia,artiodactyla,bovidae,Psorophora signipennis,VectorMap,BloodMealMap,blood_meal,Unites States,,1
Bos taurus,Rhipicehpalus geigyi,FALSE,9913,mammalia,artiodactyla,bovidae,Rhipicehpalus geigyi,VectorMap,TickMap,on_host_occurrence,Ghana,,56
Bos taurus,Rhipicentor bicornis,FALSE,9913,mammalia,artiodactyla,bovidae,Rhipicentor bicornis,VectorMap,TickMap,on_host_occurrence,"Burundi; Congo, The Democratic Republic of The",,2
Bos taurus,Rhipicephalus annulatus,FALSE,9913,mammalia,artiodactyla,bovidae,Rhipicephalus annulatus,VectorMap,TickMap,on_host_occurrence,"Algeria; Cameroon; Central African Republic; Chad; Congo, The Democratic Republic of The; Cote D'Ivoire; Egypt; Georgia; Ghana; Kenya; Mali; Morocco; Nigeria; Sudan; Turkey; United States of America",,220
Bos taurus,Rhipicephalus appendiculatus,FALSE,9913,mammalia,artiodactyla,bovidae,Rhipicephalus appendiculatus,VectorMap,TickMap,on_host_occurrence,"Burundi; Central African Republic; Congo, The Democratic Republic of The; Kenya; Malawi; Mozambique; Rwanda; Sierra Leone; South Africa; Sudan; Tanzania, United Republic of; Uganda; Zambia; Zimbabwe",,183
Bos taurus,Rhipicephalus armatus,FALSE,9913,mammalia,artiodactyla,bovidae,Rhipicephalus armatus,VectorMap,TickMap,on_host_occurrence,Zimbabwe,,1
Bos taurus,Rhipicephalus bequaerti,FALSE,9913,mammalia,artiodactyla,bovidae,Rhipicephalus bequaerti,VectorMap,TickMap,on_host_occurrence,"Tanzania, United Republic of",,2
Bos taurus,Rhipicephalus bursa,FALSE,9913,mammalia,artiodactyla,bovidae,Rhipicephalus bursa,VectorMap,TickMap,on_host_occurrence,Algeria; Georgia; Morocco,,29
Bos taurus,Rhipicephalus capensis,FALSE,9913,mammalia,artiodactyla,bovidae,Rhipicephalus capensis,VectorMap,TickMap,on_host_occurrence,"Congo, The Democratic Republic of The; Rwanda; South Africa",,11
Bos taurus,Rhipicephalus carnivoralis,FALSE,9913,mammalia,artiodactyla,bovidae,Rhipicephalus carnivoralis,VectorMap,TickMap,on_host_occurrence,"Tanzania, United Republic of",,2
Bos taurus,Rhipicephalus complanatus,FALSE,9913,mammalia,artiodactyla,bovidae,Rhipicephalus complanatus,VectorMap,TickMap,on_host_occurrence,Malawi,,6
Bos taurus,Rhipicephalus compositus,FALSE,9913,mammalia,artiodactyla,bovidae,Rhipicephalus compositus,VectorMap,TickMap,on_host_occurrence,"Burundi; Cameroon; Congo, The Democratic Republic of The; Nigeria; Rwanda; Tanzania, United Republic of; Zambia",,56
Bos taurus,Rhipicephalus decoloratus,FALSE,9913,mammalia,artiodactyla,bovidae,Rhipicephalus decoloratus,VectorMap,TickMap,on_host_occurrence,"Angola; Burkina Faso; Burundi; Cameroon; Congo; Congo, The Democratic Republic of The; Cote D'Ivoire; Gambia; Ghana; Guinea; Kenya; Mali; Mozambique; Namibia; Nigeria; Rwanda; Senegal; South Africa; Sudan; Tanzania, United Republic of; Uganda; Zambia",,254
Bos taurus,Rhipicephalus duttoni,FALSE,9913,mammalia,artiodactyla,bovidae,Rhipicephalus duttoni,VectorMap,TickMap,on_host_occurrence,"Congo, The Democratic Republic of The",,4
Bos taurus,Rhipicephalus dux,FALSE,9913,mammalia,artiodactyla,bovidae,Rhipicephalus dux,VectorMap,TickMap,on_host_occurrence,"Congo, The Democratic Republic of The",,2
Bos taurus,Rhipicephalus evertsi,FALSE,9913,mammalia,artiodactyla,bovidae,Rhipicephalus evertsi; Rhipicephalus evertsi evertsi,VectorMap,TickMap,on_host_occurrence,"Angola; Burkina Faso; Burundi; Cameroon; Central African Republic; Chad; Congo, The Democratic Republic of The; Ghana; Kenya; Mali; Mozambique; Nigeria; Rwanda; Senegal; South Africa; Sudan; Tanzania, United Republic of; Uganda; Zambia; Zimbabwe",,133
Bos taurus,Rhipicephalus evertsi,TRUE,9913,mammalia,artiodactyla,bovidae,Rhipicephalus evertsi mimeticus,VectorMap,TickMap,on_host_occurrence,"Angola; Congo, The Democratic Republic of The; Namibia",,8
Bos taurus,Rhipicephalus follis,FALSE,9913,mammalia,artiodactyla,bovidae,Rhipicephalus follis,VectorMap,TickMap,on_host_occurrence,South Africa,,1
Bos taurus,Rhipicephalus geigyi,FALSE,9913,mammalia,artiodactyla,bovidae,Rhipicephalus geigyi,VectorMap,TickMap,on_host_occurrence,Central African Republic; Cote D'Ivoire; Gambia; Mali; Nigeria; Senegal; Sierra Leone,,93
Bos taurus,Rhipicephalus glabroscutatum,FALSE,9913,mammalia,artiodactyla,bovidae,Rhipicephalus glabroscutatum,VectorMap,TickMap,on_host_occurrence,South Africa,,1
Bos taurus,Rhipicephalus guilhoni,FALSE,9913,mammalia,artiodactyla,bovidae,Rhipicephalus guilhoni,VectorMap,TickMap,on_host_occurrence,Cameroon; Senegal,,3
Bos taurus,Rhipicephalus haemaphysaloides,FALSE,9913,mammalia,artiodactyla,bovidae,Rhipicephalus haemaphysaloides,VectorMap,TickMap,on_host_occurrence,LAO PEOPLE'S DEMOCRATIC REPUBLIC,,4
Bos taurus,Rhipicephalus humeralis,FALSE,9913,mammalia,artiodactyla,bovidae,Rhipicephalus humeralis,VectorMap,TickMap,on_host_occurrence,Kenya,,1
Bos taurus,Rhipicephalus hurti,FALSE,9913,mammalia,artiodactyla,bovidae,Rhipicephalus hurti,VectorMap,TickMap,on_host_occurrence,"Tanzania, United Republic of",,1
Bos taurus,Rhipicephalus interventus,FALSE,9913,mammalia,artiodactyla,bovidae,Rhipicephalus interventus,VectorMap,TickMap,on_host_occurrence,"Malawi; Tanzania, United Republic of; Uganda; Zambia",,13
Bos taurus,Rhipicephalus kochi,FALSE,9913,mammalia,artiodactyla,bovidae,Rhipicephalus kochi,VectorMap,TickMap,on_host_occurrence,"Kenya; Mozambique; Rwanda; Sudan; Tanzania, United Republic of; Zambia; Zimbabwe",,28
Bos taurus,Rhipicephalus longus,FALSE,9913,mammalia,artiodactyla,bovidae,Rhipicephalus longus,VectorMap,TickMap,on_host_occurrence,"Angola; Cameroon; Central African Republic; Congo, The Democratic Republic of The; Malawi; Zambia",,24
Bos taurus,Rhipicephalus lunulatus,FALSE,9913,mammalia,artiodactyla,bovidae,Rhipicephalus lunulatus,VectorMap,TickMap,on_host_occurrence,"Cameroon; Central African Republic; Cote D'Ivoire; Guinea-Bissau; Senegal; Sierra Leone; Tanzania, United Republic of; Zambia",,23
Bos taurus,Rhipicephalus masseyi,FALSE,9913,mammalia,artiodactyla,bovidae,Rhipicephalus masseyi,VectorMap,TickMap,on_host_occurrence,"Congo, The Democratic Republic of The",,1
Bos taurus,Rhipicephalus microplus,FALSE,9913,mammalia,artiodactyla,bovidae,Rhipicephalus microplus,VectorMap,TickMap,on_host_occurrence,"LAO PEOPLE'S DEMOCRATIC REPUBLIC; Malawi; Mozambique; Peru; Tanzania, United Republic of; United States of America; Zambia",,273
Bos taurus,Rhipicephalus moucheti,FALSE,9913,mammalia,artiodactyla,bovidae,Rhipicephalus moucheti,VectorMap,TickMap,on_host_occurrence,Benin,,1
Bos taurus,Rhipicephalus muehlensi,FALSE,9913,mammalia,artiodactyla,bovidae,Rhipicephalus muehlensi,VectorMap,TickMap,on_host_occurrence,"Congo, The Democratic Republic of The; Rwanda; Sudan; Tanzania, United Republic of",,5
Bos taurus,Rhipicephalus muhsamae,FALSE,9913,mammalia,artiodactyla,bovidae,Rhipicephalus muhsamae,VectorMap,TickMap,on_host_occurrence,Cameroon; Central African Republic; Senegal,,4
Bos taurus,Rhipicephalus oculatus,FALSE,9913,mammalia,artiodactyla,bovidae,Rhipicephalus oculatus,VectorMap,TickMap,on_host_occurrence,Angola,,1
Bos taurus,Rhipicephalus planus,FALSE,9913,mammalia,artiodactyla,bovidae,Rhipicephalus planus,VectorMap,TickMap,on_host_occurrence,"Tanzania, United Republic of; Zambia",,4
Bos taurus,Rhipicephalus pravus,FALSE,9913,mammalia,artiodactyla,bovidae,Rhipicephalus pravus,VectorMap,TickMap,on_host_occurrence,"Burundi; Cameroon; Congo, The Democratic Republic of The; Rwanda; Sudan; Tanzania, United Republic of; Uganda; Zambia",,40
Bos taurus,Rhipicephalus pulchellus,FALSE,9913,mammalia,artiodactyla,bovidae,Rhipicephalus pulchellus,VectorMap,TickMap,on_host_occurrence,"Kenya; Tanzania, United Republic of",,14
Bos taurus,Rhipicephalus punctatus,FALSE,9913,mammalia,artiodactyla,bovidae,Rhipicephalus punctatus,VectorMap,TickMap,on_host_occurrence,Zambia,,14
Bos taurus,Rhipicephalus rossicus,FALSE,9913,mammalia,artiodactyla,bovidae,Rhipicephalus rossicus,VectorMap,TickMap,on_host_occurrence,Georgia,,1
Bos taurus,Rhipicephalus sanguineus,FALSE,9913,mammalia,artiodactyla,bovidae,Rhipicephalus sanguineus,VectorMap,TickMap,on_host_occurrence,"Benin; Congo, The Democratic Republic of The; Cote D'Ivoire; Gambia; Georgia; Ghana; Guinea; Malawi; Mali; Niger; Nigeria; Rwanda; Senegal; Sierra Leone; Sudan; Tanzania, United Republic of; Zambia",,115
Bos taurus,Rhipicephalus senegalensis,FALSE,9913,mammalia,artiodactyla,bovidae,Rhipicephalus senegalensis,VectorMap,TickMap,on_host_occurrence,Benin; Cameroon; Central African Republic; Cote D'Ivoire; Gambia; Guinea-Bissau; Nigeria; Senegal; Sierra Leone,,55
Bos taurus,Rhipicephalus simus,FALSE,9913,mammalia,artiodactyla,bovidae,Rhipicephalus simus,VectorMap,TickMap,on_host_occurrence,"Congo, The Democratic Republic of The; Egypt; Kenya; Mali; Mozambique; Nigeria; Rwanda; Senegal; South Africa; Sudan; Tanzania, United Republic of; Zambia; Zimbabwe",,86
Bos taurus,Rhipicephalus sulcatus,FALSE,9913,mammalia,artiodactyla,bovidae,Rhipicephalus sulcatus,VectorMap,TickMap,on_host_occurrence,"Cameroon; Congo, The Democratic Republic of The; Cote D'Ivoire; Senegal; Zambia",,10
Bos taurus,Rhipicephalus supertritus,FALSE,9913,mammalia,artiodactyla,bovidae,Rhipicephalus supertritus,VectorMap,TickMap,on_host_occurrence,Zambia; Zimbabwe,,11
Bos taurus,Rhipicephalus tricuspis,FALSE,9913,mammalia,artiodactyla,bovidae,Rhipicephalus tricuspis,VectorMap,TickMap,on_host_occurrence,"Cameroon; Congo, The Democratic Republic of The; Nigeria; Rwanda; South Africa; Zambia",,40
Bos taurus,Rhipicephalus turanicus,FALSE,9913,mammalia,artiodactyla,bovidae,Rhipicephalus turanicus,VectorMap,TickMap,on_host_occurrence,Georgia; Morocco,,9
Bos taurus,Rhipicephalus ziemanni,FALSE,9913,mammalia,artiodactyla,bovidae,Rhipicephalus ziemanni,VectorMap,TickMap,on_host_occurrence,Congo; Cote D'Ivoire; Nigeria; Sierra Leone,,5
Bos taurus,Verrallina reesi,FALSE,9913,mammalia,artiodactyla,bovidae,Verrallina reesi,VectorMap,BloodMealMap,blood_meal,Australia,,1
Bos taurus,gambiae species complex,TRUE,9913,mammalia,artiodactyla,bovidae,gambiae species complex,MapVEu,MapVEu,blood_meal,Tanzania,vector_complex,2
Bos taurus,nivipes species complex,TRUE,9913,mammalia,artiodactyla,bovidae,nivipes species complex,MapVEu,MapVEu,blood_meal,Cambodia,vector_complex,9
Branta canadensis,Culex erraticus,FALSE,8853,aves,anseriformes,anatidae,Culex erraticus,VectorMap,BloodMealMap,blood_meal,Unites States,,1
Bubalus bubalis,Aedes vexans,FALSE,89462,mammalia,artiodactyla,bovidae,Aedes vexans,VectorMap,BloodMealMap,blood_meal,Unites States,,1
Bubalus bubalis,Rhipicephalus simus,FALSE,89462,mammalia,artiodactyla,bovidae,Rhipicephalus simus,VectorMap,TickMap,on_host_occurrence,Egypt,,3
Bubo virginianus,Culex pipiens,FALSE,56268,aves,strigiformes,strigidae,Culex pipiens,VectorMap,BloodMealMap,blood_meal,Unites States,,1
Bubo virginianus,Culex tarsalis,FALSE,56268,aves,strigiformes,strigidae,Culex tarsalis,VectorMap,BloodMealMap,blood_meal,Unites States,,3
Bubo virginianus,Culiseta melanura,FALSE,56268,aves,strigiformes,strigidae,Culiseta melanura,VectorMap,BloodMealMap,blood_meal,Unites States,,1
Bubo virginianus,Echidnophaga gallinacea,FALSE,56268,aves,strigiformes,strigidae,Echidnophaga gallinacea,VectorMap,FleaMap,on_host_occurrence,United States,,1
Bubulcus ibis,Argas persicus,FALSE,110668,aves,pelecaniformes,ardeidae,Argas persicus,VectorMap,TickMap,on_host_occurrence,Egypt,,1
Bubulcus ibis,Argas walkerae,FALSE,110668,aves,pelecaniformes,ardeidae,Argas walkerae,VectorMap,TickMap,on_host_occurrence,South Africa,,1
Burhinus grallarius,Culex annulirostris,FALSE,585466,aves,charadriiformes,burhinidae,Culex annulirostris,VectorMap,BloodMealMap,blood_meal,Australia,,1
Buteo jamaicensis,Culex quinquefasciatus,FALSE,56263,aves,accipitriformes,accipitridae,Culex quinquefasciatus,VectorMap,BloodMealMap,blood_meal,Unites States,,1
Buteo jamaicensis,Culex stigmatosoma,FALSE,56263,aves,accipitriformes,accipitridae,Culex stigmatosoma,VectorMap,BloodMealMap,blood_meal,Unites States,,1
Buteo jamaicensis,Culex tarsalis,FALSE,56263,aves,accipitriformes,accipitridae,Culex tarsalis,VectorMap,BloodMealMap,blood_meal,Unites States,,3
Buteo lineatus,Culex stigmatosoma,FALSE,223475,aves,accipitriformes,accipitridae,Culex stigmatosoma,VectorMap,BloodMealMap,blood_meal,Unites States,,1
Buteo lineatus,Culex tarsalis,FALSE,223475,aves,accipitriformes,accipitridae,Culex tarsalis,VectorMap,BloodMealMap,blood_meal,Unites States,,1
Buteo lineatus,Culex thriambus,FALSE,223475,aves,accipitriformes,accipitridae,Culex thriambus,VectorMap,BloodMealMap,blood_meal,Unites States,,1
Buteo swainsoni,Culex tarsalis,FALSE,156757,aves,accipitriformes,accipitridae,Culex tarsalis,VectorMap,BloodMealMap,blood_meal,Unites States,,1
Butorides striata,Culex sitiens,FALSE,433628,aves,pelecaniformes,ardeidae,Culex sitiens,VectorMap,BloodMealMap,blood_meal,Australia,,1
Butorides virescens,Aedes taeniorhynchus,FALSE,110671,,,,Aedes taeniorhynchus,VectorMap,BloodMealMap,blood_meal,Puerto Rico,,1
Butorides virescens,Aedes tortilis,FALSE,110671,,,,Aedes tortilis,VectorMap,BloodMealMap,blood_meal,Puerto Rico,,1
Butorides virescens,Anopheles punctipennis,FALSE,110671,,,,Anopheles punctipennis,VectorMap,BloodMealMap,blood_meal,Unites States,,1
Butorides virescens,Culex erraticus,FALSE,110671,,,,Culex erraticus,MapVEu; VectorMap,BloodMealMap; MapVEu,blood_meal,United States; Unites States,,5
Butorides virescens,Culex iolambdis,FALSE,110671,,,,Culex iolambdis,VectorMap,BloodMealMap,blood_meal,Unites States,,1
Butorides virescens,Culex peccator,FALSE,110671,,,,Culex peccator,VectorMap,BloodMealMap,blood_meal,Unites States,,1
Butorides virescens,Culex pipiens,FALSE,110671,,,,Culex pipiens,VectorMap,BloodMealMap,blood_meal,Unites States,,4
Butorides virescens,Culex quinquefasciatus,FALSE,110671,,,,Culex quinquefasciatus,VectorMap,BloodMealMap,blood_meal,Unites States,,1
Butorides virescens,Culex restuans,FALSE,110671,,,,Culex restuans,VectorMap,BloodMealMap,blood_meal,Unites States,,1
Butorides virescens,Culex stigmatosoma,FALSE,110671,,,,Culex stigmatosoma,VectorMap,BloodMealMap,blood_meal,Unites States,,1
Butorides virescens,Culex tarsalis,FALSE,110671,,,,Culex tarsalis,VectorMap,BloodMealMap,blood_meal,Unites States,,4
Butorides virescens,Culiseta melanura,FALSE,110671,,,,Culiseta melanura,VectorMap,BloodMealMap,blood_meal,Unites States,,2
Cairina moschata,Aedes vexans,FALSE,8855,aves,anseriformes,anatidae,Aedes vexans,VectorMap,BloodMealMap,blood_meal,Unites States,,1
Cairina moschata,Culex quinquefasciatus,FALSE,8855,aves,anseriformes,anatidae,Culex quinquefasciatus,VectorMap,BloodMealMap,blood_meal,Unites States,,1
Caluromys philander,Culex caudelli,FALSE,70610,mammalia,didelphimorphia,didelphidae,Culex caudelli,VectorMap,BloodMealMap,blood_meal,Trinidad & Tobago,,1
Caluromys philander,Culex nigripalpus,FALSE,70610,mammalia,didelphimorphia,didelphidae,Culex nigripalpus,VectorMap,BloodMealMap,blood_meal,Trinidad & Tobago,,1
Camelus bactrianus,Aedes vexans,FALSE,9837,,,,Aedes vexans,VectorMap,BloodMealMap,blood_meal,Unites States,,1
Camelus dromedarius,Aedes mcintoshi,FALSE,9838,mammalia,artiodactyla,camelidae,Aedes mcintoshi,VectorMap,BloodMealMap,blood_meal,Kenya,,1
Camelus dromedarius,Aedes ochraceus,FALSE,9838,mammalia,artiodactyla,camelidae,Aedes ochraceus,VectorMap,BloodMealMap,blood_meal,Kenya,,1
Camelus dromedarius,Aedes vexans,FALSE,9838,mammalia,artiodactyla,camelidae,Aedes vexans,VectorMap,BloodMealMap,blood_meal,Unites States,,1
Canis adustus,Haemaphysalis aciculifer,FALSE,68723,,,,Haemaphysalis aciculifer,VectorMap,TickMap,on_host_occurrence,Zimbabwe,,6
Canis adustus,Haemaphysalis leachi,FALSE,68723,,,,Haemaphysalis leachi,VectorMap,TickMap,on_host_occurrence,"Congo, The Democratic Republic of The; Zambia",,5
Canis adustus,Haemaphysalis moreli,FALSE,68723,,,,Haemaphysalis moreli,VectorMap,TickMap,on_host_occurrence,Kenya,,3
Canis adustus,Haemaphysalis paraleachi,FALSE,68723,,,,Haemaphysalis paraleachi,VectorMap,TickMap,on_host_occurrence,Sudan; Zambia,,2
Canis adustus,Haemaphysalis spinulosa,FALSE,68723,,,,Haemaphysalis spinulosa,VectorMap,TickMap,on_host_occurrence,Zambia,,1
Canis adustus,Rhipicentor bicornis,FALSE,68723,,,,Rhipicentor bicornis,VectorMap,TickMap,on_host_occurrence,"Congo, The Democratic Republic of The",,1
Canis adustus,Rhipicephalus longus,FALSE,68723,,,,Rhipicephalus longus,VectorMap,TickMap,on_host_occurrence,"Congo, The Democratic Republic of The",,2
Canis adustus,Rhipicephalus planus,FALSE,68723,,,,Rhipicephalus planus,VectorMap,TickMap,on_host_occurrence,"Congo, The Democratic Republic of The",,1
Canis adustus,Rhipicephalus sanguineus,FALSE,68723,,,,Rhipicephalus sanguineus,VectorMap,TickMap,on_host_occurrence,"Congo, The Democratic Republic of The; Zambia",,4
Canis adustus,Rhipicephalus simus,FALSE,68723,,,,Rhipicephalus simus,VectorMap,TickMap,on_host_occurrence,Zambia,,1
Canis adustus,Rhipicephalus tricuspis,FALSE,68723,,,,Rhipicephalus tricuspis,VectorMap,TickMap,on_host_occurrence,"Congo, The Democratic Republic of The",,2
Canis aureus,Amblyomma variegatum,FALSE,68724,mammalia,carnivora,canidae,Amblyomma variegatum,VectorMap,TickMap,on_host_occurrence,Burkina Faso; Sudan,,2
Canis aureus,Haemaphysalis leachi,FALSE,68724,mammalia,carnivora,canidae,Haemaphysalis leachi,VectorMap,TickMap,on_host_occurrence,Kenya; Sudan,,2
Canis aureus,Haemaphysalis paraleachi,FALSE,68724,mammalia,carnivora,canidae,Haemaphysalis paraleachi,VectorMap,TickMap,on_host_occurrence,Sudan,,1
Canis aureus,Haemaphysalis spinulosa,FALSE,68724,mammalia,carnivora,canidae,Haemaphysalis spinulosa,VectorMap,TickMap,on_host_occurrence,Sudan,,1
Canis aureus,Rhipicephalus pravus,FALSE,68724,mammalia,carnivora,canidae,Rhipicephalus pravus,VectorMap,TickMap,on_host_occurrence,Sudan,,1
Canis aureus,Rhipicephalus sanguineus,FALSE,68724,mammalia,carnivora,canidae,Rhipicephalus sanguineus,VectorMap,TickMap,on_host_occurrence,Morocco,,1
Canis aureus,Rhipicephalus simus,FALSE,68724,mammalia,carnivora,canidae,Rhipicephalus simus,VectorMap,TickMap,on_host_occurrence,Sudan,,1
Canis aureus,Rhipicephalus sulcatus,FALSE,68724,mammalia,carnivora,canidae,Rhipicephalus sulcatus,VectorMap,TickMap,on_host_occurrence,Burkina Faso,,1
Canis latrans,Aedes canadensis,FALSE,9614,mammalia,carnivora,canidae,Aedes canadensis,VectorMap,BloodMealMap,blood_meal,Unites States,,1
Canis latrans,Aedes thibaulti,FALSE,9614,mammalia,carnivora,canidae,Aedes thibaulti,VectorMap,BloodMealMap,blood_meal,Unites States,,1
Canis latrans,Aedes trivittatus,FALSE,9614,mammalia,carnivora,canidae,Aedes trivittatus,VectorMap,BloodMealMap,blood_meal,Unites States,,1
Canis latrans,Aedes vexans,FALSE,9614,mammalia,carnivora,canidae,Aedes vexans,VectorMap,BloodMealMap,blood_meal,Unites States,,1
Canis latrans,Amblyomma americanum,FALSE,9614,mammalia,carnivora,canidae,Amblyomma americanum,VectorMap,TickMap,on_host_occurrence,United States of America,,47
Canis latrans,Amblyomma maculatum,FALSE,9614,mammalia,carnivora,canidae,Amblyomma maculatum,VectorMap,TickMap,on_host_occurrence,United States of America,,40
Canis latrans,Anopheles franciscanus,FALSE,9614,mammalia,carnivora,canidae,Anopheles franciscanus,VectorMap,BloodMealMap,blood_meal,Unites States,,1
Canis latrans,Coquillettidia perturbans,FALSE,9614,mammalia,carnivora,canidae,Coquillettidia perturbans,VectorMap,BloodMealMap,blood_meal,Unites States,,1
Canis latrans,Ctenocephalides canis,FALSE,9614,mammalia,carnivora,canidae,Ctenocephalides canis,VectorMap,FleaMap,on_host_occurrence,United States,,31
Canis latrans,Ctenocephalides felis,FALSE,9614,mammalia,carnivora,canidae,Ctenocephalides felis,VectorMap,FleaMap,on_host_occurrence,United States,,1
Canis latrans,Culex pipiens,FALSE,9614,mammalia,carnivora,canidae,Culex pipiens,VectorMap,BloodMealMap,blood_meal,Unites States,,2
Canis latrans,Culex quinquefasciatus,FALSE,9614,mammalia,carnivora,canidae,Culex quinquefasciatus,VectorMap,BloodMealMap,blood_meal,Unites States,,1
Canis latrans,Culex salinarius,FALSE,9614,mammalia,carnivora,canidae,Culex salinarius,VectorMap,BloodMealMap,blood_meal,Unites States,,1
Canis latrans,Dermacentor albipictus,FALSE,9614,mammalia,carnivora,canidae,Dermacentor albipictus,VectorMap,TickMap,on_host_occurrence,United States of America,,8
Canis latrans,Dermacentor variabilis,FALSE,9614,mammalia,carnivora,canidae,Dermacentor variabilis,VectorMap,TickMap,on_host_occurrence,United States of America,,60
Canis latrans,Ixodes cookei,FALSE,9614,mammalia,carnivora,canidae,Ixodes cookei,VectorMap,TickMap,on_host_occurrence,United States of America,,16
Canis latrans,Ixodes pacificus,FALSE,9614,mammalia,carnivora,canidae,Ixodes pacificus,VectorMap,TickMap,on_host_occurrence,United States of America,,12
Canis latrans,Ixodes scapularis,FALSE,9614,mammalia,carnivora,canidae,Ixodes scapularis,VectorMap,TickMap,on_host_occurrence,United States of America,,4
Canis latrans,Oropsylla tuberculata,TRUE,9614,mammalia,carnivora,canidae,Oropsylla tuberculata cynomuris,VectorMap,FleaMap,on_host_occurrence,United States,,1
Canis latrans,Otobius megnini,FALSE,9614,mammalia,carnivora,canidae,Otobius megnini,VectorMap,TickMap,on_host_occurrence,United States,,1
Canis lupus,Aedeomyia africana,FALSE,9612,mammalia,carnivora,canidae,Aedeomyia africana,VectorMap,BloodMealMap,blood_meal,Kenya,,1
Canis lupus,Aedes aegypti,FALSE,9612,mammalia,carnivora,canidae,Aedes aegypti,MapVEu; VectorMap,BloodMealMap; MapVEu,blood_meal,Australia; Grenada; Kenya; Unites States,,38
Canis lupus,Aedes albopictus,FALSE,9612,mammalia,carnivora,canidae,Aedes albopictus,VectorMap,BloodMealMap,blood_meal,Brazil; Japan; Singapore; Unites States,,9
Canis lupus,Aedes atlanticus,FALSE,9612,mammalia,carnivora,canidae,Aedes atlanticus,VectorMap,BloodMealMap,blood_meal,Unites States,,1
Canis lupus,Aedes bancroftianus,FALSE,9612,mammalia,carnivora,canidae,Aedes bancroftianus,VectorMap,BloodMealMap,blood_meal,Australia,,1
Canis lupus,Aedes caspius,FALSE,9612,mammalia,carnivora,canidae,Aedes caspius,VectorMap,BloodMealMap,blood_meal,Russia,,1
Canis lupus,Aedes circumluteolum,FALSE,9612,mammalia,carnivora,canidae,Aedes circumluteolum,VectorMap,BloodMealMap,blood_meal,Kenya,,1
Canis lupus,Aedes cumminsii,FALSE,9612,mammalia,carnivora,canidae,Aedes cumminsii,VectorMap,BloodMealMap,blood_meal,Kenya,,1
Canis lupus,Aedes dentatus,FALSE,9612,mammalia,carnivora,canidae,Aedes dentatus,VectorMap,BloodMealMap,blood_meal,South Africa,,1
Canis lupus,Aedes dorsalis,FALSE,9612,mammalia,carnivora,canidae,Aedes dorsalis,VectorMap,BloodMealMap,blood_meal,Unites States,,2
Canis lupus,Aedes flavescens,FALSE,9612,mammalia,carnivora,canidae,Aedes flavescens,VectorMap,BloodMealMap,blood_meal,Unites States,,1
Canis lupus,Aedes fluviatilis,FALSE,9612,mammalia,carnivora,canidae,Aedes fluviatilis,VectorMap,BloodMealMap,blood_meal,Brazil,,1
Canis lupus,Aedes japonicus,FALSE,9612,mammalia,carnivora,canidae,Aedes japonicus,VectorMap,BloodMealMap,blood_meal,Switzerland,,1
Canis lupus,Aedes lineatopennis,FALSE,9612,mammalia,carnivora,canidae,Aedes lineatopennis,VectorMap,BloodMealMap,blood_meal,Australia; South Africa,,2
Canis lupus,Aedes melanimon,FALSE,9612,mammalia,carnivora,canidae,Aedes melanimon,VectorMap,BloodMealMap,blood_meal,Unites States,,1
Canis lupus,Aedes metallicus,FALSE,9612,mammalia,carnivora,canidae,Aedes metallicus,VectorMap,BloodMealMap,blood_meal,Kenya,,1
Canis lupus,Aedes notoscriptus,FALSE,9612,mammalia,carnivora,canidae,Aedes notoscriptus,VectorMap,BloodMealMap,blood_meal,Australia,,1
Canis lupus,Aedes procax,FALSE,9612,mammalia,carnivora,canidae,Aedes procax,VectorMap,BloodMealMap,blood_meal,Australia,,1
Canis lupus,Aedes riparius,FALSE,9612,mammalia,carnivora,canidae,Aedes riparius,VectorMap,BloodMealMap,blood_meal,Hungary,,1
Canis lupus,Aedes scapularis,FALSE,9612,mammalia,carnivora,canidae,Aedes scapularis,VectorMap,BloodMealMap,blood_meal,Brazil,,3
Canis lupus,Aedes serratus,FALSE,9612,mammalia,carnivora,canidae,Aedes serratus,VectorMap,BloodMealMap,blood_meal,Brazil,,1
Canis lupus,Aedes sierrensis,FALSE,9612,mammalia,carnivora,canidae,Aedes sierrensis,VectorMap,BloodMealMap,blood_meal,Unites States,,2
Canis lupus,Aedes sollicitans,FALSE,9612,mammalia,carnivora,canidae,Aedes sollicitans,VectorMap,BloodMealMap,blood_meal,Unites States,,1
Canis lupus,Aedes triseriatus,FALSE,9612,mammalia,carnivora,canidae,Aedes triseriatus,VectorMap,BloodMealMap,blood_meal,Unites States,,4
Canis lupus,Aedes trivittatus,FALSE,9612,mammalia,carnivora,canidae,Aedes trivittatus,VectorMap,BloodMealMap,blood_meal,Unites States,,1
Canis lupus,Aedes vexans,FALSE,9612,mammalia,carnivora,canidae,Aedes vexans,VectorMap,BloodMealMap,blood_meal,Hungary; Russia; Serbia; Unites States,,13
Canis lupus,Aedes vigilax,FALSE,9612,mammalia,carnivora,canidae,Aedes vigilax,VectorMap,BloodMealMap,blood_meal,Australia,,3
Canis lupus,Aedes vittiger,FALSE,9612,mammalia,carnivora,canidae,Aedes vittiger,VectorMap,BloodMealMap,blood_meal,Australia,,1
Canis lupus,Amblyomma americanum,FALSE,9612,mammalia,carnivora,canidae,Amblyomma americanum,VectorMap,TickMap,on_host_occurrence,United States of America,,480
Canis lupus,Amblyomma hebraeum,FALSE,9612,mammalia,carnivora,canidae,Amblyomma hebraeum,VectorMap,TickMap,on_host_occurrence,Mozambique,,1
Canis lupus,Amblyomma lepidum,FALSE,9612,mammalia,carnivora,canidae,Amblyomma lepidum,VectorMap,TickMap,on_host_occurrence,Sudan,,2
Canis lupus,Amblyomma maculatum,FALSE,9612,mammalia,carnivora,canidae,Amblyomma maculatum,VectorMap,TickMap,on_host_occurrence,Peru; United States of America,,165
Canis lupus,Amblyomma nuttalli,FALSE,9612,mammalia,carnivora,canidae,Amblyomma nuttalli,VectorMap,TickMap,on_host_occurrence,Burkina Faso; Cote D'Ivoire,,2
Canis lupus,Amblyomma sparsum,FALSE,9612,mammalia,carnivora,canidae,Amblyomma sparsum,VectorMap,TickMap,on_host_occurrence,Zambia,,10
Canis lupus,Amblyomma testudinarium,FALSE,9612,mammalia,carnivora,canidae,Amblyomma testudinarium,VectorMap,TickMap,on_host_occurrence,LAO PEOPLE'S DEMOCRATIC REPUBLIC,,1
Canis lupus,Amblyomma triguttatum,FALSE,9612,mammalia,carnivora,canidae,Amblyomma triguttatum,VectorMap,TickMap,on_host_occurrence,Australia,,4
Canis lupus,Amblyomma tuberculatum,FALSE,9612,mammalia,carnivora,canidae,Amblyomma tuberculatum,VectorMap,TickMap,on_host_occurrence,United States of America,,8
Canis lupus,Amblyomma variegatum,FALSE,9612,mammalia,carnivora,canidae,Amblyomma variegatum,VectorMap,TickMap,on_host_occurrence,"Benin; Burkina Faso; Congo, The Democratic Republic of The; Cote D'Ivoire; Guinea; Nigeria; Senegal; South Africa; Sudan",,32
Canis lupus,Anopheles albimanus,FALSE,9612,mammalia,carnivora,canidae,Anopheles albimanus,VectorMap,BloodMealMap,blood_meal,Belize,,2
Canis lupus,Anopheles amictus,FALSE,9612,mammalia,carnivora,canidae,Anopheles amictus,VectorMap,BloodMealMap,blood_meal,Australia,,1
Canis lupus,Anopheles annulipes,FALSE,9612,mammalia,carnivora,canidae,Anopheles annulipes,MapVEu; VectorMap,BloodMealMap; MapVEu,blood_meal,Australia,,4
Canis lupus,Anopheles apoci,FALSE,9612,mammalia,carnivora,canidae,Anopheles apoci,VectorMap,BloodMealMap,blood_meal,Iran,,1
Canis lupus,Anopheles arabiensis,FALSE,9612,mammalia,carnivora,canidae,Anopheles arabiensis,MapVEu; VectorMap,BloodMealMap; MapVEu,blood_meal,Ethiopia; Ghana; Kenya; Madagascar,,19
Canis lupus,Anopheles atroparvus,FALSE,9612,mammalia,carnivora,canidae,Anopheles atroparvus,VectorMap,BloodMealMap,blood_meal,ESP,,1
Canis lupus,Anopheles bancroftii,FALSE,9612,mammalia,carnivora,canidae,Anopheles bancroftii,MapVEu; VectorMap,BloodMealMap; MapVEu,blood_meal,Australia; Papua New Guinea,,4
Canis lupus,Anopheles coluzzii,FALSE,9615,mammalia,carnivora,canidae,Anopheles coluzzii,MapVEu,MapVEu,blood_meal,Ghana,,5
Canis lupus,Anopheles coustani,FALSE,9612,mammalia,carnivora,canidae,Anopheles coustani,MapVEu; VectorMap,BloodMealMap; MapVEu,blood_meal,Ethiopia; Kenya; Madagascar,,37
Canis lupus,Anopheles crucians,FALSE,9612,mammalia,carnivora,canidae,Anopheles crucians,VectorMap,BloodMealMap,blood_meal,Unites States,,1
Canis lupus,Anopheles darlingi,FALSE,9612,mammalia,carnivora,canidae,Anopheles darlingi,MapVEu; VectorMap,BloodMealMap; MapVEu,blood_meal,Brazil; Peru,,4420
Canis lupus,Anopheles farauti,FALSE,9612,mammalia,carnivora,canidae,Anopheles farauti,MapVEu; VectorMap,BloodMealMap; MapVEu,blood_meal,Papua New Guinea,,130
Canis lupus,Anopheles farauti No. 4,TRUE,9615,mammalia,carnivora,canidae,Anopheles farauti No. 4,MapVEu,MapVEu,blood_meal,Papua New Guinea,vector_infraspecific,44
Canis lupus,Anopheles freeborni,FALSE,9612,mammalia,carnivora,canidae,Anopheles freeborni,VectorMap,BloodMealMap,blood_meal,Unites States,,5
Canis lupus,Anopheles funestus,FALSE,9612,mammalia,carnivora,canidae,Anopheles funestus,MapVEu; VectorMap,BloodMealMap; MapVEu,blood_meal,Kenya; Madagascar; Tanzania,,6
Canis lupus,Anopheles gambiae,FALSE,9612,mammalia,carnivora,canidae,Anopheles gambiae,MapVEu; VectorMap,BloodMealMap; MapVEu,blood_meal,Ghana; Kenya; Tanzania,,15
Canis lupus,Anopheles hinesorum,FALSE,9615,mammalia,carnivora,canidae,Anopheles hinesorum,MapVEu,MapVEu,blood_meal,Papua New Guinea,,1
Canis lupus,Anopheles koliensis,FALSE,9612,mammalia,carnivora,canidae,Anopheles koliensis,MapVEu; VectorMap,BloodMealMap; MapVEu,blood_meal,Papua New Guinea,,3
Canis lupus,Anopheles longipalpis,FALSE,9612,mammalia,carnivora,canidae,Anopheles longipalpis,VectorMap,BloodMealMap,blood_meal,Zambia,,1
Canis lupus,Anopheles longirostris,FALSE,9615,mammalia,carnivora,canidae,Anopheles longirostris,MapVEu,MapVEu,blood_meal,Papua New Guinea,,7
Canis lupus,Anopheles maculipalpis,FALSE,9612,mammalia,carnivora,canidae,Anopheles maculipalpis,MapVEu; VectorMap,BloodMealMap; MapVEu,blood_meal,Madagascar,,12
Canis lupus,Anopheles maculipennis,FALSE,9612,mammalia,carnivora,canidae,Anopheles maculipennis,VectorMap,BloodMealMap,blood_meal,Hungary,,1
Canis lupus,Anopheles marajoara,FALSE,9612,mammalia,carnivora,canidae,Anopheles marajoara,VectorMap,BloodMealMap,blood_meal,Brazil,,3
Canis lupus,Anopheles marteri,FALSE,9612,mammalia,carnivora,canidae,Anopheles marteri,VectorMap,BloodMealMap,blood_meal,Iran,,1
Canis lupus,Anopheles mascarensis,FALSE,9612,mammalia,carnivora,canidae,Anopheles mascarensis,MapVEu; VectorMap,BloodMealMap; MapVEu,blood_meal,Madagascar,,4
Canis lupus,Anopheles messeae,FALSE,9612,mammalia,carnivora,canidae,Anopheles messeae,VectorMap,BloodMealMap,blood_meal,Russia; United Kingdom,,3
Canis lupus,Anopheles nuneztovari,FALSE,9612,mammalia,carnivora,canidae,Anopheles nuneztovari,VectorMap,BloodMealMap,blood_meal,Brazil,,3
Canis lupus,Anopheles peryassui,FALSE,9612,mammalia,carnivora,canidae,Anopheles peryassui,VectorMap,BloodMealMap,blood_meal,Brazil,,1
Canis lupus,Anopheles pharoensis,FALSE,9615,mammalia,carnivora,canidae,Anopheles pharoensis,MapVEu,MapVEu,blood_meal,Ethiopia,,2
Canis lupus,Anopheles pretoriensis,FALSE,9612,mammalia,carnivora,canidae,Anopheles pretoriensis,MapVEu; VectorMap,BloodMealMap; MapVEu,blood_meal,Madagascar,,2
Canis lupus,Anopheles punctimacula,FALSE,9612,mammalia,carnivora,canidae,Anopheles punctimacula,VectorMap,BloodMealMap,blood_meal,Belize,,1
Canis lupus,Anopheles punctipennis,FALSE,9612,mammalia,carnivora,canidae,Anopheles punctipennis,VectorMap,BloodMealMap,blood_meal,Unites States,,3
Canis lupus,Anopheles punctulatus,FALSE,9615,mammalia,carnivora,canidae,Anopheles punctulatus,MapVEu,MapVEu,blood_meal,Papua New Guinea,,30
Canis lupus,Anopheles quadrimaculatus,FALSE,9612,mammalia,carnivora,canidae,Anopheles quadrimaculatus,VectorMap,BloodMealMap,blood_meal,Unites States,,2
Canis lupus,Anopheles rufipes,FALSE,9612,mammalia,carnivora,canidae,Anopheles rufipes,MapVEu; VectorMap,BloodMealMap; MapVEu,blood_meal,Madagascar,,3
Canis lupus,Anopheles sinensis,FALSE,9612,mammalia,carnivora,canidae,Anopheles sinensis,VectorMap,BloodMealMap,blood_meal,Japan,,1
Canis lupus,Anopheles squamosus,FALSE,9612,mammalia,carnivora,canidae,Anopheles squamosus,MapVEu; VectorMap,BloodMealMap; MapVEu,blood_meal,Madagascar,,10
Canis lupus,Anopheles strodei,FALSE,9612,mammalia,carnivora,canidae,Anopheles strodei,VectorMap,BloodMealMap,blood_meal,Brazil,,1
Canis lupus,Anopheles triannulatus,FALSE,9612,mammalia,carnivora,canidae,Anopheles triannulatus,VectorMap,BloodMealMap,blood_meal,Brazil,,2
Canis lupus,Anopheles vestitipennis,FALSE,9612,mammalia,carnivora,canidae,Anopheles vestitipennis,VectorMap,BloodMealMap,blood_meal,Belize,,3
Canis lupus,Carios kelleyi,FALSE,9612,mammalia,carnivora,canidae,Carios kelleyi,VectorMap,TickMap,on_host_occurrence,United States of America,,1
Canis lupus,Coquillettidia fuscopennata,FALSE,9612,mammalia,carnivora,canidae,Coquillettidia fuscopennata,VectorMap,BloodMealMap,blood_meal,Kenya,,1
Canis lupus,Coquillettidia linealis,FALSE,9612,mammalia,carnivora,canidae,Coquillettidia linealis,VectorMap,BloodMealMap,blood_meal,Australia,,1
Canis lupus,Coquillettidia perturbans,FALSE,9612,mammalia,carnivora,canidae,Coquillettidia perturbans,VectorMap,BloodMealMap,blood_meal,Unites States,,3
Canis lupus,Coquillettidia richiardii,FALSE,9612,mammalia,carnivora,canidae,Coquillettidia richiardii,VectorMap,BloodMealMap,blood_meal,Russia,,1
Canis lupus,Coquillettidia shannoni,FALSE,9612,mammalia,carnivora,canidae,Coquillettidia shannoni,VectorMap,BloodMealMap,blood_meal,Brazil,,1
Canis lupus,Coquillettidia venezuelensis,FALSE,9612,mammalia,carnivora,canidae,Coquillettidia venezuelensis,VectorMap,BloodMealMap,blood_meal,Brazil,,1
Canis lupus,Coquillettidia xanthogaster,FALSE,9612,mammalia,carnivora,canidae,Coquillettidia xanthogaster,VectorMap,BloodMealMap,blood_meal,Australia,,1
Canis lupus,Ctenocephalides canis,FALSE,9612,mammalia,carnivora,canidae,Ctenocephalides canis,VectorMap,FleaMap,on_host_occurrence,Brazil; Ethiopia; France; Germany; Guatemala; Japan; Myanmar; Netherlands; Peru; Tunisia; Turkey; United Kingdom; United States,,98
Canis lupus,Ctenocephalides felis,FALSE,9612,mammalia,carnivora,canidae,Ctenocephalides felis; Ctenocephalides felis felis,VectorMap,FleaMap,on_host_occurrence,"Bahamas; Brazil; Costa Rica; Dominican Republic; Egypt; Kenya; Liberia; Malaysia; Marshall Islands; Northern Mariana Islands; Paraguay; Philippines; Saint Helena; Tunisia; United States; Uruguay; Virgin Islands, U.S",,136
Canis lupus,Culex annulirostris,FALSE,9612,mammalia,carnivora,canidae,Culex annulirostris,MapVEu; VectorMap,BloodMealMap; MapVEu,blood_meal,Australia; Papua New Guinea,,30
Canis lupus,Culex antennatus,FALSE,9612,mammalia,carnivora,canidae,Culex antennatus,VectorMap,BloodMealMap,blood_meal,Egypt,,1
Canis lupus,Culex bitaeniorhynchus,FALSE,9612,mammalia,carnivora,canidae,Culex bitaeniorhynchus,VectorMap,BloodMealMap,blood_meal,Australia; India,,2
Canis lupus,Culex caudelli,FALSE,9612,mammalia,carnivora,canidae,Culex caudelli,VectorMap,BloodMealMap,blood_meal,Trinidad & Tobago,,1
Canis lupus,Culex chaetoventralis,FALSE,9612,mammalia,carnivora,canidae,Culex chaetoventralis,VectorMap,BloodMealMap,blood_meal,Unites States,,1
Canis lupus,Culex cheesmanae,FALSE,9612,mammalia,carnivora,canidae,Culex cheesmanae,VectorMap,BloodMealMap,blood_meal,Unites States,,1
Canis lupus,Culex cylindricus,FALSE,9612,mammalia,carnivora,canidae,Culex cylindricus,VectorMap,BloodMealMap,blood_meal,Australia,,1
Canis lupus,Culex declarator,FALSE,9612,mammalia,carnivora,canidae,Culex declarator,VectorMap,BloodMealMap,blood_meal,Trinidad & Tobago,,1
Canis lupus,Culex gelidus,FALSE,9612,mammalia,carnivora,canidae,Culex gelidus,VectorMap,BloodMealMap,blood_meal,India; Singapore,,4
Canis lupus,Culex hilli,FALSE,9612,mammalia,carnivora,canidae,Culex hilli,VectorMap,BloodMealMap,blood_meal,Australia,,1
Canis lupus,Culex modestus,FALSE,9612,mammalia,carnivora,canidae,Culex modestus,VectorMap,BloodMealMap,blood_meal,Russia,,1
Canis lupus,Culex molestus,FALSE,9612,mammalia,carnivora,canidae,Culex molestus,VectorMap,BloodMealMap,blood_meal,Australia,,1
Canis lupus,Culex neavei,FALSE,9612,mammalia,carnivora,canidae,Culex neavei,VectorMap,BloodMealMap,blood_meal,Kenya,,1
Canis lupus,Culex nigripalpus,FALSE,9612,mammalia,carnivora,canidae,Culex nigripalpus,VectorMap,BloodMealMap,blood_meal,Brazil; Trinidad & Tobago,,2
Canis lupus,Culex perexiguus,FALSE,9612,mammalia,carnivora,canidae,Culex perexiguus,VectorMap,BloodMealMap,blood_meal,ESP; Iran; Israel,,4
Canis lupus,Culex pipiens,FALSE,9612,mammalia,carnivora,canidae,Culex pipiens,VectorMap,BloodMealMap,blood_meal,Egypt; ESP; Iran; Israel; Kenya; Russia; South Africa; Unites States,,19
Canis lupus,Culex pipiens molestus,TRUE,9615,mammalia,carnivora,canidae,Culex pipiens molestus,MapVEu,MapVEu,blood_meal,Australia,vector_infraspecific,1
Canis lupus,Culex pseudovishnui,FALSE,9612,mammalia,carnivora,canidae,Culex pseudovishnui,VectorMap,BloodMealMap,blood_meal,India,,2
Canis lupus,Culex quinquefasciatus,FALSE,9612,mammalia,carnivora,canidae,Culex quinquefasciatus,MapVEu; VectorMap,BloodMealMap; MapVEu,blood_meal,Australia; Brazil; Grenada; India; Japan; Malaysia; Mexico; Tanzania; Unites States,,65
Canis lupus,Culex salinarius,FALSE,9612,mammalia,carnivora,canidae,Culex salinarius,VectorMap,BloodMealMap,blood_meal,Unites States,,3
Canis lupus,Culex shanahani,FALSE,9612,mammalia,carnivora,canidae,Culex shanahani,VectorMap,BloodMealMap,blood_meal,Japan,,1
Canis lupus,Culex sitiens,FALSE,9612,mammalia,carnivora,canidae,Culex sitiens,VectorMap,BloodMealMap,blood_meal,Australia; Iran; Singapore,,6
Canis lupus,Culex spissipes,FALSE,9612,mammalia,carnivora,canidae,Culex spissipes,VectorMap,BloodMealMap,blood_meal,Trinidad & Tobago,,1
Canis lupus,Culex steffani,FALSE,9612,mammalia,carnivora,canidae,Culex steffani,VectorMap,BloodMealMap,blood_meal,Japan,,1
Canis lupus,Culex stigmatosoma,FALSE,9612,mammalia,carnivora,canidae,Culex stigmatosoma,VectorMap,BloodMealMap,blood_meal,Unites States,,1
Canis lupus,Culex tarsalis,FALSE,9612,mammalia,carnivora,canidae,Culex tarsalis,VectorMap,BloodMealMap,blood_meal,Unites States,,10
Canis lupus,Culex theileri,FALSE,9612,mammalia,carnivora,canidae,Culex theileri,VectorMap,BloodMealMap,blood_meal,ESP; Iran; South Africa,,5
Canis lupus,Culex tritaeniorhynchus,FALSE,9612,mammalia,carnivora,canidae,Culex tritaeniorhynchus,VectorMap,BloodMealMap,blood_meal,India; Japan; Singapore,,4
Canis lupus,Culex uniformis,FALSE,9612,mammalia,carnivora,canidae,Culex uniformis,VectorMap,BloodMealMap,blood_meal,Unites States,,1
Canis lupus,Culex univittatus,FALSE,9612,mammalia,carnivora,canidae,Culex univittatus,VectorMap,BloodMealMap,blood_meal,Kenya; South Africa,,5
Canis lupus,Culex vishnui,FALSE,9612,mammalia,carnivora,canidae,Culex vishnui,VectorMap,BloodMealMap,blood_meal,India; Singapore,,6
Canis lupus,Culex winkleri,FALSE,9612,mammalia,carnivora,canidae,Culex winkleri,VectorMap,BloodMealMap,blood_meal,Unites States,,1
Canis lupus,Culiseta inornata,FALSE,9612,mammalia,carnivora,canidae,Culiseta inornata,VectorMap,BloodMealMap,blood_meal,Unites States,,1
Canis lupus,Culiseta melanura,FALSE,9612,mammalia,carnivora,canidae,Culiseta melanura,VectorMap,BloodMealMap,blood_meal,Unites States,,1
Canis lupus,Deinocerites cancer,FALSE,9612,mammalia,carnivora,canidae,Deinocerites cancer,VectorMap,BloodMealMap,blood_meal,Panama,,1
Canis lupus,Deinocerites dyari,FALSE,9612,mammalia,carnivora,canidae,Deinocerites dyari,VectorMap,BloodMealMap,blood_meal,Panama,,1
Canis lupus,Deinocerites epitedeus,FALSE,9612,mammalia,carnivora,canidae,Deinocerites epitedeus,VectorMap,BloodMealMap,blood_meal,Panama,,1
Canis lupus,Deinocerites pseudes,FALSE,9612,mammalia,carnivora,canidae,Deinocerites pseudes,VectorMap,BloodMealMap,blood_meal,Panama,,1
Canis lupus,Dermacentor albipictus,FALSE,9612,mammalia,carnivora,canidae,Dermacentor albipictus,VectorMap,TickMap,on_host_occurrence,United States of America,,8
Canis lupus,Dermacentor marginatus,FALSE,9612,mammalia,carnivora,canidae,Dermacentor marginatus,VectorMap,TickMap,on_host_occurrence,Georgia,,4
Canis lupus,Dermacentor variabilis,FALSE,9612,mammalia,carnivora,canidae,Dermacentor variabilis,VectorMap,TickMap,on_host_occurrence,United States of America,,320
Canis lupus,Echidnophaga gallinacea,FALSE,9612,mammalia,carnivora,canidae,Echidnophaga gallinacea,VectorMap,FleaMap,on_host_occurrence,Kenya; United States,,9
Canis lupus,Haemagogus janthinomys,FALSE,9612,mammalia,carnivora,canidae,Haemagogus janthinomys,VectorMap,BloodMealMap,blood_meal,Brazil,,8
Canis lupus,Haemaphysalis aciculifer,FALSE,9612,mammalia,carnivora,canidae,Haemaphysalis aciculifer,VectorMap,TickMap,on_host_occurrence,Cote D'Ivoire; Zimbabwe,,7
Canis lupus,Haemaphysalis bancrofti,FALSE,9612,mammalia,carnivora,canidae,Haemaphysalis bancrofti,VectorMap,TickMap,on_host_occurrence,Australia,,3
Canis lupus,Haemaphysalis flava,FALSE,9612,mammalia,carnivora,canidae,Haemaphysalis flava,VectorMap,TickMap,on_host_occurrence,"Korea, Republic of; South Korea",,13
Canis lupus,Haemaphysalis hoodi,FALSE,9612,mammalia,carnivora,canidae,Haemaphysalis hoodi,VectorMap,TickMap,on_host_occurrence,Cote D'Ivoire,,2
Canis lupus,Haemaphysalis indica,FALSE,9612,mammalia,carnivora,canidae,Haemaphysalis indica,VectorMap,TickMap,on_host_occurrence,Malawi,,1
Canis lupus,Haemaphysalis leachi,FALSE,9612,mammalia,carnivora,canidae,Haemaphysalis leachi,VectorMap,TickMap,on_host_occurrence,"Angola; Benin; Burundi; Congo, The Democratic Republic of The; Cote D'Ivoire; Gambia; Ghana; Guinea; Guinea-Bissau; Kenya; Rwanda; Sierra Leone; South Africa; Sudan; Uganda; Zambia",,114
Canis lupus,Haemaphysalis leporispalustris,FALSE,9612,mammalia,carnivora,canidae,Haemaphysalis leporispalustris,VectorMap,TickMap,on_host_occurrence,United States of America,,16
Canis lupus,Haemaphysalis longicornis,FALSE,9612,mammalia,carnivora,canidae,Haemaphysalis longicornis,VectorMap,TickMap,on_host_occurrence,Australia; South Korea; United States of America,,106
Canis lupus,Haemaphysalis moreli,FALSE,9612,mammalia,carnivora,canidae,Haemaphysalis moreli,VectorMap,TickMap,on_host_occurrence,Uganda,,1
Canis lupus,Haemaphysalis paraleachi,FALSE,9612,mammalia,carnivora,canidae,Haemaphysalis paraleachi,VectorMap,TickMap,on_host_occurrence,"Burundi; Cameroon; Central African Republic; Congo, The Democratic Republic of The; Cote D'Ivoire; Ethiopia; Kenya; Sierra Leone; Sudan; Tanzania, United Republic of; Uganda",,21
Canis lupus,Haemaphysalis parmata,FALSE,9612,mammalia,carnivora,canidae,Haemaphysalis parmata,VectorMap,TickMap,on_host_occurrence,Central African Republic; Cote D'Ivoire,,8
Canis lupus,Haemaphysalis parva,FALSE,9612,mammalia,carnivora,canidae,Haemaphysalis parva,VectorMap,TickMap,on_host_occurrence,Georgia,,4
Canis lupus,Haemaphysalis punctata,FALSE,9612,mammalia,carnivora,canidae,Haemaphysalis punctata,VectorMap,TickMap,on_host_occurrence,Georgia,,12
Canis lupus,Haemaphysalis rugosa,FALSE,9612,mammalia,carnivora,canidae,Haemaphysalis rugosa,VectorMap,TickMap,on_host_occurrence,Central African Republic,,1
Canis lupus,Haemaphysalis spinulosa,FALSE,9612,mammalia,carnivora,canidae,Haemaphysalis spinulosa,VectorMap,TickMap,on_host_occurrence,Mali; Sudan; Zambia,,3
Canis lupus,Haemaphysalis sulcata,FALSE,9612,mammalia,carnivora,canidae,Haemaphysalis sulcata,VectorMap,TickMap,on_host_occurrence,Georgia; Morocco,,13
Canis lupus,Hyalomma aegyptium,FALSE,9612,mammalia,carnivora,canidae,Hyalomma aegyptium,VectorMap,TickMap,on_host_occurrence,Gambia,,1
Canis lupus,Hyalomma dromedarii,FALSE,9612,mammalia,carnivora,canidae,Hyalomma dromedarii,VectorMap,TickMap,on_host_occurrence,Georgia; Niger,,5
Canis lupus,Hyalomma excavatum,FALSE,9612,mammalia,carnivora,canidae,Hyalomma excavatum,VectorMap,TickMap,on_host_occurrence,Morocco,,1
Canis lupus,Hyalomma impeltatum,FALSE,9612,mammalia,carnivora,canidae,Hyalomma impeltatum,VectorMap,TickMap,on_host_occurrence,Georgia; Niger,,9
Canis lupus,Hyalomma impressum,FALSE,9612,mammalia,carnivora,canidae,Hyalomma impressum,VectorMap,TickMap,on_host_occurrence,South Africa,,1
Canis lupus,Hyalomma marginatum,FALSE,9612,mammalia,carnivora,canidae,Hyalomma marginatum,VectorMap,TickMap,on_host_occurrence,Georgia,,6
Canis lupus,Hyalomma truncatum,FALSE,9612,mammalia,carnivora,canidae,Hyalomma truncatum,VectorMap,TickMap,on_host_occurrence,Gambia,,1
Canis lupus,Ixodes affinis,FALSE,9612,mammalia,carnivora,canidae,Ixodes affinis,VectorMap,TickMap,on_host_occurrence,United States of America,,12
Canis lupus,Ixodes cavipalpus,FALSE,9612,mammalia,carnivora,canidae,Ixodes cavipalpus,VectorMap,TickMap,on_host_occurrence,Zambia,,4
Canis lupus,Ixodes cookei,FALSE,9612,mammalia,carnivora,canidae,Ixodes cookei,VectorMap,TickMap,on_host_occurrence,United States of America,,65
Canis lupus,Ixodes cornuatus,FALSE,9612,mammalia,carnivora,canidae,Ixodes cornuatus,VectorMap,TickMap,on_host_occurrence,Australia,,5
Canis lupus,Ixodes cumulatimpunctatus,FALSE,9612,mammalia,carnivora,canidae,Ixodes cumulatimpunctatus,VectorMap,TickMap,on_host_occurrence,"Congo, The Democratic Republic of The; Cote D'Ivoire",,12
Canis lupus,Ixodes holocyclus,FALSE,9612,mammalia,carnivora,canidae,Ixodes holocyclus,VectorMap,TickMap,on_host_occurrence,Australia,,60
Canis lupus,Ixodes muniensis,FALSE,9612,mammalia,carnivora,canidae,Ixodes muniensis,VectorMap,TickMap,on_host_occurrence,Cote D'Ivoire,,8
Canis lupus,Ixodes myrmecobii,FALSE,9612,mammalia,carnivora,canidae,Ixodes myrmecobii,VectorMap,TickMap,on_host_occurrence,Australia,,2
Canis lupus,Ixodes nairobiensis,FALSE,9612,mammalia,carnivora,canidae,Ixodes nairobiensis,VectorMap,TickMap,on_host_occurrence,Kenya; Sudan,,2
Canis lupus,Ixodes nipponensis,FALSE,9612,mammalia,carnivora,canidae,Ixodes nipponensis,VectorMap,TickMap,on_host_occurrence,South Korea,,16
Canis lupus,Ixodes oldi,FALSE,9612,mammalia,carnivora,canidae,Ixodes oldi,VectorMap,TickMap,on_host_occurrence,Cote D'Ivoire,,7
Canis lupus,Ixodes pacificus,FALSE,9612,mammalia,carnivora,canidae,Ixodes pacificus,VectorMap,TickMap,on_host_occurrence,United States of America,,4
Canis lupus,Ixodes rasus,FALSE,9612,mammalia,carnivora,canidae,Ixodes rasus,VectorMap,TickMap,on_host_occurrence,Cote D'Ivoire,,5
Canis lupus,Ixodes ricinus,FALSE,9612,mammalia,carnivora,canidae,Ixodes ricinus,VectorMap,TickMap,on_host_occurrence,Georgia,,6
Canis lupus,Ixodes rubicundus,FALSE,9612,mammalia,carnivora,canidae,Ixodes rubicundus,VectorMap,TickMap,on_host_occurrence,South Africa; Zambia,,2
Canis lupus,Ixodes scapularis,FALSE,9612,mammalia,carnivora,canidae,Ixodes scapularis,VectorMap,TickMap,on_host_occurrence,United States of America,,106
Canis lupus,Ixodes tasmani,FALSE,9612,mammalia,carnivora,canidae,Ixodes tasmani,VectorMap,TickMap,on_host_occurrence,Australia,,12
Canis lupus,Mansonia africana,FALSE,9612,mammalia,carnivora,canidae,Mansonia africana,VectorMap,BloodMealMap,blood_meal,Kenya,,5
Canis lupus,Mansonia titillans,FALSE,9612,mammalia,carnivora,canidae,Mansonia titillans,VectorMap,BloodMealMap,blood_meal,Brazil,,2
Canis lupus,Mansonia uniformis,FALSE,9612,mammalia,carnivora,canidae,Mansonia uniformis,VectorMap,BloodMealMap,blood_meal,Australia; Kenya; Nigeria,,4
Canis lupus,Ornithodoros moubata,FALSE,9612,mammalia,carnivora,canidae,Ornithodoros moubata,VectorMap,TickMap,on_host_occurrence,Zambia,,1
Canis lupus,Ornithodoros savignyi,FALSE,9612,mammalia,carnivora,canidae,Ornithodoros savignyi,VectorMap,TickMap,on_host_occurrence,Chad,,1
Canis lupus,Ornithodoros talaje,FALSE,9612,mammalia,carnivora,canidae,Ornithodoros talaje,VectorMap,TickMap,on_host_occurrence,Panama,,1
Canis lupus,Otobius megnini,FALSE,9612,mammalia,carnivora,canidae,Otobius megnini,VectorMap,TickMap,on_host_occurrence,United States; Zimbabwe,,5
Canis lupus,Psorophora albigenu,FALSE,9612,mammalia,carnivora,canidae,Psorophora albigenu,VectorMap,BloodMealMap,blood_meal,Brazil,,1
Canis lupus,Psorophora ciliata,FALSE,9612,mammalia,carnivora,canidae,Psorophora ciliata,VectorMap,BloodMealMap,blood_meal,Unites States,,1
Canis lupus,Psorophora cingulata,FALSE,9612,mammalia,carnivora,canidae,Psorophora cingulata,VectorMap,BloodMealMap,blood_meal,Panama,,1
Canis lupus,Psorophora columbiae,FALSE,9612,mammalia,carnivora,canidae,Psorophora columbiae,VectorMap,BloodMealMap,blood_meal,Unites States,,1
Canis lupus,Psorophora confinnis,FALSE,9612,mammalia,carnivora,canidae,Psorophora confinnis,VectorMap,BloodMealMap,blood_meal,Unites States,,1
Canis lupus,Psorophora cyanescens,FALSE,9612,mammalia,carnivora,canidae,Psorophora cyanescens,VectorMap,BloodMealMap,blood_meal,Unites States,,1
Canis lupus,Psorophora discolor,FALSE,9612,mammalia,carnivora,canidae,Psorophora discolor,VectorMap,BloodMealMap,blood_meal,Unites States,,1
Canis lupus,Psorophora ferox,FALSE,9612,mammalia,carnivora,canidae,Psorophora ferox,VectorMap,BloodMealMap,blood_meal,Brazil,,2
Canis lupus,Rhipicentor bicornis,FALSE,9612,mammalia,carnivora,canidae,Rhipicentor bicornis,VectorMap,TickMap,on_host_occurrence,"Congo, The Democratic Republic of The; Zambia",,3
Canis lupus,Rhipicentor nuttalli,FALSE,9612,mammalia,carnivora,canidae,Rhipicentor nuttalli,VectorMap,TickMap,on_host_occurrence,Zimbabwe,,23
Canis lupus,Rhipicephalus annulatus,FALSE,9612,mammalia,carnivora,canidae,Rhipicephalus annulatus,VectorMap,TickMap,on_host_occurrence,Benin; Cote D'Ivoire; Georgia; Morocco,,11
Canis lupus,Rhipicephalus appendiculatus,FALSE,9612,mammalia,carnivora,canidae,Rhipicephalus appendiculatus,VectorMap,TickMap,on_host_occurrence,"Congo, The Democratic Republic of The; Rwanda; South Africa",,5
Canis lupus,Rhipicephalus bursa,FALSE,9612,mammalia,carnivora,canidae,Rhipicephalus bursa,VectorMap,TickMap,on_host_occurrence,Georgia,,1
Canis lupus,Rhipicephalus capensis,FALSE,9612,mammalia,carnivora,canidae,Rhipicephalus capensis,VectorMap,TickMap,on_host_occurrence,"Congo, The Democratic Republic of The; Rwanda",,2
Canis lupus,Rhipicephalus carnivoralis,FALSE,9612,mammalia,carnivora,canidae,Rhipicephalus carnivoralis,VectorMap,TickMap,on_host_occurrence,"Tanzania, United Republic of",,1
Canis lupus,Rhipicephalus compositus,FALSE,9612,mammalia,carnivora,canidae,Rhipicephalus compositus,VectorMap,TickMap,on_host_occurrence,Zambia,,2
Canis lupus,Rhipicephalus decoloratus,FALSE,9612,mammalia,carnivora,canidae,Rhipicephalus decoloratus,VectorMap,TickMap,on_host_occurrence,"Benin; Congo, The Democratic Republic of The; Cote D'Ivoire; Guinea; Senegal; Sudan; Zambia",,11
Canis lupus,Rhipicephalus duttoni,FALSE,9612,mammalia,carnivora,canidae,Rhipicephalus duttoni,VectorMap,TickMap,on_host_occurrence,"Congo, The Democratic Republic of The",,1
Canis lupus,Rhipicephalus evertsi,FALSE,9612,mammalia,carnivora,canidae,Rhipicephalus evertsi evertsi,VectorMap,TickMap,on_host_occurrence,"Congo, The Democratic Republic of The; Mali; Sudan",,4
Canis lupus,Rhipicephalus geigyi,FALSE,9612,mammalia,carnivora,canidae,Rhipicephalus geigyi,VectorMap,TickMap,on_host_occurrence,Cote D'Ivoire; Nigeria; Sierra Leone,,9
Canis lupus,Rhipicephalus haemaphysaloides,FALSE,9612,mammalia,carnivora,canidae,Rhipicephalus haemaphysaloides,VectorMap,TickMap,on_host_occurrence,LAO PEOPLE'S DEMOCRATIC REPUBLIC,,1
Canis lupus,Rhipicephalus interventus,FALSE,9612,mammalia,carnivora,canidae,Rhipicephalus interventus,VectorMap,TickMap,on_host_occurrence,Zambia,,2
Canis lupus,Rhipicephalus kochi,FALSE,9612,mammalia,carnivora,canidae,Rhipicephalus kochi,VectorMap,TickMap,on_host_occurrence,Kenya,,1
Canis lupus,Rhipicephalus longus,FALSE,9612,mammalia,carnivora,canidae,Rhipicephalus longus,VectorMap,TickMap,on_host_occurrence,"Angola; Cameroon; Congo, The Democratic Republic of The",,6
Canis lupus,Rhipicephalus lunulatus,FALSE,9612,mammalia,carnivora,canidae,Rhipicephalus lunulatus,VectorMap,TickMap,on_host_occurrence,Angola; Cote D'Ivoire; South Africa,,6
Canis lupus,Rhipicephalus masseyi,FALSE,9612,mammalia,carnivora,canidae,Rhipicephalus masseyi,VectorMap,TickMap,on_host_occurrence,Malawi,,1
Canis lupus,Rhipicephalus microplus,FALSE,9612,mammalia,carnivora,canidae,Rhipicephalus microplus,VectorMap,TickMap,on_host_occurrence,Australia,,1
Canis lupus,Rhipicephalus muhsamae,FALSE,9612,mammalia,carnivora,canidae,Rhipicephalus muhsamae,VectorMap,TickMap,on_host_occurrence,Nigeria,,1
Canis lupus,Rhipicephalus pravus,FALSE,9612,mammalia,carnivora,canidae,Rhipicephalus pravus,VectorMap,TickMap,on_host_occurrence,Sudan,,2
Canis lupus,Rhipicephalus pulchellus,FALSE,9612,mammalia,carnivora,canidae,Rhipicephalus pulchellus,VectorMap,TickMap,on_host_occurrence,Ethiopia; Kenya; Somalia,,3
Canis lupus,Rhipicephalus punctatus,FALSE,9612,mammalia,carnivora,canidae,Rhipicephalus punctatus,VectorMap,TickMap,on_host_occurrence,Zambia,,1
Canis lupus,Rhipicephalus pusillus,FALSE,9612,mammalia,carnivora,canidae,Rhipicephalus pusillus,VectorMap,TickMap,on_host_occurrence,Georgia,,8
Canis lupus,Rhipicephalus rossicus,FALSE,9612,mammalia,carnivora,canidae,Rhipicephalus rossicus,VectorMap,TickMap,on_host_occurrence,Georgia,,12
Canis lupus,Rhipicephalus sanguines,FALSE,9612,mammalia,carnivora,canidae,Rhipicephalus sanguines,VectorMap,TickMap,on_host_occurrence,United States of America,,4
Canis lupus,Rhipicephalus sanguineus,FALSE,9612,mammalia,carnivora,canidae,Rhipicephalus sanguineus,VectorMap,TickMap,on_host_occurrence,"Algeria; Angola; Argentina; Australia; Benin; Burkina Faso; Cameroon; Central African Republic; Chad; Congo, The Democratic Republic of The; Cote D'Ivoire; Djibouti; Egypt; Gambia; Georgia; Ghana; Guinea; Kenya; Malawi; Mali; Mexico; Morocco; Niger; Nigeria; Peru; Senegal; Sierra Leone; Somalia; South Africa; Sudan; Tanzania, United Republic of; Tunisia; Uganda; United States of America; Zambia",,673
Canis lupus,Rhipicephalus senegalensis,FALSE,9612,mammalia,carnivora,canidae,Rhipicephalus senegalensis,VectorMap,TickMap,on_host_occurrence,Angola; Benin; Burkina Faso; Cote D'Ivoire; Guinea-Bissau; Nigeria; Senegal; Sierra Leone; Sudan,,20
Canis lupus,Rhipicephalus simus,FALSE,9612,mammalia,carnivora,canidae,Rhipicephalus simus,VectorMap,TickMap,on_host_occurrence,"Botswana; Burkina Faso; Congo, The Democratic Republic of The; Kenya; Malawi; Nigeria; Senegal; Somalia; South Africa; Sudan; Zambia; Zimbabwe",,374
Canis lupus,Rhipicephalus sulcatus,FALSE,9612,mammalia,carnivora,canidae,Rhipicephalus sulcatus,VectorMap,TickMap,on_host_occurrence,Cote D'Ivoire; Zambia,,8
Canis lupus,Rhipicephalus supertritus,FALSE,9612,mammalia,carnivora,canidae,Rhipicephalus supertritus,VectorMap,TickMap,on_host_occurrence,Sudan; Zimbabwe,,7
Canis lupus,Rhipicephalus tricuspis,FALSE,9612,mammalia,carnivora,canidae,Rhipicephalus tricuspis,VectorMap,TickMap,on_host_occurrence,"Benin; Congo, The Democratic Republic of The; Zambia",,3
Canis lupus,Rhipicephalus turanicus,FALSE,9612,mammalia,carnivora,canidae,Rhipicephalus turanicus,VectorMap,TickMap,on_host_occurrence,Djibouti; Georgia; Morocco,,108
Canis lupus,Rhipicephalus ziemanni,FALSE,9612,mammalia,carnivora,canidae,Rhipicephalus ziemanni,VectorMap,TickMap,on_host_occurrence,Cote D'Ivoire,,5
Canis lupus,Runchomyia theobaldi,FALSE,9612,mammalia,carnivora,canidae,Runchomyia theobaldi,VectorMap,BloodMealMap,blood_meal,Brazil,,1
Canis lupus,Verrallina carmenti,FALSE,9612,mammalia,carnivora,canidae,Verrallina carmenti,VectorMap,BloodMealMap,blood_meal,Australia,,1
Canis lupus,gambiae species complex,TRUE,9615,mammalia,carnivora,canidae,gambiae species complex,MapVEu,MapVEu,blood_meal,Tanzania,vector_complex,2
Canis mesomelas,Echidnophaga gallinacea,FALSE,68725,,,,Echidnophaga gallinacea,VectorMap,FleaMap,on_host_occurrence,Botswana,,99
Canis mesomelas,Haemaphysalis aciculifer,FALSE,68725,,,,Haemaphysalis aciculifer,VectorMap,TickMap,on_host_occurrence,Kenya,,1
Canis mesomelas,Haemaphysalis leachi,FALSE,68725,,,,Haemaphysalis leachi,VectorMap,TickMap,on_host_occurrence,Ethiopia; Sudan,,2
Canis mesomelas,Haemaphysalis paraleachi,FALSE,68725,,,,Haemaphysalis paraleachi,VectorMap,TickMap,on_host_occurrence,Kenya; Sudan,,2
Canis mesomelas,Haemaphysalis spinulosa,FALSE,68725,,,,Haemaphysalis spinulosa,VectorMap,TickMap,on_host_occurrence,Sudan,,1
Canis mesomelas,Rhipicephalus simus,FALSE,68725,,,,Rhipicephalus simus,VectorMap,TickMap,on_host_occurrence,Ethiopia,,1
Capra hircus,Aedes vexans,FALSE,9925,mammalia,artiodactyla,bovidae,Aedes vexans,VectorMap,BloodMealMap,blood_meal,Japan; Unites States,,2
Capra hircus,Amblyomma astrion,FALSE,9925,mammalia,artiodactyla,bovidae,Amblyomma astrion,VectorMap,TickMap,on_host_occurrence,Angola,,1
Capra hircus,Amblyomma gemma,FALSE,9925,mammalia,artiodactyla,bovidae,Amblyomma gemma,VectorMap,TickMap,on_host_occurrence,Kenya,,4
Capra hircus,Amblyomma hebraeum,FALSE,9925,mammalia,artiodactyla,bovidae,Amblyomma hebraeum,VectorMap,TickMap,on_host_occurrence,Kenya; South Africa,,4
Capra hircus,Amblyomma lepidum,FALSE,9925,mammalia,artiodactyla,bovidae,Amblyomma lepidum,VectorMap,TickMap,on_host_occurrence,Kenya; Sudan,,4
Capra hircus,Amblyomma maculatum,FALSE,9925,mammalia,artiodactyla,bovidae,Amblyomma maculatum,VectorMap,TickMap,on_host_occurrence,United States of America,,8
Capra hircus,Amblyomma marmoreum,FALSE,9925,mammalia,artiodactyla,bovidae,Amblyomma marmoreum,VectorMap,TickMap,on_host_occurrence,South Africa,,1
Capra hircus,Amblyomma nuttalli,FALSE,9925,mammalia,artiodactyla,bovidae,Amblyomma nuttalli,VectorMap,TickMap,on_host_occurrence,"Tanzania, United Republic of",,3
Capra hircus,Amblyomma variegatum,FALSE,9925,mammalia,artiodactyla,bovidae,Amblyomma variegatum,VectorMap,TickMap,on_host_occurrence,"Burkina Faso; Congo, The Democratic Republic of The; Cote D'Ivoire; Guinea-Bissau; Kenya; Malawi; Senegal; Sierra Leone; South Africa; Sudan; Uganda; Zambia",,24
Capra hircus,Anopheles arabiensis,FALSE,9925,mammalia,artiodactyla,bovidae,Anopheles arabiensis,MapVEu,MapVEu,blood_meal,Ethiopia; Ghana; Kenya,,16
Capra hircus,Anopheles coluzzii,FALSE,9925,mammalia,artiodactyla,bovidae,Anopheles coluzzii,MapVEu,MapVEu,blood_meal,Ghana,,8
Capra hircus,Anopheles coustani,FALSE,9925,mammalia,artiodactyla,bovidae,Anopheles coustani,MapVEu,MapVEu,blood_meal,Ethiopia; Kenya,,3
Capra hircus,Anopheles darlingi,FALSE,9925,mammalia,artiodactyla,bovidae,Anopheles darlingi,MapVEu,MapVEu,blood_meal,Peru,,4416
Capra hircus,Anopheles funestus,FALSE,9925,mammalia,artiodactyla,bovidae,Anopheles funestus,MapVEu,MapVEu,blood_meal,Kenya,,3
Capra hircus,Anopheles gambiae,FALSE,9925,mammalia,artiodactyla,bovidae,Anopheles gambiae,MapVEu,MapVEu,blood_meal,Ghana; Kenya; Madagascar,,12
Capra hircus,Anopheles lesteri,FALSE,9925,mammalia,artiodactyla,bovidae,Anopheles lesteri,VectorMap,BloodMealMap,blood_meal,Japan,,1
Capra hircus,Anopheles pharoensis,FALSE,9925,mammalia,artiodactyla,bovidae,Anopheles pharoensis,MapVEu,MapVEu,blood_meal,Ethiopia,,2
Capra hircus,Anopheles sinensis,FALSE,9925,mammalia,artiodactyla,bovidae,Anopheles sinensis,VectorMap,BloodMealMap,blood_meal,Japan,,2
Capra hircus,Armigeres subalbatus,FALSE,9925,mammalia,artiodactyla,bovidae,Armigeres subalbatus,VectorMap,BloodMealMap,blood_meal,Japan,,1
Capra hircus,Ctenocephalides canis,FALSE,9925,mammalia,artiodactyla,bovidae,Ctenocephalides canis,VectorMap,FleaMap,on_host_occurrence,India,,1
Capra hircus,Culex mimeticus,FALSE,9925,mammalia,artiodactyla,bovidae,Culex mimeticus,VectorMap,BloodMealMap,blood_meal,Japan,,1
Capra hircus,Dermacentor nuttalli,FALSE,9925,mammalia,artiodactyla,bovidae,Dermacentor nuttalli,VectorMap,TickMap,on_host_occurrence,Mongolia,,32
Capra hircus,Haemaphysalis aciculifer,FALSE,9925,mammalia,artiodactyla,bovidae,Haemaphysalis aciculifer,VectorMap,TickMap,on_host_occurrence,Kenya; South Africa; Zimbabwe,,8
Capra hircus,Haemaphysalis hoodi,FALSE,9925,mammalia,artiodactyla,bovidae,Haemaphysalis hoodi,VectorMap,TickMap,on_host_occurrence,Cote D'Ivoire,,2
Capra hircus,Haemaphysalis leachi,FALSE,9925,mammalia,artiodactyla,bovidae,Haemaphysalis leachi,VectorMap,TickMap,on_host_occurrence,"Congo, The Democratic Republic of The; Rwanda; Sierra Leone; South Africa; Zambia",,6
Capra hircus,Haemaphysalis longicornis,FALSE,9925,mammalia,artiodactyla,bovidae,Haemaphysalis longicornis,VectorMap,TickMap,on_host_occurrence,United States of America,,16
Capra hircus,Haemaphysalis parmata,FALSE,9925,mammalia,artiodactyla,bovidae,Haemaphysalis parmata,VectorMap,TickMap,on_host_occurrence,Cameroon; Cote D'Ivoire,,2
Capra hircus,Haemaphysalis parva,FALSE,9925,mammalia,artiodactyla,bovidae,Haemaphysalis parva,VectorMap,TickMap,on_host_occurrence,Libyan Arab Jamahiriya,,2
Capra hircus,Haemaphysalis silacea,FALSE,9925,mammalia,artiodactyla,bovidae,Haemaphysalis silacea,VectorMap,TickMap,on_host_occurrence,South Africa,,1
Capra hircus,Haemaphysalis sulcata,FALSE,9925,mammalia,artiodactyla,bovidae,Haemaphysalis sulcata,VectorMap,TickMap,on_host_occurrence,Morocco,,1
Capra hircus,Hyalomma anatolicum,FALSE,9925,mammalia,artiodactyla,bovidae,Hyalomma anatolicum,VectorMap,TickMap,on_host_occurrence,Sudan,,8
Capra hircus,Hyalomma dromedarii,FALSE,9925,mammalia,artiodactyla,bovidae,Hyalomma dromedarii,VectorMap,TickMap,on_host_occurrence,Djibouti; Sudan,,2
Capra hircus,Hyalomma excavatum,FALSE,9925,mammalia,artiodactyla,bovidae,Hyalomma excavatum,VectorMap,TickMap,on_host_occurrence,Djibouti; Libyan Arab Jamahiriya,,2
Capra hircus,Hyalomma impeltatum,FALSE,9925,mammalia,artiodactyla,bovidae,Hyalomma impeltatum,VectorMap,TickMap,on_host_occurrence,Mauritania; Morocco; Senegal,,4
Capra hircus,Hyalomma impressum,FALSE,9925,mammalia,artiodactyla,bovidae,Hyalomma impressum,VectorMap,TickMap,on_host_occurrence,South Africa,,1
Capra hircus,Hyalomma marginatum,FALSE,9925,mammalia,artiodactyla,bovidae,Hyalomma marginatum,VectorMap,TickMap,on_host_occurrence,Kenya; Morocco,,3
Capra hircus,Hyalomma rufipes,FALSE,9925,mammalia,artiodactyla,bovidae,Hyalomma rufipes,VectorMap,TickMap,on_host_occurrence,South Africa; Sudan; Zambia,,3
Capra hircus,Hyalomma truncatum,FALSE,9925,mammalia,artiodactyla,bovidae,Hyalomma truncatum,VectorMap,TickMap,on_host_occurrence,"Botswana; Congo, The Democratic Republic of The; Djibouti; Kenya; Nigeria; Senegal; South Africa; Sudan; Zambia",,20
Capra hircus,Ixodes cumulatimpunctatus,FALSE,9925,mammalia,artiodactyla,bovidae,Ixodes cumulatimpunctatus,VectorMap,TickMap,on_host_occurrence,"Congo, The Democratic Republic of The",,1
Capra hircus,Ixodes lewisi,FALSE,9925,mammalia,artiodactyla,bovidae,Ixodes lewisi,VectorMap,TickMap,on_host_occurrence,Kenya,,1
Capra hircus,Ixodes muniensis,FALSE,9925,mammalia,artiodactyla,bovidae,Ixodes muniensis,VectorMap,TickMap,on_host_occurrence,Cote D'Ivoire; Rwanda,,2
Capra hircus,Ixodes pilosus,FALSE,9925,mammalia,artiodactyla,bovidae,Ixodes pilosus,VectorMap,TickMap,on_host_occurrence,South Africa,,1
Capra hircus,Ixodes rasus,FALSE,9925,mammalia,artiodactyla,bovidae,Ixodes rasus,VectorMap,TickMap,on_host_occurrence,Cote D'Ivoire,,1
Capra hircus,Ixodes rubicundus,FALSE,9925,mammalia,artiodactyla,bovidae,Ixodes rubicundus,VectorMap,TickMap,on_host_occurrence,"Congo, The Democratic Republic of The; South Africa",,3
Capra hircus,Mansonia uniformis,FALSE,9925,mammalia,artiodactyla,bovidae,Mansonia uniformis,VectorMap,BloodMealMap,blood_meal,Japan,,1
Capra hircus,Ochlerotatus camptorhynchus,FALSE,9925,mammalia,artiodactyla,bovidae,Ochlerotatus camptorhynchus,MapVEu,MapVEu,blood_meal,Australia,,2
Capra hircus,Ornithodoros moubata,FALSE,9925,mammalia,artiodactyla,bovidae,Ornithodoros moubata,VectorMap,TickMap,on_host_occurrence,"Congo, The Democratic Republic of The",,1
Capra hircus,Rhipicentor bicornis,FALSE,9925,mammalia,artiodactyla,bovidae,Rhipicentor bicornis,VectorMap,TickMap,on_host_occurrence,"Congo, The Democratic Republic of The",,1
Capra hircus,Rhipicephalus appendiculatus,FALSE,9925,mammalia,artiodactyla,bovidae,Rhipicephalus appendiculatus,VectorMap,TickMap,on_host_occurrence,"Burundi; Congo, The Democratic Republic of The; Kenya; Mozambique; Rwanda; South Africa; Sudan; Uganda; Zambia",,17
Capra hircus,Rhipicephalus bequaerti,FALSE,9925,mammalia,artiodactyla,bovidae,Rhipicephalus bequaerti,VectorMap,TickMap,on_host_occurrence,Rwanda; Sudan,,2
Capra hircus,Rhipicephalus bursa,FALSE,9925,mammalia,artiodactyla,bovidae,Rhipicephalus bursa,VectorMap,TickMap,on_host_occurrence,Morocco,,3
Capra hircus,Rhipicephalus capensis,FALSE,9925,mammalia,artiodactyla,bovidae,Rhipicephalus capensis,VectorMap,TickMap,on_host_occurrence,"Congo, The Democratic Republic of The",,1
Capra hircus,Rhipicephalus compositus,FALSE,9925,mammalia,artiodactyla,bovidae,Rhipicephalus compositus,VectorMap,TickMap,on_host_occurrence,"Congo, The Democratic Republic of The; Zambia",,2
Capra hircus,Rhipicephalus decoloratus,FALSE,9925,mammalia,artiodactyla,bovidae,Rhipicephalus decoloratus,VectorMap,TickMap,on_host_occurrence,"Congo, The Democratic Republic of The; Cote D'Ivoire; Senegal; South Africa; Zambia",,5
Capra hircus,Rhipicephalus evertsi,FALSE,9925,mammalia,artiodactyla,bovidae,Rhipicephalus evertsi; Rhipicephalus evertsi evertsi,VectorMap,TickMap,on_host_occurrence,"Djibouti; Mali; Senegal; South Africa; Sudan; Tanzania, United Republic of; Uganda; Zambia",,31
Capra hircus,Rhipicephalus geigyi,FALSE,9925,mammalia,artiodactyla,bovidae,Rhipicephalus geigyi,VectorMap,TickMap,on_host_occurrence,Senegal; Sierra Leone,,2
Capra hircus,Rhipicephalus glabroscutatum,FALSE,9925,mammalia,artiodactyla,bovidae,Rhipicephalus glabroscutatum,VectorMap,TickMap,on_host_occurrence,South Africa,,16
Capra hircus,Rhipicephalus guilhoni,FALSE,9925,mammalia,artiodactyla,bovidae,Rhipicephalus guilhoni,VectorMap,TickMap,on_host_occurrence,Senegal,,1
Capra hircus,Rhipicephalus kochi,FALSE,9925,mammalia,artiodactyla,bovidae,Rhipicephalus kochi,VectorMap,TickMap,on_host_occurrence,"Tanzania, United Republic of; Zimbabwe",,9
Capra hircus,Rhipicephalus longicoxatus,FALSE,9925,mammalia,artiodactyla,bovidae,Rhipicephalus longicoxatus,VectorMap,TickMap,on_host_occurrence,Djibouti,,1
Capra hircus,Rhipicephalus longus,FALSE,9925,mammalia,artiodactyla,bovidae,Rhipicephalus longus,VectorMap,TickMap,on_host_occurrence,"Congo, The Democratic Republic of The",,2
Capra hircus,Rhipicephalus lunulatus,FALSE,9925,mammalia,artiodactyla,bovidae,Rhipicephalus lunulatus,VectorMap,TickMap,on_host_occurrence,Senegal; Sierra Leone,,4
Capra hircus,Rhipicephalus microplus,FALSE,9925,mammalia,artiodactyla,bovidae,Rhipicephalus microplus,VectorMap,TickMap,on_host_occurrence,Mozambique,,2
Capra hircus,Rhipicephalus muehlensi,FALSE,9925,mammalia,artiodactyla,bovidae,Rhipicephalus muehlensi,VectorMap,TickMap,on_host_occurrence,"Congo, The Democratic Republic of The",,1
Capra hircus,Rhipicephalus muhsamae,FALSE,9925,mammalia,artiodactyla,bovidae,Rhipicephalus muhsamae,VectorMap,TickMap,on_host_occurrence,Senegal,,1
Capra hircus,Rhipicephalus nitens,FALSE,9925,mammalia,artiodactyla,bovidae,Rhipicephalus nitens,VectorMap,TickMap,on_host_occurrence,South Africa,,1
Capra hircus,Rhipicephalus oculatus,FALSE,9925,mammalia,artiodactyla,bovidae,Rhipicephalus oculatus,VectorMap,TickMap,on_host_occurrence,South Africa,,1
Capra hircus,Rhipicephalus pravus,FALSE,9925,mammalia,artiodactyla,bovidae,Rhipicephalus pravus,VectorMap,TickMap,on_host_occurrence,Djibouti; Sudan,,3
Capra hircus,Rhipicephalus pulchellus,FALSE,9925,mammalia,artiodactyla,bovidae,Rhipicephalus pulchellus,VectorMap,TickMap,on_host_occurrence,"Djibouti; Kenya; Tanzania, United Republic of",,9
Capra hircus,Rhipicephalus sanguineus,FALSE,9925,mammalia,artiodactyla,bovidae,Rhipicephalus sanguineus,VectorMap,TickMap,on_host_occurrence,"Burkina Faso; Chad; Congo, The Democratic Republic of The; Djibouti; Libyan Arab Jamahiriya; Mali; Morocco; Sierra Leone; Sudan; Tanzania, United Republic of; Zambia",,25
Capra hircus,Rhipicephalus senegalensis,FALSE,9925,mammalia,artiodactyla,bovidae,Rhipicephalus senegalensis,VectorMap,TickMap,on_host_occurrence,"Central African Republic; Congo, The Democratic Republic of The; Guinea-Bissau",,5
Capra hircus,Rhipicephalus simus,FALSE,9925,mammalia,artiodactyla,bovidae,Rhipicephalus simus,VectorMap,TickMap,on_host_occurrence,"Botswana; Congo, The Democratic Republic of The; South Africa; Sudan; Zambia",,7
Capra hircus,Rhipicephalus sulcatus,FALSE,9925,mammalia,artiodactyla,bovidae,Rhipicephalus sulcatus,VectorMap,TickMap,on_host_occurrence,Botswana; Senegal; Zambia,,3
Capra hircus,Rhipicephalus supertritus,FALSE,9925,mammalia,artiodactyla,bovidae,Rhipicephalus supertritus,VectorMap,TickMap,on_host_occurrence,Rwanda,,1
Capra hircus,Rhipicephalus tricuspis,FALSE,9925,mammalia,artiodactyla,bovidae,Rhipicephalus tricuspis,VectorMap,TickMap,on_host_occurrence,Zambia,,1
Capra hircus,Rhipicephalus turanicus,FALSE,9925,mammalia,artiodactyla,bovidae,Rhipicephalus turanicus,VectorMap,TickMap,on_host_occurrence,Morocco,,1
Capra hircus,Rhipicephalus ziemanni,FALSE,9925,mammalia,artiodactyla,bovidae,Rhipicephalus ziemanni,VectorMap,TickMap,on_host_occurrence,Rwanda; Sierra Leone,,3
Capra hircus,gambiae species complex,TRUE,9925,mammalia,artiodactyla,bovidae,gambiae species complex,MapVEu,MapVEu,blood_meal,Tanzania,vector_complex,2
Capreolus capreolus,Aedes sticticus,FALSE,9858,mammalia,artiodactyla,cervidae,Aedes sticticus,VectorMap,BloodMealMap,blood_meal,Hungary,,1
Capreolus capreolus,Aedes vexans,FALSE,9858,mammalia,artiodactyla,cervidae,Aedes vexans,VectorMap,BloodMealMap,blood_meal,Hungary,,1
Capreolus capreolus,Culex pipiens,FALSE,9858,mammalia,artiodactyla,cervidae,Culex pipiens,VectorMap,BloodMealMap,blood_meal,Iran,,1
Capreolus capreolus,Culiseta annulata,FALSE,9858,mammalia,artiodactyla,cervidae,Culiseta annulata,VectorMap,BloodMealMap,blood_meal,Switzerland,,1
Cardinalis cardinalis,Aedes sticticus,FALSE,98964,aves,passeriformes,cardinalidae,Aedes sticticus,VectorMap,BloodMealMap,blood_meal,Unites States,,1
Cardinalis cardinalis,Aedes vexans,FALSE,98964,aves,passeriformes,cardinalidae,Aedes vexans,VectorMap,BloodMealMap,blood_meal,Unites States,,2
Cardinalis cardinalis,Amblyomma americanum,FALSE,98964,aves,passeriformes,cardinalidae,Amblyomma americanum,VectorMap,TickMap,on_host_occurrence,United States of America,,16
Cardinalis cardinalis,Amblyomma maculatum,FALSE,98964,aves,passeriformes,cardinalidae,Amblyomma maculatum,VectorMap,TickMap,on_host_occurrence,United States of America,,16
Cardinalis cardinalis,Culex erraticus,FALSE,98964,aves,passeriformes,cardinalidae,Culex erraticus,VectorMap,BloodMealMap,blood_meal,Unites States,,2
Cardinalis cardinalis,Culex pilosus,FALSE,98964,aves,passeriformes,cardinalidae,Culex pilosus,VectorMap,BloodMealMap,blood_meal,Unites States,,1
Cardinalis cardinalis,Culex pipiens,FALSE,98964,aves,passeriformes,cardinalidae,Culex pipiens,VectorMap,BloodMealMap,blood_meal,Unites States,,3
Cardinalis cardinalis,Culex quinquefasciatus,FALSE,98964,aves,passeriformes,cardinalidae,Culex quinquefasciatus,VectorMap,BloodMealMap,blood_meal,Unites States,,3
Cardinalis cardinalis,Culex restuans,FALSE,98964,aves,passeriformes,cardinalidae,Culex restuans,VectorMap,BloodMealMap,blood_meal,Unites States,,3
Cardinalis cardinalis,Culex salinarius,FALSE,98964,aves,passeriformes,cardinalidae,Culex salinarius,VectorMap,BloodMealMap,blood_meal,Unites States,,1
Cardinalis cardinalis,Culex territans,FALSE,98964,aves,passeriformes,cardinalidae,Culex territans,VectorMap,BloodMealMap,blood_meal,Unites States,,1
Cardinalis cardinalis,Culiseta melanura,FALSE,98964,aves,passeriformes,cardinalidae,Culiseta melanura,MapVEu; VectorMap,BloodMealMap; MapVEu,blood_meal,United States; Unites States,,5
Cardinalis cardinalis,Dermacentor variabilis,FALSE,98964,aves,passeriformes,cardinalidae,Dermacentor variabilis,VectorMap,TickMap,on_host_occurrence,United States of America,,8
Cardinalis cardinalis,Haemaphylsalis leporispalustris,FALSE,98964,aves,passeriformes,cardinalidae,Haemaphylsalis leporispalustris,VectorMap,TickMap,on_host_occurrence,United States of America,,8
Cardinalis cardinalis,Haemaphysalis leporispalustris,FALSE,98964,aves,passeriformes,cardinalidae,Haemaphysalis leporispalustris,VectorMap,TickMap,on_host_occurrence,United States; United States of America,,32
Cardinalis cardinalis,Ixodes affinis,FALSE,98964,aves,passeriformes,cardinalidae,Ixodes affinis,VectorMap,TickMap,on_host_occurrence,United States of America,,8
Cardinalis cardinalis,Ixodes dentatus,FALSE,98964,aves,passeriformes,cardinalidae,Ixodes dentatus,VectorMap,TickMap,on_host_occurrence,United States of America,,18
Cardinalis cardinalis,Ixodes scapularis,FALSE,98964,aves,passeriformes,cardinalidae,Ixodes scapularis,VectorMap,TickMap,on_host_occurrence,United States; United States of America,,43
Cardinalis cardinalis,Polygenis gwyni,FALSE,98964,aves,passeriformes,cardinalidae,Polygenis gwyni,VectorMap,FleaMap,on_host_occurrence,United States,,1
Carollia perspicillata,Ornithodoros azteci,FALSE,40233,mammalia,chiroptera,phyllostomidae,Ornithodoros azteci,VectorMap,TickMap,on_host_occurrence,Panama,,2
Carollia perspicillata,Ornithodoros brodyi,FALSE,40233,mammalia,chiroptera,phyllostomidae,Ornithodoros brodyi,VectorMap,TickMap,on_host_occurrence,Panama,,2
Cathartes aura,Culex quinquefasciatus,FALSE,43455,aves,cathartiformes,cathartidae,Culex quinquefasciatus,VectorMap,BloodMealMap,blood_meal,Unites States,,2
Cathartes aura,Culex stigmatosoma,FALSE,43455,aves,cathartiformes,cathartidae,Culex stigmatosoma,VectorMap,BloodMealMap,blood_meal,Unites States,,1
Cathartes aura,Culex tarsalis,FALSE,43455,aves,cathartiformes,cathartidae,Culex tarsalis,VectorMap,BloodMealMap,blood_meal,Unites States,,1
Catharus fuscescens,Culex pipiens,FALSE,159581,aves,passeriformes,turdidae,Culex pipiens,VectorMap,BloodMealMap,blood_meal,Unites States,,1
Catharus fuscescens,Culex restuans,FALSE,159581,aves,passeriformes,turdidae,Culex restuans,VectorMap,BloodMealMap,blood_meal,Unites States,,1
Catharus fuscescens,Culiseta melanura,FALSE,159581,aves,passeriformes,turdidae,Culiseta melanura,VectorMap,BloodMealMap,blood_meal,Unites States,,2
Catharus fuscescens,Culiseta morsitans,FALSE,159581,aves,passeriformes,turdidae,Culiseta morsitans,VectorMap,BloodMealMap,blood_meal,Unites States,,1
Catharus fuscescens,Haemaphysalis leporispalustris,FALSE,159581,aves,passeriformes,turdidae,Haemaphysalis leporispalustris,VectorMap,TickMap,on_host_occurrence,United States of America,,5
Catharus fuscescens,Ixodes scapularis,FALSE,159581,aves,passeriformes,turdidae,Ixodes scapularis,VectorMap,TickMap,on_host_occurrence,United States of America,,21
Catharus guttatus,Aedes trivittatus,FALSE,9185,aves,passeriformes,turdidae,Aedes trivittatus,VectorMap,BloodMealMap,blood_meal,Unites States,,1
Catharus guttatus,Culex stigmatosoma,FALSE,9185,aves,passeriformes,turdidae,Culex stigmatosoma,VectorMap,BloodMealMap,blood_meal,Unites States,,1
Catharus guttatus,Culiseta melanura,FALSE,9185,aves,passeriformes,turdidae,Culiseta melanura,VectorMap,BloodMealMap,blood_meal,Unites States,,1
Catharus guttatus,Haemaphysalis leporispalustris,FALSE,9185,aves,passeriformes,turdidae,Haemaphysalis leporispalustris,VectorMap,TickMap,on_host_occurrence,United States of America,,10
Catharus guttatus,Ixodes brunneus,FALSE,9185,aves,passeriformes,turdidae,Ixodes brunneus,VectorMap,TickMap,on_host_occurrence,United States of America,,24
Catharus guttatus,Ixodes dentatus,FALSE,9185,aves,passeriformes,turdidae,Ixodes dentatus,VectorMap,TickMap,on_host_occurrence,United States of America,,15
Catharus guttatus,Ixodes scapularis,FALSE,9185,aves,passeriformes,turdidae,Ixodes scapularis,VectorMap,TickMap,on_host_occurrence,United States of America,,8
Catharus ustulatus,Amblyomma nodosum,FALSE,91951,aves,passeriformes,turdidae,Amblyomma nodosum,VectorMap,TickMap,on_host_occurrence,United States of America,,8
Catharus ustulatus,Culex pipiens,FALSE,91951,aves,passeriformes,turdidae,Culex pipiens,VectorMap,BloodMealMap,blood_meal,Unites States,,4
Catharus ustulatus,Culex tarsalis,FALSE,91951,aves,passeriformes,turdidae,Culex tarsalis,VectorMap,BloodMealMap,blood_meal,Unites States,,1
Catharus ustulatus,Haemaphylsalis leporispalustris,FALSE,91951,aves,passeriformes,turdidae,Haemaphylsalis leporispalustris,VectorMap,TickMap,on_host_occurrence,United States of America,,8
Catharus ustulatus,Haemaphysalis leporispalustris,FALSE,91951,aves,passeriformes,turdidae,Haemaphysalis leporispalustris,VectorMap,TickMap,on_host_occurrence,United States of America,,36
Catharus ustulatus,Ixodes dentatus,FALSE,91951,aves,passeriformes,turdidae,Ixodes dentatus,VectorMap,TickMap,on_host_occurrence,United States; United States of America,,14
Catharus ustulatus,Ixodes pacificus,FALSE,91951,aves,passeriformes,turdidae,Ixodes pacificus,VectorMap,TickMap,on_host_occurrence,United States of America,,26
Catharus ustulatus,Ixodes scapularis,FALSE,91951,aves,passeriformes,turdidae,Ixodes scapularis,VectorMap,TickMap,on_host_occurrence,United States of America,,29
Cephalophus callipygus,Haemaphysalis parmata,FALSE,129223,,,,Haemaphysalis parmata,VectorMap,TickMap,on_host_occurrence,"Congo, The Democratic Republic of The",,1
Ceratotherium simum,Aedes vexans,FALSE,9807,mammalia,perissodactyla,rhinocerotidae,Aedes vexans,VectorMap,BloodMealMap,blood_meal,Japan; Unites States,,2
Ceratotherium simum,Amblyomma hebraeum,FALSE,9807,mammalia,perissodactyla,rhinocerotidae,Amblyomma hebraeum,VectorMap,TickMap,on_host_occurrence,South Africa; Zimbabwe,,2
Ceratotherium simum,Amblyomma rhinocerotis,FALSE,9807,mammalia,perissodactyla,rhinocerotidae,Amblyomma rhinocerotis,VectorMap,TickMap,on_host_occurrence,"Congo, The Democratic Republic of The; South Africa",,2
Ceratotherium simum,Amblyomma variegatum,FALSE,9807,mammalia,perissodactyla,rhinocerotidae,Amblyomma variegatum,VectorMap,TickMap,on_host_occurrence,"Congo, The Democratic Republic of The",,1
Ceratotherium simum,Armigeres subalbatus,FALSE,9807,mammalia,perissodactyla,rhinocerotidae,Armigeres subalbatus,VectorMap,BloodMealMap,blood_meal,Japan,,1
Ceratotherium simum,Culex mimeticus,FALSE,9807,mammalia,perissodactyla,rhinocerotidae,Culex mimeticus,VectorMap,BloodMealMap,blood_meal,Japan,,1
Ceratotherium simum,Culex quinquefasciatus,FALSE,9807,mammalia,perissodactyla,rhinocerotidae,Culex quinquefasciatus,VectorMap,BloodMealMap,blood_meal,Unites States,,1
Ceratotherium simum,Culex vishnui,FALSE,9807,mammalia,perissodactyla,rhinocerotidae,Culex vishnui,VectorMap,BloodMealMap,blood_meal,Japan,,1
Ceratotherium simum,Dermacentor rhinocerinus,FALSE,9807,mammalia,perissodactyla,rhinocerotidae,Dermacentor rhinocerinus,VectorMap,TickMap,on_host_occurrence,"Congo, The Democratic Republic of The; Zimbabwe",,21
Ceratotherium simum,Rhipicephalus maculatus,FALSE,9807,mammalia,perissodactyla,rhinocerotidae,Rhipicephalus maculatus,VectorMap,TickMap,on_host_occurrence,South Africa,,1
Cercopithecus ascanius,Ixodes rasus,FALSE,36223,mammalia,primates,cercopithecidae,Ixodes rasus,VectorMap,TickMap,on_host_occurrence,"Congo, The Democratic Republic of The",,1
Cerdocyon thous,Ctenocephalides felis,FALSE,9620,mammalia,carnivora,canidae,Ctenocephalides felis,VectorMap,FleaMap,on_host_occurrence,Venezuela,,36
Cervus elaphus,Culex theileri,FALSE,9860,mammalia,artiodactyla,cervidae,Culex theileri,VectorMap,BloodMealMap,blood_meal,ESP,,1
Cervus elaphus,Dermacentor albipictus,FALSE,9860,mammalia,artiodactyla,cervidae,Dermacentor albipictus,VectorMap,TickMap,on_host_occurrence,United States of America,,8
Chenonetta jubata,Culex annulirostris,FALSE,45644,aves,anseriformes,anatidae,Culex annulirostris,VectorMap,BloodMealMap,blood_meal,Australia,,1
Chenonetta jubata,Culex sitiens,FALSE,45644,aves,anseriformes,anatidae,Culex sitiens,VectorMap,BloodMealMap,blood_meal,Australia,,1
Chloris chloris,Culex pipiens,FALSE,37601,aves,passeriformes,fringillidae,Culex pipiens,VectorMap,BloodMealMap,blood_meal,ESP,,1
Chloris chloris,Hyalomma marginatum,FALSE,37601,aves,passeriformes,fringillidae,Hyalomma marginatum,VectorMap,TickMap,on_host_occurrence,Morocco,,1
Chloris chloris,Ixodes frontalis,FALSE,37601,aves,passeriformes,fringillidae,Ixodes frontalis,VectorMap,TickMap,on_host_occurrence,Morocco,,1
Chlorocebus aethiops,Haemaphysalis leachi,FALSE,9534,mammalia,primates,cercopithecidae,Haemaphysalis leachi,VectorMap,TickMap,on_host_occurrence,"Congo, The Democratic Republic of The",,1
Chlorocebus aethiops,Rhipicephalus sanguineus,FALSE,9534,mammalia,primates,cercopithecidae,Rhipicephalus sanguineus,VectorMap,TickMap,on_host_occurrence,Sudan,,1
Chlorocebus sabaeus,Aedes taylori,FALSE,60711,mammalia,primates,cercopithecidae,Aedes taylori,VectorMap,BloodMealMap,blood_meal,Senegal,,1
Circus aeruginosus,Culex modestus,FALSE,8964,aves,accipitriformes,accipitridae,Culex modestus,VectorMap,BloodMealMap,blood_meal,Czechia,,1
Circus aeruginosus,Culex pipiens,FALSE,8964,aves,accipitriformes,accipitridae,Culex pipiens,VectorMap,BloodMealMap,blood_meal,Czechia,,1
Circus aeruginosus,Hyalomma marginatum,FALSE,8964,aves,accipitriformes,accipitridae,Hyalomma marginatum,VectorMap,TickMap,on_host_occurrence,Morocco,,1
Civettictis civetta,Amblyomma nuttalli,FALSE,94186,mammalia,carnivora,viverridae,Amblyomma nuttalli,VectorMap,TickMap,on_host_occurrence,Central African Republic,,1
Civettictis civetta,Haemaphysalis aciculifer,FALSE,94186,mammalia,carnivora,viverridae,Haemaphysalis aciculifer,VectorMap,TickMap,on_host_occurrence,Ethiopia; Kenya,,3
Civettictis civetta,Haemaphysalis leachi,FALSE,94186,mammalia,carnivora,viverridae,Haemaphysalis leachi,VectorMap,TickMap,on_host_occurrence,"Burkina Faso; Central African Republic; Congo, The Democratic Republic of The; Cote D'Ivoire; Sudan",,11
Civettictis civetta,Haemaphysalis moreli,FALSE,94186,mammalia,carnivora,viverridae,Haemaphysalis moreli,VectorMap,TickMap,on_host_occurrence,"Burkina Faso; Cameroon; Congo, The Democratic Republic of The; Cote D'Ivoire; Kenya; Senegal; Tanzania, United Republic of",,12
Civettictis civetta,Haemaphysalis paraleachi,FALSE,94186,mammalia,carnivora,viverridae,Haemaphysalis paraleachi,VectorMap,TickMap,on_host_occurrence,"Cameroon; Central African Republic; Congo, The Democratic Republic of The; Cote D'Ivoire; Ethiopia; Kenya; Liberia; Sudan; Zambia",,16
Civettictis civetta,Haemaphysalis parmata,FALSE,94186,mammalia,carnivora,viverridae,Haemaphysalis parmata,VectorMap,TickMap,on_host_occurrence,Cote D'Ivoire,,1
Civettictis civetta,Haemaphysalis rugosa,FALSE,94186,mammalia,carnivora,viverridae,Haemaphysalis rugosa,VectorMap,TickMap,on_host_occurrence,Senegal,,1
Civettictis civetta,Haemaphysalis spinulosa,FALSE,94186,mammalia,carnivora,viverridae,Haemaphysalis spinulosa,VectorMap,TickMap,on_host_occurrence,"Angola; Congo, The Democratic Republic of The; Cote D'Ivoire; Mozambique; Sudan",,6
Civettictis civetta,Ixodes aulacodi,FALSE,94186,mammalia,carnivora,viverridae,Ixodes aulacodi,VectorMap,TickMap,on_host_occurrence,"Congo, The Democratic Republic of The",,1
Civettictis civetta,Ixodes cavipalpus,FALSE,94186,mammalia,carnivora,viverridae,Ixodes cavipalpus,VectorMap,TickMap,on_host_occurrence,Angola; Sudan,,2
Civettictis civetta,Ixodes cumulatimpunctatus,FALSE,94186,mammalia,carnivora,viverridae,Ixodes cumulatimpunctatus,VectorMap,TickMap,on_host_occurrence,"Congo, The Democratic Republic of The; Cote D'Ivoire",,2
Civettictis civetta,Ixodes moreli,FALSE,94186,mammalia,carnivora,viverridae,Ixodes moreli,VectorMap,TickMap,on_host_occurrence,Cote D'Ivoire,,1
Civettictis civetta,Ixodes muniensis,FALSE,94186,mammalia,carnivora,viverridae,Ixodes muniensis,VectorMap,TickMap,on_host_occurrence,Cote D'Ivoire,,1
Civettictis civetta,Ixodes oldi,FALSE,94186,mammalia,carnivora,viverridae,Ixodes oldi,VectorMap,TickMap,on_host_occurrence,Cote D'Ivoire,,1
Civettictis civetta,Rhipicentor bicornis,FALSE,94186,mammalia,carnivora,viverridae,Rhipicentor bicornis,VectorMap,TickMap,on_host_occurrence,"Congo, The Democratic Republic of The",,1
Civettictis civetta,Rhipicephalus compositus,FALSE,94186,mammalia,carnivora,viverridae,Rhipicephalus compositus,VectorMap,TickMap,on_host_occurrence,"Congo, The Democratic Republic of The",,1
Civettictis civetta,Rhipicephalus duttoni,FALSE,94186,mammalia,carnivora,viverridae,Rhipicephalus duttoni,VectorMap,TickMap,on_host_occurrence,Angola,,1
Civettictis civetta,Rhipicephalus planus,FALSE,94186,mammalia,carnivora,viverridae,Rhipicephalus planus,VectorMap,TickMap,on_host_occurrence,Mozambique,,1
Civettictis civetta,Rhipicephalus sanguineus,FALSE,94186,mammalia,carnivora,viverridae,Rhipicephalus sanguineus,VectorMap,TickMap,on_host_occurrence,"Congo, The Democratic Republic of The; Mozambique; Sudan",,4
Civettictis civetta,Rhipicephalus simus,FALSE,94186,mammalia,carnivora,viverridae,Rhipicephalus simus,VectorMap,TickMap,on_host_occurrence,Mozambique; Sudan,,3
Civettictis civetta,Rhipicephalus sulcatus,FALSE,94186,mammalia,carnivora,viverridae,Rhipicephalus sulcatus,VectorMap,TickMap,on_host_occurrence,Mozambique,,1
Civettictis civetta,Rhipicephalus ziemanni,FALSE,94186,mammalia,carnivora,viverridae,Rhipicephalus ziemanni,VectorMap,TickMap,on_host_occurrence,"Congo, The Democratic Republic of The",,1
Colaptes auratus,Culex pipiens,FALSE,51355,aves,piciformes,picidae,Culex pipiens,VectorMap,BloodMealMap,blood_meal,Unites States,,1
Colaptes auratus,Culex stigmatosoma,FALSE,51355,aves,piciformes,picidae,Culex stigmatosoma,VectorMap,BloodMealMap,blood_meal,Unites States,,1
Colaptes auratus,Culex tarsalis,FALSE,51355,aves,piciformes,picidae,Culex tarsalis,VectorMap,BloodMealMap,blood_meal,Unites States,,1
Colaptes auratus,Echidnophaga gallinacea,FALSE,51355,aves,piciformes,picidae,Echidnophaga gallinacea,VectorMap,FleaMap,on_host_occurrence,United States,,1
Colaptes auratus,Ixodes pacificus,FALSE,51355,aves,piciformes,picidae,Ixodes pacificus,VectorMap,TickMap,on_host_occurrence,United States of America,,8
Colaptes auratus,Ixodes scapularis,FALSE,51355,aves,piciformes,picidae,Ixodes scapularis,VectorMap,TickMap,on_host_occurrence,United States of America,,3
Colobus guereza,Ixodes schillingsi,FALSE,33548,mammalia,primates,cercopithecidae,Ixodes schillingsi,VectorMap,TickMap,on_host_occurrence,Kenya,,1
Coloeus monedula,Culex perexiguus,FALSE,30423,,,,Culex perexiguus,VectorMap,BloodMealMap,blood_meal,ESP,,1
Columba livia,Argas persicus,FALSE,8932,aves,columbiformes,columbidae,Argas persicus,VectorMap,TickMap,on_host_occurrence,Mali; Morocco,,3
Columba livia,Culex perexiguus,FALSE,8932,aves,columbiformes,columbidae,Culex perexiguus,VectorMap,BloodMealMap,blood_meal,ESP,,1
Columba livia,Culex pipiens,FALSE,8932,aves,columbiformes,columbidae,Culex pipiens,VectorMap,BloodMealMap,blood_meal,Serbia; Unites States,,4
Columba livia,Culex quinquefasciatus,FALSE,8932,aves,columbiformes,columbidae,Culex quinquefasciatus,VectorMap,BloodMealMap,blood_meal,Unites States,,3
Columba livia,Culex stigmatosoma,FALSE,8932,aves,columbiformes,columbidae,Culex stigmatosoma,VectorMap,BloodMealMap,blood_meal,Unites States,,1
Columba livia,Culex tarsalis,FALSE,8932,aves,columbiformes,columbidae,Culex tarsalis,VectorMap,BloodMealMap,blood_meal,Unites States,,2
Columba livia,Ochlerotatus camptorhynchus,FALSE,8932,aves,columbiformes,columbidae,Ochlerotatus camptorhynchus,MapVEu,MapVEu,blood_meal,Australia,,1
Columba palumbus,Culex <subgenus>,FALSE,8934,aves,columbiformes,columbidae,Culex <subgenus>,MapVEu,MapVEu,blood_meal,United Kingdom,,2
Columba palumbus,Culex pipiens,FALSE,8934,aves,columbiformes,columbidae,Culex pipiens,MapVEu; VectorMap,BloodMealMap; MapVEu,blood_meal,United Kingdom,,43
Contopus sordidulus,Ixodes pacificus,FALSE,183522,aves,passeriformes,tyrannidae,Ixodes pacificus,VectorMap,TickMap,on_host_occurrence,United States of America,,8
Contopus sordidulus,Oropsylla montana,FALSE,183522,aves,passeriformes,tyrannidae,Oropsylla montana,VectorMap,FleaMap,on_host_occurrence,United States,,1
Corvus brachyrhynchos,Anopheles freeborni,FALSE,85066,aves,passeriformes,corvidae,Anopheles freeborni,VectorMap,BloodMealMap,blood_meal,Unites States,,1
Corvus brachyrhynchos,Anopheles punctipennis,FALSE,85066,aves,passeriformes,corvidae,Anopheles punctipennis,VectorMap,BloodMealMap,blood_meal,Unites States,,1
Corvus brachyrhynchos,Culex pipiens,FALSE,85066,aves,passeriformes,corvidae,Culex pipiens,VectorMap,BloodMealMap,blood_meal,Unites States,,2
Corvus brachyrhynchos,Culex restuans,FALSE,85066,aves,passeriformes,corvidae,Culex restuans,VectorMap,BloodMealMap,blood_meal,Unites States,,1
Corvus brachyrhynchos,Culex stigmatosoma,FALSE,85066,aves,passeriformes,corvidae,Culex stigmatosoma,VectorMap,BloodMealMap,blood_meal,Unites States,,3
Corvus brachyrhynchos,Culex tarsalis,FALSE,85066,aves,passeriformes,corvidae,Culex tarsalis,VectorMap,BloodMealMap,blood_meal,Unites States,,3
Corvus brachyrhynchos,Culiseta incidens,FALSE,85066,aves,passeriformes,corvidae,Culiseta incidens,VectorMap,BloodMealMap,blood_meal,Unites States,,1
Corvus brachyrhynchos,Culiseta melanura,FALSE,85066,aves,passeriformes,corvidae,Culiseta melanura,VectorMap,BloodMealMap,blood_meal,Unites States,,2
Corvus brachyrhynchos,Haemaphysalis leporispalustris,FALSE,85066,aves,passeriformes,corvidae,Haemaphysalis leporispalustris,VectorMap,TickMap,on_host_occurrence,United States of America,,8
Corvus brachyrhynchos,Ixodes brunneus,FALSE,85066,aves,passeriformes,corvidae,Ixodes brunneus,VectorMap,TickMap,on_host_occurrence,United States of America,,8
Corvus corax,Culex pipiens,FALSE,56781,aves,passeriformes,corvidae,Culex pipiens,VectorMap,BloodMealMap,blood_meal,Unites States,,2
Corvus corax,Culex quinquefasciatus,FALSE,56781,aves,passeriformes,corvidae,Culex quinquefasciatus,VectorMap,BloodMealMap,blood_meal,Unites States,,1
Corvus corax,Culex stigmatosoma,FALSE,56781,aves,passeriformes,corvidae,Culex stigmatosoma,VectorMap,BloodMealMap,blood_meal,Unites States,,1
Corvus corax,Culex tarsalis,FALSE,56781,aves,passeriformes,corvidae,Culex tarsalis,VectorMap,BloodMealMap,blood_meal,Unites States,,1
Coturnix coturnix,Culex pipiens,FALSE,9091,aves,galliformes,phasianidae,Culex pipiens,VectorMap,BloodMealMap,blood_meal,Czechia,,1
Cricetomys gambianus,Haemaphysalis leachi,FALSE,10085,mammalia,rodentia,nesomyidae,Haemaphysalis leachi,VectorMap,TickMap,on_host_occurrence,Burkina Faso; Cote D'Ivoire; Nigeria,,3
Cricetomys gambianus,Haemaphysalis parmata,FALSE,10085,mammalia,rodentia,nesomyidae,Haemaphysalis parmata,VectorMap,TickMap,on_host_occurrence,Cote D'Ivoire,,1
Cricetomys gambianus,Haemaphysalis spinulosa,FALSE,10085,mammalia,rodentia,nesomyidae,Haemaphysalis spinulosa,VectorMap,TickMap,on_host_occurrence,"Congo, The Democratic Republic of The",,1
Cricetomys gambianus,Ixodes cumulatimpunctatus,FALSE,10085,mammalia,rodentia,nesomyidae,Ixodes cumulatimpunctatus,VectorMap,TickMap,on_host_occurrence,"Congo, The Democratic Republic of The; Cote D'Ivoire; Rwanda",,5
Cricetomys gambianus,Ixodes muniensis,FALSE,10085,mammalia,rodentia,nesomyidae,Ixodes muniensis,VectorMap,TickMap,on_host_occurrence,Rwanda,,1
Cricetomys gambianus,Ixodes oldi,FALSE,10085,mammalia,rodentia,nesomyidae,Ixodes oldi,VectorMap,TickMap,on_host_occurrence,Cote D'Ivoire,,1
Cricetomys gambianus,Ixodes rasus,FALSE,10085,mammalia,rodentia,nesomyidae,Ixodes rasus,VectorMap,TickMap,on_host_occurrence,Cote D'Ivoire,,1
Cricetomys gambianus,Ixodes ugandanus,FALSE,10085,mammalia,rodentia,nesomyidae,Ixodes ugandanus,VectorMap,TickMap,on_host_occurrence,Kenya,,2
Cricetomys gambianus,Rhipicephalus evertsi,TRUE,10085,mammalia,rodentia,nesomyidae,Rhipicephalus evertsi mimeticus,VectorMap,TickMap,on_host_occurrence,Nigeria,,1
Cricetomys gambianus,Rhipicephalus sanguineus,FALSE,10085,mammalia,rodentia,nesomyidae,Rhipicephalus sanguineus,VectorMap,TickMap,on_host_occurrence,Benin; Cote D'Ivoire,,2
Crocodylus niloticus,Amblyomma exornatum,FALSE,8501,reptilia,crocodylia,crocodylidae,Amblyomma exornatum,VectorMap,TickMap,on_host_occurrence,"Congo, The Democratic Republic of The",,1
Crocuta crocuta,Amblyomma variegatum,FALSE,9678,mammalia,carnivora,hyaenidae,Amblyomma variegatum,VectorMap,TickMap,on_host_occurrence,Sudan,,1
Crocuta crocuta,Haemaphysalis leachi,FALSE,9678,mammalia,carnivora,hyaenidae,Haemaphysalis leachi,VectorMap,TickMap,on_host_occurrence,"Congo, The Democratic Republic of The; Nigeria",,5
Crocuta crocuta,Haemaphysalis spinulosa,FALSE,9678,mammalia,carnivora,hyaenidae,Haemaphysalis spinulosa,VectorMap,TickMap,on_host_occurrence,"Congo, The Democratic Republic of The",,1
Crocuta crocuta,Rhipicephalus carnivoralis,FALSE,9678,mammalia,carnivora,hyaenidae,Rhipicephalus carnivoralis,VectorMap,TickMap,on_host_occurrence,"Tanzania, United Republic of",,1
Crocuta crocuta,Rhipicephalus longus,FALSE,9678,mammalia,carnivora,hyaenidae,Rhipicephalus longus,VectorMap,TickMap,on_host_occurrence,"Congo, The Democratic Republic of The",,1
Crocuta crocuta,Rhipicephalus muhsamae,FALSE,9678,mammalia,carnivora,hyaenidae,Rhipicephalus muhsamae,VectorMap,TickMap,on_host_occurrence,Nigeria,,1
Crocuta crocuta,Rhipicephalus simus,FALSE,9678,mammalia,carnivora,hyaenidae,Rhipicephalus simus,VectorMap,TickMap,on_host_occurrence,Sudan,,1
Cyanistes caeruleus,Aedes vexans,FALSE,156563,aves,passeriformes,paridae,Aedes vexans,VectorMap,BloodMealMap,blood_meal,Switzerland,,1
Cyanistes caeruleus,Anopheles maculipennis,FALSE,156563,aves,passeriformes,paridae,Anopheles maculipennis,VectorMap,BloodMealMap,blood_meal,Switzerland,,1
Cyanistes caeruleus,Culex hortensis,FALSE,156563,aves,passeriformes,paridae,Culex hortensis,VectorMap,BloodMealMap,blood_meal,Switzerland,,1
Cyanistes caeruleus,Culex modestus,FALSE,156563,aves,passeriformes,paridae,Culex modestus,VectorMap,BloodMealMap,blood_meal,Czechia,,1
Cyanistes caeruleus,Culex pipiens,FALSE,156563,aves,passeriformes,paridae,Culex pipiens,VectorMap,BloodMealMap,blood_meal,Czechia,,1
Cyanocitta cristata,Amblyomma americanum,FALSE,28727,aves,passeriformes,corvidae,Amblyomma americanum,VectorMap,TickMap,on_host_occurrence,United States; United States of America,,14
Cyanocitta cristata,Culex erraticus,FALSE,28727,aves,passeriformes,corvidae,Culex erraticus,VectorMap,BloodMealMap,blood_meal,Unites States,,2
Cyanocitta cristata,Culex pipiens,FALSE,28727,aves,passeriformes,corvidae,Culex pipiens,VectorMap,BloodMealMap,blood_meal,Unites States,,1
Cyanocitta cristata,Culex quinquefasciatus,FALSE,28727,aves,passeriformes,corvidae,Culex quinquefasciatus,VectorMap,BloodMealMap,blood_meal,Unites States,,1
Cyanocitta cristata,Culex restuans,FALSE,28727,aves,passeriformes,corvidae,Culex restuans,VectorMap,BloodMealMap,blood_meal,Unites States,,1
Cyanocitta cristata,Culiseta melanura,FALSE,28727,aves,passeriformes,corvidae,Culiseta melanura,VectorMap,BloodMealMap,blood_meal,Unites States,,1
Cyanocitta cristata,Haemaphysalis leporispalustris,FALSE,28727,aves,passeriformes,corvidae,Haemaphysalis leporispalustris,VectorMap,TickMap,on_host_occurrence,United States; United States of America,,6
Cyanocitta cristata,Ixodes brunneus,FALSE,28727,aves,passeriformes,corvidae,Ixodes brunneus,VectorMap,TickMap,on_host_occurrence,United States of America,,8
Cyanocitta cristata,Ixodes dentatus,FALSE,28727,aves,passeriformes,corvidae,Ixodes dentatus,VectorMap,TickMap,on_host_occurrence,United States of America,,13
Cyanocitta cristata,Ixodes scapularis,FALSE,28727,aves,passeriformes,corvidae,Ixodes scapularis,VectorMap,TickMap,on_host_occurrence,United States; United States of America,,30
Cygnus atratus,Culex pipiens,FALSE,8868,aves,anseriformes,anatidae,Culex pipiens,VectorMap,BloodMealMap,blood_meal,ESP,,1
Cygnus buccinator,Culex perexiguus,FALSE,48397,aves,anseriformes,anatidae,Culex perexiguus,VectorMap,BloodMealMap,blood_meal,ESP,,1
Cygnus olor,Culex modestus,FALSE,8869,aves,anseriformes,anatidae,Culex modestus,MapVEu; VectorMap,BloodMealMap; MapVEu,blood_meal,United Kingdom,,2
Cynomys ludovicianus,Dermacentor andersoni,FALSE,45480,mammalia,rodentia,sciuridae,Dermacentor andersoni,VectorMap,TickMap,on_host_occurrence,United States of America,,8
Cynomys ludovicianus,Ixodes sculptus,FALSE,45480,mammalia,rodentia,sciuridae,Ixodes sculptus,VectorMap,TickMap,on_host_occurrence,United States of America,,4
Cynomys ludovicianus,Oropsylla hirsuta,FALSE,45480,mammalia,rodentia,sciuridae,Oropsylla hirsuta,VectorMap,FleaMap,on_host_occurrence,Mexico; United States,,97
Cynomys ludovicianus,Oropsylla tuberculata,FALSE,45480,mammalia,rodentia,sciuridae,Oropsylla tuberculata,VectorMap,FleaMap,on_host_occurrence,United States,,6
Cynomys ludovicianus,Oropsylla tuberculata,TRUE,45480,mammalia,rodentia,sciuridae,Oropsylla tuberculata cynomuris,VectorMap,FleaMap,on_host_occurrence,United States,,106
Dendrocopos major,Hyalomma marginatum,FALSE,183177,aves,piciformes,picidae,Hyalomma marginatum,VectorMap,TickMap,on_host_occurrence,Morocco,,1
Dendrocygna autumnalis,Culex declarator,FALSE,8873,aves,anseriformes,anatidae,Culex declarator,VectorMap,BloodMealMap,blood_meal,Trinidad & Tobago,,1
Dendrocygna autumnalis,Culex nigripalpus,FALSE,8873,aves,anseriformes,anatidae,Culex nigripalpus,VectorMap,BloodMealMap,blood_meal,Trinidad & Tobago,,1
Dendrocygna viduata,Amblyomma variegatum,FALSE,8876,aves,anseriformes,anatidae,Amblyomma variegatum,VectorMap,TickMap,on_host_occurrence,"Congo, The Democratic Republic of The",,1
Dendrocygna viduata,Rhipicephalus senegalensis,FALSE,8876,aves,anseriformes,anatidae,Rhipicephalus senegalensis,VectorMap,TickMap,on_host_occurrence,"Congo, The Democratic Republic of The",,1
Dendrocygna viduata,Rhipicephalus tricuspis,FALSE,8876,aves,anseriformes,anatidae,Rhipicephalus tricuspis,VectorMap,TickMap,on_host_occurrence,"Congo, The Democratic Republic of The",,1
Desmodus rotundus,Ornithodoros azteci,FALSE,9430,mammalia,chiroptera,phyllostomidae,Ornithodoros azteci,VectorMap,TickMap,on_host_occurrence,Panama,,1
Didelphis marsupialis,Amblyomma americanum,FALSE,9268,mammalia,didelphimorphia,didelphidae,Amblyomma americanum,VectorMap,TickMap,on_host_occurrence,United States of America,,48
Didelphis marsupialis,Ctenocephalides felis,FALSE,9268,mammalia,didelphimorphia,didelphidae,Ctenocephalides felis,VectorMap,FleaMap,on_host_occurrence,Mexico; United States; Venezuela,,27
Didelphis marsupialis,Dermacentor variabilis,FALSE,9268,mammalia,didelphimorphia,didelphidae,Dermacentor variabilis,VectorMap,TickMap,on_host_occurrence,United States of America,,104
Didelphis marsupialis,Echidnophaga gallinacea,FALSE,9268,mammalia,didelphimorphia,didelphidae,Echidnophaga gallinacea,VectorMap,FleaMap,on_host_occurrence,Mexico,,2
Didelphis marsupialis,Ixodes cookei,FALSE,9268,mammalia,didelphimorphia,didelphidae,Ixodes cookei,VectorMap,TickMap,on_host_occurrence,United States of America,,24
Didelphis marsupialis,Ixodes scapularis,FALSE,9268,mammalia,didelphimorphia,didelphidae,Ixodes scapularis,VectorMap,TickMap,on_host_occurrence,United States of America,,28
Didelphis marsupialis,Ixodes texanus,FALSE,9268,mammalia,didelphimorphia,didelphidae,Ixodes texanus,VectorMap,TickMap,on_host_occurrence,United States of America,,4
Didelphis marsupialis,Polygenis gwyni,FALSE,9268,mammalia,didelphimorphia,didelphidae,Polygenis gwyni,VectorMap,FleaMap,on_host_occurrence,Mexico; United States,,2
Didelphis virginiana,Aedes atlanticus,FALSE,9267,mammalia,didelphimorphia,didelphidae,Aedes atlanticus,VectorMap,BloodMealMap,blood_meal,Unites States,,1
Didelphis virginiana,Aedes infirmatus,FALSE,9267,mammalia,didelphimorphia,didelphidae,Aedes infirmatus,VectorMap,BloodMealMap,blood_meal,Unites States,,1
Didelphis virginiana,Aedes taeniorhynchus,FALSE,9267,mammalia,didelphimorphia,didelphidae,Aedes taeniorhynchus,VectorMap,BloodMealMap,blood_meal,Unites States,,1
Didelphis virginiana,Aedes vexans,FALSE,9267,mammalia,didelphimorphia,didelphidae,Aedes vexans,VectorMap,BloodMealMap,blood_meal,Unites States,,2
Didelphis virginiana,Amblyomma americanum,FALSE,9267,mammalia,didelphimorphia,didelphidae,Amblyomma americanum,VectorMap,TickMap,on_host_occurrence,United States of America,,24
Didelphis virginiana,Anopheles crucians,FALSE,9267,mammalia,didelphimorphia,didelphidae,Anopheles crucians,VectorMap,BloodMealMap,blood_meal,Unites States,,1
Didelphis virginiana,Coquillettidia perturbans,FALSE,9267,mammalia,didelphimorphia,didelphidae,Coquillettidia perturbans,VectorMap,BloodMealMap,blood_meal,Unites States,,1
Didelphis virginiana,Ctenocephalides felis,FALSE,9267,mammalia,didelphimorphia,didelphidae,Ctenocephalides felis,VectorMap,FleaMap,on_host_occurrence,United States,,37
Didelphis virginiana,Culex cedecei,FALSE,9267,mammalia,didelphimorphia,didelphidae,Culex cedecei,VectorMap,BloodMealMap,blood_meal,Unites States,,1
Didelphis virginiana,Culex iolambdis,FALSE,9267,mammalia,didelphimorphia,didelphidae,Culex iolambdis,VectorMap,BloodMealMap,blood_meal,Unites States,,1
Didelphis virginiana,Culex quinquefasciatus,FALSE,9267,mammalia,didelphimorphia,didelphidae,Culex quinquefasciatus,VectorMap,BloodMealMap,blood_meal,Unites States,,2
Didelphis virginiana,Dermacentor albipictus,FALSE,9267,mammalia,didelphimorphia,didelphidae,Dermacentor albipictus,VectorMap,TickMap,on_host_occurrence,United States of America,,8
Didelphis virginiana,Dermacentor variabilis,FALSE,9267,mammalia,didelphimorphia,didelphidae,Dermacentor variabilis,VectorMap,TickMap,on_host_occurrence,United States of America,,40
Didelphis virginiana,Echidnophaga gallinacea,FALSE,9267,mammalia,didelphimorphia,didelphidae,Echidnophaga gallinacea,VectorMap,FleaMap,on_host_occurrence,United States,,1
Didelphis virginiana,Ixodes affinis,FALSE,9267,mammalia,didelphimorphia,didelphidae,Ixodes affinis,VectorMap,TickMap,on_host_occurrence,United States of America,,8
Didelphis virginiana,Ixodes cookei,FALSE,9267,mammalia,didelphimorphia,didelphidae,Ixodes cookei,VectorMap,TickMap,on_host_occurrence,United States of America,,33
Didelphis virginiana,Ixodes scapularis,FALSE,9267,mammalia,didelphimorphia,didelphidae,Ixodes scapularis,VectorMap,TickMap,on_host_occurrence,United States; United States of America,,29
Didelphis virginiana,Ixodes texanus,FALSE,9267,mammalia,didelphimorphia,didelphidae,Ixodes texanus,VectorMap,TickMap,on_host_occurrence,United States of America,,7
Didelphis virginiana,Polygenis gwyni,FALSE,9267,mammalia,didelphimorphia,didelphidae,Polygenis gwyni,VectorMap,FleaMap,on_host_occurrence,United States,,4
Didelphis virginiana,Psorophora columbiae,FALSE,9267,mammalia,didelphimorphia,didelphidae,Psorophora columbiae,VectorMap,BloodMealMap,blood_meal,Unites States,,1
Didelphis virginiana,Psorophora ferox,FALSE,9267,mammalia,didelphimorphia,didelphidae,Psorophora ferox,VectorMap,BloodMealMap,blood_meal,Unites States,,1
Didelphis virginiana,Psorophora howardii,FALSE,9267,mammalia,didelphimorphia,didelphidae,Psorophora howardii,VectorMap,BloodMealMap,blood_meal,Unites States,,1
Didelphis virginiana,Rhipicephalus sanguineus,FALSE,9267,mammalia,didelphimorphia,didelphidae,Rhipicephalus sanguineus,VectorMap,TickMap,on_host_occurrence,United States of America,,4
Dromaius novaehollandiae,Aedes vexans,FALSE,8790,aves,struthioniformes,casuariidae,Aedes vexans,VectorMap,BloodMealMap,blood_meal,Unites States,,1
Dromaius novaehollandiae,Amblyomma maculatum,FALSE,8790,aves,struthioniformes,casuariidae,Amblyomma maculatum,VectorMap,TickMap,on_host_occurrence,United States of America,,8
Dromaius novaehollandiae,Culex quinquefasciatus,FALSE,8790,aves,struthioniformes,casuariidae,Culex quinquefasciatus,VectorMap,BloodMealMap,blood_meal,Unites States,,1
Egretta thula,Culex erraticus,FALSE,110681,aves,pelecaniformes,ardeidae,Culex erraticus,VectorMap,BloodMealMap,blood_meal,Unites States,,1
Egretta thula,Culex stigmatosoma,FALSE,110681,aves,pelecaniformes,ardeidae,Culex stigmatosoma,VectorMap,BloodMealMap,blood_meal,Unites States,,1
Emberiza citrinella,Culex modestus,FALSE,37595,aves,passeriformes,emberizidae,Culex modestus,VectorMap,BloodMealMap,blood_meal,Czechia,,1
Emberiza citrinella,Culex pipiens,FALSE,37595,aves,passeriformes,emberizidae,Culex pipiens,VectorMap,BloodMealMap,blood_meal,Czechia,,1
Eptesicus fuscus,Ornithodoros kelleyi,FALSE,29078,mammalia,chiroptera,vespertilionidae,Ornithodoros kelleyi,VectorMap,TickMap,on_host_occurrence,United States of America,,8
Equus asinus,Amblyomma lepidum,FALSE,9793,mammalia,perissodactyla,equidae,Amblyomma lepidum,VectorMap,TickMap,on_host_occurrence,Sudan,,2
Equus asinus,Amblyomma maculatum,FALSE,9793,mammalia,perissodactyla,equidae,Amblyomma maculatum,VectorMap,TickMap,on_host_occurrence,Peru,,3
Equus asinus,Amblyomma variegatum,FALSE,9793,mammalia,perissodactyla,equidae,Amblyomma variegatum,VectorMap,TickMap,on_host_occurrence,Burkina Faso; Ethiopia; Guinea-Bissau; Sudan,,4
Equus asinus,Anopheles atroparvus,FALSE,9793,mammalia,perissodactyla,equidae,Anopheles atroparvus,VectorMap,BloodMealMap,blood_meal,ESP,,1
Equus asinus,Culex perexiguus,FALSE,9793,mammalia,perissodactyla,equidae,Culex perexiguus,VectorMap,BloodMealMap,blood_meal,ESP,,1
Equus asinus,Dermacentor nitens,FALSE,9793,mammalia,perissodactyla,equidae,Dermacentor nitens,VectorMap,TickMap,on_host_occurrence,Peru,,5
Equus asinus,Haemaphysalis leachi,FALSE,9793,mammalia,perissodactyla,equidae,Haemaphysalis leachi,VectorMap,TickMap,on_host_occurrence,Ethiopia,,1
Equus asinus,Haemaphysalis parva,FALSE,9793,mammalia,perissodactyla,equidae,Haemaphysalis parva,VectorMap,TickMap,on_host_occurrence,Libyan Arab Jamahiriya,,1
Equus asinus,Hyalomma anatolicum,FALSE,9793,mammalia,perissodactyla,equidae,Hyalomma anatolicum,VectorMap,TickMap,on_host_occurrence,Sudan,,9
Equus asinus,Hyalomma dromedarii,FALSE,9793,mammalia,perissodactyla,equidae,Hyalomma dromedarii,VectorMap,TickMap,on_host_occurrence,Central African Republic; Sudan,,3
Equus asinus,Hyalomma impeltatum,FALSE,9793,mammalia,perissodactyla,equidae,Hyalomma impeltatum,VectorMap,TickMap,on_host_occurrence,Chad; Mauritania; Sudan,,5
Equus asinus,Hyalomma marginatum,FALSE,9793,mammalia,perissodactyla,equidae,Hyalomma marginatum,VectorMap,TickMap,on_host_occurrence,Morocco,,1
Equus asinus,Hyalomma rufipes,FALSE,9793,mammalia,perissodactyla,equidae,Hyalomma rufipes,VectorMap,TickMap,on_host_occurrence,Sudan,,1
Equus asinus,Hyalomma truncatum,FALSE,9793,mammalia,perissodactyla,equidae,Hyalomma truncatum,VectorMap,TickMap,on_host_occurrence,Burkina Faso; Sudan,,3
Equus asinus,Rhipicephalus annulatus,FALSE,9793,mammalia,perissodactyla,equidae,Rhipicephalus annulatus,VectorMap,TickMap,on_host_occurrence,Sudan,,1
Equus asinus,Rhipicephalus appendiculatus,FALSE,9793,mammalia,perissodactyla,equidae,Rhipicephalus appendiculatus,VectorMap,TickMap,on_host_occurrence,South Africa,,1
Equus asinus,Rhipicephalus bursa,FALSE,9793,mammalia,perissodactyla,equidae,Rhipicephalus bursa,VectorMap,TickMap,on_host_occurrence,Morocco,,1
Equus asinus,Rhipicephalus decoloratus,FALSE,9793,mammalia,perissodactyla,equidae,Rhipicephalus decoloratus,VectorMap,TickMap,on_host_occurrence,Burkina Faso; Mali; Sudan,,4
Equus asinus,Rhipicephalus evertsi,FALSE,9793,mammalia,perissodactyla,equidae,Rhipicephalus evertsi evertsi,VectorMap,TickMap,on_host_occurrence,Cameroon; Mali; Sudan; Uganda,,11
Equus asinus,Rhipicephalus microplus,FALSE,9793,mammalia,perissodactyla,equidae,Rhipicephalus microplus,VectorMap,TickMap,on_host_occurrence,Ethiopia,,1
Equus asinus,Rhipicephalus sanguineus,FALSE,9793,mammalia,perissodactyla,equidae,Rhipicephalus sanguineus,VectorMap,TickMap,on_host_occurrence,Burkina Faso; Central African Republic; Mali; Mauritania; Peru; Sudan,,10
Equus asinus,Rhipicephalus simus,FALSE,9793,mammalia,perissodactyla,equidae,Rhipicephalus simus,VectorMap,TickMap,on_host_occurrence,Mali,,1
Equus caballus,Aedes mediovittatus,FALSE,9796,mammalia,perissodactyla,equidae,Aedes mediovittatus,VectorMap,BloodMealMap,blood_meal,Puerto Rico,,1
Equus caballus,Amblyomma americanum,FALSE,9796,mammalia,perissodactyla,equidae,Amblyomma americanum,VectorMap,TickMap,on_host_occurrence,United States of America,,24
Equus caballus,Amblyomma hebraeum,FALSE,9796,mammalia,perissodactyla,equidae,Amblyomma hebraeum,VectorMap,TickMap,on_host_occurrence,Mozambique; South Africa,,2
Equus caballus,Amblyomma maculatum,FALSE,9796,mammalia,perissodactyla,equidae,Amblyomma maculatum,VectorMap,TickMap,on_host_occurrence,Peru,,6
Equus caballus,Amblyomma triguttatum,FALSE,9796,mammalia,perissodactyla,equidae,Amblyomma triguttatum,VectorMap,TickMap,on_host_occurrence,Australia,,5
Equus caballus,Amblyomma variegatum,FALSE,9796,mammalia,perissodactyla,equidae,Amblyomma variegatum,VectorMap,TickMap,on_host_occurrence,Benin; Burkina Faso; Ghana; Guinea-Bissau; Senegal; Sudan; Zambia,,10
Equus caballus,Ctenocephalides felis,FALSE,9796,mammalia,perissodactyla,equidae,Ctenocephalides felis,VectorMap,FleaMap,on_host_occurrence,Nicaragua,,1
Equus caballus,Culex annulirostris,FALSE,9796,mammalia,perissodactyla,equidae,Culex annulirostris,MapVEu,MapVEu,blood_meal,Australia,,5
Equus caballus,Dermacentor albipictus,FALSE,9796,mammalia,perissodactyla,equidae,Dermacentor albipictus,VectorMap,TickMap,on_host_occurrence,United States of America,,16
Equus caballus,Dermacentor nitens,FALSE,9796,mammalia,perissodactyla,equidae,Dermacentor nitens,VectorMap,TickMap,on_host_occurrence,Peru,,5
Equus caballus,Dermacentor nuttalli,FALSE,9796,mammalia,perissodactyla,equidae,Dermacentor nuttalli,VectorMap,TickMap,on_host_occurrence,Mongolia,,8
Equus caballus,Dermacentor variabilis,FALSE,9796,mammalia,perissodactyla,equidae,Dermacentor variabilis,VectorMap,TickMap,on_host_occurrence,United States of America,,8
Equus caballus,Haemaphysalis bancrofti,FALSE,9796,mammalia,perissodactyla,equidae,Haemaphysalis bancrofti,VectorMap,TickMap,on_host_occurrence,Australia,,4
Equus caballus,Haemaphysalis leachi,FALSE,9796,mammalia,perissodactyla,equidae,Haemaphysalis leachi,VectorMap,TickMap,on_host_occurrence,Ghana,,7
Equus caballus,Haemaphysalis longicornis,FALSE,9796,mammalia,perissodactyla,equidae,Haemaphysalis longicornis,VectorMap,TickMap,on_host_occurrence,Australia,,8
Equus caballus,Hyalomma aegyptium,FALSE,9796,mammalia,perissodactyla,equidae,Hyalomma aegyptium,VectorMap,TickMap,on_host_occurrence,"Congo, The Democratic Republic of The; Gambia",,2
Equus caballus,Hyalomma anatolicum,FALSE,9796,mammalia,perissodactyla,equidae,Hyalomma anatolicum,VectorMap,TickMap,on_host_occurrence,Libyan Arab Jamahiriya; Sudan,,15
Equus caballus,Hyalomma dromedarii,FALSE,9796,mammalia,perissodactyla,equidae,Hyalomma dromedarii,VectorMap,TickMap,on_host_occurrence,Central African Republic; Chad; Libyan Arab Jamahiriya; Niger; Senegal; Sudan,,10
Equus caballus,Hyalomma excavatum,FALSE,9796,mammalia,perissodactyla,equidae,Hyalomma excavatum,VectorMap,TickMap,on_host_occurrence,Egypt,,2
Equus caballus,Hyalomma impeltatum,FALSE,9796,mammalia,perissodactyla,equidae,Hyalomma impeltatum,VectorMap,TickMap,on_host_occurrence,Chad; Libyan Arab Jamahiriya; Mauritania; Sudan,,6
Equus caballus,Hyalomma impressum,FALSE,9796,mammalia,perissodactyla,equidae,Hyalomma impressum,VectorMap,TickMap,on_host_occurrence,South Africa; Sudan,,3
Equus caballus,Hyalomma marginatum,FALSE,9796,mammalia,perissodactyla,equidae,Hyalomma marginatum,VectorMap,TickMap,on_host_occurrence,Morocco,,3
Equus caballus,Hyalomma rufipes,FALSE,9796,mammalia,perissodactyla,equidae,Hyalomma rufipes,VectorMap,TickMap,on_host_occurrence,Burkina Faso; Chad; Mali; South Africa; Sudan,,11
Equus caballus,Hyalomma truncatum,FALSE,9796,mammalia,perissodactyla,equidae,Hyalomma truncatum,VectorMap,TickMap,on_host_occurrence,Chad; Mali; Senegal; Sudan; Zambia,,9
Equus caballus,Ixodes holocyclus,FALSE,9796,mammalia,perissodactyla,equidae,Ixodes holocyclus,VectorMap,TickMap,on_host_occurrence,Australia,,10
Equus caballus,Ixodes rubicundus,FALSE,9796,mammalia,perissodactyla,equidae,Ixodes rubicundus,VectorMap,TickMap,on_host_occurrence,South Africa,,1
Equus caballus,Ixodes tasmani,FALSE,9796,mammalia,perissodactyla,equidae,Ixodes tasmani,VectorMap,TickMap,on_host_occurrence,Australia,,1
Equus caballus,Margaropus winthemi,FALSE,9796,mammalia,perissodactyla,equidae,Margaropus winthemi,VectorMap,TickMap,on_host_occurrence,South Africa,,1
Equus caballus,Ornithodoros savignyi,FALSE,9796,mammalia,perissodactyla,equidae,Ornithodoros savignyi,VectorMap,TickMap,on_host_occurrence,Sudan,,1
Equus caballus,Ornithodoros turicata,FALSE,9796,mammalia,perissodactyla,equidae,Ornithodoros turicata,VectorMap,TickMap,on_host_occurrence,United States,,1
Equus caballus,Otobius megnini,FALSE,9796,mammalia,perissodactyla,equidae,Otobius megnini,VectorMap,TickMap,on_host_occurrence,Peru; United States; Zimbabwe,,10
Equus caballus,Rhipicephalus appendiculatus,FALSE,9796,mammalia,perissodactyla,equidae,Rhipicephalus appendiculatus,VectorMap,TickMap,on_host_occurrence,"Congo, The Democratic Republic of The; Mozambique; South Africa; Zambia",,5
Equus caballus,Rhipicephalus bursa,FALSE,9796,mammalia,perissodactyla,equidae,Rhipicephalus bursa,VectorMap,TickMap,on_host_occurrence,Morocco,,5
Equus caballus,Rhipicephalus capensis,FALSE,9796,mammalia,perissodactyla,equidae,Rhipicephalus capensis,VectorMap,TickMap,on_host_occurrence,South Africa,,1
Equus caballus,Rhipicephalus decoloratus,FALSE,9796,mammalia,perissodactyla,equidae,Rhipicephalus decoloratus,VectorMap,TickMap,on_host_occurrence,"Burkina Faso; Congo, The Democratic Republic of The; Cote D'Ivoire; Ghana; Mali; Mozambique; Sudan; Togo; Zambia",,17
Equus caballus,Rhipicephalus evertsi,FALSE,9796,mammalia,perissodactyla,equidae,Rhipicephalus evertsi; Rhipicephalus evertsi evertsi,VectorMap,TickMap,on_host_occurrence,"Burkina Faso; Cameroon; Central African Republic; Chad; Congo, The Democratic Republic of The; Mali; Mozambique; Niger; Nigeria; Senegal; South Africa; Sudan",,22
Equus caballus,Rhipicephalus evertsi,TRUE,9796,mammalia,perissodactyla,equidae,Rhipicephalus evertsi mimeticus,VectorMap,TickMap,on_host_occurrence,Namibia,,1
Equus caballus,Rhipicephalus kochi,FALSE,9796,mammalia,perissodactyla,equidae,Rhipicephalus kochi,VectorMap,TickMap,on_host_occurrence,Zimbabwe,,8
Equus caballus,Rhipicephalus masseyi,FALSE,9796,mammalia,perissodactyla,equidae,Rhipicephalus masseyi,VectorMap,TickMap,on_host_occurrence,Zambia,,1
Equus caballus,Rhipicephalus microplus,FALSE,9796,mammalia,perissodactyla,equidae,Rhipicephalus microplus,VectorMap,TickMap,on_host_occurrence,Australia; Mozambique,,3
Equus caballus,Rhipicephalus oculatus,FALSE,9796,mammalia,perissodactyla,equidae,Rhipicephalus oculatus,VectorMap,TickMap,on_host_occurrence,South Africa,,1
Equus caballus,Rhipicephalus sanguineus,FALSE,9796,mammalia,perissodactyla,equidae,Rhipicephalus sanguineus,VectorMap,TickMap,on_host_occurrence,Chad; Cote D'Ivoire; Mali; Nigeria; Sudan; Zambia,,13
Equus caballus,Rhipicephalus senegalensis,FALSE,9796,mammalia,perissodactyla,equidae,Rhipicephalus senegalensis,VectorMap,TickMap,on_host_occurrence,Benin; Guinea-Bissau; Nigeria; Togo,,7
Equus caballus,Rhipicephalus simus,FALSE,9796,mammalia,perissodactyla,equidae,Rhipicephalus simus,VectorMap,TickMap,on_host_occurrence,Senegal; South Africa; Sudan,,7
Equus caballus,Rhipicephalus tricuspis,FALSE,9796,mammalia,perissodactyla,equidae,Rhipicephalus tricuspis,VectorMap,TickMap,on_host_occurrence,Sudan,,1
Equus ferus,Aedes aegypti,FALSE,1114792,mammalia,perissodactyla,equidae,Aedes aegypti,VectorMap,BloodMealMap,blood_meal,Unites States,,1
Equus ferus,Aedes albopictus,FALSE,1114792,mammalia,perissodactyla,equidae,Aedes albopictus,VectorMap,BloodMealMap,blood_meal,Unites States,,2
Equus ferus,Aedes atlanticus,FALSE,1114792,mammalia,perissodactyla,equidae,Aedes atlanticus,VectorMap,BloodMealMap,blood_meal,Unites States,,1
Equus ferus,Aedes bancroftianus,FALSE,1114792,mammalia,perissodactyla,equidae,Aedes bancroftianus,VectorMap,BloodMealMap,blood_meal,Australia,,1
Equus ferus,Aedes caspius,FALSE,1114792,mammalia,perissodactyla,equidae,Aedes caspius,VectorMap,BloodMealMap,blood_meal,ESP,,1
Equus ferus,Aedes cinereus,FALSE,1114792,mammalia,perissodactyla,equidae,Aedes cinereus,VectorMap,BloodMealMap,blood_meal,Unites States,,1
Equus ferus,Aedes dorsalis,FALSE,1114792,mammalia,perissodactyla,equidae,Aedes dorsalis,VectorMap,BloodMealMap,blood_meal,Unites States,,2
Equus ferus,Aedes fulvus,FALSE,1114792,mammalia,perissodactyla,equidae,Aedes fulvus,VectorMap,BloodMealMap,blood_meal,Brazil,,1
Equus ferus,Aedes lineatopennis,FALSE,1114792,mammalia,perissodactyla,equidae,Aedes lineatopennis,VectorMap,BloodMealMap,blood_meal,South Africa,,1
Equus ferus,Aedes melanimon,FALSE,1114792,mammalia,perissodactyla,equidae,Aedes melanimon,VectorMap,BloodMealMap,blood_meal,Unites States,,3
Equus ferus,Aedes nigromaculis,FALSE,1114792,mammalia,perissodactyla,equidae,Aedes nigromaculis,VectorMap,BloodMealMap,blood_meal,Unites States,,1
Equus ferus,Aedes scapularis,FALSE,1114792,mammalia,perissodactyla,equidae,Aedes scapularis,VectorMap,BloodMealMap,blood_meal,Brazil,,4
Equus ferus,Aedes serratus,FALSE,1114792,mammalia,perissodactyla,equidae,Aedes serratus,VectorMap,BloodMealMap,blood_meal,Brazil,,2
Equus ferus,Aedes sierrensis,FALSE,1114792,mammalia,perissodactyla,equidae,Aedes sierrensis,VectorMap,BloodMealMap,blood_meal,Unites States,,1
Equus ferus,Aedes sollicitans,FALSE,1114792,mammalia,perissodactyla,equidae,Aedes sollicitans,VectorMap,BloodMealMap,blood_meal,Unites States,,1
Equus ferus,Aedes sticticus,FALSE,1114792,mammalia,perissodactyla,equidae,Aedes sticticus,VectorMap,BloodMealMap,blood_meal,Unites States,,2
Equus ferus,Aedes stimulans,FALSE,1114792,mammalia,perissodactyla,equidae,Aedes stimulans,VectorMap,BloodMealMap,blood_meal,Unites States,,1
Equus ferus,Aedes taeniorhynchus,FALSE,1114792,mammalia,perissodactyla,equidae,Aedes taeniorhynchus,VectorMap,BloodMealMap,blood_meal,Brazil,,1
Equus ferus,Aedes thibaulti,FALSE,1114792,mammalia,perissodactyla,equidae,Aedes thibaulti,VectorMap,BloodMealMap,blood_meal,Unites States,,1
Equus ferus,Aedes triseriatus,FALSE,1114792,mammalia,perissodactyla,equidae,Aedes triseriatus,VectorMap,BloodMealMap,blood_meal,Unites States,,1
Equus ferus,Aedes trivittatus,FALSE,1114792,mammalia,perissodactyla,equidae,Aedes trivittatus,VectorMap,BloodMealMap,blood_meal,Unites States,,4
Equus ferus,Aedes vexans,FALSE,1114792,mammalia,perissodactyla,equidae,Aedes vexans,VectorMap,BloodMealMap,blood_meal,Hungary; Russia; Senegal; Switzerland; Unites States,,19
Equus ferus,Aedes vigilax,FALSE,1114792,mammalia,perissodactyla,equidae,Aedes vigilax,VectorMap,BloodMealMap,blood_meal,Australia,,2
Equus ferus,Aedes vittiger,FALSE,1114792,mammalia,perissodactyla,equidae,Aedes vittiger,VectorMap,BloodMealMap,blood_meal,Australia,,1
Equus ferus,Amblyomma cajennense,FALSE,1114792,mammalia,perissodactyla,equidae,Amblyomma cajennense,VectorMap,TickMap,on_host_occurrence,United States of America,,16
Equus ferus,Amblyomma maculatum,FALSE,1114792,mammalia,perissodactyla,equidae,Amblyomma maculatum,VectorMap,TickMap,on_host_occurrence,United States of America,,8
Equus ferus,Anopheles albitarsis,FALSE,1114792,mammalia,perissodactyla,equidae,Anopheles albitarsis,VectorMap,BloodMealMap,blood_meal,Brazil,,3
Equus ferus,Anopheles amictus,FALSE,1114792,mammalia,perissodactyla,equidae,Anopheles amictus,VectorMap,BloodMealMap,blood_meal,Australia,,1
Equus ferus,Anopheles annulipes,FALSE,1114792,mammalia,perissodactyla,equidae,Anopheles annulipes,VectorMap,BloodMealMap,blood_meal,Australia,,3
Equus ferus,Anopheles apicimacula,FALSE,1114792,mammalia,perissodactyla,equidae,Anopheles apicimacula,VectorMap,BloodMealMap,blood_meal,Panama,,1
Equus ferus,Anopheles aquasalis,FALSE,1114792,mammalia,perissodactyla,equidae,Anopheles aquasalis,VectorMap,BloodMealMap,blood_meal,Brazil,,1
Equus ferus,Anopheles atroparvus,FALSE,1114792,mammalia,perissodactyla,equidae,Anopheles atroparvus,VectorMap,BloodMealMap,blood_meal,ESP,,1
Equus ferus,Anopheles bancroftii,FALSE,1114792,mammalia,perissodactyla,equidae,Anopheles bancroftii,VectorMap,BloodMealMap,blood_meal,Australia,,1
Equus ferus,Anopheles crucians,FALSE,1114792,mammalia,perissodactyla,equidae,Anopheles crucians,VectorMap,BloodMealMap,blood_meal,Unites States,,2
Equus ferus,Anopheles cruzii,FALSE,1114792,mammalia,perissodactyla,equidae,Anopheles cruzii,VectorMap,BloodMealMap,blood_meal,Brazil,,1
Equus ferus,Anopheles evansae,FALSE,1114792,mammalia,perissodactyla,equidae,Anopheles evansae,VectorMap,BloodMealMap,blood_meal,Brazil,,1
Equus ferus,Anopheles freeborni,FALSE,1114792,mammalia,perissodactyla,equidae,Anopheles freeborni,VectorMap,BloodMealMap,blood_meal,Unites States,,3
Equus ferus,Anopheles messeae,FALSE,1114792,mammalia,perissodactyla,equidae,Anopheles messeae,VectorMap,BloodMealMap,blood_meal,Russia,,1
Equus ferus,Anopheles peryassui,FALSE,1114792,mammalia,perissodactyla,equidae,Anopheles peryassui,VectorMap,BloodMealMap,blood_meal,Brazil,,1
Equus ferus,Anopheles punctipennis,FALSE,1114792,mammalia,perissodactyla,equidae,Anopheles punctipennis,VectorMap,BloodMealMap,blood_meal,Unites States,,2
Equus ferus,Anopheles quadrimaculatus,FALSE,1114792,mammalia,perissodactyla,equidae,Anopheles quadrimaculatus,VectorMap,BloodMealMap,blood_meal,Unites States,,4
Equus ferus,Chagasia fajardi,FALSE,1114792,mammalia,perissodactyla,equidae,Chagasia fajardi,VectorMap,BloodMealMap,blood_meal,Brazil,,1
Equus ferus,Coquillettidia perturbans,FALSE,1114792,mammalia,perissodactyla,equidae,Coquillettidia perturbans,VectorMap,BloodMealMap,blood_meal,Unites States,,2
Equus ferus,Coquillettidia shannoni,FALSE,1114792,mammalia,perissodactyla,equidae,Coquillettidia shannoni,VectorMap,BloodMealMap,blood_meal,Brazil,,1
Equus ferus,Coquillettidia venezuelensis,FALSE,1114792,mammalia,perissodactyla,equidae,Coquillettidia venezuelensis,VectorMap,BloodMealMap,blood_meal,Brazil; Panama,,3
Equus ferus,Coquillettidia xanthogaster,FALSE,1114792,mammalia,perissodactyla,equidae,Coquillettidia xanthogaster,VectorMap,BloodMealMap,blood_meal,Australia,,2
Equus ferus,Culex amazonensis,FALSE,1114792,mammalia,perissodactyla,equidae,Culex amazonensis,VectorMap,BloodMealMap,blood_meal,Brazil,,1
Equus ferus,Culex annulirostris,FALSE,1114792,mammalia,perissodactyla,equidae,Culex annulirostris,VectorMap,BloodMealMap,blood_meal,Australia,,19
Equus ferus,Culex aureonotatus,FALSE,1114792,mammalia,perissodactyla,equidae,Culex aureonotatus,VectorMap,BloodMealMap,blood_meal,Brazil,,1
Equus ferus,Culex australicus,FALSE,1114792,mammalia,perissodactyla,equidae,Culex australicus,VectorMap,BloodMealMap,blood_meal,Australia,,1
Equus ferus,Culex bastagarius,FALSE,1114792,mammalia,perissodactyla,equidae,Culex bastagarius,VectorMap,BloodMealMap,blood_meal,Brazil,,1
Equus ferus,Culex bitaeniorhynchus,FALSE,1114792,mammalia,perissodactyla,equidae,Culex bitaeniorhynchus,VectorMap,BloodMealMap,blood_meal,India,,1
Equus ferus,Culex chaetoventralis,FALSE,1114792,mammalia,perissodactyla,equidae,Culex chaetoventralis,VectorMap,BloodMealMap,blood_meal,Unites States,,1
Equus ferus,Culex cheesmanae,FALSE,1114792,mammalia,perissodactyla,equidae,Culex cheesmanae,VectorMap,BloodMealMap,blood_meal,Unites States,,1
Equus ferus,Culex chidesteri,FALSE,1114792,mammalia,perissodactyla,equidae,Culex chidesteri,VectorMap,BloodMealMap,blood_meal,Brazil,,1
Equus ferus,Culex coronator,FALSE,1114792,mammalia,perissodactyla,equidae,Culex coronator,VectorMap,BloodMealMap,blood_meal,Brazil,,1
Equus ferus,Culex declarator,FALSE,1114792,mammalia,perissodactyla,equidae,Culex declarator,VectorMap,BloodMealMap,blood_meal,Brazil,,1
Equus ferus,Culex gelidus,FALSE,1114792,mammalia,perissodactyla,equidae,Culex gelidus,VectorMap,BloodMealMap,blood_meal,Singapore,,2
Equus ferus,Culex modestus,FALSE,1114792,mammalia,perissodactyla,equidae,Culex modestus,VectorMap,BloodMealMap,blood_meal,Russia,,1
Equus ferus,Culex nigripalpus,FALSE,1114792,mammalia,perissodactyla,equidae,Culex nigripalpus,VectorMap,BloodMealMap,blood_meal,Guatemala; Panama,,2
Equus ferus,Culex pipiens,FALSE,1114792,mammalia,perissodactyla,equidae,Culex pipiens,VectorMap,BloodMealMap,blood_meal,South Africa; Unites States,,5
Equus ferus,Culex pleuristriatus,FALSE,1114792,mammalia,perissodactyla,equidae,Culex pleuristriatus,VectorMap,BloodMealMap,blood_meal,Brazil,,1
Equus ferus,Culex pseudovishnui,FALSE,1114792,mammalia,perissodactyla,equidae,Culex pseudovishnui,VectorMap,BloodMealMap,blood_meal,India,,1
Equus ferus,Culex quinquefasciatus,FALSE,1114792,mammalia,perissodactyla,equidae,Culex quinquefasciatus,VectorMap,BloodMealMap,blood_meal,Australia; Brazil; Mexico; Singapore; Unites States,,12
Equus ferus,Culex salinarius,FALSE,1114792,mammalia,perissodactyla,equidae,Culex salinarius,VectorMap,BloodMealMap,blood_meal,Unites States,,1
Equus ferus,Culex shanahani,FALSE,1114792,mammalia,perissodactyla,equidae,Culex shanahani,VectorMap,BloodMealMap,blood_meal,Japan,,1
Equus ferus,Culex sitiens,FALSE,1114792,mammalia,perissodactyla,equidae,Culex sitiens,VectorMap,BloodMealMap,blood_meal,Australia; Singapore,,2
Equus ferus,Culex stigmatosoma,FALSE,1114792,mammalia,perissodactyla,equidae,Culex stigmatosoma,VectorMap,BloodMealMap,blood_meal,Unites States,,1
Equus ferus,Culex taeniopus,FALSE,1114792,mammalia,perissodactyla,equidae,Culex taeniopus,VectorMap,BloodMealMap,blood_meal,Guatemala,,1
Equus ferus,Culex tarsalis,FALSE,1114792,mammalia,perissodactyla,equidae,Culex tarsalis,VectorMap,BloodMealMap,blood_meal,Unites States,,9
Equus ferus,Culex thalassius,FALSE,1114792,mammalia,perissodactyla,equidae,Culex thalassius,VectorMap,BloodMealMap,blood_meal,The Gambia,,1
Equus ferus,Culex theileri,FALSE,1114792,mammalia,perissodactyla,equidae,Culex theileri,VectorMap,BloodMealMap,blood_meal,South Africa,,1
Equus ferus,Culex tritaeniorhynchus,FALSE,1114792,mammalia,perissodactyla,equidae,Culex tritaeniorhynchus,VectorMap,BloodMealMap,blood_meal,India; Japan; Singapore,,4
Equus ferus,Culex univittatus,FALSE,1114792,mammalia,perissodactyla,equidae,Culex univittatus,VectorMap,BloodMealMap,blood_meal,South Africa,,1
Equus ferus,Culex usquatus,FALSE,1114792,mammalia,perissodactyla,equidae,Culex usquatus,VectorMap,BloodMealMap,blood_meal,Brazil,,1
Equus ferus,Culex versabilis,FALSE,1114792,mammalia,perissodactyla,equidae,Culex versabilis,VectorMap,BloodMealMap,blood_meal,Unites States,,1
Equus ferus,Culex vishnui,FALSE,1114792,mammalia,perissodactyla,equidae,Culex vishnui,VectorMap,BloodMealMap,blood_meal,India; Singapore,,2
Equus ferus,Culex walukasi,FALSE,1114792,mammalia,perissodactyla,equidae,Culex walukasi,VectorMap,BloodMealMap,blood_meal,Unites States,,1
Equus ferus,Culex wamanguae,FALSE,1114792,mammalia,perissodactyla,equidae,Culex wamanguae,VectorMap,BloodMealMap,blood_meal,Unites States,,1
Equus ferus,Culiseta incidens,FALSE,1114792,mammalia,perissodactyla,equidae,Culiseta incidens,VectorMap,BloodMealMap,blood_meal,Unites States,,1
Equus ferus,Culiseta inornata,FALSE,1114792,mammalia,perissodactyla,equidae,Culiseta inornata,VectorMap,BloodMealMap,blood_meal,Unites States,,4
Equus ferus,Culiseta melanura,FALSE,1114792,mammalia,perissodactyla,equidae,Culiseta melanura,VectorMap,BloodMealMap,blood_meal,Unites States,,1
Equus ferus,Culiseta morsitans,FALSE,1114792,mammalia,perissodactyla,equidae,Culiseta morsitans,VectorMap,BloodMealMap,blood_meal,Unites States,,1
Equus ferus,Deinocerites cancer,FALSE,1114792,mammalia,perissodactyla,equidae,Deinocerites cancer,VectorMap,BloodMealMap,blood_meal,Panama,,1
Equus ferus,Deinocerites dyari,FALSE,1114792,mammalia,perissodactyla,equidae,Deinocerites dyari,VectorMap,BloodMealMap,blood_meal,Panama,,1
Equus ferus,Deinocerites epitedeus,FALSE,1114792,mammalia,perissodactyla,equidae,Deinocerites epitedeus,VectorMap,BloodMealMap,blood_meal,Panama,,1
Equus ferus,Deinocerites pseudes,FALSE,1114792,mammalia,perissodactyla,equidae,Deinocerites pseudes,VectorMap,BloodMealMap,blood_meal,Nicaragua; Panama,,2
Equus ferus,Dermacentor nitens,FALSE,1114792,mammalia,perissodactyla,equidae,Dermacentor nitens,VectorMap,TickMap,on_host_occurrence,United States of America,,16
Equus ferus,Dermacentor variabilis,FALSE,1114792,mammalia,perissodactyla,equidae,Dermacentor variabilis,VectorMap,TickMap,on_host_occurrence,United States of America,,8
Equus ferus,Haemagogus janthinomys,FALSE,1114792,mammalia,perissodactyla,equidae,Haemagogus janthinomys,VectorMap,BloodMealMap,blood_meal,Brazil,,8
Equus ferus,Ixodes scapularis,FALSE,1114792,mammalia,perissodactyla,equidae,Ixodes scapularis,VectorMap,TickMap,on_host_occurrence,United States of America,,4
Equus ferus,Limatus durhamii,FALSE,1114792,mammalia,perissodactyla,equidae,Limatus durhamii,VectorMap,BloodMealMap,blood_meal,Brazil,,1
Equus ferus,Lutzia fuscana,FALSE,1114792,mammalia,perissodactyla,equidae,Lutzia fuscana,VectorMap,BloodMealMap,blood_meal,India,,1
Equus ferus,Lutzia halifaxii,FALSE,1114792,mammalia,perissodactyla,equidae,Lutzia halifaxii,VectorMap,BloodMealMap,blood_meal,Unites States,,1
Equus ferus,Lutzia tigripes,FALSE,1114792,mammalia,perissodactyla,equidae,Lutzia tigripes,VectorMap,BloodMealMap,blood_meal,Unites States,,1
Equus ferus,Mansonia indubitans,FALSE,1114792,mammalia,perissodactyla,equidae,Mansonia indubitans,VectorMap,BloodMealMap,blood_meal,Panama,,1
Equus ferus,Mansonia titillans,FALSE,1114792,mammalia,perissodactyla,equidae,Mansonia titillans,VectorMap,BloodMealMap,blood_meal,Brazil; Panama; Unites States,,5
Equus ferus,Mansonia uniformis,FALSE,1114792,mammalia,perissodactyla,equidae,Mansonia uniformis,VectorMap,BloodMealMap,blood_meal,Australia,,2
Equus ferus,Psorophora albigenu,FALSE,1114792,mammalia,perissodactyla,equidae,Psorophora albigenu,VectorMap,BloodMealMap,blood_meal,Brazil,,2
Equus ferus,Psorophora albipes,FALSE,1114792,mammalia,perissodactyla,equidae,Psorophora albipes,VectorMap,BloodMealMap,blood_meal,Brazil,,1
Equus ferus,Psorophora ciliata,FALSE,1114792,mammalia,perissodactyla,equidae,Psorophora ciliata,VectorMap,BloodMealMap,blood_meal,Brazil,,1
Equus ferus,Psorophora cingulata,FALSE,1114792,mammalia,perissodactyla,equidae,Psorophora cingulata,VectorMap,BloodMealMap,blood_meal,Panama,,1
Equus ferus,Psorophora columbiae,FALSE,1114792,mammalia,perissodactyla,equidae,Psorophora columbiae,VectorMap,BloodMealMap,blood_meal,Unites States,,1
Equus ferus,Psorophora confinnis,FALSE,1114792,mammalia,perissodactyla,equidae,Psorophora confinnis,VectorMap,BloodMealMap,blood_meal,Unites States,,2
Equus ferus,Psorophora discolor,FALSE,1114792,mammalia,perissodactyla,equidae,Psorophora discolor,VectorMap,BloodMealMap,blood_meal,Unites States,,1
Equus ferus,Psorophora ferox,FALSE,1114792,mammalia,perissodactyla,equidae,Psorophora ferox,VectorMap,BloodMealMap,blood_meal,Brazil; Panama; Unites States,,5
Equus ferus,Wyeomyia davisi,FALSE,1114792,mammalia,perissodactyla,equidae,Wyeomyia davisi,VectorMap,BloodMealMap,blood_meal,Brazil,,1
Equus ferus,Wyeomyia deanei,FALSE,1114792,mammalia,perissodactyla,equidae,Wyeomyia deanei,VectorMap,BloodMealMap,blood_meal,Brazil,,1
Equus ferus,Wyeomyia theobaldi,FALSE,1114792,mammalia,perissodactyla,equidae,Wyeomyia theobaldi,VectorMap,BloodMealMap,blood_meal,Brazil,,1
Erinaceus europaeus,Archaeopsylla erinacei,FALSE,9365,mammalia,eulipotyphla,erinaceidae,Archaeopsylla erinacei erinacei,VectorMap,FleaMap,on_host_occurrence,Germany; Ireland; Israel; Netherlands; Turkey; United Kingdom; United States,,38
Erinaceus europaeus,Ctenocephalides felis,FALSE,9365,mammalia,eulipotyphla,erinaceidae,Ctenocephalides felis,VectorMap,FleaMap,on_host_occurrence,Germany,,1
Erythrocebus patas,Amblyomma variegatum,FALSE,9538,mammalia,primates,cercopithecidae,Amblyomma variegatum,VectorMap,TickMap,on_host_occurrence,Cameroon,,1
Erythrocebus patas,Ctenocephalides felis,FALSE,9538,mammalia,primates,cercopithecidae,Ctenocephalides felis,VectorMap,FleaMap,on_host_occurrence,Sudan,,2
Erythrocebus patas,Rhipicephalus moucheti,FALSE,9538,mammalia,primates,cercopithecidae,Rhipicephalus moucheti,VectorMap,TickMap,on_host_occurrence,Cameroon,,1
Erythrocebus patas,Rhipicephalus sanguineus,FALSE,9538,mammalia,primates,cercopithecidae,Rhipicephalus sanguineus,VectorMap,TickMap,on_host_occurrence,Burkina Faso,,1
Erythrocebus patas,Rhipicephalus sulcatus,FALSE,9538,mammalia,primates,cercopithecidae,Rhipicephalus sulcatus,VectorMap,TickMap,on_host_occurrence,Burkina Faso,,1
Euphagus cyanocephalus,Culex pipiens,FALSE,84817,aves,passeriformes,icteridae,Culex pipiens,VectorMap,BloodMealMap,blood_meal,Unites States,,5
Euphagus cyanocephalus,Culex stigmatosoma,FALSE,84817,aves,passeriformes,icteridae,Culex stigmatosoma,VectorMap,BloodMealMap,blood_meal,Unites States,,2
Euphagus cyanocephalus,Culex tarsalis,FALSE,84817,aves,passeriformes,icteridae,Culex tarsalis,VectorMap,BloodMealMap,blood_meal,Unites States,,3
Eupodotis senegalensis,Amblyomma variegatum,FALSE,89385,aves,otidiformes,otididae,Amblyomma variegatum,VectorMap,TickMap,on_host_occurrence,Burkina Faso,,1
Eupodotis senegalensis,Hyalomma rufipes,FALSE,89385,aves,otidiformes,otididae,Hyalomma rufipes,VectorMap,TickMap,on_host_occurrence,Burkina Faso,,1
Falco peregrinus,Culex pipiens,FALSE,8954,aves,falconiformes,falconidae,Culex pipiens,VectorMap,BloodMealMap,blood_meal,Unites States,,1
Falco sparverius,Culex pipiens,FALSE,56350,aves,falconiformes,falconidae,Culex pipiens,VectorMap,BloodMealMap,blood_meal,Unites States,,4
Falco sparverius,Culex quinquefasciatus,FALSE,56350,aves,falconiformes,falconidae,Culex quinquefasciatus,VectorMap,BloodMealMap,blood_meal,Unites States,,1
Falco sparverius,Culex stigmatosoma,FALSE,56350,aves,falconiformes,falconidae,Culex stigmatosoma,VectorMap,BloodMealMap,blood_meal,Unites States,,1
Falco sparverius,Culex tarsalis,FALSE,56350,aves,falconiformes,falconidae,Culex tarsalis,VectorMap,BloodMealMap,blood_meal,Unites States,,4
Falco sparverius,Oropsylla rupestris,FALSE,56350,aves,falconiformes,falconidae,Oropsylla rupestris,VectorMap,FleaMap,on_host_occurrence,United States,,1
Falco tinnunculus,Hyalomma aegyptium,FALSE,100819,aves,falconiformes,falconidae,Hyalomma aegyptium,VectorMap,TickMap,on_host_occurrence,Morocco,,1
Felis catus,Aedes aegypti,FALSE,9685,mammalia,carnivora,felidae,Aedes aegypti,VectorMap,BloodMealMap,blood_meal,Australia; Thailand; Unites States,,4
Felis catus,Aedes albopictus,FALSE,9685,mammalia,carnivora,felidae,Aedes albopictus,VectorMap,BloodMealMap,blood_meal,Japan; Singapore; Unites States,,6
Felis catus,Aedes atlanticus,FALSE,9685,mammalia,carnivora,felidae,Aedes atlanticus,VectorMap,BloodMealMap,blood_meal,Unites States,,1
Felis catus,Aedes canadensis,FALSE,9685,mammalia,carnivora,felidae,Aedes canadensis,VectorMap,BloodMealMap,blood_meal,Unites States,,2
Felis catus,Aedes cantator,FALSE,9685,mammalia,carnivora,felidae,Aedes cantator,VectorMap,BloodMealMap,blood_meal,Unites States,,1
Felis catus,Aedes caspius,FALSE,9685,mammalia,carnivora,felidae,Aedes caspius,VectorMap,BloodMealMap,blood_meal,Russia,,1
Felis catus,Aedes cinereus,FALSE,9685,mammalia,carnivora,felidae,Aedes cinereus,VectorMap,BloodMealMap,blood_meal,Unites States,,1
Felis catus,Aedes excrucians,FALSE,9685,mammalia,carnivora,felidae,Aedes excrucians,VectorMap,BloodMealMap,blood_meal,Unites States,,1
Felis catus,Aedes flavescens,FALSE,9685,mammalia,carnivora,felidae,Aedes flavescens,VectorMap,BloodMealMap,blood_meal,Unites States,,1
Felis catus,Aedes hendersoni,FALSE,9685,mammalia,carnivora,felidae,Aedes hendersoni,VectorMap,BloodMealMap,blood_meal,Unites States,,1
Felis catus,Aedes increpitus,FALSE,9685,mammalia,carnivora,felidae,Aedes increpitus,VectorMap,BloodMealMap,blood_meal,Unites States,,1
Felis catus,Aedes japonicus,FALSE,9685,mammalia,carnivora,felidae,Aedes japonicus,VectorMap,BloodMealMap,blood_meal,Unites States,,1
Felis catus,Aedes notoscriptus,FALSE,9685,mammalia,carnivora,felidae,Aedes notoscriptus,VectorMap,BloodMealMap,blood_meal,Australia,,1
Felis catus,Aedes scapularis,FALSE,9685,mammalia,carnivora,felidae,Aedes scapularis,VectorMap,BloodMealMap,blood_meal,Brazil,,1
Felis catus,Aedes sierrensis,FALSE,9685,mammalia,carnivora,felidae,Aedes sierrensis,VectorMap,BloodMealMap,blood_meal,Unites States,,2
Felis catus,Aedes sticticus,FALSE,9685,mammalia,carnivora,felidae,Aedes sticticus,VectorMap,BloodMealMap,blood_meal,Unites States,,1
Felis catus,Aedes stimulans,FALSE,9685,mammalia,carnivora,felidae,Aedes stimulans,VectorMap,BloodMealMap,blood_meal,Unites States,,1
Felis catus,Aedes triseriatus,FALSE,9685,mammalia,carnivora,felidae,Aedes triseriatus,VectorMap,BloodMealMap,blood_meal,Unites States,,4
Felis catus,Aedes trivittatus,FALSE,9685,mammalia,carnivora,felidae,Aedes trivittatus,VectorMap,BloodMealMap,blood_meal,Unites States,,4
Felis catus,Aedes vexans,FALSE,9685,mammalia,carnivora,felidae,Aedes vexans,VectorMap,BloodMealMap,blood_meal,Russia; Switzerland; Unites States,,7
Felis catus,Aedes vigilax,FALSE,9685,mammalia,carnivora,felidae,Aedes vigilax,VectorMap,BloodMealMap,blood_meal,Australia,,1
Felis catus,Amblyomma americanum,FALSE,9685,mammalia,carnivora,felidae,Amblyomma americanum,VectorMap,TickMap,on_host_occurrence,United States of America,,116
Felis catus,Amblyomma maculatum,FALSE,9685,mammalia,carnivora,felidae,Amblyomma maculatum,VectorMap,TickMap,on_host_occurrence,United States of America,,8
Felis catus,Amblyomma nuttalli,FALSE,9685,mammalia,carnivora,felidae,Amblyomma nuttalli,VectorMap,TickMap,on_host_occurrence,Benin,,1
Felis catus,Amblyomma variegatum,FALSE,9685,mammalia,carnivora,felidae,Amblyomma variegatum,VectorMap,TickMap,on_host_occurrence,Benin,,1
Felis catus,Anopheles annulipes,FALSE,9685,mammalia,carnivora,felidae,Anopheles annulipes,VectorMap,BloodMealMap,blood_meal,Australia,,1
Felis catus,Anopheles coustani,FALSE,9685,mammalia,carnivora,felidae,Anopheles coustani,VectorMap,BloodMealMap,blood_meal,Madagascar,,1
Felis catus,Anopheles freeborni,FALSE,9685,mammalia,carnivora,felidae,Anopheles freeborni,VectorMap,BloodMealMap,blood_meal,Unites States,,2
Felis catus,Anopheles funestus,FALSE,9685,mammalia,carnivora,felidae,Anopheles funestus,VectorMap,BloodMealMap,blood_meal,Madagascar; Tanzania,,2
Felis catus,Anopheles messeae,FALSE,9685,mammalia,carnivora,felidae,Anopheles messeae,VectorMap,BloodMealMap,blood_meal,Russia,,1
Felis catus,Anopheles peryassui,FALSE,9685,mammalia,carnivora,felidae,Anopheles peryassui,VectorMap,BloodMealMap,blood_meal,Brazil,,1
Felis catus,Anopheles punctipennis,FALSE,9685,mammalia,carnivora,felidae,Anopheles punctipennis,VectorMap,BloodMealMap,blood_meal,Unites States,,2
Felis catus,Anopheles quadrimaculatus,FALSE,9685,mammalia,carnivora,felidae,Anopheles quadrimaculatus,VectorMap,BloodMealMap,blood_meal,Unites States,,1
Felis catus,Anopheles vestitipennis,FALSE,9685,mammalia,carnivora,felidae,Anopheles vestitipennis,VectorMap,BloodMealMap,blood_meal,Belize,,1
Felis catus,Argas vespertilionis,FALSE,9685,mammalia,carnivora,felidae,Argas vespertilionis,VectorMap,TickMap,on_host_occurrence,South Africa,,1
Felis catus,Coquillettidia shannoni,FALSE,9685,mammalia,carnivora,felidae,Coquillettidia shannoni,VectorMap,BloodMealMap,blood_meal,Brazil,,1
Felis catus,Coquillettidia xanthogaster,FALSE,9685,mammalia,carnivora,felidae,Coquillettidia xanthogaster,VectorMap,BloodMealMap,blood_meal,Australia,,1
Felis catus,Ctenocephalides canis,FALSE,9685,mammalia,carnivora,felidae,Ctenocephalides canis,VectorMap,FleaMap,on_host_occurrence,Kenya,,1
Felis catus,Ctenocephalides felis,FALSE,9685,mammalia,carnivora,felidae,Ctenocephalides felis,VectorMap,FleaMap,on_host_occurrence,Australia; France; Iraq; Japan; Kenya; United States; Vietnam; Yemen,,57
Felis catus,Culex annulirostris,FALSE,9685,mammalia,carnivora,felidae,Culex annulirostris,VectorMap,BloodMealMap,blood_meal,Australia,,10
Felis catus,Culex declarator,FALSE,9685,mammalia,carnivora,felidae,Culex declarator,VectorMap,BloodMealMap,blood_meal,Trinidad & Tobago,,1
Felis catus,Culex gelidus,FALSE,9685,mammalia,carnivora,felidae,Culex gelidus,VectorMap,BloodMealMap,blood_meal,Singapore,,1
Felis catus,Culex globocoxitus,FALSE,9685,mammalia,carnivora,felidae,Culex globocoxitus,VectorMap,BloodMealMap,blood_meal,Australia,,2
Felis catus,Culex hortensis,FALSE,9685,mammalia,carnivora,felidae,Culex hortensis,VectorMap,BloodMealMap,blood_meal,Switzerland,,1
Felis catus,Culex perexiguus,FALSE,9685,mammalia,carnivora,felidae,Culex perexiguus,VectorMap,BloodMealMap,blood_meal,Israel,,1
Felis catus,Culex pipiens,FALSE,9685,mammalia,carnivora,felidae,Culex pipiens,VectorMap,BloodMealMap,blood_meal,Czechia; Egypt; Israel; Russia; Serbia; Unites States,,10
Felis catus,Culex quinquefasciatus,FALSE,9685,mammalia,carnivora,felidae,Culex quinquefasciatus,VectorMap,BloodMealMap,blood_meal,Australia; Brazil; Japan; Mexico; Unites States,,11
Felis catus,Culex salinarius,FALSE,9685,mammalia,carnivora,felidae,Culex salinarius,VectorMap,BloodMealMap,blood_meal,Unites States,,1
Felis catus,Culex tarsalis,FALSE,9685,mammalia,carnivora,felidae,Culex tarsalis,VectorMap,BloodMealMap,blood_meal,Unites States,,4
Felis catus,Culex thalassius,FALSE,9685,mammalia,carnivora,felidae,Culex thalassius,VectorMap,BloodMealMap,blood_meal,The Gambia,,1
Felis catus,Culex theileri,FALSE,9685,mammalia,carnivora,felidae,Culex theileri,VectorMap,BloodMealMap,blood_meal,ESP,,1
Felis catus,Culex uniformis,FALSE,9685,mammalia,carnivora,felidae,Culex uniformis,VectorMap,BloodMealMap,blood_meal,Unites States,,1
Felis catus,Culex vishnui,FALSE,9685,mammalia,carnivora,felidae,Culex vishnui,VectorMap,BloodMealMap,blood_meal,Singapore,,1
Felis catus,Culiseta annulata,FALSE,9685,mammalia,carnivora,felidae,Culiseta annulata,VectorMap,BloodMealMap,blood_meal,Russia,,1
Felis catus,Culiseta inornata,FALSE,9685,mammalia,carnivora,felidae,Culiseta inornata,VectorMap,BloodMealMap,blood_meal,Unites States,,1
Felis catus,Culiseta melanura,FALSE,9685,mammalia,carnivora,felidae,Culiseta melanura,VectorMap,BloodMealMap,blood_meal,Unites States,,2
Felis catus,Deinocerites cancer,FALSE,9685,mammalia,carnivora,felidae,Deinocerites cancer,VectorMap,BloodMealMap,blood_meal,Panama,,1
Felis catus,Deinocerites epitedeus,FALSE,9685,mammalia,carnivora,felidae,Deinocerites epitedeus,VectorMap,BloodMealMap,blood_meal,Panama,,1
Felis catus,Dermacentor reticulatus,FALSE,9685,mammalia,carnivora,felidae,Dermacentor reticulatus,VectorMap,TickMap,on_host_occurrence,Georgia,,1
Felis catus,Dermacentor variabilis,FALSE,9685,mammalia,carnivora,felidae,Dermacentor variabilis,VectorMap,TickMap,on_host_occurrence,United States of America,,32
Felis catus,Echidnophaga gallinacea,FALSE,9685,mammalia,carnivora,felidae,Echidnophaga gallinacea,VectorMap,FleaMap,on_host_occurrence,Kenya; United States,,12
Felis catus,Haemaphysalis bancrofti,FALSE,9685,mammalia,carnivora,felidae,Haemaphysalis bancrofti,VectorMap,TickMap,on_host_occurrence,Australia,,1
Felis catus,Haemaphysalis leachi,FALSE,9685,mammalia,carnivora,felidae,Haemaphysalis leachi,VectorMap,TickMap,on_host_occurrence,"Benin; Cameroon; Congo, The Democratic Republic of The; Cote D'Ivoire; Mali; Rwanda; Senegal; Sudan; Togo",,17
Felis catus,Haemaphysalis leporispalustris,FALSE,9685,mammalia,carnivora,felidae,Haemaphysalis leporispalustris,VectorMap,TickMap,on_host_occurrence,United States of America,,24
Felis catus,Haemaphysalis moreli,FALSE,9685,mammalia,carnivora,felidae,Haemaphysalis moreli,VectorMap,TickMap,on_host_occurrence,Central African Republic; Cote D'Ivoire; Liberia; Uganda,,4
Felis catus,Haemaphysalis paraleachi,FALSE,9685,mammalia,carnivora,felidae,Haemaphysalis paraleachi,VectorMap,TickMap,on_host_occurrence,Cote D'Ivoire; Liberia; Sudan,,3
Felis catus,Haemaphysalis parmata,FALSE,9685,mammalia,carnivora,felidae,Haemaphysalis parmata,VectorMap,TickMap,on_host_occurrence,Cote D'Ivoire,,1
Felis catus,Haemaphysalis spinulosa,FALSE,9685,mammalia,carnivora,felidae,Haemaphysalis spinulosa,VectorMap,TickMap,on_host_occurrence,"Congo, The Democratic Republic of The; Sudan; Zambia",,4
Felis catus,Hyalomma impressum,FALSE,9685,mammalia,carnivora,felidae,Hyalomma impressum,VectorMap,TickMap,on_host_occurrence,South Africa,,1
Felis catus,Ixodes cookei,FALSE,9685,mammalia,carnivora,felidae,Ixodes cookei,VectorMap,TickMap,on_host_occurrence,United States of America,,8
Felis catus,Ixodes cornuatus,FALSE,9685,mammalia,carnivora,felidae,Ixodes cornuatus,VectorMap,TickMap,on_host_occurrence,Australia,,1
Felis catus,Ixodes cumulatimpunctatus,FALSE,9685,mammalia,carnivora,felidae,Ixodes cumulatimpunctatus,VectorMap,TickMap,on_host_occurrence,Cote D'Ivoire,,1
Felis catus,Ixodes hirsti,FALSE,9685,mammalia,carnivora,felidae,Ixodes hirsti,VectorMap,TickMap,on_host_occurrence,Australia,,1
Felis catus,Ixodes holocyclus,FALSE,9685,mammalia,carnivora,felidae,Ixodes holocyclus,VectorMap,TickMap,on_host_occurrence,Australia,,35
Felis catus,Ixodes moreli,FALSE,9685,mammalia,carnivora,felidae,Ixodes moreli,VectorMap,TickMap,on_host_occurrence,Cote D'Ivoire,,1
Felis catus,Ixodes muniensis,FALSE,9685,mammalia,carnivora,felidae,Ixodes muniensis,VectorMap,TickMap,on_host_occurrence,Cote D'Ivoire,,1
Felis catus,Ixodes myrmecobii,FALSE,9685,mammalia,carnivora,felidae,Ixodes myrmecobii,VectorMap,TickMap,on_host_occurrence,Australia,,1
Felis catus,Ixodes oldi,FALSE,9685,mammalia,carnivora,felidae,Ixodes oldi,VectorMap,TickMap,on_host_occurrence,Cote D'Ivoire,,1
Felis catus,Ixodes scapularis,FALSE,9685,mammalia,carnivora,felidae,Ixodes scapularis,VectorMap,TickMap,on_host_occurrence,United States of America,,23
Felis catus,Ixodes tasmani,FALSE,9685,mammalia,carnivora,felidae,Ixodes tasmani,VectorMap,TickMap,on_host_occurrence,Australia,,9
Felis catus,Mansonia africana,FALSE,9685,mammalia,carnivora,felidae,Mansonia africana,VectorMap,BloodMealMap,blood_meal,Kenya,,1
Felis catus,Mansonia titillans,FALSE,9685,mammalia,carnivora,felidae,Mansonia titillans,VectorMap,BloodMealMap,blood_meal,Brazil,,1
Felis catus,Ornithodoros talaje,FALSE,9685,mammalia,carnivora,felidae,Ornithodoros talaje,VectorMap,TickMap,on_host_occurrence,Panama,,3
Felis catus,Otobius lagophilus,FALSE,9685,mammalia,carnivora,felidae,Otobius lagophilus,VectorMap,TickMap,on_host_occurrence,Canada,,1
Felis catus,Otobius megnini,FALSE,9685,mammalia,carnivora,felidae,Otobius megnini,VectorMap,TickMap,on_host_occurrence,Canada; United States; Zambia,,3
Felis catus,Psorophora albipes,FALSE,9685,mammalia,carnivora,felidae,Psorophora albipes,VectorMap,BloodMealMap,blood_meal,Trinidad & Tobago,,1
Felis catus,Psorophora columbiae,FALSE,9685,mammalia,carnivora,felidae,Psorophora columbiae,VectorMap,BloodMealMap,blood_meal,Unites States,,1
Felis catus,Psorophora ferox,FALSE,9685,mammalia,carnivora,felidae,Psorophora ferox,VectorMap,BloodMealMap,blood_meal,Unites States,,1
Felis catus,Psorophora signipennis,FALSE,9685,mammalia,carnivora,felidae,Psorophora signipennis,VectorMap,BloodMealMap,blood_meal,Unites States,,1
Felis catus,Rhipicephalus appendiculatus,FALSE,9685,mammalia,carnivora,felidae,Rhipicephalus appendiculatus,VectorMap,TickMap,on_host_occurrence,South Africa,,1
Felis catus,Rhipicephalus geigyi,FALSE,9685,mammalia,carnivora,felidae,Rhipicephalus geigyi,VectorMap,TickMap,on_host_occurrence,Cote D'Ivoire,,1
Felis catus,Rhipicephalus guilhoni,FALSE,9685,mammalia,carnivora,felidae,Rhipicephalus guilhoni,VectorMap,TickMap,on_host_occurrence,Cameroon,,1
Felis catus,Rhipicephalus sanguineus,FALSE,9685,mammalia,carnivora,felidae,Rhipicephalus sanguineus,VectorMap,TickMap,on_host_occurrence,Australia; Benin; Mali; Senegal; United States of America,,13
Felis catus,Rhipicephalus sulcatus,FALSE,9685,mammalia,carnivora,felidae,Rhipicephalus sulcatus,VectorMap,TickMap,on_host_occurrence,Malawi,,1
Felis catus,Rhipicephalus turanicus,FALSE,9685,mammalia,carnivora,felidae,Rhipicephalus turanicus,VectorMap,TickMap,on_host_occurrence,Djibouti,,1
Felis catus,Xenopsylla cheopis,FALSE,9685,mammalia,carnivora,felidae,Xenopsylla cheopis,VectorMap,FleaMap,on_host_occurrence,United States,,1
Felis nigripes,Amblyomma hebraeum,FALSE,61379,mammalia,carnivora,felidae,Amblyomma hebraeum,VectorMap,TickMap,on_host_occurrence,South Africa,,1
Felis nigripes,Echidnophaga gallinacea,FALSE,61379,mammalia,carnivora,felidae,Echidnophaga gallinacea,VectorMap,FleaMap,on_host_occurrence,South Africa,,35
Felis silvestris,Amblyomma lepidum,FALSE,9683,mammalia,carnivora,felidae,Amblyomma lepidum,VectorMap,TickMap,on_host_occurrence,Sudan,,1
Felis silvestris,Amblyomma sparsum,FALSE,9683,mammalia,carnivora,felidae,Amblyomma sparsum,VectorMap,TickMap,on_host_occurrence,Zambia,,10
Felis silvestris,Ctenocephalides felis,FALSE,9683,mammalia,carnivora,felidae,Ctenocephalides felis,VectorMap,FleaMap,on_host_occurrence,Iraq; Senegal,,3
Felis silvestris,Ctenocephalides felis,TRUE,9683,mammalia,carnivora,felidae,Ctenocephalides felis strongylus,VectorMap,FleaMap,on_host_occurrence,Burkina Faso,,3
Felis silvestris,Dermacentor variabilis,FALSE,9683,mammalia,carnivora,felidae,Dermacentor variabilis,VectorMap,TickMap,on_host_occurrence,United States of America,,8
Felis silvestris,Echidnophaga gallinacea,FALSE,9683,mammalia,carnivora,felidae,Echidnophaga gallinacea,VectorMap,FleaMap,on_host_occurrence,Botswana; Namibia,,18
Felis silvestris,Haemaphysalis leachi,FALSE,9683,mammalia,carnivora,felidae,Haemaphysalis leachi,VectorMap,TickMap,on_host_occurrence,"Cameroon; Congo, The Democratic Republic of The; Sudan",,3
Felis silvestris,Haemaphysalis moreli,FALSE,9683,mammalia,carnivora,felidae,Haemaphysalis moreli,VectorMap,TickMap,on_host_occurrence,Kenya,,1
Felis silvestris,Haemaphysalis paraleachi,FALSE,9683,mammalia,carnivora,felidae,Haemaphysalis paraleachi,VectorMap,TickMap,on_host_occurrence,Sudan,,1
Felis silvestris,Haemaphysalis spinulosa,FALSE,9683,mammalia,carnivora,felidae,Haemaphysalis spinulosa,VectorMap,TickMap,on_host_occurrence,Namibia; Sudan,,3
Felis silvestris,Ixodes pilosus,FALSE,9683,mammalia,carnivora,felidae,Ixodes pilosus,VectorMap,TickMap,on_host_occurrence,South Africa,,1
Felis silvestris,Ixodes scapularis,FALSE,9683,mammalia,carnivora,felidae,Ixodes scapularis,VectorMap,TickMap,on_host_occurrence,United States of America,,13
Felis silvestris,Rhipicentor bicornis,FALSE,9683,mammalia,carnivora,felidae,Rhipicentor bicornis,VectorMap,TickMap,on_host_occurrence,Namibia,,1
Felis silvestris,Rhipicentor nuttalli,FALSE,9683,mammalia,carnivora,felidae,Rhipicentor nuttalli,VectorMap,TickMap,on_host_occurrence,Zimbabwe,,23
Felis silvestris,Rhipicephalus guilhoni,FALSE,9683,mammalia,carnivora,felidae,Rhipicephalus guilhoni,VectorMap,TickMap,on_host_occurrence,Cameroon,,1
Felis silvestris,Rhipicephalus sanguineus,FALSE,9683,mammalia,carnivora,felidae,Rhipicephalus sanguineus,VectorMap,TickMap,on_host_occurrence,Ghana; Namibia; Senegal; Sudan,,4
Felis silvestris,Rhipicephalus simus,FALSE,9683,mammalia,carnivora,felidae,Rhipicephalus simus,VectorMap,TickMap,on_host_occurrence,Zimbabwe,,344
Felis silvestris,Xenopsylla cheopis,FALSE,9683,mammalia,carnivora,felidae,Xenopsylla cheopis,VectorMap,FleaMap,on_host_occurrence,Burkina Faso,,3
Fringilla coelebs,Culex modestus,FALSE,37598,aves,passeriformes,fringillidae,Culex modestus,VectorMap,BloodMealMap,blood_meal,Czechia,,1
Fringilla coelebs,Culex pipiens,FALSE,37598,aves,passeriformes,fringillidae,Culex pipiens,VectorMap,BloodMealMap,blood_meal,Czechia,,1
Funisciurus anerythrus,Ixodes browningi,FALSE,1235483,mammalia,rodentia,sciuridae,Ixodes browningi,VectorMap,TickMap,on_host_occurrence,"Congo, The Democratic Republic of The",,1
Gallinula chloropus,Aedes serratus,FALSE,9123,aves,gruiformes,rallidae,Aedes serratus,VectorMap,BloodMealMap,blood_meal,Peru,,1
Gallinula chloropus,Culex bitaeniorhynchus,FALSE,9123,aves,gruiformes,rallidae,Culex bitaeniorhynchus,VectorMap,BloodMealMap,blood_meal,Singapore,,1
Gallinula chloropus,Culex erraticus,FALSE,9123,aves,gruiformes,rallidae,Culex erraticus,VectorMap,BloodMealMap,blood_meal,Unites States,,2
Gallinula chloropus,Culex vishnui,FALSE,9123,aves,gruiformes,rallidae,Culex vishnui,VectorMap,BloodMealMap,blood_meal,Singapore,,1
Gallus gallus,Aedes aegypti,FALSE,9031,aves,galliformes,phasianidae,Aedes aegypti,VectorMap,BloodMealMap,blood_meal,Kenya; Thailand; Unites States,,3
Gallus gallus,Aedes albopictus,FALSE,9031,aves,galliformes,phasianidae,Aedes albopictus,VectorMap,BloodMealMap,blood_meal,Unites States,,1
Gallus gallus,Aedes caspius,FALSE,9031,aves,galliformes,phasianidae,Aedes caspius,VectorMap,BloodMealMap,blood_meal,Russia,,1
Gallus gallus,Aedes dorsalis,FALSE,9031,aves,galliformes,phasianidae,Aedes dorsalis,VectorMap,BloodMealMap,blood_meal,Unites States,,1
Gallus gallus,Aedes hirsutus,FALSE,9031,aves,galliformes,phasianidae,Aedes hirsutus,VectorMap,BloodMealMap,blood_meal,Kenya,,2
Gallus gallus,Aedes japonicus,FALSE,9031,aves,galliformes,phasianidae,Aedes japonicus,VectorMap,BloodMealMap,blood_meal,Switzerland,,1
Gallus gallus,Aedes metallicus,FALSE,9031,aves,galliformes,phasianidae,Aedes metallicus,VectorMap,BloodMealMap,blood_meal,Kenya,,1
Gallus gallus,Aedes notoscriptus,FALSE,9031,aves,galliformes,phasianidae,Aedes notoscriptus,MapVEu; VectorMap,BloodMealMap; MapVEu,blood_meal,Australia,,2
Gallus gallus,Aedes scapularis,FALSE,9031,aves,galliformes,phasianidae,Aedes scapularis,VectorMap,BloodMealMap,blood_meal,Brazil,,1
Gallus gallus,Aedes taeniorhynchus,FALSE,9031,aves,galliformes,phasianidae,Aedes taeniorhynchus,VectorMap,BloodMealMap,blood_meal,Brazil; Puerto Rico,,2
Gallus gallus,Aedes vexans,FALSE,9031,aves,galliformes,phasianidae,Aedes vexans,VectorMap,BloodMealMap,blood_meal,Japan; Russia; Unites States,,7
Gallus gallus,Aedes vittatus,FALSE,9031,aves,galliformes,phasianidae,Aedes vittatus,VectorMap,BloodMealMap,blood_meal,Kenya,,1
Gallus gallus,Amblyomma americanum,FALSE,9031,aves,galliformes,phasianidae,Amblyomma americanum,VectorMap,TickMap,on_host_occurrence,United States of America,,16
Gallus gallus,Amblyomma variegatum,FALSE,9031,aves,galliformes,phasianidae,Amblyomma variegatum,VectorMap,TickMap,on_host_occurrence,Benin; Cote D'Ivoire; Sudan,,4
Gallus gallus,Anopheles annulipes,FALSE,9031,aves,galliformes,phasianidae,Anopheles annulipes,MapVEu; VectorMap,BloodMealMap; MapVEu,blood_meal,Australia,,2
Gallus gallus,Anopheles arabiensis,FALSE,9031,aves,galliformes,phasianidae,Anopheles arabiensis,MapVEu; VectorMap,BloodMealMap; MapVEu,blood_meal,Ethiopia; Kenya,,6
Gallus gallus,Anopheles atroparvus,FALSE,9031,aves,galliformes,phasianidae,Anopheles atroparvus,MapVEu; VectorMap,BloodMealMap; MapVEu,blood_meal,ESP; United Kingdom,,17
Gallus gallus,Anopheles coustani,FALSE,9031,aves,galliformes,phasianidae,Anopheles coustani,MapVEu; VectorMap,BloodMealMap; MapVEu,blood_meal,Ethiopia; Kenya,,8
Gallus gallus,Anopheles darlingi,FALSE,9031,aves,galliformes,phasianidae,Anopheles darlingi,VectorMap,BloodMealMap,blood_meal,Brazil,,2
Gallus gallus,Anopheles funestus,FALSE,9031,aves,galliformes,phasianidae,Anopheles funestus,MapVEu; VectorMap,BloodMealMap; MapVEu,blood_meal,Kenya,,4
Gallus gallus,Anopheles gambiae,FALSE,9031,aves,galliformes,phasianidae,Anopheles gambiae,MapVEu; VectorMap,BloodMealMap; MapVEu,blood_meal,Kenya; Senegal,,8
Gallus gallus,Anopheles hyrcanus,FALSE,9031,aves,galliformes,phasianidae,Anopheles hyrcanus,VectorMap,BloodMealMap,blood_meal,Serbia,,1
Gallus gallus,Anopheles maculipennis,FALSE,9031,aves,galliformes,phasianidae,Anopheles maculipennis,VectorMap,BloodMealMap,blood_meal,United Kingdom,,1
Gallus gallus,Anopheles maculipennis sensu lato BTLHVDV-2014,TRUE,9031,aves,galliformes,phasianidae,Anopheles maculipennis sensu lato BTLHVDV-2014,MapVEu,MapVEu,blood_meal,United Kingdom,vector_sensu_lato,21
Gallus gallus,Anopheles marajoara,FALSE,9031,aves,galliformes,phasianidae,Anopheles marajoara,VectorMap,BloodMealMap,blood_meal,Brazil,,1
Gallus gallus,Anopheles messeae,FALSE,9031,aves,galliformes,phasianidae,Anopheles messeae,VectorMap,BloodMealMap,blood_meal,Russia,,3
Gallus gallus,Anopheles messeae x Anopheles daciae,TRUE,9031,aves,galliformes,phasianidae,Anopheles messeae x Anopheles daciae,MapVEu,MapVEu,blood_meal,United Kingdom,vector_hybrid,23
Gallus gallus,Anopheles nuneztovari,FALSE,9031,aves,galliformes,phasianidae,Anopheles nuneztovari,VectorMap,BloodMealMap,blood_meal,Brazil,,2
Gallus gallus,Anopheles pharoensis,FALSE,9031,aves,galliformes,phasianidae,Anopheles pharoensis,MapVEu,MapVEu,blood_meal,Ethiopia,,2
Gallus gallus,Anopheles quadrimaculatus,FALSE,9031,aves,galliformes,phasianidae,Anopheles quadrimaculatus,VectorMap,BloodMealMap,blood_meal,Unites States,,1
Gallus gallus,Anopheles triannulatus,FALSE,9031,aves,galliformes,phasianidae,Anopheles triannulatus,VectorMap,BloodMealMap,blood_meal,Brazil,,1
Gallus gallus,Argas persicus,FALSE,9031,aves,galliformes,phasianidae,Argas persicus,VectorMap,TickMap,on_host_occurrence,Algeria; Cameroon; Chad; Cote D'Ivoire; Egypt; Mali; Morocco; Namibia; Nigeria; South Africa; Sudan; United States,,26
Gallus gallus,Argas walkerae,FALSE,9031,aves,galliformes,phasianidae,Argas walkerae,VectorMap,TickMap,on_host_occurrence,Zimbabwe,,33
Gallus gallus,Coquillettidia richiardii,FALSE,9031,aves,galliformes,phasianidae,Coquillettidia richiardii,VectorMap,BloodMealMap,blood_meal,Russia,,1
Gallus gallus,Coquillettidia venezuelensis,FALSE,9031,aves,galliformes,phasianidae,Coquillettidia venezuelensis,VectorMap,BloodMealMap,blood_meal,Brazil; Panama,,2
Gallus gallus,Ctenocephalides felis,FALSE,9031,aves,galliformes,phasianidae,Ctenocephalides felis,VectorMap,FleaMap,on_host_occurrence,United States,,1
Gallus gallus,Culex amazonensis,FALSE,9031,aves,galliformes,phasianidae,Culex amazonensis,VectorMap,BloodMealMap,blood_meal,Brazil,,1
Gallus gallus,Culex antennatus,FALSE,9031,aves,galliformes,phasianidae,Culex antennatus,VectorMap,BloodMealMap,blood_meal,Senegal,,1
Gallus gallus,Culex aureonotatus,FALSE,9031,aves,galliformes,phasianidae,Culex aureonotatus,VectorMap,BloodMealMap,blood_meal,Brazil,,1
Gallus gallus,Culex bidens,FALSE,9031,aves,galliformes,phasianidae,Culex bidens,VectorMap,BloodMealMap,blood_meal,Brazil,,1
Gallus gallus,Culex bitaeniorhynchus,FALSE,9031,aves,galliformes,phasianidae,Culex bitaeniorhynchus,VectorMap,BloodMealMap,blood_meal,Japan; Singapore,,2
Gallus gallus,Culex chidesteri,FALSE,9031,aves,galliformes,phasianidae,Culex chidesteri,VectorMap,BloodMealMap,blood_meal,Brazil,,1
Gallus gallus,Culex coronator,FALSE,9031,aves,galliformes,phasianidae,Culex coronator,VectorMap,BloodMealMap,blood_meal,Brazil; Guatemala,,2
Gallus gallus,Culex declarator,FALSE,9031,aves,galliformes,phasianidae,Culex declarator,VectorMap,BloodMealMap,blood_meal,Trinidad & Tobago,,1
Gallus gallus,Culex erraticus,FALSE,9031,aves,galliformes,phasianidae,Culex erraticus,VectorMap,BloodMealMap,blood_meal,Unites States,,3
Gallus gallus,Culex erythrothorax,FALSE,9031,aves,galliformes,phasianidae,Culex erythrothorax,VectorMap,BloodMealMap,blood_meal,Unites States,,1
Gallus gallus,Culex gelidus,FALSE,9031,aves,galliformes,phasianidae,Culex gelidus,VectorMap,BloodMealMap,blood_meal,Singapore,,1
Gallus gallus,Culex interrogator,FALSE,9031,aves,galliformes,phasianidae,Culex interrogator,VectorMap,BloodMealMap,blood_meal,Guatemala,,1
Gallus gallus,Culex intrincatus,FALSE,9031,aves,galliformes,phasianidae,Culex intrincatus,VectorMap,BloodMealMap,blood_meal,Brazil,,1
Gallus gallus,Culex lactator,FALSE,9031,aves,galliformes,phasianidae,Culex lactator,VectorMap,BloodMealMap,blood_meal,Guatemala,,1
Gallus gallus,Culex lygrus,FALSE,9031,aves,galliformes,phasianidae,Culex lygrus,VectorMap,BloodMealMap,blood_meal,Brazil,,1
Gallus gallus,Culex mimeticus,FALSE,9031,aves,galliformes,phasianidae,Culex mimeticus,VectorMap,BloodMealMap,blood_meal,Japan,,3
Gallus gallus,Culex modestus,FALSE,9031,aves,galliformes,phasianidae,Culex modestus,VectorMap,BloodMealMap,blood_meal,Russia,,3
Gallus gallus,Culex molestus,FALSE,9031,aves,galliformes,phasianidae,Culex molestus,VectorMap,BloodMealMap,blood_meal,Australia,,1
Gallus gallus,Culex neavei,FALSE,9031,aves,galliformes,phasianidae,Culex neavei,VectorMap,BloodMealMap,blood_meal,Kenya,,1
Gallus gallus,Culex nigripalpus,FALSE,9031,aves,galliformes,phasianidae,Culex nigripalpus,VectorMap,BloodMealMap,blood_meal,Brazil; Guatemala; Panama; Puerto Rico,,4
Gallus gallus,Culex perexiguus,FALSE,9031,aves,galliformes,phasianidae,Culex perexiguus,VectorMap,BloodMealMap,blood_meal,ESP,,1
Gallus gallus,Culex pipiens,FALSE,9031,aves,galliformes,phasianidae,Culex pipiens,MapVEu; VectorMap,BloodMealMap; MapVEu,blood_meal,ESP; Iran; Kenya; Russia; Serbia; South Africa; United Kingdom; Unites States,,27
Gallus gallus,Culex pipiens molestus,TRUE,9031,aves,galliformes,phasianidae,Culex pipiens molestus,MapVEu,MapVEu,blood_meal,Australia,vector_infraspecific,1
Gallus gallus,Culex poicilipes,FALSE,9031,aves,galliformes,phasianidae,Culex poicilipes,VectorMap,BloodMealMap,blood_meal,Kenya; Senegal,,2
Gallus gallus,Culex pseudovishnui,FALSE,9031,aves,galliformes,phasianidae,Culex pseudovishnui,VectorMap,BloodMealMap,blood_meal,Japan,,1
Gallus gallus,Culex quinquefasciatus,FALSE,9031,aves,galliformes,phasianidae,Culex quinquefasciatus,MapVEu; VectorMap,BloodMealMap; MapVEu,blood_meal,Australia; Brazil; Guatemala; Iran; Japan; Kenya; Malaysia; Puerto Rico; Singapore; Unites States,,22
Gallus gallus,Culex salinarius,FALSE,9031,aves,galliformes,phasianidae,Culex salinarius,VectorMap,BloodMealMap,blood_meal,Unites States,,1
Gallus gallus,Culex saltanensis,FALSE,9031,aves,galliformes,phasianidae,Culex saltanensis,VectorMap,BloodMealMap,blood_meal,Brazil,,1
Gallus gallus,Culex shanahani,FALSE,9031,aves,galliformes,phasianidae,Culex shanahani,VectorMap,BloodMealMap,blood_meal,Japan,,1
Gallus gallus,Culex sitiens,FALSE,9031,aves,galliformes,phasianidae,Culex sitiens,VectorMap,BloodMealMap,blood_meal,Iran; Singapore,,4
Gallus gallus,Culex steffani,FALSE,9031,aves,galliformes,phasianidae,Culex steffani,VectorMap,BloodMealMap,blood_meal,Japan,,1
Gallus gallus,Culex stigmatosoma,FALSE,9031,aves,galliformes,phasianidae,Culex stigmatosoma,VectorMap,BloodMealMap,blood_meal,Guatemala; Unites States,,3
Gallus gallus,Culex taeniopus,FALSE,9031,aves,galliformes,phasianidae,Culex taeniopus,VectorMap,BloodMealMap,blood_meal,Guatemala,,1
Gallus gallus,Culex tarsalis,FALSE,9031,aves,galliformes,phasianidae,Culex tarsalis,VectorMap,BloodMealMap,blood_meal,Unites States,,14
Gallus gallus,Culex thalassius,FALSE,9031,aves,galliformes,phasianidae,Culex thalassius,VectorMap,BloodMealMap,blood_meal,Senegal,,1
Gallus gallus,Culex theileri,FALSE,9031,aves,galliformes,phasianidae,Culex theileri,VectorMap,BloodMealMap,blood_meal,ESP; Iran; South Africa,,5
Gallus gallus,Culex theobaldi,FALSE,9031,aves,galliformes,phasianidae,Culex theobaldi,VectorMap,BloodMealMap,blood_meal,Guatemala,,1
Gallus gallus,Culex thriambus,FALSE,9031,aves,galliformes,phasianidae,Culex thriambus,VectorMap,BloodMealMap,blood_meal,Unites States,,1
Gallus gallus,Culex tritaeniorhynchus,FALSE,9031,aves,galliformes,phasianidae,Culex tritaeniorhynchus,VectorMap,BloodMealMap,blood_meal,Japan; Senegal; Singapore,,4
Gallus gallus,Culex uniformis,FALSE,9031,aves,galliformes,phasianidae,Culex uniformis,VectorMap,BloodMealMap,blood_meal,Unites States,,1
Gallus gallus,Culex univittatus,FALSE,9031,aves,galliformes,phasianidae,Culex univittatus,VectorMap,BloodMealMap,blood_meal,Kenya; Senegal; South Africa,,4
Gallus gallus,Culex vansomereni,FALSE,9031,aves,galliformes,phasianidae,Culex vansomereni,VectorMap,BloodMealMap,blood_meal,Kenya,,1
Gallus gallus,Culex vishnui,FALSE,9031,aves,galliformes,phasianidae,Culex vishnui,VectorMap,BloodMealMap,blood_meal,Japan; Singapore,,4
Gallus gallus,Culiseta annulata,FALSE,9031,aves,galliformes,phasianidae,Culiseta annulata,VectorMap,BloodMealMap,blood_meal,Russia,,1
Gallus gallus,Culiseta inornata,FALSE,9031,aves,galliformes,phasianidae,Culiseta inornata,VectorMap,BloodMealMap,blood_meal,Unites States,,2
Gallus gallus,Deinocerites cancer,FALSE,9031,aves,galliformes,phasianidae,Deinocerites cancer,VectorMap,BloodMealMap,blood_meal,Panama,,1
Gallus gallus,Deinocerites epitedeus,FALSE,9031,aves,galliformes,phasianidae,Deinocerites epitedeus,VectorMap,BloodMealMap,blood_meal,Panama,,1
Gallus gallus,Deinocerites pseudes,FALSE,9031,aves,galliformes,phasianidae,Deinocerites pseudes,VectorMap,BloodMealMap,blood_meal,Panama,,1
Gallus gallus,Echidnophaga gallinacea,FALSE,9031,aves,galliformes,phasianidae,Echidnophaga gallinacea,VectorMap,FleaMap,on_host_occurrence,Puerto Rico; United States,,26
Gallus gallus,Haemaphysalis hoodi,FALSE,9031,aves,galliformes,phasianidae,Haemaphysalis hoodi,VectorMap,TickMap,on_host_occurrence,"Congo, The Democratic Republic of The; Cote D'Ivoire; Gambia; Senegal; Uganda",,11
Gallus gallus,Haemaphysalis leporispalustris,FALSE,9031,aves,galliformes,phasianidae,Haemaphysalis leporispalustris,VectorMap,TickMap,on_host_occurrence,United States of America,,16
Gallus gallus,Haemaphysalis parmata,FALSE,9031,aves,galliformes,phasianidae,Haemaphysalis parmata,VectorMap,TickMap,on_host_occurrence,Cote D'Ivoire,,1
Gallus gallus,Hyalomma aegyptium,FALSE,9031,aves,galliformes,phasianidae,Hyalomma aegyptium,VectorMap,TickMap,on_host_occurrence,"Congo, The Democratic Republic of The",,1
Gallus gallus,Limatus durhamii,FALSE,9031,aves,galliformes,phasianidae,Limatus durhamii,VectorMap,BloodMealMap,blood_meal,Brazil,,1
Gallus gallus,Mansonia africana,FALSE,9031,aves,galliformes,phasianidae,Mansonia africana,VectorMap,BloodMealMap,blood_meal,Kenya,,5
Gallus gallus,Mansonia indubitans,FALSE,9031,aves,galliformes,phasianidae,Mansonia indubitans,VectorMap,BloodMealMap,blood_meal,Panama,,1
Gallus gallus,Mansonia titillans,FALSE,9031,aves,galliformes,phasianidae,Mansonia titillans,VectorMap,BloodMealMap,blood_meal,Brazil,,1
Gallus gallus,Mansonia uniformis,FALSE,9031,aves,galliformes,phasianidae,Mansonia uniformis,VectorMap,BloodMealMap,blood_meal,Kenya,,6
Gallus gallus,Ornithodoros talaje,FALSE,9031,aves,galliformes,phasianidae,Ornithodoros talaje,VectorMap,TickMap,on_host_occurrence,Panama,,1
Gallus gallus,Psorophora cingulata,FALSE,9031,aves,galliformes,phasianidae,Psorophora cingulata,VectorMap,BloodMealMap,blood_meal,Panama,,1
Gallus gallus,Psorophora columbiae,FALSE,9031,aves,galliformes,phasianidae,Psorophora columbiae,VectorMap,BloodMealMap,blood_meal,Unites States,,1
Gallus gallus,Psorophora ferox,FALSE,9031,aves,galliformes,phasianidae,Psorophora ferox,VectorMap,BloodMealMap,blood_meal,Panama,,1
Gallus gallus,Psorophora toltecum,FALSE,9031,aves,galliformes,phasianidae,Psorophora toltecum,VectorMap,BloodMealMap,blood_meal,Unites States,,1
Gallus gallus,Rhipicephalus sanguineus,FALSE,9031,aves,galliformes,phasianidae,Rhipicephalus sanguineus,VectorMap,TickMap,on_host_occurrence,Algeria; Cote D'Ivoire,,2
Gallus gallus,Rhipicephalus simus,FALSE,9031,aves,galliformes,phasianidae,Rhipicephalus simus,VectorMap,TickMap,on_host_occurrence,"Congo, The Democratic Republic of The",,1
Gallus gallus,Wyeomyia davisi,FALSE,9031,aves,galliformes,phasianidae,Wyeomyia davisi,VectorMap,BloodMealMap,blood_meal,Brazil,,1
Gallus gallus,Wyeomyia deanei,FALSE,9031,aves,galliformes,phasianidae,Wyeomyia deanei,VectorMap,BloodMealMap,blood_meal,Brazil,,1
Gallus gallus,Wyeomyia forcipenis,FALSE,9031,aves,galliformes,phasianidae,Wyeomyia forcipenis,VectorMap,BloodMealMap,blood_meal,Brazil,,1
Gallus gallus,Wyeomyia theobaldi,FALSE,9031,aves,galliformes,phasianidae,Wyeomyia theobaldi,VectorMap,BloodMealMap,blood_meal,Brazil,,1
Gallus gallus,gambiae species complex,TRUE,9031,aves,galliformes,phasianidae,gambiae species complex,MapVEu,MapVEu,blood_meal,Tanzania,vector_complex,2
Garrulus glandarius,Haemaphysalis punctata,FALSE,56783,aves,passeriformes,corvidae,Haemaphysalis punctata,VectorMap,TickMap,on_host_occurrence,Morocco,,1
Gavia immer,Culex erraticus,FALSE,37039,aves,gaviiformes,gaviidae,Culex erraticus,VectorMap,BloodMealMap,blood_meal,Unites States,,1
Genetta genetta,Ctenocephalides felis,FALSE,94190,mammalia,carnivora,viverridae,Ctenocephalides felis,VectorMap,FleaMap,on_host_occurrence,Senegal,,12
Genetta genetta,Ctenocephalides felis,TRUE,94190,mammalia,carnivora,viverridae,Ctenocephalides felis strongylus,VectorMap,FleaMap,on_host_occurrence,Burkina Faso,,2
Genetta genetta,Echidnophaga gallinacea,FALSE,94190,mammalia,carnivora,viverridae,Echidnophaga gallinacea,VectorMap,FleaMap,on_host_occurrence,Botswana; Namibia; South Africa,,175
Genetta genetta,Haemaphysalis moreli,FALSE,94190,mammalia,carnivora,viverridae,Haemaphysalis moreli,VectorMap,TickMap,on_host_occurrence,"Cameroon; Ethiopia; Gabon; Kenya; Senegal; Sudan; Tanzania, United Republic of",,9
Genetta genetta,Haemaphysalis parmata,FALSE,94190,mammalia,carnivora,viverridae,Haemaphysalis parmata,VectorMap,TickMap,on_host_occurrence,"Congo, The Democratic Republic of The",,1
Genetta genetta,Haemaphysalis spinulosa,FALSE,94190,mammalia,carnivora,viverridae,Haemaphysalis spinulosa,VectorMap,TickMap,on_host_occurrence,"Angola; Congo, The Democratic Republic of The; Namibia",,4
Genetta genetta,Xenopsylla cheopis,FALSE,94190,mammalia,carnivora,viverridae,Xenopsylla cheopis,VectorMap,FleaMap,on_host_occurrence,Burkina Faso,,1
Gymnogyps californianus,Argas reflexus,FALSE,33616,aves,cathartiformes,cathartidae,Argas reflexus,VectorMap,TickMap,on_host_occurrence,United States,,1
Haemorhous mexicanus,Aedes trivittatus,FALSE,30427,aves,passeriformes,fringillidae,Aedes trivittatus,VectorMap,BloodMealMap,blood_meal,Unites States,,1
Haemorhous mexicanus,Aedes vexans,FALSE,30427,aves,passeriformes,fringillidae,Aedes vexans,VectorMap,BloodMealMap,blood_meal,Unites States,,1
Haemorhous mexicanus,Coquillettidia perturbans,FALSE,30427,aves,passeriformes,fringillidae,Coquillettidia perturbans,VectorMap,BloodMealMap,blood_meal,Unites States,,1
Haemorhous mexicanus,Culex erraticus,FALSE,30427,aves,passeriformes,fringillidae,Culex erraticus,VectorMap,BloodMealMap,blood_meal,Unites States,,2
Haemorhous mexicanus,Culex molestus,FALSE,30427,aves,passeriformes,fringillidae,Culex molestus,VectorMap,BloodMealMap,blood_meal,Unites States,,1
Haemorhous mexicanus,Culex pipiens,FALSE,30427,aves,passeriformes,fringillidae,Culex pipiens,VectorMap,BloodMealMap,blood_meal,Unites States,,8
Haemorhous mexicanus,Culex quinquefasciatus,FALSE,30427,aves,passeriformes,fringillidae,Culex quinquefasciatus,VectorMap,BloodMealMap,blood_meal,Unites States,,5
Haemorhous mexicanus,Culex restuans,FALSE,30427,aves,passeriformes,fringillidae,Culex restuans,VectorMap,BloodMealMap,blood_meal,Unites States,,2
Haemorhous mexicanus,Culex stigmatosoma,FALSE,30427,aves,passeriformes,fringillidae,Culex stigmatosoma,VectorMap,BloodMealMap,blood_meal,Unites States,,2
Haemorhous mexicanus,Culex tarsalis,FALSE,30427,aves,passeriformes,fringillidae,Culex tarsalis,VectorMap,BloodMealMap,blood_meal,Unites States,,7
Haemorhous mexicanus,Culex thriambus,FALSE,30427,aves,passeriformes,fringillidae,Culex thriambus,VectorMap,BloodMealMap,blood_meal,Unites States,,1
Haemorhous mexicanus,Culiseta melanura,FALSE,30427,aves,passeriformes,fringillidae,Culiseta melanura,VectorMap,BloodMealMap,blood_meal,Unites States,,1
Haemorhous mexicanus,Ixodes pacificus,FALSE,30427,aves,passeriformes,fringillidae,Ixodes pacificus,VectorMap,TickMap,on_host_occurrence,United States of America,,4
Haemorhous mexicanus,Ixodes scapularis,FALSE,30427,aves,passeriformes,fringillidae,Ixodes scapularis,VectorMap,TickMap,on_host_occurrence,United States of America,,4
Herpestes ichneumon,Amblyomma variegatum,FALSE,9700,mammalia,carnivora,herpestidae,Amblyomma variegatum,VectorMap,TickMap,on_host_occurrence,Senegal,,1
Herpestes ichneumon,Haemaphysalis leachi,FALSE,9700,mammalia,carnivora,herpestidae,Haemaphysalis leachi,VectorMap,TickMap,on_host_occurrence,"Congo, The Democratic Republic of The",,2
Herpestes ichneumon,Haemaphysalis rugosa,FALSE,9700,mammalia,carnivora,herpestidae,Haemaphysalis rugosa,VectorMap,TickMap,on_host_occurrence,Senegal,,1
Herpestes ichneumon,Haemaphysalis spinulosa,FALSE,9700,mammalia,carnivora,herpestidae,Haemaphysalis spinulosa,VectorMap,TickMap,on_host_occurrence,"Congo, The Democratic Republic of The",,2
Herpestes ichneumon,Ixodes hexagonus,FALSE,9700,mammalia,carnivora,herpestidae,Ixodes hexagonus,VectorMap,TickMap,on_host_occurrence,Morocco,,1
Herpestes ichneumon,Ixodes rasus,FALSE,9700,mammalia,carnivora,herpestidae,Ixodes rasus,VectorMap,TickMap,on_host_occurrence,South Africa,,1
Herpestes ichneumon,Rhipicephalus sanguineus,FALSE,9700,mammalia,carnivora,herpestidae,Rhipicephalus sanguineus,VectorMap,TickMap,on_host_occurrence,Senegal; Sudan,,2
Heteromys anomalus,Ctenocephalides felis,FALSE,348153,mammalia,rodentia,heteromyidae,Ctenocephalides felis,VectorMap,FleaMap,on_host_occurrence,Venezuela,,1
Himantopus himantopus,Rhipicephalus longus,FALSE,225398,aves,charadriiformes,recurvirostridae,Rhipicephalus longus,VectorMap,TickMap,on_host_occurrence,"Congo, The Democratic Republic of The",,1
Hipposideros caffer,Ixodes vespertilionis,FALSE,302402,mammalia,chiroptera,hipposideridae,Ixodes vespertilionis,VectorMap,TickMap,on_host_occurrence,South Africa,,2
Hirundo rustica,Culex modestus,FALSE,43150,aves,passeriformes,hirundinidae,Culex modestus,MapVEu; VectorMap,BloodMealMap; MapVEu,blood_meal,Czechia; United Kingdom,,5
Hirundo rustica,Culex pipiens,FALSE,43150,aves,passeriformes,hirundinidae,Culex pipiens,MapVEu; VectorMap,BloodMealMap; MapVEu,blood_meal,Czechia; United Kingdom; Unites States,,14
Hirundo rustica,Culex tarsalis,FALSE,43150,aves,passeriformes,hirundinidae,Culex tarsalis,VectorMap,BloodMealMap,blood_meal,Unites States,,2
Hirundo rustica,Culex thriambus,FALSE,43150,aves,passeriformes,hirundinidae,Culex thriambus,VectorMap,BloodMealMap,blood_meal,Unites States,,1
Hirundo rustica,Culiseta melanura,FALSE,43150,aves,passeriformes,hirundinidae,Culiseta melanura,VectorMap,BloodMealMap,blood_meal,Unites States,,1
Homo sapiens,Aedeomyia africana,FALSE,9606,,,,Aedeomyia africana,VectorMap,BloodMealMap,blood_meal,Kenya,,1
Homo sapiens,Aedes aegypti,FALSE,9606,,,,Aedes aegypti,MapVEu; VectorMap,BloodMealMap; MapVEu,blood_meal,Australia; Grenada; Thailand; Unites States,,41
Homo sapiens,Aedes africanus,FALSE,9606,,,,Aedes africanus,VectorMap,BloodMealMap,blood_meal,Uganda,,2
Homo sapiens,Aedes albopictus,FALSE,9606,,,,Aedes albopictus,VectorMap,BloodMealMap,blood_meal,Brazil; Japan; Malaysia; Singapore; Thailand; Unites States,,24
Homo sapiens,Aedes apicoargenteus,FALSE,9606,,,,Aedes apicoargenteus,VectorMap,BloodMealMap,blood_meal,Uganda,,1
Homo sapiens,Aedes atlanticus,FALSE,9606,,,,Aedes atlanticus,VectorMap,BloodMealMap,blood_meal,Unites States,,1
Homo sapiens,Aedes aureostriatus,FALSE,9606,,,,Aedes aureostriatus,VectorMap,BloodMealMap,blood_meal,Japan,,1
Homo sapiens,Aedes aurifer,FALSE,9606,,,,Aedes aurifer,VectorMap,BloodMealMap,blood_meal,Unites States,,1
Homo sapiens,Aedes camptorhynchus,FALSE,9606,,,,Aedes camptorhynchus,VectorMap,BloodMealMap,blood_meal,Australia,,2
Homo sapiens,Aedes canadensis,FALSE,9606,,,,Aedes canadensis,VectorMap,BloodMealMap,blood_meal,Unites States,,1
Homo sapiens,Aedes cantans,FALSE,9606,,,,Aedes cantans,VectorMap,BloodMealMap,blood_meal,United Kingdom,,1
Homo sapiens,Aedes cantator,FALSE,9606,,,,Aedes cantator,VectorMap,BloodMealMap,blood_meal,Unites States,,2
Homo sapiens,Aedes caspius,FALSE,9606,,,,Aedes caspius,VectorMap,BloodMealMap,blood_meal,Egypt; Iran; Russia; Serbia,,5
Homo sapiens,Aedes cataphylla,FALSE,9606,,,,Aedes cataphylla,VectorMap,BloodMealMap,blood_meal,Unites States,,1
Homo sapiens,Aedes cinereus,FALSE,9606,,,,Aedes cinereus,VectorMap,BloodMealMap,blood_meal,Russia; Unites States,,2
Homo sapiens,Aedes circumluteolum,FALSE,9606,,,,Aedes circumluteolum,VectorMap,BloodMealMap,blood_meal,Kenya; Tanzania,,2
Homo sapiens,Aedes crinifer,FALSE,9606,,,,Aedes crinifer,VectorMap,BloodMealMap,blood_meal,Brazil,,2
Homo sapiens,Aedes detritus,FALSE,9606,,,,Aedes detritus,VectorMap,BloodMealMap,blood_meal,United Kingdom,,1
Homo sapiens,Aedes dorsalis,FALSE,9606,,,,Aedes dorsalis,VectorMap,BloodMealMap,blood_meal,Unites States,,2
Homo sapiens,Aedes excrucians,FALSE,9606,,,,Aedes excrucians,VectorMap,BloodMealMap,blood_meal,Unites States,,1
Homo sapiens,Aedes flavescens,FALSE,9606,,,,Aedes flavescens,VectorMap,BloodMealMap,blood_meal,Russia,,1
Homo sapiens,Aedes flavopictus,FALSE,9606,,,,Aedes flavopictus,VectorMap,BloodMealMap,blood_meal,Japan,,2
Homo sapiens,Aedes fluviatilis,FALSE,9606,,,,Aedes fluviatilis,VectorMap,BloodMealMap,blood_meal,Brazil,,2
Homo sapiens,Aedes hendersoni,FALSE,9606,,,,Aedes hendersoni,VectorMap,BloodMealMap,blood_meal,Unites States,,1
Homo sapiens,Aedes hirsutus,FALSE,9606,,,,Aedes hirsutus,VectorMap,BloodMealMap,blood_meal,Kenya; Senegal,,2
Homo sapiens,Aedes implicatus,FALSE,9606,,,,Aedes implicatus,VectorMap,BloodMealMap,blood_meal,Unites States,,1
Homo sapiens,Aedes increpitus,FALSE,9606,,,,Aedes increpitus,VectorMap,BloodMealMap,blood_meal,Unites States,,1
Homo sapiens,Aedes ingrami,FALSE,9606,,,,Aedes ingrami,VectorMap,BloodMealMap,blood_meal,Uganda,,1
Homo sapiens,Aedes japonicus,FALSE,9606,,,,Aedes japonicus,VectorMap,BloodMealMap,blood_meal,Belgium; Japan; Switzerland; Unites States,,6
Homo sapiens,Aedes koreicus,FALSE,9606,,,,Aedes koreicus,VectorMap,BloodMealMap,blood_meal,Hungary,,1
Homo sapiens,Aedes lineatopennis,FALSE,9606,,,,Aedes lineatopennis,VectorMap,BloodMealMap,blood_meal,Kenya; South Africa,,3
Homo sapiens,Aedes mcintoshi,FALSE,9606,,,,Aedes mcintoshi,VectorMap,BloodMealMap,blood_meal,Kenya,,2
Homo sapiens,Aedes nigerrimus,FALSE,9606,,,,Aedes nigerrimus,VectorMap,BloodMealMap,blood_meal,Uganda,,1
Homo sapiens,Aedes nigromaculis,FALSE,9606,,,,Aedes nigromaculis,VectorMap,BloodMealMap,blood_meal,Unites States,,1
Homo sapiens,Aedes nipponicus,FALSE,9606,,,,Aedes nipponicus,VectorMap,BloodMealMap,blood_meal,Japan,,1
Homo sapiens,Aedes notoscriptus,FALSE,9606,,,,Aedes notoscriptus,MapVEu; VectorMap,BloodMealMap; MapVEu,blood_meal,Australia,,3
Homo sapiens,Aedes ochraceus,FALSE,9606,,,,Aedes ochraceus,VectorMap,BloodMealMap,blood_meal,Kenya; Senegal,,2
Homo sapiens,Aedes riversi,FALSE,9606,,,,Aedes riversi,VectorMap,BloodMealMap,blood_meal,Japan,,3
Homo sapiens,Aedes scapularis,FALSE,9606,,,,Aedes scapularis,VectorMap,BloodMealMap,blood_meal,Brazil,,6
Homo sapiens,Aedes serratus,FALSE,9606,,,,Aedes serratus,VectorMap,BloodMealMap,blood_meal,Brazil; Trinidad & Tobago,,5
Homo sapiens,Aedes sierrensis,FALSE,9606,,,,Aedes sierrensis,VectorMap,BloodMealMap,blood_meal,Unites States,,1
Homo sapiens,Aedes sollicitans,FALSE,9606,,,,Aedes sollicitans,VectorMap,BloodMealMap,blood_meal,Unites States,,3
Homo sapiens,Aedes sticticus,FALSE,9606,,,,Aedes sticticus,VectorMap,BloodMealMap,blood_meal,Hungary; Unites States,,2
Homo sapiens,Aedes stimulans,FALSE,9606,,,,Aedes stimulans,VectorMap,BloodMealMap,blood_meal,Unites States,,1
Homo sapiens,Aedes sudanensis,FALSE,9606,,,,Aedes sudanensis,VectorMap,BloodMealMap,blood_meal,Kenya; Senegal,,2
Homo sapiens,Aedes taeniorhynchus,FALSE,9606,,,,Aedes taeniorhynchus,VectorMap,BloodMealMap,blood_meal,Brazil; Ecuador; Puerto Rico; Unites States,,7
Homo sapiens,Aedes taylori,FALSE,9606,,,,Aedes taylori,VectorMap,BloodMealMap,blood_meal,Kenya,,1
Homo sapiens,Aedes terrens,FALSE,9606,,,,Aedes terrens,VectorMap,BloodMealMap,blood_meal,Brazil,,1
Homo sapiens,Aedes thibaulti,FALSE,9606,,,,Aedes thibaulti,VectorMap,BloodMealMap,blood_meal,Unites States,,1
Homo sapiens,Aedes tortilis,FALSE,9606,,,,Aedes tortilis,VectorMap,BloodMealMap,blood_meal,Puerto Rico,,1
Homo sapiens,Aedes triseriatus,FALSE,9606,,,,Aedes triseriatus,VectorMap,BloodMealMap,blood_meal,Unites States,,5
Homo sapiens,Aedes trivittatus,FALSE,9606,,,,Aedes trivittatus,VectorMap,BloodMealMap,blood_meal,Unites States,,7
Homo sapiens,Aedes vexans,FALSE,9606,,,,Aedes vexans,VectorMap,BloodMealMap,blood_meal,Hungary; Russia; Serbia; Switzerland; Unites States,,18
Homo sapiens,Aedes vigilax,FALSE,9606,,,,Aedes vigilax,VectorMap,BloodMealMap,blood_meal,Australia,,3
Homo sapiens,Aedes vittatus,FALSE,9606,,,,Aedes vittatus,VectorMap,BloodMealMap,blood_meal,Kenya; Nigeria,,2
Homo sapiens,Aedes vittiger,FALSE,9606,,,,Aedes vittiger,VectorMap,BloodMealMap,blood_meal,Australia,,1
Homo sapiens,Amblyomma americanum,FALSE,9606,,,,Amblyomma americanum,VectorMap,TickMap,on_host_occurrence,United States; United States of America,,14543
Homo sapiens,Amblyomma cajennense,FALSE,9606,,,,Amblyomma cajennense,VectorMap,TickMap,on_host_occurrence,Honduras,,1
Homo sapiens,Amblyomma maculatum,FALSE,9606,,,,Amblyomma maculatum,VectorMap,TickMap,on_host_occurrence,United States; United States of America,,180
Homo sapiens,Amblyomma marmoreum,FALSE,9606,,,,Amblyomma marmoreum,VectorMap,TickMap,on_host_occurrence,Angola,,1
Homo sapiens,Amblyomma nuttalli,FALSE,9606,,,,Amblyomma nuttalli,VectorMap,TickMap,on_host_occurrence,Central African Republic; Cote D'Ivoire,,8
Homo sapiens,Amblyomma parvum,FALSE,9606,,,,Amblyomma parvum,VectorMap,TickMap,on_host_occurrence,United States of America,,4
Homo sapiens,Amblyomma paulopunctatum,FALSE,9606,,,,Amblyomma paulopunctatum,VectorMap,TickMap,on_host_occurrence,Cote D'Ivoire,,2
Homo sapiens,Amblyomma tholloni,FALSE,9606,,,,Amblyomma tholloni,VectorMap,TickMap,on_host_occurrence,Burkina Faso,,1
Homo sapiens,Amblyomma variegatum,FALSE,9606,,,,Amblyomma variegatum,VectorMap,TickMap,on_host_occurrence,Burkina Faso; Central African Republic; Cote D'Ivoire; Guinea; Guinea-Bissau; Mali; Senegal; Sudan,,11
Homo sapiens,Anopheles <genus>,FALSE,9606,,,,Anopheles <genus>,MapVEu,MapVEu,blood_meal,Botswana,,7
Homo sapiens,Anopheles albimanus,FALSE,9606,,,,Anopheles albimanus,VectorMap,BloodMealMap,blood_meal,Belize,,1
Homo sapiens,Anopheles albitarsis,FALSE,9606,,,,Anopheles albitarsis,VectorMap,BloodMealMap,blood_meal,Brazil,,4
Homo sapiens,Anopheles amictus,FALSE,9606,,,,Anopheles amictus,VectorMap,BloodMealMap,blood_meal,Australia,,1
Homo sapiens,Anopheles annularis,FALSE,9606,,,,Anopheles annularis,MapVEu; VectorMap,BloodMealMap; MapVEu,blood_meal,Cambodia; India; Pakistan,,3
Homo sapiens,Anopheles annulipes,FALSE,9606,,,,Anopheles annulipes,VectorMap,BloodMealMap,blood_meal,Australia,,3
Homo sapiens,Anopheles arabiensis,FALSE,9606,,,,Anopheles arabiensis,MapVEu; VectorMap,BloodMealMap; MapVEu,blood_meal,Botswana; Ethiopia; Ghana; Kenya; Madagascar; Namibia; Zambia,,203
Homo sapiens,Anopheles atroparvus,FALSE,9606,,,,Anopheles atroparvus,MapVEu; VectorMap,BloodMealMap; MapVEu,blood_meal,ESP; United Kingdom,,29
Homo sapiens,Anopheles bancroftii,FALSE,9606,,,,Anopheles bancroftii,MapVEu; VectorMap,BloodMealMap; MapVEu,blood_meal,Australia; Papua New Guinea,,7
Homo sapiens,Anopheles claviger,FALSE,9606,,,,Anopheles claviger,MapVEu; VectorMap,BloodMealMap; MapVEu,blood_meal,Iran; Russia; United Kingdom,,3
Homo sapiens,Anopheles coluzzii,FALSE,9606,,,,Anopheles coluzzii,MapVEu; VectorMap,BloodMealMap; MapVEu,blood_meal,Ghana,,10
Homo sapiens,Anopheles coustani,FALSE,9606,,,,Anopheles coustani,MapVEu; VectorMap,BloodMealMap; MapVEu,blood_meal,Ethiopia; Kenya; Madagascar; Uganda,,235
Homo sapiens,Anopheles crawfordi,FALSE,9606,,,,Anopheles crawfordi,MapVEu,MapVEu,blood_meal,Cambodia,,1
Homo sapiens,Anopheles crucians,FALSE,9606,,,,Anopheles crucians,VectorMap,BloodMealMap,blood_meal,Unites States,,1
Homo sapiens,Anopheles cruzii,FALSE,9606,,,,Anopheles cruzii,VectorMap,BloodMealMap,blood_meal,Brazil,,3
Homo sapiens,Anopheles culicifacies,FALSE,9606,,,,Anopheles culicifacies,VectorMap,BloodMealMap,blood_meal,India; Pakistan,,3
Homo sapiens,Anopheles darlingi,FALSE,9606,,,,Anopheles darlingi,MapVEu; VectorMap,BloodMealMap; MapVEu,blood_meal,Belize; Brazil; Peru,,4421
Homo sapiens,Anopheles dirus,FALSE,9606,,,,Anopheles dirus,MapVEu,MapVEu,blood_meal,Cambodia,,2
Homo sapiens,Anopheles evansae,FALSE,9606,,,,Anopheles evansae,VectorMap,BloodMealMap,blood_meal,Brazil,,3
Homo sapiens,Anopheles farauti,FALSE,9606,,,,Anopheles farauti,MapVEu; VectorMap,BloodMealMap; MapVEu,blood_meal,Papua New Guinea,,633
Homo sapiens,Anopheles farauti No. 4,TRUE,9606,,,,Anopheles farauti No. 4,MapVEu,MapVEu,blood_meal,Papua New Guinea,vector_infraspecific,238
Homo sapiens,Anopheles fluviatilis,FALSE,9606,,,,Anopheles fluviatilis,VectorMap,BloodMealMap,blood_meal,India; Iran; Pakistan,,3
Homo sapiens,Anopheles freeborni,FALSE,9606,,,,Anopheles freeborni,VectorMap,BloodMealMap,blood_meal,Unites States,,3
Homo sapiens,Anopheles funestus,FALSE,9606,,,,Anopheles funestus,MapVEu; VectorMap,BloodMealMap; MapVEu,blood_meal,Central African Republic; Kenya; Madagascar; Tanzania; Zambia; Zimbabwe,,35
Homo sapiens,Anopheles gambiae,FALSE,9606,,,,Anopheles gambiae,MapVEu; VectorMap,BloodMealMap; MapVEu,blood_meal,Ghana; Kenya; Senegal; Tanzania; Zambia,,31
Homo sapiens,Anopheles garnhami,FALSE,9606,,,,Anopheles garnhami,VectorMap,BloodMealMap,blood_meal,Ethiopia,,3
Homo sapiens,Anopheles hinesorum,FALSE,9606,,,,Anopheles hinesorum,MapVEu,MapVEu,blood_meal,Papua New Guinea,,6
Homo sapiens,Anopheles hyrcanus,FALSE,9606,,,,Anopheles hyrcanus,VectorMap,BloodMealMap,blood_meal,Iran; Serbia,,4
Homo sapiens,Anopheles implexus,FALSE,9606,,,,Anopheles implexus,VectorMap,BloodMealMap,blood_meal,Uganda,,1
Homo sapiens,Anopheles koliensis,FALSE,9606,,,,Anopheles koliensis,MapVEu; VectorMap,BloodMealMap; MapVEu,blood_meal,Papua New Guinea,,41
Homo sapiens,Anopheles leesoni,FALSE,9606,,,,Anopheles leesoni,MapVEu,MapVEu,blood_meal,Zambia,,1
Homo sapiens,Anopheles longipalpis,FALSE,9606,,,,Anopheles longipalpis,MapVEu,MapVEu,blood_meal,Botswana,,31
Homo sapiens,Anopheles longirostris,FALSE,9606,,,,Anopheles longirostris,MapVEu,MapVEu,blood_meal,Papua New Guinea,,75
Homo sapiens,Anopheles maculipalpis,FALSE,9606,,,,Anopheles maculipalpis,MapVEu; VectorMap,BloodMealMap; MapVEu,blood_meal,Madagascar,,69
Homo sapiens,Anopheles maculipennis,FALSE,9606,,,,Anopheles maculipennis,VectorMap,BloodMealMap,blood_meal,Iran; Serbia; Switzerland,,4
Homo sapiens,Anopheles maculipennis sensu lato BTLHVDV-2014,TRUE,9606,,,,Anopheles maculipennis sensu lato BTLHVDV-2014,MapVEu,MapVEu,blood_meal,United Kingdom,vector_sensu_lato,281
Homo sapiens,Anopheles marajoara,FALSE,9606,,,,Anopheles marajoara,VectorMap,BloodMealMap,blood_meal,Brazil,,2
Homo sapiens,Anopheles marshalli,FALSE,9606,,,,Anopheles marshalli,VectorMap,BloodMealMap,blood_meal,Ethiopia,,3
Homo sapiens,Anopheles mascarensis,FALSE,9606,,,,Anopheles mascarensis,MapVEu; VectorMap,BloodMealMap; MapVEu,blood_meal,Madagascar,,24
Homo sapiens,Anopheles messeae,FALSE,9606,,,,Anopheles messeae,VectorMap,BloodMealMap,blood_meal,Russia,,1
Homo sapiens,Anopheles messeae x Anopheles daciae,TRUE,9606,,,,Anopheles messeae x Anopheles daciae,MapVEu,MapVEu,blood_meal,United Kingdom,vector_hybrid,35
Homo sapiens,Anopheles moucheti,FALSE,9606,,,,Anopheles moucheti,VectorMap,BloodMealMap,blood_meal,Uganda,,1
Homo sapiens,Anopheles multicolor,FALSE,9606,,,,Anopheles multicolor,VectorMap,BloodMealMap,blood_meal,Egypt,,1
Homo sapiens,Anopheles nigerrimus,FALSE,9606,,,,Anopheles nigerrimus,VectorMap,BloodMealMap,blood_meal,Pakistan,,1
Homo sapiens,Anopheles nuneztovari,FALSE,9606,,,,Anopheles nuneztovari,VectorMap,BloodMealMap,blood_meal,Brazil,,3
Homo sapiens,Anopheles paludis,FALSE,9606,,,,Anopheles paludis,VectorMap,BloodMealMap,blood_meal,Uganda,,1
Homo sapiens,Anopheles parensis,FALSE,9606,,,,Anopheles parensis,MapVEu,MapVEu,blood_meal,Botswana,,16
Homo sapiens,Anopheles peryassui,FALSE,9606,,,,Anopheles peryassui,VectorMap,BloodMealMap,blood_meal,Brazil,,1
Homo sapiens,Anopheles pharoensis,FALSE,9606,,,,Anopheles pharoensis,MapVEu; VectorMap,BloodMealMap; MapVEu,blood_meal,Egypt; Ethiopia; Kenya; Senegal; Tanzania,,7
Homo sapiens,Anopheles plumbeus,FALSE,9606,,,,Anopheles plumbeus,VectorMap,BloodMealMap,blood_meal,Iran; Switzerland,,2
Homo sapiens,Anopheles pretoriensis,FALSE,9606,,,,Anopheles pretoriensis,MapVEu; VectorMap,BloodMealMap; MapVEu,blood_meal,Madagascar,,3
Homo sapiens,Anopheles punctimacula,FALSE,9606,,,,Anopheles punctimacula,VectorMap,BloodMealMap,blood_meal,Belize,,1
Homo sapiens,Anopheles punctipennis,FALSE,9606,,,,Anopheles punctipennis,VectorMap,BloodMealMap,blood_meal,Unites States,,3
Homo sapiens,Anopheles punctulatus,FALSE,9606,,,,Anopheles punctulatus,MapVEu,MapVEu,blood_meal,Papua New Guinea,,110
Homo sapiens,Anopheles quadriannulatus,FALSE,9606,,,,Anopheles quadriannulatus,MapVEu,MapVEu,blood_meal,Botswana; Namibia,,5
Homo sapiens,Anopheles quadrimaculatus,FALSE,9606,,,,Anopheles quadrimaculatus,VectorMap,BloodMealMap,blood_meal,Unites States,,4
Homo sapiens,Anopheles rampae,FALSE,9606,,,,Anopheles rampae,MapVEu,MapVEu,blood_meal,Cambodia,,1
Homo sapiens,Anopheles rufipes,FALSE,9606,,,,Anopheles rufipes,MapVEu; VectorMap,BloodMealMap; MapVEu,blood_meal,Madagascar,,45
Homo sapiens,Anopheles saperoi,FALSE,9606,,,,Anopheles saperoi,VectorMap,BloodMealMap,blood_meal,Japan,,1
Homo sapiens,Anopheles sergentii,FALSE,9606,,,,Anopheles sergentii,VectorMap,BloodMealMap,blood_meal,Egypt,,1
Homo sapiens,Anopheles squamosus,FALSE,9606,,,,Anopheles squamosus,MapVEu; VectorMap,BloodMealMap; MapVEu,blood_meal,Madagascar,,73
Homo sapiens,Anopheles stephensi,FALSE,9606,,,,Anopheles stephensi,VectorMap,BloodMealMap,blood_meal,Iran,,1
Homo sapiens,Anopheles strodei,FALSE,9606,,,,Anopheles strodei,VectorMap,BloodMealMap,blood_meal,Brazil,,1
Homo sapiens,Anopheles superpictus,FALSE,9606,,,,Anopheles superpictus,VectorMap,BloodMealMap,blood_meal,Iran,,1
Homo sapiens,Anopheles tenebrosus,FALSE,9606,,,,Anopheles tenebrosus,VectorMap,BloodMealMap,blood_meal,Ethiopia,,1
Homo sapiens,Anopheles triannulatus,FALSE,9606,,,,Anopheles triannulatus,VectorMap,BloodMealMap,blood_meal,Brazil,,2
Homo sapiens,Anopheles vagus,FALSE,9606,,,,Anopheles vagus,MapVEu,MapVEu,blood_meal,Cambodia,,1
Homo sapiens,Anopheles varuna,FALSE,9606,,,,Anopheles varuna,VectorMap,BloodMealMap,blood_meal,India,,1
Homo sapiens,Anopheles vestitipennis,FALSE,9606,,,,Anopheles vestitipennis,VectorMap,BloodMealMap,blood_meal,Belize,,3
Homo sapiens,Anopheles wellcomei,FALSE,9606,,,,Anopheles wellcomei,VectorMap,BloodMealMap,blood_meal,Tanzania,,1
Homo sapiens,Argas brumpti,FALSE,9606,,,,Argas brumpti,VectorMap,TickMap,on_host_occurrence,Zimbabwe,,2
Homo sapiens,Argas confusus,FALSE,9606,,,,Argas confusus,VectorMap,TickMap,on_host_occurrence,South Africa,,1
Homo sapiens,Argas reflexus,FALSE,9606,,,,Argas reflexus,VectorMap,TickMap,on_host_occurrence,United States,,1
Homo sapiens,Armigeres subalbatus,FALSE,9606,,,,Armigeres subalbatus,VectorMap,BloodMealMap,blood_meal,Japan,,3
Homo sapiens,Chagasia fajardi,FALSE,9606,,,,Chagasia fajardi,VectorMap,BloodMealMap,blood_meal,Brazil,,2
Homo sapiens,Coquillettidia aurites,FALSE,9606,,,,Coquillettidia aurites,VectorMap,BloodMealMap,blood_meal,Kenya; Uganda,,2
Homo sapiens,Coquillettidia fraseri,FALSE,9606,,,,Coquillettidia fraseri,VectorMap,BloodMealMap,blood_meal,Uganda,,1
Homo sapiens,Coquillettidia fuscopennata,FALSE,9606,,,,Coquillettidia fuscopennata,VectorMap,BloodMealMap,blood_meal,Uganda,,2
Homo sapiens,Coquillettidia karandalaensis,FALSE,9606,,,,Coquillettidia karandalaensis,VectorMap,BloodMealMap,blood_meal,Kenya,,1
Homo sapiens,Coquillettidia linealis,FALSE,9606,,,,Coquillettidia linealis,MapVEu; VectorMap,BloodMealMap; MapVEu,blood_meal,Australia,,3
Homo sapiens,Coquillettidia maculipennis,FALSE,9606,,,,Coquillettidia maculipennis,VectorMap,BloodMealMap,blood_meal,Uganda,,1
Homo sapiens,Coquillettidia metallica,FALSE,9606,,,,Coquillettidia metallica,VectorMap,BloodMealMap,blood_meal,Uganda,,1
Homo sapiens,Coquillettidia perturbans,FALSE,9606,,,,Coquillettidia perturbans,VectorMap,BloodMealMap,blood_meal,Unites States,,3
Homo sapiens,Coquillettidia pseudoconopas,FALSE,9606,,,,Coquillettidia pseudoconopas,VectorMap,BloodMealMap,blood_meal,Uganda,,2
Homo sapiens,Coquillettidia richiardii,FALSE,9606,,,,Coquillettidia richiardii,MapVEu; VectorMap,BloodMealMap; MapVEu,blood_meal,Hungary; Serbia; United Kingdom,,6
Homo sapiens,Coquillettidia shannoni,FALSE,9606,,,,Coquillettidia shannoni,VectorMap,BloodMealMap,blood_meal,Brazil,,1
Homo sapiens,Coquillettidia venezuelensis,FALSE,9606,,,,Coquillettidia venezuelensis,VectorMap,BloodMealMap,blood_meal,Brazil; Panama,,4
Homo sapiens,Ctenocephalides canis,FALSE,9606,,,,Ctenocephalides canis,VectorMap,FleaMap,on_host_occurrence,Guatemala; United States,,6
Homo sapiens,Ctenocephalides felis,FALSE,9606,,,,Ctenocephalides felis,VectorMap,FleaMap,on_host_occurrence,"Brazil; Liberia; Trinidad And Tobago; Tunisia; United States; Virgin Islands, U.S",,32
Homo sapiens,Culex <subgenus>,FALSE,9606,,,,Culex <subgenus>,MapVEu,MapVEu,blood_meal,United Kingdom,,1
Homo sapiens,Culex annulioris,FALSE,9606,,,,Culex annulioris,VectorMap,BloodMealMap,blood_meal,Kenya; Uganda,,3
Homo sapiens,Culex annulirostris,FALSE,9606,,,,Culex annulirostris,MapVEu; VectorMap,BloodMealMap; MapVEu,blood_meal,Australia; Papua New Guinea,,26
Homo sapiens,Culex antennatus,FALSE,9606,,,,Culex antennatus,VectorMap,BloodMealMap,blood_meal,Egypt; Kenya; Senegal; Uganda,,6
Homo sapiens,Culex aureonotatus,FALSE,9606,,,,Culex aureonotatus,VectorMap,BloodMealMap,blood_meal,Brazil,,1
Homo sapiens,Culex bastagarius,FALSE,9606,,,,Culex bastagarius,VectorMap,BloodMealMap,blood_meal,Brazil,,1
Homo sapiens,Culex bidens,FALSE,9606,,,,Culex bidens,VectorMap,BloodMealMap,blood_meal,Brazil,,1
Homo sapiens,Culex bitaeniorhynchus,FALSE,9606,,,,Culex bitaeniorhynchus,VectorMap,BloodMealMap,blood_meal,India; Pakistan; Singapore,,5
Homo sapiens,Culex cedecei,FALSE,9606,,,,Culex cedecei,MapVEu; VectorMap,BloodMealMap; MapVEu,blood_meal,United States; Unites States,,453
Homo sapiens,Culex cheesmanae,FALSE,9606,,,,Culex cheesmanae,VectorMap,BloodMealMap,blood_meal,Unites States,,1
Homo sapiens,Culex chidesteri,FALSE,9606,,,,Culex chidesteri,VectorMap,BloodMealMap,blood_meal,Brazil,,2
Homo sapiens,Culex coronator,FALSE,9606,,,,Culex coronator,VectorMap,BloodMealMap,blood_meal,Brazil; Guatemala,,3
Homo sapiens,Culex declarator,FALSE,9606,,,,Culex declarator,VectorMap,BloodMealMap,blood_meal,Brazil; Trinidad & Tobago,,3
Homo sapiens,Culex dunni,FALSE,9606,,,,Culex dunni,VectorMap,BloodMealMap,blood_meal,Peru,,1
Homo sapiens,Culex erraticus,FALSE,9606,,,,Culex erraticus,VectorMap,BloodMealMap,blood_meal,Unites States,,2
Homo sapiens,Culex fuscocephala,FALSE,9606,,,,Culex fuscocephala,VectorMap,BloodMealMap,blood_meal,India,,1
Homo sapiens,Culex gelidus,FALSE,9606,,,,Culex gelidus,VectorMap,BloodMealMap,blood_meal,India; Malaysia; Singapore,,6
Homo sapiens,Culex globocoxitus,FALSE,9606,,,,Culex globocoxitus,MapVEu; VectorMap,BloodMealMap; MapVEu,blood_meal,Australia,,2
Homo sapiens,Culex hilli,FALSE,9606,,,,Culex hilli,VectorMap,BloodMealMap,blood_meal,Australia,,1
Homo sapiens,Culex hortensis,FALSE,9606,,,,Culex hortensis,VectorMap,BloodMealMap,blood_meal,Switzerland,,1
Homo sapiens,Culex infula,FALSE,9606,,,,Culex infula,VectorMap,BloodMealMap,blood_meal,India,,1
Homo sapiens,Culex insignis,FALSE,9606,,,,Culex insignis,VectorMap,BloodMealMap,blood_meal,Uganda,,2
Homo sapiens,Culex iolambdis,FALSE,9606,,,,Culex iolambdis,VectorMap,BloodMealMap,blood_meal,Unites States,,1
Homo sapiens,Culex lygrus,FALSE,9606,,,,Culex lygrus,VectorMap,BloodMealMap,blood_meal,Brazil,,1
Homo sapiens,Culex mimeticus,FALSE,9606,,,,Culex mimeticus,VectorMap,BloodMealMap,blood_meal,Iran; Japan,,2
Homo sapiens,Culex modestus,FALSE,9606,,,,Culex modestus,VectorMap,BloodMealMap,blood_meal,Russia; United Kingdom,,2
Homo sapiens,Culex molestus,FALSE,9606,,,,Culex molestus,VectorMap,BloodMealMap,blood_meal,Australia,,3
Homo sapiens,Culex neavei,FALSE,9606,,,,Culex neavei,VectorMap,BloodMealMap,blood_meal,Kenya,,1
Homo sapiens,Culex nebulosus,FALSE,9606,,,,Culex nebulosus,VectorMap,BloodMealMap,blood_meal,Uganda,,1
Homo sapiens,Culex nigripalpus,FALSE,9606,,,,Culex nigripalpus,VectorMap,BloodMealMap,blood_meal,Brazil; Guatemala; Trinidad & Tobago,,4
Homo sapiens,Culex ocossa,FALSE,9606,,,,Culex ocossa,VectorMap,BloodMealMap,blood_meal,Peru,,1
Homo sapiens,Culex orbostiensis,FALSE,9606,,,,Culex orbostiensis,VectorMap,BloodMealMap,blood_meal,Australia,,1
Homo sapiens,Culex pedroi,FALSE,9606,,,,Culex pedroi,VectorMap,BloodMealMap,blood_meal,Trinidad & Tobago,,1
Homo sapiens,Culex perexiguus,FALSE,9606,,,,Culex perexiguus,VectorMap,BloodMealMap,blood_meal,Iran,,8
Homo sapiens,Culex pilosus,FALSE,9606,,,,Culex pilosus,VectorMap,BloodMealMap,blood_meal,Unites States,,1
Homo sapiens,Culex pipiens,FALSE,9606,,,,Culex pipiens,VectorMap,BloodMealMap,blood_meal,Czechia; Egypt; Iran; Israel; Kenya; Russia; Serbia; Unites States,,42
Homo sapiens,Culex pipiens molestus,TRUE,9606,,,,Culex pipiens molestus,MapVEu,MapVEu,blood_meal,Australia,vector_infraspecific,2
Homo sapiens,Culex pleuristriatus,FALSE,9606,,,,Culex pleuristriatus,VectorMap,BloodMealMap,blood_meal,Brazil,,1
Homo sapiens,Culex poicilipes,FALSE,9606,,,,Culex poicilipes,VectorMap,BloodMealMap,blood_meal,Kenya; Senegal; Uganda,,3
Homo sapiens,Culex pseudovishnui,FALSE,9606,,,,Culex pseudovishnui,VectorMap,BloodMealMap,blood_meal,India,,3
Homo sapiens,Culex pullus,FALSE,9606,,,,Culex pullus,VectorMap,BloodMealMap,blood_meal,Australia,,1
Homo sapiens,Culex pusillus,FALSE,9606,,,,Culex pusillus,VectorMap,BloodMealMap,blood_meal,Egypt,,1
Homo sapiens,Culex quinquefasciatus,FALSE,9606,,,,Culex quinquefasciatus,MapVEu; VectorMap,BloodMealMap; MapVEu,blood_meal,Australia; Brazil; Ecuador; Grenada; Guatemala; India; Iran; Japan; Kenya; Mexico; Nigeria; Pakistan; Singapore; Tanzania; Unites States,,81
Homo sapiens,Culex restuans,FALSE,9606,,,,Culex restuans,VectorMap,BloodMealMap,blood_meal,Unites States,,1
Homo sapiens,Culex ryukyensis,FALSE,9606,,,,Culex ryukyensis,VectorMap,BloodMealMap,blood_meal,Japan,,1
Homo sapiens,Culex salinarius,FALSE,9606,,,,Culex salinarius,VectorMap,BloodMealMap,blood_meal,Unites States,,1
Homo sapiens,Culex saltanensis,FALSE,9606,,,,Culex saltanensis,VectorMap,BloodMealMap,blood_meal,Brazil,,1
Homo sapiens,Culex shanahani,FALSE,9606,,,,Culex shanahani,VectorMap,BloodMealMap,blood_meal,Japan,,2
Homo sapiens,Culex sitiens,FALSE,9606,,,,Culex sitiens,VectorMap,BloodMealMap,blood_meal,Australia; Iran; Singapore,,8
Homo sapiens,Culex steffani,FALSE,9606,,,,Culex steffani,VectorMap,BloodMealMap,blood_meal,Japan,,1
Homo sapiens,Culex stigmatosoma,FALSE,9606,,,,Culex stigmatosoma,VectorMap,BloodMealMap,blood_meal,Unites States,,1
Homo sapiens,Culex taeniopus,FALSE,9606,,,,Culex taeniopus,VectorMap,BloodMealMap,blood_meal,Guatemala,,1
Homo sapiens,Culex tarsalis,FALSE,9606,,,,Culex tarsalis,VectorMap,BloodMealMap,blood_meal,Unites States,,8
Homo sapiens,Culex thalassius,FALSE,9606,,,,Culex thalassius,VectorMap,BloodMealMap,blood_meal,Senegal; The Gambia,,2
Homo sapiens,Culex theileri,FALSE,9606,,,,Culex theileri,VectorMap,BloodMealMap,blood_meal,ESP; Iran; South Africa,,5
Homo sapiens,Culex tritaeniorhynchus,FALSE,9606,,,,Culex tritaeniorhynchus,VectorMap,BloodMealMap,blood_meal,India; Iran; Japan; Malaysia; Pakistan; Senegal; Singapore,,12
Homo sapiens,Culex univittatus,FALSE,9606,,,,Culex univittatus,VectorMap,BloodMealMap,blood_meal,Egypt; Kenya; Senegal; Uganda,,10
Homo sapiens,Culex vansomereni,FALSE,9606,,,,Culex vansomereni,VectorMap,BloodMealMap,blood_meal,Kenya,,1
Homo sapiens,Culex vishnui,FALSE,9606,,,,Culex vishnui,VectorMap,BloodMealMap,blood_meal,India; Singapore,,5
Homo sapiens,Culex wamanguae,FALSE,9606,,,,Culex wamanguae,VectorMap,BloodMealMap,blood_meal,Unites States,,1
Homo sapiens,Culex whitmorei,FALSE,9606,,,,Culex whitmorei,VectorMap,BloodMealMap,blood_meal,India,,1
Homo sapiens,Culiseta annulata,FALSE,9606,,,,Culiseta annulata,MapVEu,MapVEu,blood_meal,United Kingdom,,187
Homo sapiens,Culiseta incidens,FALSE,9606,,,,Culiseta incidens,VectorMap,BloodMealMap,blood_meal,Unites States,,1
Homo sapiens,Culiseta inornata,FALSE,9606,,,,Culiseta inornata,VectorMap,BloodMealMap,blood_meal,Unites States,,1
Homo sapiens,Deinocerites cancer,FALSE,9606,,,,Deinocerites cancer,VectorMap,BloodMealMap,blood_meal,Panama,,1
Homo sapiens,Deinocerites epitedeus,FALSE,9606,,,,Deinocerites epitedeus,VectorMap,BloodMealMap,blood_meal,Panama,,1
Homo sapiens,Dermacentor albipictus,FALSE,9606,,,,Dermacentor albipictus,VectorMap,TickMap,on_host_occurrence,United States; United States of America,,10
Homo sapiens,Dermacentor andersoni,FALSE,9606,,,,Dermacentor andersoni,VectorMap,TickMap,on_host_occurrence,United States,,16
Homo sapiens,Dermacentor hunteri,FALSE,9606,,,,Dermacentor hunteri,VectorMap,TickMap,on_host_occurrence,United States of America,,10
Homo sapiens,Dermacentor marginatus,FALSE,9606,,,,Dermacentor marginatus,VectorMap,TickMap,on_host_occurrence,Turkey,,32
Homo sapiens,Dermacentor niveus,FALSE,9606,,,,Dermacentor niveus,VectorMap,TickMap,on_host_occurrence,Turkey,,21
Homo sapiens,Dermacentor occidentalis,FALSE,9606,,,,Dermacentor occidentalis,VectorMap,TickMap,on_host_occurrence,United States of America,,16
Homo sapiens,Dermacentor variabilis,FALSE,9606,,,,Dermacentor variabilis,VectorMap,TickMap,on_host_occurrence,United States; United States of America,,5165
Homo sapiens,Echidnophaga gallinacea,FALSE,9606,,,,Echidnophaga gallinacea,VectorMap,FleaMap,on_host_occurrence,United States,,1
Homo sapiens,Haemagogus janthinomys,FALSE,9606,,,,Haemagogus janthinomys,VectorMap,BloodMealMap,blood_meal,Brazil,,10
Homo sapiens,Haemagogus leucocelaenus,FALSE,9606,,,,Haemagogus leucocelaenus,VectorMap,BloodMealMap,blood_meal,Brazil,,4
Homo sapiens,Haemaphysalis concinna,FALSE,9606,,,,Haemaphysalis concinna,VectorMap,TickMap,on_host_occurrence,Turkey,,17
Homo sapiens,Haemaphysalis erinacei,FALSE,9606,,,,Haemaphysalis erinacei,VectorMap,TickMap,on_host_occurrence,Turkey,,1
Homo sapiens,Haemaphysalis flava,FALSE,9606,,,,Haemaphysalis flava,VectorMap,TickMap,on_host_occurrence,South Korea,,4
Homo sapiens,Haemaphysalis leachi,FALSE,9606,,,,Haemaphysalis leachi,VectorMap,TickMap,on_host_occurrence,"Congo, The Democratic Republic of The; Nigeria",,2
Homo sapiens,Haemaphysalis leporispalustris,FALSE,9606,,,,Haemaphysalis leporispalustris,VectorMap,TickMap,on_host_occurrence,United States of America,,3
Homo sapiens,Haemaphysalis longicornis,FALSE,9606,,,,Haemaphysalis longicornis,VectorMap,TickMap,on_host_occurrence,United States of America,,8
Homo sapiens,Haemaphysalis paraleachi,FALSE,9606,,,,Haemaphysalis paraleachi,VectorMap,TickMap,on_host_occurrence,Sudan,,1
Homo sapiens,Haemaphysalis parmata,FALSE,9606,,,,Haemaphysalis parmata,VectorMap,TickMap,on_host_occurrence,Cote D'Ivoire,,1
Homo sapiens,Haemaphysalis parva,FALSE,9606,,,,Haemaphysalis parva,VectorMap,TickMap,on_host_occurrence,Turkey,,19
Homo sapiens,Haemaphysalis punctata,FALSE,9606,,,,Haemaphysalis punctata,VectorMap,TickMap,on_host_occurrence,Turkey,,18
Homo sapiens,Haemaphysalis sulcata,FALSE,9606,,,,Haemaphysalis sulcata,VectorMap,TickMap,on_host_occurrence,Turkey,,2
Homo sapiens,Heizmannia kana,FALSE,9606,,,,Heizmannia kana,VectorMap,BloodMealMap,blood_meal,Japan,,1
Homo sapiens,Hodgesia cyptopus,FALSE,9606,,,,Hodgesia cyptopus,VectorMap,BloodMealMap,blood_meal,Uganda,,1
Homo sapiens,Hyalomma aegyptium,FALSE,9606,,,,Hyalomma aegyptium,VectorMap,TickMap,on_host_occurrence,Turkey,,25
Homo sapiens,Hyalomma anatolicum,FALSE,9606,,,,Hyalomma anatolicum,VectorMap,TickMap,on_host_occurrence,Turkey,,27
Homo sapiens,Hyalomma dromedarii,FALSE,9606,,,,Hyalomma dromedarii,VectorMap,TickMap,on_host_occurrence,Turkey,,13
Homo sapiens,Hyalomma excavatum,FALSE,9606,,,,Hyalomma excavatum,VectorMap,TickMap,on_host_occurrence,Turkey,,21
Homo sapiens,Hyalomma impeltatum,FALSE,9606,,,,Hyalomma impeltatum,VectorMap,TickMap,on_host_occurrence,Algeria,,1
Homo sapiens,Hyalomma impressum,FALSE,9606,,,,Hyalomma impressum,VectorMap,TickMap,on_host_occurrence,South Africa,,1
Homo sapiens,Hyalomma isaaci,FALSE,9606,,,,Hyalomma isaaci,VectorMap,TickMap,on_host_occurrence,Turkey,,10
Homo sapiens,Hyalomma lusitanicum,FALSE,9606,,,,Hyalomma lusitanicum,VectorMap,TickMap,on_host_occurrence,Morocco,,2
Homo sapiens,Hyalomma marginatum,FALSE,9606,,,,Hyalomma marginatum,VectorMap,TickMap,on_host_occurrence,Turkey,,71
Homo sapiens,Hyalomma rufipes,FALSE,9606,,,,Hyalomma rufipes,VectorMap,TickMap,on_host_occurrence,Turkey,,6
Homo sapiens,Hyalomma scupense,FALSE,9606,,,,Hyalomma scupense,VectorMap,TickMap,on_host_occurrence,Morocco; Turkey,,55
Homo sapiens,Hyalomma truncatum,FALSE,9606,,,,Hyalomma truncatum,VectorMap,TickMap,on_host_occurrence,Nigeria,,2
Homo sapiens,Hyalomma turanicum,FALSE,9606,,,,Hyalomma turanicum,VectorMap,TickMap,on_host_occurrence,Turkey,,16
Homo sapiens,Ixodes affinis,FALSE,9606,,,,Ixodes affinis,VectorMap,TickMap,on_host_occurrence,United States of America,,6
Homo sapiens,Ixodes cavipalpus,FALSE,9606,,,,Ixodes cavipalpus,VectorMap,TickMap,on_host_occurrence,Angola,,1
Homo sapiens,Ixodes cookei,FALSE,9606,,,,Ixodes cookei,VectorMap,TickMap,on_host_occurrence,United States; United States of America,,73
Homo sapiens,Ixodes cumulatimpunctatus,FALSE,9606,,,,Ixodes cumulatimpunctatus,VectorMap,TickMap,on_host_occurrence,Cote D'Ivoire,,1
Homo sapiens,Ixodes dentatus,FALSE,9606,,,,Ixodes dentatus,VectorMap,TickMap,on_host_occurrence,United States of America,,25
Homo sapiens,Ixodes hexagonus,FALSE,9606,,,,Ixodes hexagonus,VectorMap,TickMap,on_host_occurrence,Turkey,,1
Homo sapiens,Ixodes laguri,FALSE,9606,,,,Ixodes laguri,VectorMap,TickMap,on_host_occurrence,Turkey,,1
Homo sapiens,Ixodes marxi,FALSE,9606,,,,Ixodes marxi,VectorMap,TickMap,on_host_occurrence,United States of America,,8
Homo sapiens,Ixodes muris,FALSE,9606,,,,Ixodes muris,VectorMap,TickMap,on_host_occurrence,United States; United States of America,,25
Homo sapiens,Ixodes pacificus,FALSE,9606,,,,Ixodes pacificus,VectorMap,TickMap,on_host_occurrence,United States; United States of America,,97
Homo sapiens,Ixodes rageaui,FALSE,9606,,,,Ixodes rageaui,VectorMap,TickMap,on_host_occurrence,Kenya,,1
Homo sapiens,Ixodes redikorzevi,FALSE,9606,,,,Ixodes redikorzevi,VectorMap,TickMap,on_host_occurrence,Turkey,,2
Homo sapiens,Ixodes ricinus,FALSE,9606,,,,Ixodes ricinus,VectorMap,TickMap,on_host_occurrence,Turkey,,4
Homo sapiens,Ixodes scapularis,FALSE,9606,,,,Ixodes scapularis,VectorMap,TickMap,on_host_occurrence,United States; United States of America,,4737
Homo sapiens,Ixodes spinipalpis,FALSE,9606,,,,Ixodes spinipalpis,VectorMap,TickMap,on_host_occurrence,United States of America,,24
Homo sapiens,Ixodes texanus,FALSE,9606,,,,Ixodes texanus,VectorMap,TickMap,on_host_occurrence,United States of America,,3
Homo sapiens,Limatus durhamii,FALSE,9606,,,,Limatus durhamii,VectorMap,BloodMealMap,blood_meal,Brazil,,1
Homo sapiens,Lutzia fuscana,FALSE,9606,,,,Lutzia fuscana,VectorMap,BloodMealMap,blood_meal,India,,1
Homo sapiens,Mansonia africana,FALSE,9606,,,,Mansonia africana,VectorMap,BloodMealMap,blood_meal,Kenya; Tanzania; Uganda,,12
Homo sapiens,Mansonia bonneae,FALSE,9606,,,,Mansonia bonneae,VectorMap,BloodMealMap,blood_meal,Malaysia,,1
Homo sapiens,Mansonia titillans,FALSE,9606,,,,Mansonia titillans,VectorMap,BloodMealMap,blood_meal,Brazil,,3
Homo sapiens,Mansonia uniformis,FALSE,9606,,,,Mansonia uniformis,VectorMap,BloodMealMap,blood_meal,Australia; Kenya; Nigeria; Tanzania; Uganda,,10
Homo sapiens,Mimomyia mediolineata,FALSE,9606,,,,Mimomyia mediolineata,VectorMap,BloodMealMap,blood_meal,Kenya,,1
Homo sapiens,Mimomyia splendens,FALSE,9606,,,,Mimomyia splendens,VectorMap,BloodMealMap,blood_meal,Kenya,,1
Homo sapiens,Ochlerotatus camptorhynchus,FALSE,9606,,,,Ochlerotatus camptorhynchus,MapVEu,MapVEu,blood_meal,Australia,,5
Homo sapiens,Ochlerotatus detritus,FALSE,9606,,,,Ochlerotatus detritus,MapVEu,MapVEu,blood_meal,United Kingdom,,2
Homo sapiens,Ornithodoros coriaceus,FALSE,9606,,,,Ornithodoros coriaceus,VectorMap,TickMap,on_host_occurrence,United States of America,,8
Homo sapiens,Ornithodoros hermsi,FALSE,9606,,,,Ornithodoros hermsi,VectorMap,TickMap,on_host_occurrence,United States,,6
Homo sapiens,Ornithodoros kelleyi,FALSE,9606,,,,Ornithodoros kelleyi,VectorMap,TickMap,on_host_occurrence,United States,,9
Homo sapiens,Ornithodoros moubata,FALSE,9606,,,,Ornithodoros moubata,VectorMap,TickMap,on_host_occurrence,"Angola; Congo, The Democratic Republic of The; Kenya; South Africa; Sudan; Tanzania, United Republic of; Uganda; Zimbabwe",,9
Homo sapiens,Ornithodoros parkeri,FALSE,9606,,,,Ornithodoros parkeri,VectorMap,TickMap,on_host_occurrence,United States,,1
Homo sapiens,Ornithodoros savignyi,FALSE,9606,,,,Ornithodoros savignyi,VectorMap,TickMap,on_host_occurrence,Namibia; Sudan,,3
Homo sapiens,Ornithodoros talaje,FALSE,9606,,,,Ornithodoros talaje,VectorMap,TickMap,on_host_occurrence,Guatemala; Mexico; Panama,,5
Homo sapiens,Oropsylla bruneri,FALSE,9606,,,,Oropsylla bruneri,VectorMap,FleaMap,on_host_occurrence,United States,,1
Homo sapiens,Otobius megnini,FALSE,9606,,,,Otobius megnini,VectorMap,TickMap,on_host_occurrence,United States; United States of America,,5
Homo sapiens,Psorophora albigenu,FALSE,9606,,,,Psorophora albigenu,VectorMap,BloodMealMap,blood_meal,Brazil,,3
Homo sapiens,Psorophora albipes,FALSE,9606,,,,Psorophora albipes,VectorMap,BloodMealMap,blood_meal,Brazil,,1
Homo sapiens,Psorophora ciliata,FALSE,9606,,,,Psorophora ciliata,VectorMap,BloodMealMap,blood_meal,Unites States,,1
Homo sapiens,Psorophora cingulata,FALSE,9606,,,,Psorophora cingulata,VectorMap,BloodMealMap,blood_meal,Panama,,1
Homo sapiens,Psorophora columbiae,FALSE,9606,,,,Psorophora columbiae,VectorMap,BloodMealMap,blood_meal,Unites States,,1
Homo sapiens,Psorophora confinnis,FALSE,9606,,,,Psorophora confinnis,VectorMap,BloodMealMap,blood_meal,Unites States,,2
Homo sapiens,Psorophora discolor,FALSE,9606,,,,Psorophora discolor,VectorMap,BloodMealMap,blood_meal,Unites States,,1
Homo sapiens,Psorophora ferox,FALSE,9606,,,,Psorophora ferox,VectorMap,BloodMealMap,blood_meal,Brazil; Unites States,,8
Homo sapiens,Psorophora signipennis,FALSE,9606,,,,Psorophora signipennis,VectorMap,BloodMealMap,blood_meal,Unites States,,1
Homo sapiens,Psorophora toltecum,FALSE,9606,,,,Psorophora toltecum,VectorMap,BloodMealMap,blood_meal,Unites States,,1
Homo sapiens,Rhipicentor bicornis,FALSE,9606,,,,Rhipicentor bicornis,VectorMap,TickMap,on_host_occurrence,Zambia,,1
Homo sapiens,Rhipicephalus annulatus,FALSE,9606,,,,Rhipicephalus annulatus,VectorMap,TickMap,on_host_occurrence,Turkey,,7
Homo sapiens,Rhipicephalus appendiculatus,FALSE,9606,,,,Rhipicephalus appendiculatus,VectorMap,TickMap,on_host_occurrence,"Congo, The Democratic Republic of The",,1
Homo sapiens,Rhipicephalus bursa,FALSE,9606,,,,Rhipicephalus bursa,VectorMap,TickMap,on_host_occurrence,Turkey,,66
Homo sapiens,Rhipicephalus dux,FALSE,9606,,,,Rhipicephalus dux,VectorMap,TickMap,on_host_occurrence,"Congo, The Democratic Republic of The",,1
Homo sapiens,Rhipicephalus lunulatus,FALSE,9606,,,,Rhipicephalus lunulatus,VectorMap,TickMap,on_host_occurrence,Sierra Leone,,1
Homo sapiens,Rhipicephalus muhsamae,FALSE,9606,,,,Rhipicephalus muhsamae,VectorMap,TickMap,on_host_occurrence,Nigeria,,1
Homo sapiens,Rhipicephalus planus,FALSE,9606,,,,Rhipicephalus planus,VectorMap,TickMap,on_host_occurrence,"Tanzania, United Republic of",,1
Homo sapiens,Rhipicephalus pravus,FALSE,9606,,,,Rhipicephalus pravus,VectorMap,TickMap,on_host_occurrence,Sudan,,2
Homo sapiens,Rhipicephalus pulchellus,FALSE,9606,,,,Rhipicephalus pulchellus,VectorMap,TickMap,on_host_occurrence,Kenya,,3
Homo sapiens,Rhipicephalus sanguineus,FALSE,9606,,,,Rhipicephalus sanguineus,VectorMap,TickMap,on_host_occurrence,"Algeria; Burkina Faso; Central African Republic; Congo, The Democratic Republic of The; Cote D'Ivoire; Kenya; Senegal; Sierra Leone; Sudan; Turkey; United States; United States of America; Zimbabwe",,174
Homo sapiens,Rhipicephalus senegalensis,FALSE,9606,,,,Rhipicephalus senegalensis,VectorMap,TickMap,on_host_occurrence,Cote D'Ivoire,,1
Homo sapiens,Rhipicephalus simus,FALSE,9606,,,,Rhipicephalus simus,VectorMap,TickMap,on_host_occurrence,"Sudan; Tanzania, United Republic of",,3
Homo sapiens,Rhipicephalus sulcatus,FALSE,9606,,,,Rhipicephalus sulcatus,VectorMap,TickMap,on_host_occurrence,Sudan,,1
Homo sapiens,Rhipicephalus tricuspis,FALSE,9606,,,,Rhipicephalus tricuspis,VectorMap,TickMap,on_host_occurrence,Botswana,,1
Homo sapiens,Rhipicephalus turanicus,FALSE,9606,,,,Rhipicephalus turanicus,VectorMap,TickMap,on_host_occurrence,Morocco; Turkey,,54
Homo sapiens,Runchomyia theobaldi,FALSE,9606,,,,Runchomyia theobaldi,VectorMap,BloodMealMap,blood_meal,Brazil,,1
Homo sapiens,Sabethes albiprivus,FALSE,9606,,,,Sabethes albiprivus,VectorMap,BloodMealMap,blood_meal,Brazil,,2
Homo sapiens,Sabethes chloropterus,FALSE,9606,,,,Sabethes chloropterus,VectorMap,BloodMealMap,blood_meal,Brazil,,1
Homo sapiens,Sabethes quasicyaneus,FALSE,9606,,,,Sabethes quasicyaneus,VectorMap,BloodMealMap,blood_meal,Brazil,,1
Homo sapiens,Trichoprosopon digitatum,FALSE,9606,,,,Trichoprosopon digitatum,VectorMap,BloodMealMap,blood_meal,Brazil,,1
Homo sapiens,Uranotaenia mashonaensis,FALSE,9606,,,,Uranotaenia mashonaensis,VectorMap,BloodMealMap,blood_meal,Nigeria,,1
Homo sapiens,Uranotaenia sapphirina,FALSE,9606,,,,Uranotaenia sapphirina,VectorMap,BloodMealMap,blood_meal,Unites States,,1
Homo sapiens,Verrallina atriisimilis,FALSE,9606,,,,Verrallina atriisimilis,VectorMap,BloodMealMap,blood_meal,Japan,,1
Homo sapiens,Verrallina carmenti,FALSE,9606,,,,Verrallina carmenti,VectorMap,BloodMealMap,blood_meal,Australia,,1
Homo sapiens,Verrallina funerea,FALSE,9606,,,,Verrallina funerea,VectorMap,BloodMealMap,blood_meal,Australia,,1
Homo sapiens,Verrallina iriomotensis,FALSE,9606,,,,Verrallina iriomotensis,VectorMap,BloodMealMap,blood_meal,Japan,,1
Homo sapiens,Wyeomyia davisi,FALSE,9606,,,,Wyeomyia davisi,VectorMap,BloodMealMap,blood_meal,Brazil,,1
Homo sapiens,Wyeomyia deanei,FALSE,9606,,,,Wyeomyia deanei,VectorMap,BloodMealMap,blood_meal,Brazil,,1
Homo sapiens,Wyeomyia forcipenis,FALSE,9606,,,,Wyeomyia forcipenis,VectorMap,BloodMealMap,blood_meal,Brazil,,1
Homo sapiens,Wyeomyia theobaldi,FALSE,9606,,,,Wyeomyia theobaldi,VectorMap,BloodMealMap,blood_meal,Brazil,,1
Homo sapiens,funestus group,TRUE,9606,,,,funestus group,MapVEu,MapVEu,blood_meal,Burkina Faso,vector_group,2
Homo sapiens,gambiae species complex,TRUE,9606,,,,gambiae species complex,MapVEu,MapVEu,blood_meal,Burkina Faso; Central African Republic; Tanzania,vector_complex,18
Homo sapiens,no data,FALSE,9606,,,,no data,VectorMap,TickMap,on_host_occurrence,United States,,1
Hyaena hyaena,Haemaphysalis moreli,FALSE,95912,mammalia,carnivora,hyaenidae,Haemaphysalis moreli,VectorMap,TickMap,on_host_occurrence,Ethiopia; Uganda,,2
Hyaena hyaena,Rhipicephalus carnivoralis,FALSE,95912,mammalia,carnivora,hyaenidae,Rhipicephalus carnivoralis,VectorMap,TickMap,on_host_occurrence,Kenya,,1
Hyaena hyaena,Rhipicephalus cuspidatus,FALSE,95912,mammalia,carnivora,hyaenidae,Rhipicephalus cuspidatus,VectorMap,TickMap,on_host_occurrence,Burkina Faso,,1
Hyaena hyaena,Rhipicephalus pulchellus,FALSE,95912,mammalia,carnivora,hyaenidae,Rhipicephalus pulchellus,VectorMap,TickMap,on_host_occurrence,Kenya,,1
Hydrochoerus hydrochaeris,Aedes scapularis,FALSE,10149,mammalia,rodentia,caviidae,Aedes scapularis,VectorMap,BloodMealMap,blood_meal,Brazil,,1
Hydrochoerus hydrochaeris,Anopheles albitarsis,FALSE,10149,mammalia,rodentia,caviidae,Anopheles albitarsis,VectorMap,BloodMealMap,blood_meal,Brazil,,1
Hydrochoerus hydrochaeris,Anopheles cruzii,FALSE,10149,mammalia,rodentia,caviidae,Anopheles cruzii,VectorMap,BloodMealMap,blood_meal,Brazil,,1
Hydrochoerus hydrochaeris,Coquillettidia venezuelensis,FALSE,10149,mammalia,rodentia,caviidae,Coquillettidia venezuelensis,VectorMap,BloodMealMap,blood_meal,Brazil,,1
Hydrochoerus hydrochaeris,Culex bastagarius,FALSE,10149,mammalia,rodentia,caviidae,Culex bastagarius,VectorMap,BloodMealMap,blood_meal,Brazil,,1
Hydrochoerus hydrochaeris,Culex declarator,FALSE,10149,mammalia,rodentia,caviidae,Culex declarator,VectorMap,BloodMealMap,blood_meal,Brazil,,1
Hydrochoerus hydrochaeris,Culex pleuristriatus,FALSE,10149,mammalia,rodentia,caviidae,Culex pleuristriatus,VectorMap,BloodMealMap,blood_meal,Brazil,,1
Hydrochoerus hydrochaeris,Culex usquatus,FALSE,10149,mammalia,rodentia,caviidae,Culex usquatus,VectorMap,BloodMealMap,blood_meal,Brazil,,1
Hydropotes inermis,Haemaphysalis flava,FALSE,9883,mammalia,artiodactyla,cervidae,Haemaphysalis flava,VectorMap,TickMap,on_host_occurrence,South Korea,,52
Hydropotes inermis,Haemaphysalis longicornis,FALSE,9883,mammalia,artiodactyla,cervidae,Haemaphysalis longicornis,VectorMap,TickMap,on_host_occurrence,South Korea,,796
Hydropotes inermis,Ixodes nipponensis,FALSE,9883,mammalia,artiodactyla,cervidae,Ixodes nipponensis,VectorMap,TickMap,on_host_occurrence,South Korea,,1120
Hydroprogne caspia,Culex tarsalis,FALSE,425641,aves,charadriiformes,laridae,Culex tarsalis,VectorMap,BloodMealMap,blood_meal,Unites States,,1
Hylocichla mustelina,Aedes trivittatus,FALSE,172420,aves,passeriformes,turdidae,Aedes trivittatus,VectorMap,BloodMealMap,blood_meal,Unites States,,1
Hylocichla mustelina,Amblyomma nodosum,FALSE,172420,aves,passeriformes,turdidae,Amblyomma nodosum,VectorMap,TickMap,on_host_occurrence,United States of America,,5
Hylocichla mustelina,Coquillettidia perturbans,FALSE,172420,aves,passeriformes,turdidae,Coquillettidia perturbans,VectorMap,BloodMealMap,blood_meal,Unites States,,1
Hylocichla mustelina,Culex erraticus,FALSE,172420,aves,passeriformes,turdidae,Culex erraticus,VectorMap,BloodMealMap,blood_meal,Unites States,,1
Hylocichla mustelina,Culex quinquefasciatus,FALSE,172420,aves,passeriformes,turdidae,Culex quinquefasciatus,VectorMap,BloodMealMap,blood_meal,Unites States,,2
Hylocichla mustelina,Culex restuans,FALSE,172420,aves,passeriformes,turdidae,Culex restuans,VectorMap,BloodMealMap,blood_meal,Unites States,,1
Hylocichla mustelina,Culiseta melanura,FALSE,172420,aves,passeriformes,turdidae,Culiseta melanura,VectorMap,BloodMealMap,blood_meal,Unites States,,2
Hylocichla mustelina,Culiseta morsitans,FALSE,172420,aves,passeriformes,turdidae,Culiseta morsitans,VectorMap,BloodMealMap,blood_meal,Unites States,,1
Hylocichla mustelina,Haemaphysalis leporispalustris,FALSE,172420,aves,passeriformes,turdidae,Haemaphysalis leporispalustris,VectorMap,TickMap,on_host_occurrence,United States of America,,5
Hylocichla mustelina,Ixodes scapularis,FALSE,172420,aves,passeriformes,turdidae,Ixodes scapularis,VectorMap,TickMap,on_host_occurrence,United States; United States of America,,19
Hystrix cristata,Ornithodoros erraticus,FALSE,10137,mammalia,rodentia,hystricidae,Ornithodoros erraticus,VectorMap,TickMap,on_host_occurrence,Morocco,,1
Hystrix cristata,Rhipicephalus cuspidatus,FALSE,10137,mammalia,rodentia,hystricidae,Rhipicephalus cuspidatus,VectorMap,TickMap,on_host_occurrence,Burkina Faso,,1
Hystrix cristata,Rhipicephalus lunulatus,FALSE,10137,mammalia,rodentia,hystricidae,Rhipicephalus lunulatus,VectorMap,TickMap,on_host_occurrence,Burkina Faso,,1
Hystrix cristata,Rhipicephalus muhsamae,FALSE,10137,mammalia,rodentia,hystricidae,Rhipicephalus muhsamae,VectorMap,TickMap,on_host_occurrence,Burkina Faso,,1
Hystrix cristata,Rhipicephalus senegalensis,FALSE,10137,mammalia,rodentia,hystricidae,Rhipicephalus senegalensis,VectorMap,TickMap,on_host_occurrence,Burkina Faso,,1
Ichneumia albicauda,Amblyomma variegatum,FALSE,205599,mammalia,carnivora,herpestidae,Amblyomma variegatum,VectorMap,TickMap,on_host_occurrence,Mali; Senegal,,3
Ichneumia albicauda,Ctenocephalides felis,FALSE,205599,mammalia,carnivora,herpestidae,Ctenocephalides felis,VectorMap,FleaMap,on_host_occurrence,Senegal; Tanzania,,32
Ichneumia albicauda,Echidnophaga gallinacea,FALSE,205599,mammalia,carnivora,herpestidae,Echidnophaga gallinacea,VectorMap,FleaMap,on_host_occurrence,Senegal,,10
Ichneumia albicauda,Haemaphysalis leachi,FALSE,205599,mammalia,carnivora,herpestidae,Haemaphysalis leachi,VectorMap,TickMap,on_host_occurrence,Sudan,,2
Ichneumia albicauda,Haemaphysalis paraleachi,FALSE,205599,mammalia,carnivora,herpestidae,Haemaphysalis paraleachi,VectorMap,TickMap,on_host_occurrence,Sudan,,1
Ichneumia albicauda,Haemaphysalis spinulosa,FALSE,205599,mammalia,carnivora,herpestidae,Haemaphysalis spinulosa,VectorMap,TickMap,on_host_occurrence,Cameroon; Sudan,,3
Icteria virens,Culex pipiens,FALSE,135437,aves,passeriformes,icteridae,Culex pipiens,VectorMap,BloodMealMap,blood_meal,Unites States,,1
Icteria virens,Ixodes scapularis,FALSE,135437,aves,passeriformes,icteridae,Ixodes scapularis,VectorMap,TickMap,on_host_occurrence,United States of America,,4
Iguana iguana,Aedes taeniorhynchus,FALSE,8517,reptilia,squamata,iguanidae,Aedes taeniorhynchus,VectorMap,BloodMealMap,blood_meal,Puerto Rico,,1
Iguana iguana,Amblyomma dissimile,FALSE,8517,reptilia,squamata,iguanidae,Amblyomma dissimile,VectorMap,TickMap,on_host_occurrence,United States of America,,24
Iguana iguana,Culex bahamensis,FALSE,8517,reptilia,squamata,iguanidae,Culex bahamensis,VectorMap,BloodMealMap,blood_meal,Puerto Rico,,1
Iguana iguana,Culex nigripalpus,FALSE,8517,reptilia,squamata,iguanidae,Culex nigripalpus,VectorMap,BloodMealMap,blood_meal,Puerto Rico,,1
Iguana iguana,Culex quinquefasciatus,FALSE,8517,reptilia,squamata,iguanidae,Culex quinquefasciatus,VectorMap,BloodMealMap,blood_meal,Unites States,,1
Iguana iguana,Deinocerites magnus,FALSE,8517,reptilia,squamata,iguanidae,Deinocerites magnus,VectorMap,BloodMealMap,blood_meal,Puerto Rico,,1
Junco hyemalis,Ixodes brunneus,FALSE,40217,aves,passeriformes,passerellidae,Ixodes brunneus,VectorMap,TickMap,on_host_occurrence,United States of America,,24
Junco hyemalis,Ixodes pacificus,FALSE,40217,aves,passeriformes,passerellidae,Ixodes pacificus,VectorMap,TickMap,on_host_occurrence,United States of America,,20
Lama glama,Aedes vexans,FALSE,9844,,,,Aedes vexans,VectorMap,BloodMealMap,blood_meal,Unites States,,1
Lanius ludovicianus,Culex quinquefasciatus,FALSE,28713,aves,passeriformes,laniidae,Culex quinquefasciatus,VectorMap,BloodMealMap,blood_meal,Unites States,,1
Lanius ludovicianus,Culex stigmatosoma,FALSE,28713,aves,passeriformes,laniidae,Culex stigmatosoma,VectorMap,BloodMealMap,blood_meal,Unites States,,1
Larus argentatus,Haemaphysalis leporispalustris,FALSE,35669,aves,charadriiformes,laridae,Haemaphysalis leporispalustris,VectorMap,TickMap,on_host_occurrence,United States of America,,16
Leopardus pardalis,Ctenocephalides felis,FALSE,32538,mammalia,carnivora,felidae,Ctenocephalides felis,VectorMap,FleaMap,on_host_occurrence,Venezuela,,1
Leptailurus serval,Amblyomma variegatum,FALSE,61405,mammalia,carnivora,felidae,Amblyomma variegatum,VectorMap,TickMap,on_host_occurrence,"Congo, The Democratic Republic of The; Senegal",,2
Leptailurus serval,Haemaphysalis aciculifer,FALSE,61405,mammalia,carnivora,felidae,Haemaphysalis aciculifer,VectorMap,TickMap,on_host_occurrence,South Africa,,1
Leptailurus serval,Haemaphysalis leachi,FALSE,61405,mammalia,carnivora,felidae,Haemaphysalis leachi,VectorMap,TickMap,on_host_occurrence,"Angola; Congo, The Democratic Republic of The; Sierra Leone; Zambia",,9
Leptailurus serval,Haemaphysalis moreli,FALSE,61405,mammalia,carnivora,felidae,Haemaphysalis moreli,VectorMap,TickMap,on_host_occurrence,Senegal,,1
Leptailurus serval,Haemaphysalis spinulosa,FALSE,61405,mammalia,carnivora,felidae,Haemaphysalis spinulosa,VectorMap,TickMap,on_host_occurrence,Angola,,1
Leptailurus serval,Ixodes cavipalpus,FALSE,61405,mammalia,carnivora,felidae,Ixodes cavipalpus,VectorMap,TickMap,on_host_occurrence,Angola,,1
Leptailurus serval,Rhipicephalus longicoxatus,FALSE,61405,mammalia,carnivora,felidae,Rhipicephalus longicoxatus,VectorMap,TickMap,on_host_occurrence,"Congo, The Democratic Republic of The",,1
Leptailurus serval,Rhipicephalus lunulatus,FALSE,61405,mammalia,carnivora,felidae,Rhipicephalus lunulatus,VectorMap,TickMap,on_host_occurrence,Angola,,1
Leptailurus serval,Rhipicephalus sanguineus,FALSE,61405,mammalia,carnivora,felidae,Rhipicephalus sanguineus,VectorMap,TickMap,on_host_occurrence,"Angola; Congo, The Democratic Republic of The; Mali; Senegal; Sudan",,8
Leptailurus serval,Rhipicephalus simus,FALSE,61405,mammalia,carnivora,felidae,Rhipicephalus simus,VectorMap,TickMap,on_host_occurrence,"Congo, The Democratic Republic of The",,1
Leptailurus serval,Rhipicephalus ziemanni,FALSE,61405,mammalia,carnivora,felidae,Rhipicephalus ziemanni,VectorMap,TickMap,on_host_occurrence,"Congo, The Democratic Republic of The",,1
Leptoptilos crumenifer,Rhipicephalus guilhoni,FALSE,3150064,,,,Rhipicephalus guilhoni,VectorMap,TickMap,on_host_occurrence,Cameroon,,1
Lepus europaeus,Aedes vexans,FALSE,9983,mammalia,lagomorpha,leporidae,Aedes vexans,VectorMap,BloodMealMap,blood_meal,Hungary,,1
Lepus europaeus,Anopheles atroparvus,FALSE,9983,mammalia,lagomorpha,leporidae,Anopheles atroparvus,MapVEu,MapVEu,blood_meal,United Kingdom,,1
Lepus europaeus,Anopheles maculipennis,FALSE,9983,mammalia,lagomorpha,leporidae,Anopheles maculipennis,VectorMap,BloodMealMap,blood_meal,United Kingdom,,1
Lepus europaeus,Anopheles messeae x Anopheles daciae,TRUE,9983,mammalia,lagomorpha,leporidae,Anopheles messeae x Anopheles daciae,MapVEu,MapVEu,blood_meal,United Kingdom,vector_hybrid,1
Lepus europaeus,Coquillettidia linealis,FALSE,9983,mammalia,lagomorpha,leporidae,Coquillettidia linealis,MapVEu; VectorMap,BloodMealMap; MapVEu,blood_meal,Australia,,2
Lepus europaeus,Coquillettidia richiardii,FALSE,9983,mammalia,lagomorpha,leporidae,Coquillettidia richiardii,VectorMap,BloodMealMap,blood_meal,Serbia,,1
Lepus europaeus,Ochlerotatus camptorhynchus,FALSE,9983,mammalia,lagomorpha,leporidae,Ochlerotatus camptorhynchus,MapVEu,MapVEu,blood_meal,Australia,,1
Lontra canadensis,Amblyomma americanum,FALSE,76717,mammalia,carnivora,mustelidae,Amblyomma americanum,VectorMap,TickMap,on_host_occurrence,United States of America,,40
Lontra canadensis,Culex cedecei,FALSE,76717,mammalia,carnivora,mustelidae,Culex cedecei,VectorMap,BloodMealMap,blood_meal,Unites States,,1
Lontra canadensis,Culex erraticus,FALSE,76717,mammalia,carnivora,mustelidae,Culex erraticus,VectorMap,BloodMealMap,blood_meal,Unites States,,1
Lontra canadensis,Culex tarsalis,FALSE,76717,mammalia,carnivora,mustelidae,Culex tarsalis,VectorMap,BloodMealMap,blood_meal,Unites States,,1
Lontra canadensis,Ixodes cookei,FALSE,76717,mammalia,carnivora,mustelidae,Ixodes cookei,VectorMap,TickMap,on_host_occurrence,United States of America,,40
Lontra provocax,Ixodes cookei,FALSE,366500,mammalia,carnivora,mustelidae,Ixodes cookei,VectorMap,TickMap,on_host_occurrence,United States of America,,8
Lophuromys sikapusi,Haemaphysalis aciculifer,FALSE,83535,mammalia,rodentia,muridae,Haemaphysalis aciculifer,VectorMap,TickMap,on_host_occurrence,Kenya,,1
Lycaon pictus,Haemaphysalis paraleachi,FALSE,9622,mammalia,carnivora,canidae,Haemaphysalis paraleachi,VectorMap,TickMap,on_host_occurrence,Zambia,,1
Lycaon pictus,Rhipicephalus longus,FALSE,9622,mammalia,carnivora,canidae,Rhipicephalus longus,VectorMap,TickMap,on_host_occurrence,Angola,,1
Lycaon pictus,Rhipicephalus senegalensis,FALSE,9622,mammalia,carnivora,canidae,Rhipicephalus senegalensis,VectorMap,TickMap,on_host_occurrence,Angola; Sudan,,2
Lycaon pictus,Rhipicephalus simus,FALSE,9622,mammalia,carnivora,canidae,Rhipicephalus simus,VectorMap,TickMap,on_host_occurrence,Angola,,1
Lynx rufus,Amblyomma americanum,FALSE,61384,mammalia,carnivora,felidae,Amblyomma americanum,VectorMap,TickMap,on_host_occurrence,United States of America,,64
Lynx rufus,Amblyomma maculatum,FALSE,61384,mammalia,carnivora,felidae,Amblyomma maculatum,VectorMap,TickMap,on_host_occurrence,United States of America,,24
Lynx rufus,Ctenocephalides canis,FALSE,61384,mammalia,carnivora,felidae,Ctenocephalides canis,VectorMap,FleaMap,on_host_occurrence,United States,,3
Lynx rufus,Culex cedecei,FALSE,61384,mammalia,carnivora,felidae,Culex cedecei,VectorMap,BloodMealMap,blood_meal,Unites States,,1
Lynx rufus,Dermacentor variabilis,FALSE,61384,mammalia,carnivora,felidae,Dermacentor variabilis,VectorMap,TickMap,on_host_occurrence,United States of America,,80
Lynx rufus,Echidnophaga gallinacea,FALSE,61384,mammalia,carnivora,felidae,Echidnophaga gallinacea,VectorMap,FleaMap,on_host_occurrence,United States,,1
Lynx rufus,Haemaphysalis leporispalustris,FALSE,61384,mammalia,carnivora,felidae,Haemaphysalis leporispalustris,VectorMap,TickMap,on_host_occurrence,United States of America,,24
Lynx rufus,Ixodes affinis,FALSE,61384,mammalia,carnivora,felidae,Ixodes affinis,VectorMap,TickMap,on_host_occurrence,United States of America,,24
Lynx rufus,Ixodes cookei,FALSE,61384,mammalia,carnivora,felidae,Ixodes cookei,VectorMap,TickMap,on_host_occurrence,United States of America,,8
Lynx rufus,Ixodes pacificus,FALSE,61384,mammalia,carnivora,felidae,Ixodes pacificus,VectorMap,TickMap,on_host_occurrence,United States of America,,12
Lynx rufus,Ixodes scapularis,FALSE,61384,mammalia,carnivora,felidae,Ixodes scapularis,VectorMap,TickMap,on_host_occurrence,United States of America,,60
Mareca strepera,Culex modestus,FALSE,75861,aves,anseriformes,anatidae,Culex modestus,VectorMap,BloodMealMap,blood_meal,Czechia,,1
Mareca strepera,Culex tarsalis,FALSE,75861,aves,anseriformes,anatidae,Culex tarsalis,VectorMap,BloodMealMap,blood_meal,Unites States,,1
Marmota caudata,Montivagum dihumerale,FALSE,71802,mammalia,rodentia,sciuridae,Montivagum dihumerale,VectorMap,MiteMap,on_host_occurrence,Afghanistan,,1
Marmota caudata,Neotrombicula lubrica,FALSE,71802,mammalia,rodentia,sciuridae,Neotrombicula lubrica,VectorMap,MiteMap,on_host_occurrence,Afghanistan,,1
Marmota caudata,Shunsennia oudemansi,FALSE,71802,mammalia,rodentia,sciuridae,Shunsennia oudemansi,VectorMap,MiteMap,on_host_occurrence,Afghanistan,,1
Marmota monax,Aedes triseriatus,FALSE,9995,mammalia,rodentia,sciuridae,Aedes triseriatus,VectorMap,BloodMealMap,blood_meal,Unites States,,1
Marmota monax,Amblyomma americanum,FALSE,9995,mammalia,rodentia,sciuridae,Amblyomma americanum,VectorMap,TickMap,on_host_occurrence,United States of America,,8
Marmota monax,Ctenocephalides canis,FALSE,9995,mammalia,rodentia,sciuridae,Ctenocephalides canis,VectorMap,FleaMap,on_host_occurrence,United States,,1
Marmota monax,Dermacentor albipictus,FALSE,9995,mammalia,rodentia,sciuridae,Dermacentor albipictus,VectorMap,TickMap,on_host_occurrence,United States of America,,8
Marmota monax,Dermacentor variabilis,FALSE,9995,mammalia,rodentia,sciuridae,Dermacentor variabilis,VectorMap,TickMap,on_host_occurrence,United States of America,,8
Marmota monax,Ixodes cookei,FALSE,9995,mammalia,rodentia,sciuridae,Ixodes cookei,VectorMap,TickMap,on_host_occurrence,United States; United States of America,,356
Marmota monax,Ixodes scapularis,FALSE,9995,mammalia,rodentia,sciuridae,Ixodes scapularis,VectorMap,TickMap,on_host_occurrence,United States; United States of America,,5
Marmota monax,Ixodes texanus,FALSE,9995,mammalia,rodentia,sciuridae,Ixodes texanus,VectorMap,TickMap,on_host_occurrence,United States of America,,4
Marmota monax,Oropsylla tuberculata,FALSE,9995,mammalia,rodentia,sciuridae,Oropsylla tuberculata,VectorMap,FleaMap,on_host_occurrence,United States,,2
Mastomys natalensis,Ixodes nairobiensis,FALSE,10112,mammalia,rodentia,muridae,Ixodes nairobiensis,VectorMap,TickMap,on_host_occurrence,Sudan,,2
Mastomys natalensis,Rhipicephalus sanguineus,FALSE,10112,mammalia,rodentia,muridae,Rhipicephalus sanguineus,VectorMap,TickMap,on_host_occurrence,Angola,,1
Mastomys natalensis,Rhipicephalus simus,FALSE,10112,mammalia,rodentia,muridae,Rhipicephalus simus,VectorMap,TickMap,on_host_occurrence,Sudan,,2
Mastomys natalensis,Xenopsylla cheopis,FALSE,10112,mammalia,rodentia,muridae,Xenopsylla cheopis,VectorMap,FleaMap,on_host_occurrence,Benin,,1
Meleagris gallopavo,Aedes sierrensis,FALSE,9103,aves,galliformes,phasianidae,Aedes sierrensis,VectorMap,BloodMealMap,blood_meal,Unites States,,1
Meleagris gallopavo,Aedes thibaulti,FALSE,9103,aves,galliformes,phasianidae,Aedes thibaulti,VectorMap,BloodMealMap,blood_meal,Unites States,,1
Meleagris gallopavo,Aedes trivittatus,FALSE,9103,aves,galliformes,phasianidae,Aedes trivittatus,VectorMap,BloodMealMap,blood_meal,Unites States,,1
Meleagris gallopavo,Aedes vexans,FALSE,9103,aves,galliformes,phasianidae,Aedes vexans,VectorMap,BloodMealMap,blood_meal,Unites States,,2
Meleagris gallopavo,Amblyomma americanum,FALSE,9103,aves,galliformes,phasianidae,Amblyomma americanum,VectorMap,TickMap,on_host_occurrence,United States of America,,152
Meleagris gallopavo,Amblyomma cajennese,FALSE,9103,aves,galliformes,phasianidae,Amblyomma cajennese,VectorMap,TickMap,on_host_occurrence,United States of America,,4
Meleagris gallopavo,Amblyomma variegatum,FALSE,9103,aves,galliformes,phasianidae,Amblyomma variegatum,VectorMap,TickMap,on_host_occurrence,Sudan,,1
Meleagris gallopavo,Anopheles freeborni,FALSE,9103,aves,galliformes,phasianidae,Anopheles freeborni,VectorMap,BloodMealMap,blood_meal,Unites States,,1
Meleagris gallopavo,Culex erraticus,FALSE,9103,aves,galliformes,phasianidae,Culex erraticus,VectorMap,BloodMealMap,blood_meal,Unites States,,2
Meleagris gallopavo,Culex pipiens,FALSE,9103,aves,galliformes,phasianidae,Culex pipiens,VectorMap,BloodMealMap,blood_meal,Iran; Serbia; Unites States,,3
Meleagris gallopavo,Culex quinquefasciatus,FALSE,9103,aves,galliformes,phasianidae,Culex quinquefasciatus,VectorMap,BloodMealMap,blood_meal,Unites States,,4
Meleagris gallopavo,Culex stigmatosoma,FALSE,9103,aves,galliformes,phasianidae,Culex stigmatosoma,VectorMap,BloodMealMap,blood_meal,Unites States,,1
Meleagris gallopavo,Culex tarsalis,FALSE,9103,aves,galliformes,phasianidae,Culex tarsalis,VectorMap,BloodMealMap,blood_meal,Unites States,,4
Meleagris gallopavo,Culex territans,FALSE,9103,aves,galliformes,phasianidae,Culex territans,VectorMap,BloodMealMap,blood_meal,Unites States,,1
Meleagris gallopavo,Culex theileri,FALSE,9103,aves,galliformes,phasianidae,Culex theileri,VectorMap,BloodMealMap,blood_meal,ESP,,1
Meleagris gallopavo,Culiseta morsitans,FALSE,9103,aves,galliformes,phasianidae,Culiseta morsitans,VectorMap,BloodMealMap,blood_meal,Unites States,,1
Meleagris gallopavo,Dermacentor variabilis,FALSE,9103,aves,galliformes,phasianidae,Dermacentor variabilis,VectorMap,TickMap,on_host_occurrence,United States of America,,8
Meleagris gallopavo,Haemaphysalis leporispalustris,FALSE,9103,aves,galliformes,phasianidae,Haemaphysalis leporispalustris,VectorMap,TickMap,on_host_occurrence,United States of America,,16
Meleagris gallopavo,Ixodes brunneus,FALSE,9103,aves,galliformes,phasianidae,Ixodes brunneus,VectorMap,TickMap,on_host_occurrence,United States of America,,8
Meleagris gallopavo,Ixodes pacificus,FALSE,9103,aves,galliformes,phasianidae,Ixodes pacificus,VectorMap,TickMap,on_host_occurrence,United States of America,,8
Meleagris gallopavo,Psorophora ferox,FALSE,9103,aves,galliformes,phasianidae,Psorophora ferox,VectorMap,BloodMealMap,blood_meal,Unites States,,1
Mellivora capensis,Ctenocephalides felis,FALSE,9664,mammalia,carnivora,mustelidae,Ctenocephalides felis,VectorMap,FleaMap,on_host_occurrence,Sudan,,1
Mellivora capensis,Haemaphysalis spinulosa,FALSE,9664,mammalia,carnivora,mustelidae,Haemaphysalis spinulosa,VectorMap,TickMap,on_host_occurrence,Sudan,,1
Mellivora capensis,Rhipicephalus simus,FALSE,9664,mammalia,carnivora,mustelidae,Rhipicephalus simus,VectorMap,TickMap,on_host_occurrence,Sudan,,1
Melospiza melodia,Culex pipiens,FALSE,44397,aves,passeriformes,passerellidae,Culex pipiens,VectorMap,BloodMealMap,blood_meal,Unites States,,1
Melospiza melodia,Culex restuans,FALSE,44397,aves,passeriformes,passerellidae,Culex restuans,VectorMap,BloodMealMap,blood_meal,Unites States,,1
Melospiza melodia,Culex stigmatosoma,FALSE,44397,aves,passeriformes,passerellidae,Culex stigmatosoma,VectorMap,BloodMealMap,blood_meal,Unites States,,2
Melospiza melodia,Culex tarsalis,FALSE,44397,aves,passeriformes,passerellidae,Culex tarsalis,VectorMap,BloodMealMap,blood_meal,Unites States,,3
Melospiza melodia,Culiseta melanura,FALSE,44397,aves,passeriformes,passerellidae,Culiseta melanura,VectorMap,BloodMealMap,blood_meal,Unites States,,2
Melospiza melodia,Culiseta morsitans,FALSE,44397,aves,passeriformes,passerellidae,Culiseta morsitans,VectorMap,BloodMealMap,blood_meal,Unites States,,1
Melospiza melodia,Haemaphysalis leporispalustris,FALSE,44397,aves,passeriformes,passerellidae,Haemaphysalis leporispalustris,VectorMap,TickMap,on_host_occurrence,United States of America,,29
Melospiza melodia,Ixodes dentatus,FALSE,44397,aves,passeriformes,passerellidae,Ixodes dentatus,VectorMap,TickMap,on_host_occurrence,United States of America,,8
Melospiza melodia,Ixodes muris,FALSE,44397,aves,passeriformes,passerellidae,Ixodes muris,VectorMap,TickMap,on_host_occurrence,United States of America,,16
Melospiza melodia,Ixodes scapularis,FALSE,44397,aves,passeriformes,passerellidae,Ixodes scapularis,VectorMap,TickMap,on_host_occurrence,United States; United States of America,,19
Mephitis mephitis,Aedes vexans,FALSE,30548,mammalia,carnivora,mephitidae,Aedes vexans,VectorMap,BloodMealMap,blood_meal,Unites States,,1
Mephitis mephitis,Amblyomma americanum,FALSE,30548,mammalia,carnivora,mephitidae,Amblyomma americanum,VectorMap,TickMap,on_host_occurrence,United States of America,,24
Mephitis mephitis,Ctenocephalides felis,FALSE,30548,mammalia,carnivora,mephitidae,Ctenocephalides felis,VectorMap,FleaMap,on_host_occurrence,United States,,3
Mephitis mephitis,Dermacentor variabilis,FALSE,30548,mammalia,carnivora,mephitidae,Dermacentor variabilis,VectorMap,TickMap,on_host_occurrence,United States of America,,24
Mephitis mephitis,Echidnophaga gallinacea,FALSE,30548,mammalia,carnivora,mephitidae,Echidnophaga gallinacea,VectorMap,FleaMap,on_host_occurrence,United States,,2
Mephitis mephitis,Ixodes cookei,FALSE,30548,mammalia,carnivora,mephitidae,Ixodes cookei,VectorMap,TickMap,on_host_occurrence,United States; United States of America,,66
Mephitis mephitis,Ixodes muris,FALSE,30548,mammalia,carnivora,mephitidae,Ixodes muris,VectorMap,TickMap,on_host_occurrence,United States of America,,8
Mephitis mephitis,Ixodes scapularis,FALSE,30548,mammalia,carnivora,mephitidae,Ixodes scapularis,VectorMap,TickMap,on_host_occurrence,United States; United States of America,,25
Mephitis mephitis,Ixodes texanus,FALSE,30548,mammalia,carnivora,mephitidae,Ixodes texanus,VectorMap,TickMap,on_host_occurrence,United States of America,,8
Mephitis mephitis,Oropsylla hirsuta,FALSE,30548,mammalia,carnivora,mephitidae,Oropsylla hirsuta,VectorMap,FleaMap,on_host_occurrence,United States,,1
Micromys minutus,Dermacentor variabilis,FALSE,13151,mammalia,rodentia,muridae,Dermacentor variabilis,VectorMap,TickMap,on_host_occurrence,United States of America,,8
Micromys minutus,Ixodes dentatus,FALSE,13151,mammalia,rodentia,muridae,Ixodes dentatus,VectorMap,TickMap,on_host_occurrence,United States of America,,8
Micromys minutus,Ixodes scapularis,FALSE,13151,mammalia,rodentia,muridae,Ixodes scapularis,VectorMap,TickMap,on_host_occurrence,United States of America,,4
Microtus arvalis,Otobius megnini,FALSE,47230,mammalia,rodentia,cricetidae,Otobius megnini,VectorMap,TickMap,on_host_occurrence,PERU,,4
Milvus migrans,Hyalomma rufipes,FALSE,52810,aves,accipitriformes,accipitridae,Hyalomma rufipes,VectorMap,TickMap,on_host_occurrence,Sudan,,1
Mimus polyglottos,Amblyomma americanum,FALSE,60713,aves,passeriformes,mimidae,Amblyomma americanum,VectorMap,TickMap,on_host_occurrence,United States of America,,8
Mimus polyglottos,Amblyomma maculatum,FALSE,60713,aves,passeriformes,mimidae,Amblyomma maculatum,VectorMap,TickMap,on_host_occurrence,United States; United States of America,,6
Mimus polyglottos,Culex erraticus,FALSE,60713,aves,passeriformes,mimidae,Culex erraticus,VectorMap,BloodMealMap,blood_meal,Unites States,,2
Mimus polyglottos,Culex pipiens,FALSE,60713,aves,passeriformes,mimidae,Culex pipiens,VectorMap,BloodMealMap,blood_meal,Unites States,,6
Mimus polyglottos,Culex quinquefasciatus,FALSE,60713,aves,passeriformes,mimidae,Culex quinquefasciatus,VectorMap,BloodMealMap,blood_meal,Unites States,,4
Mimus polyglottos,Culex restuans,FALSE,60713,aves,passeriformes,mimidae,Culex restuans,VectorMap,BloodMealMap,blood_meal,Unites States,,1
Mimus polyglottos,Culex stigmatosoma,FALSE,60713,aves,passeriformes,mimidae,Culex stigmatosoma,VectorMap,BloodMealMap,blood_meal,Unites States,,1
Mimus polyglottos,Culex tarsalis,FALSE,60713,aves,passeriformes,mimidae,Culex tarsalis,VectorMap,BloodMealMap,blood_meal,Unites States,,3
Miniopterus schreibersii,Argas vespertilionis,FALSE,9433,mammalia,chiroptera,miniopteridae,Argas vespertilionis,VectorMap,TickMap,on_host_occurrence,South Africa,,1
Miniopterus schreibersii,Ixodes simplex,FALSE,9433,mammalia,chiroptera,miniopteridae,Ixodes simplex,VectorMap,TickMap,on_host_occurrence,Kenya; Zimbabwe,,2
Miniopterus schreibersii,Ixodes vespertilionis,FALSE,9433,mammalia,chiroptera,miniopteridae,Ixodes vespertilionis,VectorMap,TickMap,on_host_occurrence,Kenya,,1
Molothrus ater,Culex erraticus,FALSE,84834,aves,passeriformes,icteridae,Culex erraticus,VectorMap,BloodMealMap,blood_meal,Unites States,,2
Molothrus ater,Culex pipiens,FALSE,84834,aves,passeriformes,icteridae,Culex pipiens,VectorMap,BloodMealMap,blood_meal,Unites States,,3
Molothrus ater,Culex quinquefasciatus,FALSE,84834,aves,passeriformes,icteridae,Culex quinquefasciatus,VectorMap,BloodMealMap,blood_meal,Unites States,,1
Molothrus ater,Culex restuans,FALSE,84834,aves,passeriformes,icteridae,Culex restuans,VectorMap,BloodMealMap,blood_meal,Unites States,,2
Molothrus ater,Culex salinarius,FALSE,84834,aves,passeriformes,icteridae,Culex salinarius,VectorMap,BloodMealMap,blood_meal,Unites States,,1
Molothrus ater,Culex stigmatosoma,FALSE,84834,aves,passeriformes,icteridae,Culex stigmatosoma,VectorMap,BloodMealMap,blood_meal,Unites States,,1
Molothrus ater,Culex tarsalis,FALSE,84834,aves,passeriformes,icteridae,Culex tarsalis,VectorMap,BloodMealMap,blood_meal,Unites States,,3
Molothrus ater,Culiseta melanura,FALSE,84834,aves,passeriformes,icteridae,Culiseta melanura,VectorMap,BloodMealMap,blood_meal,Unites States,,2
Molothrus ater,Ixodes scapularis,FALSE,84834,aves,passeriformes,icteridae,Ixodes scapularis,VectorMap,TickMap,on_host_occurrence,United States of America,,12
Monodelphis domestica,Adoratopsylla antiquorum,FALSE,13616,mammalia,didelphimorphia,didelphidae,Adoratopsylla antiquorum antiquorum,VectorMap,FleaMap,on_host_occurrence,Brazil,,3
Monodelphis domestica,Androlaelaps fahrenholzi,FALSE,13616,mammalia,didelphimorphia,didelphidae,Androlaelaps fahrenholzi,VectorMap,MiteMap,on_host_occurrence,Brazil,,1
Monodelphis domestica,Craneopsylla minerva,FALSE,13616,mammalia,didelphimorphia,didelphidae,Craneopsylla minerva minerva,VectorMap,FleaMap,on_host_occurrence,Brazil,,1
Monodelphis domestica,Ctenocephalides felis,FALSE,13616,mammalia,didelphimorphia,didelphidae,Ctenocephalides felis felis,VectorMap,FleaMap,on_host_occurrence,Brazil,,1
Monodelphis domestica,Polygenis bohlsi,TRUE,13616,mammalia,didelphimorphia,didelphidae,Polygenis bohlsi jordani,VectorMap,FleaMap,on_host_occurrence,Brazil,,9
Monodelphis domestica,Polygenis tripus,FALSE,13616,mammalia,didelphimorphia,didelphidae,Polygenis tripus,VectorMap,FleaMap,on_host_occurrence,Brazil,,2
Monodelphis domestica,Xenopsylla cheopis,FALSE,13616,mammalia,didelphimorphia,didelphidae,Xenopsylla cheopis,VectorMap,FleaMap,on_host_occurrence,Brazil,,1
Morelia spilota,Culex sitiens,FALSE,51896,reptilia,squamata,pythonidae,Culex sitiens,VectorMap,BloodMealMap,blood_meal,Australia,,1
Motacilla alba,Culex pipiens,FALSE,45807,aves,passeriformes,motacillidae,Culex pipiens,VectorMap,BloodMealMap,blood_meal,Czechia,,1
Mus musculoides,Ixodes oldi,FALSE,60742,mammalia,rodentia,muridae,Ixodes oldi,VectorMap,TickMap,on_host_occurrence,"Congo, The Democratic Republic of The",,1
Mus musculus,Amblyomma americanum,FALSE,10090,mammalia,rodentia,muridae,Amblyomma americanum,VectorMap,TickMap,on_host_occurrence,United States of America,,16
Mus musculus,Culex quinquefasciatus,FALSE,10090,mammalia,rodentia,muridae,Culex quinquefasciatus,VectorMap,BloodMealMap,blood_meal,Unites States,,1
Mus musculus,Culex tarsalis,FALSE,10090,mammalia,rodentia,muridae,Culex tarsalis,VectorMap,BloodMealMap,blood_meal,Unites States,,1
Mus musculus,Dermacentor raskemensis,FALSE,10090,mammalia,rodentia,muridae,Dermacentor raskemensis,VectorMap,TickMap,on_host_occurrence,Pakistan,,1
Mus musculus,Dermacentor variabilis,FALSE,10090,mammalia,rodentia,muridae,Dermacentor variabilis,VectorMap,TickMap,on_host_occurrence,United States of America,,32
Mus musculus,Echidnophaga gallinacea,FALSE,10090,mammalia,rodentia,muridae,Echidnophaga gallinacea,VectorMap,FleaMap,on_host_occurrence,South Africa,,1
Mus musculus,Euschoengastia meshhedensis,FALSE,10090,mammalia,rodentia,muridae,Euschoengastia meshhedensis,VectorMap,MiteMap,on_host_occurrence,Afghanistan,,1
Mus musculus,Gigantolaelaps wolffsohni,FALSE,10090,mammalia,rodentia,muridae,Gigantolaelaps wolffsohni,VectorMap,MiteMap,on_host_occurrence,Brazil,,1
Mus musculus,Haemaphysalis leporispalustris,FALSE,10090,mammalia,rodentia,muridae,Haemaphysalis leporispalustris,VectorMap,TickMap,on_host_occurrence,United States of America,,8
Mus musculus,Helenicula wagamiya,FALSE,10090,mammalia,rodentia,muridae,Helenicula wagamiya,VectorMap,MiteMap,on_host_occurrence,Afghanistan,,1
Mus musculus,Ixodes angustus,FALSE,10090,mammalia,rodentia,muridae,Ixodes angustus,VectorMap,TickMap,on_host_occurrence,United States of America,,5
Mus musculus,Ixodes ventalloi,FALSE,10090,mammalia,rodentia,muridae,Ixodes ventalloi,VectorMap,TickMap,on_host_occurrence,Morocco,,1
Mus musculus,Laelaps manguinhosi,FALSE,10090,mammalia,rodentia,muridae,Laelaps manguinhosi,VectorMap,MiteMap,on_host_occurrence,Brazil,,1
Mus musculus,Laelaps paulistanensis,FALSE,10090,mammalia,rodentia,muridae,Laelaps paulistanensis,VectorMap,MiteMap,on_host_occurrence,Brazil,,2
Mus musculus,Microtrombicula similata,FALSE,10090,mammalia,rodentia,muridae,Microtrombicula similata,VectorMap,MiteMap,on_host_occurrence,Afghanistan,,1
Mus musculus,Mysolaelaps microspinosus,FALSE,10090,mammalia,rodentia,muridae,Mysolaelaps microspinosus,VectorMap,MiteMap,on_host_occurrence,Brazil,,1
Mus musculus,Mysolaelaps parvispinosus,FALSE,10090,mammalia,rodentia,muridae,Mysolaelaps parvispinosus,VectorMap,MiteMap,on_host_occurrence,Brazil,,2
Mus musculus,Neotrombicula lubrica,FALSE,10090,mammalia,rodentia,muridae,Neotrombicula lubrica,VectorMap,MiteMap,on_host_occurrence,Afghanistan,,1
Mus musculus,Polygenis tripus,FALSE,10090,mammalia,rodentia,muridae,Polygenis tripus,VectorMap,FleaMap,on_host_occurrence,Brazil,,1
Mus musculus,Rhipicephalus sanguineus,FALSE,10090,mammalia,rodentia,muridae,Rhipicephalus sanguineus,VectorMap,TickMap,on_host_occurrence,United States of America,,4
Mus musculus,Schoengastiella ligula,FALSE,10090,mammalia,rodentia,muridae,Schoengastiella ligula,VectorMap,MiteMap,on_host_occurrence,Afghanistan,,2
Mus musculus,Xenopsylla cheopis,FALSE,10090,mammalia,rodentia,muridae,Xenopsylla cheopis,VectorMap,FleaMap,on_host_occurrence,Egypt; Indonesia; Morocco; Turkey; United States,,13
Mus spretus,Echidnophaga gallinacea,FALSE,10096,mammalia,rodentia,muridae,Echidnophaga gallinacea,VectorMap,FleaMap,on_host_occurrence,Morocco,,2
Mus spretus,Rhipicephalus pusillus,FALSE,10096,mammalia,rodentia,muridae,Rhipicephalus pusillus,VectorMap,TickMap,on_host_occurrence,Morocco,,1
Nannopterum auritum,Culex erraticus,FALSE,56069,,,,Culex erraticus,VectorMap,BloodMealMap,blood_meal,Unites States,,4
Nannopterum auritum,Culex pipiens,FALSE,56069,,,,Culex pipiens,VectorMap,BloodMealMap,blood_meal,Unites States,,1
Necromys lasiurus,Adoratopsylla antiquorum,FALSE,30635,mammalia,rodentia,cricetidae,Adoratopsylla antiquorum antiquorum,VectorMap,FleaMap,on_host_occurrence,Brazil,,3
Necromys lasiurus,Androlaelaps fahrenholzi,FALSE,30635,mammalia,rodentia,cricetidae,Androlaelaps fahrenholzi,VectorMap,MiteMap,on_host_occurrence,Brazil,,8
Necromys lasiurus,Androlaelaps foxi,FALSE,30635,mammalia,rodentia,cricetidae,Androlaelaps foxi,VectorMap,MiteMap,on_host_occurrence,Brazil,,1
Necromys lasiurus,Androlaelaps projecta,FALSE,30635,mammalia,rodentia,cricetidae,Androlaelaps projecta,VectorMap,MiteMap,on_host_occurrence,Brazil,,1
Necromys lasiurus,Androlaelaps rotundus,FALSE,30635,mammalia,rodentia,cricetidae,Androlaelaps rotundus,VectorMap,MiteMap,on_host_occurrence,Brazil,,7
Necromys lasiurus,Cosmolaelaps bregetovae,FALSE,30635,mammalia,rodentia,cricetidae,Cosmolaelaps bregetovae,VectorMap,MiteMap,on_host_occurrence,Brazil,,1
Necromys lasiurus,Craneopsylla minerva,FALSE,30635,mammalia,rodentia,cricetidae,Craneopsylla minerva minerva,VectorMap,FleaMap,on_host_occurrence,Brazil,,1
Necromys lasiurus,Eulaelaps vitzthumi,FALSE,30635,mammalia,rodentia,cricetidae,Eulaelaps vitzthumi,VectorMap,MiteMap,on_host_occurrence,Brazil,,3
Necromys lasiurus,Gigantolaelaps butantanensis,FALSE,30635,mammalia,rodentia,cricetidae,Gigantolaelaps butantanensis,VectorMap,MiteMap,on_host_occurrence,Brazil,,2
Necromys lasiurus,Gigantolaelaps mattogrossensis,FALSE,30635,mammalia,rodentia,cricetidae,Gigantolaelaps mattogrossensis,VectorMap,MiteMap,on_host_occurrence,Brazil,,1
Necromys lasiurus,Gigantolaelaps vitzthumi,FALSE,30635,mammalia,rodentia,cricetidae,Gigantolaelaps vitzthumi,VectorMap,MiteMap,on_host_occurrence,Brazil,,1
Necromys lasiurus,Laelaps castroi,FALSE,30635,mammalia,rodentia,cricetidae,Laelaps castroi,VectorMap,MiteMap,on_host_occurrence,Brazil,,1
Necromys lasiurus,Laelaps differens,FALSE,30635,mammalia,rodentia,cricetidae,Laelaps differens,VectorMap,MiteMap,on_host_occurrence,Brazil,,1
Necromys lasiurus,Laelaps manguinhosi,FALSE,30635,mammalia,rodentia,cricetidae,Laelaps manguinhosi,VectorMap,MiteMap,on_host_occurrence,Brazil,,3
Necromys lasiurus,Laelaps paulistanensis,FALSE,30635,mammalia,rodentia,cricetidae,Laelaps paulistanensis,VectorMap,MiteMap,on_host_occurrence,Brazil,,4
Necromys lasiurus,Mysolaelaps parvispinosus,FALSE,30635,mammalia,rodentia,cricetidae,Mysolaelaps parvispinosus,VectorMap,MiteMap,on_host_occurrence,Brazil,,3
Necromys lasiurus,Polygenis adelus,FALSE,30635,mammalia,rodentia,cricetidae,Polygenis adelus,VectorMap,FleaMap,on_host_occurrence,Brazil,,2
Necromys lasiurus,Polygenis axius,FALSE,30635,mammalia,rodentia,cricetidae,Polygenis axius axius,VectorMap,FleaMap,on_host_occurrence,Brazil,,1
Necromys lasiurus,Polygenis axius,TRUE,30635,mammalia,rodentia,cricetidae,Polygenis axius proxima,VectorMap,FleaMap,on_host_occurrence,Brazil,,1
Necromys lasiurus,Polygenis bohlsi,FALSE,30635,mammalia,rodentia,cricetidae,Polygenis bohlsi bohlsi,VectorMap,FleaMap,on_host_occurrence,Brazil,,1
Necromys lasiurus,Polygenis bohlsi,TRUE,30635,mammalia,rodentia,cricetidae,Polygenis bohlsi jordani,VectorMap,FleaMap,on_host_occurrence,Brazil,,14
Necromys lasiurus,Polygenis nitidus,FALSE,30635,mammalia,rodentia,cricetidae,Polygenis nitidus,VectorMap,FleaMap,on_host_occurrence,Brazil,,1
Necromys lasiurus,Polygenis occidentalis,FALSE,30635,mammalia,rodentia,cricetidae,Polygenis occidentalis occidentalis,VectorMap,FleaMap,on_host_occurrence,Brazil,,1
Necromys lasiurus,Polygenis pradoi,FALSE,30635,mammalia,rodentia,cricetidae,Polygenis pradoi,VectorMap,FleaMap,on_host_occurrence,Brazil,,3
Necromys lasiurus,Polygenis pygaerus,FALSE,30635,mammalia,rodentia,cricetidae,Polygenis pygaerus,VectorMap,FleaMap,on_host_occurrence,Brazil,,1
Necromys lasiurus,Polygenis rimatus,FALSE,30635,mammalia,rodentia,cricetidae,Polygenis rimatus,VectorMap,FleaMap,on_host_occurrence,Brazil,,4
Necromys lasiurus,Polygenis roberti,TRUE,30635,mammalia,rodentia,cricetidae,Polygenis roberti tripopsis,VectorMap,FleaMap,on_host_occurrence,Brazil,,1
Necromys lasiurus,Polygenis tripus,FALSE,30635,mammalia,rodentia,cricetidae,Polygenis tripus,VectorMap,FleaMap,on_host_occurrence,Brazil,,14
Necromys lasiurus,Ropalopsyllus lugubris,FALSE,30635,mammalia,rodentia,cricetidae,Ropalopsyllus lugubris lugubris,VectorMap,FleaMap,on_host_occurrence,Brazil,,1
Necromys lasiurus,Schizolaelaps mazzai,FALSE,30635,mammalia,rodentia,cricetidae,Schizolaelaps mazzai,VectorMap,MiteMap,on_host_occurrence,Brazil,,2
Necromys lasiurus,Tur turki,FALSE,30635,mammalia,rodentia,cricetidae,Tur turki,VectorMap,MiteMap,on_host_occurrence,Brazil,,1
Necromys lasiurus,Xenopsylla cheopis,FALSE,30635,mammalia,rodentia,cricetidae,Xenopsylla cheopis,VectorMap,FleaMap,on_host_occurrence,Brazil,,5
Nectomys squamipes,Adoratopsylla antiquorum,FALSE,29117,mammalia,rodentia,cricetidae,Adoratopsylla antiquorum antiquorum,VectorMap,FleaMap,on_host_occurrence,Brazil,,1
Nectomys squamipes,Androlaelaps fahrenholzi,FALSE,29117,mammalia,rodentia,cricetidae,Androlaelaps fahrenholzi,VectorMap,MiteMap,on_host_occurrence,Brazil,,4
Nectomys squamipes,Androlaelaps rotundus,FALSE,29117,mammalia,rodentia,cricetidae,Androlaelaps rotundus,VectorMap,MiteMap,on_host_occurrence,Brazil,,2
Nectomys squamipes,Craneopsylla minerva,FALSE,29117,mammalia,rodentia,cricetidae,Craneopsylla minerva minerva,VectorMap,FleaMap,on_host_occurrence,Brazil,,3
Nectomys squamipes,Gigantolaelaps butantanensis,FALSE,29117,mammalia,rodentia,cricetidae,Gigantolaelaps butantanensis,VectorMap,MiteMap,on_host_occurrence,Brazil,,1
Nectomys squamipes,Gigantolaelaps gilmorei,FALSE,29117,mammalia,rodentia,cricetidae,Gigantolaelaps gilmorei,VectorMap,MiteMap,on_host_occurrence,Brazil,,1
Nectomys squamipes,Gigantolaelaps goyanensis,FALSE,29117,mammalia,rodentia,cricetidae,Gigantolaelaps goyanensis,VectorMap,MiteMap,on_host_occurrence,Brazil,,4
Nectomys squamipes,Gigantolaelaps oudemansi,FALSE,29117,mammalia,rodentia,cricetidae,Gigantolaelaps oudemansi,VectorMap,MiteMap,on_host_occurrence,Brazil,,2
Nectomys squamipes,Laelaps manguinhosi,FALSE,29117,mammalia,rodentia,cricetidae,Laelaps manguinhosi,VectorMap,MiteMap,on_host_occurrence,Brazil,,4
Nectomys squamipes,Laelaps paulistanensis,FALSE,29117,mammalia,rodentia,cricetidae,Laelaps paulistanensis,VectorMap,MiteMap,on_host_occurrence,Brazil,,1
Nectomys squamipes,Mysolaelaps heteronychus,FALSE,29117,mammalia,rodentia,cricetidae,Mysolaelaps heteronychus,VectorMap,MiteMap,on_host_occurrence,Brazil,,1
Nectomys squamipes,Mysolaelaps parvispinosus,FALSE,29117,mammalia,rodentia,cricetidae,Mysolaelaps parvispinosus,VectorMap,MiteMap,on_host_occurrence,Brazil,,3
Nectomys squamipes,Polygenis atopus,FALSE,29117,mammalia,rodentia,cricetidae,Polygenis atopus,VectorMap,FleaMap,on_host_occurrence,Brazil,,5
Nectomys squamipes,Polygenis bohlsi,FALSE,29117,mammalia,rodentia,cricetidae,Polygenis bohlsi bohlsi,VectorMap,FleaMap,on_host_occurrence,Brazil,,1
Nectomys squamipes,Polygenis bohlsi,TRUE,29117,mammalia,rodentia,cricetidae,Polygenis bohlsi jordani,VectorMap,FleaMap,on_host_occurrence,Brazil,,4
Nectomys squamipes,Polygenis lakoi,FALSE,29117,mammalia,rodentia,cricetidae,Polygenis lakoi,VectorMap,FleaMap,on_host_occurrence,Brazil,,2
Nectomys squamipes,Polygenis pradoi,FALSE,29117,mammalia,rodentia,cricetidae,Polygenis pradoi,VectorMap,FleaMap,on_host_occurrence,Brazil,,3
Nectomys squamipes,Polygenis pygaerus,FALSE,29117,mammalia,rodentia,cricetidae,Polygenis pygaerus,VectorMap,FleaMap,on_host_occurrence,Brazil,,2
Nectomys squamipes,Polygenis rimatus,FALSE,29117,mammalia,rodentia,cricetidae,Polygenis rimatus,VectorMap,FleaMap,on_host_occurrence,Brazil,,5
Nectomys squamipes,Polygenis roberti,FALSE,29117,mammalia,rodentia,cricetidae,Polygenis roberti roberti,VectorMap,FleaMap,on_host_occurrence,Brazil,,2
Nectomys squamipes,Schizolaelaps mazzai,FALSE,29117,mammalia,rodentia,cricetidae,Schizolaelaps mazzai,VectorMap,MiteMap,on_host_occurrence,Brazil,,1
Nectomys squamipes,Xenopsylla cheopis,FALSE,29117,mammalia,rodentia,cricetidae,Xenopsylla cheopis,VectorMap,FleaMap,on_host_occurrence,Brazil,,2
Neogale vison,Coquillettidia perturbans,FALSE,452646,mammalia,carnivora,mustelidae,Coquillettidia perturbans,VectorMap,BloodMealMap,blood_meal,Unites States,,1
Neogale vison,Dermacentor albipictus,FALSE,452646,mammalia,carnivora,mustelidae,Dermacentor albipictus,VectorMap,TickMap,on_host_occurrence,United States of America,,4
Neogale vison,Dermacentor variabilis,FALSE,452646,mammalia,carnivora,mustelidae,Dermacentor variabilis,VectorMap,TickMap,on_host_occurrence,United States of America,,4
Neogale vison,Ixodes cookei,FALSE,452646,mammalia,carnivora,mustelidae,Ixodes cookei,VectorMap,TickMap,on_host_occurrence,United States of America,,44
Neogale vison,Ixodes gregsoni,FALSE,452646,mammalia,carnivora,mustelidae,Ixodes gregsoni,VectorMap,TickMap,on_host_occurrence,United States of America,,5
Neogale vison,ixodes texanus,FALSE,452646,mammalia,carnivora,mustelidae,ixodes texanus,VectorMap,TickMap,on_host_occurrence,United States of America,,4
Neotoma lepida,Anomiopsyllus nudatus,FALSE,56216,mammalia,rodentia,cricetidae,Anomiopsyllus nudatus,VectorMap,FleaMap,on_host_occurrence,United States,,5
Neotoma lepida,Dermacentor hunteri,FALSE,56216,mammalia,rodentia,cricetidae,Dermacentor hunteri,VectorMap,TickMap,on_host_occurrence,United States of America,,13
Neotoma lepida,Echidnophaga gallinacea,FALSE,56216,mammalia,rodentia,cricetidae,Echidnophaga gallinacea,VectorMap,FleaMap,on_host_occurrence,United States,,14
Neotoma lepida,Ixodes spinipalpis,FALSE,56216,mammalia,rodentia,cricetidae,Ixodes spinipalpis,VectorMap,TickMap,on_host_occurrence,United States of America,,4
Neotoma lepida,Ornithodoros hermsi,FALSE,56216,mammalia,rodentia,cricetidae,Ornithodoros hermsi,VectorMap,TickMap,on_host_occurrence,United States of America,,24
Neotoma lepida,Oropsylla montana,FALSE,56216,mammalia,rodentia,cricetidae,Oropsylla montana,VectorMap,FleaMap,on_host_occurrence,United States,,1
Neotoma lepida,Xenopsylla cheopis,FALSE,56216,mammalia,rodentia,cricetidae,Xenopsylla cheopis,VectorMap,FleaMap,on_host_occurrence,United States,,10
Numida meleagris,Amblyomma cohaerens,FALSE,8996,aves,galliformes,numididae,Amblyomma cohaerens,VectorMap,TickMap,on_host_occurrence,Sudan,,1
Numida meleagris,Amblyomma splendidum,FALSE,8996,aves,galliformes,numididae,Amblyomma splendidum,VectorMap,TickMap,on_host_occurrence,"Congo, The Democratic Republic of The",,1
Numida meleagris,Amblyomma variegatum,FALSE,8996,aves,galliformes,numididae,Amblyomma variegatum,VectorMap,TickMap,on_host_occurrence,Burkina Faso; Sudan,,2
Numida meleagris,Argas persicus,FALSE,8996,aves,galliformes,numididae,Argas persicus,VectorMap,TickMap,on_host_occurrence,South Africa,,1
Numida meleagris,Culex pipiens,FALSE,8996,aves,galliformes,numididae,Culex pipiens,VectorMap,BloodMealMap,blood_meal,Unites States,,1
Numida meleagris,Culex tarsalis,FALSE,8996,aves,galliformes,numididae,Culex tarsalis,VectorMap,BloodMealMap,blood_meal,Unites States,,1
Numida meleagris,Haemaphysalis hoodi,FALSE,8996,aves,galliformes,numididae,Haemaphysalis hoodi,VectorMap,TickMap,on_host_occurrence,Burkina Faso; Ghana,,2
Numida meleagris,Rhipicephalus decoloratus,FALSE,8996,aves,galliformes,numididae,Rhipicephalus decoloratus,VectorMap,TickMap,on_host_occurrence,Burkina Faso,,1
Nyctalus noctula,Culex pipiens,FALSE,51300,mammalia,chiroptera,vespertilionidae,Culex pipiens,VectorMap,BloodMealMap,blood_meal,Czechia,,1
Nycticorax nycticorax,Culex annulirostris,FALSE,8901,aves,pelecaniformes,ardeidae,Culex annulirostris,MapVEu,MapVEu,blood_meal,Australia,,1
Nycticorax nycticorax,Culex cedecei,FALSE,8901,aves,pelecaniformes,ardeidae,Culex cedecei,VectorMap,BloodMealMap,blood_meal,Unites States,,1
Nycticorax nycticorax,Culex erraticus,FALSE,8901,aves,pelecaniformes,ardeidae,Culex erraticus,MapVEu; VectorMap,BloodMealMap; MapVEu,blood_meal,United States; Unites States,,3
Nycticorax nycticorax,Culex iolambdis,FALSE,8901,aves,pelecaniformes,ardeidae,Culex iolambdis,VectorMap,BloodMealMap,blood_meal,Unites States,,1
Nycticorax nycticorax,Culex modestus,FALSE,8901,aves,pelecaniformes,ardeidae,Culex modestus,VectorMap,BloodMealMap,blood_meal,Czechia,,1
Nycticorax nycticorax,Culex stigmatosoma,FALSE,8901,aves,pelecaniformes,ardeidae,Culex stigmatosoma,VectorMap,BloodMealMap,blood_meal,Unites States,,1
Nycticorax nycticorax,Culex tarsalis,FALSE,8901,aves,pelecaniformes,ardeidae,Culex tarsalis,VectorMap,BloodMealMap,blood_meal,Unites States,,3
Nymphicus hollandicus,Culex pipiens,FALSE,13180,aves,psittaciformes,cacatuidae,Culex pipiens,VectorMap,BloodMealMap,blood_meal,Unites States,,1
Nymphicus hollandicus,Culex tarsalis,FALSE,13180,aves,psittaciformes,cacatuidae,Culex tarsalis,VectorMap,BloodMealMap,blood_meal,Unites States,,1
Odocoileus hemionus,Aedes cataphylla,FALSE,9872,mammalia,artiodactyla,cervidae,Aedes cataphylla,VectorMap,BloodMealMap,blood_meal,Unites States,,1
Odocoileus hemionus,Aedes implicatus,FALSE,9872,mammalia,artiodactyla,cervidae,Aedes implicatus,VectorMap,BloodMealMap,blood_meal,Unites States,,1
Odocoileus hemionus,Aedes increpitus,FALSE,9872,mammalia,artiodactyla,cervidae,Aedes increpitus,VectorMap,BloodMealMap,blood_meal,Unites States,,1
Odocoileus hemionus,Aedes punctor,FALSE,9872,mammalia,artiodactyla,cervidae,Aedes punctor,VectorMap,BloodMealMap,blood_meal,Unites States,,1
Odocoileus hemionus,Aedes sierrensis,FALSE,9872,mammalia,artiodactyla,cervidae,Aedes sierrensis,VectorMap,BloodMealMap,blood_meal,Unites States,,1
Odocoileus hemionus,Anopheles franciscanus,FALSE,9872,mammalia,artiodactyla,cervidae,Anopheles franciscanus,VectorMap,BloodMealMap,blood_meal,Unites States,,1
Odocoileus hemionus,Anopheles freeborni,FALSE,9872,mammalia,artiodactyla,cervidae,Anopheles freeborni,VectorMap,BloodMealMap,blood_meal,Unites States,,1
Odocoileus hemionus,Culex tarsalis,FALSE,9872,mammalia,artiodactyla,cervidae,Culex tarsalis,VectorMap,BloodMealMap,blood_meal,Unites States,,2
Odocoileus hemionus,Culiseta impatiens,FALSE,9872,mammalia,artiodactyla,cervidae,Culiseta impatiens,VectorMap,BloodMealMap,blood_meal,Unites States,,1
Odocoileus hemionus,Dermacentor albipictus,FALSE,9872,mammalia,artiodactyla,cervidae,Dermacentor albipictus,VectorMap,TickMap,on_host_occurrence,United States of America,,4
Odocoileus hemionus,Dermacentor hunteri,FALSE,9872,mammalia,artiodactyla,cervidae,Dermacentor hunteri,VectorMap,TickMap,on_host_occurrence,United States of America,,8
Odocoileus hemionus,Dermacentor occidentalis,FALSE,9872,mammalia,artiodactyla,cervidae,Dermacentor occidentalis,VectorMap,TickMap,on_host_occurrence,United States of America,,8
Odocoileus hemionus,Ixodes pacificus,FALSE,9872,mammalia,artiodactyla,cervidae,Ixodes pacificus,VectorMap,TickMap,on_host_occurrence,United States of America,,8
Odocoileus hemionus,Ornithodoros coriaceus,FALSE,9872,mammalia,artiodactyla,cervidae,Ornithodoros coriaceus,VectorMap,TickMap,on_host_occurrence,United States,,2
Odocoileus hemionus,Otobius megnini,FALSE,9872,mammalia,artiodactyla,cervidae,Otobius megnini,VectorMap,TickMap,on_host_occurrence,United States,,2
Odocoileus virginianus,Aedes albopictus,FALSE,9874,mammalia,artiodactyla,cervidae,Aedes albopictus,VectorMap,BloodMealMap,blood_meal,Unites States,,1
Odocoileus virginianus,Aedes canadensis,FALSE,9874,mammalia,artiodactyla,cervidae,Aedes canadensis,VectorMap,BloodMealMap,blood_meal,Unites States,,2
Odocoileus virginianus,Aedes cantator,FALSE,9874,mammalia,artiodactyla,cervidae,Aedes cantator,VectorMap,BloodMealMap,blood_meal,Unites States,,1
Odocoileus virginianus,Aedes cinereus,FALSE,9874,mammalia,artiodactyla,cervidae,Aedes cinereus,VectorMap,BloodMealMap,blood_meal,Unites States,,1
Odocoileus virginianus,Aedes excrucians,FALSE,9874,mammalia,artiodactyla,cervidae,Aedes excrucians,VectorMap,BloodMealMap,blood_meal,Unites States,,2
Odocoileus virginianus,Aedes flavescens,FALSE,9874,mammalia,artiodactyla,cervidae,Aedes flavescens,VectorMap,BloodMealMap,blood_meal,Unites States,,1
Odocoileus virginianus,Aedes japonicus,FALSE,9874,mammalia,artiodactyla,cervidae,Aedes japonicus,VectorMap,BloodMealMap,blood_meal,Unites States,,2
Odocoileus virginianus,Aedes thibaulti,FALSE,9874,mammalia,artiodactyla,cervidae,Aedes thibaulti,VectorMap,BloodMealMap,blood_meal,Unites States,,1
Odocoileus virginianus,Aedes triseriatus,FALSE,9874,mammalia,artiodactyla,cervidae,Aedes triseriatus,VectorMap,BloodMealMap,blood_meal,Unites States,,2
Odocoileus virginianus,Aedes trivittatus,FALSE,9874,mammalia,artiodactyla,cervidae,Aedes trivittatus,VectorMap,BloodMealMap,blood_meal,Unites States,,1
Odocoileus virginianus,Aedes vexans,FALSE,9874,mammalia,artiodactyla,cervidae,Aedes vexans,VectorMap,BloodMealMap,blood_meal,Unites States,,4
Odocoileus virginianus,Amblyomma americanum,FALSE,9874,mammalia,artiodactyla,cervidae,Amblyomma americanum,VectorMap,TickMap,on_host_occurrence,United States of America,,529
Odocoileus virginianus,Amblyomma flavomaculatum,FALSE,9874,mammalia,artiodactyla,cervidae,Amblyomma flavomaculatum,VectorMap,TickMap,on_host_occurrence,United States of America,,8
Odocoileus virginianus,Amblyomma maculatum,FALSE,9874,mammalia,artiodactyla,cervidae,Amblyomma maculatum,VectorMap,TickMap,on_host_occurrence,United States of America,,176
Odocoileus virginianus,Anopheles crucians,FALSE,9874,mammalia,artiodactyla,cervidae,Anopheles crucians,MapVEu,MapVEu,blood_meal,United States,,1
Odocoileus virginianus,Anopheles punctipennis,FALSE,9874,mammalia,artiodactyla,cervidae,Anopheles punctipennis,VectorMap,BloodMealMap,blood_meal,Unites States,,1
Odocoileus virginianus,Anopheles quadrimaculatus,FALSE,9874,mammalia,artiodactyla,cervidae,Anopheles quadrimaculatus,VectorMap,BloodMealMap,blood_meal,Unites States,,1
Odocoileus virginianus,Anopheles smaragdinus,FALSE,9874,mammalia,artiodactyla,cervidae,Anopheles smaragdinus,VectorMap,BloodMealMap,blood_meal,Unites States,,1
Odocoileus virginianus,Coquillettidia perturbans,FALSE,9874,mammalia,artiodactyla,cervidae,Coquillettidia perturbans,MapVEu; VectorMap,BloodMealMap; MapVEu,blood_meal,United States; Unites States,,6
Odocoileus virginianus,Ctenocephalides felis,FALSE,9874,mammalia,artiodactyla,cervidae,Ctenocephalides felis,VectorMap,FleaMap,on_host_occurrence,United States,,3
Odocoileus virginianus,Culex cedecei,FALSE,9874,mammalia,artiodactyla,cervidae,Culex cedecei,MapVEu; VectorMap,BloodMealMap; MapVEu,blood_meal,United States; Unites States,,453
Odocoileus virginianus,Culex erraticus,FALSE,9874,mammalia,artiodactyla,cervidae,Culex erraticus,VectorMap,BloodMealMap,blood_meal,Unites States,,1
Odocoileus virginianus,Culex pipiens,FALSE,9874,mammalia,artiodactyla,cervidae,Culex pipiens,VectorMap,BloodMealMap,blood_meal,Unites States,,2
Odocoileus virginianus,Culex quinquefasciatus,FALSE,9874,mammalia,artiodactyla,cervidae,Culex quinquefasciatus,VectorMap,BloodMealMap,blood_meal,Unites States,,1
Odocoileus virginianus,Culex salinarius,FALSE,9874,mammalia,artiodactyla,cervidae,Culex salinarius,VectorMap,BloodMealMap,blood_meal,Unites States,,1
Odocoileus virginianus,Culiseta inornata,FALSE,9874,mammalia,artiodactyla,cervidae,Culiseta inornata,VectorMap,BloodMealMap,blood_meal,Unites States,,1
Odocoileus virginianus,Culiseta melanura,FALSE,9874,mammalia,artiodactyla,cervidae,Culiseta melanura,VectorMap,BloodMealMap,blood_meal,Unites States,,2
Odocoileus virginianus,Culiseta morsitans,FALSE,9874,mammalia,artiodactyla,cervidae,Culiseta morsitans,VectorMap,BloodMealMap,blood_meal,Unites States,,1
Odocoileus virginianus,Dermacentor albipictus,FALSE,9874,mammalia,artiodactyla,cervidae,Dermacentor albipictus,VectorMap,TickMap,on_host_occurrence,United States of America,,408
Odocoileus virginianus,Dermacentor albopictus,FALSE,9874,mammalia,artiodactyla,cervidae,Dermacentor albopictus,VectorMap,TickMap,on_host_occurrence,United States of America,,24
Odocoileus virginianus,Dermacentor variabilis,FALSE,9874,mammalia,artiodactyla,cervidae,Dermacentor variabilis,VectorMap,TickMap,on_host_occurrence,United States of America,,40
Odocoileus virginianus,Haemaphysalis leporispalustris,FALSE,9874,mammalia,artiodactyla,cervidae,Haemaphysalis leporispalustris,VectorMap,TickMap,on_host_occurrence,United States of America,,8
Odocoileus virginianus,Haemaphysalis longicornis,FALSE,9874,mammalia,artiodactyla,cervidae,Haemaphysalis longicornis,VectorMap,TickMap,on_host_occurrence,United States of America,,36
Odocoileus virginianus,Ixodes affinis,FALSE,9874,mammalia,artiodactyla,cervidae,Ixodes affinis,VectorMap,TickMap,on_host_occurrence,United States of America,,40
Odocoileus virginianus,Ixodes muris,FALSE,9874,mammalia,artiodactyla,cervidae,Ixodes muris,VectorMap,TickMap,on_host_occurrence,United States of America,,8
Odocoileus virginianus,Ixodes scapularis,FALSE,9874,mammalia,artiodactyla,cervidae,Ixodes scapularis,VectorMap,TickMap,on_host_occurrence,United States of America,,734
Odocoileus virginianus,Ixodes scapularus,FALSE,9874,mammalia,artiodactyla,cervidae,Ixodes scapularus,VectorMap,TickMap,on_host_occurrence,United States of America,,36
Odocoileus virginianus,Ochlerotatus infirmatus,FALSE,9874,mammalia,artiodactyla,cervidae,Ochlerotatus infirmatus,MapVEu,MapVEu,blood_meal,United States,,10
Odocoileus virginianus,Otobius megnini,FALSE,9874,mammalia,artiodactyla,cervidae,Otobius megnini,VectorMap,TickMap,on_host_occurrence,United States,,1
Odocoileus virginianus,Psorophora ferox,FALSE,9874,mammalia,artiodactyla,cervidae,Psorophora ferox,VectorMap,BloodMealMap,blood_meal,Unites States,,1
Odocoileus virginianus,Rhipicephalus microplus,FALSE,9874,mammalia,artiodactyla,cervidae,Rhipicephalus microplus,VectorMap,TickMap,on_host_occurrence,United States of America,,33
Oena capensis,Hyalomma rufipes,FALSE,115679,aves,columbiformes,columbidae,Hyalomma rufipes,VectorMap,TickMap,on_host_occurrence,Mali,,1
Oligoryzomys flavescens,Androlaelaps rotundus,FALSE,218824,mammalia,rodentia,cricetidae,Androlaelaps rotundus,VectorMap,MiteMap,on_host_occurrence,Brazil,,2
Oligoryzomys flavescens,Craneopsylla minerva,FALSE,218824,mammalia,rodentia,cricetidae,Craneopsylla minerva minerva,VectorMap,FleaMap,on_host_occurrence,Brazil,,1
Oligoryzomys flavescens,Gigantolaelaps wolffsohni,FALSE,218824,mammalia,rodentia,cricetidae,Gigantolaelaps wolffsohni,VectorMap,MiteMap,on_host_occurrence,Brazil,,2
Oligoryzomys flavescens,Laelaps manguinhosi,FALSE,218824,mammalia,rodentia,cricetidae,Laelaps manguinhosi,VectorMap,MiteMap,on_host_occurrence,Brazil,,1
Oligoryzomys flavescens,Mysolaelaps parvispinosus,FALSE,218824,mammalia,rodentia,cricetidae,Mysolaelaps parvispinosus,VectorMap,MiteMap,on_host_occurrence,Brazil,,1
Oligoryzomys nigripes,Androlaelaps fahrenholzi,FALSE,37017,mammalia,rodentia,cricetidae,Androlaelaps fahrenholzi,VectorMap,MiteMap,on_host_occurrence,Brazil,,3
Oligoryzomys nigripes,Androlaelaps marmosops,FALSE,37017,mammalia,rodentia,cricetidae,Androlaelaps marmosops,VectorMap,MiteMap,on_host_occurrence,Brazil,,1
Oligoryzomys nigripes,Androlaelaps rotundus,FALSE,37017,mammalia,rodentia,cricetidae,Androlaelaps rotundus,VectorMap,MiteMap,on_host_occurrence,Brazil,,4
Oligoryzomys nigripes,Craneopsylla minerva,FALSE,37017,mammalia,rodentia,cricetidae,Craneopsylla minerva minerva,VectorMap,FleaMap,on_host_occurrence,Brazil,,5
Oligoryzomys nigripes,Ctenocephalides felis,FALSE,37017,mammalia,rodentia,cricetidae,Ctenocephalides felis felis,VectorMap,FleaMap,on_host_occurrence,Brazil,,1
Oligoryzomys nigripes,Gigantolaelaps gilmorei,FALSE,37017,mammalia,rodentia,cricetidae,Gigantolaelaps gilmorei,VectorMap,MiteMap,on_host_occurrence,Brazil,,1
Oligoryzomys nigripes,Gigantolaelaps oudemansi,FALSE,37017,mammalia,rodentia,cricetidae,Gigantolaelaps oudemansi,VectorMap,MiteMap,on_host_occurrence,Brazil,,1
Oligoryzomys nigripes,Gigantolaelaps wolffsohni,FALSE,37017,mammalia,rodentia,cricetidae,Gigantolaelaps wolffsohni,VectorMap,MiteMap,on_host_occurrence,Brazil,,5
Oligoryzomys nigripes,Laelaps paulistanensis,FALSE,37017,mammalia,rodentia,cricetidae,Laelaps paulistanensis,VectorMap,MiteMap,on_host_occurrence,Brazil,,4
Oligoryzomys nigripes,Mysolaelaps parvispinosus,FALSE,37017,mammalia,rodentia,cricetidae,Mysolaelaps parvispinosus,VectorMap,MiteMap,on_host_occurrence,Brazil,,4
Oligoryzomys nigripes,Polygenis atopus,FALSE,37017,mammalia,rodentia,cricetidae,Polygenis atopus,VectorMap,FleaMap,on_host_occurrence,Brazil,,4
Oligoryzomys nigripes,Polygenis pradoi,FALSE,37017,mammalia,rodentia,cricetidae,Polygenis pradoi,VectorMap,FleaMap,on_host_occurrence,Brazil,,1
Oligoryzomys nigripes,Polygenis rimatus,FALSE,37017,mammalia,rodentia,cricetidae,Polygenis rimatus,VectorMap,FleaMap,on_host_occurrence,Brazil,,6
Oligoryzomys nigripes,Polygenis roberti,FALSE,37017,mammalia,rodentia,cricetidae,Polygenis roberti roberti,VectorMap,FleaMap,on_host_occurrence,Brazil,,2
Oligoryzomys nigripes,Polygenis tripus,FALSE,37017,mammalia,rodentia,cricetidae,Polygenis tripus,VectorMap,FleaMap,on_host_occurrence,Brazil,,1
Oligoryzomys nigripes,Pulex irritans,FALSE,37017,mammalia,rodentia,cricetidae,Pulex irritans,VectorMap,FleaMap,on_host_occurrence,Brazil,,1
Ondatra zibethicus,Ctenocephalides felis,FALSE,10060,mammalia,rodentia,cricetidae,Ctenocephalides felis,VectorMap,FleaMap,on_host_occurrence,United States,,1
Ondatra zibethicus,Culex tarsalis,FALSE,10060,mammalia,rodentia,cricetidae,Culex tarsalis,VectorMap,BloodMealMap,blood_meal,Unites States,,1
Ondatra zibethicus,Ixodes banki,FALSE,10060,mammalia,rodentia,cricetidae,Ixodes banki,VectorMap,TickMap,on_host_occurrence,United States of America,,40
Onychomys leucogaster,Echidnophaga gallinacea,FALSE,38668,mammalia,rodentia,cricetidae,Echidnophaga gallinacea,VectorMap,FleaMap,on_host_occurrence,United States,,1
Onychomys leucogaster,Ixodes spinipalpis,FALSE,38668,mammalia,rodentia,cricetidae,Ixodes spinipalpis,VectorMap,TickMap,on_host_occurrence,United States of America,,4
Onychomys leucogaster,Thrassis bacchi,FALSE,38668,mammalia,rodentia,cricetidae,Thrassis bacchi; Thrassis bacchi bacchi,VectorMap,FleaMap,on_host_occurrence,United States,,3
Onychomys leucogaster,Thrassis bacchi,TRUE,38668,mammalia,rodentia,cricetidae,Thrassis bacchi gladiolis,VectorMap,FleaMap,on_host_occurrence,United States,,7
Oryctolagus cuniculus,Aedes albopictus,FALSE,9986,mammalia,lagomorpha,leporidae,Aedes albopictus,VectorMap,BloodMealMap,blood_meal,Japan,,1
Oryctolagus cuniculus,Aedes camptorhynchus,FALSE,9986,mammalia,lagomorpha,leporidae,Aedes camptorhynchus,VectorMap,BloodMealMap,blood_meal,Australia,,1
Oryctolagus cuniculus,Anopheles atroparvus,FALSE,9986,mammalia,lagomorpha,leporidae,Anopheles atroparvus,MapVEu; VectorMap,BloodMealMap; MapVEu,blood_meal,ESP; United Kingdom,,24
Oryctolagus cuniculus,Anopheles maculipennis,FALSE,9986,mammalia,lagomorpha,leporidae,Anopheles maculipennis,VectorMap,BloodMealMap,blood_meal,United Kingdom,,1
Oryctolagus cuniculus,Anopheles maculipennis sensu lato BTLHVDV-2014,TRUE,9986,mammalia,lagomorpha,leporidae,Anopheles maculipennis sensu lato BTLHVDV-2014,MapVEu,MapVEu,blood_meal,United Kingdom,vector_sensu_lato,206
Oryctolagus cuniculus,Culex pipiens,FALSE,9986,mammalia,lagomorpha,leporidae,Culex pipiens,MapVEu,MapVEu,blood_meal,United Kingdom,,1
Oryctolagus cuniculus,Culiseta annulata,FALSE,9986,mammalia,lagomorpha,leporidae,Culiseta annulata,MapVEu; VectorMap,BloodMealMap; MapVEu,blood_meal,United Kingdom,,5
Oryctolagus cuniculus,Haemaphysalis leporispalustris,FALSE,9986,mammalia,lagomorpha,leporidae,Haemaphysalis leporispalustris,VectorMap,TickMap,on_host_occurrence,United States of America,,3
Oryctolagus cuniculus,Ixodes ventalloi,FALSE,9986,mammalia,lagomorpha,leporidae,Ixodes ventalloi,VectorMap,TickMap,on_host_occurrence,Morocco,,1
Oryctolagus cuniculus,Rhipicephalus pusillus,FALSE,9986,mammalia,lagomorpha,leporidae,Rhipicephalus pusillus,VectorMap,TickMap,on_host_occurrence,Morocco,,2
Oryctolagus cuniculus,Rhipicephalus sanguineus,FALSE,9986,mammalia,lagomorpha,leporidae,Rhipicephalus sanguineus,VectorMap,TickMap,on_host_occurrence,Cote D'Ivoire,,1
Oryctolagus cuniculus,Rhipicephalus turanicus,FALSE,9986,mammalia,lagomorpha,leporidae,Rhipicephalus turanicus,VectorMap,TickMap,on_host_occurrence,Morocco,,1
Otis tarda,Rhipicephalus sanguineus,FALSE,73107,aves,otidiformes,otididae,Rhipicephalus sanguineus,VectorMap,TickMap,on_host_occurrence,Burkina Faso; Mauritania,,2
Otocyon megalotis,Echidnophaga gallinacea,FALSE,9624,mammalia,carnivora,canidae,Echidnophaga gallinacea,VectorMap,FleaMap,on_host_occurrence,Botswana,,9
Ovis aries,Aedeomyia africana,FALSE,9940,mammalia,artiodactyla,bovidae,Aedeomyia africana,VectorMap,BloodMealMap,blood_meal,Kenya,,1
Ovis aries,Aedes aegypti,FALSE,9940,mammalia,artiodactyla,bovidae,Aedes aegypti,VectorMap,BloodMealMap,blood_meal,Kenya,,1
Ovis aries,Aedes camptorhynchus,FALSE,9940,mammalia,artiodactyla,bovidae,Aedes camptorhynchus,VectorMap,BloodMealMap,blood_meal,Australia,,2
Ovis aries,Aedes dorsalis,FALSE,9940,mammalia,artiodactyla,bovidae,Aedes dorsalis,VectorMap,BloodMealMap,blood_meal,Unites States,,1
Ovis aries,Aedes geniculatus,FALSE,9940,mammalia,artiodactyla,bovidae,Aedes geniculatus,VectorMap,BloodMealMap,blood_meal,Switzerland,,1
Ovis aries,Aedes hirsutus,FALSE,9940,mammalia,artiodactyla,bovidae,Aedes hirsutus,VectorMap,BloodMealMap,blood_meal,Senegal,,1
Ovis aries,Aedes japonicus,FALSE,9940,mammalia,artiodactyla,bovidae,Aedes japonicus,VectorMap,BloodMealMap,blood_meal,Switzerland,,1
Ovis aries,Aedes mcintoshi,FALSE,9940,mammalia,artiodactyla,bovidae,Aedes mcintoshi,VectorMap,BloodMealMap,blood_meal,Kenya,,2
Ovis aries,Aedes nigromaculis,FALSE,9940,mammalia,artiodactyla,bovidae,Aedes nigromaculis,VectorMap,BloodMealMap,blood_meal,Unites States,,1
Ovis aries,Aedes ochraceus,FALSE,9940,mammalia,artiodactyla,bovidae,Aedes ochraceus,VectorMap,BloodMealMap,blood_meal,Kenya; Senegal,,2
Ovis aries,Aedes sollicitans,FALSE,9940,mammalia,artiodactyla,bovidae,Aedes sollicitans,VectorMap,BloodMealMap,blood_meal,Unites States,,1
Ovis aries,Aedes sticticus,FALSE,9940,mammalia,artiodactyla,bovidae,Aedes sticticus,VectorMap,BloodMealMap,blood_meal,Serbia,,1
Ovis aries,Aedes sudanensis,FALSE,9940,mammalia,artiodactyla,bovidae,Aedes sudanensis,VectorMap,BloodMealMap,blood_meal,Kenya,,1
Ovis aries,Aedes trivittatus,FALSE,9940,mammalia,artiodactyla,bovidae,Aedes trivittatus,VectorMap,BloodMealMap,blood_meal,Unites States,,1
Ovis aries,Aedes vexans,FALSE,9940,mammalia,artiodactyla,bovidae,Aedes vexans,VectorMap,BloodMealMap,blood_meal,Senegal; Serbia; Switzerland; Unites States,,10
Ovis aries,Aedes vittatus,FALSE,9940,mammalia,artiodactyla,bovidae,Aedes vittatus,VectorMap,BloodMealMap,blood_meal,Kenya,,1
Ovis aries,Amblyomma americanum,FALSE,9940,mammalia,artiodactyla,bovidae,Amblyomma americanum,VectorMap,TickMap,on_host_occurrence,United States of America,,144
Ovis aries,Amblyomma astrion,FALSE,9940,mammalia,artiodactyla,bovidae,Amblyomma astrion,VectorMap,TickMap,on_host_occurrence,Angola,,1
Ovis aries,Amblyomma gemma,FALSE,9940,mammalia,artiodactyla,bovidae,Amblyomma gemma,VectorMap,TickMap,on_host_occurrence,Djibouti; Kenya,,5
Ovis aries,Amblyomma hebraeum,FALSE,9940,mammalia,artiodactyla,bovidae,Amblyomma hebraeum,VectorMap,TickMap,on_host_occurrence,Zambia,,1
Ovis aries,Amblyomma lepidum,FALSE,9940,mammalia,artiodactyla,bovidae,Amblyomma lepidum,VectorMap,TickMap,on_host_occurrence,Sudan,,2
Ovis aries,Amblyomma maculatum,FALSE,9940,mammalia,artiodactyla,bovidae,Amblyomma maculatum,VectorMap,TickMap,on_host_occurrence,United States of America,,480
Ovis aries,Amblyomma variegatum,FALSE,9940,mammalia,artiodactyla,bovidae,Amblyomma variegatum,VectorMap,TickMap,on_host_occurrence,"Benin; Burkina Faso; Congo, The Democratic Republic of The; Cote D'Ivoire; Gabon; Guinea-Bissau; Kenya; Mali; Rwanda; Senegal; Sudan; Uganda; Zambia",,42
Ovis aries,Anopheles albitarsis,FALSE,9940,mammalia,artiodactyla,bovidae,Anopheles albitarsis,VectorMap,BloodMealMap,blood_meal,Brazil,,1
Ovis aries,Anopheles arabiensis,FALSE,9940,mammalia,artiodactyla,bovidae,Anopheles arabiensis,MapVEu; VectorMap,BloodMealMap; MapVEu,blood_meal,Kenya,,4
Ovis aries,Anopheles atroparvus,FALSE,9940,mammalia,artiodactyla,bovidae,Anopheles atroparvus,MapVEu; VectorMap,BloodMealMap; MapVEu,blood_meal,ESP; United Kingdom,,3
Ovis aries,Anopheles claviger,FALSE,9940,mammalia,artiodactyla,bovidae,Anopheles claviger,VectorMap,BloodMealMap,blood_meal,Iran,,1
Ovis aries,Anopheles coustani,FALSE,9940,mammalia,artiodactyla,bovidae,Anopheles coustani,MapVEu; VectorMap,BloodMealMap; MapVEu,blood_meal,Kenya,,6
Ovis aries,Anopheles funestus,FALSE,9940,mammalia,artiodactyla,bovidae,Anopheles funestus,MapVEu; VectorMap,BloodMealMap; MapVEu,blood_meal,Kenya,,4
Ovis aries,Anopheles gambiae,FALSE,9940,mammalia,artiodactyla,bovidae,Anopheles gambiae,MapVEu; VectorMap,BloodMealMap; MapVEu,blood_meal,Kenya,,5
Ovis aries,Anopheles hyrcanus,FALSE,9940,mammalia,artiodactyla,bovidae,Anopheles hyrcanus,VectorMap,BloodMealMap,blood_meal,Iran,,1
Ovis aries,Anopheles maculipennis,FALSE,9940,mammalia,artiodactyla,bovidae,Anopheles maculipennis,VectorMap,BloodMealMap,blood_meal,Switzerland; United Kingdom,,2
Ovis aries,Anopheles maculipennis sensu lato BTLHVDV-2014,TRUE,9940,mammalia,artiodactyla,bovidae,Anopheles maculipennis sensu lato BTLHVDV-2014,MapVEu,MapVEu,blood_meal,United Kingdom,vector_sensu_lato,1
Ovis aries,Anopheles messeae x Anopheles daciae,TRUE,9940,mammalia,artiodactyla,bovidae,Anopheles messeae x Anopheles daciae,MapVEu,MapVEu,blood_meal,United Kingdom,vector_hybrid,3
Ovis aries,Anopheles pharoensis,FALSE,9940,mammalia,artiodactyla,bovidae,Anopheles pharoensis,VectorMap,BloodMealMap,blood_meal,Kenya; Senegal,,2
Ovis aries,Anopheles punctipennis,FALSE,9940,mammalia,artiodactyla,bovidae,Anopheles punctipennis,VectorMap,BloodMealMap,blood_meal,Unites States,,1
Ovis aries,Anopheles stephensi,FALSE,9940,mammalia,artiodactyla,bovidae,Anopheles stephensi,VectorMap,BloodMealMap,blood_meal,Iran,,1
Ovis aries,Anopheles superpictus,FALSE,9940,mammalia,artiodactyla,bovidae,Anopheles superpictus,VectorMap,BloodMealMap,blood_meal,Iran,,1
Ovis aries,Culex annulioris,FALSE,9940,mammalia,artiodactyla,bovidae,Culex annulioris,VectorMap,BloodMealMap,blood_meal,Kenya,,1
Ovis aries,Culex antennatus,FALSE,9940,mammalia,artiodactyla,bovidae,Culex antennatus,VectorMap,BloodMealMap,blood_meal,Senegal,,1
Ovis aries,Culex globocoxitus,FALSE,9940,mammalia,artiodactyla,bovidae,Culex globocoxitus,VectorMap,BloodMealMap,blood_meal,Australia,,1
Ovis aries,Culex neavei,FALSE,9940,mammalia,artiodactyla,bovidae,Culex neavei,VectorMap,BloodMealMap,blood_meal,Kenya,,1
Ovis aries,Culex pipiens,FALSE,9940,mammalia,artiodactyla,bovidae,Culex pipiens,VectorMap,BloodMealMap,blood_meal,Iran; Kenya,,9
Ovis aries,Culex poicilipes,FALSE,9940,mammalia,artiodactyla,bovidae,Culex poicilipes,VectorMap,BloodMealMap,blood_meal,Senegal,,1
Ovis aries,Culex quinquefasciatus,FALSE,9940,mammalia,artiodactyla,bovidae,Culex quinquefasciatus,VectorMap,BloodMealMap,blood_meal,Brazil,,1
Ovis aries,Culex salinarius,FALSE,9940,mammalia,artiodactyla,bovidae,Culex salinarius,VectorMap,BloodMealMap,blood_meal,Unites States,,1
Ovis aries,Culex sitiens,FALSE,9940,mammalia,artiodactyla,bovidae,Culex sitiens,VectorMap,BloodMealMap,blood_meal,Iran,,2
Ovis aries,Culex tarsalis,FALSE,9940,mammalia,artiodactyla,bovidae,Culex tarsalis,VectorMap,BloodMealMap,blood_meal,Unites States,,2
Ovis aries,Culex theileri,FALSE,9940,mammalia,artiodactyla,bovidae,Culex theileri,VectorMap,BloodMealMap,blood_meal,ESP; Iran,,2
Ovis aries,Culex tritaeniorhynchus,FALSE,9940,mammalia,artiodactyla,bovidae,Culex tritaeniorhynchus,VectorMap,BloodMealMap,blood_meal,Senegal,,1
Ovis aries,Culex univittatus,FALSE,9940,mammalia,artiodactyla,bovidae,Culex univittatus,VectorMap,BloodMealMap,blood_meal,Kenya,,1
Ovis aries,Culiseta annulata,FALSE,9940,mammalia,artiodactyla,bovidae,Culiseta annulata,MapVEu; VectorMap,BloodMealMap; MapVEu,blood_meal,United Kingdom,,6
Ovis aries,Culiseta incidens,FALSE,9940,mammalia,artiodactyla,bovidae,Culiseta incidens,VectorMap,BloodMealMap,blood_meal,Unites States,,1
Ovis aries,Culiseta inornata,FALSE,9940,mammalia,artiodactyla,bovidae,Culiseta inornata,VectorMap,BloodMealMap,blood_meal,Unites States,,1
Ovis aries,Dermacentor marginatus,FALSE,9940,mammalia,artiodactyla,bovidae,Dermacentor marginatus,VectorMap,TickMap,on_host_occurrence,Georgia,,1
Ovis aries,Dermacentor nuttalli,FALSE,9940,mammalia,artiodactyla,bovidae,Dermacentor nuttalli,VectorMap,TickMap,on_host_occurrence,Mongolia,,28
Ovis aries,Haemaphysalis aciculifer,FALSE,9940,mammalia,artiodactyla,bovidae,Haemaphysalis aciculifer,VectorMap,TickMap,on_host_occurrence,Uganda; Zimbabwe,,8
Ovis aries,Haemaphysalis leachi,FALSE,9940,mammalia,artiodactyla,bovidae,Haemaphysalis leachi,VectorMap,TickMap,on_host_occurrence,Zambia,,1
Ovis aries,Haemaphysalis longicornis,FALSE,9940,mammalia,artiodactyla,bovidae,Haemaphysalis longicornis,VectorMap,TickMap,on_host_occurrence,United States of America,,24
Ovis aries,Haemaphysalis parmata,FALSE,9940,mammalia,artiodactyla,bovidae,Haemaphysalis parmata,VectorMap,TickMap,on_host_occurrence,"Congo, The Democratic Republic of The; Cote D'Ivoire",,2
Ovis aries,Haemaphysalis parva,FALSE,9940,mammalia,artiodactyla,bovidae,Haemaphysalis parva,VectorMap,TickMap,on_host_occurrence,Libyan Arab Jamahiriya,,1
Ovis aries,Haemaphysalis punctata,FALSE,9940,mammalia,artiodactyla,bovidae,Haemaphysalis punctata,VectorMap,TickMap,on_host_occurrence,Morocco,,2
Ovis aries,Hyalomma albiparmatum,FALSE,9940,mammalia,artiodactyla,bovidae,Hyalomma albiparmatum,VectorMap,TickMap,on_host_occurrence,"Tanzania, United Republic of",,1
Ovis aries,Hyalomma anatolicum,FALSE,9940,mammalia,artiodactyla,bovidae,Hyalomma anatolicum,VectorMap,TickMap,on_host_occurrence,Libyan Arab Jamahiriya; Sudan,,13
Ovis aries,Hyalomma dromedarii,FALSE,9940,mammalia,artiodactyla,bovidae,Hyalomma dromedarii,VectorMap,TickMap,on_host_occurrence,Djibouti; Egypt; Senegal,,3
Ovis aries,Hyalomma excavatum,FALSE,9940,mammalia,artiodactyla,bovidae,Hyalomma excavatum,VectorMap,TickMap,on_host_occurrence,Algeria; Djibouti; Libyan Arab Jamahiriya; Morocco,,9
Ovis aries,Hyalomma franchinii,FALSE,9940,mammalia,artiodactyla,bovidae,Hyalomma franchinii,VectorMap,TickMap,on_host_occurrence,Libyan Arab Jamahiriya,,1
Ovis aries,Hyalomma impeltatum,FALSE,9940,mammalia,artiodactyla,bovidae,Hyalomma impeltatum,VectorMap,TickMap,on_host_occurrence,Cote D'Ivoire; Libyan Arab Jamahiriya; Mali; Mauritania; Morocco; Niger; Senegal,,16
Ovis aries,Hyalomma impressum,FALSE,9940,mammalia,artiodactyla,bovidae,Hyalomma impressum,VectorMap,TickMap,on_host_occurrence,Cote D'Ivoire; South Africa,,2
Ovis aries,Hyalomma lusitanicum,FALSE,9940,mammalia,artiodactyla,bovidae,Hyalomma lusitanicum,VectorMap,TickMap,on_host_occurrence,Morocco,,1
Ovis aries,Hyalomma marginatum,FALSE,9940,mammalia,artiodactyla,bovidae,Hyalomma marginatum,VectorMap,TickMap,on_host_occurrence,Algeria; Kenya; Turkey,,5
Ovis aries,Hyalomma rufipes,FALSE,9940,mammalia,artiodactyla,bovidae,Hyalomma rufipes,VectorMap,TickMap,on_host_occurrence,Burkina Faso; Djibouti; Mali; Mauritania; Senegal; Sudan; Zambia,,11
Ovis aries,Hyalomma truncatum,FALSE,9940,mammalia,artiodactyla,bovidae,Hyalomma truncatum,VectorMap,TickMap,on_host_occurrence,"Botswana; Burkina Faso; Congo, The Democratic Republic of The; Cote D'Ivoire; Djibouti; Kenya; Mali; Mauritania; Nigeria; Senegal; South Africa; Zambia",,23
Ovis aries,Ixodes cavipalpus,FALSE,9940,mammalia,artiodactyla,bovidae,Ixodes cavipalpus,VectorMap,TickMap,on_host_occurrence,"Congo, The Democratic Republic of The",,1
Ovis aries,Ixodes muniensis,FALSE,9940,mammalia,artiodactyla,bovidae,Ixodes muniensis,VectorMap,TickMap,on_host_occurrence,Cote D'Ivoire,,1
Ovis aries,Ixodes rubicundus,FALSE,9940,mammalia,artiodactyla,bovidae,Ixodes rubicundus,VectorMap,TickMap,on_host_occurrence,"Congo, The Democratic Republic of The; South Africa",,3
Ovis aries,Mansonia africana,FALSE,9940,mammalia,artiodactyla,bovidae,Mansonia africana,VectorMap,BloodMealMap,blood_meal,Kenya,,7
Ovis aries,Mansonia titillans,FALSE,9940,mammalia,artiodactyla,bovidae,Mansonia titillans,VectorMap,BloodMealMap,blood_meal,Brazil,,1
Ovis aries,Mansonia uniformis,FALSE,9940,mammalia,artiodactyla,bovidae,Mansonia uniformis,VectorMap,BloodMealMap,blood_meal,Kenya,,7
Ovis aries,Ochlerotatus camptorhynchus,FALSE,9940,mammalia,artiodactyla,bovidae,Ochlerotatus camptorhynchus,MapVEu,MapVEu,blood_meal,Australia,,21
Ovis aries,Otobius megnini,FALSE,9940,mammalia,artiodactyla,bovidae,Otobius megnini,VectorMap,TickMap,on_host_occurrence,PERU; United States,,7
Ovis aries,Psorophora ciliata,FALSE,9940,mammalia,artiodactyla,bovidae,Psorophora ciliata,VectorMap,BloodMealMap,blood_meal,Unites States,,1
Ovis aries,Psorophora confinnis,FALSE,9940,mammalia,artiodactyla,bovidae,Psorophora confinnis,VectorMap,BloodMealMap,blood_meal,Unites States,,1
Ovis aries,Psorophora cyanescens,FALSE,9940,mammalia,artiodactyla,bovidae,Psorophora cyanescens,VectorMap,BloodMealMap,blood_meal,Unites States,,1
Ovis aries,Psorophora discolor,FALSE,9940,mammalia,artiodactyla,bovidae,Psorophora discolor,VectorMap,BloodMealMap,blood_meal,Unites States,,1
Ovis aries,Psorophora signipennis,FALSE,9940,mammalia,artiodactyla,bovidae,Psorophora signipennis,VectorMap,BloodMealMap,blood_meal,Unites States,,1
Ovis aries,Rhipicephalus annulatus,FALSE,9940,mammalia,artiodactyla,bovidae,Rhipicephalus annulatus,VectorMap,TickMap,on_host_occurrence,Algeria; Egypt; Morocco,,3
Ovis aries,Rhipicephalus appendiculatus,FALSE,9940,mammalia,artiodactyla,bovidae,Rhipicephalus appendiculatus,VectorMap,TickMap,on_host_occurrence,"Burundi; Congo, The Democratic Republic of The; Kenya; Malawi; Rwanda; South Africa; Sudan; Tanzania, United Republic of; Uganda; Zambia",,16
Ovis aries,Rhipicephalus bursa,FALSE,9940,mammalia,artiodactyla,bovidae,Rhipicephalus bursa,VectorMap,TickMap,on_host_occurrence,Algeria; Morocco; Turkey,,9
Ovis aries,Rhipicephalus compositus,FALSE,9940,mammalia,artiodactyla,bovidae,Rhipicephalus compositus,VectorMap,TickMap,on_host_occurrence,Malawi; Zambia,,2
Ovis aries,Rhipicephalus decoloratus,FALSE,9940,mammalia,artiodactyla,bovidae,Rhipicephalus decoloratus,VectorMap,TickMap,on_host_occurrence,"Burkina Faso; Congo, The Democratic Republic of The; Ghana; Malawi; Mali; Nigeria; Senegal; Sudan; Zambia",,19
Ovis aries,Rhipicephalus distinctus,FALSE,9940,mammalia,artiodactyla,bovidae,Rhipicephalus distinctus,VectorMap,TickMap,on_host_occurrence,South Africa,,1
Ovis aries,Rhipicephalus duttoni,FALSE,9940,mammalia,artiodactyla,bovidae,Rhipicephalus duttoni,VectorMap,TickMap,on_host_occurrence,"Congo, The Democratic Republic of The",,1
Ovis aries,Rhipicephalus evertsi,FALSE,9940,mammalia,artiodactyla,bovidae,Rhipicephalus evertsi; Rhipicephalus evertsi evertsi,VectorMap,TickMap,on_host_occurrence,"Burkina Faso; Congo, The Democratic Republic of The; Cote D'Ivoire; Kenya; Mozambique; Rwanda; Senegal; South Africa; Sudan; Tanzania, United Republic of; Zambia",,28
Ovis aries,Rhipicephalus geigyi,FALSE,9940,mammalia,artiodactyla,bovidae,Rhipicephalus geigyi,VectorMap,TickMap,on_host_occurrence,Cote D'Ivoire; Senegal; Sierra Leone,,11
Ovis aries,Rhipicephalus glabroscutatum,FALSE,9940,mammalia,artiodactyla,bovidae,Rhipicephalus glabroscutatum,VectorMap,TickMap,on_host_occurrence,South Africa,,13
Ovis aries,Rhipicephalus guilhoni,FALSE,9940,mammalia,artiodactyla,bovidae,Rhipicephalus guilhoni,VectorMap,TickMap,on_host_occurrence,Senegal,,2
Ovis aries,Rhipicephalus interventus,FALSE,9940,mammalia,artiodactyla,bovidae,Rhipicephalus interventus,VectorMap,TickMap,on_host_occurrence,Zambia,,1
Ovis aries,Rhipicephalus kochi,FALSE,9940,mammalia,artiodactyla,bovidae,Rhipicephalus kochi,VectorMap,TickMap,on_host_occurrence,Zimbabwe,,8
Ovis aries,Rhipicephalus longus,FALSE,9940,mammalia,artiodactyla,bovidae,Rhipicephalus longus,VectorMap,TickMap,on_host_occurrence,"Congo, The Democratic Republic of The",,1
Ovis aries,Rhipicephalus lunulatus,FALSE,9940,mammalia,artiodactyla,bovidae,Rhipicephalus lunulatus,VectorMap,TickMap,on_host_occurrence,Senegal; Sierra Leone,,3
Ovis aries,Rhipicephalus microplus,FALSE,9940,mammalia,artiodactyla,bovidae,Rhipicephalus microplus,VectorMap,TickMap,on_host_occurrence,Mozambique; Zambia,,2
Ovis aries,Rhipicephalus oculatus,FALSE,9940,mammalia,artiodactyla,bovidae,Rhipicephalus oculatus,VectorMap,TickMap,on_host_occurrence,South Africa,,1
Ovis aries,Rhipicephalus pravus,FALSE,9940,mammalia,artiodactyla,bovidae,Rhipicephalus pravus,VectorMap,TickMap,on_host_occurrence,Djibouti; Sudan,,4
Ovis aries,Rhipicephalus pulchellus,FALSE,9940,mammalia,artiodactyla,bovidae,Rhipicephalus pulchellus,VectorMap,TickMap,on_host_occurrence,Djibouti; Kenya,,7
Ovis aries,Rhipicephalus punctatus,FALSE,9940,mammalia,artiodactyla,bovidae,Rhipicephalus punctatus,VectorMap,TickMap,on_host_occurrence,South Africa,,1
Ovis aries,Rhipicephalus sanguineus,FALSE,9940,mammalia,artiodactyla,bovidae,Rhipicephalus sanguineus,VectorMap,TickMap,on_host_occurrence,"Algeria; Benin; Burkina Faso; Central African Republic; Chad; Congo, The Democratic Republic of The; Cote D'Ivoire; Djibouti; Egypt; Libyan Arab Jamahiriya; Mali; Mauritania; Morocco; Niger; Nigeria; Senegal; Sudan; Tanzania, United Republic of; Zambia",,40
Ovis aries,Rhipicephalus senegalensis,FALSE,9940,mammalia,artiodactyla,bovidae,Rhipicephalus senegalensis,VectorMap,TickMap,on_host_occurrence,"Benin; Central African Republic; Congo, The Democratic Republic of The; Cote D'Ivoire; Guinea-Bissau",,10
Ovis aries,Rhipicephalus simus,FALSE,9940,mammalia,artiodactyla,bovidae,Rhipicephalus simus,VectorMap,TickMap,on_host_occurrence,"Congo, The Democratic Republic of The; Egypt; Kenya; Nigeria; South Africa; Sudan; Tanzania, United Republic of; Zambia",,13
Ovis aries,Rhipicephalus sulcatus,FALSE,9940,mammalia,artiodactyla,bovidae,Rhipicephalus sulcatus,VectorMap,TickMap,on_host_occurrence,Cote D'Ivoire; Senegal; Zambia,,3
Ovis aries,Rhipicephalus tricuspis,FALSE,9940,mammalia,artiodactyla,bovidae,Rhipicephalus tricuspis,VectorMap,TickMap,on_host_occurrence,"Benin; Congo, The Democratic Republic of The; Togo; Zambia",,5
Ovis aries,Rhipicephalus turanicus,FALSE,9940,mammalia,artiodactyla,bovidae,Rhipicephalus turanicus,VectorMap,TickMap,on_host_occurrence,Morocco,,5
Oxyura jamaicensis,Culex pipiens,FALSE,8884,aves,anseriformes,anatidae,Culex pipiens,VectorMap,BloodMealMap,blood_meal,Unites States,,1
Pan troglodytes,Culex annulirostris,FALSE,9598,mammalia,primates,hominidae,Culex annulirostris,VectorMap,BloodMealMap,blood_meal,Australia,,1
Panthera leo,Aedes japonicus,FALSE,9689,mammalia,carnivora,felidae,Aedes japonicus,VectorMap,BloodMealMap,blood_meal,Switzerland,,1
Panthera leo,Aedes vexans,FALSE,9689,mammalia,carnivora,felidae,Aedes vexans,VectorMap,BloodMealMap,blood_meal,Unites States,,1
Panthera leo,Amblyomma rhinocerotis,FALSE,9689,mammalia,carnivora,felidae,Amblyomma rhinocerotis,VectorMap,TickMap,on_host_occurrence,"Tanzania, United Republic of",,6
Panthera leo,Amblyomma sparsum,FALSE,9689,mammalia,carnivora,felidae,Amblyomma sparsum,VectorMap,TickMap,on_host_occurrence,Zambia,,1
Panthera leo,Amblyomma variegatum,FALSE,9689,mammalia,carnivora,felidae,Amblyomma variegatum,VectorMap,TickMap,on_host_occurrence,Zambia,,1
Panthera leo,Argas brumpti,FALSE,9689,mammalia,carnivora,felidae,Argas brumpti,VectorMap,TickMap,on_host_occurrence,Kenya,,1
Panthera leo,Echidnophaga gallinacea,FALSE,9689,mammalia,carnivora,felidae,Echidnophaga gallinacea,VectorMap,FleaMap,on_host_occurrence,United States,,5
Panthera leo,Haemaphysalis aciculifer,FALSE,9689,mammalia,carnivora,felidae,Haemaphysalis aciculifer,VectorMap,TickMap,on_host_occurrence,"Tanzania, United Republic of; Zambia",,2
Panthera leo,Haemaphysalis leachi,FALSE,9689,mammalia,carnivora,felidae,Haemaphysalis leachi,VectorMap,TickMap,on_host_occurrence,"Burkina Faso; Congo, The Democratic Republic of The; Malawi; Sudan; Zambia",,10
Panthera leo,Haemaphysalis moreli,FALSE,9689,mammalia,carnivora,felidae,Haemaphysalis moreli,VectorMap,TickMap,on_host_occurrence,Burkina Faso; Ethiopia,,2
Panthera leo,Haemaphysalis paraleachi,FALSE,9689,mammalia,carnivora,felidae,Haemaphysalis paraleachi,VectorMap,TickMap,on_host_occurrence,"Cameroon; Central African Republic; Congo, The Democratic Republic of The; Tanzania, United Republic of; Uganda",,7
Panthera leo,Hyalomma truncatum,FALSE,9689,mammalia,carnivora,felidae,Hyalomma truncatum,VectorMap,TickMap,on_host_occurrence,Zambia,,1
Panthera leo,Ixodes cavipalpus,FALSE,9689,mammalia,carnivora,felidae,Ixodes cavipalpus,VectorMap,TickMap,on_host_occurrence,Zambia,,1
Panthera leo,Rhipicentor bicornis,FALSE,9689,mammalia,carnivora,felidae,Rhipicentor bicornis,VectorMap,TickMap,on_host_occurrence,"Congo, The Democratic Republic of The",,1
Panthera leo,Rhipicephalus appendiculatus,FALSE,9689,mammalia,carnivora,felidae,Rhipicephalus appendiculatus,VectorMap,TickMap,on_host_occurrence,"Congo, The Democratic Republic of The; Kenya; Zambia",,4
Panthera leo,Rhipicephalus aquatilis,FALSE,9689,mammalia,carnivora,felidae,Rhipicephalus aquatilis,VectorMap,TickMap,on_host_occurrence,Uganda,,1
Panthera leo,Rhipicephalus carnivoralis,FALSE,9689,mammalia,carnivora,felidae,Rhipicephalus carnivoralis,VectorMap,TickMap,on_host_occurrence,Kenya; Zambia,,6
Panthera leo,Rhipicephalus compositus,FALSE,9689,mammalia,carnivora,felidae,Rhipicephalus compositus,VectorMap,TickMap,on_host_occurrence,Kenya; Zambia,,3
Panthera leo,Rhipicephalus evertsi,FALSE,9689,mammalia,carnivora,felidae,Rhipicephalus evertsi evertsi,VectorMap,TickMap,on_host_occurrence,Zambia,,1
Panthera leo,Rhipicephalus kochi,FALSE,9689,mammalia,carnivora,felidae,Rhipicephalus kochi,VectorMap,TickMap,on_host_occurrence,Kenya; Malawi,,2
Panthera leo,Rhipicephalus longus,FALSE,9689,mammalia,carnivora,felidae,Rhipicephalus longus,VectorMap,TickMap,on_host_occurrence,Cameroon,,1
Panthera leo,Rhipicephalus lunulatus,FALSE,9689,mammalia,carnivora,felidae,Rhipicephalus lunulatus,VectorMap,TickMap,on_host_occurrence,Angola; Kenya,,2
Panthera leo,Rhipicephalus masseyi,FALSE,9689,mammalia,carnivora,felidae,Rhipicephalus masseyi,VectorMap,TickMap,on_host_occurrence,"Mozambique; Tanzania, United Republic of; Zambia",,3
Panthera leo,Rhipicephalus muhsamae,FALSE,9689,mammalia,carnivora,felidae,Rhipicephalus muhsamae,VectorMap,TickMap,on_host_occurrence,Burkina Faso,,1
Panthera leo,Rhipicephalus planus,FALSE,9689,mammalia,carnivora,felidae,Rhipicephalus planus,VectorMap,TickMap,on_host_occurrence,Zambia,,1
Panthera leo,Rhipicephalus pravus,FALSE,9689,mammalia,carnivora,felidae,Rhipicephalus pravus,VectorMap,TickMap,on_host_occurrence,Zambia,,1
Panthera leo,Rhipicephalus pulchellus,FALSE,9689,mammalia,carnivora,felidae,Rhipicephalus pulchellus,VectorMap,TickMap,on_host_occurrence,Kenya,,1
Panthera leo,Rhipicephalus sanguineus,FALSE,9689,mammalia,carnivora,felidae,Rhipicephalus sanguineus,VectorMap,TickMap,on_host_occurrence,Burkina Faso; Sudan; Zambia,,3
Panthera leo,Rhipicephalus simus,FALSE,9689,mammalia,carnivora,felidae,Rhipicephalus simus,VectorMap,TickMap,on_host_occurrence,"Burkina Faso; Congo, The Democratic Republic of The; Kenya; Malawi; Sudan; Zambia",,9
Panthera leo,Rhipicephalus sulcatus,FALSE,9689,mammalia,carnivora,felidae,Rhipicephalus sulcatus,VectorMap,TickMap,on_host_occurrence,Burkina Faso; Zambia,,2
Panthera leo,Rhipicephalus tricuspis,FALSE,9689,mammalia,carnivora,felidae,Rhipicephalus tricuspis,VectorMap,TickMap,on_host_occurrence,Zambia,,1
Panthera onca,Ixodes scapularis,FALSE,9690,mammalia,carnivora,felidae,Ixodes scapularis,VectorMap,TickMap,on_host_occurrence,Mexico,,4
Panthera pardus,Amblyomma nuttalli,FALSE,421001,mammalia,carnivora,felidae,Amblyomma nuttalli,VectorMap,TickMap,on_host_occurrence,Cote D'Ivoire,,2
Panthera pardus,Amblyomma sparsum,FALSE,421001,mammalia,carnivora,felidae,Amblyomma sparsum,VectorMap,TickMap,on_host_occurrence,Zambia,,10
Panthera pardus,Amblyomma variegatum,FALSE,421001,mammalia,carnivora,felidae,Amblyomma variegatum,VectorMap,TickMap,on_host_occurrence,Guinea-Bissau; Zambia,,2
Panthera pardus,Haemaphysalis indica,FALSE,421001,mammalia,carnivora,felidae,Haemaphysalis indica,VectorMap,TickMap,on_host_occurrence,Sierra Leone,,1
Panthera pardus,Haemaphysalis leachi,FALSE,421001,mammalia,carnivora,felidae,Haemaphysalis leachi,VectorMap,TickMap,on_host_occurrence,"Burkina Faso; Cameroon; Congo, The Democratic Republic of The; Cote D'Ivoire; Rwanda; Zambia",,22
Panthera pardus,Haemaphysalis moreli,FALSE,421001,mammalia,carnivora,felidae,Haemaphysalis moreli,VectorMap,TickMap,on_host_occurrence,Burkina Faso; Kenya; Mali,,3
Panthera pardus,Haemaphysalis paraleachi,FALSE,421001,mammalia,carnivora,felidae,Haemaphysalis paraleachi,VectorMap,TickMap,on_host_occurrence,"Congo, The Democratic Republic of The; Cote D'Ivoire; Kenya; Mali; Zambia",,5
Panthera pardus,Haemaphysalis parmata,FALSE,421001,mammalia,carnivora,felidae,Haemaphysalis parmata,VectorMap,TickMap,on_host_occurrence,Cote D'Ivoire,,1
Panthera pardus,Haemaphysalis spinulosa,FALSE,421001,mammalia,carnivora,felidae,Haemaphysalis spinulosa,VectorMap,TickMap,on_host_occurrence,Sudan,,1
Panthera pardus,Ixodes cavipalpus,FALSE,421001,mammalia,carnivora,felidae,Ixodes cavipalpus,VectorMap,TickMap,on_host_occurrence,Zambia,,2
Panthera pardus,Ixodes cumulatimpunctatus,FALSE,421001,mammalia,carnivora,felidae,Ixodes cumulatimpunctatus,VectorMap,TickMap,on_host_occurrence,"Cote D'Ivoire; Tanzania, United Republic of",,3
Panthera pardus,Ixodes moreli,FALSE,421001,mammalia,carnivora,felidae,Ixodes moreli,VectorMap,TickMap,on_host_occurrence,Cote D'Ivoire,,1
Panthera pardus,Ixodes muniensis,FALSE,421001,mammalia,carnivora,felidae,Ixodes muniensis,VectorMap,TickMap,on_host_occurrence,"Cameroon; Congo, The Democratic Republic of The; Cote D'Ivoire",,5
Panthera pardus,Ixodes oldi,FALSE,421001,mammalia,carnivora,felidae,Ixodes oldi,VectorMap,TickMap,on_host_occurrence,Cote D'Ivoire,,1
Panthera pardus,Ixodes rasus,FALSE,421001,mammalia,carnivora,felidae,Ixodes rasus,VectorMap,TickMap,on_host_occurrence,Cameroon; Ghana,,2
Panthera pardus,Rhipicentor bicornis,FALSE,421001,mammalia,carnivora,felidae,Rhipicentor bicornis,VectorMap,TickMap,on_host_occurrence,Zambia,,1
Panthera pardus,Rhipicentor nuttalli,FALSE,421001,mammalia,carnivora,felidae,Rhipicentor nuttalli,VectorMap,TickMap,on_host_occurrence,Zimbabwe,,23
Panthera pardus,Rhipicephalus appendiculatus,FALSE,421001,mammalia,carnivora,felidae,Rhipicephalus appendiculatus,VectorMap,TickMap,on_host_occurrence,"Congo, The Democratic Republic of The; Rwanda",,2
Panthera pardus,Rhipicephalus carnivoralis,FALSE,421001,mammalia,carnivora,felidae,Rhipicephalus carnivoralis,VectorMap,TickMap,on_host_occurrence,"Kenya; Nigeria; Tanzania, United Republic of",,5
Panthera pardus,Rhipicephalus kochi,FALSE,421001,mammalia,carnivora,felidae,Rhipicephalus kochi,VectorMap,TickMap,on_host_occurrence,Angola,,1
Panthera pardus,Rhipicephalus masseyi,FALSE,421001,mammalia,carnivora,felidae,Rhipicephalus masseyi,VectorMap,TickMap,on_host_occurrence,Zambia,,1
Panthera pardus,Rhipicephalus muehlensi,FALSE,421001,mammalia,carnivora,felidae,Rhipicephalus muehlensi,VectorMap,TickMap,on_host_occurrence,"Congo, The Democratic Republic of The",,1
Panthera pardus,Rhipicephalus muhsamae,FALSE,421001,mammalia,carnivora,felidae,Rhipicephalus muhsamae,VectorMap,TickMap,on_host_occurrence,Burkina Faso,,1
Panthera pardus,Rhipicephalus pravus,FALSE,421001,mammalia,carnivora,felidae,Rhipicephalus pravus,VectorMap,TickMap,on_host_occurrence,Zambia,,2
Panthera pardus,Rhipicephalus sanguineus,FALSE,421001,mammalia,carnivora,felidae,Rhipicephalus sanguineus,VectorMap,TickMap,on_host_occurrence,"Burkina Faso; Chad; Congo, The Democratic Republic of The; Mali; Rwanda; Zambia",,7
Panthera pardus,Rhipicephalus senegalensis,FALSE,421001,mammalia,carnivora,felidae,Rhipicephalus senegalensis,VectorMap,TickMap,on_host_occurrence,Burkina Faso; Guinea-Bissau,,4
Panthera pardus,Rhipicephalus simus,FALSE,421001,mammalia,carnivora,felidae,Rhipicephalus simus,VectorMap,TickMap,on_host_occurrence,Angola; Burkina Faso; Chad; Rwanda; Sudan; Zambia; Zimbabwe,,352
Panthera pardus,Rhipicephalus sulcatus,FALSE,421001,mammalia,carnivora,felidae,Rhipicephalus sulcatus,VectorMap,TickMap,on_host_occurrence,Burkina Faso; Sudan; Zambia,,3
Panthera pardus,Rhipicephalus tricuspis,FALSE,421001,mammalia,carnivora,felidae,Rhipicephalus tricuspis,VectorMap,TickMap,on_host_occurrence,"Congo, The Democratic Republic of The; Zambia",,2
Panthera pardus,Rhipicephalus ziemanni,FALSE,421001,mammalia,carnivora,felidae,Rhipicephalus ziemanni,VectorMap,TickMap,on_host_occurrence,"Congo, The Democratic Republic of The; Cote D'Ivoire",,2
Panthera tigris,Aedes vexans,FALSE,9694,mammalia,carnivora,felidae,Aedes vexans,VectorMap,BloodMealMap,blood_meal,Unites States,,1
Panthera tigris,Culex quinquefasciatus,FALSE,9694,mammalia,carnivora,felidae,Culex quinquefasciatus,VectorMap,BloodMealMap,blood_meal,Unites States,,1
Panthera uncia,Culex quinquefasciatus,FALSE,29064,mammalia,carnivora,felidae,Culex quinquefasciatus,VectorMap,BloodMealMap,blood_meal,Unites States,,1
Papio cynocephalus,Ixodes cavipalpus,FALSE,9556,mammalia,primates,cercopithecidae,Ixodes cavipalpus,VectorMap,TickMap,on_host_occurrence,Zambia,,1
Papio papio,Aedes taylori,FALSE,100937,mammalia,primates,cercopithecidae,Aedes taylori,VectorMap,BloodMealMap,blood_meal,Senegal,,1
Papio ursinus,Rhipicephalus evertsi,FALSE,36229,mammalia,primates,cercopithecidae,Rhipicephalus evertsi evertsi,VectorMap,TickMap,on_host_occurrence,South Africa,,1
Parkesia noveboracensis,Amblyomma americanum,FALSE,182947,aves,passeriformes,parulidae,Amblyomma americanum,VectorMap,TickMap,on_host_occurrence,United States of America,,8
Parkesia noveboracensis,Culiseta melanura,FALSE,182947,aves,passeriformes,parulidae,Culiseta melanura,VectorMap,BloodMealMap,blood_meal,Unites States,,1
Parkesia noveboracensis,Haemaphysalis leporispalustris,FALSE,182947,aves,passeriformes,parulidae,Haemaphysalis leporispalustris,VectorMap,TickMap,on_host_occurrence,United States; United States of America,,11
Parkesia noveboracensis,Ixodes minor,FALSE,182947,aves,passeriformes,parulidae,Ixodes minor,VectorMap,TickMap,on_host_occurrence,United States of America,,8
Parkesia noveboracensis,Ixodes scapularis,FALSE,182947,aves,passeriformes,parulidae,Ixodes scapularis,VectorMap,TickMap,on_host_occurrence,United States of America,,8
Parus major,Aedes vexans,FALSE,9157,aves,passeriformes,paridae,Aedes vexans,VectorMap,BloodMealMap,blood_meal,Switzerland,,1
Parus major,Culex modestus,FALSE,9157,aves,passeriformes,paridae,Culex modestus,VectorMap,BloodMealMap,blood_meal,Czechia,,1
Parus major,Culex pipiens,FALSE,9157,aves,passeriformes,paridae,Culex pipiens,VectorMap,BloodMealMap,blood_meal,United Kingdom,,1
Parus major,Lutzia vorax,FALSE,9157,aves,passeriformes,paridae,Lutzia vorax,VectorMap,BloodMealMap,blood_meal,Japan,,1
Passer domesticus,Aedes japonicus,FALSE,48849,aves,passeriformes,passeridae,Aedes japonicus,VectorMap,BloodMealMap,blood_meal,Switzerland,,1
Passer domesticus,Aedes vexans,FALSE,48849,aves,passeriformes,passeridae,Aedes vexans,VectorMap,BloodMealMap,blood_meal,Switzerland; Unites States,,2
Passer domesticus,Anopheles maculipennis,FALSE,48849,aves,passeriformes,passeridae,Anopheles maculipennis,VectorMap,BloodMealMap,blood_meal,Switzerland,,1
Passer domesticus,Anopheles plumbeus,FALSE,48849,aves,passeriformes,passeridae,Anopheles plumbeus,VectorMap,BloodMealMap,blood_meal,Switzerland,,1
Passer domesticus,Culex <subgenus>,FALSE,48849,aves,passeriformes,passeridae,Culex <subgenus>,MapVEu,MapVEu,blood_meal,United Kingdom,,1
Passer domesticus,Culex globocoxitus,FALSE,48849,aves,passeriformes,passeridae,Culex globocoxitus,MapVEu,MapVEu,blood_meal,Australia,,6
Passer domesticus,Culex modestus,FALSE,48849,aves,passeriformes,passeridae,Culex modestus,VectorMap,BloodMealMap,blood_meal,Czechia,,1
Passer domesticus,Culex molestus,FALSE,48849,aves,passeriformes,passeridae,Culex molestus,VectorMap,BloodMealMap,blood_meal,Unites States,,1
Passer domesticus,Culex perexiguus,FALSE,48849,aves,passeriformes,passeridae,Culex perexiguus,VectorMap,BloodMealMap,blood_meal,ESP; Israel,,2
Passer domesticus,Culex pipiens,FALSE,48849,aves,passeriformes,passeridae,Culex pipiens,MapVEu; VectorMap,BloodMealMap; MapVEu,blood_meal,ESP; Israel; Italy; Serbia; United Kingdom; Unites States,,24
Passer domesticus,Culex pipiens molestus,TRUE,48849,aves,passeriformes,passeridae,Culex pipiens molestus,MapVEu,MapVEu,blood_meal,Australia,vector_infraspecific,1
Passer domesticus,Culex quinquefasciatus,FALSE,48849,aves,passeriformes,passeridae,Culex quinquefasciatus,VectorMap,BloodMealMap,blood_meal,Australia; Brazil; Unites States,,8
Passer domesticus,Culex restuans,FALSE,48849,aves,passeriformes,passeridae,Culex restuans,VectorMap,BloodMealMap,blood_meal,Unites States,,2
Passer domesticus,Culex stigmatosoma,FALSE,48849,aves,passeriformes,passeridae,Culex stigmatosoma,VectorMap,BloodMealMap,blood_meal,Unites States,,2
Passer domesticus,Culex tarsalis,FALSE,48849,aves,passeriformes,passeridae,Culex tarsalis,VectorMap,BloodMealMap,blood_meal,Unites States,,6
Passer domesticus,Culex territans,FALSE,48849,aves,passeriformes,passeridae,Culex territans,VectorMap,BloodMealMap,blood_meal,Switzerland,,1
Passer domesticus,Culex theileri,FALSE,48849,aves,passeriformes,passeridae,Culex theileri,VectorMap,BloodMealMap,blood_meal,ESP,,1
Passer domesticus,Culiseta melanura,FALSE,48849,aves,passeriformes,passeridae,Culiseta melanura,VectorMap,BloodMealMap,blood_meal,Unites States,,2
Passer domesticus,Culiseta morsitans,FALSE,48849,aves,passeriformes,passeridae,Culiseta morsitans,MapVEu; VectorMap,BloodMealMap; MapVEu,blood_meal,United Kingdom,,2
Passer domesticus,Haemaphysalis leporispalustris,FALSE,48849,aves,passeriformes,passeridae,Haemaphysalis leporispalustris,VectorMap,TickMap,on_host_occurrence,United States of America,,16
Passer domesticus,Ochlerotatus camptorhynchus,FALSE,48849,aves,passeriformes,passeridae,Ochlerotatus camptorhynchus,MapVEu,MapVEu,blood_meal,Australia,,2
Passer montanus,Culex pipiens,FALSE,9160,aves,passeriformes,passeridae,Culex pipiens,VectorMap,BloodMealMap,blood_meal,Japan,,2
Passerella iliaca,Ixodes pacificus,FALSE,44389,aves,passeriformes,passerellidae,Ixodes pacificus,VectorMap,TickMap,on_host_occurrence,United States of America,,12
Pavo cristatus,Culex pipiens,FALSE,9049,aves,galliformes,phasianidae,Culex pipiens,VectorMap,BloodMealMap,blood_meal,Unites States,,1
Pavo cristatus,Culex tarsalis,FALSE,9049,aves,galliformes,phasianidae,Culex tarsalis,VectorMap,BloodMealMap,blood_meal,Unites States,,1
Pekania pennanti,Dermacentor variabilis,FALSE,76720,,,,Dermacentor variabilis,VectorMap,TickMap,on_host_occurrence,United States of America,,8
Pekania pennanti,Ixodes gregsoni,FALSE,76720,,,,Ixodes gregsoni,VectorMap,TickMap,on_host_occurrence,United States of America,,5
Pelecanus erythrorhynchos,Culex tarsalis,FALSE,33618,aves,pelecaniformes,pelecanidae,Culex tarsalis,VectorMap,BloodMealMap,blood_meal,Unites States,,1
Pelecanus occidentalis,Ornithodoros capensis,FALSE,37043,aves,pelecaniformes,pelecanidae,Ornithodoros capensis,VectorMap,TickMap,on_host_occurrence,United States of America,,4
Peromyscus boylii,Anomiopsyllus nudatus,FALSE,56316,mammalia,rodentia,cricetidae,Anomiopsyllus nudatus,VectorMap,FleaMap,on_host_occurrence,United States,,1
Peromyscus boylii,Dermacentor occidentalis,FALSE,56316,mammalia,rodentia,cricetidae,Dermacentor occidentalis,VectorMap,TickMap,on_host_occurrence,United States of America,,40
Peromyscus boylii,Ixodes angustus,FALSE,56316,mammalia,rodentia,cricetidae,Ixodes angustus,VectorMap,TickMap,on_host_occurrence,United States of America,,48
Peromyscus boylii,Ixodes pacificus,FALSE,56316,mammalia,rodentia,cricetidae,Ixodes pacificus,VectorMap,TickMap,on_host_occurrence,United States of America,,32
Peromyscus boylii,Ixodes spinipalpis,FALSE,56316,mammalia,rodentia,cricetidae,Ixodes spinipalpis,VectorMap,TickMap,on_host_occurrence,United States of America,,19
Peromyscus boylii,Ixodes woodi,FALSE,56316,mammalia,rodentia,cricetidae,Ixodes woodi,VectorMap,TickMap,on_host_occurrence,United States of America,,4
Peromyscus boylii,Oropsylla montana,FALSE,56316,mammalia,rodentia,cricetidae,Oropsylla montana,VectorMap,FleaMap,on_host_occurrence,United States,,4
Peromyscus californicus,Dermacentor occidentalis,FALSE,42520,mammalia,rodentia,cricetidae,Dermacentor occidentalis,VectorMap,TickMap,on_host_occurrence,United States of America,,10
Peromyscus californicus,Ixodes angustus,FALSE,42520,mammalia,rodentia,cricetidae,Ixodes angustus,VectorMap,TickMap,on_host_occurrence,United States of America,,31
Peromyscus californicus,Ixodes pacificus,FALSE,42520,mammalia,rodentia,cricetidae,Ixodes pacificus,VectorMap,TickMap,on_host_occurrence,United States of America,,6
Peromyscus californicus,Ixodes spinipalpis,FALSE,42520,mammalia,rodentia,cricetidae,Ixodes spinipalpis,VectorMap,TickMap,on_host_occurrence,United States of America,,3
Peromyscus eremicus,Anomiopsyllus nudatus,FALSE,42410,mammalia,rodentia,cricetidae,Anomiopsyllus nudatus,VectorMap,FleaMap,on_host_occurrence,United States,,2
Peromyscus eremicus,Echidnophaga gallinacea,FALSE,42410,mammalia,rodentia,cricetidae,Echidnophaga gallinacea,VectorMap,FleaMap,on_host_occurrence,United States,,1
Peromyscus eremicus,Ixodes spinipalpis,FALSE,42410,mammalia,rodentia,cricetidae,Ixodes spinipalpis,VectorMap,TickMap,on_host_occurrence,United States of America,,4
Peromyscus eremicus,Oropsylla montana,FALSE,42410,mammalia,rodentia,cricetidae,Oropsylla montana,VectorMap,FleaMap,on_host_occurrence,United States,,1
Peromyscus eremicus,Thrassis bacchi,TRUE,42410,mammalia,rodentia,cricetidae,Thrassis bacchi gladiolis,VectorMap,FleaMap,on_host_occurrence,United States,,5
Peromyscus leucopus,Aedes cinereus,FALSE,10041,mammalia,rodentia,cricetidae,Aedes cinereus,VectorMap,BloodMealMap,blood_meal,Unites States,,1
Peromyscus leucopus,Amblyomma americanum,FALSE,10041,mammalia,rodentia,cricetidae,Amblyomma americanum,VectorMap,TickMap,on_host_occurrence,United States of America,,33
Peromyscus leucopus,Dermacentor variabilis,FALSE,10041,mammalia,rodentia,cricetidae,Dermacentor variabilis,VectorMap,TickMap,on_host_occurrence,United States of America,,296
Peromyscus leucopus,Haemaphysalis leporispalustris,FALSE,10041,mammalia,rodentia,cricetidae,Haemaphysalis leporispalustris,VectorMap,TickMap,on_host_occurrence,United States of America,,8
Peromyscus leucopus,Ixodes dentatus,FALSE,10041,mammalia,rodentia,cricetidae,Ixodes dentatus,VectorMap,TickMap,on_host_occurrence,United States of America,,16
Peromyscus leucopus,Ixodes muris,FALSE,10041,mammalia,rodentia,cricetidae,Ixodes muris,VectorMap,TickMap,on_host_occurrence,United States of America,,16
Peromyscus leucopus,Ixodes scapularis,FALSE,10041,mammalia,rodentia,cricetidae,Ixodes scapularis,VectorMap,TickMap,on_host_occurrence,United States; United States of America,,285
Peromyscus leucopus,Ixodes texanus,FALSE,10041,mammalia,rodentia,cricetidae,Ixodes texanus,VectorMap,TickMap,on_host_occurrence,United States of America,,4
Peromyscus leucopus,Rhipicephalus sanguineus,FALSE,10041,mammalia,rodentia,cricetidae,Rhipicephalus sanguineus,VectorMap,TickMap,on_host_occurrence,United States of America,,4
Peromyscus maniculatus,Anomiopsyllus nudatus,FALSE,10042,mammalia,rodentia,cricetidae,Anomiopsyllus nudatus,VectorMap,FleaMap,on_host_occurrence,United States,,6
Peromyscus maniculatus,Dermacentor occidentalis,FALSE,10042,mammalia,rodentia,cricetidae,Dermacentor occidentalis,VectorMap,TickMap,on_host_occurrence,United States of America,,58
Peromyscus maniculatus,Dermacentor variabilis,FALSE,10042,mammalia,rodentia,cricetidae,Dermacentor variabilis,VectorMap,TickMap,on_host_occurrence,United States of America,,36
Peromyscus maniculatus,Echidnophaga gallinacea,FALSE,10042,mammalia,rodentia,cricetidae,Echidnophaga gallinacea,VectorMap,FleaMap,on_host_occurrence,United States,,6
Peromyscus maniculatus,Haemaphysalis leporispalustris,FALSE,10042,mammalia,rodentia,cricetidae,Haemaphysalis leporispalustris,VectorMap,TickMap,on_host_occurrence,United States of America,,8
Peromyscus maniculatus,Ixodes angustus,FALSE,10042,mammalia,rodentia,cricetidae,Ixodes angustus,VectorMap,TickMap,on_host_occurrence,United States of America,,39
Peromyscus maniculatus,Ixodes ochotonae,FALSE,10042,mammalia,rodentia,cricetidae,Ixodes ochotonae,VectorMap,TickMap,on_host_occurrence,United States of America,,5
Peromyscus maniculatus,Ixodes pacificus,FALSE,10042,mammalia,rodentia,cricetidae,Ixodes pacificus,VectorMap,TickMap,on_host_occurrence,United States of America,,43
Peromyscus maniculatus,Ixodes scapularis,FALSE,10042,mammalia,rodentia,cricetidae,Ixodes scapularis,VectorMap,TickMap,on_host_occurrence,United States of America,,43
Peromyscus maniculatus,Ixodes spinipalpis,FALSE,10042,mammalia,rodentia,cricetidae,Ixodes spinipalpis,VectorMap,TickMap,on_host_occurrence,United States of America,,51
Peromyscus maniculatus,Ixodes woodi,FALSE,10042,mammalia,rodentia,cricetidae,Ixodes woodi,VectorMap,TickMap,on_host_occurrence,United States of America,,4
Peromyscus maniculatus,Megabothris abantis,FALSE,10042,mammalia,rodentia,cricetidae,Megabothris abantis,VectorMap,FleaMap,on_host_occurrence,United States,,5
Peromyscus maniculatus,Ornithodoros eremicus,FALSE,10042,mammalia,rodentia,cricetidae,Ornithodoros eremicus,VectorMap,TickMap,on_host_occurrence,United States,,1
Peromyscus maniculatus,Oropsylla hirsuta,FALSE,10042,mammalia,rodentia,cricetidae,Oropsylla hirsuta,VectorMap,FleaMap,on_host_occurrence,United States,,1
Peromyscus maniculatus,Oropsylla montana,FALSE,10042,mammalia,rodentia,cricetidae,Oropsylla montana,VectorMap,FleaMap,on_host_occurrence,United States,,2
Peromyscus maniculatus,Thrassis bacchi,FALSE,10042,mammalia,rodentia,cricetidae,Thrassis bacchi bacchi,VectorMap,FleaMap,on_host_occurrence,United States,,3
Peromyscus truei,Anomiopsyllus nudatus,FALSE,89101,mammalia,rodentia,cricetidae,Anomiopsyllus nudatus,VectorMap,FleaMap,on_host_occurrence,United States,,1
Peromyscus truei,Dermacentor occidentalis,FALSE,89101,mammalia,rodentia,cricetidae,Dermacentor occidentalis,VectorMap,TickMap,on_host_occurrence,United States of America,,45
Peromyscus truei,Ixodes pacificus,FALSE,89101,mammalia,rodentia,cricetidae,Ixodes pacificus,VectorMap,TickMap,on_host_occurrence,United States of America,,24
Peromyscus truei,Ixodes spinipalpis,FALSE,89101,mammalia,rodentia,cricetidae,Ixodes spinipalpis,VectorMap,TickMap,on_host_occurrence,United States of America,,4
Peromyscus truei,Ixodes woodi,FALSE,89101,mammalia,rodentia,cricetidae,Ixodes woodi,VectorMap,TickMap,on_host_occurrence,United States of America,,4
Phasianus colchicus,Coquillettidia perturbans,FALSE,9054,aves,galliformes,phasianidae,Coquillettidia perturbans,VectorMap,BloodMealMap,blood_meal,Unites States,,1
Phasianus colchicus,Culex pipiens,FALSE,9054,aves,galliformes,phasianidae,Culex pipiens,VectorMap,BloodMealMap,blood_meal,Czechia; Unites States,,2
Phasianus colchicus,Culex quinquefasciatus,FALSE,9054,aves,galliformes,phasianidae,Culex quinquefasciatus,VectorMap,BloodMealMap,blood_meal,Unites States,,2
Phasianus colchicus,Culex salinarius,FALSE,9054,aves,galliformes,phasianidae,Culex salinarius,VectorMap,BloodMealMap,blood_meal,Unites States,,1
Phasianus colchicus,Culex tarsalis,FALSE,9054,aves,galliformes,phasianidae,Culex tarsalis,VectorMap,BloodMealMap,blood_meal,Unites States,,2
Phasianus colchicus,Ixodes festai,FALSE,9054,aves,galliformes,phasianidae,Ixodes festai,VectorMap,TickMap,on_host_occurrence,Morocco,,1
Pheucticus melanocephalus,Culex pipiens,FALSE,371919,aves,passeriformes,cardinalidae,Culex pipiens,VectorMap,BloodMealMap,blood_meal,Unites States,,2
Pheucticus melanocephalus,Culex quinquefasciatus,FALSE,371919,aves,passeriformes,cardinalidae,Culex quinquefasciatus,VectorMap,BloodMealMap,blood_meal,Unites States,,1
Pheucticus melanocephalus,Culex stigmatosoma,FALSE,371919,aves,passeriformes,cardinalidae,Culex stigmatosoma,VectorMap,BloodMealMap,blood_meal,Unites States,,1
Pheucticus melanocephalus,Culex tarsalis,FALSE,371919,aves,passeriformes,cardinalidae,Culex tarsalis,VectorMap,BloodMealMap,blood_meal,Unites States,,3
Pheucticus melanocephalus,Ixodes pacificus,FALSE,371919,aves,passeriformes,cardinalidae,Ixodes pacificus,VectorMap,TickMap,on_host_occurrence,United States of America,,21
Phoca vitulina,Aedes japonicus,FALSE,9720,mammalia,carnivora,phocidae,Aedes japonicus,VectorMap,BloodMealMap,blood_meal,Switzerland,,1
Phoenicurus phoenicurus,Ixodes frontalis,FALSE,121423,aves,passeriformes,muscicapidae,Ixodes frontalis,VectorMap,TickMap,on_host_occurrence,Morocco,,1
Pica pica,Amblyomma variegatum,FALSE,34924,aves,passeriformes,corvidae,Amblyomma variegatum,VectorMap,TickMap,on_host_occurrence,Senegal,,1
Pica pica,Argas persicus,FALSE,34924,aves,passeriformes,corvidae,Argas persicus,VectorMap,TickMap,on_host_occurrence,Niger,,1
Pica pica,Culex pipiens,FALSE,34924,aves,passeriformes,corvidae,Culex pipiens,VectorMap,BloodMealMap,blood_meal,Czechia; United Kingdom,,2
Pica pica,Hyalomma aegyptium,FALSE,34924,aves,passeriformes,corvidae,Hyalomma aegyptium,VectorMap,TickMap,on_host_occurrence,Morocco,,1
Pica pica,Hyalomma marginatum,FALSE,34924,aves,passeriformes,corvidae,Hyalomma marginatum,VectorMap,TickMap,on_host_occurrence,Morocco,,1
Pipistrellus kuhlii,Ixodes vespertilionis,FALSE,59472,mammalia,chiroptera,vespertilionidae,Ixodes vespertilionis,VectorMap,TickMap,on_host_occurrence,Algeria,,1
Piranga ludoviciana,Culex pipiens,FALSE,63520,aves,passeriformes,cardinalidae,Culex pipiens,VectorMap,BloodMealMap,blood_meal,Unites States,,2
Piranga ludoviciana,Culex quinquefasciatus,FALSE,63520,aves,passeriformes,cardinalidae,Culex quinquefasciatus,VectorMap,BloodMealMap,blood_meal,Unites States,,1
Piranga ludoviciana,Culex stigmatosoma,FALSE,63520,aves,passeriformes,cardinalidae,Culex stigmatosoma,VectorMap,BloodMealMap,blood_meal,Unites States,,1
Plectropterus gambensis,Amblyomma variegatum,FALSE,658924,aves,anseriformes,anatidae,Amblyomma variegatum,VectorMap,TickMap,on_host_occurrence,Senegal; Zambia,,2
Plegadis chihi,Culex tarsalis,FALSE,302533,aves,pelecaniformes,threskiornithidae,Culex tarsalis,VectorMap,BloodMealMap,blood_meal,Unites States,,2
Podargus strigoides,Culex sitiens,FALSE,8905,aves,caprimulgiformes,podargidae,Culex sitiens,VectorMap,BloodMealMap,blood_meal,Australia,,1
Poecile atricapillus,Culex erraticus,FALSE,48891,aves,passeriformes,paridae,Culex erraticus,VectorMap,BloodMealMap,blood_meal,Unites States,,1
Poecile atricapillus,Culex pipiens,FALSE,48891,aves,passeriformes,paridae,Culex pipiens,VectorMap,BloodMealMap,blood_meal,Unites States,,1
Poecile atricapillus,Culex tarsalis,FALSE,48891,aves,passeriformes,paridae,Culex tarsalis,VectorMap,BloodMealMap,blood_meal,Unites States,,2
Poecile atricapillus,Culiseta melanura,FALSE,48891,aves,passeriformes,paridae,Culiseta melanura,VectorMap,BloodMealMap,blood_meal,Unites States,,2
Poecile atricapillus,Culiseta morsitans,FALSE,48891,aves,passeriformes,paridae,Culiseta morsitans,VectorMap,BloodMealMap,blood_meal,Unites States,,1
Poecile atricapillus,Ixodes dentatus,FALSE,48891,aves,passeriformes,paridae,Ixodes dentatus,VectorMap,TickMap,on_host_occurrence,United States of America,,8
Poecile atricapillus,Ixodes scapularis,FALSE,48891,aves,passeriformes,paridae,Ixodes scapularis,VectorMap,TickMap,on_host_occurrence,United States; United States of America,,13
Poecile carolinensis,Coquillettidia perturbans,FALSE,48892,aves,passeriformes,paridae,Coquillettidia perturbans,VectorMap,BloodMealMap,blood_meal,Unites States,,2
Poecile carolinensis,Culex erraticus,FALSE,48892,aves,passeriformes,paridae,Culex erraticus,VectorMap,BloodMealMap,blood_meal,Unites States,,2
Poecile carolinensis,Culex pipiens,FALSE,48892,aves,passeriformes,paridae,Culex pipiens,VectorMap,BloodMealMap,blood_meal,Unites States,,1
Poecile carolinensis,Culex restuans,FALSE,48892,aves,passeriformes,paridae,Culex restuans,VectorMap,BloodMealMap,blood_meal,Unites States,,1
Poecile carolinensis,Ixodes scapularis,FALSE,48892,aves,passeriformes,paridae,Ixodes scapularis,VectorMap,TickMap,on_host_occurrence,United States of America,,3
Procyon lotor,Aedes aegypti,FALSE,9654,mammalia,carnivora,procyonidae,Aedes aegypti,VectorMap,BloodMealMap,blood_meal,Unites States,,1
Procyon lotor,Aedes albopictus,FALSE,9654,mammalia,carnivora,procyonidae,Aedes albopictus,VectorMap,BloodMealMap,blood_meal,Unites States,,2
Procyon lotor,Aedes atlanticus,FALSE,9654,mammalia,carnivora,procyonidae,Aedes atlanticus,VectorMap,BloodMealMap,blood_meal,Unites States,,2
Procyon lotor,Aedes aurifer,FALSE,9654,mammalia,carnivora,procyonidae,Aedes aurifer,VectorMap,BloodMealMap,blood_meal,Unites States,,1
Procyon lotor,Aedes canadensis,FALSE,9654,mammalia,carnivora,procyonidae,Aedes canadensis,VectorMap,BloodMealMap,blood_meal,Unites States,,2
Procyon lotor,Aedes cinereus,FALSE,9654,mammalia,carnivora,procyonidae,Aedes cinereus,VectorMap,BloodMealMap,blood_meal,Unites States,,1
Procyon lotor,Aedes excrucians,FALSE,9654,mammalia,carnivora,procyonidae,Aedes excrucians,VectorMap,BloodMealMap,blood_meal,Unites States,,2
Procyon lotor,Aedes hendersoni,FALSE,9654,mammalia,carnivora,procyonidae,Aedes hendersoni,VectorMap,BloodMealMap,blood_meal,Unites States,,1
Procyon lotor,Aedes infirmatus,FALSE,9654,mammalia,carnivora,procyonidae,Aedes infirmatus,VectorMap,BloodMealMap,blood_meal,Unites States,,1
Procyon lotor,Aedes sollicitans,FALSE,9654,mammalia,carnivora,procyonidae,Aedes sollicitans,VectorMap,BloodMealMap,blood_meal,Unites States,,2
Procyon lotor,Aedes taeniorhynchus,FALSE,9654,mammalia,carnivora,procyonidae,Aedes taeniorhynchus,VectorMap,BloodMealMap,blood_meal,Unites States,,1
Procyon lotor,Aedes thibaulti,FALSE,9654,mammalia,carnivora,procyonidae,Aedes thibaulti,VectorMap,BloodMealMap,blood_meal,Unites States,,1
Procyon lotor,Aedes triseriatus,FALSE,9654,mammalia,carnivora,procyonidae,Aedes triseriatus,VectorMap,BloodMealMap,blood_meal,Unites States,,3
Procyon lotor,Aedes trivittatus,FALSE,9654,mammalia,carnivora,procyonidae,Aedes trivittatus,VectorMap,BloodMealMap,blood_meal,Unites States,,3
Procyon lotor,Aedes vexans,FALSE,9654,mammalia,carnivora,procyonidae,Aedes vexans,VectorMap,BloodMealMap,blood_meal,Unites States,,3
Procyon lotor,Amblyomma americanum,FALSE,9654,mammalia,carnivora,procyonidae,Amblyomma americanum,VectorMap,TickMap,on_host_occurrence,United States of America,,164
Procyon lotor,Anopheles crucians,FALSE,9654,mammalia,carnivora,procyonidae,Anopheles crucians,VectorMap,BloodMealMap,blood_meal,Unites States,,1
Procyon lotor,Anopheles franciscanus,FALSE,9654,mammalia,carnivora,procyonidae,Anopheles franciscanus,VectorMap,BloodMealMap,blood_meal,Unites States,,1
Procyon lotor,Anopheles punctipennis,FALSE,9654,mammalia,carnivora,procyonidae,Anopheles punctipennis,VectorMap,BloodMealMap,blood_meal,Unites States,,1
Procyon lotor,Anopheles quadrimaculatus,FALSE,9654,mammalia,carnivora,procyonidae,Anopheles quadrimaculatus,VectorMap,BloodMealMap,blood_meal,Unites States,,1
Procyon lotor,Anopheles smaragdinus,FALSE,9654,mammalia,carnivora,procyonidae,Anopheles smaragdinus,VectorMap,BloodMealMap,blood_meal,Unites States,,1
Procyon lotor,Coquillettidia perturbans,FALSE,9654,mammalia,carnivora,procyonidae,Coquillettidia perturbans,VectorMap,BloodMealMap,blood_meal,Unites States,,3
Procyon lotor,Ctenocephalides felis,FALSE,9654,mammalia,carnivora,procyonidae,Ctenocephalides felis,VectorMap,FleaMap,on_host_occurrence,United States,,3
Procyon lotor,Culex cedecei,FALSE,9654,mammalia,carnivora,procyonidae,Culex cedecei,MapVEu; VectorMap,BloodMealMap; MapVEu,blood_meal,United States; Unites States,,452
Procyon lotor,Culex iolambdis,FALSE,9654,mammalia,carnivora,procyonidae,Culex iolambdis,VectorMap,BloodMealMap,blood_meal,Unites States,,1
Procyon lotor,Culex pipiens,FALSE,9654,mammalia,carnivora,procyonidae,Culex pipiens,VectorMap,BloodMealMap,blood_meal,Unites States,,3
Procyon lotor,Culex quinquefasciatus,FALSE,9654,mammalia,carnivora,procyonidae,Culex quinquefasciatus,VectorMap,BloodMealMap,blood_meal,Unites States,,3
Procyon lotor,Culex restuans,FALSE,9654,mammalia,carnivora,procyonidae,Culex restuans,VectorMap,BloodMealMap,blood_meal,Unites States,,1
Procyon lotor,Culex tarsalis,FALSE,9654,mammalia,carnivora,procyonidae,Culex tarsalis,VectorMap,BloodMealMap,blood_meal,Unites States,,5
Procyon lotor,Culiseta melanura,FALSE,9654,mammalia,carnivora,procyonidae,Culiseta melanura,VectorMap,BloodMealMap,blood_meal,Unites States,,1
Procyon lotor,Dermacentor variabilis,FALSE,9654,mammalia,carnivora,procyonidae,Dermacentor variabilis,VectorMap,TickMap,on_host_occurrence,United States of America,,188
Procyon lotor,Echidnophaga gallinacea,FALSE,9654,mammalia,carnivora,procyonidae,Echidnophaga gallinacea,VectorMap,FleaMap,on_host_occurrence,United States,,1
Procyon lotor,Haemaphysalis leporispalustris,FALSE,9654,mammalia,carnivora,procyonidae,Haemaphysalis leporispalustris,VectorMap,TickMap,on_host_occurrence,United States of America,,24
Procyon lotor,Ixodes cookei,FALSE,9654,mammalia,carnivora,procyonidae,Ixodes cookei,VectorMap,TickMap,on_host_occurrence,United States; United States of America,,193
Procyon lotor,Ixodes dentatus,FALSE,9654,mammalia,carnivora,procyonidae,Ixodes dentatus,VectorMap,TickMap,on_host_occurrence,United States of America,,8
Procyon lotor,Ixodes muris,FALSE,9654,mammalia,carnivora,procyonidae,Ixodes muris,VectorMap,TickMap,on_host_occurrence,United States of America,,8
Procyon lotor,Ixodes scapularis,FALSE,9654,mammalia,carnivora,procyonidae,Ixodes scapularis,VectorMap,TickMap,on_host_occurrence,United States; United States of America,,77
Procyon lotor,Ixodes texamus,FALSE,9654,mammalia,carnivora,procyonidae,Ixodes texamus,VectorMap,TickMap,on_host_occurrence,United States of America,,4
Procyon lotor,Ixodes texanus,FALSE,9654,mammalia,carnivora,procyonidae,Ixodes texanus,VectorMap,TickMap,on_host_occurrence,United States of America,,133
Procyon lotor,Mansonia titillans,FALSE,9654,mammalia,carnivora,procyonidae,Mansonia titillans,VectorMap,BloodMealMap,blood_meal,Unites States,,1
Procyon lotor,Psorophora ciliata,FALSE,9654,mammalia,carnivora,procyonidae,Psorophora ciliata,VectorMap,BloodMealMap,blood_meal,Unites States,,1
Procyon lotor,Psorophora columbiae,FALSE,9654,mammalia,carnivora,procyonidae,Psorophora columbiae,VectorMap,BloodMealMap,blood_meal,Unites States,,2
Procyon lotor,Psorophora ferox,FALSE,9654,mammalia,carnivora,procyonidae,Psorophora ferox,VectorMap,BloodMealMap,blood_meal,Unites States,,1
Procyon lotor,Psorophora howardii,FALSE,9654,mammalia,carnivora,procyonidae,Psorophora howardii,VectorMap,BloodMealMap,blood_meal,Unites States,,1
Procyon lotor,Wyeomyia vanduzeei,FALSE,9654,mammalia,carnivora,procyonidae,Wyeomyia vanduzeei,VectorMap,BloodMealMap,blood_meal,Unites States,,1
Proechimys guyannensis,Androlaelaps fahrenholzi,FALSE,128105,mammalia,rodentia,echimyidae,Androlaelaps fahrenholzi,VectorMap,MiteMap,on_host_occurrence,Brazil,,1
Proechimys guyannensis,Polygenis klagesi,FALSE,128105,mammalia,rodentia,echimyidae,Polygenis klagesi klagesi,VectorMap,FleaMap,on_host_occurrence,Brazil,,2
Proechimys guyannensis,Polygenis klagesi,TRUE,128105,mammalia,rodentia,echimyidae,Polygenis klagesi samuelis,VectorMap,FleaMap,on_host_occurrence,Brazil,,1
Proechimys guyannensis,Rhopalopsyllus australis,FALSE,128105,mammalia,rodentia,echimyidae,Rhopalopsyllus australis australis,VectorMap,FleaMap,on_host_occurrence,Brazil,,1
Proechimys guyannensis,Tur amazonicus,FALSE,128105,mammalia,rodentia,echimyidae,Tur amazonicus,VectorMap,MiteMap,on_host_occurrence,Brazil,,2
Proechimys guyannensis,Tur apicalis,FALSE,128105,mammalia,rodentia,echimyidae,Tur apicalis,VectorMap,MiteMap,on_host_occurrence,Brazil,,1
Proechimys guyannensis,Tur aragaoi,FALSE,128105,mammalia,rodentia,echimyidae,Tur aragaoi,VectorMap,MiteMap,on_host_occurrence,Brazil,,2
Proechimys guyannensis,Tur aymara,FALSE,128105,mammalia,rodentia,echimyidae,Tur aymara,VectorMap,MiteMap,on_host_occurrence,Brazil,,2
Puma concolor,Amblyomma americanum,FALSE,9696,mammalia,carnivora,felidae,Amblyomma americanum,VectorMap,TickMap,on_host_occurrence,United States of America,,8
Puma concolor,Amblyomma maculatum,FALSE,9696,mammalia,carnivora,felidae,Amblyomma maculatum,VectorMap,TickMap,on_host_occurrence,United States of America,,8
Puma concolor,Dermacentor variabilis,FALSE,9696,mammalia,carnivora,felidae,Dermacentor variabilis,VectorMap,TickMap,on_host_occurrence,United States of America,,40
Puma concolor,Ixodes affinis,FALSE,9696,mammalia,carnivora,felidae,Ixodes affinis,VectorMap,TickMap,on_host_occurrence,United States of America,,32
Puma concolor,Ixodes scapularis,FALSE,9696,mammalia,carnivora,felidae,Ixodes scapularis,VectorMap,TickMap,on_host_occurrence,United States of America,,20
Python regius,Amblyomma exornatum,FALSE,51751,reptilia,squamata,pythonidae,Amblyomma exornatum,VectorMap,TickMap,on_host_occurrence,Cote D'Ivoire,,1
Python regius,Amblyomma latum,FALSE,51751,reptilia,squamata,pythonidae,Amblyomma latum,VectorMap,TickMap,on_host_occurrence,Burkina Faso; Central African Republic; Cote D'Ivoire; Sudan; United States of America,,13
Python regius,Amblyomma nuttalli,FALSE,51751,reptilia,squamata,pythonidae,Amblyomma nuttalli,VectorMap,TickMap,on_host_occurrence,Burkina Faso,,1
Python regius,Amblyomma sparsum,FALSE,51751,reptilia,squamata,pythonidae,Amblyomma sparsum,VectorMap,TickMap,on_host_occurrence,United States of America,,1
Python regius,Amblyomma transversale,FALSE,51751,reptilia,squamata,pythonidae,Amblyomma transversale,VectorMap,TickMap,on_host_occurrence,Burkina Faso,,1
Python regius,Aponomma latum,FALSE,51751,reptilia,squamata,pythonidae,Aponomma latum,VectorMap,TickMap,on_host_occurrence,United States of America,,1
Quelea quelea,Hyalomma rufipes,FALSE,187445,aves,passeriformes,ploceidae,Hyalomma rufipes,VectorMap,TickMap,on_host_occurrence,Burkina Faso; Chad; Mali; Mauritania,,4
Quelea quelea,Ixodes daveyi,FALSE,187445,aves,passeriformes,ploceidae,Ixodes daveyi,VectorMap,TickMap,on_host_occurrence,South Africa,,1
Quiscalus mexicanus,Culex pipiens,FALSE,64278,aves,passeriformes,icteridae,Culex pipiens,VectorMap,BloodMealMap,blood_meal,Unites States,,1
Quiscalus mexicanus,Culex quinquefasciatus,FALSE,64278,aves,passeriformes,icteridae,Culex quinquefasciatus,VectorMap,BloodMealMap,blood_meal,Unites States,,1
Quiscalus mexicanus,Culex tarsalis,FALSE,64278,aves,passeriformes,icteridae,Culex tarsalis,VectorMap,BloodMealMap,blood_meal,Unites States,,1
Quiscalus quiscula,Aedes vexans,FALSE,84782,aves,passeriformes,icteridae,Aedes vexans,VectorMap,BloodMealMap,blood_meal,Unites States,,1
Quiscalus quiscula,Coquillettidia perturbans,FALSE,84782,aves,passeriformes,icteridae,Coquillettidia perturbans,VectorMap,BloodMealMap,blood_meal,Unites States,,2
Quiscalus quiscula,Culex erraticus,FALSE,84782,aves,passeriformes,icteridae,Culex erraticus,VectorMap,BloodMealMap,blood_meal,Unites States,,1
Quiscalus quiscula,Culex pipiens,FALSE,84782,aves,passeriformes,icteridae,Culex pipiens,VectorMap,BloodMealMap,blood_meal,Unites States,,2
Quiscalus quiscula,Culex quinquefasciatus,FALSE,84782,aves,passeriformes,icteridae,Culex quinquefasciatus,VectorMap,BloodMealMap,blood_meal,Unites States,,1
Quiscalus quiscula,Culex restuans,FALSE,84782,aves,passeriformes,icteridae,Culex restuans,VectorMap,BloodMealMap,blood_meal,Unites States,,1
Quiscalus quiscula,Culex tarsalis,FALSE,84782,aves,passeriformes,icteridae,Culex tarsalis,VectorMap,BloodMealMap,blood_meal,Unites States,,2
Quiscalus quiscula,Culiseta melanura,FALSE,84782,aves,passeriformes,icteridae,Culiseta melanura,VectorMap,BloodMealMap,blood_meal,Unites States,,2
Quiscalus quiscula,Haemaphysalis leporispalustris,FALSE,84782,aves,passeriformes,icteridae,Haemaphysalis leporispalustris,VectorMap,TickMap,on_host_occurrence,United States of America,,8
Quiscalus quiscula,Ixodes dentatus,FALSE,84782,aves,passeriformes,icteridae,Ixodes dentatus,VectorMap,TickMap,on_host_occurrence,United States of America,,16
Quiscalus quiscula,Ixodes scapularis,FALSE,84782,aves,passeriformes,icteridae,Ixodes scapularis,VectorMap,TickMap,on_host_occurrence,United States; United States of America,,13
Rallus aquaticus,Culex pipiens,FALSE,54496,aves,gruiformes,rallidae,Culex pipiens,VectorMap,BloodMealMap,blood_meal,Czechia,,1
Rattus losea,Leptotrombidium chiangraiensis,FALSE,69075,mammalia,rodentia,muridae,Leptotrombidium chiangraiensis,VectorMap,MiteMap,on_host_occurrence,Thailand,,6
Rattus losea,Leptotrombidium imphalum,FALSE,69075,mammalia,rodentia,muridae,Leptotrombidium imphalum,VectorMap,MiteMap,on_host_occurrence,Thailand,,1
Rattus norvegicus,Aedes aegypti,FALSE,10116,mammalia,rodentia,muridae,Aedes aegypti,VectorMap,BloodMealMap,blood_meal,Unites States,,2
Rattus norvegicus,Aedes albopictus,FALSE,10116,mammalia,rodentia,muridae,Aedes albopictus,VectorMap,BloodMealMap,blood_meal,Japan; Unites States,,3
Rattus norvegicus,Aedes japonicus,FALSE,10116,mammalia,rodentia,muridae,Aedes japonicus,VectorMap,BloodMealMap,blood_meal,Unites States,,1
Rattus norvegicus,Amblyomma americanum,FALSE,10116,mammalia,rodentia,muridae,Amblyomma americanum,VectorMap,TickMap,on_host_occurrence,United States of America,,8
Rattus norvegicus,Anopheles atroparvus,FALSE,10116,mammalia,rodentia,muridae,Anopheles atroparvus,MapVEu; VectorMap,BloodMealMap; MapVEu,blood_meal,ESP; United Kingdom,,3
Rattus norvegicus,Anopheles maculipennis,FALSE,10116,mammalia,rodentia,muridae,Anopheles maculipennis,VectorMap,BloodMealMap,blood_meal,United Kingdom,,1
Rattus norvegicus,Ctenocephalides canis,FALSE,10116,mammalia,rodentia,muridae,Ctenocephalides canis,VectorMap,FleaMap,on_host_occurrence,"Korea, Republic Of; United States",,5
Rattus norvegicus,Ctenocephalides felis,FALSE,10116,mammalia,rodentia,muridae,Ctenocephalides felis,VectorMap,FleaMap,on_host_occurrence,Indonesia; Philippines; Trinidad And Tobago; United States,,19
Rattus norvegicus,Culex iolambdis,FALSE,10116,mammalia,rodentia,muridae,Culex iolambdis,VectorMap,BloodMealMap,blood_meal,Unites States,,1
Rattus norvegicus,Culex salinarius,FALSE,10116,mammalia,rodentia,muridae,Culex salinarius,VectorMap,BloodMealMap,blood_meal,Unites States,,1
Rattus norvegicus,Culex sitiens,FALSE,10116,mammalia,rodentia,muridae,Culex sitiens,VectorMap,BloodMealMap,blood_meal,Iran,,1
Rattus norvegicus,Dermacentor variabilis,FALSE,10116,mammalia,rodentia,muridae,Dermacentor variabilis,VectorMap,TickMap,on_host_occurrence,United States of America,,8
Rattus norvegicus,Echidnophaga gallinacea,FALSE,10116,mammalia,rodentia,muridae,Echidnophaga gallinacea,VectorMap,FleaMap,on_host_occurrence,Japan; Turkey; United States,,131
Rattus norvegicus,Ixodes dentatus,FALSE,10116,mammalia,rodentia,muridae,Ixodes dentatus,VectorMap,TickMap,on_host_occurrence,United States of America,,8
Rattus norvegicus,Megabothris abantis,FALSE,10116,mammalia,rodentia,muridae,Megabothris abantis,VectorMap,FleaMap,on_host_occurrence,United States,,1
Rattus norvegicus,Oropsylla hirsuta,FALSE,10116,mammalia,rodentia,muridae,Oropsylla hirsuta,VectorMap,FleaMap,on_host_occurrence,United States,,1
Rattus norvegicus,Oropsylla montana,FALSE,10116,mammalia,rodentia,muridae,Oropsylla montana,VectorMap,FleaMap,on_host_occurrence,United States,,2
Rattus norvegicus,Polygenis gwyni,FALSE,10116,mammalia,rodentia,muridae,Polygenis gwyni,VectorMap,FleaMap,on_host_occurrence,United States,,1
Rattus norvegicus,Xenopsylla cheopis,FALSE,10116,mammalia,rodentia,muridae,Xenopsylla cheopis,VectorMap,FleaMap,on_host_occurrence,Australia; Indonesia; Iraq; Philippines; Turkey; United States; Venezuela,,259
Rattus rattus,Aedes aegypti,FALSE,10117,mammalia,rodentia,muridae,Aedes aegypti,MapVEu; VectorMap,BloodMealMap; MapVEu,blood_meal,Grenada; Unites States,,33
Rattus rattus,Aedes taeniorhynchus,FALSE,10117,mammalia,rodentia,muridae,Aedes taeniorhynchus,VectorMap,BloodMealMap,blood_meal,Puerto Rico,,1
Rattus rattus,Amblyomma variegatum,FALSE,10117,mammalia,rodentia,muridae,Amblyomma variegatum,VectorMap,TickMap,on_host_occurrence,"Congo, The Democratic Republic of The",,1
Rattus rattus,Androlaelaps fahrenholzi,FALSE,10117,mammalia,rodentia,muridae,Androlaelaps fahrenholzi,VectorMap,MiteMap,on_host_occurrence,Brazil,,1
Rattus rattus,Craneopsylla minerva,FALSE,10117,mammalia,rodentia,muridae,Craneopsylla minerva minerva,VectorMap,FleaMap,on_host_occurrence,Brazil,,3
Rattus rattus,Ctenocephalides felis,FALSE,10117,mammalia,rodentia,muridae,Ctenocephalides felis; Ctenocephalides felis felis,VectorMap,FleaMap,on_host_occurrence,Brazil; Guam; United States; Venezuela,,4
Rattus rattus,Culex cedecei,FALSE,10117,mammalia,rodentia,muridae,Culex cedecei,MapVEu,MapVEu,blood_meal,United States,,451
Rattus rattus,Culex pipiens,FALSE,10117,mammalia,rodentia,muridae,Culex pipiens,VectorMap,BloodMealMap,blood_meal,Unites States,,1
Rattus rattus,Culex quinquefasciatus,FALSE,10117,mammalia,rodentia,muridae,Culex quinquefasciatus,MapVEu; VectorMap,BloodMealMap; MapVEu,blood_meal,Grenada; Unites States,,38
Rattus rattus,Culex taeniopus,FALSE,10117,mammalia,rodentia,muridae,Culex taeniopus,VectorMap,BloodMealMap,blood_meal,Puerto Rico,,1
Rattus rattus,Culex tarsalis,FALSE,10117,mammalia,rodentia,muridae,Culex tarsalis,VectorMap,BloodMealMap,blood_meal,Unites States,,2
Rattus rattus,Dermacentor variabilis,FALSE,10117,mammalia,rodentia,muridae,Dermacentor variabilis,VectorMap,TickMap,on_host_occurrence,United States of America,,16
Rattus rattus,Echidnophaga gallinacea,FALSE,10117,mammalia,rodentia,muridae,Echidnophaga gallinacea,VectorMap,FleaMap,on_host_occurrence,Egypt; Japan; Kenya; Madagascar; United States,,27
Rattus rattus,Gigantolaelaps vitzthumi,FALSE,10117,mammalia,rodentia,muridae,Gigantolaelaps vitzthumi,VectorMap,MiteMap,on_host_occurrence,Brazil,,2
Rattus rattus,Gigantolaelaps wolffsohni,FALSE,10117,mammalia,rodentia,muridae,Gigantolaelaps wolffsohni,VectorMap,MiteMap,on_host_occurrence,Brazil,,1
Rattus rattus,Haemaphysalis leachi,FALSE,10117,mammalia,rodentia,muridae,Haemaphysalis leachi,VectorMap,TickMap,on_host_occurrence,"Congo, The Democratic Republic of The; South Africa",,4
Rattus rattus,Haemaphysalis parmata,FALSE,10117,mammalia,rodentia,muridae,Haemaphysalis parmata,VectorMap,TickMap,on_host_occurrence,"Congo, The Democratic Republic of The",,1
Rattus rattus,Hyalomma impressum,FALSE,10117,mammalia,rodentia,muridae,Hyalomma impressum,VectorMap,TickMap,on_host_occurrence,South Africa,,1
Rattus rattus,Ixodes angustus,FALSE,10117,mammalia,rodentia,muridae,Ixodes angustus,VectorMap,TickMap,on_host_occurrence,United States of America,,5
Rattus rattus,Ixodes auriculaelongae,FALSE,10117,mammalia,rodentia,muridae,Ixodes auriculaelongae,VectorMap,TickMap,on_host_occurrence,"Congo, The Democratic Republic of The",,1
Rattus rattus,Ixodes minor,FALSE,10117,mammalia,rodentia,muridae,Ixodes minor,VectorMap,TickMap,on_host_occurrence,United States of America,,40
Rattus rattus,Ixodes scapularis,FALSE,10117,mammalia,rodentia,muridae,Ixodes scapularis,VectorMap,TickMap,on_host_occurrence,United States of America,,8
Rattus rattus,Ixodes ventalloi,FALSE,10117,mammalia,rodentia,muridae,Ixodes ventalloi,VectorMap,TickMap,on_host_occurrence,Morocco,,1
Rattus rattus,Laelaps manguinhosi,FALSE,10117,mammalia,rodentia,muridae,Laelaps manguinhosi,VectorMap,MiteMap,on_host_occurrence,Brazil,,1
Rattus rattus,Laelaps paulistanensis,FALSE,10117,mammalia,rodentia,muridae,Laelaps paulistanensis,VectorMap,MiteMap,on_host_occurrence,Brazil,,2
Rattus rattus,Leptotrombidium chiangraiensis,FALSE,10117,mammalia,rodentia,muridae,Leptotrombidium chiangraiensis,VectorMap,MiteMap,on_host_occurrence,Thailand,,3
Rattus rattus,Leptotrombidium imphalum,FALSE,10117,mammalia,rodentia,muridae,Leptotrombidium imphalum,VectorMap,MiteMap,on_host_occurrence,Thailand,,1
Rattus rattus,Megabothris abantis,FALSE,10117,mammalia,rodentia,muridae,Megabothris abantis,VectorMap,FleaMap,on_host_occurrence,United States,,2
Rattus rattus,Mysolaelaps microspinosus,FALSE,10117,mammalia,rodentia,muridae,Mysolaelaps microspinosus,VectorMap,MiteMap,on_host_occurrence,Brazil,,1
Rattus rattus,Mysolaelaps parvispinosus,FALSE,10117,mammalia,rodentia,muridae,Mysolaelaps parvispinosus,VectorMap,MiteMap,on_host_occurrence,Brazil,,1
Rattus rattus,Ornithodoros talaje,FALSE,10117,mammalia,rodentia,muridae,Ornithodoros talaje,VectorMap,TickMap,on_host_occurrence,Panama,,3
Rattus rattus,Polygenis atopus,FALSE,10117,mammalia,rodentia,muridae,Polygenis atopus,VectorMap,FleaMap,on_host_occurrence,Brazil,,3
Rattus rattus,Polygenis axius,TRUE,10117,mammalia,rodentia,muridae,Polygenis axius proxima,VectorMap,FleaMap,on_host_occurrence,Brazil,,1
Rattus rattus,Polygenis bohlsi,FALSE,10117,mammalia,rodentia,muridae,Polygenis bohlsi bohlsi,VectorMap,FleaMap,on_host_occurrence,Brazil,,1
Rattus rattus,Polygenis bohlsi,TRUE,10117,mammalia,rodentia,muridae,Polygenis bohlsi jordani,VectorMap,FleaMap,on_host_occurrence,Brazil,,2
Rattus rattus,Polygenis pradoi,FALSE,10117,mammalia,rodentia,muridae,Polygenis pradoi,VectorMap,FleaMap,on_host_occurrence,Brazil,,3
Rattus rattus,Polygenis pygaerus,FALSE,10117,mammalia,rodentia,muridae,Polygenis pygaerus,VectorMap,FleaMap,on_host_occurrence,Brazil,,2
Rattus rattus,Polygenis rimatus,FALSE,10117,mammalia,rodentia,muridae,Polygenis rimatus,VectorMap,FleaMap,on_host_occurrence,Brazil,,3
Rattus rattus,Polygenis tripus,FALSE,10117,mammalia,rodentia,muridae,Polygenis tripus,VectorMap,FleaMap,on_host_occurrence,Brazil,,2
Rattus rattus,Pulex irritans,FALSE,10117,mammalia,rodentia,muridae,Pulex irritans,VectorMap,FleaMap,on_host_occurrence,Brazil,,1
Rattus rattus,Rhipicephalus sanguineus,FALSE,10117,mammalia,rodentia,muridae,Rhipicephalus sanguineus,VectorMap,TickMap,on_host_occurrence,"Congo, The Democratic Republic of The",,1
Rattus rattus,Tur aragaoi,FALSE,10117,mammalia,rodentia,muridae,Tur aragaoi,VectorMap,MiteMap,on_host_occurrence,Brazil,,1
Rattus rattus,Xenopsylla bantorum,FALSE,10117,mammalia,rodentia,muridae,Xenopsylla bantorum,VectorMap,FleaMap,on_host_occurrence,Ethiopia,,3
Rattus rattus,Xenopsylla cheopis,FALSE,10117,mammalia,rodentia,muridae,Xenopsylla cheopis,VectorMap,FleaMap,on_host_occurrence,Brazil; Egypt; Eritrea; Guam; Myanmar; South Africa; Turkey; United States; Yemen,,84
Rattus tanezumi,Aedes notoscriptus,FALSE,35732,mammalia,rodentia,muridae,Aedes notoscriptus,MapVEu,MapVEu,blood_meal,Australia,,1
Rattus tanezumi,Ochlerotatus camptorhynchus,FALSE,35732,mammalia,rodentia,muridae,Ochlerotatus camptorhynchus,MapVEu,MapVEu,blood_meal,Australia,,1
Rattus tanezumi,Sarcoptes scabiei,FALSE,35732,mammalia,rodentia,muridae,Sarcoptes scabiei,VectorMap,MiteMap,on_host_occurrence,Thailand,,1
Rattus tanezumi,Xenopsylla cheopis,FALSE,35732,mammalia,rodentia,muridae,Xenopsylla cheopis,VectorMap,FleaMap,on_host_occurrence,Indonesia; Nepal; Philippines; United States,,82
Rattus tiomanicus,Xenopsylla cheopis,FALSE,83755,mammalia,rodentia,muridae,Xenopsylla cheopis,VectorMap,FleaMap,on_host_occurrence,Indonesia,,2
Reithrodontomys fulvescens,Dermacentor variabilis,FALSE,56213,mammalia,rodentia,cricetidae,Dermacentor variabilis,VectorMap,TickMap,on_host_occurrence,United States of America,,8
Reithrodontomys megalotis,Dermacentor occidentalis,FALSE,44234,mammalia,rodentia,cricetidae,Dermacentor occidentalis,VectorMap,TickMap,on_host_occurrence,United States of America,,32
Reithrodontomys megalotis,Dermacentor variabilis,FALSE,44234,mammalia,rodentia,cricetidae,Dermacentor variabilis,VectorMap,TickMap,on_host_occurrence,United States of America,,8
Reithrodontomys megalotis,Ixodes angustus,FALSE,44234,mammalia,rodentia,cricetidae,Ixodes angustus,VectorMap,TickMap,on_host_occurrence,United States of America,,5
Reithrodontomys megalotis,Ixodes pacificus,FALSE,44234,mammalia,rodentia,cricetidae,Ixodes pacificus,VectorMap,TickMap,on_host_occurrence,United States of America,,12
Reithrodontomys megalotis,Ixodes spinipalpis,FALSE,44234,mammalia,rodentia,cricetidae,Ixodes spinipalpis,VectorMap,TickMap,on_host_occurrence,United States of America,,13
Rhea pennata,Aedes japonicus,FALSE,8795,aves,struthioniformes,rheidae,Aedes japonicus,VectorMap,BloodMealMap,blood_meal,Switzerland,,1
Rousettus aegyptiacus,Argas vespertilionis,FALSE,9407,mammalia,chiroptera,pteropodidae,Argas vespertilionis,VectorMap,TickMap,on_host_occurrence,Sudan,,1
Rousettus aegyptiacus,Ornithodoros faini,FALSE,9407,mammalia,chiroptera,pteropodidae,Ornithodoros faini,VectorMap,TickMap,on_host_occurrence,Zimbabwe,,1
Rousettus aegyptiacus,Ornithodoros salahi,FALSE,9407,mammalia,chiroptera,pteropodidae,Ornithodoros salahi,VectorMap,TickMap,on_host_occurrence,Egypt,,1
Sciurus carolinensis,Aedes hendersoni,FALSE,30640,mammalia,rodentia,sciuridae,Aedes hendersoni,VectorMap,BloodMealMap,blood_meal,Unites States,,2
Sciurus carolinensis,Aedes triseriatus,FALSE,30640,mammalia,rodentia,sciuridae,Aedes triseriatus,VectorMap,BloodMealMap,blood_meal,Unites States,,2
Sciurus carolinensis,Aedes vexans,FALSE,30640,mammalia,rodentia,sciuridae,Aedes vexans,VectorMap,BloodMealMap,blood_meal,Unites States,,1
Sciurus carolinensis,Amblyomma americanum,FALSE,30640,mammalia,rodentia,sciuridae,Amblyomma americanum,VectorMap,TickMap,on_host_occurrence,United States of America,,24
Sciurus carolinensis,Culex cedecei,FALSE,30640,mammalia,rodentia,sciuridae,Culex cedecei,VectorMap,BloodMealMap,blood_meal,Unites States,,1
Sciurus carolinensis,Culex pipiens,FALSE,30640,mammalia,rodentia,sciuridae,Culex pipiens,VectorMap,BloodMealMap,blood_meal,Unites States,,1
Sciurus carolinensis,Culex restuans,FALSE,30640,mammalia,rodentia,sciuridae,Culex restuans,VectorMap,BloodMealMap,blood_meal,Unites States,,1
Sciurus carolinensis,Dermacentor variabilis,FALSE,30640,mammalia,rodentia,sciuridae,Dermacentor variabilis,VectorMap,TickMap,on_host_occurrence,United States of America,,48
Sciurus carolinensis,Haemaphysalis leporispalustris,FALSE,30640,mammalia,rodentia,sciuridae,Haemaphysalis leporispalustris,VectorMap,TickMap,on_host_occurrence,United States of America,,16
Sciurus carolinensis,Ixodes affinis,FALSE,30640,mammalia,rodentia,sciuridae,Ixodes affinis,VectorMap,TickMap,on_host_occurrence,United States of America,,8
Sciurus carolinensis,Ixodes marxi,FALSE,30640,mammalia,rodentia,sciuridae,Ixodes marxi,VectorMap,TickMap,on_host_occurrence,United States of America,,20
Sciurus carolinensis,Ixodes muris,FALSE,30640,mammalia,rodentia,sciuridae,Ixodes muris,VectorMap,TickMap,on_host_occurrence,United States of America,,16
Sciurus carolinensis,Ixodes scapularis,FALSE,30640,mammalia,rodentia,sciuridae,Ixodes scapularis,VectorMap,TickMap,on_host_occurrence,United States; United States of America,,9
Sciurus carolinensis,Ixodes texanus,FALSE,30640,mammalia,rodentia,sciuridae,Ixodes texanus,VectorMap,TickMap,on_host_occurrence,United States of America,,4
Sciurus carolinensis,Polygenis gwyni,FALSE,30640,mammalia,rodentia,sciuridae,Polygenis gwyni,VectorMap,FleaMap,on_host_occurrence,United States,,1
Sciurus carolinensis,Xenopsylla cheopis,FALSE,30640,mammalia,rodentia,sciuridae,Xenopsylla cheopis,VectorMap,FleaMap,on_host_occurrence,United States,,1
Sciurus niger,Aedes trivittatus,FALSE,34861,mammalia,rodentia,sciuridae,Aedes trivittatus,VectorMap,BloodMealMap,blood_meal,Unites States,,1
Sciurus niger,Aedes vexans,FALSE,34861,mammalia,rodentia,sciuridae,Aedes vexans,VectorMap,BloodMealMap,blood_meal,Unites States,,1
Sciurus niger,Amblyomma americanum,FALSE,34861,mammalia,rodentia,sciuridae,Amblyomma americanum,VectorMap,TickMap,on_host_occurrence,United States of America,,24
Sciurus niger,Culex quinquefasciatus,FALSE,34861,mammalia,rodentia,sciuridae,Culex quinquefasciatus,VectorMap,BloodMealMap,blood_meal,Unites States,,1
Sciurus niger,Culex tarsalis,FALSE,34861,mammalia,rodentia,sciuridae,Culex tarsalis,VectorMap,BloodMealMap,blood_meal,Unites States,,1
Sciurus niger,Dermacentor variabilis,FALSE,34861,mammalia,rodentia,sciuridae,Dermacentor variabilis,VectorMap,TickMap,on_host_occurrence,United States of America,,16
Sciurus niger,Haemaphysalis leporispalustris,FALSE,34861,mammalia,rodentia,sciuridae,Haemaphysalis leporispalustris,VectorMap,TickMap,on_host_occurrence,United States of America,,8
Sciurus niger,Ixodes marxi,FALSE,34861,mammalia,rodentia,sciuridae,Ixodes marxi,VectorMap,TickMap,on_host_occurrence,United States of America,,8
Sciurus niger,Xenopsylla cheopis,FALSE,34861,mammalia,rodentia,sciuridae,Xenopsylla cheopis,VectorMap,FleaMap,on_host_occurrence,United States,,1
Scolopax minor,Aedes canadensis,FALSE,56299,aves,charadriiformes,scolopacidae,Aedes canadensis,VectorMap,BloodMealMap,blood_meal,Unites States,,1
Scolopax minor,Culiseta melanura,FALSE,56299,aves,charadriiformes,scolopacidae,Culiseta melanura,VectorMap,BloodMealMap,blood_meal,Unites States,,1
Scolopax minor,Culiseta morsitans,FALSE,56299,aves,charadriiformes,scolopacidae,Culiseta morsitans,VectorMap,BloodMealMap,blood_meal,Unites States,,1
Scolopax minor,Ixodes scapularis,FALSE,56299,aves,charadriiformes,scolopacidae,Ixodes scapularis,VectorMap,TickMap,on_host_occurrence,United States; United States of America,,8
Serinus canaria,Aedes vexans,FALSE,9135,aves,passeriformes,fringillidae,Aedes vexans,VectorMap,BloodMealMap,blood_meal,Unites States,,1
Serinus canaria,Culex pipiens,FALSE,9135,aves,passeriformes,fringillidae,Culex pipiens,VectorMap,BloodMealMap,blood_meal,Unites States,,1
Sigmodon hispidus,Amblyomma americanum,FALSE,42415,mammalia,rodentia,cricetidae,Amblyomma americanum,VectorMap,TickMap,on_host_occurrence,United States of America,,34
Sigmodon hispidus,Amblyomma maculatum,FALSE,42415,mammalia,rodentia,cricetidae,Amblyomma maculatum,VectorMap,TickMap,on_host_occurrence,United States of America,,48
Sigmodon hispidus,Ctenocephalides felis,FALSE,42415,mammalia,rodentia,cricetidae,Ctenocephalides felis,VectorMap,FleaMap,on_host_occurrence,Venezuela,,1
Sigmodon hispidus,Culex cedecei,FALSE,42415,mammalia,rodentia,cricetidae,Culex cedecei,MapVEu; VectorMap,BloodMealMap; MapVEu,blood_meal,United States; Unites States,,453
Sigmodon hispidus,Dermacentor variabilis,FALSE,42415,mammalia,rodentia,cricetidae,Dermacentor variabilis,VectorMap,TickMap,on_host_occurrence,United States of America,,136
Sigmodon hispidus,Haemaphysalis leporispalustris,FALSE,42415,mammalia,rodentia,cricetidae,Haemaphysalis leporispalustris,VectorMap,TickMap,on_host_occurrence,United States of America,,16
Sigmodon hispidus,Ixodes affinis,FALSE,42415,mammalia,rodentia,cricetidae,Ixodes affinis,VectorMap,TickMap,on_host_occurrence,United States of America,,16
Sigmodon hispidus,Ixodes cookei,FALSE,42415,mammalia,rodentia,cricetidae,Ixodes cookei,VectorMap,TickMap,on_host_occurrence,United States of America,,16
Sigmodon hispidus,Ixodes dentatus,FALSE,42415,mammalia,rodentia,cricetidae,Ixodes dentatus,VectorMap,TickMap,on_host_occurrence,United States of America,,8
Sigmodon hispidus,Ixodes minor,FALSE,42415,mammalia,rodentia,cricetidae,Ixodes minor,VectorMap,TickMap,on_host_occurrence,United States of America,,40
Sigmodon hispidus,Ixodes scapularis,FALSE,42415,mammalia,rodentia,cricetidae,Ixodes scapularis,VectorMap,TickMap,on_host_occurrence,United States of America,,24
Sigmodon hispidus,Polygenis gwyni,FALSE,42415,mammalia,rodentia,cricetidae,Polygenis gwyni,VectorMap,FleaMap,on_host_occurrence,United States,,111
Sigmodon hispidus,Rhipicephalus sanguineus,FALSE,42415,mammalia,rodentia,cricetidae,Rhipicephalus sanguineus,VectorMap,TickMap,on_host_occurrence,United States of America,,4
Sigmodon hispidus,Xenopsylla cheopis,FALSE,42415,mammalia,rodentia,cricetidae,Xenopsylla cheopis,VectorMap,FleaMap,on_host_occurrence,United States,,1
Sorex araneus,Ixodes muris,FALSE,42254,mammalia,eulipotyphla,soricidae,Ixodes muris,VectorMap,TickMap,on_host_occurrence,United States of America,,8
Spatula clypeata,Culex tarsalis,FALSE,75838,aves,anseriformes,anatidae,Culex tarsalis,VectorMap,BloodMealMap,blood_meal,Unites States,,1
Spatula discors,Culiseta melanura,FALSE,75842,aves,anseriformes,anatidae,Culiseta melanura,VectorMap,BloodMealMap,blood_meal,Unites States,,1
Spheniscus humboldti,Aedes japonicus,FALSE,9240,aves,sphenisciformes,spheniscidae,Aedes japonicus,VectorMap,BloodMealMap,blood_meal,Switzerland,,1
Spheniscus humboldti,Anopheles maculipennis,FALSE,9240,aves,sphenisciformes,spheniscidae,Anopheles maculipennis,VectorMap,BloodMealMap,blood_meal,Switzerland,,1
Spheniscus humboldti,Culex territans,FALSE,9240,aves,sphenisciformes,spheniscidae,Culex territans,VectorMap,BloodMealMap,blood_meal,Switzerland,,1
Spilopelia chinensis,Culex quinquefasciatus,FALSE,115700,aves,columbiformes,columbidae,Culex quinquefasciatus,VectorMap,BloodMealMap,blood_meal,Malaysia,,1
Spinus tristis,Culex pipiens,FALSE,54773,aves,passeriformes,fringillidae,Culex pipiens,VectorMap,BloodMealMap,blood_meal,Unites States,,1
Spinus tristis,Culex tarsalis,FALSE,54773,aves,passeriformes,fringillidae,Culex tarsalis,VectorMap,BloodMealMap,blood_meal,Unites States,,2
Spinus tristis,Culiseta melanura,FALSE,54773,aves,passeriformes,fringillidae,Culiseta melanura,VectorMap,BloodMealMap,blood_meal,Unites States,,1
Spinus tristis,Ixodes scapularis,FALSE,54773,aves,passeriformes,fringillidae,Ixodes scapularis,VectorMap,TickMap,on_host_occurrence,United States of America,,8
Streptopelia decaocto,Culex pipiens,FALSE,177147,aves,columbiformes,columbidae,Culex pipiens,VectorMap,BloodMealMap,blood_meal,Italy; Unites States,,2
Streptopelia decaocto,Culex quinquefasciatus,FALSE,177147,aves,columbiformes,columbidae,Culex quinquefasciatus,VectorMap,BloodMealMap,blood_meal,Unites States,,1
Streptopelia decaocto,Culex stigmatosoma,FALSE,177147,aves,columbiformes,columbidae,Culex stigmatosoma,VectorMap,BloodMealMap,blood_meal,Unites States,,1
Streptopelia decaocto,Culex tarsalis,FALSE,177147,aves,columbiformes,columbidae,Culex tarsalis,VectorMap,BloodMealMap,blood_meal,Unites States,,2
Strix aluco,Hyalomma aegyptium,FALSE,111821,aves,strigiformes,strigidae,Hyalomma aegyptium,VectorMap,TickMap,on_host_occurrence,Morocco,,1
Strix varia,Culex erraticus,FALSE,57075,aves,strigiformes,strigidae,Culex erraticus,VectorMap,BloodMealMap,blood_meal,Unites States,,1
Strix varia,Culiseta melanura,FALSE,57075,aves,strigiformes,strigidae,Culiseta melanura,VectorMap,BloodMealMap,blood_meal,Unites States,,1
Strix varia,Ornithodoros capensis,FALSE,57075,aves,strigiformes,strigidae,Ornithodoros capensis,VectorMap,TickMap,on_host_occurrence,United States of America,,4
Struthio camelus,Amblyomma hebraeum,FALSE,8801,aves,struthioniformes,struthionidae,Amblyomma hebraeum,VectorMap,TickMap,on_host_occurrence,Zimbabwe,,1
Struthio camelus,Armigeres subalbatus,FALSE,8801,aves,struthioniformes,struthionidae,Armigeres subalbatus,VectorMap,BloodMealMap,blood_meal,Japan,,2
Struthio camelus,Culex quinquefasciatus,FALSE,8801,aves,struthioniformes,struthionidae,Culex quinquefasciatus,VectorMap,BloodMealMap,blood_meal,Japan; Unites States,,2
Struthio camelus,Culex vishnui,FALSE,8801,aves,struthioniformes,struthionidae,Culex vishnui,VectorMap,BloodMealMap,blood_meal,Japan,,1
Struthio camelus,Hyalomma impressum,FALSE,8801,aves,struthioniformes,struthionidae,Hyalomma impressum,VectorMap,TickMap,on_host_occurrence,South Africa,,1
Struthio camelus,Rhipicephalus deltoideus,FALSE,8801,aves,struthioniformes,struthionidae,Rhipicephalus deltoideus,VectorMap,TickMap,on_host_occurrence,Uganda,,1
Struthio camelus,Rhipicephalus guilhoni,FALSE,8801,aves,struthioniformes,struthionidae,Rhipicephalus guilhoni,VectorMap,TickMap,on_host_occurrence,Cameroon,,1
Struthio camelus,Rhipicephalus sanguineus,FALSE,8801,aves,struthioniformes,struthionidae,Rhipicephalus sanguineus,VectorMap,TickMap,on_host_occurrence,Mali,,1
Struthio camelus,Rhipicephalus turanicus,FALSE,8801,aves,struthioniformes,struthionidae,Rhipicephalus turanicus,VectorMap,TickMap,on_host_occurrence,Morocco,,1
Sturnus vulgaris,Culex modestus,FALSE,9172,aves,passeriformes,sturnidae,Culex modestus,VectorMap,BloodMealMap,blood_meal,Czechia,,1
Sturnus vulgaris,Culex pipiens,FALSE,9172,aves,passeriformes,sturnidae,Culex pipiens,VectorMap,BloodMealMap,blood_meal,Czechia; United Kingdom; Unites States,,8
Sturnus vulgaris,Culex quinquefasciatus,FALSE,9172,aves,passeriformes,sturnidae,Culex quinquefasciatus,VectorMap,BloodMealMap,blood_meal,Unites States,,1
Sturnus vulgaris,Culex restuans,FALSE,9172,aves,passeriformes,sturnidae,Culex restuans,VectorMap,BloodMealMap,blood_meal,Unites States,,1
Sturnus vulgaris,Culex stigmatosoma,FALSE,9172,aves,passeriformes,sturnidae,Culex stigmatosoma,VectorMap,BloodMealMap,blood_meal,Unites States,,1
Sturnus vulgaris,Culex tarsalis,FALSE,9172,aves,passeriformes,sturnidae,Culex tarsalis,VectorMap,BloodMealMap,blood_meal,Unites States,,6
Sturnus vulgaris,Culex territans,FALSE,9172,aves,passeriformes,sturnidae,Culex territans,VectorMap,BloodMealMap,blood_meal,Unites States,,1
Sturnus vulgaris,Culex thriambus,FALSE,9172,aves,passeriformes,sturnidae,Culex thriambus,VectorMap,BloodMealMap,blood_meal,Unites States,,1
Sturnus vulgaris,Culiseta melanura,FALSE,9172,aves,passeriformes,sturnidae,Culiseta melanura,VectorMap,BloodMealMap,blood_meal,Unites States,,1
Sturnus vulgaris,Culiseta morsitans,FALSE,9172,aves,passeriformes,sturnidae,Culiseta morsitans,VectorMap,BloodMealMap,blood_meal,Unites States,,1
Sturnus vulgaris,Haemaphysalis leporispalustris,FALSE,9172,aves,passeriformes,sturnidae,Haemaphysalis leporispalustris,VectorMap,TickMap,on_host_occurrence,United States of America,,17
Suncus murinus,Aedes albopictus,FALSE,9378,mammalia,eulipotyphla,soricidae,Aedes albopictus,VectorMap,BloodMealMap,blood_meal,Japan,,1
Suncus murinus,Xenopsylla cheopis,FALSE,9378,mammalia,eulipotyphla,soricidae,Xenopsylla cheopis,VectorMap,FleaMap,on_host_occurrence,Indonesia,,14
Suricata suricatta,Ctenocephalides felis,FALSE,37032,mammalia,carnivora,herpestidae,Ctenocephalides felis,VectorMap,FleaMap,on_host_occurrence,South Africa,,1
Suricata suricatta,Echidnophaga gallinacea,FALSE,37032,mammalia,carnivora,herpestidae,Echidnophaga gallinacea,VectorMap,FleaMap,on_host_occurrence,Botswana; South Africa,,110
Suricata suricatta,Haemaphysalis leachi,FALSE,37032,mammalia,carnivora,herpestidae,Haemaphysalis leachi,VectorMap,TickMap,on_host_occurrence,South Africa,,1
Suricata suricatta,Nuttalliella namaqua,FALSE,37032,mammalia,carnivora,herpestidae,Nuttalliella namaqua,VectorMap,TickMap,on_host_occurrence,Namibia,,1
Suricata suricatta,Rhipicephalus theileri,FALSE,37032,mammalia,carnivora,herpestidae,Rhipicephalus theileri,VectorMap,TickMap,on_host_occurrence,South Africa,,1
Sus scrofa,Aedes aegypti,FALSE,9823,mammalia,artiodactyla,suidae,Aedes aegypti,VectorMap,BloodMealMap,blood_meal,Thailand,,1
Sus scrofa,Aedes albopictus,FALSE,9823,mammalia,artiodactyla,suidae,Aedes albopictus,VectorMap,BloodMealMap,blood_meal,Malaysia; Singapore,,2
Sus scrofa,Aedes aureostriatus,FALSE,9823,mammalia,artiodactyla,suidae,Aedes aureostriatus,VectorMap,BloodMealMap,blood_meal,Japan,,1
Sus scrofa,Aedes bancroftianus,FALSE,9823,mammalia,artiodactyla,suidae,Aedes bancroftianus,VectorMap,BloodMealMap,blood_meal,Australia,,1
Sus scrofa,Aedes vexans,FALSE,9823,mammalia,artiodactyla,suidae,Aedes vexans,VectorMap,BloodMealMap,blood_meal,Hungary; Japan; Serbia; Unites States,,7
Sus scrofa,Amblyomma americanum,FALSE,9823,mammalia,artiodactyla,suidae,Amblyomma americanum,VectorMap,TickMap,on_host_occurrence,United States of America,,113
Sus scrofa,Amblyomma auricularium,FALSE,9823,mammalia,artiodactyla,suidae,Amblyomma auricularium,VectorMap,TickMap,on_host_occurrence,United States of America,,18
Sus scrofa,Amblyomma cajennense,FALSE,9823,mammalia,artiodactyla,suidae,Amblyomma cajennense,VectorMap,TickMap,on_host_occurrence,United States of America,,71
Sus scrofa,Amblyomma hebraeum,FALSE,9823,mammalia,artiodactyla,suidae,Amblyomma hebraeum,VectorMap,TickMap,on_host_occurrence,South Africa,,1
Sus scrofa,Amblyomma maculatum,FALSE,9823,mammalia,artiodactyla,suidae,Amblyomma maculatum,VectorMap,TickMap,on_host_occurrence,Peru; United States of America,,200
Sus scrofa,Amblyomma paulopunctatum,FALSE,9823,mammalia,artiodactyla,suidae,Amblyomma paulopunctatum,VectorMap,TickMap,on_host_occurrence,Angola,,2
Sus scrofa,Amblyomma pomposum,FALSE,9823,mammalia,artiodactyla,suidae,Amblyomma pomposum,VectorMap,TickMap,on_host_occurrence,Angola,,1
Sus scrofa,Anopheles annulipes,FALSE,9823,mammalia,artiodactyla,suidae,Anopheles annulipes,VectorMap,BloodMealMap,blood_meal,Australia,,1
Sus scrofa,Anopheles arabiensis,FALSE,9823,mammalia,artiodactyla,suidae,Anopheles arabiensis,VectorMap,BloodMealMap,blood_meal,Madagascar,,1
Sus scrofa,Anopheles coustani,FALSE,9823,mammalia,artiodactyla,suidae,Anopheles coustani,VectorMap,BloodMealMap,blood_meal,Madagascar,,1
Sus scrofa,Anopheles darlingi,FALSE,9823,mammalia,artiodactyla,suidae,Anopheles darlingi,VectorMap,BloodMealMap,blood_meal,Peru,,1
Sus scrofa,Anopheles freeborni,FALSE,9823,mammalia,artiodactyla,suidae,Anopheles freeborni,VectorMap,BloodMealMap,blood_meal,Unites States,,2
Sus scrofa,Anopheles funestus,FALSE,9823,mammalia,artiodactyla,suidae,Anopheles funestus,VectorMap,BloodMealMap,blood_meal,Madagascar,,1
Sus scrofa,Anopheles gambiae,FALSE,9823,mammalia,artiodactyla,suidae,Anopheles gambiae,VectorMap,BloodMealMap,blood_meal,Kenya; Madagascar,,2
Sus scrofa,Anopheles lesteri,FALSE,9823,mammalia,artiodactyla,suidae,Anopheles lesteri,VectorMap,BloodMealMap,blood_meal,Japan,,1
Sus scrofa,Anopheles maculipalpis,FALSE,9823,mammalia,artiodactyla,suidae,Anopheles maculipalpis,VectorMap,BloodMealMap,blood_meal,Madagascar,,1
Sus scrofa,Anopheles mascarensis,FALSE,9823,mammalia,artiodactyla,suidae,Anopheles mascarensis,VectorMap,BloodMealMap,blood_meal,Madagascar,,1
Sus scrofa,Anopheles punctipennis,FALSE,9823,mammalia,artiodactyla,suidae,Anopheles punctipennis,VectorMap,BloodMealMap,blood_meal,Unites States,,1
Sus scrofa,Anopheles quadrimaculatus,FALSE,9823,mammalia,artiodactyla,suidae,Anopheles quadrimaculatus,VectorMap,BloodMealMap,blood_meal,Unites States,,1
Sus scrofa,Anopheles rufipes,FALSE,9823,mammalia,artiodactyla,suidae,Anopheles rufipes,VectorMap,BloodMealMap,blood_meal,Madagascar,,1
Sus scrofa,Anopheles saperoi,FALSE,9823,mammalia,artiodactyla,suidae,Anopheles saperoi,VectorMap,BloodMealMap,blood_meal,Japan,,1
Sus scrofa,Anopheles squamosus,FALSE,9823,mammalia,artiodactyla,suidae,Anopheles squamosus,VectorMap,BloodMealMap,blood_meal,Madagascar,,1
Sus scrofa,Anopheles superpictus,FALSE,9823,mammalia,artiodactyla,suidae,Anopheles superpictus,VectorMap,BloodMealMap,blood_meal,Iran,,1
Sus scrofa,Armigeres subalbatus,FALSE,9823,mammalia,artiodactyla,suidae,Armigeres subalbatus,VectorMap,BloodMealMap,blood_meal,Japan,,1
Sus scrofa,Coquillettidia venezuelensis,FALSE,9823,mammalia,artiodactyla,suidae,Coquillettidia venezuelensis,VectorMap,BloodMealMap,blood_meal,Panama,,1
Sus scrofa,Culex annulirostris,FALSE,9823,mammalia,artiodactyla,suidae,Culex annulirostris,VectorMap,BloodMealMap,blood_meal,Australia; Papua New Guinea,,12
Sus scrofa,Culex bitaeniorhynchus,FALSE,9823,mammalia,artiodactyla,suidae,Culex bitaeniorhynchus,VectorMap,BloodMealMap,blood_meal,India,,1
Sus scrofa,Culex fuscocephala,FALSE,9823,mammalia,artiodactyla,suidae,Culex fuscocephala,VectorMap,BloodMealMap,blood_meal,India,,1
Sus scrofa,Culex gelidus,FALSE,9823,mammalia,artiodactyla,suidae,Culex gelidus,VectorMap,BloodMealMap,blood_meal,India; Malaysia; Singapore,,5
Sus scrofa,Culex mimeticus,FALSE,9823,mammalia,artiodactyla,suidae,Culex mimeticus,VectorMap,BloodMealMap,blood_meal,Japan,,3
Sus scrofa,Culex pipiens,FALSE,9823,mammalia,artiodactyla,suidae,Culex pipiens,VectorMap,BloodMealMap,blood_meal,Serbia; Unites States,,4
Sus scrofa,Culex pseudovishnui,FALSE,9823,mammalia,artiodactyla,suidae,Culex pseudovishnui,VectorMap,BloodMealMap,blood_meal,India,,1
Sus scrofa,Culex quinquefasciatus,FALSE,9823,mammalia,artiodactyla,suidae,Culex quinquefasciatus,VectorMap,BloodMealMap,blood_meal,Australia; India; Malaysia; Mexico; Singapore; Unites States,,6
Sus scrofa,Culex ryukyensis,FALSE,9823,mammalia,artiodactyla,suidae,Culex ryukyensis,VectorMap,BloodMealMap,blood_meal,Japan,,1
Sus scrofa,Culex salinarius,FALSE,9823,mammalia,artiodactyla,suidae,Culex salinarius,VectorMap,BloodMealMap,blood_meal,Unites States,,1
Sus scrofa,Culex sitiens,FALSE,9823,mammalia,artiodactyla,suidae,Culex sitiens,VectorMap,BloodMealMap,blood_meal,Singapore,,1
Sus scrofa,Culex tarsalis,FALSE,9823,mammalia,artiodactyla,suidae,Culex tarsalis,VectorMap,BloodMealMap,blood_meal,Unites States,,4
Sus scrofa,Culex tritaeniorhynchus,FALSE,9823,mammalia,artiodactyla,suidae,Culex tritaeniorhynchus,VectorMap,BloodMealMap,blood_meal,India; Singapore,,5
Sus scrofa,Culex vishnui,FALSE,9823,mammalia,artiodactyla,suidae,Culex vishnui,VectorMap,BloodMealMap,blood_meal,India; Singapore,,3
Sus scrofa,Culiseta inornata,FALSE,9823,mammalia,artiodactyla,suidae,Culiseta inornata,VectorMap,BloodMealMap,blood_meal,Unites States,,2
Sus scrofa,Culiseta melanura,FALSE,9823,mammalia,artiodactyla,suidae,Culiseta melanura,VectorMap,BloodMealMap,blood_meal,Unites States,,1
Sus scrofa,Deinocerites cancer,FALSE,9823,mammalia,artiodactyla,suidae,Deinocerites cancer,VectorMap,BloodMealMap,blood_meal,Panama,,1
Sus scrofa,Deinocerites epitedeus,FALSE,9823,mammalia,artiodactyla,suidae,Deinocerites epitedeus,VectorMap,BloodMealMap,blood_meal,Panama,,1
Sus scrofa,Dermacentor Variabilis,FALSE,9823,mammalia,artiodactyla,suidae,Dermacentor Variabilis,VectorMap,TickMap,on_host_occurrence,United States of America,,16
Sus scrofa,Dermacentor halli,FALSE,9823,mammalia,artiodactyla,suidae,Dermacentor halli,VectorMap,TickMap,on_host_occurrence,United States of America,,5
Sus scrofa,Dermacentor marginatus,FALSE,9823,mammalia,artiodactyla,suidae,Dermacentor marginatus,VectorMap,TickMap,on_host_occurrence,Morocco,,3
Sus scrofa,Dermacentor nitens,FALSE,9823,mammalia,artiodactyla,suidae,Dermacentor nitens,VectorMap,TickMap,on_host_occurrence,Peru,,1
Sus scrofa,Dermacentor variabilis,FALSE,9823,mammalia,artiodactyla,suidae,Dermacentor variabilis,VectorMap,TickMap,on_host_occurrence,United States of America,,212
Sus scrofa,Ficalbia ichiromiyagii,FALSE,9823,mammalia,artiodactyla,suidae,Ficalbia ichiromiyagii,VectorMap,BloodMealMap,blood_meal,Japan,,1
Sus scrofa,Hyalomma aegyptium,FALSE,9823,mammalia,artiodactyla,suidae,Hyalomma aegyptium,VectorMap,TickMap,on_host_occurrence,"Congo, The Democratic Republic of The",,1
Sus scrofa,Hyalomma excavatum,FALSE,9823,mammalia,artiodactyla,suidae,Hyalomma excavatum,VectorMap,TickMap,on_host_occurrence,Morocco,,1
Sus scrofa,Hyalomma lusitanicum,FALSE,9823,mammalia,artiodactyla,suidae,Hyalomma lusitanicum,VectorMap,TickMap,on_host_occurrence,Morocco,,2
Sus scrofa,Hyalomma marginatum,FALSE,9823,mammalia,artiodactyla,suidae,Hyalomma marginatum,VectorMap,TickMap,on_host_occurrence,Morocco,,1
Sus scrofa,Hyalomma truncatum,FALSE,9823,mammalia,artiodactyla,suidae,Hyalomma truncatum,VectorMap,TickMap,on_host_occurrence,Sudan,,1
Sus scrofa,Ixodes ricinus,FALSE,9823,mammalia,artiodactyla,suidae,Ixodes ricinus,VectorMap,TickMap,on_host_occurrence,Morocco,,2
Sus scrofa,Ixodes scapularis,FALSE,9823,mammalia,artiodactyla,suidae,Ixodes scapularis,VectorMap,TickMap,on_host_occurrence,United States of America,,29
Sus scrofa,Mansonia indubitans,FALSE,9823,mammalia,artiodactyla,suidae,Mansonia indubitans,VectorMap,BloodMealMap,blood_meal,Panama,,1
Sus scrofa,Mansonia titillans,FALSE,9823,mammalia,artiodactyla,suidae,Mansonia titillans,VectorMap,BloodMealMap,blood_meal,Panama,,1
Sus scrofa,Mansonia uniformis,FALSE,9823,mammalia,artiodactyla,suidae,Mansonia uniformis,VectorMap,BloodMealMap,blood_meal,Nigeria,,1
Sus scrofa,Ornithodoros erraticus,FALSE,9823,mammalia,artiodactyla,suidae,Ornithodoros erraticus,VectorMap,TickMap,on_host_occurrence,Morocco,,2
Sus scrofa,Ornithodoros turicata,FALSE,9823,mammalia,artiodactyla,suidae,Ornithodoros turicata,VectorMap,TickMap,on_host_occurrence,Mexico; United States,,7
Sus scrofa,Psorophora cingulata,FALSE,9823,mammalia,artiodactyla,suidae,Psorophora cingulata,VectorMap,BloodMealMap,blood_meal,Panama,,1
Sus scrofa,Psorophora columbiae,FALSE,9823,mammalia,artiodactyla,suidae,Psorophora columbiae,VectorMap,BloodMealMap,blood_meal,Unites States,,1
Sus scrofa,Psorophora confinnis,FALSE,9823,mammalia,artiodactyla,suidae,Psorophora confinnis,VectorMap,BloodMealMap,blood_meal,Unites States,,1
Sus scrofa,Psorophora cyanescens,FALSE,9823,mammalia,artiodactyla,suidae,Psorophora cyanescens,VectorMap,BloodMealMap,blood_meal,Unites States,,1
Sus scrofa,Psorophora discolor,FALSE,9823,mammalia,artiodactyla,suidae,Psorophora discolor,VectorMap,BloodMealMap,blood_meal,Unites States,,1
Sus scrofa,Psorophora ferox,FALSE,9823,mammalia,artiodactyla,suidae,Psorophora ferox,VectorMap,BloodMealMap,blood_meal,Panama; Unites States,,2
Sus scrofa,Rhipicephalus bursa,FALSE,9823,mammalia,artiodactyla,suidae,Rhipicephalus bursa,VectorMap,TickMap,on_host_occurrence,Morocco,,1
Sus scrofa,Rhipicephalus complanatus,FALSE,9823,mammalia,artiodactyla,suidae,Rhipicephalus complanatus,VectorMap,TickMap,on_host_occurrence,"Angola; Congo, The Democratic Republic of The",,3
Sus scrofa,Rhipicephalus compositus,FALSE,9823,mammalia,artiodactyla,suidae,Rhipicephalus compositus,VectorMap,TickMap,on_host_occurrence,"Congo, The Democratic Republic of The",,1
Sus scrofa,Rhipicephalus congolensis,FALSE,9823,mammalia,artiodactyla,suidae,Rhipicephalus congolensis,VectorMap,TickMap,on_host_occurrence,"Congo, The Democratic Republic of The",,5
Sus scrofa,Rhipicephalus evertsi,TRUE,9823,mammalia,artiodactyla,suidae,Rhipicephalus evertsi mimeticus,VectorMap,TickMap,on_host_occurrence,Angola,,1
Sus scrofa,Rhipicephalus longus,FALSE,9823,mammalia,artiodactyla,suidae,Rhipicephalus longus,VectorMap,TickMap,on_host_occurrence,"Angola; Congo, The Democratic Republic of The",,7
Sus scrofa,Rhipicephalus lunulatus,FALSE,9823,mammalia,artiodactyla,suidae,Rhipicephalus lunulatus,VectorMap,TickMap,on_host_occurrence,Angola,,4
Sus scrofa,Rhipicephalus pravus,FALSE,9823,mammalia,artiodactyla,suidae,Rhipicephalus pravus,VectorMap,TickMap,on_host_occurrence,Angola; Sudan,,2
Sus scrofa,Rhipicephalus sanguineus,FALSE,9823,mammalia,artiodactyla,suidae,Rhipicephalus sanguineus,VectorMap,TickMap,on_host_occurrence,Angola; Peru; Sudan,,3
Sus scrofa,Rhipicephalus simus,FALSE,9823,mammalia,artiodactyla,suidae,Rhipicephalus simus,VectorMap,TickMap,on_host_occurrence,Angola; Sudan,,2
Sus scrofa,Rhipicephalus tricuspis,FALSE,9823,mammalia,artiodactyla,suidae,Rhipicephalus tricuspis,VectorMap,TickMap,on_host_occurrence,"Congo, The Democratic Republic of The",,1
Sus scrofa,Rhipicephalus ziemanni,FALSE,9823,mammalia,artiodactyla,suidae,Rhipicephalus ziemanni,VectorMap,TickMap,on_host_occurrence,Angola; Cote D'Ivoire,,2
Sylvia atricapilla,Culex perexiguus,FALSE,48155,aves,passeriformes,sylviidae,Culex perexiguus,VectorMap,BloodMealMap,blood_meal,Israel,,1
Sylvia atricapilla,Culex pipiens,FALSE,48155,aves,passeriformes,sylviidae,Culex pipiens,VectorMap,BloodMealMap,blood_meal,Czechia; Israel,,2
Sylvilagus floridanus,Aedes aegypti,FALSE,9988,mammalia,lagomorpha,leporidae,Aedes aegypti,VectorMap,BloodMealMap,blood_meal,Unites States,,1
Sylvilagus floridanus,Aedes albopictus,FALSE,9988,mammalia,lagomorpha,leporidae,Aedes albopictus,VectorMap,BloodMealMap,blood_meal,Unites States,,1
Sylvilagus floridanus,Aedes vexans,FALSE,9988,mammalia,lagomorpha,leporidae,Aedes vexans,VectorMap,BloodMealMap,blood_meal,Unites States,,2
Sylvilagus floridanus,Amblyomma americanum,FALSE,9988,mammalia,lagomorpha,leporidae,Amblyomma americanum,VectorMap,TickMap,on_host_occurrence,United States of America,,152
Sylvilagus floridanus,Ctenocephalides canis,FALSE,9988,mammalia,lagomorpha,leporidae,Ctenocephalides canis,VectorMap,FleaMap,on_host_occurrence,United States,,17
Sylvilagus floridanus,Culex cedecei,FALSE,9988,mammalia,lagomorpha,leporidae,Culex cedecei,MapVEu; VectorMap,BloodMealMap; MapVEu,blood_meal,United States; Unites States,,453
Sylvilagus floridanus,Culex iolambdis,FALSE,9988,mammalia,lagomorpha,leporidae,Culex iolambdis,VectorMap,BloodMealMap,blood_meal,Unites States,,1
Sylvilagus floridanus,Culex quinquefasciatus,FALSE,9988,mammalia,lagomorpha,leporidae,Culex quinquefasciatus,VectorMap,BloodMealMap,blood_meal,Unites States,,1
Sylvilagus floridanus,Culex restuans,FALSE,9988,mammalia,lagomorpha,leporidae,Culex restuans,VectorMap,BloodMealMap,blood_meal,Unites States,,1
Sylvilagus floridanus,Culex salinarius,FALSE,9988,mammalia,lagomorpha,leporidae,Culex salinarius,VectorMap,BloodMealMap,blood_meal,Unites States,,1
Sylvilagus floridanus,Dermacentor variabilis,FALSE,9988,mammalia,lagomorpha,leporidae,Dermacentor variabilis,VectorMap,TickMap,on_host_occurrence,United States of America,,60
Sylvilagus floridanus,Haemaphysalis leporispalustris,FALSE,9988,mammalia,lagomorpha,leporidae,Haemaphysalis leporispalustris,VectorMap,TickMap,on_host_occurrence,United States of America,,475
Sylvilagus floridanus,Ixodes affinis,FALSE,9988,mammalia,lagomorpha,leporidae,Ixodes affinis,VectorMap,TickMap,on_host_occurrence,United States of America,,8
Sylvilagus floridanus,Ixodes cookei,FALSE,9988,mammalia,lagomorpha,leporidae,Ixodes cookei,VectorMap,TickMap,on_host_occurrence,United States; United States of America,,9
Sylvilagus floridanus,Ixodes dentatus,FALSE,9988,mammalia,lagomorpha,leporidae,Ixodes dentatus,VectorMap,TickMap,on_host_occurrence,United States of America,,104
Sylvilagus floridanus,Ixodes diversifossus,FALSE,9988,mammalia,lagomorpha,leporidae,Ixodes diversifossus,VectorMap,TickMap,on_host_occurrence,United States of America,,16
Sylvilagus floridanus,Ixodes muris,FALSE,9988,mammalia,lagomorpha,leporidae,Ixodes muris,VectorMap,TickMap,on_host_occurrence,United States of America,,16
Sylvilagus floridanus,Ixodes scapularis,FALSE,9988,mammalia,lagomorpha,leporidae,Ixodes scapularis,VectorMap,TickMap,on_host_occurrence,Mexico; United States; United States of America,,29
Sylvilagus floridanus,Ixodes texanus,FALSE,9988,mammalia,lagomorpha,leporidae,Ixodes texanus,VectorMap,TickMap,on_host_occurrence,United States of America,,4
Syncerus caffer,Amblyomma astrion,FALSE,9970,mammalia,artiodactyla,bovidae,Amblyomma astrion,VectorMap,TickMap,on_host_occurrence,"Angola; Congo, The Democratic Republic of The",,12
Syncerus caffer,Amblyomma cohaerens,FALSE,9970,mammalia,artiodactyla,bovidae,Amblyomma cohaerens,VectorMap,TickMap,on_host_occurrence,"Angola; Congo, The Democratic Republic of The; Sudan; Tanzania, United Republic of; Uganda",,39
Syncerus caffer,Amblyomma eburneum,FALSE,9970,mammalia,artiodactyla,bovidae,Amblyomma eburneum,VectorMap,TickMap,on_host_occurrence,"Congo, The Democratic Republic of The; Tanzania, United Republic of",,5
Syncerus caffer,Amblyomma hebraeum,FALSE,9970,mammalia,artiodactyla,bovidae,Amblyomma hebraeum,VectorMap,TickMap,on_host_occurrence,South Africa; Zimbabwe,,3
Syncerus caffer,Amblyomma lepidum,FALSE,9970,mammalia,artiodactyla,bovidae,Amblyomma lepidum,VectorMap,TickMap,on_host_occurrence,Sudan; Zambia,,4
Syncerus caffer,Amblyomma nuttalli,FALSE,9970,mammalia,artiodactyla,bovidae,Amblyomma nuttalli,VectorMap,TickMap,on_host_occurrence,Benin,,1
Syncerus caffer,Amblyomma paulopunctatum,FALSE,9970,mammalia,artiodactyla,bovidae,Amblyomma paulopunctatum,VectorMap,TickMap,on_host_occurrence,Cote D'Ivoire,,1
Syncerus caffer,Amblyomma pomposum,FALSE,9970,mammalia,artiodactyla,bovidae,Amblyomma pomposum,VectorMap,TickMap,on_host_occurrence,Zambia,,2
Syncerus caffer,Amblyomma rhinocerotis,FALSE,9970,mammalia,artiodactyla,bovidae,Amblyomma rhinocerotis,VectorMap,TickMap,on_host_occurrence,"Congo, The Democratic Republic of The",,1
Syncerus caffer,Amblyomma sparsum,FALSE,9970,mammalia,artiodactyla,bovidae,Amblyomma sparsum,VectorMap,TickMap,on_host_occurrence,Zambia,,1
Syncerus caffer,Amblyomma splendidum,FALSE,9970,mammalia,artiodactyla,bovidae,Amblyomma splendidum,VectorMap,TickMap,on_host_occurrence,"Angola; Benin; Central African Republic; Congo, The Democratic Republic of The; Cote D'Ivoire; Uganda",,29
Syncerus caffer,Amblyomma tholloni,FALSE,9970,mammalia,artiodactyla,bovidae,Amblyomma tholloni,VectorMap,TickMap,on_host_occurrence,"Congo, The Democratic Republic of The",,2
Syncerus caffer,Amblyomma variegatum,FALSE,9970,mammalia,artiodactyla,bovidae,Amblyomma variegatum,VectorMap,TickMap,on_host_occurrence,"Benin; Burkina Faso; Cameroon; Congo, The Democratic Republic of The; Sudan; Uganda; Zambia",,16
Syncerus caffer,Anopheles gambiae,FALSE,9970,mammalia,artiodactyla,bovidae,Anopheles gambiae,VectorMap,BloodMealMap,blood_meal,Kenya,,1
Syncerus caffer,Dermacentor rhinocerinus,FALSE,9970,mammalia,artiodactyla,bovidae,Dermacentor rhinocerinus,VectorMap,TickMap,on_host_occurrence,"Tanzania, United Republic of",,1
Syncerus caffer,Haemaphysalis aciculifer,FALSE,9970,mammalia,artiodactyla,bovidae,Haemaphysalis aciculifer,VectorMap,TickMap,on_host_occurrence,Kenya,,4
Syncerus caffer,Haemaphysalis leachi,FALSE,9970,mammalia,artiodactyla,bovidae,Haemaphysalis leachi,VectorMap,TickMap,on_host_occurrence,"Congo, The Democratic Republic of The",,1
Syncerus caffer,Haemaphysalis paraleachi,FALSE,9970,mammalia,artiodactyla,bovidae,Haemaphysalis paraleachi,VectorMap,TickMap,on_host_occurrence,Kenya,,2
Syncerus caffer,Haemaphysalis parmata,FALSE,9970,mammalia,artiodactyla,bovidae,Haemaphysalis parmata,VectorMap,TickMap,on_host_occurrence,"Congo, The Democratic Republic of The",,2
Syncerus caffer,Haemaphysalis silacea,FALSE,9970,mammalia,artiodactyla,bovidae,Haemaphysalis silacea,VectorMap,TickMap,on_host_occurrence,South Africa,,1
Syncerus caffer,Hyalomma rufipes,FALSE,9970,mammalia,artiodactyla,bovidae,Hyalomma rufipes,VectorMap,TickMap,on_host_occurrence,Sudan; Zambia; Zimbabwe,,5
Syncerus caffer,Hyalomma truncatum,FALSE,9970,mammalia,artiodactyla,bovidae,Hyalomma truncatum,VectorMap,TickMap,on_host_occurrence,Sudan; Zambia,,4
Syncerus caffer,Ixodes cavipalpus,FALSE,9970,mammalia,artiodactyla,bovidae,Ixodes cavipalpus,VectorMap,TickMap,on_host_occurrence,"Congo, The Democratic Republic of The",,1
Syncerus caffer,Ixodes cumulatimpunctatus,FALSE,9970,mammalia,artiodactyla,bovidae,Ixodes cumulatimpunctatus,VectorMap,TickMap,on_host_occurrence,"Congo, The Democratic Republic of The; Tanzania, United Republic of",,3
Syncerus caffer,Rhipicephalus appendiculatus,FALSE,9970,mammalia,artiodactyla,bovidae,Rhipicephalus appendiculatus,VectorMap,TickMap,on_host_occurrence,"Congo, The Democratic Republic of The; Malawi; Rwanda; South Africa; Tanzania, United Republic of",,11
Syncerus caffer,Rhipicephalus bequaerti,FALSE,9970,mammalia,artiodactyla,bovidae,Rhipicephalus bequaerti,VectorMap,TickMap,on_host_occurrence,Kenya; Rwanda,,2
Syncerus caffer,Rhipicephalus capensis,FALSE,9970,mammalia,artiodactyla,bovidae,Rhipicephalus capensis,VectorMap,TickMap,on_host_occurrence,"Congo, The Democratic Republic of The",,9
Syncerus caffer,Rhipicephalus cliffordi,FALSE,9970,mammalia,artiodactyla,bovidae,Rhipicephalus cliffordi,VectorMap,TickMap,on_host_occurrence,Central African Republic,,4
Syncerus caffer,Rhipicephalus complanatus,FALSE,9970,mammalia,artiodactyla,bovidae,Rhipicephalus complanatus,VectorMap,TickMap,on_host_occurrence,"Congo, The Democratic Republic of The",,2
Syncerus caffer,Rhipicephalus compositus,FALSE,9970,mammalia,artiodactyla,bovidae,Rhipicephalus compositus,VectorMap,TickMap,on_host_occurrence,"Angola; Congo, The Democratic Republic of The; Kenya; Malawi; Mozambique; Sudan; Zambia",,33
Syncerus caffer,Rhipicephalus decoloratus,FALSE,9970,mammalia,artiodactyla,bovidae,Rhipicephalus decoloratus,VectorMap,TickMap,on_host_occurrence,"Congo, The Democratic Republic of The; Malawi; South Africa",,5
Syncerus caffer,Rhipicephalus dux,FALSE,9970,mammalia,artiodactyla,bovidae,Rhipicephalus dux,VectorMap,TickMap,on_host_occurrence,"Congo, The Democratic Republic of The",,10
Syncerus caffer,Rhipicephalus evertsi,FALSE,9970,mammalia,artiodactyla,bovidae,Rhipicephalus evertsi evertsi,VectorMap,TickMap,on_host_occurrence,South Africa; Zimbabwe,,3
Syncerus caffer,Rhipicephalus evertsi,TRUE,9970,mammalia,artiodactyla,bovidae,Rhipicephalus evertsi mimeticus,VectorMap,TickMap,on_host_occurrence,"Congo, The Democratic Republic of The",,1
Syncerus caffer,Rhipicephalus glabroscutatum,FALSE,9970,mammalia,artiodactyla,bovidae,Rhipicephalus glabroscutatum,VectorMap,TickMap,on_host_occurrence,South Africa,,1
Syncerus caffer,Rhipicephalus kochi,FALSE,9970,mammalia,artiodactyla,bovidae,Rhipicephalus kochi,VectorMap,TickMap,on_host_occurrence,Angola; Kenya; Malawi; Mozambique; Zimbabwe,,14
Syncerus caffer,Rhipicephalus longicoxatus,FALSE,9970,mammalia,artiodactyla,bovidae,Rhipicephalus longicoxatus,VectorMap,TickMap,on_host_occurrence,Sudan,,1
Syncerus caffer,Rhipicephalus longus,FALSE,9970,mammalia,artiodactyla,bovidae,Rhipicephalus longus,VectorMap,TickMap,on_host_occurrence,"Central African Republic; Congo, The Democratic Republic of The; Kenya; Mozambique; Sudan; Tanzania, United Republic of; Zambia",,39
Syncerus caffer,Rhipicephalus lunulatus,FALSE,9970,mammalia,artiodactyla,bovidae,Rhipicephalus lunulatus,VectorMap,TickMap,on_host_occurrence,Guinea-Bissau,,1
Syncerus caffer,Rhipicephalus maculatus,FALSE,9970,mammalia,artiodactyla,bovidae,Rhipicephalus maculatus,VectorMap,TickMap,on_host_occurrence,Malawi; South Africa,,3
Syncerus caffer,Rhipicephalus masseyi,FALSE,9970,mammalia,artiodactyla,bovidae,Rhipicephalus masseyi,VectorMap,TickMap,on_host_occurrence,"Congo, The Democratic Republic of The; Zambia",,3
Syncerus caffer,Rhipicephalus muehlensi,FALSE,9970,mammalia,artiodactyla,bovidae,Rhipicephalus muehlensi,VectorMap,TickMap,on_host_occurrence,"Congo, The Democratic Republic of The; Mozambique; South Africa",,4
Syncerus caffer,Rhipicephalus planus,FALSE,9970,mammalia,artiodactyla,bovidae,Rhipicephalus planus,VectorMap,TickMap,on_host_occurrence,"Kenya; Tanzania, United Republic of",,2
Syncerus caffer,Rhipicephalus pravus,FALSE,9970,mammalia,artiodactyla,bovidae,Rhipicephalus pravus,VectorMap,TickMap,on_host_occurrence,"Congo, The Democratic Republic of The; Mozambique; Zambia",,3
Syncerus caffer,Rhipicephalus sanguineus,FALSE,9970,mammalia,artiodactyla,bovidae,Rhipicephalus sanguineus,VectorMap,TickMap,on_host_occurrence,"Congo, The Democratic Republic of The; Sudan; Zambia",,7
Syncerus caffer,Rhipicephalus senegalensis,FALSE,9970,mammalia,artiodactyla,bovidae,Rhipicephalus senegalensis,VectorMap,TickMap,on_host_occurrence,"Benin; Burkina Faso; Cameroon; Central African Republic; Congo, The Democratic Republic of The; Guinea; Sudan",,13
Syncerus caffer,Rhipicephalus simus,FALSE,9970,mammalia,artiodactyla,bovidae,Rhipicephalus simus,VectorMap,TickMap,on_host_occurrence,"Congo, The Democratic Republic of The; Mozambique; South Africa; Sudan; Zambia",,13
Syncerus caffer,Rhipicephalus sulcatus,FALSE,9970,mammalia,artiodactyla,bovidae,Rhipicephalus sulcatus,VectorMap,TickMap,on_host_occurrence,"Congo, The Democratic Republic of The",,2
Syncerus caffer,Rhipicephalus supertritus,FALSE,9970,mammalia,artiodactyla,bovidae,Rhipicephalus supertritus,VectorMap,TickMap,on_host_occurrence,"Congo, The Democratic Republic of The; Malawi; Sudan",,7
Syncerus caffer,Rhipicephalus tricuspis,FALSE,9970,mammalia,artiodactyla,bovidae,Rhipicephalus tricuspis,VectorMap,TickMap,on_host_occurrence,"Congo, The Democratic Republic of The; Guinea-Bissau; Zambia",,5
Syncerus caffer,Rhipicephalus ziemanni,FALSE,9970,mammalia,artiodactyla,bovidae,Rhipicephalus ziemanni,VectorMap,TickMap,on_host_occurrence,"Congo; Congo, The Democratic Republic of The; Cote D'Ivoire; Rwanda",,12
Tadarida brasiliensis,Ornithodoros stageri,FALSE,9438,mammalia,chiroptera,molossidae,Ornithodoros stageri,VectorMap,TickMap,on_host_occurrence,United States,,1
Tamias minimus,Megabothris abantis,FALSE,45468,,,,Megabothris abantis,VectorMap,FleaMap,on_host_occurrence,United States,,1
Taphozous perforatus,Argas boueti,FALSE,1381355,mammalia,chiroptera,emballonuridae,Argas boueti,VectorMap,TickMap,on_host_occurrence,Sudan,,1
Taphozous perforatus,Argas confusus,FALSE,1381355,mammalia,chiroptera,emballonuridae,Argas confusus,VectorMap,TickMap,on_host_occurrence,Sudan,,1
Taphozous perforatus,Argas vespertilionis,FALSE,1381355,mammalia,chiroptera,emballonuridae,Argas vespertilionis,VectorMap,TickMap,on_host_occurrence,Sudan,,1
Testudo graeca,Hyalomma aegyptium,FALSE,86975,reptilia,testudines,testudinidae,Hyalomma aegyptium,VectorMap,TickMap,on_host_occurrence,Morocco,,8
Thryomanes bewickii,Culex pipiens,FALSE,241536,aves,passeriformes,troglodytidae,Culex pipiens,VectorMap,BloodMealMap,blood_meal,Unites States,,1
Thryomanes bewickii,Culex stigmatosoma,FALSE,241536,aves,passeriformes,troglodytidae,Culex stigmatosoma,VectorMap,BloodMealMap,blood_meal,Unites States,,2
Thryomanes bewickii,Culex tarsalis,FALSE,241536,aves,passeriformes,troglodytidae,Culex tarsalis,VectorMap,BloodMealMap,blood_meal,Unites States,,1
Thryomanes bewickii,Ixodes pacificus,FALSE,241536,aves,passeriformes,troglodytidae,Ixodes pacificus,VectorMap,TickMap,on_host_occurrence,United States of America,,50
Toxostoma rufum,Aedes aegypti,FALSE,58210,aves,passeriformes,mimidae,Aedes aegypti,MapVEu,MapVEu,blood_meal,Grenada,,32
Toxostoma rufum,Amblyomma americanum,FALSE,58210,aves,passeriformes,mimidae,Amblyomma americanum,VectorMap,TickMap,on_host_occurrence,United States of America,,8
Toxostoma rufum,Amblyomma maculatum,FALSE,58210,aves,passeriformes,mimidae,Amblyomma maculatum,VectorMap,TickMap,on_host_occurrence,United States; United States of America,,6
Toxostoma rufum,Culex pipiens,FALSE,58210,aves,passeriformes,mimidae,Culex pipiens,VectorMap,BloodMealMap,blood_meal,Unites States,,2
Toxostoma rufum,Culex quinquefasciatus,FALSE,58210,aves,passeriformes,mimidae,Culex quinquefasciatus,MapVEu,MapVEu,blood_meal,Grenada,,37
Toxostoma rufum,Culex restuans,FALSE,58210,aves,passeriformes,mimidae,Culex restuans,VectorMap,BloodMealMap,blood_meal,Unites States,,1
Toxostoma rufum,Haemaphysalis chordeilis,FALSE,58210,aves,passeriformes,mimidae,Haemaphysalis chordeilis,VectorMap,TickMap,on_host_occurrence,United States of America,,4
Toxostoma rufum,Haemaphysalis leporispalustris,FALSE,58210,aves,passeriformes,mimidae,Haemaphysalis leporispalustris,VectorMap,TickMap,on_host_occurrence,United States; United States of America,,43
Toxostoma rufum,Ixodes affinis,FALSE,58210,aves,passeriformes,mimidae,Ixodes affinis,VectorMap,TickMap,on_host_occurrence,United States of America,,16
Toxostoma rufum,Ixodes dentatus,FALSE,58210,aves,passeriformes,mimidae,Ixodes dentatus,VectorMap,TickMap,on_host_occurrence,United States; United States of America,,22
Toxostoma rufum,Ixodes muris,FALSE,58210,aves,passeriformes,mimidae,Ixodes muris,VectorMap,TickMap,on_host_occurrence,United States of America,,8
Toxostoma rufum,Ixodes scapularis,FALSE,58210,aves,passeriformes,mimidae,Ixodes scapularis,VectorMap,TickMap,on_host_occurrence,United States; United States of America,,22
Trichoglossus haematodus,Culex quinquefasciatus,FALSE,176049,aves,psittaciformes,psittacidae,Culex quinquefasciatus,VectorMap,BloodMealMap,blood_meal,Unites States,,1
Trichoglossus moluccanus,Culex quinquefasciatus,FALSE,1549204,aves,psittaciformes,psittacidae,Culex quinquefasciatus,MapVEu,MapVEu,blood_meal,Australia,,1
Turdus grayi,Blankaartia arremonops,FALSE,203558,aves,passeriformes,turdidae,Blankaartia arremonops,VectorMap,MiteMap,on_host_occurrence,Chiapas,,1
Turdus merula,Aedes japonicus,FALSE,9187,aves,passeriformes,turdidae,Aedes japonicus,VectorMap,BloodMealMap,blood_meal,Switzerland,,1
Turdus merula,Aedes vexans,FALSE,9187,aves,passeriformes,turdidae,Aedes vexans,VectorMap,BloodMealMap,blood_meal,Switzerland,,1
Turdus merula,Anopheles maculipennis,FALSE,9187,aves,passeriformes,turdidae,Anopheles maculipennis,VectorMap,BloodMealMap,blood_meal,Switzerland,,1
Turdus merula,Anopheles plumbeus,FALSE,9187,aves,passeriformes,turdidae,Anopheles plumbeus,VectorMap,BloodMealMap,blood_meal,Switzerland,,1
Turdus merula,Culex <subgenus>,FALSE,9187,aves,passeriformes,turdidae,Culex <subgenus>,MapVEu,MapVEu,blood_meal,United Kingdom,,1
Turdus merula,Culex globocoxitus,FALSE,9187,aves,passeriformes,turdidae,Culex globocoxitus,MapVEu,MapVEu,blood_meal,Australia,,2
Turdus merula,Culex modestus,FALSE,9187,aves,passeriformes,turdidae,Culex modestus,VectorMap,BloodMealMap,blood_meal,Czechia,,1
Turdus merula,Culex pipiens,FALSE,9187,aves,passeriformes,turdidae,Culex pipiens,MapVEu; VectorMap,BloodMealMap; MapVEu,blood_meal,Czechia; Italy; United Kingdom,,23
Turdus merula,Culex pipiens molestus,TRUE,9187,aves,passeriformes,turdidae,Culex pipiens molestus,MapVEu,MapVEu,blood_meal,Australia,vector_infraspecific,3
Turdus merula,Culex quinquefasciatus,FALSE,9187,aves,passeriformes,turdidae,Culex quinquefasciatus,MapVEu,MapVEu,blood_meal,Australia,,6
Turdus merula,Culiseta morsitans,FALSE,9187,aves,passeriformes,turdidae,Culiseta morsitans,MapVEu; VectorMap,BloodMealMap; MapVEu,blood_meal,United Kingdom,,3
Turdus migratorius,Aedes canadensis,FALSE,9188,aves,passeriformes,turdidae,Aedes canadensis,VectorMap,BloodMealMap,blood_meal,Unites States,,1
Turdus migratorius,Aedes cantator,FALSE,9188,aves,passeriformes,turdidae,Aedes cantator,VectorMap,BloodMealMap,blood_meal,Unites States,,1
Turdus migratorius,Aedes cinereus,FALSE,9188,aves,passeriformes,turdidae,Aedes cinereus,VectorMap,BloodMealMap,blood_meal,Unites States,,1
Turdus migratorius,Aedes triseriatus,FALSE,9188,aves,passeriformes,turdidae,Aedes triseriatus,VectorMap,BloodMealMap,blood_meal,Unites States,,1
Turdus migratorius,Aedes vexans,FALSE,9188,aves,passeriformes,turdidae,Aedes vexans,VectorMap,BloodMealMap,blood_meal,Unites States,,3
Turdus migratorius,Amblyomma dissimile,FALSE,9188,aves,passeriformes,turdidae,Amblyomma dissimile,VectorMap,TickMap,on_host_occurrence,United States of America,,4
Turdus migratorius,Coquillettidia perturbans,FALSE,9188,aves,passeriformes,turdidae,Coquillettidia perturbans,VectorMap,BloodMealMap,blood_meal,Unites States,,1
Turdus migratorius,Culex erraticus,FALSE,9188,aves,passeriformes,turdidae,Culex erraticus,VectorMap,BloodMealMap,blood_meal,Unites States,,1
Turdus migratorius,Culex molestus,FALSE,9188,aves,passeriformes,turdidae,Culex molestus,VectorMap,BloodMealMap,blood_meal,Unites States,,1
Turdus migratorius,Culex pipiens,FALSE,9188,aves,passeriformes,turdidae,Culex pipiens,VectorMap,BloodMealMap,blood_meal,Unites States,,10
Turdus migratorius,Culex quinquefasciatus,FALSE,9188,aves,passeriformes,turdidae,Culex quinquefasciatus,VectorMap,BloodMealMap,blood_meal,Unites States,,6
Turdus migratorius,Culex restuans,FALSE,9188,aves,passeriformes,turdidae,Culex restuans,VectorMap,BloodMealMap,blood_meal,Unites States,,3
Turdus migratorius,Culex salinarius,FALSE,9188,aves,passeriformes,turdidae,Culex salinarius,VectorMap,BloodMealMap,blood_meal,Unites States,,1
Turdus migratorius,Culex stigmatosoma,FALSE,9188,aves,passeriformes,turdidae,Culex stigmatosoma,VectorMap,BloodMealMap,blood_meal,Unites States,,2
Turdus migratorius,Culex tarsalis,FALSE,9188,aves,passeriformes,turdidae,Culex tarsalis,VectorMap,BloodMealMap,blood_meal,Unites States,,7
Turdus migratorius,Culex territans,FALSE,9188,aves,passeriformes,turdidae,Culex territans,VectorMap,BloodMealMap,blood_meal,Unites States,,1
Turdus migratorius,Culiseta melanura,FALSE,9188,aves,passeriformes,turdidae,Culiseta melanura,VectorMap,BloodMealMap,blood_meal,Unites States,,3
Turdus migratorius,Culiseta morsitans,FALSE,9188,aves,passeriformes,turdidae,Culiseta morsitans,VectorMap,BloodMealMap,blood_meal,Unites States,,1
Turdus migratorius,Haemaphysalis leporispalustris,FALSE,9188,aves,passeriformes,turdidae,Haemaphysalis leporispalustris,VectorMap,TickMap,on_host_occurrence,United States of America,,16
Turdus migratorius,Ixodes affinis,FALSE,9188,aves,passeriformes,turdidae,Ixodes affinis,VectorMap,TickMap,on_host_occurrence,United States of America,,8
Turdus migratorius,Ixodes brunneus,FALSE,9188,aves,passeriformes,turdidae,Ixodes brunneus,VectorMap,TickMap,on_host_occurrence,United States of America,,4
Turdus migratorius,Ixodes dentatus,FALSE,9188,aves,passeriformes,turdidae,Ixodes dentatus,VectorMap,TickMap,on_host_occurrence,United States of America,,24
Turdus migratorius,Ixodes muris,FALSE,9188,aves,passeriformes,turdidae,Ixodes muris,VectorMap,TickMap,on_host_occurrence,United States of America,,8
Turdus migratorius,Ixodes pacificus,FALSE,9188,aves,passeriformes,turdidae,Ixodes pacificus,VectorMap,TickMap,on_host_occurrence,United States of America,,20
Turdus migratorius,Ixodes scapularis,FALSE,9188,aves,passeriformes,turdidae,Ixodes scapularis,VectorMap,TickMap,on_host_occurrence,United States; United States of America,,77
Turdus migratorius,Uranotaenia sapphirina,FALSE,9188,aves,passeriformes,turdidae,Uranotaenia sapphirina,VectorMap,BloodMealMap,blood_meal,Unites States,,1
Turdus philomelos,Culex pipiens,FALSE,127946,aves,passeriformes,turdidae,Culex pipiens,VectorMap,BloodMealMap,blood_meal,Czechia,,1
Tyto alba,Anopheles maculipennis,FALSE,56313,aves,strigiformes,tytonidae,Anopheles maculipennis,VectorMap,BloodMealMap,blood_meal,United Kingdom,,1
Tyto alba,Culex pipiens,FALSE,56313,aves,strigiformes,tytonidae,Culex pipiens,VectorMap,BloodMealMap,blood_meal,United Kingdom; Unites States,,2
Tyto alba,Culex stigmatosoma,FALSE,56313,aves,strigiformes,tytonidae,Culex stigmatosoma,VectorMap,BloodMealMap,blood_meal,Unites States,,1
Tyto alba,Culex tarsalis,FALSE,56313,aves,strigiformes,tytonidae,Culex tarsalis,VectorMap,BloodMealMap,blood_meal,Unites States,,5
Urocyon cinereoargenteus,Amblyomma americanum,FALSE,55040,mammalia,carnivora,canidae,Amblyomma americanum,VectorMap,TickMap,on_host_occurrence,United States of America,,48
Urocyon cinereoargenteus,Amblyomma dissimile,FALSE,55040,mammalia,carnivora,canidae,Amblyomma dissimile,VectorMap,TickMap,on_host_occurrence,United States of America,,4
Urocyon cinereoargenteus,Amblyomma maculatum,FALSE,55040,mammalia,carnivora,canidae,Amblyomma maculatum,VectorMap,TickMap,on_host_occurrence,United States of America,,8
Urocyon cinereoargenteus,Ctenocephalides canis,FALSE,55040,mammalia,carnivora,canidae,Ctenocephalides canis,VectorMap,FleaMap,on_host_occurrence,El Salvador; United States,,3
Urocyon cinereoargenteus,Ctenocephalides felis,FALSE,55040,mammalia,carnivora,canidae,Ctenocephalides felis,VectorMap,FleaMap,on_host_occurrence,United States,,3
Urocyon cinereoargenteus,Dermacentor occidentalis,FALSE,55040,mammalia,carnivora,canidae,Dermacentor occidentalis,VectorMap,TickMap,on_host_occurrence,United States of America,,5
Urocyon cinereoargenteus,Dermacentor variabilis,FALSE,55040,mammalia,carnivora,canidae,Dermacentor variabilis,VectorMap,TickMap,on_host_occurrence,United States of America,,71
Urocyon cinereoargenteus,Echidnophaga gallinacea,FALSE,55040,mammalia,carnivora,canidae,Echidnophaga gallinacea,VectorMap,FleaMap,on_host_occurrence,United States,,8
Urocyon cinereoargenteus,Haemaphysalis leporispalustris,FALSE,55040,mammalia,carnivora,canidae,Haemaphysalis leporispalustris,VectorMap,TickMap,on_host_occurrence,United States of America,,16
Urocyon cinereoargenteus,Ixodes cookei,FALSE,55040,mammalia,carnivora,canidae,Ixodes cookei,VectorMap,TickMap,on_host_occurrence,United States of America,,56
Urocyon cinereoargenteus,Ixodes pacificus,FALSE,55040,mammalia,carnivora,canidae,Ixodes pacificus,VectorMap,TickMap,on_host_occurrence,United States of America,,26
Urocyon cinereoargenteus,Ixodes scapularis,FALSE,55040,mammalia,carnivora,canidae,Ixodes scapularis,VectorMap,TickMap,on_host_occurrence,United States of America,,24
Urocyon cinereoargenteus,Ixodes texanus,FALSE,55040,mammalia,carnivora,canidae,Ixodes texanus,VectorMap,TickMap,on_host_occurrence,United States of America,,21
Uroderma bilobatum,Culex nigripalpus,FALSE,27663,mammalia,chiroptera,phyllostomidae,Culex nigripalpus,VectorMap,BloodMealMap,blood_meal,Trinidad & Tobago,,1
Ursus americanus,Amblyomma americanum,FALSE,9643,mammalia,carnivora,ursidae,Amblyomma americanum,VectorMap,TickMap,on_host_occurrence,United States of America,,8
Ursus americanus,Amblyomma maculatum,FALSE,9643,mammalia,carnivora,ursidae,Amblyomma maculatum,VectorMap,TickMap,on_host_occurrence,United States of America,,8
Ursus americanus,Dermacentor albipictus,FALSE,9643,mammalia,carnivora,ursidae,Dermacentor albipictus,VectorMap,TickMap,on_host_occurrence,United States of America,,16
Ursus americanus,Dermacentor variabilis,FALSE,9643,mammalia,carnivora,ursidae,Dermacentor variabilis,VectorMap,TickMap,on_host_occurrence,United States of America,,40
Ursus americanus,Ixodes scapularis,FALSE,9643,mammalia,carnivora,ursidae,Ixodes scapularis,VectorMap,TickMap,on_host_occurrence,United States of America,,32
Urva javanica,Ctenocephalides felis,FALSE,140016,mammalia,carnivora,herpestidae,Ctenocephalides felis,VectorMap,FleaMap,on_host_occurrence,United States,,15
Vicugna pacos,Aedes vexans,FALSE,30538,,,,Aedes vexans,VectorMap,BloodMealMap,blood_meal,Unites States,,1
Vulpes lagopus,Aedes vexans,FALSE,494514,mammalia,carnivora,canidae,Aedes vexans,VectorMap,BloodMealMap,blood_meal,Unites States,,1
Vulpes lagopus,Ctenocephalides canis,FALSE,494514,mammalia,carnivora,canidae,Ctenocephalides canis,VectorMap,FleaMap,on_host_occurrence,United States,,5
Vulpes macrotis,Echidnophaga gallinacea,FALSE,9630,mammalia,carnivora,canidae,Echidnophaga gallinacea,VectorMap,FleaMap,on_host_occurrence,United States,,1
Vulpes velox,Ixodes cookei,FALSE,9631,mammalia,carnivora,canidae,Ixodes cookei,VectorMap,TickMap,on_host_occurrence,United States of America,,1
Vulpes velox,Ixodes kingi,FALSE,9631,mammalia,carnivora,canidae,Ixodes kingi,VectorMap,TickMap,on_host_occurrence,United States of America,,1
Vulpes velox,Ixodes texanus,FALSE,9631,mammalia,carnivora,canidae,Ixodes texanus,VectorMap,TickMap,on_host_occurrence,United States of America,,5
Vulpes vulpes,Aedes camptorhynchus,FALSE,9627,mammalia,carnivora,canidae,Aedes camptorhynchus,VectorMap,BloodMealMap,blood_meal,Australia,,2
Vulpes vulpes,Aedes vexans,FALSE,9627,mammalia,carnivora,canidae,Aedes vexans,VectorMap,BloodMealMap,blood_meal,Unites States,,2
Vulpes vulpes,Amblyomma americanum,FALSE,9627,mammalia,carnivora,canidae,Amblyomma americanum,VectorMap,TickMap,on_host_occurrence,United States of America,,24
Vulpes vulpes,Coquillettidia richiardii,FALSE,9627,mammalia,carnivora,canidae,Coquillettidia richiardii,VectorMap,BloodMealMap,blood_meal,Hungary,,1
Vulpes vulpes,Ctenocephalides canis,FALSE,9627,mammalia,carnivora,canidae,Ctenocephalides canis,VectorMap,FleaMap,on_host_occurrence,Canada; United States,,15
Vulpes vulpes,Ctenocephalides felis,FALSE,9627,mammalia,carnivora,canidae,Ctenocephalides felis,VectorMap,FleaMap,on_host_occurrence,United States,,2
Vulpes vulpes,Dermacentor variabilis,FALSE,9627,mammalia,carnivora,canidae,Dermacentor variabilis,VectorMap,TickMap,on_host_occurrence,United States of America,,24
Vulpes vulpes,Echidnophaga gallinacea,FALSE,9627,mammalia,carnivora,canidae,Echidnophaga gallinacea,VectorMap,FleaMap,on_host_occurrence,United States,,12
Vulpes vulpes,Haemaphysalis leachi,FALSE,9627,mammalia,carnivora,canidae,Haemaphysalis leachi,VectorMap,TickMap,on_host_occurrence,Sudan,,3
Vulpes vulpes,Haemaphysalis leporispalustris,FALSE,9627,mammalia,carnivora,canidae,Haemaphysalis leporispalustris,VectorMap,TickMap,on_host_occurrence,United States of America,,8
Vulpes vulpes,Ixodes cookei,FALSE,9627,mammalia,carnivora,canidae,Ixodes cookei,VectorMap,TickMap,on_host_occurrence,United States of America,,40
Vulpes vulpes,Ixodes hexagonus,FALSE,9627,mammalia,carnivora,canidae,Ixodes hexagonus,VectorMap,TickMap,on_host_occurrence,Morocco,,2
Vulpes vulpes,Ixodes muris,FALSE,9627,mammalia,carnivora,canidae,Ixodes muris,VectorMap,TickMap,on_host_occurrence,United States of America,,16
Vulpes vulpes,Ixodes ricinus,FALSE,9627,mammalia,carnivora,canidae,Ixodes ricinus,VectorMap,TickMap,on_host_occurrence,Morocco,,2
Vulpes vulpes,Ixodes scapularis,FALSE,9627,mammalia,carnivora,canidae,Ixodes scapularis,VectorMap,TickMap,on_host_occurrence,United States of America,,4
Vulpes vulpes,Ixodes ventalloi,FALSE,9627,mammalia,carnivora,canidae,Ixodes ventalloi,VectorMap,TickMap,on_host_occurrence,Morocco,,1
Vulpes vulpes,Ochlerotatus camptorhynchus,FALSE,9627,mammalia,carnivora,canidae,Ochlerotatus camptorhynchus,MapVEu,MapVEu,blood_meal,Australia,,2
Vulpes vulpes,Ornithodoros delanoei,FALSE,9627,mammalia,carnivora,canidae,Ornithodoros delanoei,VectorMap,TickMap,on_host_occurrence,Morocco,,1
Vulpes vulpes,Ornithodoros erraticus,FALSE,9627,mammalia,carnivora,canidae,Ornithodoros erraticus,VectorMap,TickMap,on_host_occurrence,Morocco,,1
Xerus erythropus,Amblyomma nuttalli,FALSE,327507,mammalia,rodentia,sciuridae,Amblyomma nuttalli,VectorMap,TickMap,on_host_occurrence,Burkina Faso,,1
Xerus erythropus,Amblyomma variegatum,FALSE,327507,mammalia,rodentia,sciuridae,Amblyomma variegatum,VectorMap,TickMap,on_host_occurrence,Sudan,,1
Xerus erythropus,Ctenocephalides felis,FALSE,327507,mammalia,rodentia,sciuridae,Ctenocephalides felis,VectorMap,FleaMap,on_host_occurrence,Nigeria,,1
Xerus erythropus,Ctenocephalides felis,TRUE,327507,mammalia,rodentia,sciuridae,Ctenocephalides felis strongylus,VectorMap,FleaMap,on_host_occurrence,Burkina Faso,,63
Xerus erythropus,Haemaphysalis houyi,FALSE,327507,mammalia,rodentia,sciuridae,Haemaphysalis houyi,VectorMap,TickMap,on_host_occurrence,Burkina Faso; Cameroon; Chad; Cote D'Ivoire; Sudan; Uganda,,16
Xerus erythropus,Haemaphysalis leachi,FALSE,327507,mammalia,rodentia,sciuridae,Haemaphysalis leachi,VectorMap,TickMap,on_host_occurrence,Nigeria,,1
Xerus erythropus,Rhipicephalus guilhoni,FALSE,327507,mammalia,rodentia,sciuridae,Rhipicephalus guilhoni,VectorMap,TickMap,on_host_occurrence,Cameroon,,1
Xerus erythropus,Rhipicephalus muhsamae,FALSE,327507,mammalia,rodentia,sciuridae,Rhipicephalus muhsamae,VectorMap,TickMap,on_host_occurrence,Cameroon,,3
Xerus erythropus,Xenopsylla cheopis,FALSE,327507,mammalia,rodentia,sciuridae,Xenopsylla cheopis,VectorMap,FleaMap,on_host_occurrence,Ghana,,1
Zenaida asiatica,Culex pipiens,FALSE,93382,aves,columbiformes,columbidae,Culex pipiens,VectorMap,BloodMealMap,blood_meal,Unites States,,1
Zenaida asiatica,Culex quinquefasciatus,FALSE,93382,aves,columbiformes,columbidae,Culex quinquefasciatus,VectorMap,BloodMealMap,blood_meal,Unites States,,1
Zenaida macroura,Aedes triseriatus,FALSE,47245,aves,columbiformes,columbidae,Aedes triseriatus,VectorMap,BloodMealMap,blood_meal,Unites States,,1
Zenaida macroura,Aedes trivittatus,FALSE,47245,aves,columbiformes,columbidae,Aedes trivittatus,VectorMap,BloodMealMap,blood_meal,Unites States,,1
Zenaida macroura,Aedes vexans,FALSE,47245,aves,columbiformes,columbidae,Aedes vexans,VectorMap,BloodMealMap,blood_meal,Unites States,,2
Zenaida macroura,Coquillettidia perturbans,FALSE,47245,aves,columbiformes,columbidae,Coquillettidia perturbans,VectorMap,BloodMealMap,blood_meal,Unites States,,2
Zenaida macroura,Culex pipiens,FALSE,47245,aves,columbiformes,columbidae,Culex pipiens,VectorMap,BloodMealMap,blood_meal,Unites States,,5
Zenaida macroura,Culex quinquefasciatus,FALSE,47245,aves,columbiformes,columbidae,Culex quinquefasciatus,VectorMap,BloodMealMap,blood_meal,Unites States,,5
Zenaida macroura,Culex restuans,FALSE,47245,aves,columbiformes,columbidae,Culex restuans,VectorMap,BloodMealMap,blood_meal,Unites States,,1
Zenaida macroura,Culex stigmatosoma,FALSE,47245,aves,columbiformes,columbidae,Culex stigmatosoma,VectorMap,BloodMealMap,blood_meal,Unites States,,2
Zenaida macroura,Culex tarsalis,FALSE,47245,aves,columbiformes,columbidae,Culex tarsalis,VectorMap,BloodMealMap,blood_meal,Unites States,,9
Zenaida macroura,Culex territans,FALSE,47245,aves,columbiformes,columbidae,Culex territans,VectorMap,BloodMealMap,blood_meal,Unites States,,1
Zenaida macroura,Culiseta melanura,FALSE,47245,aves,columbiformes,columbidae,Culiseta melanura,VectorMap,BloodMealMap,blood_meal,Unites States,,3
Zenaida macroura,Culiseta morsitans,FALSE,47245,aves,columbiformes,columbidae,Culiseta morsitans,VectorMap,BloodMealMap,blood_meal,Unites States,,1
dasypus novemcinctus,Ochlerotatus infirmatus,FALSE,9361,,,,Ochlerotatus infirmatus,MapVEu,MapVEu,blood_meal,United States,,2
iguana iguana,Aedes aegypti,FALSE,8517,,,,Aedes aegypti,MapVEu,MapVEu,blood_meal,Grenada,,32
iguana iguana,Culex quinquefasciatus,FALSE,8517,,,,Culex quinquefasciatus,MapVEu,MapVEu,blood_meal,Grenada,,37
oryzomys palustris,Culex cedecei,FALSE,37020,,,,Culex cedecei,MapVEu,MapVEu,blood_meal,United States,,451
peromyscus gossypinus,Culex cedecei,FALSE,42411,,,,Culex cedecei,MapVEu,MapVEu,blood_meal,United States,,451
