analysis_unit_id,readiness_disease_name,source_disease_name,disease_master_name,analysis_unit,analysis_unit_label,row_type,family,priority_prototype_status,master_tier,master_guild,master_livestock_amplified,master_key_host_vector,include_as_analysis_unit,modelling_scope_status,modelling_scope_reason,vectored_status,generalist_status,transmission_complexity,guild,host_sdm_needed,vector_sdm_needed,host_range_rule,vector_range_rule,range_limiting_layer,transmission_rule_review_status,transmission_rule_notes,host_candidate_rows,roster_host_rows,roster_vector_rows,host_role_evidence_rows,host_role_assignment_rows,direct_disease_vector_rows,direct_vector_confirmed_rows,direct_vector_probable_rows,direct_vector_candidate_rows,direct_vector_competence_joined_rows,direct_vector_transmission_yes_rows,direct_vector_natural_infection_yes_rows,roster_vectors_with_host_vector_evidence,roster_vectors_with_human_biting,genbank_country_rows,genbank_distinct_countries_or_territories,genbank_records_with_country,who_don_focal_country_rows,who_don_distinct_countries,who_don_distinct_records,has_substantive_host_role_evidence,has_substantive_vector_role_evidence,role_assignment_status,host_sdm_species_available,vector_sdm_species_available,host_sdm_projection_species_available,vector_sdm_projection_species_available,host_sdm_comparison_species_available,vector_sdm_comparison_species_available,has_direct_vector_evidence,direct_vector_evidence_status,country_evidence_status,sdm_availability_status,readiness_blocker,recommended_next_action,evidence_join_status,evidence_qa_join_status,evidence_qa_match_field,evidence_qa_matched_disease_name,direct_vector_join_status,direct_vector_match_field,direct_vector_matched_disease_name,genbank_join_status,genbank_match_field,genbank_matched_disease_name,who_don_join_status,who_don_match_field,who_don_matched_disease_name,sdm_join_status,sdm_match_field,sdm_matched_disease_name,pheic_risk,source_pathogen,source_previous_name,source_msl39_viral_name,is_priority_pathogen,is_prototype_pathogen,in_gibb_etal,in_empres_i,region_africa,region_americas,region_europe,region_mediterranean,region_se_asia,region_western_pacific,source_unit_scope,analysis_unit_rank,analysis_decision,decision_rule_trigger,transmission_context,human_infection_status,host_link_status,vector_data_status,amplifier_data_status,example_members,rationale,notes,master_row,preferred_match_source,matched_pathogen_names,matched_taxids,match_review_flag,shared_species_proxy_flag,match_review_notes,host_query_bucket,in_master_who,roster_taxonomy_caution_rows,host_role_evidence_substantive_rows,vector_role_evidence_rows,vector_role_evidence_substantive_rows,host_role_substantive_assignment_rows,vector_role_assignment_rows,vector_role_substantive_assignment_rows,direct_vector_species_or_taxa,direct_vector_competent_rows,direct_vector_mixed_competence_rows,direct_vector_not_competent_rows,direct_vector_unclear_competence_rows,direct_vector_taxonomy_review_needed_rows,who_don_high_confidence_rows,who_don_manual_review_rows,has_genbank_country_evidence,has_who_don_focal_evidence,has_any_role_evidence_or_assignment,pathogen_species_name,pathogen_species_name_source,pathogen_taxid,pathogen_taxid_source
master_2,Dengue,Dengue,Dengue,Orthoflavivirus denguei,Dengue virus,source_row,Flaviviridae,both,1,D,FALSE,Aedes aegypti/albopictus,yes_existing_who,include,Included in current default modelling scope after transmission-rule review.,vectored,restricted,simple,mosquito_borne_arbovirus,no,yes,human_cases_not_range_defining,vector_sdm_primary_limiter,vector,reviewed,"WHO dengue fact sheet: Ae. aegypti primary, other Aedes secondary; urban human-mosquito-human cycle, no vertebrate host SDM.",37,37,16,1,1,16,8,2,4,15,2,3,6,6,143,143,53740,47,28,38,TRUE,TRUE,reviewed_assignment_present,32,0,0,0,0,0,TRUE,direct_vector_evidence_present,who_don_and_genbank,missing_required_vector_sdm,missing_required_vector_sdm,find_or_build_vector_sdm,matched_primary_name,matched_primary_name,source_disease_name,Dengue,matched_primary_name,source_disease_name,Dengue,matched_primary_name,source_disease_name,Dengue,matched_primary_name,source_disease_name,Dengue,matched_primary_name,source_disease_name,Dengue,High,Orthoflavivirus denguei,Dengue virus,Orthoflavivirus denguei,TRUE,TRUE,TRUE,FALSE,both,both,both,both,both,both,specific_unit,species_or_equivalent,keep,specific_source_row,vector_associated_or_mixed,yes,yes_or_expected_from_source,yes_or_expected,unknown,,Specific zoonotic source row retained as the current analysis unit.,High filling,2,,,,FALSE,FALSE,,unmatched,TRUE,0,1,6,6,1,6,6,16,3,7,1,4,0,1,47,TRUE,TRUE,TRUE,Orthoflavivirus denguei,source_msl39_viral_name,12637; 3052464,virion_taxid:msl39_viral_name; virion_taxid:Pathogens
master_3,Zika virus disease,Zika virus disease,Zika,Orthoflavivirus zikaense,Zika virus,source_row,Flaviviridae,both,1,D,FALSE,Aedes aegypti/albopictus,yes_existing_who,include,Included in current default modelling scope after transmission-rule review.,vectored,restricted,mixed,mosquito_borne_arbovirus,no,yes,human_cases_not_range_defining,vector_sdm_primary_limiter,vector,reviewed,WHO Zika fact sheet: mainly Ae. aegypti/albopictus; sexual/vertical routes do not define ecological range.,18,18,56,1,1,57,7,7,27,27,7,11,29,29,78,78,2245,16,14,15,TRUE,TRUE,reviewed_assignment_present,15,0,0,0,0,0,TRUE,direct_vector_evidence_present,who_don_and_genbank,missing_required_vector_sdm,missing_required_vector_sdm,find_or_build_vector_sdm,matched_primary_name,matched_primary_name,source_disease_name,Zika virus disease,matched_primary_name,source_disease_name,Zika virus disease,matched_primary_name,source_disease_name,Zika virus disease,matched_primary_name,source_disease_name,Zika virus disease,matched_primary_name,source_disease_name,Zika virus disease,High,Orthoflavivirus zikaense,Zika virus,Orthoflavivirus zikaense,TRUE,TRUE,TRUE,FALSE,both,both,none,none,both,both,specific_unit,species_or_equivalent,keep,specific_source_row,vector_associated_or_mixed,yes,yes_or_expected_from_source,yes_or_expected,unknown,,Specific zoonotic source row retained as the current analysis unit.,High filling,3,,,,FALSE,FALSE,,unmatched,TRUE,2,1,3,3,1,3,3,56,4,10,7,6,0,9,14,TRUE,TRUE,TRUE,Orthoflavivirus zikaense,source_msl39_viral_name,3048459; 64320,virion_taxid:msl39_viral_name; virion_taxid:Pathogens
master_4,Chikungunya fever,Chikungunya fever,Chikungunya,Alphavirus chikungunya,Chikungunya virus,source_row,Togaviridae,both,1,D,FALSE,Aedes aegypti/albopictus,yes_existing_who,include,Included in current default modelling scope after transmission-rule review.,vectored,restricted,simple,mosquito_borne_arbovirus,no,yes,human_cases_not_range_defining,vector_sdm_primary_limiter,vector,reviewed,"WHO/ECDC: CHIKV spread by Ae. aegypti/albopictus; human epidemic cycle, NHP sylvatic cycle not main default range layer.",20,20,21,4,3,21,2,7,10,15,14,0,12,12,115,115,10709,11,6,8,TRUE,TRUE,reviewed_assignment_present,21,0,0,0,0,0,TRUE,direct_vector_evidence_present,who_don_and_genbank,missing_required_vector_sdm,missing_required_vector_sdm,find_or_build_vector_sdm,matched_primary_name,matched_primary_name,source_disease_name,Chikungunya fever,matched_primary_name,source_disease_name,Chikungunya fever,matched_primary_name,source_disease_name,Chikungunya fever,matched_alternate_name,disease_master_name,Chikungunya,matched_primary_name,source_disease_name,Chikungunya fever,High,Alphavirus chikungunya,Chikungunya virus,Alphavirus chikungunya,TRUE,TRUE,TRUE,FALSE,both,both,none,none,both,both,specific_unit,species_or_equivalent,keep,specific_source_row,vector_associated_or_mixed,yes,yes_or_expected_from_source,yes_or_expected,unknown,,Specific zoonotic source row retained as the current analysis unit.,High filling,4,,,,FALSE,FALSE,,unmatched,TRUE,0,4,3,3,3,3,3,21,14,0,0,1,0,3,11,TRUE,TRUE,TRUE,Alphavirus chikungunya,source_msl39_viral_name,3426298; 37124,virion_taxid:msl39_viral_name; virion_taxid:Pathogens
master_5,Yellow fever,Yellow fever,Yellow fever,Orthoflavivirus flavi,Yellow fever virus,source_row,Flaviviridae,priority,1,D/E,FALSE,Aedes spp; NHP reservoir,yes_existing_who,include,Included in current default modelling scope after transmission-rule review.,vectored,host_group_generalist,complex,mosquito_borne_arbovirus,optional,yes,include_reservoir_hosts_only,include_competent_vectors,host_and_vector,reviewed,WHO yellow fever and CDC Yellow Book: sylvatic/intermediate/urban cycles; mosquitoes plus NHP/humans; do not use human SDMs.,23,23,30,2,1,32,18,7,7,29,20,10,12,12,42,42,1995,109,34,71,TRUE,TRUE,reviewed_assignment_present,32,0,0,0,0,0,TRUE,direct_vector_evidence_present,who_don_and_genbank,missing_required_vector_sdm,missing_required_vector_sdm,find_or_build_vector_sdm,matched_primary_name,matched_primary_name,source_disease_name,Yellow fever,matched_primary_name,source_disease_name,Yellow fever,matched_primary_name,source_disease_name,Yellow fever,matched_primary_name,source_disease_name,Yellow fever,matched_primary_name,source_disease_name,Yellow fever,High,Orthoflavivirus flavi,Yellow fever virus,Orthoflavivirus flavi,TRUE,FALSE,TRUE,FALSE,priority,priority,none,none,none,none,specific_unit,species_or_equivalent,keep,specific_source_row,vector_associated_or_mixed,yes,yes_or_expected_from_source,yes_or_expected,unknown,,Specific zoonotic source row retained as the current analysis unit.,Vaccination suppresses range. Flag.,5,,,,FALSE,FALSE,,unmatched,TRUE,0,2,6,6,1,6,6,30,20,2,0,7,0,7,104,TRUE,TRUE,TRUE,Orthoflavivirus flavi,source_msl39_viral_name,11089; 3046277,virion_taxid:msl39_viral_name; virion_taxid:Pathogens
master_6,West Nile fever,West Nile fever,West Nile,Orthoflavivirus nilense,West Nile virus,source_row,Flaviviridae,prototype,1,E,FALSE,Culex spp; wild birds,yes_existing_who,include,Included in current default modelling scope after transmission-rule review.,vectored,host_group_generalist,complex,mosquito_borne_arbovirus,optional,yes,host_sdm_low_value_generalist,vector_sdm_primary_limiter,vector,reviewed,"CDC/ECDC: maintained by Culex mosquitoes and avian hosts; humans/horses dead-end, broad birds make host SDM low value.",186,186,75,4,3,75,9,10,52,39,21,1,47,39,73,73,8316,14,4,11,TRUE,TRUE,reviewed_assignment_present,60,0,1,0,0,0,TRUE,direct_vector_evidence_present,who_don_and_genbank,missing_required_vector_sdm,missing_required_vector_sdm,find_or_build_vector_sdm,matched_primary_name,matched_primary_name,source_disease_name,West Nile fever,matched_primary_name,source_disease_name,West Nile fever,matched_primary_name,source_disease_name,West Nile fever,matched_primary_name,source_disease_name,West Nile fever,matched_primary_name,source_disease_name,West Nile fever,High,Orthoflavivirus nilense,West Nile virus,Orthoflavivirus nilense,FALSE,TRUE,TRUE,TRUE,prototype,prototype,prototype,prototype,prototype,prototype,specific_unit,species_or_equivalent,keep,specific_source_row,vector_associated_or_mixed,yes,yes_or_expected_from_source,yes_or_expected,unknown,,Specific zoonotic source row retained as the current analysis unit.,EMPRES-i adds animal detections,6,,,,FALSE,FALSE,,unmatched,TRUE,1,4,6,6,3,5,5,75,20,7,2,10,1,0,14,TRUE,TRUE,TRUE,Orthoflavivirus nilense,source_msl39_viral_name,11082; 3048448,virion_taxid:msl39_viral_name; virion_taxid:Pathogens
master_7,Crimean-Congo hemorrhagic fever,Crimean-Congo hemorrhagic fever,CCHF,Orthonairovirus haemorrhagiae,Orthonairovirus haemorrhagiae,source_row,Nairoviridae,both,1,E,TRUE,Hyalomma ticks,yes_existing_who,include,Included in current default modelling scope after transmission-rule review.,vectored,host_group_generalist,mixed,tick_borne_pathogen,optional,yes,include_livestock_hosts,vector_sdm_primary_limiter,vector,reviewed,WHO/ECDC CCHF: Hyalomma ticks primary ecological limiter; livestock/human blood-tissue exposure is important but not the default host SDM layer.,13,13,49,2,2,49,16,4,29,30,2,1,35,27,53,53,5335,4,3,4,TRUE,TRUE,reviewed_assignment_present,22,0,0,0,0,0,TRUE,direct_vector_evidence_present,who_don_and_genbank,missing_required_vector_sdm,missing_required_vector_sdm,find_or_build_vector_sdm,matched_primary_name,matched_primary_name,source_disease_name,Crimean-Congo hemorrhagic fever,matched_primary_name,source_disease_name,Crimean-Congo hemorrhagic fever,matched_primary_name,source_disease_name,Crimean-Congo hemorrhagic fever,matched_primary_name,source_disease_name,Crimean-Congo hemorrhagic fever,matched_primary_name,source_disease_name,Crimean-Congo hemorrhagic fever,High,Orthonairovirus haemorrhagiae,,,TRUE,TRUE,TRUE,TRUE,both,none,both,both,none,both,specific_unit,species_or_equivalent,keep,specific_source_row,vector_associated_or_mixed,yes,yes_or_expected_from_source,yes_or_expected,unknown,,Specific zoonotic source row retained as the current analysis unit.,Livestock amplify tick populations,7,,,,FALSE,FALSE,,unmatched,TRUE,2,2,5,5,2,5,5,49,14,1,0,15,1,0,4,TRUE,TRUE,TRUE,Orthonairovirus haemorrhagiae,source_pathogen,3052518,virion_taxid:matched_virus_name; virion_taxid:Pathogens; virion_taxid:Virion_VirusName
master_8,Rift Valley fever,Rift Valley fever,Rift Valley fever,Phlebovirus riftense,Rift Valley Fever virus,source_row,Phenuiviridae,prototype,1,C/E,TRUE,Aedes/Culex; livestock amplifier,yes_existing_who,include,Included in current default modelling scope after transmission-rule review.,vectored,host_group_generalist,mixed,livestock_amplified_vector_borne,yes,yes,include_primary_amplifying_host_group,include_competent_vectors,host_and_vector,reviewed,"WHO RVF: mosquito-borne among livestock; humans also infected through animal fluids, so combine competent mosquitoes with ruminant amplifier layer.",17,17,78,5,5,88,6,33,36,82,30,53,45,43,33,33,1793,18,10,13,TRUE,TRUE,reviewed_assignment_present,25,0,1,0,0,0,TRUE,direct_vector_evidence_present,who_don_and_genbank,missing_required_vector_sdm,missing_required_vector_sdm,find_or_build_vector_sdm,matched_primary_name,matched_primary_name,source_disease_name,Rift Valley fever,matched_primary_name,source_disease_name,Rift Valley fever,matched_primary_name,source_disease_name,Rift Valley fever,matched_primary_name,source_disease_name,Rift Valley fever,matched_primary_name,source_disease_name,Rift Valley fever,High,Phlebovirus riftense,Rift Valley Fever virus,Phlebovirus riftense,FALSE,TRUE,TRUE,TRUE,prototype,none,none,none,none,none,specific_unit,species_or_equivalent,keep,specific_source_row,vector_associated_or_mixed,yes,yes_or_expected_from_source,yes_or_expected,unknown,,Specific zoonotic source row retained as the current analysis unit.,Livestock essential to cycle,8,,,,FALSE,FALSE,,unmatched,TRUE,1,5,6,6,5,6,6,78,30,11,4,37,0,1,18,TRUE,TRUE,TRUE,Phlebovirus riftense,source_msl39_viral_name,3052676,virion_taxid:matched_virus_name; virion_taxid:msl39_viral_name; virion_taxid:Pathogens; virion_taxid:Virion_VirusName
master_9,Ebola virus disease,Ebola virus disease,Ebola,Orthoebolavirus zairense,Ebola virus,source_row,Filoviridae,both,1,B,FALSE,"Fruit bats (Hypsignathus, Epomops, Myonycteris)",yes_existing_who,include,Included with reservoir-host-group caution: use reservoir bat evidence conservatively and do not treat all observed/spillover hosts as reservoir SDM targets.,non_vectored,restricted,complex,bat_reservoir_spillover,optional,no,include_reservoir_hosts_only,no_vector,mixed,reviewed,WHO/GOV.UK: fruit bats suspected/believed natural hosts; NHPs often incidental; human-to-human bodily-fluid outbreaks; reservoir uncertainty retained.,16,16,0,5,4,0,0,0,0,0,0,0,0,0,16,16,3578,210,18,158,TRUE,FALSE,reviewed_assignment_present,15,0,0,0,0,0,FALSE,not_expected_non_vectored,who_don_and_genbank,required_sdms_available,none,ready_for_model_spec_review,matched_primary_name,matched_primary_name,source_disease_name,Ebola virus disease,unmatched_no_evidence,,,matched_primary_name,source_disease_name,Ebola virus disease,matched_primary_name,source_disease_name,Ebola virus disease,matched_primary_name,source_disease_name,Ebola virus disease,High,Orthoebolavirus zairense,Ebola virus,Orthoebolavirus zairense,TRUE,TRUE,TRUE,TRUE,both,none,none,none,none,none,specific_unit,species_or_equivalent,keep,specific_source_row,host_linked_non_vector,yes,yes_or_expected_from_source,not_central_or_unknown,unknown,,Specific zoonotic source row retained as the current analysis unit.,Very low filling,9,,,,FALSE,FALSE,,unmatched,TRUE,0,5,0,0,4,0,0,0,0,0,0,0,0,7,207,TRUE,TRUE,TRUE,Orthoebolavirus zairense,source_msl39_viral_name,186538; 3052462,virion_taxid:matched_virus_name; virion_taxid:msl39_viral_name; virion_taxid:Pathogens; virion_taxid:Virion_VirusName
master_10,Marburg virus disease,Marburg virus disease,Marburg,Orthomarburgvirus marburgense,Marburg virus,source_row,Filoviridae,priority,1,B,FALSE,Rousettus aegyptiacus,yes_existing_who,include,Included in current default modelling scope after transmission-rule review.,non_vectored,specialist,complex,bat_reservoir_spillover,yes,no,include_reservoir_hosts_only,no_vector,reservoir_host,reviewed,WHO: Rousettus aegyptiacus fruit bats considered natural host; human spread by bodily fluids.,9,9,0,3,3,0,0,0,0,0,0,0,0,0,16,16,358,67,17,32,TRUE,FALSE,reviewed_assignment_present,8,0,0,0,0,0,FALSE,not_expected_non_vectored,who_don_and_genbank,required_sdms_available,none,ready_for_model_spec_review,matched_primary_name,matched_primary_name,source_disease_name,Marburg virus disease,unmatched_no_evidence,,,matched_primary_name,source_disease_name,Marburg virus disease,matched_primary_name,source_disease_name,Marburg virus disease,matched_primary_name,source_disease_name,Marburg virus disease,High,Orthomarburgvirus marburgense,Marburg virus,Orthomarburgvirus marburgense,TRUE,FALSE,TRUE,TRUE,priority,none,none,none,none,none,specific_unit,species_or_equivalent,keep,specific_source_row,host_linked_non_vector,yes,yes_or_expected_from_source,not_central_or_unknown,unknown,,Specific zoonotic source row retained as the current analysis unit.,Very low filling,10,,,,FALSE,FALSE,,unmatched,TRUE,0,3,0,0,3,0,0,0,0,0,0,0,0,1,67,TRUE,TRUE,TRUE,Orthomarburgvirus marburgense,source_msl39_viral_name,3052505,virion_taxid:matched_virus_name; virion_taxid:msl39_viral_name; virion_taxid:Pathogens; virion_taxid:Virion_VirusName
master_11,Lassa fever,Lassa fever,Lassa,Mammarenavirus lassaense,Lassa Fever virus,source_row,Arenaviridae,both,1,A,FALSE,Mastomys natalensis,yes_existing_who,include,Included in current default modelling scope after transmission-rule review.,non_vectored,specialist,mixed,rodent_reservoir_direct_or_environmental,yes,no,include_reservoir_hosts_only,no_vector,reservoir_host,reviewed,CDC/WHO: Mastomys multimammate rats shed virus in urine/faeces; limited person-to-person occurs; reservoir SDM useful.,14,14,0,4,4,0,0,0,0,0,0,0,0,0,11,11,2684,27,11,21,TRUE,FALSE,reviewed_assignment_present,13,0,0,0,0,0,FALSE,not_expected_non_vectored,who_don_and_genbank,required_sdms_available,none,ready_for_model_spec_review,matched_primary_name,matched_primary_name,source_disease_name,Lassa fever,unmatched_no_evidence,,,matched_primary_name,source_disease_name,Lassa fever,matched_primary_name,source_disease_name,Lassa fever,matched_primary_name,source_disease_name,Lassa fever,High,Mammarenavirus lassaense,Lassa Fever virus,Mammarenavirus lassaense,TRUE,TRUE,TRUE,FALSE,both,none,none,none,none,none,specific_unit,species_or_equivalent,keep,specific_source_row,host_linked_non_vector,yes,yes_or_expected_from_source,not_central_or_unknown,unknown,,Specific zoonotic source row retained as the current analysis unit.,Host taxonomy issue (6 lineages),11,,,,FALSE,FALSE,,unmatched,TRUE,0,4,0,0,4,0,0,0,0,0,0,0,0,4,27,TRUE,TRUE,TRUE,Mammarenavirus lassaense,source_msl39_viral_name,3052310,virion_taxid:matched_virus_name; virion_taxid:msl39_viral_name; virion_taxid:Pathogens; virion_taxid:Virion_VirusName
master_12,Nipah virus disease,Nipah virus disease,Nipah,Henipavirus nipahense,Nipah virus,source_row,Paramyxoviridae,both,1,B,TRUE,Pteropus bats,yes_existing_who,include,Included in current default modelling scope after transmission-rule review.,non_vectored,restricted,mixed,bat_reservoir_spillover,yes,no,include_reservoir_hosts_only,no_vector,mixed,reviewed,WHO/GOV.UK/Pirbright: Pteropus fruit bats reservoir; pigs can amplify in some outbreaks; person-to-person possible.,16,16,0,7,7,0,0,0,0,0,0,0,0,0,8,8,372,6,4,3,TRUE,FALSE,reviewed_assignment_present,21,0,0,0,0,0,FALSE,not_expected_non_vectored,who_don_and_genbank,required_sdms_available,none,ready_for_model_spec_review,matched_primary_name,matched_primary_name,source_disease_name,Nipah virus disease,unmatched_no_evidence,,,matched_primary_name,source_disease_name,Nipah virus disease,matched_primary_name,source_disease_name,Nipah virus disease,matched_primary_name,source_disease_name,Nipah virus disease,High,Henipavirus nipahense,Nipah virus,Henipavirus nipahense,TRUE,TRUE,TRUE,TRUE,none,none,none,none,both,both,specific_unit,species_or_equivalent,keep,specific_source_row,host_linked_non_vector,yes,yes_or_expected_from_source,not_central_or_unknown,unknown,,Specific zoonotic source row retained as the current analysis unit.,Pig amplification in Malaysia outbreak,12,,,,FALSE,FALSE,,unmatched,TRUE,0,7,0,0,7,0,0,0,0,0,0,0,0,0,6,TRUE,TRUE,TRUE,Henipavirus nipahense,source_msl39_viral_name,3052225,virion_taxid:matched_virus_name; virion_taxid:msl39_viral_name; virion_taxid:Pathogens; virion_taxid:Virion_VirusName
master_13,Hendra,Hendra,Hendra,Hendra,Hendra,,Paramyxoviridae,,3,B,TRUE,Pteropus bats,yes,include,Included in current default modelling scope after transmission-rule review.,non_vectored,restricted,mixed,bat_reservoir_spillover,yes,no,include_reservoir_hosts_only,no_vector,mixed,reviewed,Queensland Health/CDC: flying fox reservoir; spillover to horses then rarely humans; horse SDM may be exposure layer.,0,0,0,0,0,0,0,0,0,0,0,0,0,0,2,2,213,0,0,0,FALSE,FALSE,no_role_evidence_or_assignment,0,0,0,0,0,0,FALSE,not_expected_non_vectored,genbank_only,missing_required_host_sdm,missing_required_host_sdm,find_or_build_host_sdm,matched_primary_name,matched_primary_name,source_disease_name,Hendra,unmatched_no_evidence,,,matched_primary_name,source_disease_name,Hendra,unmatched_no_evidence,,,unmatched_no_evidence,,,,,,,,,,,,,,,,,disease_level_review,disease_or_syndrome_review,review_name_resolution,master_list_new_or_unmatched,B,,,,livestock_amplifier_flag_from_master_list,,Disease appears in the disease master list but has not yet been resolved to a curated pathogen analysis unit.,Horse amplification. n=11,13,virion,henipavirus hendraense,3052223,FALSE,FALSE,ICTV/NCBI-style species name used in local VIRION taxonomy.,default_clean,TRUE,0,0,0,0,0,0,0,0,0,0,0,0,0,0,0,TRUE,FALSE,FALSE,Henipavirus hendraense,matched_pathogen_names,3052223,matched_taxids:virion
master_14,Middle East Respiratory Syndrome (MERS),Middle East Respiratory Syndrome (MERS),MERS,Middle East respiratory syndrome-related coronavirus (MERS-CoV),MERS-CoV,split_candidate,Coronaviridae,both,1,C,TRUE,Dromedary camels,yes_existing_who,defer_broad_or_aggregate_unit,Source pathogen Subgenus Merbecovirus is a broad genus/subgenus scope that has been deferred in later role/modelling work; retain rules for audit only.,non_vectored,restricted,mixed,livestock_primary_non_vectored,yes,no,include_livestock_hosts,no_vector,livestock_host,reviewed,WHO/CDC: zoonotic virus transferred from infected dromedary camels; human outbreaks via close contact/healthcare.,0,0,0,0,0,0,0,0,0,0,0,0,0,0,0,0,0,280,22,184,FALSE,FALSE,no_role_evidence_or_assignment,0,0,0,0,0,0,FALSE,not_expected_non_vectored,who_don_only,sdm_not_required_or_not_model_ready,scope_not_include,review_or_defer_scope,matched_primary_name,matched_primary_name,source_disease_name,Middle East Respiratory Syndrome (MERS),unmatched_no_evidence,,,unmatched_no_evidence,,,matched_primary_name,source_disease_name,Middle East Respiratory Syndrome (MERS),unmatched_no_evidence,,,High,Subgenus Merbecovirus,Middle East Respiratory Syndrome Coronavirus,subgenus Merbecovirus,TRUE,TRUE,FALSE,FALSE,none,none,none,both,none,none,broad_subgenus,species,keep,clear_human_infection_and_host_link,host_linked_non_vector,yes,yes,no,yes,,Clear human-pathogenic merbecovirus with established host and amplifier relevance.,Retained as a distinct analysis unit rather than folded into the broader merbecovirus placeholder.,14,,,,FALSE,FALSE,,unmatched,TRUE,0,0,0,0,0,0,0,0,0,0,0,0,0,1,279,FALSE,TRUE,FALSE,,unresolved_or_aggregate,1335626; 3433633,virion_taxid:matched_virus_name; virion_taxid:msl39_viral_name
master_15,Mpox (Monkeypox),Mpox (Monkeypox),Mpox,Orthopoxvirus monkeypox,Monkeypox virus,source_row,Poxviridae,both,1,B,FALSE,Rodents (squirrels),yes_existing_who,review_before_modelling,Transmission rule pass marked this row needs_review; use only after manual review.,non_vectored,uncertain,mixed,direct_contact_or_bite,uncertain,no,uncertain_review,no_vector,uncertain,needs_review,"WHO/ECDC mpox: animal reservoir remains unknown; susceptible small mammals noted, and current spread can be human-to-human. Do not define range by human SDM.",20,20,0,5,3,0,0,0,0,0,0,0,0,0,59,59,11748,3,3,3,TRUE,FALSE,reviewed_assignment_present,22,0,0,0,0,0,FALSE,not_expected_non_vectored,who_don_and_genbank,sdm_not_required_or_not_model_ready,scope_not_include,review_or_defer_scope,matched_primary_name,matched_primary_name,source_disease_name,Mpox (Monkeypox),unmatched_no_evidence,,,matched_primary_name,source_disease_name,Mpox (Monkeypox),matched_primary_name,source_disease_name,Mpox (Monkeypox),matched_primary_name,source_disease_name,Mpox (Monkeypox),High,Orthopoxvirus monkeypox,Monkeypox virus,Orthopoxvirus monkeypox,TRUE,TRUE,TRUE,TRUE,both,both,both,both,both,both,specific_unit,species_or_equivalent,keep,specific_source_row,mixed_or_context_dependent,yes,yes_or_expected_from_source,not_central_or_unknown,unknown,,Specific zoonotic source row retained as the current analysis unit.,Pre-2022 sylvatic data only,15,,,,FALSE,FALSE,,unmatched,TRUE,0,5,0,0,3,0,0,0,0,0,0,0,0,2,3,TRUE,TRUE,TRUE,Orthopoxvirus monkeypox,source_msl39_viral_name,10244; 3431483,virion_taxid:msl39_viral_name; virion_taxid:Pathogens
master_16,Influenza (H5N1 avian influenza),Influenza (H5N1 avian influenza),Avian influenza (H5N1),Alphainfluenzavirus influenzae (H5N1),Influenza A,source_row,Orthomyxoviridae,both,1,C,TRUE,Wild waterfowl; poultry interface,yes_existing_who,include,Included in current default modelling scope after transmission-rule review.,non_vectored,host_group_generalist,mixed,avian_reservoir_non_vectored,yes,no,include_primary_amplifying_host_group,no_vector,mixed,reviewed,"CDC bird flu: avian influenza spreads among birds; human cases mostly after exposure to infected birds/animals; include wild birds/poultry, not human cases.",538,538,0,5,5,0,0,0,0,0,0,0,0,0,95,95,194591,0,0,0,TRUE,FALSE,reviewed_assignment_present,80,0,1,0,0,0,FALSE,not_expected_non_vectored,genbank_only,required_sdms_available,none,ready_for_model_spec_review,matched_primary_name,matched_primary_name,source_disease_name,Influenza (H5N1 avian influenza),unmatched_no_evidence,,,matched_primary_name,source_disease_name,Influenza (H5N1 avian influenza),unmatched_no_evidence,,,matched_primary_name,source_disease_name,Influenza (H5N1 avian influenza),High,Alphainfluenzavirus influenzae (H5N1),Influenza A,Alphainfluenzavirus influenzae,TRUE,TRUE,TRUE,TRUE,both,both,both,both,both,none,subtype_level,subtype,keep,influenza_keep_h5n1_only,host_linked_non_vector,yes,yes_or_expected_from_source,not_central_or_unknown,unknown,,"Retained as the only active influenza analysis unit from the current WHO shortlist, following the decision to keep H5N1 but drop the other current influenza subtype rows.",Kept as the only influenza subtype from the current WHO shortlist in the active analysis-unit set.,16,,,,FALSE,FALSE,,unmatched,TRUE,0,5,0,0,5,0,0,0,0,0,0,0,0,0,0,TRUE,FALSE,TRUE,Alphainfluenzavirus influenzae,source_msl39_viral_name,11320; 2955291,virion_taxid:matched_virus_name; virion_taxid:msl39_viral_name; virion_taxid:Virion_VirusName
master_17,Plague,Plague,Plague,Yersinia pestis,Yersinia pestis,source_row,Bacteria,priority,1,A/E,FALSE,Rodent fleas; wildlife cycle,yes_existing_who,include,Included in current default modelling scope after transmission-rule review.,vectored,host_group_generalist,mixed,flea_borne_rodent_pathogen,yes,optional,include_reservoir_hosts_only,include_known_vectors_review,reservoir_host,reviewed,"CDC plague: Y. pestis cycles in wild rodents and fleas; human animal-handling exposure noted, but reservoir hosts are the practical range layer.",37,37,47,3,3,47,38,5,3,47,37,14,11,2,36,36,152996,21,10,19,TRUE,TRUE,reviewed_assignment_present,38,0,0,0,0,0,TRUE,direct_vector_evidence_present,who_don_and_genbank,optional_sdms_missing,none,ready_for_model_spec_review,matched_primary_name,matched_primary_name,source_disease_name,Plague,matched_primary_name,source_disease_name,Plague,matched_primary_name,source_disease_name,Plague,matched_primary_name,source_disease_name,Plague,matched_primary_name,source_disease_name,Plague,High,Yersinia pestis,,,TRUE,FALSE,TRUE,FALSE,priority,priority,none,none,none,none,specific_unit,species_or_equivalent,keep,specific_source_row,mixed_or_context_dependent,yes,yes_or_expected_from_source,not_central_or_unknown,unknown,,Specific zoonotic source row retained as the current analysis unit.,,17,,,,FALSE,FALSE,,unmatched,TRUE,3,3,4,4,3,4,4,47,24,17,0,6,0,1,21,TRUE,TRUE,TRUE,Yersinia pestis,source_pathogen,632,clover_taxid:Clover_PathogenName; clover_taxid:Pathogens
master_18,Oropouche fever,Oropouche fever,Oropouche,Orthobunyavirus oropoucheense,Oropouche virus,source_row,Peribunyaviridae,prototype,1,E,FALSE,Culicoides midges,yes_existing_who,review_before_modelling,Transmission rule pass marked this row needs_review; use only after manual review.,vectored,restricted,complex,midge_borne_arbovirus,uncertain,yes,uncertain_review,vector_sdm_primary_limiter,vector,needs_review,CDC Oropouche: Culicoides paraensis biting midge primary; some mosquitoes possible. Sylvatic hosts/reservoirs remain insufficiently resolved.,6,6,15,2,2,16,1,4,7,16,2,9,10,10,15,15,3156,5,5,1,TRUE,TRUE,reviewed_assignment_present,4,0,0,0,0,0,TRUE,direct_vector_evidence_present,who_don_and_genbank,sdm_not_required_or_not_model_ready,scope_not_include,review_or_defer_scope,matched_primary_name,matched_primary_name,source_disease_name,Oropouche fever,matched_primary_name,source_disease_name,Oropouche fever,matched_primary_name,source_disease_name,Oropouche fever,matched_primary_name,source_disease_name,Oropouche fever,matched_primary_name,source_disease_name,Oropouche fever,Low,Orthobunyavirus oropoucheense,Oropouche virus,Orthobunyavirus oropoucheense,FALSE,TRUE,TRUE,TRUE,none,prototype,none,none,none,none,specific_unit,species_or_equivalent,keep,specific_source_row,vector_associated_or_mixed,yes,yes_or_expected_from_source,yes_or_expected,unknown,,Specific zoonotic source row retained as the current analysis unit.,,18,,,,FALSE,FALSE,,unmatched,TRUE,0,2,3,3,2,3,3,15,2,3,4,7,0,0,5,TRUE,TRUE,TRUE,Orthobunyavirus oropoucheense,source_msl39_viral_name,3052429,virion_taxid:matched_virus_name; virion_taxid:msl39_viral_name; virion_taxid:Pathogens; virion_taxid:Virion_VirusName
master_19,Hantavirus pulmonary syndrome,Hantavirus pulmonary syndrome,HCPS (hantaviruses),Orthohantavirus sinnombreense,Sinnombre virus,source_row,Hantaviridae,both,1,A,FALSE,Sigmodontine rodents,yes_existing_who,include,Included in current default modelling scope after transmission-rule review.,non_vectored,specialist,simple,rodent_reservoir_direct_or_environmental,yes,no,include_reservoir_hosts_only,no_vector,reservoir_host,reviewed,CDC: Sin Nombre/HPS associated with deer mouse; exposure to aerosolised rodent urine/droppings/saliva.,0,17,0,0,0,0,0,0,0,0,0,0,0,0,2,2,302,1,1,1,FALSE,FALSE,no_role_evidence_or_assignment,12,0,0,0,0,0,FALSE,not_expected_non_vectored,who_don_and_genbank,required_sdms_available,missing_role_evidence,curate_role_evidence,matched_primary_name,matched_primary_name,source_disease_name,Hantavirus pulmonary syndrome,unmatched_no_evidence,,,matched_primary_name,source_disease_name,Hantavirus pulmonary syndrome,matched_primary_name,source_disease_name,Hantavirus pulmonary syndrome,matched_primary_name,source_disease_name,Hantavirus pulmonary syndrome,High,Orthohantavirus sinnombreense,Sinnombre virus,Orthohantavirus sinnombreense,TRUE,TRUE,FALSE,FALSE,none,both,none,none,none,none,specific_unit,species_or_equivalent,keep,specific_source_row,host_linked_non_vector,yes,yes_or_expected_from_source,not_central_or_unknown,unknown,,Specific zoonotic source row retained as the current analysis unit.,Split by virus in Atlas dataset,19,,,,FALSE,FALSE,,unmatched,TRUE,0,0,0,0,0,0,0,0,0,0,0,0,0,0,1,TRUE,TRUE,FALSE,Orthohantavirus sinnombreense,source_msl39_viral_name,3052499; 44755,virion_taxid:matched_virus_name; virion_taxid:msl39_viral_name; virion_taxid:Pathogens; virion_taxid:Virion_VirusName
master_20,Argentine hemorrhagic fever,Argentine hemorrhagic fever,Argentine HF (Junin),Mammarenavirus juninense,Junin virus,source_row,Arenaviridae,prototype,1,A,FALSE,Calomys musculinus,yes_existing_who,include,Included in current default modelling scope after transmission-rule review.,non_vectored,specialist,mixed,rodent_reservoir_direct_or_environmental,yes,no,include_reservoir_hosts_only,no_vector,reservoir_host,reviewed,"UKHSA/CDC EID: Junin reservoir is Calomys corn mice in Argentine pampas; human exposure via rodent excreta, nosocomial spread uncommon.",8,8,0,2,2,0,0,0,0,0,0,0,0,0,3,3,178,0,0,0,TRUE,FALSE,reviewed_assignment_present,2,0,0,0,0,0,FALSE,not_expected_non_vectored,genbank_only,required_sdms_available,none,ready_for_model_spec_review,matched_primary_name,matched_primary_name,source_disease_name,Argentine hemorrhagic fever,unmatched_no_evidence,,,matched_primary_name,source_disease_name,Argentine hemorrhagic fever,unmatched_no_evidence,,,matched_primary_name,source_disease_name,Argentine hemorrhagic fever,High,Mammarenavirus juninense,Junin virus,Mammarenavirus juninense,FALSE,TRUE,TRUE,FALSE,none,prototype,none,none,none,none,specific_unit,species_or_equivalent,keep,specific_source_row,host_linked_non_vector,yes,yes_or_expected_from_source,not_central_or_unknown,unknown,,Specific zoonotic source row retained as the current analysis unit.,,20,,,,FALSE,FALSE,,unmatched,TRUE,0,2,0,0,2,0,0,0,0,0,0,0,0,0,0,TRUE,FALSE,TRUE,Mammarenavirus juninense,source_msl39_viral_name,2169991,virion_taxid:matched_virus_name; virion_taxid:msl39_viral_name; virion_taxid:Pathogens; virion_taxid:Virion_VirusName
master_22,Severe Acute Respiratory Syndrome (SARS); COVID-19,Severe Acute Respiratory Syndrome (SARS); COVID-19,Sarbecoviruses (SARS-like),SARS-like bat sarbecoviruses,SARS-like bat sarbecoviruses,split_candidate,Coronaviridae,both,3,B,FALSE,Rhinolophus bats,yes_existing_who,defer_broad_or_aggregate_unit,Source pathogen Subgenus Sarbecovirus is a broad genus/subgenus scope that has been deferred in later role/modelling work; retain rules for audit only.,non_vectored,host_group_generalist,mixed,bat_reservoir_spillover,yes,no,include_reservoir_hosts_only,no_vector,mixed,reviewed,"Reviews/WHO: sarbecovirus unit mixes bat reservoirs, possible intermediate hosts, and human-maintained SARS-CoV/SARS-CoV-2 lineages; species split needed.",0,0,0,0,0,0,0,0,0,0,0,0,0,0,0,0,0,0,0,0,FALSE,FALSE,no_role_evidence_or_assignment,0,0,0,0,0,0,FALSE,not_expected_non_vectored,no_country_evidence,sdm_not_required_or_not_model_ready,scope_not_include,review_or_defer_scope,unmatched_no_evidence,unmatched_no_evidence,,,unmatched_no_evidence,,,unmatched_no_evidence,,,unmatched_no_evidence,,,unmatched_no_evidence,,,High,Subgenus Sarbecovirus,Severe Acute Respiratory Syndrome coronavirus,subgenus Sarbecovirus,TRUE,TRUE,FALSE,FALSE,none,both,none,both,priority,none,broad_subgenus,species_group,keep,host_link_and_zoonotic_potential_group,host_linked_non_vector,zoonotic_potential,yes,no,unknown,RaTG13; RmYN02; WIV1; SHC014; Rs3367; RsSHC014; Rs4028; BtKY72; PDF-2370,Retained as an active wildlife sarbecovirus analysis group because host-link data and zoonotic concern exist even where direct human infection is unclear or absent.,Treat the listed viruses as supporting examples inside this group rather than splitting further for now.,22,,,,FALSE,FALSE,,unmatched,TRUE,0,0,0,0,0,0,0,0,0,0,0,0,0,0,0,FALSE,FALSE,FALSE,,unresolved_or_aggregate,694009; 3418604,virion_taxid:matched_virus_name; virion_taxid:msl39_viral_name
master_23,Tick-borne encephalitis,Tick-borne encephalitis,Tick-borne encephalitis,Orthoflavivirus encephalitidis,Tick-borne encephalitis virus,source_row,Flaviviridae,prototype,2,E,FALSE,Ixodes ticks,yes_existing_who,include,Included in current default modelling scope after transmission-rule review.,vectored,restricted,complex,tick_borne_pathogen,optional,yes,host_sdm_low_value_generalist,vector_sdm_primary_limiter,vector,reviewed,ECDC: TBEV transmitted by ticks; small rodents are competent reservoirs; unpasteurised dairy route secondary.,0,84,11,4,3,11,8,1,0,11,10,8,6,6,37,37,3428,0,0,0,TRUE,TRUE,reviewed_assignment_present,28,0,0,0,0,0,TRUE,direct_vector_evidence_present,genbank_only,missing_required_vector_sdm,missing_required_vector_sdm,find_or_build_vector_sdm,matched_primary_name,matched_primary_name,source_disease_name,Tick-borne encephalitis,matched_primary_name,source_disease_name,Tick-borne encephalitis,matched_primary_name,source_disease_name,Tick-borne encephalitis,unmatched_no_evidence,,,matched_primary_name,source_disease_name,Tick-borne encephalitis,High,Orthoflavivirus encephalitidis,Tick-borne encephalitis virus,Orthoflavivirus encephalitidis,FALSE,TRUE,FALSE,FALSE,none,prototype,prototype,none,none,none,specific_unit,species_or_equivalent,keep,specific_source_row,vector_associated_or_mixed,yes,yes_or_expected_from_source,yes_or_expected,unknown,,Specific zoonotic source row retained as the current analysis unit.,ECDC surveillance data,23,,,,FALSE,FALSE,,unmatched,TRUE,0,4,5,5,3,5,5,11,9,0,0,2,0,0,0,TRUE,FALSE,TRUE,Orthoflavivirus encephalitidis,source_msl39_viral_name,11084; 3052465,virion_taxid:matched_virus_name; virion_taxid:msl39_viral_name; virion_taxid:Pathogens; virion_taxid:Virion_VirusName
master_24,Severe fever with thrombocytopenia syndrome (SFTS),Severe fever with thrombocytopenia syndrome (SFTS),SFTS (Bandavirus),Bandavirus dabieense,SFTS virus,source_row,Phenuiviridae,both,2,E,FALSE,Haemaphysalis longicornis,yes_existing_who,review_before_modelling,Transmission rule pass marked this row needs_review; use only after manual review.,vectored,host_group_generalist,mixed,tick_borne_pathogen,optional,yes,host_sdm_low_value_generalist,include_competent_vectors,vector,needs_review,"UKHSA/CDC EID SFTS: tick bite is usual route; many animal infections and occasional direct transmission mean hosts need review, not broad host SDMs.",0,36,15,3,2,15,5,1,2,15,5,15,7,3,6,6,9975,0,0,0,TRUE,TRUE,reviewed_assignment_present,28,0,1,0,0,0,TRUE,direct_vector_evidence_present,genbank_only,sdm_not_required_or_not_model_ready,scope_not_include,review_or_defer_scope,matched_primary_name,matched_primary_name,source_disease_name,Severe fever with thrombocytopenia syndrome (SFTS),matched_primary_name,source_disease_name,Severe fever with thrombocytopenia syndrome (SFTS),matched_primary_name,source_disease_name,Severe fever with thrombocytopenia syndrome (SFTS),unmatched_no_evidence,,,matched_primary_name,source_disease_name,Severe fever with thrombocytopenia syndrome (SFTS),High,Bandavirus dabieense,SFTS virus,Bandavirus dabieense,TRUE,TRUE,FALSE,FALSE,none,none,none,none,both,both,specific_unit,species_or_equivalent,keep,specific_source_row,vector_associated_or_mixed,yes,yes_or_expected_from_source,yes_or_expected,unknown,,Specific zoonotic source row retained as the current analysis unit.,Published case series China/Japan/Korea,24,,,,FALSE,FALSE,,unmatched,TRUE,0,3,4,4,2,3,3,15,5,1,1,8,0,0,0,TRUE,FALSE,TRUE,Bandavirus dabieense,source_msl39_viral_name,1933190; 2748958,virion_taxid:matched_virus_name; virion_taxid:msl39_viral_name; virion_taxid:Pathogens; virion_taxid:Virion_VirusName
master_25,Venezuelan equine encephalitis,Venezuelan equine encephalitis,VEE,Alphavirus venezuelan,Venezuelan equine encephalitis virus,source_row,Togaviridae,both,1/2,E,TRUE,Mosquitoes; rodent reservoir,yes_existing_who,review_before_modelling,Transmission rule pass marked this row needs_review; use only after manual review.,vectored,host_group_generalist,complex,livestock_amplified_vector_borne,yes,yes,include_primary_amplifying_host_group,include_competent_vectors,host_and_vector,needs_review,"CDC EID/WOAH: VEE maintained in mosquito-vertebrate cycles; equines amplify epidemic subtypes, rodents/wild hosts enzootic.",31,31,35,3,2,43,9,12,22,40,19,17,21,19,19,19,368,0,0,0,TRUE,TRUE,reviewed_assignment_present,38,0,0,0,0,0,TRUE,direct_vector_evidence_present,genbank_only,sdm_not_required_or_not_model_ready,scope_not_include,review_or_defer_scope,matched_primary_name,matched_primary_name,source_disease_name,Venezuelan equine encephalitis,matched_primary_name,source_disease_name,Venezuelan equine encephalitis,matched_primary_name,source_disease_name,Venezuelan equine encephalitis,unmatched_no_evidence,,,matched_primary_name,source_disease_name,Venezuelan equine encephalitis,High,Alphavirus venezuelan,Venezuelan equine encephalitis virus,Alphavirus venezuelan,TRUE,TRUE,FALSE,TRUE,none,both,none,none,none,none,specific_unit,species_or_equivalent,keep,specific_source_row,vector_associated_or_mixed,yes,yes_or_expected_from_source,yes_or_expected,unknown,,Specific zoonotic source row retained as the current analysis unit.,Equine amplification,25,,,,FALSE,FALSE,,unmatched,TRUE,0,3,3,3,2,3,3,35,18,0,0,22,0,0,0,TRUE,FALSE,TRUE,Alphavirus venezuelan,source_msl39_viral_name,11036,virion_taxid:msl39_viral_name; virion_taxid:Pathogens
master_26,Borna disease (encephalitis),Borna disease (encephalitis),Borna disease,Orthobornavirus bornaense,Mammalian Bornavirus 1 (BoDV-1),source_row,Bornaviridae,prototype,3,B,FALSE,Bicolored white-toothed shrew,yes_existing_who,review_before_modelling,Transmission rule pass marked this row needs_review; use only after manual review.,non_vectored,specialist,uncertain,small_mammal_reservoir_direct,yes,no,include_reservoir_hosts_only,no_vector,reservoir_host,needs_review,Nature 2024/reviews: BoDV-1 reservoir is bicoloured white-toothed shrew; spillover route to horses/humans is still unresolved.,0,23,0,0,0,0,0,0,0,0,0,0,0,0,10,10,313,0,0,0,FALSE,FALSE,no_role_evidence_or_assignment,15,0,0,0,0,0,FALSE,not_expected_non_vectored,genbank_only,sdm_not_required_or_not_model_ready,scope_not_include,review_or_defer_scope,matched_primary_name,matched_primary_name,source_disease_name,Borna disease (encephalitis),unmatched_no_evidence,,,matched_primary_name,source_disease_name,Borna disease (encephalitis),unmatched_no_evidence,,,matched_primary_name,source_disease_name,Borna disease (encephalitis),Low,Orthobornavirus bornaense,Mammalian Bornavirus 1 (BoDV-1),Orthobornavirus bornaense,FALSE,TRUE,FALSE,FALSE,none,none,prototype,none,none,none,specific_unit,species_or_equivalent,keep,specific_source_row,host_linked_non_vector,yes,yes_or_expected_from_source,not_central_or_unknown,unknown,,Specific zoonotic source row retained as the current analysis unit.,Extremely rare,26,,,,FALSE,FALSE,,unmatched,TRUE,0,0,0,0,0,0,0,0,0,0,0,0,0,0,0,TRUE,FALSE,FALSE,Orthobornavirus bornaense,source_msl39_viral_name,1714619,virion_taxid:matched_virus_name; virion_taxid:msl39_viral_name; virion_taxid:Pathogens; virion_taxid:Virion_VirusName
master_27,Lujo hemorrhagic fever,Lujo hemorrhagic fever,Lujo HF,Mammarenavirus lujoense,Lujo virus,source_row,Arenaviridae,prototype,3,A,FALSE,Unknown rodent,yes_existing_who,defer_broad_or_aggregate_unit,Deferred from the pilot handoff because the suspected rodent reservoir is not resolved to a useful species-level SDM target.,non_vectored,uncertain,mixed,rodent_reservoir_direct_or_environmental,uncertain,no,uncertain_review,no_vector,not_model_ready,reviewed,"CDC/UKHSA Lujo: rodent-borne arenavirus suspected, but the specific rodent reservoir is unknown; human-to-human transmission occurred.",0,1,0,0,0,0,0,0,0,0,0,0,0,0,3,3,9,0,0,0,FALSE,FALSE,no_role_evidence_or_assignment,0,0,0,0,0,0,FALSE,not_expected_non_vectored,genbank_only,sdm_not_required_or_not_model_ready,scope_not_include,review_or_defer_scope,matched_primary_name,matched_primary_name,source_disease_name,Lujo hemorrhagic fever,unmatched_no_evidence,,,matched_primary_name,source_disease_name,Lujo hemorrhagic fever,unmatched_no_evidence,,,matched_primary_name,source_disease_name,Lujo hemorrhagic fever,High,Mammarenavirus lujoense,Lujo virus,Mammarenavirus lujoense,FALSE,TRUE,FALSE,FALSE,prototype,none,none,none,none,none,specific_unit,species_or_equivalent,keep,specific_source_row,host_linked_non_vector,yes,yes_or_expected_from_source,not_central_or_unknown,unknown,,Specific zoonotic source row retained as the current analysis unit.,Single outbreak 2008,27,,,,FALSE,FALSE,,unmatched,TRUE,0,0,0,0,0,0,0,0,0,0,0,0,0,0,0,TRUE,FALSE,FALSE,Mammarenavirus lujoense,source_msl39_viral_name,3052314,virion_taxid:matched_virus_name; virion_taxid:msl39_viral_name; virion_taxid:Pathogens; virion_taxid:Virion_VirusName
master_28,Hepatitis E,Hepatitis E,Hepatitis E (zoonotic),Paslahepevirus balayani genotype 3,Hepatitis E virus,source_row,Hepeviridae,prototype,3,A,TRUE,"Wild boar, deer",yes_existing_who,include,Included in current default modelling scope after transmission-rule review.,non_vectored,restricted,mixed,food_waterborne,optional,no,include_livestock_hosts,no_vector,human_exposure,reviewed,"BfR/reviews: zoonotic HEV-3 in pigs/wild boar, with food/contact exposure dominant; no vector layer and host SDM is contextual.",0,49,0,0,0,0,0,0,0,0,0,0,0,0,62,62,11877,6,4,4,FALSE,FALSE,no_role_evidence_or_assignment,42,0,0,0,0,0,FALSE,not_expected_non_vectored,who_don_and_genbank,required_sdms_available,missing_role_evidence,curate_role_evidence,matched_primary_name,matched_primary_name,source_disease_name,Hepatitis E,unmatched_no_evidence,,,matched_primary_name,source_disease_name,Hepatitis E,matched_primary_name,source_disease_name,Hepatitis E,matched_primary_name,source_disease_name,Hepatitis E,Low,Paslahepevirus balayani genotype 3,Hepatitis E virus,Paslahepevirus balayani,FALSE,TRUE,FALSE,FALSE,prototype,prototype,prototype,prototype,prototype,prototype,specific_unit,species_or_equivalent,keep,specific_source_row,host_linked_non_vector,yes,yes_or_expected_from_source,not_central_or_unknown,unknown,,Specific zoonotic source row retained as the current analysis unit.,Low priority. Pig amplification,28,,,,FALSE,FALSE,,unmatched,TRUE,0,0,0,0,0,0,0,0,0,0,0,0,0,0,6,TRUE,TRUE,FALSE,Paslahepevirus balayani,source_msl39_viral_name,1678143,virion_taxid:matched_virus_name; virion_taxid:msl39_viral_name; virion_taxid:Virion_VirusName
master_30,Lyme disease,Lyme disease,Lyme disease,Lyme disease,Lyme disease,,Borrelia,,1,E,FALSE,Ixodes ticks; rodent/deer,hold,exclude_hold,include_as_analysis_unit is hold; retain rule context but exclude from default modelling scope.,vectored,host_group_generalist,complex,tick_borne_pathogen,optional,yes,host_sdm_low_value_generalist,vector_sdm_primary_limiter,vector,needs_review,CDC Lyme: Ixodes ticks are primary range layer; aggregate Borrelia/region unit is filled for context only because include_as_analysis_unit=hold.,0,0,0,0,0,0,0,0,0,0,0,0,0,0,0,0,0,0,0,0,FALSE,FALSE,no_role_evidence_or_assignment,0,0,0,0,0,0,FALSE,conceptual_vectored_no_direct_vector_evidence,no_country_evidence,sdm_not_required_or_not_model_ready,scope_not_include,review_or_defer_scope,unmatched_no_evidence,unmatched_no_evidence,,,unmatched_no_evidence,,,unmatched_no_evidence,,,unmatched_no_evidence,,,unmatched_no_evidence,,,,,,,,,,,,,,,,,disease_level_review,disease_or_syndrome_review,review_name_resolution,master_list_new_or_unmatched,E,,,,unknown,,Disease appears in the disease master list but has not yet been resolved to a curated pathogen analysis unit.,Highest n. High filling,30,,,,FALSE,FALSE,,hold,FALSE,0,0,0,0,0,0,0,0,0,0,0,0,0,0,0,FALSE,FALSE,FALSE,,unresolved_or_aggregate,,unresolved
master_31,Japanese encephalitis,Japanese encephalitis,Japanese encephalitis,Japanese encephalitis,Japanese encephalitis,,Flaviviridae,,1,E,TRUE,Culex tritaeniorhynchus; pigs; wading birds,yes,include,Included in current default modelling scope after transmission-rule review.,vectored,host_group_generalist,complex,mosquito_borne_arbovirus,yes,yes,include_primary_amplifying_host_group,include_competent_vectors,host_and_vector,reviewed,WHO/CDC: Culex mosquitoes; enzootic cycle with pigs and/or wading birds; humans dead-end.,0,0,0,0,0,0,0,0,0,0,0,0,0,0,22,22,3342,1,1,1,FALSE,FALSE,no_role_evidence_or_assignment,0,0,0,0,0,0,FALSE,conceptual_vectored_no_direct_vector_evidence,who_don_and_genbank,missing_required_host_sdm,missing_direct_vector_evidence,curate_direct_vector_evidence,matched_primary_name,matched_primary_name,source_disease_name,Japanese encephalitis,unmatched_no_evidence,,,matched_primary_name,source_disease_name,Japanese encephalitis,matched_primary_name,source_disease_name,Japanese encephalitis,unmatched_no_evidence,,,,,,,,,,,,,,,,,disease_level_review,disease_or_syndrome_review,review_name_resolution,master_list_new_or_unmatched,E,,,,livestock_amplifier_flag_from_master_list,,Disease appears in the disease master list but has not yet been resolved to a curated pathogen analysis unit.,Pig amplification essential. Vaccination flag.,31,virion,orthoflavivirus japonicum,11072; 3048158,FALSE,FALSE,ICTV/NCBI-style species name used in local VIRION taxonomy.,default_clean,FALSE,0,0,0,0,0,0,0,0,0,0,0,0,0,0,1,TRUE,TRUE,FALSE,Orthoflavivirus japonicum,matched_pathogen_names,11072; 3048158,matched_taxids:virion
master_32,Chagas (acute),Chagas (acute),Chagas (acute),Chagas (acute),Chagas (acute),,Trypanosoma,,1,E,FALSE,Triatomine bugs,yes,include,Included in current default modelling scope after transmission-rule review.,vectored,host_group_generalist,mixed,triatomine_borne_parasite,optional,yes,host_sdm_low_value_generalist,include_competent_vectors,host_and_vector,reviewed,"WHO/CDC Chagas: triatomine vector cycle is primary; oral/congenital/transfusion routes are secondary exposure routes, with many mammal reservoirs.",0,0,0,0,0,0,0,0,0,0,0,0,0,0,0,0,0,0,0,0,FALSE,FALSE,no_role_evidence_or_assignment,0,0,0,0,0,0,FALSE,conceptual_vectored_no_direct_vector_evidence,no_country_evidence,missing_required_vector_sdm,missing_direct_vector_evidence,curate_direct_vector_evidence,unmatched_no_evidence,unmatched_no_evidence,,,unmatched_no_evidence,,,unmatched_no_evidence,,,unmatched_no_evidence,,,unmatched_no_evidence,,,,,,,,,,,,,,,,,disease_level_review,disease_or_syndrome_review,review_name_resolution,master_list_new_or_unmatched,E,,,,unknown,,Disease appears in the disease master list but has not yet been resolved to a curated pathogen analysis unit.,"GBIF adds ~2,500 T. cruzi records",32,clover,trypanosoma cruzi,5693,FALSE,FALSE,,default_clean,FALSE,0,0,0,0,0,0,0,0,0,0,0,0,0,0,0,FALSE,FALSE,FALSE,Trypanosoma cruzi,matched_pathogen_names,5693,matched_taxids:clover
master_33,Melioidosis,Melioidosis,Melioidosis,Melioidosis,Melioidosis,,Burkholderia,,1,env,FALSE,Environmental (B. pseudomallei),yes,include,Included in current default modelling scope after transmission-rule review.,non_vectored,generalist,complex,environmental_spore_or_soil,no,no,no_host_sdm_for_now,no_vector,environment,reviewed,"CDC melioidosis: infection from contaminated soil/water or aerosols; environmental suitability, not host or vector SDM, is the range layer.",0,0,0,0,0,0,0,0,0,0,0,0,0,0,0,0,0,0,0,0,FALSE,FALSE,no_role_evidence_or_assignment,0,0,0,0,0,0,FALSE,not_expected_non_vectored,no_country_evidence,sdm_not_required_or_not_model_ready,missing_role_evidence,curate_role_evidence,unmatched_no_evidence,unmatched_no_evidence,,,unmatched_no_evidence,,,unmatched_no_evidence,,,unmatched_no_evidence,,,unmatched_no_evidence,,,,,,,,,,,,,,,,,disease_level_review,disease_or_syndrome_review,review_name_resolution,master_list_new_or_unmatched,env,,,,unknown,,Disease appears in the disease master list but has not yet been resolved to a curated pathogen analysis unit.,No animal reservoir,33,clover,burkholderia pseudomallei,28450,FALSE,FALSE,,default_clean,FALSE,0,0,0,0,0,0,0,0,0,0,0,0,0,0,0,FALSE,FALSE,FALSE,Burkholderia pseudomallei,matched_pathogen_names,28450,matched_taxids:clover
master_34,Brazilian spotted fever,Brazilian spotted fever,Brazilian spotted fever,Brazilian spotted fever,Brazilian spotted fever,,Rickettsia,,1,E,FALSE,Amblyomma ticks,yes,review_before_modelling,Transmission rule pass marked this row needs_review; use only after manual review.,vectored,host_group_generalist,complex,tick_borne_pathogen,optional,yes,include_primary_amplifying_host_group,include_competent_vectors,host_and_vector,needs_review,CDC EID/Brazilian reviews: R. rickettsii tick-borne; Amblyomma vectors with local amplifying hosts such as capybaras/dogs vary by focus.,0,0,0,0,0,0,0,0,0,0,0,0,0,0,11,11,883,0,0,0,FALSE,FALSE,no_role_evidence_or_assignment,0,0,0,0,0,0,FALSE,conceptual_vectored_no_direct_vector_evidence,genbank_only,sdm_not_required_or_not_model_ready,scope_not_include,review_or_defer_scope,matched_primary_name,matched_primary_name,source_disease_name,Brazilian spotted fever,unmatched_no_evidence,,,matched_primary_name,source_disease_name,Brazilian spotted fever,unmatched_no_evidence,,,unmatched_no_evidence,,,,,,,,,,,,,,,,,disease_level_review,disease_or_syndrome_review,review_name_resolution,master_list_new_or_unmatched,E,,,,unknown,,Disease appears in the disease master list but has not yet been resolved to a curated pathogen analysis unit.,,34,clover,rickettsia rickettsii,783,FALSE,FALSE,,default_clean,FALSE,0,0,0,0,0,0,0,0,0,0,0,0,0,0,0,TRUE,FALSE,FALSE,Rickettsia rickettsii,matched_pathogen_names,783,matched_taxids:clover
master_35,La Crosse encephalitis,La Crosse encephalitis,La Crosse encephalitis,La Crosse encephalitis,La Crosse encephalitis,,Peribunyaviridae,,1,E,FALSE,Aedes treehole mosquitoes,yes,include,Included in current default modelling scope after transmission-rule review.,vectored,restricted,complex,mosquito_borne_arbovirus,optional,yes,include_reservoir_hosts_only,vector_sdm_primary_limiter,vector,reviewed,CDC: Ae. triseriatus treehole mosquito cycle with chipmunks/squirrels; humans dead-end.,0,0,0,0,0,0,0,0,0,0,0,0,0,0,1,1,324,0,0,0,FALSE,FALSE,no_role_evidence_or_assignment,0,0,0,0,0,0,FALSE,conceptual_vectored_no_direct_vector_evidence,genbank_only,missing_required_vector_sdm,missing_direct_vector_evidence,curate_direct_vector_evidence,matched_primary_name,matched_primary_name,source_disease_name,La Crosse encephalitis,unmatched_no_evidence,,,matched_primary_name,source_disease_name,La Crosse encephalitis,unmatched_no_evidence,,,unmatched_no_evidence,,,,,,,,,,,,,,,,,disease_level_review,disease_or_syndrome_review,review_name_resolution,master_list_new_or_unmatched,E,,,,unknown,,Disease appears in the disease master list but has not yet been resolved to a curated pathogen analysis unit.,,35,virion,orthobunyavirus lacrosseense,3052409,FALSE,FALSE,ICTV/NCBI-style species name used in local VIRION taxonomy.,default_clean,FALSE,0,0,0,0,0,0,0,0,0,0,0,0,0,0,0,TRUE,FALSE,FALSE,Orthobunyavirus lacrosseense,matched_pathogen_names,3052409,matched_taxids:virion
master_36,Powassan,Powassan,Powassan,Powassan,Powassan,,Flaviviridae,,1,E,FALSE,Ixodes ticks,yes,include,Included in current default modelling scope after transmission-rule review.,vectored,restricted,complex,tick_borne_pathogen,optional,yes,include_reservoir_hosts_only,vector_sdm_primary_limiter,vector,reviewed,"CDC: Ixodes ticks transmit Powassan; groundhogs, squirrels, mice and other rodents infect ticks; humans dead-end.",0,0,0,0,0,0,0,0,0,0,0,0,0,0,3,3,579,0,0,0,FALSE,FALSE,no_role_evidence_or_assignment,0,0,0,0,0,0,FALSE,conceptual_vectored_no_direct_vector_evidence,genbank_only,missing_required_vector_sdm,missing_direct_vector_evidence,curate_direct_vector_evidence,matched_primary_name,matched_primary_name,source_disease_name,Powassan,unmatched_no_evidence,,,matched_primary_name,source_disease_name,Powassan,unmatched_no_evidence,,,unmatched_no_evidence,,,,,,,,,,,,,,,,,disease_level_review,disease_or_syndrome_review,review_name_resolution,master_list_new_or_unmatched,E,,,,unknown,,Disease appears in the disease master list but has not yet been resolved to a curated pathogen analysis unit.,,36,virion,orthoflavivirus powassanense,11083; 3048287,FALSE,FALSE,ICTV/NCBI-style species name used in local VIRION taxonomy.,default_clean,FALSE,0,0,0,0,0,0,0,0,0,0,0,0,0,0,0,TRUE,FALSE,FALSE,Orthoflavivirus powassanense,matched_pathogen_names,11083; 3048287,matched_taxids:virion
master_37,EEE,EEE,EEE,EEE,EEE,,Togaviridae,,1,E,TRUE,Mosquitoes; wild birds,yes,include,Included in current default modelling scope after transmission-rule review.,vectored,host_group_generalist,complex,mosquito_borne_arbovirus,optional,yes,host_sdm_low_value_generalist,vector_sdm_primary_limiter,vector,reviewed,"CDC: EEEV cycles between mosquitoes and birds; bridge vectors infect humans/horses, which are dead-end.",0,0,0,0,0,0,0,0,0,0,0,0,0,0,20,20,939,0,0,0,FALSE,FALSE,no_role_evidence_or_assignment,0,0,0,0,0,0,FALSE,conceptual_vectored_no_direct_vector_evidence,genbank_only,missing_required_vector_sdm,missing_direct_vector_evidence,curate_direct_vector_evidence,matched_primary_name,matched_primary_name,source_disease_name,EEE,unmatched_no_evidence,,,matched_primary_name,source_disease_name,EEE,unmatched_no_evidence,,,unmatched_no_evidence,,,,,,,,,,,,,,,,,disease_level_review,disease_or_syndrome_review,review_name_resolution,master_list_new_or_unmatched,E,,,,livestock_amplifier_flag_from_master_list,,Disease appears in the disease master list but has not yet been resolved to a curated pathogen analysis unit.,Equine amplification,37,virion,eastern equine encephalitis virus,11021,FALSE,FALSE,,default_clean,FALSE,0,0,0,0,0,0,0,0,0,0,0,0,0,0,0,TRUE,FALSE,FALSE,Eastern equine encephalitis virus,matched_pathogen_names,11021,matched_taxids:virion
master_38,WEE,WEE,WEE,WEE,WEE,,Togaviridae,,1,E,TRUE,Mosquitoes; wild birds,yes,include,Included in current default modelling scope after transmission-rule review.,vectored,host_group_generalist,complex,mosquito_borne_arbovirus,optional,yes,host_sdm_low_value_generalist,include_competent_vectors,vector,reviewed,"CDC/APHIS: WEEV maintained in mosquito-bird cycle, Culex tarsalis important; humans/horses dead-end.",0,0,0,0,0,0,0,0,0,0,0,0,0,0,10,10,144,0,0,0,FALSE,FALSE,no_role_evidence_or_assignment,0,0,0,0,0,0,FALSE,conceptual_vectored_no_direct_vector_evidence,genbank_only,missing_required_vector_sdm,missing_direct_vector_evidence,curate_direct_vector_evidence,matched_primary_name,matched_primary_name,source_disease_name,WEE,unmatched_no_evidence,,,matched_primary_name,source_disease_name,WEE,unmatched_no_evidence,,,unmatched_no_evidence,,,,,,,,,,,,,,,,,disease_level_review,disease_or_syndrome_review,review_name_resolution,master_list_new_or_unmatched,E,,,,livestock_amplifier_flag_from_master_list,,Disease appears in the disease master list but has not yet been resolved to a curated pathogen analysis unit.,Equine amplification,38,virion,western equine encephalitis virus,11039,FALSE,FALSE,,default_clean,FALSE,0,0,0,0,0,0,0,0,0,0,0,0,0,0,0,TRUE,FALSE,FALSE,Western equine encephalitis virus,matched_pathogen_names,11039,matched_taxids:virion
master_39,Jamestown Canyon,Jamestown Canyon,Jamestown Canyon,Jamestown Canyon,Jamestown Canyon,,Peribunyaviridae,,1,E,FALSE,Mosquitoes; deer,yes,include,Included in current default modelling scope after transmission-rule review.,vectored,host_group_generalist,complex,mosquito_borne_arbovirus,optional,yes,include_primary_amplifying_host_group,include_competent_vectors,host_and_vector,reviewed,CDC: maintained by several mosquitoes and deer/other ungulates; humans dead-end.,0,0,0,0,0,0,0,0,0,0,0,0,0,0,7,7,434,0,0,0,FALSE,FALSE,no_role_evidence_or_assignment,0,0,0,0,0,0,FALSE,conceptual_vectored_no_direct_vector_evidence,genbank_only,missing_required_vector_sdm,missing_direct_vector_evidence,curate_direct_vector_evidence,matched_primary_name,matched_primary_name,source_disease_name,Jamestown Canyon,unmatched_no_evidence,,,matched_primary_name,source_disease_name,Jamestown Canyon,unmatched_no_evidence,,,unmatched_no_evidence,,,,,,,,,,,,,,,,,disease_level_review,disease_or_syndrome_review,review_name_resolution,master_list_new_or_unmatched,E,,,,unknown,,Disease appears in the disease master list but has not yet been resolved to a curated pathogen analysis unit.,,39,virion,orthobunyavirus jamestownense,3052402,FALSE,FALSE,ICTV/NCBI-style species name used in local VIRION taxonomy.,default_clean,FALSE,0,0,0,0,0,0,0,0,0,0,0,0,0,0,0,TRUE,FALSE,FALSE,Orthobunyavirus jamestownense,matched_pathogen_names,3052402,matched_taxids:virion
master_40,St. Louis encephalitis,St. Louis encephalitis,St. Louis encephalitis,St. Louis encephalitis,St. Louis encephalitis,,Flaviviridae,,1,E,FALSE,Culex; wild birds,yes,include,Included in current default modelling scope after transmission-rule review.,vectored,host_group_generalist,complex,mosquito_borne_arbovirus,optional,yes,host_sdm_low_value_generalist,vector_sdm_primary_limiter,vector,reviewed,CDC: SLEV maintained between Culex mosquitoes and birds; humans dead-end.,0,0,0,0,0,0,0,0,0,0,0,0,0,0,12,12,418,0,0,0,FALSE,FALSE,no_role_evidence_or_assignment,0,0,0,0,0,0,FALSE,conceptual_vectored_no_direct_vector_evidence,genbank_only,missing_required_vector_sdm,missing_direct_vector_evidence,curate_direct_vector_evidence,matched_primary_name,matched_primary_name,source_disease_name,St. Louis encephalitis,unmatched_no_evidence,,,matched_primary_name,source_disease_name,St. Louis encephalitis,unmatched_no_evidence,,,unmatched_no_evidence,,,,,,,,,,,,,,,,,disease_level_review,disease_or_syndrome_review,review_name_resolution,master_list_new_or_unmatched,E,,,,unknown,,Disease appears in the disease master list but has not yet been resolved to a curated pathogen analysis unit.,,40,virion,orthoflavivirus louisense,11080; 3052468,FALSE,FALSE,ICTV/NCBI-style species name used in local VIRION taxonomy.,default_clean,FALSE,0,0,0,0,0,0,0,0,0,0,0,0,0,0,0,TRUE,FALSE,FALSE,Orthoflavivirus louisense,matched_pathogen_names,11080; 3052468,matched_taxids:virion
master_41,Mayaro,Mayaro,Mayaro,Mayaro,Mayaro,,Togaviridae,,1,E,FALSE,Haemagogus mosquitoes; NHP,yes,review_before_modelling,Transmission rule pass marked this row needs_review; use only after manual review.,vectored,restricted,complex,mosquito_borne_arbovirus,optional,yes,include_reservoir_hosts_only,include_known_vectors_review,host_and_vector,needs_review,CDC/WHO/EID: sylvatic Haemagogus mosquitoes and non-human primates; Aedes competence raises urban-emergence review need.,0,0,0,0,0,0,0,0,0,0,0,0,0,0,10,10,182,0,0,0,FALSE,FALSE,no_role_evidence_or_assignment,0,0,0,0,0,0,FALSE,conceptual_vectored_no_direct_vector_evidence,genbank_only,sdm_not_required_or_not_model_ready,scope_not_include,review_or_defer_scope,matched_primary_name,matched_primary_name,source_disease_name,Mayaro,unmatched_no_evidence,,,matched_primary_name,source_disease_name,Mayaro,unmatched_no_evidence,,,unmatched_no_evidence,,,,,,,,,,,,,,,,,disease_level_review,disease_or_syndrome_review,review_name_resolution,master_list_new_or_unmatched,E,,,,unknown,,Disease appears in the disease master list but has not yet been resolved to a curated pathogen analysis unit.,,41,virion,alphavirus mayaro,3426306; 59301,FALSE,FALSE,ICTV/NCBI-style species name used in local VIRION taxonomy.,default_clean,FALSE,0,0,0,0,0,0,0,0,0,0,0,0,0,0,0,TRUE,FALSE,FALSE,Alphavirus mayaro,matched_pathogen_names,3426306; 59301,matched_taxids:virion
master_42,Zoonotic malaria (P. knowlesi),Zoonotic malaria (P. knowlesi),Zoonotic malaria (P. knowlesi),Zoonotic malaria (P. knowlesi),Zoonotic malaria (P. knowlesi),,Plasmodium,,1,E,FALSE,Anopheles; macaque reservoir,yes,include,Included in current default modelling scope after transmission-rule review.,vectored,restricted,complex,mosquito_borne_parasite,yes,yes,include_reservoir_hosts_only,include_competent_vectors,host_and_vector,reviewed,CDC/reviews: P. knowlesi is zoonotic malaria of macaques transmitted by Anopheles leucosphyrus group mosquitoes.,0,0,0,0,0,0,0,0,0,0,0,0,0,0,16,16,2344,0,0,0,FALSE,FALSE,no_role_evidence_or_assignment,0,0,0,0,0,0,FALSE,conceptual_vectored_no_direct_vector_evidence,genbank_only,missing_required_host_sdm,missing_direct_vector_evidence,curate_direct_vector_evidence,matched_primary_name,matched_primary_name,source_disease_name,Zoonotic malaria (P. knowlesi),unmatched_no_evidence,,,matched_primary_name,source_disease_name,Zoonotic malaria (P. knowlesi),unmatched_no_evidence,,,unmatched_no_evidence,,,,,,,,,,,,,,,,,disease_level_review,disease_or_syndrome_review,review_name_resolution,master_list_new_or_unmatched,E,,,,unknown,,Disease appears in the disease master list but has not yet been resolved to a curated pathogen analysis unit.,,42,clover,plasmodium knowlesi,5850,FALSE,FALSE,,default_clean,FALSE,0,0,0,0,0,0,0,0,0,0,0,0,0,0,0,TRUE,FALSE,FALSE,Plasmodium knowlesi,matched_pathogen_names,5850,matched_taxids:clover
master_43,Anthrax,Anthrax,Anthrax,Anthrax,Anthrax,,Bacillus,,1,B/env,TRUE,Soil spores; wildlife cycle,yes,include,Included in current default modelling scope after transmission-rule review.,non_vectored,generalist,complex,environmental_spore_or_soil,optional,no,include_livestock_hosts,no_vector,environment,reviewed,"CDC/WHO/WOAH anthrax: B. anthracis spores persist in soil; grazing herbivores expose humans, but environment is primary limiter.",0,0,0,0,0,0,0,0,0,0,0,0,0,0,91,91,39701,15,4,15,FALSE,FALSE,no_role_evidence_or_assignment,0,0,0,0,0,0,FALSE,not_expected_non_vectored,who_don_and_genbank,optional_sdms_missing,missing_role_evidence,curate_role_evidence,matched_primary_name,matched_primary_name,source_disease_name,Anthrax,unmatched_no_evidence,,,matched_primary_name,source_disease_name,Anthrax,matched_primary_name,source_disease_name,Anthrax,unmatched_no_evidence,,,,,,,,,,,,,,,,,disease_level_review,disease_or_syndrome_review,review_name_resolution,master_list_new_or_unmatched,B/env,,,,livestock_amplifier_flag_from_master_list,,Disease appears in the disease master list but has not yet been resolved to a curated pathogen analysis unit.,Livestock amplify outbreaks,43,clover,bacillus anthracis,1392,FALSE,FALSE,,default_clean,FALSE,0,0,0,0,0,0,0,0,0,0,0,0,0,0,15,TRUE,TRUE,FALSE,Bacillus anthracis,matched_pathogen_names,1392,matched_taxids:clover
master_45,O'nyong-nyong,O'nyong-nyong,O'nyong-nyong,O'nyong-nyong,O'nyong-nyong,,Togaviridae,,2,E,FALSE,Anopheles funestus/gambiae,yes,review_before_modelling,Transmission rule pass marked this row needs_review; use only after manual review.,vectored,restricted,simple,mosquito_borne_arbovirus,no,yes,human_cases_not_range_defining,include_competent_vectors,vector,needs_review,Rezza review/CDC EID: ONNV primarily transmitted by Anopheles gambiae/funestus; non-human reservoir not well defined.,0,0,0,0,0,0,0,0,0,0,0,0,0,0,5,5,11,0,0,0,FALSE,FALSE,no_role_evidence_or_assignment,0,0,0,0,0,0,FALSE,conceptual_vectored_no_direct_vector_evidence,genbank_only,sdm_not_required_or_not_model_ready,scope_not_include,review_or_defer_scope,matched_primary_name,matched_primary_name,source_disease_name,O'nyong-nyong,unmatched_no_evidence,,,matched_primary_name,source_disease_name,O'nyong-nyong,unmatched_no_evidence,,,unmatched_no_evidence,,,,,,,,,,,,,,,,,disease_level_review,disease_or_syndrome_review,review_name_resolution,master_list_new_or_unmatched,E,,,,unknown,,Disease appears in the disease master list but has not yet been resolved to a curated pathogen analysis unit.,Only alphavirus using malaria vectors. Pezzi et al. 2019,45,virion,onyong-nyong virus,2169701,FALSE,FALSE,Local VIRION spelling omits the apostrophe.,default_clean,FALSE,0,0,0,0,0,0,0,0,0,0,0,0,0,0,0,TRUE,FALSE,FALSE,Onyong-nyong virus,matched_pathogen_names,2169701,matched_taxids:virion
master_46,Scrub typhus,Scrub typhus,Scrub typhus,Scrub typhus,Scrub typhus,,Orientia,,1?,E,FALSE,Leptotrombidium mites (chiggers),yes,include,Included in current default modelling scope after transmission-rule review.,vectored,host_group_generalist,complex,mite_borne_pathogen,optional,yes,host_sdm_low_value_generalist,include_competent_vectors,vector,reviewed,"CDC/EID: Orientia transmitted by larval trombiculid mites; rodents/shrews maintain mites, humans accidental.",0,0,0,0,0,0,0,0,0,0,0,0,0,0,19,19,7706,0,0,0,FALSE,FALSE,no_role_evidence_or_assignment,0,0,0,0,0,0,FALSE,conceptual_vectored_no_direct_vector_evidence,genbank_only,missing_required_vector_sdm,missing_direct_vector_evidence,curate_direct_vector_evidence,matched_primary_name,matched_primary_name,source_disease_name,Scrub typhus,unmatched_no_evidence,,,matched_primary_name,source_disease_name,Scrub typhus,unmatched_no_evidence,,,unmatched_no_evidence,,,,,,,,,,,,,,,,,disease_level_review,disease_or_syndrome_review,review_name_resolution,master_list_new_or_unmatched,E,,,,unknown,,Disease appears in the disease master list but has not yet been resolved to a curated pathogen analysis unit.,VectorMap data. ~1M cases/yr. Unique vector type,46,clover,orientia tsutsugamushi,784,FALSE,FALSE,,default_clean,FALSE,0,0,0,0,0,0,0,0,0,0,0,0,0,0,0,TRUE,FALSE,FALSE,Orientia tsutsugamushi,matched_pathogen_names,784,matched_taxids:clover
master_47,Ross River virus,Ross River virus,Ross River virus,Ross River virus,Ross River virus,,Togaviridae,,2,E,FALSE,Aedes/Culex; macropod reservoir,yes,include,Included in current default modelling scope after transmission-rule review.,vectored,generalist,complex,mosquito_borne_arbovirus,optional,yes,host_sdm_low_value_generalist,include_known_vectors_review,mixed,reviewed,CDC/EID: mosquito-borne RRV with many vector species and many wild/domestic amplifying hosts; broad host SDMs low value.,0,0,0,0,0,0,0,0,0,0,0,0,0,0,7,7,597,0,0,0,FALSE,FALSE,no_role_evidence_or_assignment,0,0,0,0,0,0,FALSE,conceptual_vectored_no_direct_vector_evidence,genbank_only,missing_required_vector_sdm,missing_direct_vector_evidence,curate_direct_vector_evidence,matched_primary_name,matched_primary_name,source_disease_name,Ross River virus,unmatched_no_evidence,,,matched_primary_name,source_disease_name,Ross River virus,unmatched_no_evidence,,,unmatched_no_evidence,,,,,,,,,,,,,,,,,disease_level_review,disease_or_syndrome_review,review_name_resolution,master_list_new_or_unmatched,E,,,,unknown,,Disease appears in the disease master list but has not yet been resolved to a curated pathogen analysis unit.,Australian. ~5000 cases/yr,47,virion,alphavirus rossriver,11029; 3426314,FALSE,FALSE,ICTV/NCBI-style species name used in local VIRION taxonomy.,default_clean,FALSE,0,0,0,0,0,0,0,0,0,0,0,0,0,0,0,TRUE,FALSE,FALSE,Alphavirus rossriver,matched_pathogen_names,11029; 3426314,matched_taxids:virion
master_48,Barmah Forest virus,Barmah Forest virus,Barmah Forest virus,Barmah Forest virus,Barmah Forest virus,,Togaviridae,,2,E,FALSE,Aedes/Culex,yes,include,Included in current default modelling scope after transmission-rule review.,vectored,host_group_generalist,complex,mosquito_borne_arbovirus,optional,yes,host_sdm_low_value_generalist,include_known_vectors_review,mixed,reviewed,Australian CDC/Queensland Health: mosquito-borne; marsupials and possibly humans can infect mosquitoes; no direct person-animal spread.,0,0,0,0,0,0,0,0,0,0,0,0,0,0,2,2,119,0,0,0,FALSE,FALSE,no_role_evidence_or_assignment,0,0,0,0,0,0,FALSE,conceptual_vectored_no_direct_vector_evidence,genbank_only,missing_required_vector_sdm,missing_direct_vector_evidence,curate_direct_vector_evidence,matched_primary_name,matched_primary_name,source_disease_name,Barmah Forest virus,unmatched_no_evidence,,,matched_primary_name,source_disease_name,Barmah Forest virus,unmatched_no_evidence,,,unmatched_no_evidence,,,,,,,,,,,,,,,,,disease_level_review,disease_or_syndrome_review,review_name_resolution,master_list_new_or_unmatched,E,,,,unknown,,Disease appears in the disease master list but has not yet been resolved to a curated pathogen analysis unit.,Australian companion to Ross River,48,virion,alphavirus barmah,11020; 3426294,FALSE,FALSE,ICTV/NCBI-style species name used in local VIRION taxonomy.,default_clean,FALSE,0,0,0,0,0,0,0,0,0,0,0,0,0,0,0,TRUE,FALSE,FALSE,Alphavirus barmah,matched_pathogen_names,11020; 3426294,matched_taxids:virion
master_49,Bartonellosis,Bartonellosis,Bartonellosis,Bartonellosis,Bartonellosis,,Bartonella,,2,E,FALSE,Lutzomyia sand flies,yes,review_before_modelling,Transmission rule pass marked this row needs_review; use only after manual review.,mixed_or_indirect,host_group_generalist,mixed,arthropod_borne_bacterial_aggregate,uncertain,uncertain,uncertain_review,include_known_vectors_review,not_model_ready,needs_review,"CDC/GOV.UK Bartonella: fleas, body lice, sand flies or flea-infested animals; aggregate row needs Bartonella species/vector split before SDMs.",0,0,0,0,0,0,0,0,0,0,0,0,0,0,4,4,1474,0,0,0,FALSE,FALSE,no_role_evidence_or_assignment,0,0,0,0,0,0,FALSE,mixed_or_uncertain_review,genbank_only,sdm_not_required_or_not_model_ready,scope_not_include,review_or_defer_scope,matched_primary_name,matched_primary_name,source_disease_name,Bartonellosis,unmatched_no_evidence,,,matched_primary_name,source_disease_name,Bartonellosis,unmatched_no_evidence,,,unmatched_no_evidence,,,,,,,,,,,,,,,,,disease_level_review,disease_or_syndrome_review,review_name_resolution,master_list_new_or_unmatched,E,,,,unknown,,Disease appears in the disease master list but has not yet been resolved to a curated pathogen analysis unit.,Peru/Ecuador/Colombia,49,clover,bartonella bacilliformis,774,FALSE,FALSE,,default_clean,FALSE,0,0,0,0,0,0,0,0,0,0,0,0,0,0,0,TRUE,FALSE,FALSE,Bartonella bacilliformis,matched_pathogen_names,774,matched_taxids:clover
master_50,Murine typhus,Murine typhus,Murine typhus,Murine typhus,Murine typhus,,Rickettsia,,2,A,FALSE,Xenopsylla cheopis (rat flea); Rattus,yes,include,Included in current default modelling scope after transmission-rule review.,vectored,restricted,complex,flea_borne_rodent_pathogen,yes,optional,include_reservoir_hosts_only,include_known_vectors_review,host_and_vector,reviewed,"CDC murine typhus: flea-borne R. typhi with rat and opossum/cat-flea cycles; include reservoir hosts, vector layer optional/reviewed.",0,0,0,0,0,0,0,0,0,0,0,0,0,0,21,21,2307,0,0,0,FALSE,FALSE,no_role_evidence_or_assignment,0,0,0,0,0,0,FALSE,conceptual_vectored_no_direct_vector_evidence,genbank_only,missing_required_host_sdm,missing_direct_vector_evidence,curate_direct_vector_evidence,matched_primary_name,matched_primary_name,source_disease_name,Murine typhus,unmatched_no_evidence,,,matched_primary_name,source_disease_name,Murine typhus,unmatched_no_evidence,,,unmatched_no_evidence,,,,,,,,,,,,,,,,,disease_level_review,disease_or_syndrome_review,review_name_resolution,master_list_new_or_unmatched,A,,,,unknown,,Disease appears in the disease master list but has not yet been resolved to a curated pathogen analysis unit.,Flea-vectored. Cosmopolitan Rattus host,50,clover,rickettsia typhi,785,FALSE,FALSE,,default_clean,FALSE,0,0,0,0,0,0,0,0,0,0,0,0,0,0,0,TRUE,FALSE,FALSE,Rickettsia typhi,matched_pathogen_names,785,matched_taxids:clover
master_52,Bluetongue,Bluetongue,Bluetongue,Bluetongue,Bluetongue,,Reoviridae,,1,E,TRUE,Culicoides midges,yes,include,Included in current default modelling scope after transmission-rule review.,vectored,host_group_generalist,complex,livestock_amplified_vector_borne,yes,yes,include_livestock_hosts,include_competent_vectors,host_and_vector,reviewed,WOAH/MSD Vet Manual: BTV affects domestic/wild ruminants and is transmitted by competent Culicoides midges.,0,0,0,0,0,0,0,0,0,0,0,0,0,0,78,78,12531,0,0,0,FALSE,FALSE,no_role_evidence_or_assignment,0,0,0,0,0,0,FALSE,conceptual_vectored_no_direct_vector_evidence,genbank_only,missing_required_host_sdm,missing_direct_vector_evidence,curate_direct_vector_evidence,matched_primary_name,matched_primary_name,source_disease_name,Bluetongue,unmatched_no_evidence,,,matched_primary_name,source_disease_name,Bluetongue,unmatched_no_evidence,,,unmatched_no_evidence,,,,,,,,,,,,,,,,,disease_level_review,disease_or_syndrome_review,review_name_resolution,master_list_new_or_unmatched,E,,,,livestock_amplifier_flag_from_master_list,,Disease appears in the disease master list but has not yet been resolved to a curated pathogen analysis unit.,"Best livestock addition. 19,467 records",52,virion,orbivirus caerulinguae,3431240; 40051,FALSE,FALSE,ICTV/NCBI-style species name used in local VIRION taxonomy.,default_clean,FALSE,0,0,0,0,0,0,0,0,0,0,0,0,0,0,0,TRUE,FALSE,FALSE,Orbivirus caerulinguae,matched_pathogen_names,3431240; 40051,matched_taxids:virion
master_53,Rabies,Rabies,Rabies,Rabies,Rabies,,Lyssaviridae,,1,B,FALSE,Multiple wildlife reservoirs,yes,review_before_modelling,Transmission rule pass marked this row needs_review; use only after manual review.,non_vectored,host_group_generalist,mixed,direct_contact_or_bite,optional,no,include_reservoir_hosts_only,no_vector,reservoir_host,needs_review,"WHO/UKHSA: saliva via bites/scratches; many mammals susceptible but maintenance reservoirs vary by rabies variant, so do not model all hosts.",0,0,0,0,0,0,0,0,0,0,0,0,0,0,137,137,29033,0,0,0,FALSE,FALSE,no_role_evidence_or_assignment,0,0,0,0,0,0,FALSE,not_expected_non_vectored,genbank_only,sdm_not_required_or_not_model_ready,scope_not_include,review_or_defer_scope,matched_primary_name,matched_primary_name,source_disease_name,Rabies,unmatched_no_evidence,,,matched_primary_name,source_disease_name,Rabies,unmatched_no_evidence,,,unmatched_no_evidence,,,,,,,,,,,,,,,,,disease_level_review,disease_or_syndrome_review,review_name_resolution,master_list_new_or_unmatched,B,,,,unknown,,Disease appears in the disease master list but has not yet been resolved to a curated pathogen analysis unit.,"3,788 records",53,virion,lyssavirus rabies,11292,FALSE,FALSE,ICTV/NCBI-style species name used in local VIRION taxonomy.,default_clean,FALSE,0,0,0,0,0,0,0,0,0,0,0,0,0,0,0,TRUE,FALSE,FALSE,Lyssavirus rabies,matched_pathogen_names,11292,matched_taxids:virion
master_54,Lumpy skin disease,Lumpy skin disease,Lumpy skin disease,Lumpy skin disease,Lumpy skin disease,,Poxviridae,,1,E,TRUE,Culicoides/mosquitoes,yes,review_before_modelling,Transmission rule pass marked this row needs_review; use only after manual review.,vectored,restricted,mixed,livestock_amplified_vector_borne,yes,optional,include_livestock_hosts,include_known_vectors_review,livestock_host,needs_review,"WOAH LSD: cattle/water-buffalo disease; blood-feeding arthropods predominate but exact vectors unresolved, so livestock layer primary and vectors review.",0,0,0,0,0,0,0,0,0,0,0,0,0,0,58,58,2676,0,0,0,FALSE,FALSE,no_role_evidence_or_assignment,0,0,0,0,0,0,FALSE,conceptual_vectored_no_direct_vector_evidence,genbank_only,sdm_not_required_or_not_model_ready,scope_not_include,review_or_defer_scope,matched_primary_name,matched_primary_name,source_disease_name,Lumpy skin disease,unmatched_no_evidence,,,matched_primary_name,source_disease_name,Lumpy skin disease,unmatched_no_evidence,,,unmatched_no_evidence,,,,,,,,,,,,,,,,,disease_level_review,disease_or_syndrome_review,review_name_resolution,master_list_new_or_unmatched,E,,,,livestock_amplifier_flag_from_master_list,,Disease appears in the disease master list but has not yet been resolved to a curated pathogen analysis unit.,"5,296 records. Partly trade-mediated",54,virion,capripoxvirus lumpyskinpox,3427718; 59509,FALSE,FALSE,ICTV/NCBI-style species name used in local VIRION taxonomy.,default_clean,FALSE,0,0,0,0,0,0,0,0,0,0,0,0,0,0,0,TRUE,FALSE,FALSE,Capripoxvirus lumpyskinpox,matched_pathogen_names,3427718; 59509,matched_taxids:virion
master_55,Epizootic haemorrhagic disease,Epizootic haemorrhagic disease,Epizootic haemorrhagic disease,Epizootic haemorrhagic disease,Epizootic haemorrhagic disease,,Reoviridae,,1,E,FALSE,Culicoides; wild deer,yes,include,Included in current default modelling scope after transmission-rule review.,vectored,host_group_generalist,complex,livestock_amplified_vector_borne,yes,yes,include_primary_amplifying_host_group,include_competent_vectors,host_and_vector,reviewed,"WOAH/Pirbright: EHDV transmitted among ruminants by Culicoides; white-tailed deer severely affected, cattle can be infected.",0,0,0,0,0,0,0,0,0,0,0,0,0,0,23,23,1879,0,0,0,FALSE,FALSE,no_role_evidence_or_assignment,0,0,0,0,0,0,FALSE,conceptual_vectored_no_direct_vector_evidence,genbank_only,missing_required_host_sdm,missing_direct_vector_evidence,curate_direct_vector_evidence,matched_primary_name,matched_primary_name,source_disease_name,Epizootic haemorrhagic disease,unmatched_no_evidence,,,matched_primary_name,source_disease_name,Epizootic haemorrhagic disease,unmatched_no_evidence,,,unmatched_no_evidence,,,,,,,,,,,,,,,,,disease_level_review,disease_or_syndrome_review,review_name_resolution,master_list_new_or_unmatched,E,,,,unknown,,Disease appears in the disease master list but has not yet been resolved to a curated pathogen analysis unit.,383 records,55,virion,orbivirus ruminantium,3431252; 40054,FALSE,FALSE,ICTV/NCBI-style species name used in local VIRION taxonomy.,default_clean,FALSE,0,0,0,0,0,0,0,0,0,0,0,0,0,0,0,TRUE,FALSE,FALSE,Orbivirus ruminantium,matched_pathogen_names,3431252; 40054,matched_taxids:virion
master_56,African horse sickness,African horse sickness,African horse sickness,African horse sickness,African horse sickness,,Reoviridae,,1/2,E,FALSE,Culicoides midges,yes,include,Included in current default modelling scope after transmission-rule review.,vectored,restricted,complex,livestock_amplified_vector_borne,yes,yes,include_livestock_hosts,include_competent_vectors,host_and_vector,reviewed,WOAH/Pirbright: non-contagious equid disease transmitted biologically by Culicoides spp.; not zoonotic.,0,0,0,0,0,0,0,0,0,0,0,0,0,0,14,14,2747,0,0,0,FALSE,FALSE,no_role_evidence_or_assignment,0,0,0,0,0,0,FALSE,conceptual_vectored_no_direct_vector_evidence,genbank_only,missing_required_host_sdm,missing_direct_vector_evidence,curate_direct_vector_evidence,matched_primary_name,matched_primary_name,source_disease_name,African horse sickness,unmatched_no_evidence,,,matched_primary_name,source_disease_name,African horse sickness,unmatched_no_evidence,,,unmatched_no_evidence,,,,,,,,,,,,,,,,,disease_level_review,disease_or_syndrome_review,review_name_resolution,master_list_new_or_unmatched,E,,,,unknown,,Disease appears in the disease master list but has not yet been resolved to a curated pathogen analysis unit.,237 records,56,virion,orbivirus alphaequi,40050,FALSE,FALSE,ICTV/NCBI-style species name used in local VIRION taxonomy.,default_clean,FALSE,0,0,0,0,0,0,0,0,0,0,0,0,0,0,0,TRUE,FALSE,FALSE,Orbivirus alphaequi,matched_pathogen_names,40050,matched_taxids:virion
master_57,Vesicular stomatitis,Vesicular stomatitis,Vesicular stomatitis,Vesicular stomatitis Indiana virus,VSIV,split_candidate,Rhabdoviridae,prototype,1/2,E,FALSE,Sand flies/mosquitoes; wildlife,yes_existing_who,defer_broad_or_aggregate_unit,Source pathogen Genus Vesiculovirus is a broad genus/subgenus scope that has been deferred in later role/modelling work; retain rules for audit only.,mixed_or_indirect,restricted,mixed,livestock_amplified_vector_borne,yes,optional,include_livestock_hosts,include_known_vectors_review,mixed,reviewed,WOAH/MSD Vet Manual/APHIS: mainly horses/cattle; biting flies/midges and direct contact can transmit.,0,0,0,0,0,0,0,0,0,0,0,0,0,0,0,0,0,0,0,0,FALSE,FALSE,no_role_evidence_or_assignment,0,0,0,0,0,0,FALSE,mixed_or_uncertain_review,no_country_evidence,sdm_not_required_or_not_model_ready,scope_not_include,review_or_defer_scope,unmatched_no_evidence,unmatched_no_evidence,,,unmatched_no_evidence,,,unmatched_no_evidence,,,unmatched_no_evidence,,,unmatched_no_evidence,,,Low,Genus Vesiculovirus,Genus Vesiculovirus,Genus Vesiculovirus,FALSE,TRUE,FALSE,TRUE,prototype,prototype,prototype,prototype,prototype,prototype,broad_genus,species,keep,clear_human_infection_and_vector_data,vector_associated_or_mixed,yes,yes,yes,yes,,"Clear zoonotic vesiculovirus with host, vector, and amplifier relevance.",Retained as a distinct analysis unit rather than folded into the broader vesiculovirus placeholder.,57,,,,FALSE,FALSE,,unmatched,FALSE,0,0,0,0,0,0,0,0,0,0,0,0,0,0,0,FALSE,FALSE,FALSE,,unresolved_or_aggregate,11276,virion_taxid:msl39_viral_name; virion_taxid:previous_name
master_58,Trypanosomosis (tsetse),Trypanosomosis (tsetse),Trypanosomosis (tsetse),Trypanosomosis (tsetse),Trypanosomosis (tsetse),,Trypanosoma,,2/3,E,TRUE,Glossina (tsetse),review,review_before_modelling,Analysis unit is still marked review; do not use as default modelling scope until resolved.,vectored,host_group_generalist,complex,tsetse_borne_parasite,yes,yes,include_primary_amplifying_host_group,include_competent_vectors,host_and_vector,needs_review,"WHO/WOAH: Trypanosoma transmitted cyclically by tsetse; reservoirs include humans, domestic and wild animals; aggregate needs species split.",0,0,0,0,0,0,0,0,0,0,0,0,0,0,0,0,0,0,0,0,FALSE,FALSE,no_role_evidence_or_assignment,0,0,0,0,0,0,FALSE,conceptual_vectored_no_direct_vector_evidence,no_country_evidence,sdm_not_required_or_not_model_ready,scope_not_include,review_or_defer_scope,unmatched_no_evidence,unmatched_no_evidence,,,unmatched_no_evidence,,,unmatched_no_evidence,,,unmatched_no_evidence,,,unmatched_no_evidence,,,,,,,,,,,,,,,,,disease_level_review,disease_or_syndrome_review,review_name_resolution,master_list_new_or_unmatched,E,,,,livestock_amplifier_flag_from_master_list,,Disease appears in the disease master list but has not yet been resolved to a curated pathogen analysis unit.,9 EMPRES-i records. Livestock key host,58,,,,FALSE,FALSE,,manual_review,FALSE,0,0,0,0,0,0,0,0,0,0,0,0,0,0,0,FALSE,FALSE,FALSE,,unresolved_or_aggregate,,unresolved
master_59,Theileriosis,Theileriosis,Theileriosis,Theileriosis,Theileriosis,,Theileria,,2,E,TRUE,Rhipicephalus/Hyalomma ticks,review,review_before_modelling,Analysis unit is still marked review; do not use as default modelling scope until resolved.,vectored,host_group_generalist,complex,tick_borne_pathogen,yes,yes,include_livestock_hosts,include_competent_vectors,host_and_vector,needs_review,WOAH/MSD Vet Manual: tick-borne Theileria spp.; cattle/buffalo/yak hosts and vectors differ by species.,0,0,0,0,0,0,0,0,0,0,0,0,0,0,0,0,0,0,0,0,FALSE,FALSE,no_role_evidence_or_assignment,0,0,0,0,0,0,FALSE,conceptual_vectored_no_direct_vector_evidence,no_country_evidence,sdm_not_required_or_not_model_ready,scope_not_include,review_or_defer_scope,unmatched_no_evidence,unmatched_no_evidence,,,unmatched_no_evidence,,,unmatched_no_evidence,,,unmatched_no_evidence,,,unmatched_no_evidence,,,,,,,,,,,,,,,,,disease_level_review,disease_or_syndrome_review,review_name_resolution,master_list_new_or_unmatched,E,,,,livestock_amplifier_flag_from_master_list,,Disease appears in the disease master list but has not yet been resolved to a curated pathogen analysis unit.,Not in EMPRES-i. Check other sources,59,,,,FALSE,FALSE,,manual_review,FALSE,0,0,0,0,0,0,0,0,0,0,0,0,0,0,0,FALSE,FALSE,FALSE,,unresolved_or_aggregate,,unresolved
master_60,Tularemia,Tularemia,Tularemia,Tularemia,Tularemia,,Francisella,,1/2,E,FALSE,Ticks; lagomorphs/rodents,yes,include,Included in current default modelling scope after transmission-rule review.,mixed_or_indirect,generalist,mixed,mixed_vector_environmental_zoonosis,optional,optional,include_reservoir_hosts_only,include_known_vectors_review,mixed,reviewed,"CDC tularemia: ticks/deer flies, animal contact, contaminated water and aerosols all matter; rabbits/hares/rodents are useful context, not sole limiter.",0,0,0,0,0,0,0,0,0,0,0,0,0,0,0,0,0,1,1,1,FALSE,FALSE,no_role_evidence_or_assignment,0,0,0,0,0,0,FALSE,mixed_or_uncertain_review,who_don_only,optional_sdms_missing,missing_direct_vector_evidence,curate_direct_vector_evidence,matched_primary_name,matched_primary_name,source_disease_name,Tularemia,unmatched_no_evidence,,,unmatched_no_evidence,,,matched_primary_name,source_disease_name,Tularemia,unmatched_no_evidence,,,,,,,,,,,,,,,,,disease_level_review,disease_or_syndrome_review,review_name_resolution,master_list_new_or_unmatched,E,,,,unknown,,Disease appears in the disease master list but has not yet been resolved to a curated pathogen analysis unit.,,60,clover,francisella tularensis,263,FALSE,FALSE,,default_clean,FALSE,0,0,0,0,0,0,0,0,0,0,0,0,0,0,1,FALSE,TRUE,FALSE,Francisella tularensis,matched_pathogen_names,263,matched_taxids:clover
master_61,Leishmaniasis,Leishmaniasis,Leishmaniasis,Leishmaniasis,Leishmaniasis,,Leishmania,,1/2,E,FALSE,Sand flies (Phlebotomus/Lutzomyia),review,review_before_modelling,Analysis unit is still marked review; do not use as default modelling scope until resolved.,vectored,host_group_generalist,complex,sandfly_borne_parasite,yes,yes,include_reservoir_hosts_only,include_competent_vectors,host_and_vector,needs_review,"WHO/ECDC: Leishmania transmitted by female phlebotomine sand flies; about 70 animal species can be sources, so species-level review needed.",0,0,0,0,0,0,0,0,0,0,0,0,0,0,0,0,0,4,2,4,FALSE,FALSE,no_role_evidence_or_assignment,0,0,0,0,0,0,FALSE,conceptual_vectored_no_direct_vector_evidence,who_don_only,sdm_not_required_or_not_model_ready,scope_not_include,review_or_defer_scope,matched_primary_name,matched_primary_name,source_disease_name,Leishmaniasis,unmatched_no_evidence,,,unmatched_no_evidence,,,matched_primary_name,source_disease_name,Leishmaniasis,unmatched_no_evidence,,,,,,,,,,,,,,,,,disease_level_review,disease_or_syndrome_review,review_name_resolution,master_list_new_or_unmatched,E,,,,unknown,,Disease appears in the disease master list but has not yet been resolved to a curated pathogen analysis unit.,,61,,,,FALSE,FALSE,,manual_review,FALSE,0,0,0,0,0,0,0,0,0,0,0,0,0,0,4,FALSE,TRUE,FALSE,,unresolved_or_aggregate,,unresolved
master_62,Q fever,Q fever,Q fever,Q fever,Q fever,,Coxiella,,1/2,E,TRUE,Ticks; wildlife reservoir,yes,include,Included in current default modelling scope after transmission-rule review.,non_vectored,generalist,mixed,livestock_primary_non_vectored,yes,no,include_livestock_hosts,no_vector,livestock_host,reviewed,CDC/WOAH Q fever: goats/sheep/cattle and contaminated aerosols are primary for humans; ticks may maintain animal cycles but no default vector SDM.,0,0,0,0,0,0,0,0,0,0,0,0,0,0,61,61,11284,0,0,0,FALSE,FALSE,no_role_evidence_or_assignment,0,0,0,0,0,0,FALSE,not_expected_non_vectored,genbank_only,missing_required_host_sdm,missing_required_host_sdm,find_or_build_host_sdm,matched_primary_name,matched_primary_name,source_disease_name,Q fever,unmatched_no_evidence,,,matched_primary_name,source_disease_name,Q fever,unmatched_no_evidence,,,unmatched_no_evidence,,,,,,,,,,,,,,,,,disease_level_review,disease_or_syndrome_review,review_name_resolution,master_list_new_or_unmatched,E,,,,livestock_amplifier_flag_from_master_list,,Disease appears in the disease master list but has not yet been resolved to a curated pathogen analysis unit.,Livestock amplify environmental contamination,62,clover,coxiella burnetii,777,FALSE,FALSE,,default_clean,FALSE,0,0,0,0,0,0,0,0,0,0,0,0,0,0,0,TRUE,FALSE,FALSE,Coxiella burnetii,matched_pathogen_names,777,matched_taxids:clover
master_63,Schmallenberg,Schmallenberg,Schmallenberg,Schmallenberg,Schmallenberg,,Peribunyaviridae,,1,E,TRUE,Culicoides midges,yes,include,Included in current default modelling scope after transmission-rule review.,vectored,host_group_generalist,complex,livestock_amplified_vector_borne,yes,yes,include_livestock_hosts,include_competent_vectors,host_and_vector,reviewed,WOAH/Merck/AHDB: ruminant disease transmitted by Culicoides biting midges with in-utero effects.,0,0,0,0,0,0,0,0,0,0,0,0,0,0,18,18,509,0,0,0,FALSE,FALSE,no_role_evidence_or_assignment,0,0,0,0,0,0,FALSE,conceptual_vectored_no_direct_vector_evidence,genbank_only,missing_required_host_sdm,missing_direct_vector_evidence,curate_direct_vector_evidence,matched_primary_name,matched_primary_name,source_disease_name,Schmallenberg,unmatched_no_evidence,,,matched_primary_name,source_disease_name,Schmallenberg,unmatched_no_evidence,,,unmatched_no_evidence,,,,,,,,,,,,,,,,,disease_level_review,disease_or_syndrome_review,review_name_resolution,master_list_new_or_unmatched,E,,,,livestock_amplifier_flag_from_master_list,,Disease appears in the disease master list but has not yet been resolved to a curated pathogen analysis unit.,Recent European emergence,63,virion,orthobunyavirus schmallenbergense,159141; 159150; 3052437,FALSE,FALSE,ICTV/NCBI-style species name used in local VIRION taxonomy.,default_clean,FALSE,0,0,0,0,0,0,0,0,0,0,0,0,0,0,0,TRUE,FALSE,FALSE,Orthobunyavirus schmallenbergense,matched_pathogen_names,159141; 159150; 3052437,matched_taxids:virion
master_65,Sin Nombre,Sin Nombre,Sin Nombre,Sin Nombre,Sin Nombre,,Hantaviridae,,1/2,A,FALSE,Peromyscus maniculatus,yes,include,Included in current default modelling scope after transmission-rule review.,non_vectored,specialist,simple,rodent_reservoir_direct_or_environmental,yes,no,include_reservoir_hosts_only,no_vector,reservoir_host,reviewed,CDC/EID: deer mouse Peromyscus maniculatus reservoir; human infection via aerosolised rodent excreta; no vector.,0,0,0,0,0,0,0,0,0,0,0,0,0,0,2,2,302,0,0,0,FALSE,FALSE,no_role_evidence_or_assignment,0,0,0,0,0,0,FALSE,not_expected_non_vectored,genbank_only,missing_required_host_sdm,missing_required_host_sdm,find_or_build_host_sdm,matched_primary_name,unmatched_no_evidence,,,unmatched_no_evidence,,,matched_primary_name,source_disease_name,Sin Nombre,unmatched_no_evidence,,,unmatched_no_evidence,,,,,,,,,,,,,,,,,disease_level_review,disease_or_syndrome_review,review_name_resolution,master_list_new_or_unmatched,A,,,,unknown,,Disease appears in the disease master list but has not yet been resolved to a curated pathogen analysis unit.,23 Atlas points,65,virion,orthohantavirus sinnombreense,3052499; 44755,FALSE,FALSE,ICTV/NCBI-style species name used in local VIRION taxonomy.,default_clean,FALSE,0,0,0,0,0,0,0,0,0,0,0,0,0,0,0,TRUE,FALSE,FALSE,Orthohantavirus sinnombreense,matched_pathogen_names,3052499; 44755,matched_taxids:virion
master_66,Andes,Andes,Andes,Andes,Andes,,Hantaviridae,,2,A,FALSE,Oligoryzomys longicaudatus,yes,include,Included in current default modelling scope after transmission-rule review.,non_vectored,specialist,mixed,rodent_reservoir_direct_or_environmental,yes,no,include_reservoir_hosts_only,no_vector,reservoir_host,reviewed,UKHSA/CDC EID: Andes hantavirus acquired from wild rodents/excreta; limited human-to-human transmission documented.,0,0,0,0,0,0,0,0,0,0,0,0,0,0,8,8,530,0,0,0,FALSE,FALSE,no_role_evidence_or_assignment,0,0,0,0,0,0,FALSE,not_expected_non_vectored,genbank_only,missing_required_host_sdm,missing_required_host_sdm,find_or_build_host_sdm,matched_primary_name,matched_primary_name,source_disease_name,Andes,unmatched_no_evidence,,,matched_primary_name,source_disease_name,Andes,unmatched_no_evidence,,,unmatched_no_evidence,,,,,,,,,,,,,,,,,disease_level_review,disease_or_syndrome_review,review_name_resolution,master_list_new_or_unmatched,A,,,,unknown,,Disease appears in the disease master list but has not yet been resolved to a curated pathogen analysis unit.,13 points,66,virion,orthohantavirus andesense,1980456,FALSE,FALSE,ICTV/NCBI-style species name used in local VIRION taxonomy.,default_clean,FALSE,0,0,0,0,0,0,0,0,0,0,0,0,0,0,0,TRUE,FALSE,FALSE,Orthohantavirus andesense,matched_pathogen_names,1980456,matched_taxids:virion
master_67,Prospect Hill,Prospect Hill,Prospect Hill,Prospect Hill,Prospect Hill,,Hantaviridae,,2,A,FALSE,Microtus pennsylvanicus,yes,review_before_modelling,Transmission rule pass marked this row needs_review; use only after manual review.,non_vectored,specialist,simple,rodent_reservoir_direct_or_environmental,yes,no,include_reservoir_hosts_only,no_vector,reservoir_host,needs_review,"PubMed/reviews: Prospect Hill virus isolated/serology in meadow voles; human-disease relevance is unclear, so review before modelling.",0,0,0,0,0,0,0,0,0,0,0,0,0,0,1,1,2,0,0,0,FALSE,FALSE,no_role_evidence_or_assignment,0,0,0,0,0,0,FALSE,not_expected_non_vectored,genbank_only,sdm_not_required_or_not_model_ready,scope_not_include,review_or_defer_scope,matched_primary_name,matched_primary_name,source_disease_name,Prospect Hill,unmatched_no_evidence,,,matched_primary_name,source_disease_name,Prospect Hill,unmatched_no_evidence,,,unmatched_no_evidence,,,,,,,,,,,,,,,,,disease_level_review,disease_or_syndrome_review,review_name_resolution,master_list_new_or_unmatched,A,,,,unknown,,Disease appears in the disease master list but has not yet been resolved to a curated pathogen analysis unit.,6 points,67,virion,orthohantavirus prospectense,3052492,FALSE,FALSE,ICTV/NCBI-style species name used in local VIRION taxonomy.,default_clean,FALSE,0,0,0,0,0,0,0,0,0,0,0,0,0,0,0,TRUE,FALSE,FALSE,Orthohantavirus prospectense,matched_pathogen_names,3052492,matched_taxids:virion
master_68,Lee/Seoul variants,Lee/Seoul variants,Lee/Seoul variants,Lee/Seoul variants,Lee/Seoul variants,,Hantaviridae,,2,A,FALSE,Rattus/Apodemus,review,review_before_modelling,Analysis unit is still marked review; do not use as default modelling scope until resolved.,non_vectored,restricted,simple,rodent_reservoir_direct_or_environmental,yes,no,include_reservoir_hosts_only,no_vector,reservoir_host,needs_review,WHO/CDC: Seoul virus natural hosts are Norway and black rats; transmission via aerosolised urine/faeces/saliva; label aggregate needs review.,0,0,0,0,0,0,0,0,0,0,0,0,0,0,0,0,0,0,0,0,FALSE,FALSE,no_role_evidence_or_assignment,0,0,0,0,0,0,FALSE,not_expected_non_vectored,no_country_evidence,sdm_not_required_or_not_model_ready,scope_not_include,review_or_defer_scope,unmatched_no_evidence,unmatched_no_evidence,,,unmatched_no_evidence,,,unmatched_no_evidence,,,unmatched_no_evidence,,,unmatched_no_evidence,,,,,,,,,,,,,,,,,disease_level_review,disease_or_syndrome_review,review_name_resolution,master_list_new_or_unmatched,A,,,,unknown,,Disease appears in the disease master list but has not yet been resolved to a curated pathogen analysis unit.,9 points,68,,,,FALSE,FALSE,,manual_review,FALSE,0,0,0,0,0,0,0,0,0,0,0,0,0,0,0,FALSE,FALSE,FALSE,,unresolved_or_aggregate,,unresolved
master_69,Bayou,Bayou,Bayou,Bayou,Bayou,,Hantaviridae,,3,A,FALSE,Oryzomys palustris,yes,include,Included in current default modelling scope after transmission-rule review.,non_vectored,specialist,simple,rodent_reservoir_direct_or_environmental,yes,no,include_reservoir_hosts_only,no_vector,reservoir_host,reviewed,CDC EID: Bayou virus associated with rice rat Oryzomys palustris; human exposure through aerosolised rodent excreta.,0,0,0,0,0,0,0,0,0,0,0,0,0,0,2,2,15,0,0,0,FALSE,FALSE,no_role_evidence_or_assignment,0,0,0,0,0,0,FALSE,not_expected_non_vectored,genbank_only,missing_required_host_sdm,missing_required_host_sdm,find_or_build_host_sdm,matched_primary_name,matched_primary_name,source_disease_name,Bayou,unmatched_no_evidence,,,matched_primary_name,source_disease_name,Bayou,unmatched_no_evidence,,,unmatched_no_evidence,,,,,,,,,,,,,,,,,disease_level_review,disease_or_syndrome_review,review_name_resolution,master_list_new_or_unmatched,A,,,,unknown,,Disease appears in the disease master list but has not yet been resolved to a curated pathogen analysis unit.,3 points,69,virion,orthohantavirus bayoui,3052470,FALSE,FALSE,ICTV/NCBI-style species name used in local VIRION taxonomy.,default_clean,FALSE,0,0,0,0,0,0,0,0,0,0,0,0,0,0,0,TRUE,FALSE,FALSE,Orthohantavirus bayoui,matched_pathogen_names,3052470,matched_taxids:virion
master_72,Machupo,Machupo,Machupo,Machupo,Machupo,,Arenaviridae,,2,A,FALSE,Calomys callosus,yes,include,Included in current default modelling scope after transmission-rule review.,non_vectored,specialist,mixed,rodent_reservoir_direct_or_environmental,yes,no,include_reservoir_hosts_only,no_vector,reservoir_host,reviewed,CDC EID/UKHSA: Machupo/Bolivian HF reservoir Calomys callosus; human exposure to infected native rodents.,0,0,0,0,0,0,0,0,0,0,0,0,0,0,3,3,137,0,0,0,FALSE,FALSE,no_role_evidence_or_assignment,0,0,0,0,0,0,FALSE,not_expected_non_vectored,genbank_only,missing_required_host_sdm,missing_required_host_sdm,find_or_build_host_sdm,matched_primary_name,matched_primary_name,source_disease_name,Machupo,unmatched_no_evidence,,,matched_primary_name,source_disease_name,Machupo,unmatched_no_evidence,,,unmatched_no_evidence,,,,,,,,,,,,,,,,,disease_level_review,disease_or_syndrome_review,review_name_resolution,master_list_new_or_unmatched,A,,,,unknown,,Disease appears in the disease master list but has not yet been resolved to a curated pathogen analysis unit.,4 points,72,virion,mammarenavirus machupoense,3052317,FALSE,FALSE,ICTV/NCBI-style species name used in local VIRION taxonomy.,default_clean,FALSE,0,0,0,0,0,0,0,0,0,0,0,0,0,0,0,TRUE,FALSE,FALSE,Mammarenavirus machupoense,matched_pathogen_names,3052317,matched_taxids:virion
master_73,Guanarito,Guanarito,Guanarito,Guanarito,Guanarito,,Arenaviridae,,3,A,FALSE,Zygodontomys brevicauda,yes,include,Included in current default modelling scope after transmission-rule review.,non_vectored,restricted,simple,rodent_reservoir_direct_or_environmental,yes,no,include_reservoir_hosts_only,no_vector,reservoir_host,reviewed,CDC EID: Guanarito virus detected mainly in short-tailed cane mice Zygodontomys brevicauda; rodent arenavirus cycle.,0,0,0,0,0,0,0,0,0,0,0,0,0,0,3,3,131,0,0,0,FALSE,FALSE,no_role_evidence_or_assignment,0,0,0,0,0,0,FALSE,not_expected_non_vectored,genbank_only,missing_required_host_sdm,missing_required_host_sdm,find_or_build_host_sdm,matched_primary_name,matched_primary_name,source_disease_name,Guanarito,unmatched_no_evidence,,,matched_primary_name,source_disease_name,Guanarito,unmatched_no_evidence,,,unmatched_no_evidence,,,,,,,,,,,,,,,,,disease_level_review,disease_or_syndrome_review,review_name_resolution,master_list_new_or_unmatched,A,,,,unknown,,Disease appears in the disease master list but has not yet been resolved to a curated pathogen analysis unit.,2 points,73,virion,mammarenavirus guanaritoense,3052307,FALSE,FALSE,ICTV/NCBI-style species name used in local VIRION taxonomy.,default_clean,FALSE,0,0,0,0,0,0,0,0,0,0,0,0,0,0,0,TRUE,FALSE,FALSE,Mammarenavirus guanaritoense,matched_pathogen_names,3052307,matched_taxids:virion
master_76,Irkut,Irkut,Irkut,Irkut,Irkut,,Lyssaviridae,,3,B,FALSE,Murina leucogaster (bat),yes,review_before_modelling,Transmission rule pass marked this row needs_review; use only after manual review.,non_vectored,restricted,simple,bat_reservoir_spillover,yes,no,include_reservoir_hosts_only,no_vector,reservoir_host,needs_review,"Lyssavirus reviews: IRKV is bat-borne, isolated from Murina bats; fatal human spillover after bat bite reported; sparse data.",0,0,0,0,0,0,0,0,0,0,0,0,0,0,2,2,9,0,0,0,FALSE,FALSE,no_role_evidence_or_assignment,0,0,0,0,0,0,FALSE,not_expected_non_vectored,genbank_only,sdm_not_required_or_not_model_ready,scope_not_include,review_or_defer_scope,matched_primary_name,matched_primary_name,source_disease_name,Irkut,unmatched_no_evidence,,,matched_primary_name,source_disease_name,Irkut,unmatched_no_evidence,,,unmatched_no_evidence,,,,,,,,,,,,,,,,,disease_level_review,disease_or_syndrome_review,review_name_resolution,master_list_new_or_unmatched,B,,,,unknown,,Disease appears in the disease master list but has not yet been resolved to a curated pathogen analysis unit.,5 points,76,virion,lyssavirus irkut,249583,FALSE,FALSE,ICTV/NCBI-style species name used in local VIRION taxonomy.,default_clean,FALSE,0,0,0,0,0,0,0,0,0,0,0,0,0,0,0,TRUE,FALSE,FALSE,Lyssavirus irkut,matched_pathogen_names,249583,matched_taxids:virion
master_77,Bokeloh bat lyssavirus,Bokeloh bat lyssavirus,Bokeloh bat lyssavirus,Bokeloh bat lyssavirus,Bokeloh bat lyssavirus,,Lyssaviridae,,3,B,FALSE,Myotis nattereri,yes,review_before_modelling,Transmission rule pass marked this row needs_review; use only after manual review.,non_vectored,specialist,simple,bat_reservoir_spillover,yes,no,include_reservoir_hosts_only,no_vector,reservoir_host,needs_review,WHO Rabies Bulletin/CDC EID: BBLV isolated from Natterer's bats in Germany/France; human risk plausible but limited evidence.,0,0,0,0,0,0,0,0,0,0,0,0,0,0,3,3,7,0,0,0,FALSE,FALSE,no_role_evidence_or_assignment,0,0,0,0,0,0,FALSE,not_expected_non_vectored,genbank_only,sdm_not_required_or_not_model_ready,scope_not_include,review_or_defer_scope,matched_primary_name,matched_primary_name,source_disease_name,Bokeloh bat lyssavirus,unmatched_no_evidence,,,matched_primary_name,source_disease_name,Bokeloh bat lyssavirus,unmatched_no_evidence,,,unmatched_no_evidence,,,,,,,,,,,,,,,,,disease_level_review,disease_or_syndrome_review,review_name_resolution,master_list_new_or_unmatched,B,,,,unknown,,Disease appears in the disease master list but has not yet been resolved to a curated pathogen analysis unit.,2 points,77,virion,lyssavirus bokeloh,1072176,FALSE,FALSE,ICTV/NCBI-style species name used in local VIRION taxonomy.,default_clean,FALSE,0,0,0,0,0,0,0,0,0,0,0,0,0,0,0,TRUE,FALSE,FALSE,Lyssavirus bokeloh,matched_pathogen_names,1072176,matched_taxids:virion
master_78,Duvenhage,Duvenhage,Duvenhage,Duvenhage,Duvenhage,,Lyssaviridae,,3,B,FALSE,Insectivorous bats,yes,include,Included in current default modelling scope after transmission-rule review.,non_vectored,restricted,simple,bat_reservoir_spillover,yes,no,include_reservoir_hosts_only,no_vector,reservoir_host,reviewed,CDC EID/lyssavirus reviews: African bat lyssavirus with rare fatal human infections after bat contact; reservoir bat layer primary.,0,0,0,0,0,0,0,0,0,0,0,0,0,0,3,3,38,0,0,0,FALSE,FALSE,no_role_evidence_or_assignment,0,0,0,0,0,0,FALSE,not_expected_non_vectored,genbank_only,missing_required_host_sdm,missing_required_host_sdm,find_or_build_host_sdm,matched_primary_name,matched_primary_name,source_disease_name,Duvenhage,unmatched_no_evidence,,,matched_primary_name,source_disease_name,Duvenhage,unmatched_no_evidence,,,unmatched_no_evidence,,,,,,,,,,,,,,,,,disease_level_review,disease_or_syndrome_review,review_name_resolution,master_list_new_or_unmatched,B,,,,unknown,,Disease appears in the disease master list but has not yet been resolved to a curated pathogen analysis unit.,1 point,78,virion,lyssavirus duvenhage,38767,FALSE,FALSE,ICTV/NCBI-style species name used in local VIRION taxonomy.,default_clean,FALSE,0,0,0,0,0,0,0,0,0,0,0,0,0,0,0,TRUE,FALSE,FALSE,Lyssavirus duvenhage,matched_pathogen_names,38767,matched_taxids:virion
master_79,Australian bat lyssavirus,Australian bat lyssavirus,Australian bat lyssavirus,Australian bat lyssavirus,Australian bat lyssavirus,,Lyssaviridae,,3,B,FALSE,Pteropus/Saccolaimus,yes,include,Included in current default modelling scope after transmission-rule review.,non_vectored,restricted,simple,bat_reservoir_spillover,yes,no,include_reservoir_hosts_only,no_vector,reservoir_host,reviewed,NSW Health/Wildlife Health Australia: Australian bats are natural reservoirs; human cases after bites/scratches.,0,0,0,0,0,0,0,0,0,0,0,0,0,0,1,1,46,0,0,0,FALSE,FALSE,no_role_evidence_or_assignment,0,0,0,0,0,0,FALSE,not_expected_non_vectored,genbank_only,missing_required_host_sdm,missing_required_host_sdm,find_or_build_host_sdm,matched_primary_name,matched_primary_name,source_disease_name,Australian bat lyssavirus,unmatched_no_evidence,,,matched_primary_name,source_disease_name,Australian bat lyssavirus,unmatched_no_evidence,,,unmatched_no_evidence,,,,,,,,,,,,,,,,,disease_level_review,disease_or_syndrome_review,review_name_resolution,master_list_new_or_unmatched,B,,,,unknown,,Disease appears in the disease master list but has not yet been resolved to a curated pathogen analysis unit.,1 point,79,virion,lyssavirus australis,90961,FALSE,FALSE,ICTV/NCBI-style species name used in local VIRION taxonomy.,default_clean,FALSE,0,0,0,0,0,0,0,0,0,0,0,0,0,0,0,TRUE,FALSE,FALSE,Lyssavirus australis,matched_pathogen_names,90961,matched_taxids:virion
master_81,Alkhurma,Alkhurma,Alkhurma,Alkhurma,Alkhurma,,Flaviviridae,,2,E,FALSE,Ornithodoros/Hyalomma ticks,yes,review_before_modelling,Transmission rule pass marked this row needs_review; use only after manual review.,mixed_or_indirect,restricted,mixed,tick_borne_pathogen,optional,yes,include_livestock_hosts,include_known_vectors_review,mixed,needs_review,"CDC/EID Alkhurma: risk from tick bites and camel/livestock contact; reservoir and route evidence remain incomplete, so mixed layer needs review.",0,0,0,0,0,0,0,0,0,0,0,0,0,0,2,2,76,0,0,0,FALSE,FALSE,no_role_evidence_or_assignment,0,0,0,0,0,0,FALSE,mixed_or_uncertain_review,genbank_only,sdm_not_required_or_not_model_ready,scope_not_include,review_or_defer_scope,matched_primary_name,matched_primary_name,source_disease_name,Alkhurma,unmatched_no_evidence,,,matched_primary_name,source_disease_name,Alkhurma,unmatched_no_evidence,,,unmatched_no_evidence,,,,,,,,,,,,,,,,,disease_level_review,disease_or_syndrome_review,review_name_resolution,master_list_new_or_unmatched,E,,,,unknown,,Disease appears in the disease master list but has not yet been resolved to a curated pathogen analysis unit.,8 points,81,virion,orthoflavivirus kyasanurense,3048170; 33743,TRUE,TRUE,Taxonomic species shared with Kyasanur Forest disease virus; do not treat this as Alkhumra-specific host evidence without review.,shared_species_proxy_review,FALSE,0,0,0,0,0,0,0,0,0,0,0,0,0,0,0,TRUE,FALSE,FALSE,Orthoflavivirus kyasanurense,matched_pathogen_names,3048170; 33743,matched_taxids:virion
master_82,Kyasanur Forest disease,Kyasanur Forest disease,Kyasanur Forest disease,Kyasanur Forest disease,Kyasanur Forest disease,,Flaviviridae,,3,E,FALSE,Haemaphysalis ticks,yes,include,Included in current default modelling scope after transmission-rule review.,vectored,host_group_generalist,mixed,tick_borne_pathogen,optional,yes,include_reservoir_hosts_only,include_competent_vectors,host_and_vector,reviewed,"CDC/CEH KFD: Haemaphysalis tick-borne; rodents/shrews/monkeys involved and animal contact routes minor, so host+vector rule retained.",0,0,0,0,0,0,0,0,0,0,0,0,0,0,4,4,294,0,0,0,FALSE,FALSE,no_role_evidence_or_assignment,0,0,0,0,0,0,FALSE,conceptual_vectored_no_direct_vector_evidence,genbank_only,missing_required_vector_sdm,missing_direct_vector_evidence,curate_direct_vector_evidence,matched_primary_name,matched_primary_name,source_disease_name,Kyasanur Forest disease,unmatched_no_evidence,,,matched_primary_name,source_disease_name,Kyasanur Forest disease,unmatched_no_evidence,,,unmatched_no_evidence,,,,,,,,,,,,,,,,,disease_level_review,disease_or_syndrome_review,review_name_resolution,master_list_new_or_unmatched,E,,,,unknown,,Disease appears in the disease master list but has not yet been resolved to a curated pathogen analysis unit.,3 points,82,virion,orthoflavivirus kyasanurense,3048170; 33743,FALSE,FALSE,ICTV/NCBI-style species name used in local VIRION taxonomy.,default_clean,FALSE,0,0,0,0,0,0,0,0,0,0,0,0,0,0,0,TRUE,FALSE,FALSE,Orthoflavivirus kyasanurense,matched_pathogen_names,3048170; 33743,matched_taxids:virion
master_83,Omsk HF,Omsk HF,Omsk HF,Omsk HF,Omsk HF,,Flaviviridae,,3,E,FALSE,Dermacentor ticks; muskrat,yes,include,Included in current default modelling scope after transmission-rule review.,vectored,restricted,mixed,tick_borne_pathogen,yes,yes,include_reservoir_hosts_only,include_competent_vectors,host_and_vector,reviewed,CDC OHF: tick-borne with additional exposure from infected rodents such as muskrats/water voles; retain host+vector processing.,0,0,0,0,0,0,0,0,0,0,0,0,0,0,1,1,122,0,0,0,FALSE,FALSE,no_role_evidence_or_assignment,0,0,0,0,0,0,FALSE,conceptual_vectored_no_direct_vector_evidence,genbank_only,missing_required_host_sdm,missing_direct_vector_evidence,curate_direct_vector_evidence,matched_primary_name,matched_primary_name,source_disease_name,Omsk HF,unmatched_no_evidence,,,matched_primary_name,source_disease_name,Omsk HF,unmatched_no_evidence,,,unmatched_no_evidence,,,,,,,,,,,,,,,,,disease_level_review,disease_or_syndrome_review,review_name_resolution,master_list_new_or_unmatched,E,,,,unknown,,Disease appears in the disease master list but has not yet been resolved to a curated pathogen analysis unit.,4 points,83,virion,orthoflavivirus omskense,12542; 3048233,FALSE,FALSE,ICTV/NCBI-style species name used in local VIRION taxonomy.,default_clean,FALSE,0,0,0,0,0,0,0,0,0,0,0,0,0,0,0,TRUE,FALSE,FALSE,Orthoflavivirus omskense,matched_pathogen_names,12542; 3048233,matched_taxids:virion
master_84,Colorado tick fever,Colorado tick fever,Colorado tick fever,Colorado tick fever,Colorado tick fever,,Reoviridae,,2,E,FALSE,Dermacentor andersoni,yes,include,Included in current default modelling scope after transmission-rule review.,vectored,restricted,complex,tick_borne_pathogen,optional,yes,include_reservoir_hosts_only,vector_sdm_primary_limiter,vector,reviewed,"CDC: D. andersoni tick; virus circulates between ticks and small rodents such as squirrels, chipmunks and mice.",0,0,0,0,0,0,0,0,0,0,0,0,0,0,2,2,371,0,0,0,FALSE,FALSE,no_role_evidence_or_assignment,0,0,0,0,0,0,FALSE,conceptual_vectored_no_direct_vector_evidence,genbank_only,missing_required_vector_sdm,missing_direct_vector_evidence,curate_direct_vector_evidence,matched_primary_name,matched_primary_name,source_disease_name,Colorado tick fever,unmatched_no_evidence,,,matched_primary_name,source_disease_name,Colorado tick fever,unmatched_no_evidence,,,unmatched_no_evidence,,,,,,,,,,,,,,,,,disease_level_review,disease_or_syndrome_review,review_name_resolution,master_list_new_or_unmatched,E,,,,unknown,,Disease appears in the disease master list but has not yet been resolved to a curated pathogen analysis unit.,14 points,84,virion,coltivirus dermacentoris,2748762; 3428066,FALSE,FALSE,ICTV/NCBI-style species name used in local VIRION taxonomy.,default_clean,FALSE,0,0,0,0,0,0,0,0,0,0,0,0,0,0,0,TRUE,FALSE,FALSE,Coltivirus dermacentoris,matched_pathogen_names,2748762; 3428066,matched_taxids:virion
master_85,Babesia microti,Babesia microti,Babesia microti,Babesia microti,Babesia microti,,Babesia,,2,E,FALSE,Ixodes ticks,yes,include,Included in current default modelling scope after transmission-rule review.,vectored,restricted,complex,tick_borne_pathogen,yes,yes,include_reservoir_hosts_only,include_competent_vectors,host_and_vector,reviewed,CDC/CDC EID: B. microti transmitted by Ixodes; white-footed mouse is key competent reservoir in North America.,0,0,0,0,0,0,0,0,0,0,0,0,0,0,49,49,1168,0,0,0,FALSE,FALSE,no_role_evidence_or_assignment,0,0,0,0,0,0,FALSE,conceptual_vectored_no_direct_vector_evidence,genbank_only,missing_required_host_sdm,missing_direct_vector_evidence,curate_direct_vector_evidence,matched_primary_name,matched_primary_name,source_disease_name,Babesia microti,unmatched_no_evidence,,,matched_primary_name,source_disease_name,Babesia microti,unmatched_no_evidence,,,unmatched_no_evidence,,,,,,,,,,,,,,,,,disease_level_review,disease_or_syndrome_review,review_name_resolution,master_list_new_or_unmatched,E,,,,unknown,,Disease appears in the disease master list but has not yet been resolved to a curated pathogen analysis unit.,9 points,85,clover,babesia microti,5868,FALSE,FALSE,,default_clean,FALSE,0,0,0,0,0,0,0,0,0,0,0,0,0,0,0,TRUE,FALSE,FALSE,Babesia microti,matched_pathogen_names,5868,matched_taxids:clover
master_86,Ehrlichia chaffeensis,Ehrlichia chaffeensis,Ehrlichia chaffeensis,Ehrlichia chaffeensis,Ehrlichia chaffeensis,,Ehrlichia,,2,E,FALSE,Amblyomma americanum,yes,include,Included in current default modelling scope after transmission-rule review.,vectored,restricted,complex,tick_borne_pathogen,yes,yes,include_reservoir_hosts_only,include_competent_vectors,host_and_vector,reviewed,CDC EID/PubMed: lone star tick vector; white-tailed deer known reservoir host for E. chaffeensis.,0,0,0,0,0,0,0,0,0,0,0,0,0,0,18,18,231,0,0,0,FALSE,FALSE,no_role_evidence_or_assignment,0,0,0,0,0,0,FALSE,conceptual_vectored_no_direct_vector_evidence,genbank_only,missing_required_host_sdm,missing_direct_vector_evidence,curate_direct_vector_evidence,matched_primary_name,matched_primary_name,source_disease_name,Ehrlichia chaffeensis,unmatched_no_evidence,,,matched_primary_name,source_disease_name,Ehrlichia chaffeensis,unmatched_no_evidence,,,unmatched_no_evidence,,,,,,,,,,,,,,,,,disease_level_review,disease_or_syndrome_review,review_name_resolution,master_list_new_or_unmatched,E,,,,unknown,,Disease appears in the disease master list but has not yet been resolved to a curated pathogen analysis unit.,13 points,86,clover,ehrlichia chaffeensis,945,FALSE,FALSE,,default_clean,FALSE,0,0,0,0,0,0,0,0,0,0,0,0,0,0,0,TRUE,FALSE,FALSE,Ehrlichia chaffeensis,matched_pathogen_names,945,matched_taxids:clover
master_87,Rickettsia conorii indica,Rickettsia conorii indica,Rickettsia conorii indica,Rickettsia conorii indica,Rickettsia conorii indica,,Rickettsia,,2,E,FALSE,Rhipicephalus ticks,yes,review_before_modelling,Transmission rule pass marked this row needs_review; use only after manual review.,vectored,restricted,complex,tick_borne_pathogen,optional,yes,include_reservoir_hosts_only,include_known_vectors_review,host_and_vector,needs_review,"CDC EID/Yellow Book: Indian tick typhus is tick-borne R. conorii indica; likely brown-dog-tick cycle, but host/vector evidence sparse.",0,0,0,0,0,0,0,0,0,0,0,0,0,0,3,3,26,0,0,0,FALSE,FALSE,no_role_evidence_or_assignment,0,0,0,0,0,0,FALSE,conceptual_vectored_no_direct_vector_evidence,genbank_only,sdm_not_required_or_not_model_ready,scope_not_include,review_or_defer_scope,matched_primary_name,matched_primary_name,source_disease_name,Rickettsia conorii indica,unmatched_no_evidence,,,matched_primary_name,source_disease_name,Rickettsia conorii indica,unmatched_no_evidence,,,unmatched_no_evidence,,,,,,,,,,,,,,,,,disease_level_review,disease_or_syndrome_review,review_name_resolution,master_list_new_or_unmatched,E,,,,unknown,,Disease appears in the disease master list but has not yet been resolved to a curated pathogen analysis unit.,19 points,87,clover,rickettsia conorii,781,TRUE,FALSE,CLOVER local match is at parent species level.,match_review,FALSE,0,0,0,0,0,0,0,0,0,0,0,0,0,0,0,TRUE,FALSE,FALSE,Rickettsia conorii,matched_pathogen_names,781,matched_taxids:clover
master_89,Apeu,Apeu,Apeu,Apeu,Apeu,,Peribunyaviridae,,2,E,FALSE,Culex mosquitoes,review,review_before_modelling,Analysis unit is still marked review; do not use as default modelling scope until resolved.,vectored,uncertain,uncertain,mosquito_borne_arbovirus,uncertain,uncertain,uncertain_review,uncertain_review,not_model_ready,insufficient_evidence,"Orthobunyavirus reviews: Apeu/group C viruses are mosquito-associated, but competent vectors and reservoir hosts for this unit are poorly resolved.",0,0,0,0,0,0,0,0,0,0,0,0,0,0,0,0,0,0,0,0,FALSE,FALSE,no_role_evidence_or_assignment,0,0,0,0,0,0,FALSE,conceptual_vectored_no_direct_vector_evidence,no_country_evidence,sdm_not_required_or_not_model_ready,scope_not_include,review_or_defer_scope,unmatched_no_evidence,unmatched_no_evidence,,,unmatched_no_evidence,,,unmatched_no_evidence,,,unmatched_no_evidence,,,unmatched_no_evidence,,,,,,,,,,,,,,,,,disease_level_review,disease_or_syndrome_review,review_name_resolution,master_list_new_or_unmatched,E,,,,unknown,,Disease appears in the disease master list but has not yet been resolved to a curated pathogen analysis unit.,12 points,89,,,,FALSE,FALSE,,manual_review,FALSE,0,0,0,0,0,0,0,0,0,0,0,0,0,0,0,FALSE,FALSE,FALSE,,unresolved_or_aggregate,,unresolved
master_90,Barmah Forest,Barmah Forest,Barmah Forest,Barmah Forest,Barmah Forest,,Togaviridae,,2,E,FALSE,Culex/Aedes,hold,exclude_hold,Duplicate label of master_48 Barmah Forest virus; retain as alias only and exclude from default modelling scope.,vectored,host_group_generalist,complex,mosquito_borne_arbovirus,optional,yes,host_sdm_low_value_generalist,include_known_vectors_review,mixed,reviewed,Australian CDC/Healthdirect: mosquito-borne Barmah Forest virus; animal reservoirs likely marsupials; no direct animal-human spread without mosquitoes.,0,0,0,0,0,0,0,0,0,0,0,0,0,0,0,0,0,0,0,0,FALSE,FALSE,no_role_evidence_or_assignment,0,0,0,0,0,0,FALSE,conceptual_vectored_no_direct_vector_evidence,no_country_evidence,sdm_not_required_or_not_model_ready,scope_not_include,review_or_defer_scope,unmatched_no_evidence,unmatched_no_evidence,,,unmatched_no_evidence,,,unmatched_no_evidence,,,unmatched_no_evidence,,,unmatched_no_evidence,,,,,,,,,,,,,,,,,disease_level_review,disease_or_syndrome_review,review_name_resolution,master_list_new_or_unmatched,E,,,,unknown,,Disease appears in the disease master list but has not yet been resolved to a curated pathogen analysis unit.,5 points. Australia,90,,,,FALSE,FALSE,,hold,FALSE,0,0,0,0,0,0,0,0,0,0,0,0,0,0,0,FALSE,FALSE,FALSE,,unresolved_or_aggregate,,unresolved
master_91,Murray Valley encephalitis,Murray Valley encephalitis,Murray Valley encephalitis,Murray Valley encephalitis,Murray Valley encephalitis,,Flaviviridae,,2,E,FALSE,Culex annulirostris; waterbirds,yes,include,Included in current default modelling scope after transmission-rule review.,vectored,host_group_generalist,complex,mosquito_borne_arbovirus,optional,yes,host_sdm_low_value_generalist,vector_sdm_primary_limiter,vector,reviewed,Australian CDC: MVEV spread by mosquitoes after feeding on infected waterbirds; no person-to-person transmission.,0,0,0,0,0,0,0,0,0,0,0,0,0,0,3,3,321,0,0,0,FALSE,FALSE,no_role_evidence_or_assignment,0,0,0,0,0,0,FALSE,conceptual_vectored_no_direct_vector_evidence,genbank_only,missing_required_vector_sdm,missing_direct_vector_evidence,curate_direct_vector_evidence,matched_primary_name,matched_primary_name,source_disease_name,Murray Valley encephalitis,unmatched_no_evidence,,,matched_primary_name,source_disease_name,Murray Valley encephalitis,unmatched_no_evidence,,,unmatched_no_evidence,,,,,,,,,,,,,,,,,disease_level_review,disease_or_syndrome_review,review_name_resolution,master_list_new_or_unmatched,E,,,,unknown,,Disease appears in the disease master list but has not yet been resolved to a curated pathogen analysis unit.,5 points,91,virion,orthoflavivirus murrayense,11079; 3048215,FALSE,FALSE,ICTV/NCBI-style species name used in local VIRION taxonomy.,default_clean,FALSE,0,0,0,0,0,0,0,0,0,0,0,0,0,0,0,TRUE,FALSE,FALSE,Orthoflavivirus murrayense,matched_pathogen_names,11079; 3048215,matched_taxids:virion
master_92,Rocio,Rocio,Rocio,Rocio,Rocio,,Flaviviridae,,3,E,FALSE,Psorophora/Aedes,yes,review_before_modelling,Transmission rule pass marked insufficient_evidence; not model-ready by default.,vectored,uncertain,complex,mosquito_borne_arbovirus,uncertain,uncertain,uncertain_review,uncertain_review,not_model_ready,insufficient_evidence,"Rocio reviews: mosquito-borne flavivirus, but enzootic hosts/vectors remain insufficiently defined for default SDM processing.",0,0,0,0,0,0,0,0,0,0,0,0,0,0,1,1,12,0,0,0,FALSE,FALSE,no_role_evidence_or_assignment,0,0,0,0,0,0,FALSE,conceptual_vectored_no_direct_vector_evidence,genbank_only,sdm_not_required_or_not_model_ready,scope_not_include,review_or_defer_scope,matched_primary_name,matched_primary_name,source_disease_name,Rocio,unmatched_no_evidence,,,matched_primary_name,source_disease_name,Rocio,unmatched_no_evidence,,,unmatched_no_evidence,,,,,,,,,,,,,,,,,disease_level_review,disease_or_syndrome_review,review_name_resolution,master_list_new_or_unmatched,E,,,,unknown,,Disease appears in the disease master list but has not yet been resolved to a curated pathogen analysis unit.,4 points,92,virion,orthoflavivirus ilheusense,3052466; 59563,TRUE,TRUE,Taxonomic species shared with Ilheus virus; do not treat this as Rocio-specific host evidence without review.; Local CLOVER match at the Ilheus virus/species proxy level; do not treat this as Rocio-specific host evidence without review.,shared_species_proxy_review,FALSE,0,0,0,0,0,0,0,0,0,0,0,0,0,0,0,TRUE,FALSE,FALSE,Orthoflavivirus ilheusense,matched_pathogen_names,3052466; 59563,matched_taxids:virion
master_93,Everglades,Everglades,Everglades,Everglades,Everglades,,Togaviridae,,3,E,FALSE,Culex; rodents,yes,review_before_modelling,Transmission rule pass marked this row needs_review; use only after manual review.,vectored,restricted,complex,mosquito_borne_arbovirus,yes,yes,include_reservoir_hosts_only,include_competent_vectors,host_and_vector,needs_review,"EVEV review/Frontiers: Culex cedecei confirmed vector; sylvatic rodent cycle in Florida Everglades, underrecognised disease.",0,0,0,0,0,0,0,0,0,0,0,0,0,0,1,1,17,0,0,0,FALSE,FALSE,no_role_evidence_or_assignment,0,0,0,0,0,0,FALSE,conceptual_vectored_no_direct_vector_evidence,genbank_only,sdm_not_required_or_not_model_ready,scope_not_include,review_or_defer_scope,matched_primary_name,matched_primary_name,source_disease_name,Everglades,unmatched_no_evidence,,,matched_primary_name,source_disease_name,Everglades,unmatched_no_evidence,,,unmatched_no_evidence,,,,,,,,,,,,,,,,,disease_level_review,disease_or_syndrome_review,review_name_resolution,master_list_new_or_unmatched,E,,,,unknown,,Disease appears in the disease master list but has not yet been resolved to a curated pathogen analysis unit.,1 point,93,virion,alphavirus everglades,2083198,FALSE,FALSE,ICTV/NCBI-style species name used in local VIRION taxonomy.,default_clean,FALSE,0,0,0,0,0,0,0,0,0,0,0,0,0,0,0,TRUE,FALSE,FALSE,Alphavirus everglades,matched_pathogen_names,2083198,matched_taxids:virion
master_95,Baylisascaris procyonis,Baylisascaris procyonis,Baylisascaris procyonis,Baylisascaris procyonis,Baylisascaris procyonis,,Nematoda,,2,B,FALSE,Procyon lotor (raccoon),yes,include,Included in current default modelling scope after transmission-rule review.,non_vectored,specialist,complex,environmental_spore_or_soil,yes,no,include_reservoir_hosts_only,no_vector,mixed,reviewed,CDC Baylisascaris: raccoon roundworm eggs shed in faeces become infective in soil/objects; combine raccoon reservoir and environmental exposure.,0,0,0,0,0,0,0,0,0,0,0,0,0,0,14,14,166,0,0,0,FALSE,FALSE,no_role_evidence_or_assignment,0,0,0,0,0,0,FALSE,not_expected_non_vectored,genbank_only,missing_required_host_sdm,missing_required_host_sdm,find_or_build_host_sdm,matched_primary_name,matched_primary_name,source_disease_name,Baylisascaris procyonis,unmatched_no_evidence,,,matched_primary_name,source_disease_name,Baylisascaris procyonis,unmatched_no_evidence,,,unmatched_no_evidence,,,,,,,,,,,,,,,,,disease_level_review,disease_or_syndrome_review,review_name_resolution,master_list_new_or_unmatched,B,,,,unknown,,Disease appears in the disease master list but has not yet been resolved to a curated pathogen analysis unit.,11 points,95,clover,baylisascaris procyonis,6259,FALSE,FALSE,,default_clean,FALSE,0,0,0,0,0,0,0,0,0,0,0,0,0,0,0,TRUE,FALSE,FALSE,Baylisascaris procyonis,matched_pathogen_names,6259,matched_taxids:clover
master_96,Leishmania aethiopica,Leishmania aethiopica,Leishmania aethiopica,Leishmania aethiopica,Leishmania aethiopica,,Leishmania,,2,E,FALSE,Phlebotomus; rock hyrax,yes,include,Included in current default modelling scope after transmission-rule review.,vectored,restricted,complex,sandfly_borne_parasite,yes,yes,include_reservoir_hosts_only,include_competent_vectors,host_and_vector,reviewed,Ethiopia studies/reviews: L. aethiopica transmitted by Phlebotomus longipes/pedifer; rock/bush hyrax reservoirs.,0,0,0,0,0,0,0,0,0,0,0,0,0,0,3,3,87,0,0,0,FALSE,FALSE,no_role_evidence_or_assignment,0,0,0,0,0,0,FALSE,conceptual_vectored_no_direct_vector_evidence,genbank_only,missing_required_host_sdm,missing_direct_vector_evidence,curate_direct_vector_evidence,matched_primary_name,matched_primary_name,source_disease_name,Leishmania aethiopica,unmatched_no_evidence,,,matched_primary_name,source_disease_name,Leishmania aethiopica,unmatched_no_evidence,,,unmatched_no_evidence,,,,,,,,,,,,,,,,,disease_level_review,disease_or_syndrome_review,review_name_resolution,master_list_new_or_unmatched,E,,,,unknown,,Disease appears in the disease master list but has not yet been resolved to a curated pathogen analysis unit.,10 points,96,clover,leishmania aethiopica,5667,FALSE,FALSE,,default_clean,FALSE,0,0,0,0,0,0,0,0,0,0,0,0,0,0,0,TRUE,FALSE,FALSE,Leishmania aethiopica,matched_pathogen_names,5667,matched_taxids:clover
master_97,Borrelia hermsii,Borrelia hermsii,Borrelia hermsii,Borrelia hermsii,Borrelia hermsii,,Borrelia,,2,E,FALSE,Ornithodoros ticks; rodents,yes,include,Included in current default modelling scope after transmission-rule review.,vectored,restricted,complex,tick_borne_pathogen,yes,yes,include_reservoir_hosts_only,include_competent_vectors,host_and_vector,reviewed,CDC/EID: soft tick relapsing fever; B. hermsii is rodent-associated and transmitted by Ornithodoros hermsi.,0,0,0,0,0,0,0,0,0,0,0,0,0,0,2,2,535,0,0,0,FALSE,FALSE,no_role_evidence_or_assignment,0,0,0,0,0,0,FALSE,conceptual_vectored_no_direct_vector_evidence,genbank_only,missing_required_host_sdm,missing_direct_vector_evidence,curate_direct_vector_evidence,matched_primary_name,matched_primary_name,source_disease_name,Borrelia hermsii,unmatched_no_evidence,,,matched_primary_name,source_disease_name,Borrelia hermsii,unmatched_no_evidence,,,unmatched_no_evidence,,,,,,,,,,,,,,,,,disease_level_review,disease_or_syndrome_review,review_name_resolution,master_list_new_or_unmatched,E,,,,unknown,,Disease appears in the disease master list but has not yet been resolved to a curated pathogen analysis unit.,8 points. Relapsing fever,97,clover,borrelia hermsii,140,FALSE,FALSE,,default_clean,FALSE,0,0,0,0,0,0,0,0,0,0,0,0,0,0,0,TRUE,FALSE,FALSE,Borrelia hermsii,matched_pathogen_names,140,matched_taxids:clover
master_98,Menangle,Menangle,Menangle,Menangle,Menangle,,Paramyxoviridae,,3,B,FALSE,Pteropus bats,yes,review_before_modelling,Transmission rule pass marked this row needs_review; use only after manual review.,non_vectored,restricted,mixed,bat_reservoir_spillover,yes,no,include_reservoir_and_amplifying_hosts,no_vector,mixed,needs_review,JGV/CFSPH/SHIC Menangle: Pteropus bats are reservoir/source and pigs can transmit experimentally; rare human infections followed pig exposure.,0,0,0,0,0,0,0,0,0,0,0,0,0,0,1,1,3,0,0,0,FALSE,FALSE,no_role_evidence_or_assignment,0,0,0,0,0,0,FALSE,not_expected_non_vectored,genbank_only,sdm_not_required_or_not_model_ready,scope_not_include,review_or_defer_scope,matched_primary_name,matched_primary_name,source_disease_name,Menangle,unmatched_no_evidence,,,matched_primary_name,source_disease_name,Menangle,unmatched_no_evidence,,,unmatched_no_evidence,,,,,,,,,,,,,,,,,disease_level_review,disease_or_syndrome_review,review_name_resolution,master_list_new_or_unmatched,B,,,,unknown,,Disease appears in the disease master list but has not yet been resolved to a curated pathogen analysis unit.,1 point,98,virion,pararubulavirus menangleense,3052599,FALSE,FALSE,ICTV/NCBI-style species name used in local VIRION taxonomy.,default_clean,FALSE,0,0,0,0,0,0,0,0,0,0,0,0,0,0,0,TRUE,FALSE,FALSE,Pararubulavirus menangleense,matched_pathogen_names,3052599,matched_taxids:virion
who_18,Influenza (H7N9 avian influenza),Influenza (H7N9 avian influenza),,Alphainfluenzavirus influenzae (H7N9),Influenza A (H7N9),manual_addition,Orthomyxoviridae,priority,,,,,yes_existing_who,include,Included in current default modelling scope after transmission-rule review.,non_vectored,host_group_generalist,mixed,avian_reservoir_non_vectored,yes,no,include_livestock_hosts,no_vector,livestock_host,reviewed,WHO/ECDC: human H7N9 cases linked mainly to live poultry/contaminated market environments; sustained human transmission not reported.,0,538,0,0,0,0,0,0,0,0,0,0,0,0,20,20,16128,4,3,3,FALSE,FALSE,no_role_evidence_or_assignment,80,0,1,0,0,0,FALSE,not_expected_non_vectored,who_don_and_genbank,required_sdms_available,missing_role_evidence,curate_role_evidence,matched_primary_name,matched_primary_name,source_disease_name,Influenza (H7N9 avian influenza),unmatched_no_evidence,,,matched_primary_name,source_disease_name,Influenza (H7N9 avian influenza),matched_alternate_name,analysis_unit_label,Influenza A(H7N9),matched_primary_name,source_disease_name,Influenza (H7N9 avian influenza),High,Alphainfluenzavirus influenzae (H7N9),Influenza A,Alphainfluenzavirus influenzae,TRUE,FALSE,FALSE,FALSE,none,none,none,none,none,none,subtype_level,subtype,keep,manual_addition_from_decision_framework,host_linked_non_vector,yes,yes_or_expected_from_source,not_central_or_unknown,unknown,,Added as an active influenza analysis unit following the decision to keep H5N1 and add H7N9 while dropping the other current influenza subtype rows.,Manual addition requested in the decision framework even though H7N9 is not present as a source row in the current WHO zoonotic shortlist.,,,,,FALSE,FALSE,,who_only_needs_master_match,TRUE,0,0,0,0,0,0,0,0,0,0,0,0,0,0,4,TRUE,TRUE,FALSE,Alphainfluenzavirus influenzae,source_msl39_viral_name,11320; 2955291,virion_taxid:matched_virus_name; virion_taxid:msl39_viral_name; virion_taxid:Virion_VirusName
who_37,Sudan virus disease (Ebola virus disease),Sudan virus disease (Ebola virus disease),,Orthoebolavirus sudanense,Sudan ebolavirus,source_row,Filoviridae,priority,,,,,yes_existing_who,defer_broad_or_aggregate_unit,Deferred from the pilot handoff because current VIRION/CLOVER-derived host evidence only resolves Homo sapiens and does not provide species-level reservoir SDM targets.,non_vectored,restricted,complex,bat_reservoir_spillover,optional,no,include_reservoir_hosts_only,no_vector,mixed,reviewed,WHO/GOV.UK/Sabin: Sudan ebolavirus transmitted from infected animals including fruit bats and by human bodily fluids; reservoir evidence limited.,1,1,0,2,1,0,0,0,0,0,0,0,0,0,4,4,150,11,2,7,TRUE,FALSE,reviewed_assignment_present,0,0,0,0,0,0,FALSE,not_expected_non_vectored,who_don_and_genbank,sdm_not_required_or_not_model_ready,scope_not_include,review_or_defer_scope,matched_primary_name,matched_primary_name,source_disease_name,Sudan virus disease (Ebola virus disease),unmatched_no_evidence,,,matched_primary_name,source_disease_name,Sudan virus disease (Ebola virus disease),matched_primary_name,source_disease_name,Sudan virus disease (Ebola virus disease),matched_primary_name,source_disease_name,Sudan virus disease (Ebola virus disease),High,Orthoebolavirus sudanense,Sudan ebolavirus,Orthoebolavirus sudanense,TRUE,FALSE,TRUE,FALSE,priority,none,none,priority,none,none,specific_unit,species_or_equivalent,keep,specific_source_row,host_linked_non_vector,yes,yes_or_expected_from_source,not_central_or_unknown,unknown,,Specific zoonotic source row retained as the current analysis unit.,,,,,,FALSE,FALSE,,who_only_needs_master_match,TRUE,0,2,0,0,1,0,0,0,0,0,0,0,0,3,9,TRUE,TRUE,TRUE,Orthoebolavirus sudanense,source_msl39_viral_name,186540; 3052460,virion_taxid:matched_virus_name; virion_taxid:msl39_viral_name; virion_taxid:Pathogens; virion_taxid:Virion_VirusName
who_8,Hemorrhagic fever with renal syndrome (Hantaan virus),Hemorrhagic fever with renal syndrome (Hantaan virus),,Orthohantavirus hantanense,Hantaan orthohantavirus,source_row,Hantaviridae,priority,,,,,yes_existing_who,include,Included in current default modelling scope after transmission-rule review.,non_vectored,specialist,simple,rodent_reservoir_direct_or_environmental,yes,no,include_reservoir_hosts_only,no_vector,reservoir_host,reviewed,CDC/PMC: Hantaan virus/HFRS linked primarily to striped field mouse Apodemus agrarius; exposure to rodent excreta.,21,21,0,2,2,0,0,0,0,0,0,0,0,0,5,5,2064,0,0,0,TRUE,FALSE,reviewed_assignment_present,14,0,0,0,0,0,FALSE,not_expected_non_vectored,genbank_only,required_sdms_available,none,ready_for_model_spec_review,matched_primary_name,matched_primary_name,source_disease_name,Hemorrhagic fever with renal syndrome (Hantaan virus),unmatched_no_evidence,,,matched_primary_name,source_disease_name,Hemorrhagic fever with renal syndrome (Hantaan virus),unmatched_no_evidence,,,matched_primary_name,source_disease_name,Hemorrhagic fever with renal syndrome (Hantaan virus),High,Orthohantavirus hantanense,Hantaan orthohantavirus,Orthohantavirus hantanense,TRUE,FALSE,TRUE,FALSE,none,none,priority,none,none,priority,specific_unit,species_or_equivalent,keep,specific_source_row,host_linked_non_vector,yes,yes_or_expected_from_source,not_central_or_unknown,unknown,,Specific zoonotic source row retained as the current analysis unit.,,,,,,FALSE,FALSE,,who_only_needs_master_match,TRUE,0,2,0,0,2,0,0,0,0,0,0,0,0,0,0,TRUE,FALSE,TRUE,Orthohantavirus hantanense,source_msl39_viral_name,3052480,virion_taxid:matched_virus_name; virion_taxid:msl39_viral_name; virion_taxid:Pathogens; virion_taxid:Virion_VirusName
who_30,Reovirus infection (usually mild),Reovirus infection (usually mild),,Orthoreovirus mammalis,Mammalian orthoreovirus,source_row,Spinareoviridae,prototype,,,,,review,defer_broad_or_aggregate_unit,Deferred from the pilot handoff because the broad mammalian host range does not define a useful host or vector SDM target.,non_vectored,generalist,uncertain,direct_or_environmental_non_vectored,no,no,host_sdm_low_value_generalist,no_vector,not_model_ready,reviewed,MRV reviews/CDC EID: mammalian orthoreoviruses infect broad mammals with respiratory/enteric links; range-defining host layer unclear.,0,0,0,0,0,0,0,0,0,0,0,0,0,0,25,25,2227,0,0,0,FALSE,FALSE,no_role_evidence_or_assignment,0,0,0,0,0,0,FALSE,not_expected_non_vectored,genbank_only,sdm_not_required_or_not_model_ready,scope_not_include,review_or_defer_scope,matched_primary_name,matched_primary_name,source_disease_name,Reovirus infection (usually mild),unmatched_no_evidence,,,matched_primary_name,source_disease_name,Reovirus infection (usually mild),unmatched_no_evidence,,,unmatched_no_evidence,,,Low,Orthoreovirus mammalis,Mammalian orthoreovirus,Orthoreovirus mammalis,FALSE,TRUE,FALSE,FALSE,prototype,prototype,prototype,prototype,prototype,prototype,broad_species_group,species_group,review_split_needed,mixed_species_group,host_linked_non_vector,yes,yes_or_expected_from_source,not_central_or_unknown,unknown,,Broad mixed-unit row kept for now but flagged as too coarse for final ecological analysis.,,,,,,FALSE,FALSE,,who_only_needs_master_match,TRUE,0,0,0,0,0,0,0,0,0,0,0,0,0,0,0,TRUE,FALSE,FALSE,Orthoreovirus mammalis,source_msl39_viral_name,,unresolved
who_27,Non-typhoidal salmonellosis,Non-typhoidal salmonellosis,,Salmonella enterica non typhoidal serovars,Salmonella enterica non typhoidal serovars,source_row,Bacteria,priority,,,,,review,defer_broad_or_aggregate_unit,Deferred from the pilot handoff because the main range-limiting layer is food/water or human exposure rather than a useful host or vector SDM target.,non_vectored,generalist,mixed,food_waterborne,optional,no,host_sdm_low_value_generalist,no_vector,human_exposure,reviewed,"WHO/CDC NTS: broad domestic/wild animal reservoir; human disease mainly foodborne or animal-contact, so host SDMs are low-value context layers.",0,0,0,0,0,0,0,0,0,0,0,0,0,0,0,0,0,0,0,0,FALSE,FALSE,no_role_evidence_or_assignment,0,0,0,0,0,0,FALSE,not_expected_non_vectored,no_country_evidence,sdm_not_required_or_not_model_ready,scope_not_include,review_or_defer_scope,unmatched_no_evidence,unmatched_no_evidence,,,unmatched_no_evidence,,,unmatched_no_evidence,,,unmatched_no_evidence,,,unmatched_no_evidence,,,High,Salmonella enterica non typhoidal serovars,,,TRUE,FALSE,FALSE,FALSE,priority,priority,priority,priority,priority,priority,broad_serovar_group,serovar_group,review_split_needed,broad_serovar_group,host_linked_non_vector,yes,yes_or_expected_from_source,not_central_or_unknown,unknown,,Broad serovar group kept for now but flagged as too coarse for final ecological analysis.,,,,,,FALSE,FALSE,,who_only_needs_master_match,TRUE,0,0,0,0,0,0,0,0,0,0,0,0,0,0,0,FALSE,FALSE,FALSE,Salmonella enterica non typhoidal serovars,source_pathogen,28901,clover_taxid:Pathogens
