disease_name,active_source_pathogens,network_pathogen,pathogen_tax_ids,host,host_tax_id,host_class,host_order,host_family,in_gibb_etal,in_empres_i,priority_prototype_status,active_scope_reason,network_pathogen_raw_examples,disease_name_raw_examples,detection_method_examples,main_source_examples,source_row_count,is_human,is_livestock_like,is_bird,is_rodent,is_bat,is_primate,host_role_candidate,candidate_basis,role_confidence,needs_manual_review,review_priority
Argentine hemorrhagic fever,Mammarenavirus juninense,Mammarenavirus juninense,2169991,Akodon azarae,29095,mammalia,rodentia,cricetidae,TRUE,FALSE,prototype,in_gibb_etal=TRUE; in_empres_i=FALSE; deferred_broad_vesiculovirus=FALSE,Mammarenavirus juninense,Argentine hemorrhagic fever,Isolation/Observation,VIRION,1,FALSE,FALSE,FALSE,TRUE,FALSE,FALSE,host_present_in_system,host appears in canonical WHO disease-pathogen-host backbone; role-specific reservoir/amplifier/incidental/dead-end evidence not assessed,low,TRUE,medium_ecology_triage
Argentine hemorrhagic fever,Mammarenavirus juninense,Mammarenavirus juninense,2169991,Calomys laucha,56211,mammalia,rodentia,cricetidae,TRUE,FALSE,prototype,in_gibb_etal=TRUE; in_empres_i=FALSE; deferred_broad_vesiculovirus=FALSE,Mammarenavirus juninense,Argentine hemorrhagic fever,Isolation/Observation; PCR/Sequencing,VIRION,1,FALSE,FALSE,FALSE,TRUE,FALSE,FALSE,host_present_in_system,host appears in canonical WHO disease-pathogen-host backbone; role-specific reservoir/amplifier/incidental/dead-end evidence not assessed,low,TRUE,medium_ecology_triage
Argentine hemorrhagic fever,Mammarenavirus juninense,Mammarenavirus juninense,2169991,Calomys musculinus,56212,mammalia,rodentia,cricetidae,TRUE,FALSE,prototype,in_gibb_etal=TRUE; in_empres_i=FALSE; deferred_broad_vesiculovirus=FALSE,Mammarenavirus juninense,Argentine hemorrhagic fever,Isolation/Observation; PCR/Sequencing,VIRION,1,FALSE,FALSE,FALSE,TRUE,FALSE,FALSE,host_present_in_system,host appears in canonical WHO disease-pathogen-host backbone; role-specific reservoir/amplifier/incidental/dead-end evidence not assessed,low,TRUE,medium_ecology_triage
Argentine hemorrhagic fever,Mammarenavirus juninense,Mammarenavirus juninense,2169991,Mus musculus,10090,mammalia,rodentia,muridae,TRUE,FALSE,prototype,in_gibb_etal=TRUE; in_empres_i=FALSE; deferred_broad_vesiculovirus=FALSE,Mammarenavirus juninense,Argentine hemorrhagic fever,Antibodies; Isolation/Observation,VIRION,1,FALSE,FALSE,FALSE,TRUE,FALSE,FALSE,host_present_in_system,host appears in canonical WHO disease-pathogen-host backbone; role-specific reservoir/amplifier/incidental/dead-end evidence not assessed,low,TRUE,medium_ecology_triage
Argentine hemorrhagic fever,Mammarenavirus juninense,Mammarenavirus juninense,2169991,Necromys obscurus,399317,mammalia,rodentia,cricetidae,TRUE,FALSE,prototype,in_gibb_etal=TRUE; in_empres_i=FALSE; deferred_broad_vesiculovirus=FALSE,Mammarenavirus juninense,Argentine hemorrhagic fever,Isolation/Observation,VIRION,1,FALSE,FALSE,FALSE,TRUE,FALSE,FALSE,host_present_in_system,host appears in canonical WHO disease-pathogen-host backbone; role-specific reservoir/amplifier/incidental/dead-end evidence not assessed,low,TRUE,medium_ecology_triage
Argentine hemorrhagic fever,Mammarenavirus juninense,Mammarenavirus juninense,2169991,Oligoryzomys flavescens,218824,mammalia,rodentia,cricetidae,TRUE,FALSE,prototype,in_gibb_etal=TRUE; in_empres_i=FALSE; deferred_broad_vesiculovirus=FALSE,Mammarenavirus juninense,Argentine hemorrhagic fever,Isolation/Observation; PCR/Sequencing,VIRION,1,FALSE,FALSE,FALSE,TRUE,FALSE,FALSE,host_present_in_system,host appears in canonical WHO disease-pathogen-host backbone; role-specific reservoir/amplifier/incidental/dead-end evidence not assessed,low,TRUE,medium_ecology_triage
Argentine hemorrhagic fever,Mammarenavirus juninense,Mammarenavirus juninense,2169991,Homo sapiens,9606,,,,TRUE,FALSE,prototype,in_gibb_etal=TRUE; in_empres_i=FALSE; deferred_broad_vesiculovirus=FALSE,Mammarenavirus juninense,Argentine hemorrhagic fever,Isolation/Observation; Not specified; PCR/Sequencing,VIRION,1,TRUE,FALSE,,,,,host_present_in_system,host appears in canonical WHO disease-pathogen-host backbone; role-specific reservoir/amplifier/incidental/dead-end evidence not assessed,low,TRUE,medium_human_triage
Argentine hemorrhagic fever,Mammarenavirus juninense,Mammarenavirus juninense,2169991,Calomys,160457,,,,TRUE,FALSE,prototype,in_gibb_etal=TRUE; in_empres_i=FALSE; deferred_broad_vesiculovirus=FALSE,Mammarenavirus juninense,Argentine hemorrhagic fever,PCR/Sequencing,VIRION,1,FALSE,FALSE,,,,,host_present_in_system,host appears in canonical WHO disease-pathogen-host backbone; role-specific reservoir/amplifier/incidental/dead-end evidence not assessed,low,TRUE,standard_review
Argentine hemorrhagic fever,Mammarenavirus juninense,Mammarenavirus juninense,2169991,galictis cuja,470561,,,,TRUE,FALSE,prototype,in_gibb_etal=TRUE; in_empres_i=FALSE; deferred_broad_vesiculovirus=FALSE,Mammarenavirus juninense,Argentine hemorrhagic fever,Antibodies,VIRION,1,FALSE,FALSE,,,,,host_present_in_system,host appears in canonical WHO disease-pathogen-host backbone; role-specific reservoir/amplifier/incidental/dead-end evidence not assessed,low,TRUE,standard_review
Argentine hemorrhagic fever,Mammarenavirus juninense,Mammarenavirus juninense,2169991,oxymycterus rufus,56230,,,,TRUE,FALSE,prototype,in_gibb_etal=TRUE; in_empres_i=FALSE; deferred_broad_vesiculovirus=FALSE,Mammarenavirus juninense,Argentine hemorrhagic fever,Antibodies,VIRION,1,FALSE,FALSE,,,,,host_present_in_system,host appears in canonical WHO disease-pathogen-host backbone; role-specific reservoir/amplifier/incidental/dead-end evidence not assessed,low,TRUE,standard_review
Chikungunya fever,Alphavirus chikungunya,Alphavirus chikungunya,37124,Passer luteus,58821,aves,passeriformes,passeridae,TRUE,FALSE,both,in_gibb_etal=TRUE; in_empres_i=FALSE; deferred_broad_vesiculovirus=FALSE,Alphavirus chikungunya,Chikungunya fever,Isolation/Observation,VIRION,1,FALSE,FALSE,TRUE,FALSE,FALSE,FALSE,host_present_in_system,host appears in canonical WHO disease-pathogen-host backbone; role-specific reservoir/amplifier/incidental/dead-end evidence not assessed,low,TRUE,medium_ecology_triage
Chikungunya fever,Alphavirus chikungunya,Alphavirus chikungunya,3426298,Artibeus jamaicensis,9417,mammalia,chiroptera,phyllostomidae,TRUE,FALSE,both,in_gibb_etal=TRUE; in_empres_i=FALSE; deferred_broad_vesiculovirus=FALSE,Alphavirus chikungunya,Chikungunya fever,PCR/Sequencing,VIRION,1,FALSE,FALSE,FALSE,FALSE,TRUE,FALSE,host_present_in_system,host appears in canonical WHO disease-pathogen-host backbone; role-specific reservoir/amplifier/incidental/dead-end evidence not assessed,low,TRUE,medium_ecology_triage
Chikungunya fever,Alphavirus chikungunya,Alphavirus chikungunya,3426298,Dermanura phaeotis,40229,mammalia,chiroptera,phyllostomidae,TRUE,FALSE,both,in_gibb_etal=TRUE; in_empres_i=FALSE; deferred_broad_vesiculovirus=FALSE,Alphavirus chikungunya,Chikungunya fever,PCR/Sequencing,VIRION,1,FALSE,FALSE,FALSE,FALSE,TRUE,FALSE,host_present_in_system,host appears in canonical WHO disease-pathogen-host backbone; role-specific reservoir/amplifier/incidental/dead-end evidence not assessed,low,TRUE,medium_ecology_triage
Chikungunya fever,Alphavirus chikungunya,Alphavirus chikungunya,37124,Hipposideros caffer,302402,mammalia,chiroptera,hipposideridae,TRUE,FALSE,both,in_gibb_etal=TRUE; in_empres_i=FALSE; deferred_broad_vesiculovirus=FALSE,Alphavirus chikungunya,Chikungunya fever,Isolation/Observation,VIRION,1,FALSE,FALSE,FALSE,FALSE,TRUE,FALSE,host_present_in_system,host appears in canonical WHO disease-pathogen-host backbone; role-specific reservoir/amplifier/incidental/dead-end evidence not assessed,low,TRUE,medium_ecology_triage
Chikungunya fever,Alphavirus chikungunya,Alphavirus chikungunya,37124,Mops pumilus,242384,mammalia,chiroptera,molossidae,TRUE,FALSE,both,in_gibb_etal=TRUE; in_empres_i=FALSE; deferred_broad_vesiculovirus=FALSE,Alphavirus chikungunya,Chikungunya fever,Isolation/Observation,VIRION,1,FALSE,FALSE,FALSE,FALSE,TRUE,FALSE,host_present_in_system,host appears in canonical WHO disease-pathogen-host backbone; role-specific reservoir/amplifier/incidental/dead-end evidence not assessed,low,TRUE,medium_ecology_triage
Chikungunya fever,Alphavirus chikungunya,Alphavirus chikungunya,3426298,Peropteryx macrotis,249015,mammalia,chiroptera,emballonuridae,TRUE,FALSE,both,in_gibb_etal=TRUE; in_empres_i=FALSE; deferred_broad_vesiculovirus=FALSE,Alphavirus chikungunya,Chikungunya fever,PCR/Sequencing,VIRION,1,FALSE,FALSE,FALSE,FALSE,TRUE,FALSE,host_present_in_system,host appears in canonical WHO disease-pathogen-host backbone; role-specific reservoir/amplifier/incidental/dead-end evidence not assessed,low,TRUE,medium_ecology_triage
Chikungunya fever,Alphavirus chikungunya,Alphavirus chikungunya,37124,Rousettus aegyptiacus,9407,mammalia,chiroptera,pteropodidae,TRUE,FALSE,both,in_gibb_etal=TRUE; in_empres_i=FALSE; deferred_broad_vesiculovirus=FALSE,Alphavirus chikungunya,Chikungunya fever,Isolation/Observation,VIRION,1,FALSE,FALSE,FALSE,FALSE,TRUE,FALSE,host_present_in_system,host appears in canonical WHO disease-pathogen-host backbone; role-specific reservoir/amplifier/incidental/dead-end evidence not assessed,low,TRUE,medium_ecology_triage
Chikungunya fever,Alphavirus chikungunya,Alphavirus chikungunya,37124,Rousettus leschenaultii,9408,mammalia,chiroptera,pteropodidae,TRUE,FALSE,both,in_gibb_etal=TRUE; in_empres_i=FALSE; deferred_broad_vesiculovirus=FALSE,Alphavirus chikungunya,Chikungunya fever,Isolation/Observation,VIRION,1,FALSE,FALSE,FALSE,FALSE,TRUE,FALSE,host_present_in_system,host appears in canonical WHO disease-pathogen-host backbone; role-specific reservoir/amplifier/incidental/dead-end evidence not assessed,low,TRUE,medium_ecology_triage
Chikungunya fever,Alphavirus chikungunya,Alphavirus chikungunya,37124,Scotophilus kuhlii,153297,mammalia,chiroptera,vespertilionidae,TRUE,FALSE,both,in_gibb_etal=TRUE; in_empres_i=FALSE; deferred_broad_vesiculovirus=FALSE,Alphavirus chikungunya,Chikungunya fever,Isolation/Observation,VIRION,1,FALSE,FALSE,FALSE,FALSE,TRUE,FALSE,host_present_in_system,host appears in canonical WHO disease-pathogen-host backbone; role-specific reservoir/amplifier/incidental/dead-end evidence not assessed,low,TRUE,medium_ecology_triage
Chikungunya fever,Alphavirus chikungunya,Alphavirus chikungunya,3426298,Sturnira parvidens,196700,mammalia,chiroptera,phyllostomidae,TRUE,FALSE,both,in_gibb_etal=TRUE; in_empres_i=FALSE; deferred_broad_vesiculovirus=FALSE,Alphavirus chikungunya,Chikungunya fever,PCR/Sequencing,VIRION,1,FALSE,FALSE,FALSE,FALSE,TRUE,FALSE,host_present_in_system,host appears in canonical WHO disease-pathogen-host backbone; role-specific reservoir/amplifier/incidental/dead-end evidence not assessed,low,TRUE,medium_ecology_triage
Chikungunya fever,Alphavirus chikungunya,Alphavirus chikungunya,37124,Cercopithecus ascanius,36223,mammalia,primates,cercopithecidae,TRUE,FALSE,both,in_gibb_etal=TRUE; in_empres_i=FALSE; deferred_broad_vesiculovirus=FALSE,Alphavirus chikungunya,Chikungunya fever,Antibodies; Not specified,VIRION,1,FALSE,FALSE,FALSE,FALSE,FALSE,TRUE,host_present_in_system,host appears in canonical WHO disease-pathogen-host backbone; role-specific reservoir/amplifier/incidental/dead-end evidence not assessed,low,TRUE,medium_ecology_triage
Chikungunya fever,Alphavirus chikungunya,Alphavirus chikungunya,37124,Chlorocebus aethiops,9534,mammalia,primates,cercopithecidae,TRUE,FALSE,both,in_gibb_etal=TRUE; in_empres_i=FALSE; deferred_broad_vesiculovirus=FALSE,Alphavirus chikungunya,Chikungunya fever,Isolation/Observation; Not specified,VIRION,1,FALSE,FALSE,FALSE,FALSE,FALSE,TRUE,host_present_in_system,host appears in canonical WHO disease-pathogen-host backbone; role-specific reservoir/amplifier/incidental/dead-end evidence not assessed,low,TRUE,medium_ecology_triage
Chikungunya fever,Alphavirus chikungunya,Alphavirus chikungunya,37124,Erythrocebus patas,9538,mammalia,primates,cercopithecidae,TRUE,FALSE,both,in_gibb_etal=TRUE; in_empres_i=FALSE; deferred_broad_vesiculovirus=FALSE,Alphavirus chikungunya,Chikungunya fever,Isolation/Observation,VIRION,1,FALSE,FALSE,FALSE,FALSE,FALSE,TRUE,host_present_in_system,host appears in canonical WHO disease-pathogen-host backbone; role-specific reservoir/amplifier/incidental/dead-end evidence not assessed,low,TRUE,medium_ecology_triage
Chikungunya fever,Alphavirus chikungunya,Alphavirus chikungunya,37124,Gorilla gorilla,9593,mammalia,primates,hominidae,TRUE,FALSE,both,in_gibb_etal=TRUE; in_empres_i=FALSE; deferred_broad_vesiculovirus=FALSE,Alphavirus chikungunya,Chikungunya fever,Antibodies,VIRION,1,FALSE,FALSE,FALSE,FALSE,FALSE,TRUE,host_present_in_system,host appears in canonical WHO disease-pathogen-host backbone; role-specific reservoir/amplifier/incidental/dead-end evidence not assessed,low,TRUE,medium_ecology_triage
Chikungunya fever,Alphavirus chikungunya,Alphavirus chikungunya,3426298; 37124,Macaca fascicularis,9541,mammalia,primates,cercopithecidae,TRUE,FALSE,both,in_gibb_etal=TRUE; in_empres_i=FALSE; deferred_broad_vesiculovirus=FALSE,Alphavirus chikungunya,Chikungunya fever,Antibodies; PCR/Sequencing; PCR/Sequencing,VIRION,2,FALSE,FALSE,FALSE,FALSE,FALSE,TRUE,host_present_in_system,host appears in canonical WHO disease-pathogen-host backbone; role-specific reservoir/amplifier/incidental/dead-end evidence not assessed,low,TRUE,medium_ecology_triage
Chikungunya fever,Alphavirus chikungunya,Alphavirus chikungunya,37124,Macaca mulatta,9544,mammalia,primates,cercopithecidae,TRUE,FALSE,both,in_gibb_etal=TRUE; in_empres_i=FALSE; deferred_broad_vesiculovirus=FALSE,Alphavirus chikungunya,Chikungunya fever,Antibodies,VIRION,1,FALSE,FALSE,FALSE,FALSE,FALSE,TRUE,host_present_in_system,host appears in canonical WHO disease-pathogen-host backbone; role-specific reservoir/amplifier/incidental/dead-end evidence not assessed,low,TRUE,medium_ecology_triage
Chikungunya fever,Alphavirus chikungunya,Alphavirus chikungunya,37124,Pan troglodytes,9598,mammalia,primates,hominidae,TRUE,FALSE,both,in_gibb_etal=TRUE; in_empres_i=FALSE; deferred_broad_vesiculovirus=FALSE,Alphavirus chikungunya,Chikungunya fever,Antibodies; Not specified,VIRION,1,FALSE,FALSE,FALSE,FALSE,FALSE,TRUE,host_present_in_system,host appears in canonical WHO disease-pathogen-host backbone; role-specific reservoir/amplifier/incidental/dead-end evidence not assessed,low,TRUE,medium_ecology_triage
Chikungunya fever,Alphavirus chikungunya,Alphavirus chikungunya,3426298; 37124,Papio hamadryas,9557,mammalia,primates,cercopithecidae,TRUE,FALSE,both,in_gibb_etal=TRUE; in_empres_i=FALSE; deferred_broad_vesiculovirus=FALSE,Alphavirus chikungunya,Chikungunya fever,Antibodies; PCR/Sequencing; PCR/Sequencing,VIRION,2,FALSE,FALSE,FALSE,FALSE,FALSE,TRUE,host_present_in_system,host appears in canonical WHO disease-pathogen-host backbone; role-specific reservoir/amplifier/incidental/dead-end evidence not assessed,low,TRUE,medium_ecology_triage
Chikungunya fever,Alphavirus chikungunya,Alphavirus chikungunya,37124,Papio papio,100937,mammalia,primates,cercopithecidae,TRUE,FALSE,both,in_gibb_etal=TRUE; in_empres_i=FALSE; deferred_broad_vesiculovirus=FALSE,Alphavirus chikungunya,Chikungunya fever,Isolation/Observation,VIRION,1,FALSE,FALSE,FALSE,FALSE,FALSE,TRUE,host_present_in_system,host appears in canonical WHO disease-pathogen-host backbone; role-specific reservoir/amplifier/incidental/dead-end evidence not assessed,low,TRUE,medium_ecology_triage
Chikungunya fever,Alphavirus chikungunya,Alphavirus chikungunya,37124,Papio ursinus,36229,mammalia,primates,cercopithecidae,TRUE,FALSE,both,in_gibb_etal=TRUE; in_empres_i=FALSE; deferred_broad_vesiculovirus=FALSE,Alphavirus chikungunya,Chikungunya fever,Antibodies; Not specified,VIRION,1,FALSE,FALSE,FALSE,FALSE,FALSE,TRUE,host_present_in_system,host appears in canonical WHO disease-pathogen-host backbone; role-specific reservoir/amplifier/incidental/dead-end evidence not assessed,low,TRUE,medium_ecology_triage
Chikungunya fever,Alphavirus chikungunya,Alphavirus chikungunya,37124,Mastomys natalensis,10112,mammalia,rodentia,muridae,TRUE,FALSE,both,in_gibb_etal=TRUE; in_empres_i=FALSE; deferred_broad_vesiculovirus=FALSE,Alphavirus chikungunya,Chikungunya fever,Antibodies,VIRION,1,FALSE,FALSE,FALSE,TRUE,FALSE,FALSE,host_present_in_system,host appears in canonical WHO disease-pathogen-host backbone; role-specific reservoir/amplifier/incidental/dead-end evidence not assessed,low,TRUE,medium_ecology_triage
Chikungunya fever,Alphavirus chikungunya,Alphavirus chikungunya,3426298; 37124,Mus musculus,10090,mammalia,rodentia,muridae,TRUE,FALSE,both,in_gibb_etal=TRUE; in_empres_i=FALSE; deferred_broad_vesiculovirus=FALSE,Alphavirus chikungunya,Chikungunya fever,Isolation/Observation; PCR/Sequencing,VIRION,2,FALSE,FALSE,FALSE,TRUE,FALSE,FALSE,host_present_in_system,host appears in canonical WHO disease-pathogen-host backbone; role-specific reservoir/amplifier/incidental/dead-end evidence not assessed,low,TRUE,medium_ecology_triage
Chikungunya fever,Alphavirus chikungunya,Alphavirus chikungunya,37124,Rattus rattus,10117,mammalia,rodentia,muridae,TRUE,FALSE,both,in_gibb_etal=TRUE; in_empres_i=FALSE; deferred_broad_vesiculovirus=FALSE,Alphavirus chikungunya,Chikungunya fever,Antibodies,VIRION,1,FALSE,FALSE,FALSE,TRUE,FALSE,FALSE,host_present_in_system,host appears in canonical WHO disease-pathogen-host backbone; role-specific reservoir/amplifier/incidental/dead-end evidence not assessed,low,TRUE,medium_ecology_triage
Chikungunya fever,Alphavirus chikungunya,Alphavirus chikungunya,37124,Xerus erythropus,327507,mammalia,rodentia,sciuridae,TRUE,FALSE,both,in_gibb_etal=TRUE; in_empres_i=FALSE; deferred_broad_vesiculovirus=FALSE,Alphavirus chikungunya,Chikungunya fever,Isolation/Observation,VIRION,1,FALSE,FALSE,FALSE,TRUE,FALSE,FALSE,host_present_in_system,host appears in canonical WHO disease-pathogen-host backbone; role-specific reservoir/amplifier/incidental/dead-end evidence not assessed,low,TRUE,medium_ecology_triage
Chikungunya fever,Alphavirus chikungunya,Alphavirus chikungunya,3426298; 37124,Homo sapiens,9606,,,,TRUE,FALSE,both,in_gibb_etal=TRUE; in_empres_i=FALSE; deferred_broad_vesiculovirus=FALSE,Alphavirus chikungunya,Chikungunya fever,Isolation/Observation; Not specified; PCR/Sequencing; PCR/Sequencing,VIRION,2,TRUE,FALSE,,,,,host_present_in_system,host appears in canonical WHO disease-pathogen-host backbone; role-specific reservoir/amplifier/incidental/dead-end evidence not assessed,low,TRUE,medium_human_triage
Chikungunya fever,Alphavirus chikungunya,Alphavirus chikungunya,3426298,Glossophaga mutica,2994998,,,,TRUE,FALSE,both,in_gibb_etal=TRUE; in_empres_i=FALSE; deferred_broad_vesiculovirus=FALSE,Alphavirus chikungunya,Chikungunya fever,PCR/Sequencing,VIRION,1,FALSE,FALSE,,,,,host_present_in_system,host appears in canonical WHO disease-pathogen-host backbone; role-specific reservoir/amplifier/incidental/dead-end evidence not assessed,low,TRUE,standard_review
Chikungunya fever,Alphavirus chikungunya,Alphavirus chikungunya,3426298,Molossus nigricans,2997257,,,,TRUE,FALSE,both,in_gibb_etal=TRUE; in_empres_i=FALSE; deferred_broad_vesiculovirus=FALSE,Alphavirus chikungunya,Chikungunya fever,PCR/Sequencing,VIRION,1,FALSE,FALSE,,,,,host_present_in_system,host appears in canonical WHO disease-pathogen-host backbone; role-specific reservoir/amplifier/incidental/dead-end evidence not assessed,low,TRUE,standard_review
Chikungunya fever,Alphavirus chikungunya,Alphavirus chikungunya,37124,chlorocebus pygerythrus,60710,,,,TRUE,FALSE,both,in_gibb_etal=TRUE; in_empres_i=FALSE; deferred_broad_vesiculovirus=FALSE,Alphavirus chikungunya,Chikungunya fever,Antibodies,VIRION,1,FALSE,FALSE,,,,,host_present_in_system,host appears in canonical WHO disease-pathogen-host backbone; role-specific reservoir/amplifier/incidental/dead-end evidence not assessed,low,TRUE,standard_review
Chikungunya fever,Alphavirus chikungunya,Alphavirus chikungunya,37124,eulemur fulvus,13515,,,,TRUE,FALSE,both,in_gibb_etal=TRUE; in_empres_i=FALSE; deferred_broad_vesiculovirus=FALSE,Alphavirus chikungunya,Chikungunya fever,Antibodies,VIRION,1,FALSE,FALSE,,,,,host_present_in_system,host appears in canonical WHO disease-pathogen-host backbone; role-specific reservoir/amplifier/incidental/dead-end evidence not assessed,low,TRUE,standard_review
Chikungunya fever,Alphavirus chikungunya,Alphavirus chikungunya,37124,galago senegalensis,9465,,,,TRUE,FALSE,both,in_gibb_etal=TRUE; in_empres_i=FALSE; deferred_broad_vesiculovirus=FALSE,Alphavirus chikungunya,Chikungunya fever,Antibodies; Not specified,VIRION,1,FALSE,FALSE,,,,,host_present_in_system,host appears in canonical WHO disease-pathogen-host backbone; role-specific reservoir/amplifier/incidental/dead-end evidence not assessed,low,TRUE,standard_review
Crimean-Congo hemorrhagic fever,Orthonairovirus haemorrhagiae,Orthonairovirus haemorrhagiae,3052518,Bos taurus,9913,mammalia,artiodactyla,bovidae,TRUE,TRUE,both,in_gibb_etal=TRUE; in_empres_i=TRUE; deferred_broad_vesiculovirus=FALSE,Orthonairovirus haemorrhagiae,Crimean-Congo hemorrhagic fever,Isolation/Observation; Not specified; PCR/Sequencing,VIRION,1,FALSE,TRUE,FALSE,FALSE,FALSE,FALSE,host_present_in_system,host appears in canonical WHO disease-pathogen-host backbone; role-specific reservoir/amplifier/incidental/dead-end evidence not assessed,low,TRUE,high_livestock_triage
Crimean-Congo hemorrhagic fever,Orthonairovirus haemorrhagiae,Orthonairovirus haemorrhagiae,3052518,Bubalus bubalis,89462,mammalia,artiodactyla,bovidae,TRUE,TRUE,both,in_gibb_etal=TRUE; in_empres_i=TRUE; deferred_broad_vesiculovirus=FALSE,Orthonairovirus haemorrhagiae,Crimean-Congo hemorrhagic fever,Antibodies; PCR/Sequencing,VIRION,1,FALSE,TRUE,FALSE,FALSE,FALSE,FALSE,host_present_in_system,host appears in canonical WHO disease-pathogen-host backbone; role-specific reservoir/amplifier/incidental/dead-end evidence not assessed,low,TRUE,high_livestock_triage
Crimean-Congo hemorrhagic fever,Orthonairovirus haemorrhagiae,Orthonairovirus haemorrhagiae,3052518,Camelus dromedarius,9838,mammalia,artiodactyla,camelidae,TRUE,TRUE,both,in_gibb_etal=TRUE; in_empres_i=TRUE; deferred_broad_vesiculovirus=FALSE,Orthonairovirus haemorrhagiae,Crimean-Congo hemorrhagic fever,Antibodies; PCR/Sequencing,VIRION,1,FALSE,TRUE,FALSE,FALSE,FALSE,FALSE,host_present_in_system,host appears in canonical WHO disease-pathogen-host backbone; role-specific reservoir/amplifier/incidental/dead-end evidence not assessed,low,TRUE,high_livestock_triage
Crimean-Congo hemorrhagic fever,Orthonairovirus haemorrhagiae,Orthonairovirus haemorrhagiae,3052518,Capra hircus,9925,mammalia,artiodactyla,bovidae,TRUE,TRUE,both,in_gibb_etal=TRUE; in_empres_i=TRUE; deferred_broad_vesiculovirus=FALSE,Orthonairovirus haemorrhagiae,Crimean-Congo hemorrhagic fever,Isolation/Observation; Not specified; PCR/Sequencing,VIRION,1,FALSE,TRUE,FALSE,FALSE,FALSE,FALSE,host_present_in_system,host appears in canonical WHO disease-pathogen-host backbone; role-specific reservoir/amplifier/incidental/dead-end evidence not assessed,low,TRUE,high_livestock_triage
Crimean-Congo hemorrhagic fever,Orthonairovirus haemorrhagiae,Orthonairovirus haemorrhagiae,3052518,Ovis aries,9940,mammalia,artiodactyla,bovidae,TRUE,TRUE,both,in_gibb_etal=TRUE; in_empres_i=TRUE; deferred_broad_vesiculovirus=FALSE,Orthonairovirus haemorrhagiae,Crimean-Congo hemorrhagic fever,Antibodies; Not specified; PCR/Sequencing,VIRION,1,FALSE,TRUE,FALSE,FALSE,FALSE,FALSE,host_present_in_system,host appears in canonical WHO disease-pathogen-host backbone; role-specific reservoir/amplifier/incidental/dead-end evidence not assessed,low,TRUE,high_livestock_triage
Crimean-Congo hemorrhagic fever,Orthonairovirus haemorrhagiae,Orthonairovirus haemorrhagiae,3052518,Equus caballus,9796,mammalia,perissodactyla,equidae,TRUE,TRUE,both,in_gibb_etal=TRUE; in_empres_i=TRUE; deferred_broad_vesiculovirus=FALSE,Orthonairovirus haemorrhagiae,Crimean-Congo hemorrhagic fever,Antibodies,VIRION,1,FALSE,TRUE,FALSE,FALSE,FALSE,FALSE,host_present_in_system,host appears in canonical WHO disease-pathogen-host backbone; role-specific reservoir/amplifier/incidental/dead-end evidence not assessed,low,TRUE,high_livestock_triage
Crimean-Congo hemorrhagic fever,Orthonairovirus haemorrhagiae,Orthonairovirus haemorrhagiae,3052518,Camelus bactrianus,9837,,,,TRUE,TRUE,both,in_gibb_etal=TRUE; in_empres_i=TRUE; deferred_broad_vesiculovirus=FALSE,Orthonairovirus haemorrhagiae,Crimean-Congo hemorrhagic fever,Antibodies,VIRION,1,FALSE,TRUE,,,,,host_present_in_system,host appears in canonical WHO disease-pathogen-host backbone; role-specific reservoir/amplifier/incidental/dead-end evidence not assessed,low,TRUE,high_livestock_triage
Crimean-Congo hemorrhagic fever,Orthonairovirus haemorrhagiae,Orthonairovirus haemorrhagiae,3052518,Numida meleagris,8996,aves,galliformes,numididae,TRUE,TRUE,both,in_gibb_etal=TRUE; in_empres_i=TRUE; deferred_broad_vesiculovirus=FALSE,Orthonairovirus haemorrhagiae,Crimean-Congo hemorrhagic fever,Antibodies,VIRION,1,FALSE,FALSE,TRUE,FALSE,FALSE,FALSE,host_present_in_system,host appears in canonical WHO disease-pathogen-host backbone; role-specific reservoir/amplifier/incidental/dead-end evidence not assessed,low,TRUE,medium_ecology_triage
Crimean-Congo hemorrhagic fever,Orthonairovirus haemorrhagiae,Orthonairovirus haemorrhagiae,3052518,Struthio camelus,8801,aves,struthioniformes,struthionidae,TRUE,TRUE,both,in_gibb_etal=TRUE; in_empres_i=TRUE; deferred_broad_vesiculovirus=FALSE,Orthonairovirus haemorrhagiae,Crimean-Congo hemorrhagic fever,Antibodies,VIRION,1,FALSE,FALSE,TRUE,FALSE,FALSE,FALSE,host_present_in_system,host appears in canonical WHO disease-pathogen-host backbone; role-specific reservoir/amplifier/incidental/dead-end evidence not assessed,low,TRUE,medium_ecology_triage
Crimean-Congo hemorrhagic fever,Orthonairovirus haemorrhagiae,Orthonairovirus haemorrhagiae,3052518,Nyctalus noctula,51300,mammalia,chiroptera,vespertilionidae,TRUE,TRUE,both,in_gibb_etal=TRUE; in_empres_i=TRUE; deferred_broad_vesiculovirus=FALSE,Orthonairovirus haemorrhagiae,Crimean-Congo hemorrhagic fever,Antibodies,VIRION,1,FALSE,FALSE,FALSE,FALSE,TRUE,FALSE,host_present_in_system,host appears in canonical WHO disease-pathogen-host backbone; role-specific reservoir/amplifier/incidental/dead-end evidence not assessed,low,TRUE,medium_ecology_triage
Crimean-Congo hemorrhagic fever,Orthonairovirus haemorrhagiae,Orthonairovirus haemorrhagiae,3052518,Mus musculus,10090,mammalia,rodentia,muridae,TRUE,TRUE,both,in_gibb_etal=TRUE; in_empres_i=TRUE; deferred_broad_vesiculovirus=FALSE,Orthonairovirus haemorrhagiae,Crimean-Congo hemorrhagic fever,PCR/Sequencing,VIRION,1,FALSE,FALSE,FALSE,TRUE,FALSE,FALSE,host_present_in_system,host appears in canonical WHO disease-pathogen-host backbone; role-specific reservoir/amplifier/incidental/dead-end evidence not assessed,low,TRUE,medium_ecology_triage
Crimean-Congo hemorrhagic fever,Orthonairovirus haemorrhagiae,Orthonairovirus haemorrhagiae,3052518,Rattus norvegicus,10116,mammalia,rodentia,muridae,TRUE,TRUE,both,in_gibb_etal=TRUE; in_empres_i=TRUE; deferred_broad_vesiculovirus=FALSE,Orthonairovirus haemorrhagiae,Crimean-Congo hemorrhagic fever,Antibodies; PCR/Sequencing,VIRION,1,FALSE,FALSE,FALSE,TRUE,FALSE,FALSE,host_present_in_system,host appears in canonical WHO disease-pathogen-host backbone; role-specific reservoir/amplifier/incidental/dead-end evidence not assessed,low,TRUE,medium_ecology_triage
Crimean-Congo hemorrhagic fever,Orthonairovirus haemorrhagiae,Orthonairovirus haemorrhagiae,3052518,Rattus rattus,10117,mammalia,rodentia,muridae,TRUE,TRUE,both,in_gibb_etal=TRUE; in_empres_i=TRUE; deferred_broad_vesiculovirus=FALSE,Orthonairovirus haemorrhagiae,Crimean-Congo hemorrhagic fever,Antibodies; PCR/Sequencing,VIRION,1,FALSE,FALSE,FALSE,TRUE,FALSE,FALSE,host_present_in_system,host appears in canonical WHO disease-pathogen-host backbone; role-specific reservoir/amplifier/incidental/dead-end evidence not assessed,low,TRUE,medium_ecology_triage
Crimean-Congo hemorrhagic fever,Orthonairovirus haemorrhagiae,Orthonairovirus haemorrhagiae,3052518,Homo sapiens,9606,,,,TRUE,TRUE,both,in_gibb_etal=TRUE; in_empres_i=TRUE; deferred_broad_vesiculovirus=FALSE,Orthonairovirus haemorrhagiae,Crimean-Congo hemorrhagic fever,Isolation/Observation; Not specified; PCR/Sequencing,VIRION,1,TRUE,FALSE,,,,,host_present_in_system,host appears in canonical WHO disease-pathogen-host backbone; role-specific reservoir/amplifier/incidental/dead-end evidence not assessed,low,TRUE,medium_human_triage
Crimean-Congo hemorrhagic fever,Orthonairovirus haemorrhagiae,Orthonairovirus haemorrhagiae,3052518,Antidorcas marsupialis,59523,mammalia,artiodactyla,bovidae,TRUE,TRUE,both,in_gibb_etal=TRUE; in_empres_i=TRUE; deferred_broad_vesiculovirus=FALSE,Orthonairovirus haemorrhagiae,Crimean-Congo hemorrhagic fever,Antibodies,VIRION,1,FALSE,FALSE,FALSE,FALSE,FALSE,FALSE,host_present_in_system,host appears in canonical WHO disease-pathogen-host backbone; role-specific reservoir/amplifier/incidental/dead-end evidence not assessed,low,TRUE,standard_review
Crimean-Congo hemorrhagic fever,Orthonairovirus haemorrhagiae,Orthonairovirus haemorrhagiae,3052518,Syncerus caffer,9970,mammalia,artiodactyla,bovidae,TRUE,TRUE,both,in_gibb_etal=TRUE; in_empres_i=TRUE; deferred_broad_vesiculovirus=FALSE,Orthonairovirus haemorrhagiae,Crimean-Congo hemorrhagic fever,Antibodies,VIRION,1,FALSE,FALSE,FALSE,FALSE,FALSE,FALSE,host_present_in_system,host appears in canonical WHO disease-pathogen-host backbone; role-specific reservoir/amplifier/incidental/dead-end evidence not assessed,low,TRUE,standard_review
Crimean-Congo hemorrhagic fever,Orthonairovirus haemorrhagiae,Orthonairovirus haemorrhagiae,3052518,Canis lupus,9612,mammalia,carnivora,canidae,TRUE,TRUE,both,in_gibb_etal=TRUE; in_empres_i=TRUE; deferred_broad_vesiculovirus=FALSE,Orthonairovirus haemorrhagiae,Crimean-Congo hemorrhagic fever,Antibodies,VIRION,1,FALSE,FALSE,FALSE,FALSE,FALSE,FALSE,host_present_in_system,host appears in canonical WHO disease-pathogen-host backbone; role-specific reservoir/amplifier/incidental/dead-end evidence not assessed,low,TRUE,standard_review
Crimean-Congo hemorrhagic fever,Orthonairovirus haemorrhagiae,Orthonairovirus haemorrhagiae,3052518,Lycaon pictus,9622,mammalia,carnivora,canidae,TRUE,TRUE,both,in_gibb_etal=TRUE; in_empres_i=TRUE; deferred_broad_vesiculovirus=FALSE,Orthonairovirus haemorrhagiae,Crimean-Congo hemorrhagic fever,Antibodies,VIRION,1,FALSE,FALSE,FALSE,FALSE,FALSE,FALSE,host_present_in_system,host appears in canonical WHO disease-pathogen-host backbone; role-specific reservoir/amplifier/incidental/dead-end evidence not assessed,low,TRUE,standard_review
Crimean-Congo hemorrhagic fever,Orthonairovirus haemorrhagiae,Orthonairovirus haemorrhagiae,3052518,Suricata suricatta,37032,mammalia,carnivora,herpestidae,TRUE,TRUE,both,in_gibb_etal=TRUE; in_empres_i=TRUE; deferred_broad_vesiculovirus=FALSE,Orthonairovirus haemorrhagiae,Crimean-Congo hemorrhagic fever,Antibodies,VIRION,1,FALSE,FALSE,FALSE,FALSE,FALSE,FALSE,host_present_in_system,host appears in canonical WHO disease-pathogen-host backbone; role-specific reservoir/amplifier/incidental/dead-end evidence not assessed,low,TRUE,standard_review
Crimean-Congo hemorrhagic fever,Orthonairovirus haemorrhagiae,Orthonairovirus haemorrhagiae,3052518,Vulpes vulpes,9627,mammalia,carnivora,canidae,TRUE,TRUE,both,in_gibb_etal=TRUE; in_empres_i=TRUE; deferred_broad_vesiculovirus=FALSE,Orthonairovirus haemorrhagiae,Crimean-Congo hemorrhagic fever,Antibodies,VIRION,1,FALSE,FALSE,FALSE,FALSE,FALSE,FALSE,host_present_in_system,host appears in canonical WHO disease-pathogen-host backbone; role-specific reservoir/amplifier/incidental/dead-end evidence not assessed,low,TRUE,standard_review
Crimean-Congo hemorrhagic fever,Orthonairovirus haemorrhagiae,Orthonairovirus haemorrhagiae,3052518,Atelerix albiventris,9368,mammalia,eulipotyphla,erinaceidae,TRUE,TRUE,both,in_gibb_etal=TRUE; in_empres_i=TRUE; deferred_broad_vesiculovirus=FALSE,Orthonairovirus haemorrhagiae,Crimean-Congo hemorrhagic fever,Isolation/Observation,VIRION,1,FALSE,FALSE,FALSE,FALSE,FALSE,FALSE,host_present_in_system,host appears in canonical WHO disease-pathogen-host backbone; role-specific reservoir/amplifier/incidental/dead-end evidence not assessed,low,TRUE,standard_review
Crimean-Congo hemorrhagic fever,Orthonairovirus haemorrhagiae,Orthonairovirus haemorrhagiae,3052518,Lepus europaeus,9983,mammalia,lagomorpha,leporidae,TRUE,TRUE,both,in_gibb_etal=TRUE; in_empres_i=TRUE; deferred_broad_vesiculovirus=FALSE,Orthonairovirus haemorrhagiae,Crimean-Congo hemorrhagic fever,Isolation/Observation,VIRION,1,FALSE,FALSE,FALSE,FALSE,FALSE,FALSE,host_present_in_system,host appears in canonical WHO disease-pathogen-host backbone; role-specific reservoir/amplifier/incidental/dead-end evidence not assessed,low,TRUE,standard_review
Crimean-Congo hemorrhagic fever,Orthonairovirus haemorrhagiae,Orthonairovirus haemorrhagiae,3052518,Ceratotherium simum,9807,mammalia,perissodactyla,rhinocerotidae,TRUE,TRUE,both,in_gibb_etal=TRUE; in_empres_i=TRUE; deferred_broad_vesiculovirus=FALSE,Orthonairovirus haemorrhagiae,Crimean-Congo hemorrhagic fever,Antibodies,VIRION,1,FALSE,FALSE,FALSE,FALSE,FALSE,FALSE,host_present_in_system,host appears in canonical WHO disease-pathogen-host backbone; role-specific reservoir/amplifier/incidental/dead-end evidence not assessed,low,TRUE,standard_review
Crimean-Congo hemorrhagic fever,Orthonairovirus haemorrhagiae,Orthonairovirus haemorrhagiae,3052518,Equus asinus,9793,mammalia,perissodactyla,equidae,TRUE,TRUE,both,in_gibb_etal=TRUE; in_empres_i=TRUE; deferred_broad_vesiculovirus=FALSE,Orthonairovirus haemorrhagiae,Crimean-Congo hemorrhagic fever,Antibodies,VIRION,1,FALSE,FALSE,FALSE,FALSE,FALSE,FALSE,host_present_in_system,host appears in canonical WHO disease-pathogen-host backbone; role-specific reservoir/amplifier/incidental/dead-end evidence not assessed,low,TRUE,standard_review
Crimean-Congo hemorrhagic fever,Orthonairovirus haemorrhagiae,Orthonairovirus haemorrhagiae,3052518,Testudo graeca,86975,reptilia,testudines,testudinidae,TRUE,TRUE,both,in_gibb_etal=TRUE; in_empres_i=TRUE; deferred_broad_vesiculovirus=FALSE,Orthonairovirus haemorrhagiae,Crimean-Congo hemorrhagic fever,PCR/Sequencing,VIRION,1,FALSE,FALSE,FALSE,FALSE,FALSE,FALSE,host_present_in_system,host appears in canonical WHO disease-pathogen-host backbone; role-specific reservoir/amplifier/incidental/dead-end evidence not assessed,low,TRUE,standard_review
Crimean-Congo hemorrhagic fever,Orthonairovirus haemorrhagiae,Orthonairovirus haemorrhagiae,3052518,Capricornis milneedwardsii,1073286,,,,TRUE,TRUE,both,in_gibb_etal=TRUE; in_empres_i=TRUE; deferred_broad_vesiculovirus=FALSE,Orthonairovirus haemorrhagiae,Crimean-Congo hemorrhagic fever,PCR/Sequencing,VIRION,1,FALSE,FALSE,,,,,host_present_in_system,host appears in canonical WHO disease-pathogen-host backbone; role-specific reservoir/amplifier/incidental/dead-end evidence not assessed,low,TRUE,standard_review
Crimean-Congo hemorrhagic fever,Orthonairovirus haemorrhagiae,Orthonairovirus haemorrhagiae,3052518,aepyceros melampus,9897,,,,TRUE,TRUE,both,in_gibb_etal=TRUE; in_empres_i=TRUE; deferred_broad_vesiculovirus=FALSE,Orthonairovirus haemorrhagiae,Crimean-Congo hemorrhagic fever,Antibodies,VIRION,1,FALSE,FALSE,,,,,host_present_in_system,host appears in canonical WHO disease-pathogen-host backbone; role-specific reservoir/amplifier/incidental/dead-end evidence not assessed,low,TRUE,standard_review
Crimean-Congo hemorrhagic fever,Orthonairovirus haemorrhagiae,Orthonairovirus haemorrhagiae,3052518,alcelaphus buselaphus,59517,,,,TRUE,TRUE,both,in_gibb_etal=TRUE; in_empres_i=TRUE; deferred_broad_vesiculovirus=FALSE,Orthonairovirus haemorrhagiae,Crimean-Congo hemorrhagic fever,Antibodies,VIRION,1,FALSE,FALSE,,,,,host_present_in_system,host appears in canonical WHO disease-pathogen-host backbone; role-specific reservoir/amplifier/incidental/dead-end evidence not assessed,low,TRUE,standard_review
Crimean-Congo hemorrhagic fever,Orthonairovirus haemorrhagiae,Orthonairovirus haemorrhagiae,3052518,damaliscus pygargus,9931,,,,TRUE,TRUE,both,in_gibb_etal=TRUE; in_empres_i=TRUE; deferred_broad_vesiculovirus=FALSE,Orthonairovirus haemorrhagiae,Crimean-Congo hemorrhagic fever,Antibodies,VIRION,1,FALSE,FALSE,,,,,host_present_in_system,host appears in canonical WHO disease-pathogen-host backbone; role-specific reservoir/amplifier/incidental/dead-end evidence not assessed,low,TRUE,standard_review
Crimean-Congo hemorrhagic fever,Orthonairovirus haemorrhagiae,Orthonairovirus haemorrhagiae,3052518,diceros bicornis,9805,,,,TRUE,TRUE,both,in_gibb_etal=TRUE; in_empres_i=TRUE; deferred_broad_vesiculovirus=FALSE,Orthonairovirus haemorrhagiae,Crimean-Congo hemorrhagic fever,Antibodies,VIRION,1,FALSE,FALSE,,,,,host_present_in_system,host appears in canonical WHO disease-pathogen-host backbone; role-specific reservoir/amplifier/incidental/dead-end evidence not assessed,low,TRUE,standard_review
Crimean-Congo hemorrhagic fever,Orthonairovirus haemorrhagiae,Orthonairovirus haemorrhagiae,3052518,equus quagga,89252,,,,TRUE,TRUE,both,in_gibb_etal=TRUE; in_empres_i=TRUE; deferred_broad_vesiculovirus=FALSE,Orthonairovirus haemorrhagiae,Crimean-Congo hemorrhagic fever,Antibodies,VIRION,1,FALSE,FALSE,,,,,host_present_in_system,host appears in canonical WHO disease-pathogen-host backbone; role-specific reservoir/amplifier/incidental/dead-end evidence not assessed,low,TRUE,standard_review
Crimean-Congo hemorrhagic fever,Orthonairovirus haemorrhagiae,Orthonairovirus haemorrhagiae,3052518,gerbilliscus brantsii,410299,,,,TRUE,TRUE,both,in_gibb_etal=TRUE; in_empres_i=TRUE; deferred_broad_vesiculovirus=FALSE,Orthonairovirus haemorrhagiae,Crimean-Congo hemorrhagic fever,Antibodies,VIRION,1,FALSE,FALSE,,,,,host_present_in_system,host appears in canonical WHO disease-pathogen-host backbone; role-specific reservoir/amplifier/incidental/dead-end evidence not assessed,low,TRUE,standard_review
Crimean-Congo hemorrhagic fever,Orthonairovirus haemorrhagiae,Orthonairovirus haemorrhagiae,3052518,gerbilliscus leucogaster,410302,,,,TRUE,TRUE,both,in_gibb_etal=TRUE; in_empres_i=TRUE; deferred_broad_vesiculovirus=FALSE,Orthonairovirus haemorrhagiae,Crimean-Congo hemorrhagic fever,Antibodies,VIRION,1,FALSE,FALSE,,,,,host_present_in_system,host appears in canonical WHO disease-pathogen-host backbone; role-specific reservoir/amplifier/incidental/dead-end evidence not assessed,low,TRUE,standard_review
Crimean-Congo hemorrhagic fever,Orthonairovirus haemorrhagiae,Orthonairovirus haemorrhagiae,3052518,giraffa camelopardalis,9894,,,,TRUE,TRUE,both,in_gibb_etal=TRUE; in_empres_i=TRUE; deferred_broad_vesiculovirus=FALSE,Orthonairovirus haemorrhagiae,Crimean-Congo hemorrhagic fever,Antibodies,VIRION,1,FALSE,FALSE,,,,,host_present_in_system,host appears in canonical WHO disease-pathogen-host backbone; role-specific reservoir/amplifier/incidental/dead-end evidence not assessed,low,TRUE,standard_review
Crimean-Congo hemorrhagic fever,Orthonairovirus haemorrhagiae,Orthonairovirus haemorrhagiae,3052518,hemiechinus auritus,217708,,,,TRUE,TRUE,both,in_gibb_etal=TRUE; in_empres_i=TRUE; deferred_broad_vesiculovirus=FALSE,Orthonairovirus haemorrhagiae,Crimean-Congo hemorrhagic fever,Antibodies,VIRION,1,FALSE,FALSE,,,,,host_present_in_system,host appears in canonical WHO disease-pathogen-host backbone; role-specific reservoir/amplifier/incidental/dead-end evidence not assessed,low,TRUE,standard_review
Crimean-Congo hemorrhagic fever,Orthonairovirus haemorrhagiae,Orthonairovirus haemorrhagiae,3052518,hippotragus niger,37189,,,,TRUE,TRUE,both,in_gibb_etal=TRUE; in_empres_i=TRUE; deferred_broad_vesiculovirus=FALSE,Orthonairovirus haemorrhagiae,Crimean-Congo hemorrhagic fever,Antibodies,VIRION,1,FALSE,FALSE,,,,,host_present_in_system,host appears in canonical WHO disease-pathogen-host backbone; role-specific reservoir/amplifier/incidental/dead-end evidence not assessed,low,TRUE,standard_review
Crimean-Congo hemorrhagic fever,Orthonairovirus haemorrhagiae,Orthonairovirus haemorrhagiae,3052518,hystrix africaeaustralis,10138,,,,TRUE,TRUE,both,in_gibb_etal=TRUE; in_empres_i=TRUE; deferred_broad_vesiculovirus=FALSE,Orthonairovirus haemorrhagiae,Crimean-Congo hemorrhagic fever,Antibodies,VIRION,1,FALSE,FALSE,,,,,host_present_in_system,host appears in canonical WHO disease-pathogen-host backbone; role-specific reservoir/amplifier/incidental/dead-end evidence not assessed,low,TRUE,standard_review
Crimean-Congo hemorrhagic fever,Orthonairovirus haemorrhagiae,Orthonairovirus haemorrhagiae,3052518,kobus ellipsiprymnus,9962,,,,TRUE,TRUE,both,in_gibb_etal=TRUE; in_empres_i=TRUE; deferred_broad_vesiculovirus=FALSE,Orthonairovirus haemorrhagiae,Crimean-Congo hemorrhagic fever,Antibodies,VIRION,1,FALSE,FALSE,,,,,host_present_in_system,host appears in canonical WHO disease-pathogen-host backbone; role-specific reservoir/amplifier/incidental/dead-end evidence not assessed,low,TRUE,standard_review
Crimean-Congo hemorrhagic fever,Orthonairovirus haemorrhagiae,Orthonairovirus haemorrhagiae,3052518,lepus capensis,9981,,,,TRUE,TRUE,both,in_gibb_etal=TRUE; in_empres_i=TRUE; deferred_broad_vesiculovirus=FALSE,Orthonairovirus haemorrhagiae,Crimean-Congo hemorrhagic fever,Antibodies,VIRION,1,FALSE,FALSE,,,,,host_present_in_system,host appears in canonical WHO disease-pathogen-host backbone; role-specific reservoir/amplifier/incidental/dead-end evidence not assessed,low,TRUE,standard_review
Crimean-Congo hemorrhagic fever,Orthonairovirus haemorrhagiae,Orthonairovirus haemorrhagiae,3052518,lepus saxatilis,63224,,,,TRUE,TRUE,both,in_gibb_etal=TRUE; in_empres_i=TRUE; deferred_broad_vesiculovirus=FALSE,Orthonairovirus haemorrhagiae,Crimean-Congo hemorrhagic fever,Antibodies,VIRION,1,FALSE,FALSE,,,,,host_present_in_system,host appears in canonical WHO disease-pathogen-host backbone; role-specific reservoir/amplifier/incidental/dead-end evidence not assessed,low,TRUE,standard_review
Crimean-Congo hemorrhagic fever,Orthonairovirus haemorrhagiae,Orthonairovirus haemorrhagiae,3052518,loxodonta africana,9785,,,,TRUE,TRUE,both,in_gibb_etal=TRUE; in_empres_i=TRUE; deferred_broad_vesiculovirus=FALSE,Orthonairovirus haemorrhagiae,Crimean-Congo hemorrhagic fever,Antibodies,VIRION,1,FALSE,FALSE,,,,,host_present_in_system,host appears in canonical WHO disease-pathogen-host backbone; role-specific reservoir/amplifier/incidental/dead-end evidence not assessed,low,TRUE,standard_review
Crimean-Congo hemorrhagic fever,Orthonairovirus haemorrhagiae,Orthonairovirus haemorrhagiae,3052518,mastomys coucha,35658,,,,TRUE,TRUE,both,in_gibb_etal=TRUE; in_empres_i=TRUE; deferred_broad_vesiculovirus=FALSE,Orthonairovirus haemorrhagiae,Crimean-Congo hemorrhagic fever,Antibodies,VIRION,1,FALSE,FALSE,,,,,host_present_in_system,host appears in canonical WHO disease-pathogen-host backbone; role-specific reservoir/amplifier/incidental/dead-end evidence not assessed,low,TRUE,standard_review
Crimean-Congo hemorrhagic fever,Orthonairovirus haemorrhagiae,Orthonairovirus haemorrhagiae,3052518,meriones crassus,298887,,,,TRUE,TRUE,both,in_gibb_etal=TRUE; in_empres_i=TRUE; deferred_broad_vesiculovirus=FALSE,Orthonairovirus haemorrhagiae,Crimean-Congo hemorrhagic fever,Antibodies,VIRION,1,FALSE,FALSE,,,,,host_present_in_system,host appears in canonical WHO disease-pathogen-host backbone; role-specific reservoir/amplifier/incidental/dead-end evidence not assessed,low,TRUE,standard_review
Crimean-Congo hemorrhagic fever,Orthonairovirus haemorrhagiae,Orthonairovirus haemorrhagiae,3052518,micaelamys namaquensis,472707,,,,TRUE,TRUE,both,in_gibb_etal=TRUE; in_empres_i=TRUE; deferred_broad_vesiculovirus=FALSE,Orthonairovirus haemorrhagiae,Crimean-Congo hemorrhagic fever,Antibodies,VIRION,1,FALSE,FALSE,,,,,host_present_in_system,host appears in canonical WHO disease-pathogen-host backbone; role-specific reservoir/amplifier/incidental/dead-end evidence not assessed,low,TRUE,standard_review
Crimean-Congo hemorrhagic fever,Orthonairovirus haemorrhagiae,Orthonairovirus haemorrhagiae,3052518,myotis blythii,109482,,,,TRUE,TRUE,both,in_gibb_etal=TRUE; in_empres_i=TRUE; deferred_broad_vesiculovirus=FALSE,Orthonairovirus haemorrhagiae,Crimean-Congo hemorrhagic fever,Antibodies,VIRION,1,FALSE,FALSE,,,,,host_present_in_system,host appears in canonical WHO disease-pathogen-host backbone; role-specific reservoir/amplifier/incidental/dead-end evidence not assessed,low,TRUE,standard_review
Crimean-Congo hemorrhagic fever,Orthonairovirus haemorrhagiae,Orthonairovirus haemorrhagiae,3052518,oryx gazella,9958,,,,TRUE,TRUE,both,in_gibb_etal=TRUE; in_empres_i=TRUE; deferred_broad_vesiculovirus=FALSE,Orthonairovirus haemorrhagiae,Crimean-Congo hemorrhagic fever,Antibodies,VIRION,1,FALSE,FALSE,,,,,host_present_in_system,host appears in canonical WHO disease-pathogen-host backbone; role-specific reservoir/amplifier/incidental/dead-end evidence not assessed,low,TRUE,standard_review
Crimean-Congo hemorrhagic fever,Orthonairovirus haemorrhagiae,Orthonairovirus haemorrhagiae,3052518,pedetes capensis,10023,,,,TRUE,TRUE,both,in_gibb_etal=TRUE; in_empres_i=TRUE; deferred_broad_vesiculovirus=FALSE,Orthonairovirus haemorrhagiae,Crimean-Congo hemorrhagic fever,Antibodies,VIRION,1,FALSE,FALSE,,,,,host_present_in_system,host appears in canonical WHO disease-pathogen-host backbone; role-specific reservoir/amplifier/incidental/dead-end evidence not assessed,low,TRUE,standard_review
Crimean-Congo hemorrhagic fever,Orthonairovirus haemorrhagiae,Orthonairovirus haemorrhagiae,3052518,phacochoerus aethiopicus,85517,,,,TRUE,TRUE,both,in_gibb_etal=TRUE; in_empres_i=TRUE; deferred_broad_vesiculovirus=FALSE,Orthonairovirus haemorrhagiae,Crimean-Congo hemorrhagic fever,Antibodies,VIRION,1,FALSE,FALSE,,,,,host_present_in_system,host appears in canonical WHO disease-pathogen-host backbone; role-specific reservoir/amplifier/incidental/dead-end evidence not assessed,low,TRUE,standard_review
Crimean-Congo hemorrhagic fever,Orthonairovirus haemorrhagiae,Orthonairovirus haemorrhagiae,3052518,redunca arundinum,59554,,,,TRUE,TRUE,both,in_gibb_etal=TRUE; in_empres_i=TRUE; deferred_broad_vesiculovirus=FALSE,Orthonairovirus haemorrhagiae,Crimean-Congo hemorrhagic fever,Antibodies,VIRION,1,FALSE,FALSE,,,,,host_present_in_system,host appears in canonical WHO disease-pathogen-host backbone; role-specific reservoir/amplifier/incidental/dead-end evidence not assessed,low,TRUE,standard_review
Crimean-Congo hemorrhagic fever,Orthonairovirus haemorrhagiae,Orthonairovirus haemorrhagiae,3052518,redunca fulvorufula,59555,,,,TRUE,TRUE,both,in_gibb_etal=TRUE; in_empres_i=TRUE; deferred_broad_vesiculovirus=FALSE,Orthonairovirus haemorrhagiae,Crimean-Congo hemorrhagic fever,Antibodies,VIRION,1,FALSE,FALSE,,,,,host_present_in_system,host appears in canonical WHO disease-pathogen-host backbone; role-specific reservoir/amplifier/incidental/dead-end evidence not assessed,low,TRUE,standard_review
Crimean-Congo hemorrhagic fever,Orthonairovirus haemorrhagiae,Orthonairovirus haemorrhagiae,3052518,rhabdomys pumilio,121573,,,,TRUE,TRUE,both,in_gibb_etal=TRUE; in_empres_i=TRUE; deferred_broad_vesiculovirus=FALSE,Orthonairovirus haemorrhagiae,Crimean-Congo hemorrhagic fever,Antibodies,VIRION,1,FALSE,FALSE,,,,,host_present_in_system,host appears in canonical WHO disease-pathogen-host backbone; role-specific reservoir/amplifier/incidental/dead-end evidence not assessed,low,TRUE,standard_review
Crimean-Congo hemorrhagic fever,Orthonairovirus haemorrhagiae,Orthonairovirus haemorrhagiae,3052518,sylvicapra grimmia,119562,,,,TRUE,TRUE,both,in_gibb_etal=TRUE; in_empres_i=TRUE; deferred_broad_vesiculovirus=FALSE,Orthonairovirus haemorrhagiae,Crimean-Congo hemorrhagic fever,Antibodies,VIRION,1,FALSE,FALSE,,,,,host_present_in_system,host appears in canonical WHO disease-pathogen-host backbone; role-specific reservoir/amplifier/incidental/dead-end evidence not assessed,low,TRUE,standard_review
Crimean-Congo hemorrhagic fever,Orthonairovirus haemorrhagiae,Orthonairovirus haemorrhagiae,3052518,tatera indica,186471,,,,TRUE,TRUE,both,in_gibb_etal=TRUE; in_empres_i=TRUE; deferred_broad_vesiculovirus=FALSE,Orthonairovirus haemorrhagiae,Crimean-Congo hemorrhagic fever,Antibodies,VIRION,1,FALSE,FALSE,,,,,host_present_in_system,host appears in canonical WHO disease-pathogen-host backbone; role-specific reservoir/amplifier/incidental/dead-end evidence not assessed,low,TRUE,standard_review
Crimean-Congo hemorrhagic fever,Orthonairovirus haemorrhagiae,Orthonairovirus haemorrhagiae,3052518,testudo horsfieldii,101699,,,,TRUE,TRUE,both,in_gibb_etal=TRUE; in_empres_i=TRUE; deferred_broad_vesiculovirus=FALSE,Orthonairovirus haemorrhagiae,Crimean-Congo hemorrhagic fever,Antibodies,VIRION,1,FALSE,FALSE,,,,,host_present_in_system,host appears in canonical WHO disease-pathogen-host backbone; role-specific reservoir/amplifier/incidental/dead-end evidence not assessed,low,TRUE,standard_review
Crimean-Congo hemorrhagic fever,Orthonairovirus haemorrhagiae,Orthonairovirus haemorrhagiae,3052518,tragelaphus angasii,66437,,,,TRUE,TRUE,both,in_gibb_etal=TRUE; in_empres_i=TRUE; deferred_broad_vesiculovirus=FALSE,Orthonairovirus haemorrhagiae,Crimean-Congo hemorrhagic fever,Antibodies,VIRION,1,FALSE,FALSE,,,,,host_present_in_system,host appears in canonical WHO disease-pathogen-host backbone; role-specific reservoir/amplifier/incidental/dead-end evidence not assessed,low,TRUE,standard_review
Crimean-Congo hemorrhagic fever,Orthonairovirus haemorrhagiae,Orthonairovirus haemorrhagiae,3052518,tragelaphus oryx,9945,,,,TRUE,TRUE,both,in_gibb_etal=TRUE; in_empres_i=TRUE; deferred_broad_vesiculovirus=FALSE,Orthonairovirus haemorrhagiae,Crimean-Congo hemorrhagic fever,Antibodies,VIRION,1,FALSE,FALSE,,,,,host_present_in_system,host appears in canonical WHO disease-pathogen-host backbone; role-specific reservoir/amplifier/incidental/dead-end evidence not assessed,low,TRUE,standard_review
Crimean-Congo hemorrhagic fever,Orthonairovirus haemorrhagiae,Orthonairovirus haemorrhagiae,3052518,tragelaphus strepsiceros,9946,,,,TRUE,TRUE,both,in_gibb_etal=TRUE; in_empres_i=TRUE; deferred_broad_vesiculovirus=FALSE,Orthonairovirus haemorrhagiae,Crimean-Congo hemorrhagic fever,Antibodies,VIRION,1,FALSE,FALSE,,,,,host_present_in_system,host appears in canonical WHO disease-pathogen-host backbone; role-specific reservoir/amplifier/incidental/dead-end evidence not assessed,low,TRUE,standard_review
Crimean-Congo hemorrhagic fever,Orthonairovirus haemorrhagiae,Orthonairovirus haemorrhagiae,3052518,xerus inauris,234690,,,,TRUE,TRUE,both,in_gibb_etal=TRUE; in_empres_i=TRUE; deferred_broad_vesiculovirus=FALSE,Orthonairovirus haemorrhagiae,Crimean-Congo hemorrhagic fever,Antibodies,VIRION,1,FALSE,FALSE,,,,,host_present_in_system,host appears in canonical WHO disease-pathogen-host backbone; role-specific reservoir/amplifier/incidental/dead-end evidence not assessed,low,TRUE,standard_review
Dengue,Orthoflavivirus denguei,Orthoflavivirus denguei,12637; 3052464,Artibeus jamaicensis,9417,mammalia,chiroptera,phyllostomidae,TRUE,FALSE,both,in_gibb_etal=TRUE; in_empres_i=FALSE; deferred_broad_vesiculovirus=FALSE,Orthoflavivirus denguei,Dengue,Antibodies; PCR/Sequencing; PCR/Sequencing,VIRION,2,FALSE,FALSE,FALSE,FALSE,TRUE,FALSE,host_present_in_system,host appears in canonical WHO disease-pathogen-host backbone; role-specific reservoir/amplifier/incidental/dead-end evidence not assessed,low,TRUE,medium_ecology_triage
Dengue,Orthoflavivirus denguei,Orthoflavivirus denguei,12637,Artibeus lituratus,27634,mammalia,chiroptera,phyllostomidae,TRUE,FALSE,both,in_gibb_etal=TRUE; in_empres_i=FALSE; deferred_broad_vesiculovirus=FALSE,Orthoflavivirus denguei,Dengue,Antibodies,VIRION,1,FALSE,FALSE,FALSE,FALSE,TRUE,FALSE,host_present_in_system,host appears in canonical WHO disease-pathogen-host backbone; role-specific reservoir/amplifier/incidental/dead-end evidence not assessed,low,TRUE,medium_ecology_triage
Dengue,Orthoflavivirus denguei,Orthoflavivirus denguei,12637,Carollia brevicauda,138695,mammalia,chiroptera,phyllostomidae,TRUE,FALSE,both,in_gibb_etal=TRUE; in_empres_i=FALSE; deferred_broad_vesiculovirus=FALSE,Orthoflavivirus denguei,Dengue,PCR/Sequencing,VIRION,1,FALSE,FALSE,FALSE,FALSE,TRUE,FALSE,host_present_in_system,host appears in canonical WHO disease-pathogen-host backbone; role-specific reservoir/amplifier/incidental/dead-end evidence not assessed,low,TRUE,medium_ecology_triage
Dengue,Orthoflavivirus denguei,Orthoflavivirus denguei,12637; 3052464,Carollia perspicillata,40233,mammalia,chiroptera,phyllostomidae,TRUE,FALSE,both,in_gibb_etal=TRUE; in_empres_i=FALSE; deferred_broad_vesiculovirus=FALSE,Orthoflavivirus denguei,Dengue,Antibodies; PCR/Sequencing; PCR/Sequencing,VIRION,2,FALSE,FALSE,FALSE,FALSE,TRUE,FALSE,host_present_in_system,host appears in canonical WHO disease-pathogen-host backbone; role-specific reservoir/amplifier/incidental/dead-end evidence not assessed,low,TRUE,medium_ecology_triage
Dengue,Orthoflavivirus denguei,Orthoflavivirus denguei,12637,Cynopterus brachyotis,58060,mammalia,chiroptera,pteropodidae,TRUE,FALSE,both,in_gibb_etal=TRUE; in_empres_i=FALSE; deferred_broad_vesiculovirus=FALSE,Orthoflavivirus denguei,Dengue,Antibodies,VIRION,1,FALSE,FALSE,FALSE,FALSE,TRUE,FALSE,host_present_in_system,host appears in canonical WHO disease-pathogen-host backbone; role-specific reservoir/amplifier/incidental/dead-end evidence not assessed,low,TRUE,medium_ecology_triage
Dengue,Orthoflavivirus denguei,Orthoflavivirus denguei,3052464,Dermanura phaeotis,40229,mammalia,chiroptera,phyllostomidae,TRUE,FALSE,both,in_gibb_etal=TRUE; in_empres_i=FALSE; deferred_broad_vesiculovirus=FALSE,Orthoflavivirus denguei,Dengue,PCR/Sequencing,VIRION,1,FALSE,FALSE,FALSE,FALSE,TRUE,FALSE,host_present_in_system,host appears in canonical WHO disease-pathogen-host backbone; role-specific reservoir/amplifier/incidental/dead-end evidence not assessed,low,TRUE,medium_ecology_triage
Dengue,Orthoflavivirus denguei,Orthoflavivirus denguei,12637,Desmodus rotundus,9430,mammalia,chiroptera,phyllostomidae,TRUE,FALSE,both,in_gibb_etal=TRUE; in_empres_i=FALSE; deferred_broad_vesiculovirus=FALSE,Orthoflavivirus denguei,Dengue,Antibodies,VIRION,1,FALSE,FALSE,FALSE,FALSE,TRUE,FALSE,host_present_in_system,host appears in canonical WHO disease-pathogen-host backbone; role-specific reservoir/amplifier/incidental/dead-end evidence not assessed,low,TRUE,medium_ecology_triage
Dengue,Orthoflavivirus denguei,Orthoflavivirus denguei,3052464,Glossophaga soricina,27638,mammalia,chiroptera,phyllostomidae,TRUE,FALSE,both,in_gibb_etal=TRUE; in_empres_i=FALSE; deferred_broad_vesiculovirus=FALSE,Orthoflavivirus denguei,Dengue,PCR/Sequencing,VIRION,1,FALSE,FALSE,FALSE,FALSE,TRUE,FALSE,host_present_in_system,host appears in canonical WHO disease-pathogen-host backbone; role-specific reservoir/amplifier/incidental/dead-end evidence not assessed,low,TRUE,medium_ecology_triage
Dengue,Orthoflavivirus denguei,Orthoflavivirus denguei,12637,Molossus molossus,27622,mammalia,chiroptera,molossidae,TRUE,FALSE,both,in_gibb_etal=TRUE; in_empres_i=FALSE; deferred_broad_vesiculovirus=FALSE,Orthoflavivirus denguei,Dengue,Antibodies,VIRION,1,FALSE,FALSE,FALSE,FALSE,TRUE,FALSE,host_present_in_system,host appears in canonical WHO disease-pathogen-host backbone; role-specific reservoir/amplifier/incidental/dead-end evidence not assessed,low,TRUE,medium_ecology_triage
Dengue,Orthoflavivirus denguei,Orthoflavivirus denguei,3052464,Molossus pretiosus,1982945,mammalia,chiroptera,molossidae,TRUE,FALSE,both,in_gibb_etal=TRUE; in_empres_i=FALSE; deferred_broad_vesiculovirus=FALSE,Orthoflavivirus denguei,Dengue,PCR/Sequencing,VIRION,1,FALSE,FALSE,FALSE,FALSE,TRUE,FALSE,host_present_in_system,host appears in canonical WHO disease-pathogen-host backbone; role-specific reservoir/amplifier/incidental/dead-end evidence not assessed,low,TRUE,medium_ecology_triage
Dengue,Orthoflavivirus denguei,Orthoflavivirus denguei,12637; 3052464,Molossus rufus,124751,mammalia,chiroptera,molossidae,TRUE,FALSE,both,in_gibb_etal=TRUE; in_empres_i=FALSE; deferred_broad_vesiculovirus=FALSE,Orthoflavivirus denguei,Dengue,Antibodies; PCR/Sequencing,VIRION,2,FALSE,FALSE,FALSE,FALSE,TRUE,FALSE,host_present_in_system,host appears in canonical WHO disease-pathogen-host backbone; role-specific reservoir/amplifier/incidental/dead-end evidence not assessed,low,TRUE,medium_ecology_triage
Dengue,Orthoflavivirus denguei,Orthoflavivirus denguei,3052464,Molossus sinaloae,58076,mammalia,chiroptera,molossidae,TRUE,FALSE,both,in_gibb_etal=TRUE; in_empres_i=FALSE; deferred_broad_vesiculovirus=FALSE,Orthoflavivirus denguei,Dengue,PCR/Sequencing,VIRION,1,FALSE,FALSE,FALSE,FALSE,TRUE,FALSE,host_present_in_system,host appears in canonical WHO disease-pathogen-host backbone; role-specific reservoir/amplifier/incidental/dead-end evidence not assessed,low,TRUE,medium_ecology_triage
Dengue,Orthoflavivirus denguei,Orthoflavivirus denguei,12637,Myotis nigricans,153286,mammalia,chiroptera,vespertilionidae,TRUE,FALSE,both,in_gibb_etal=TRUE; in_empres_i=FALSE; deferred_broad_vesiculovirus=FALSE,Orthoflavivirus denguei,Dengue,PCR/Sequencing,VIRION,1,FALSE,FALSE,FALSE,FALSE,TRUE,FALSE,host_present_in_system,host appears in canonical WHO disease-pathogen-host backbone; role-specific reservoir/amplifier/incidental/dead-end evidence not assessed,low,TRUE,medium_ecology_triage
Dengue,Orthoflavivirus denguei,Orthoflavivirus denguei,12637,Natalus stramineus,155040,mammalia,chiroptera,natalidae,TRUE,FALSE,both,in_gibb_etal=TRUE; in_empres_i=FALSE; deferred_broad_vesiculovirus=FALSE,Orthoflavivirus denguei,Dengue,PCR/Sequencing,VIRION,1,FALSE,FALSE,FALSE,FALSE,TRUE,FALSE,host_present_in_system,host appears in canonical WHO disease-pathogen-host backbone; role-specific reservoir/amplifier/incidental/dead-end evidence not assessed,low,TRUE,medium_ecology_triage
Dengue,Orthoflavivirus denguei,Orthoflavivirus denguei,3052464,Phyllostomus discolor,89673,mammalia,chiroptera,phyllostomidae,TRUE,FALSE,both,in_gibb_etal=TRUE; in_empres_i=FALSE; deferred_broad_vesiculovirus=FALSE,Orthoflavivirus denguei,Dengue,PCR/Sequencing,VIRION,1,FALSE,FALSE,FALSE,FALSE,TRUE,FALSE,host_present_in_system,host appears in canonical WHO disease-pathogen-host backbone; role-specific reservoir/amplifier/incidental/dead-end evidence not assessed,low,TRUE,medium_ecology_triage
Dengue,Orthoflavivirus denguei,Orthoflavivirus denguei,12637,Pteropus alecto,9402,mammalia,chiroptera,pteropodidae,TRUE,FALSE,both,in_gibb_etal=TRUE; in_empres_i=FALSE; deferred_broad_vesiculovirus=FALSE,Orthoflavivirus denguei,Dengue,Antibodies,VIRION,1,FALSE,FALSE,FALSE,FALSE,TRUE,FALSE,host_present_in_system,host appears in canonical WHO disease-pathogen-host backbone; role-specific reservoir/amplifier/incidental/dead-end evidence not assessed,low,TRUE,medium_ecology_triage
Dengue,Orthoflavivirus denguei,Orthoflavivirus denguei,3052464,Rhogeessa tumida,153299,mammalia,chiroptera,vespertilionidae,TRUE,FALSE,both,in_gibb_etal=TRUE; in_empres_i=FALSE; deferred_broad_vesiculovirus=FALSE,Orthoflavivirus denguei,Dengue,PCR/Sequencing,VIRION,1,FALSE,FALSE,FALSE,FALSE,TRUE,FALSE,host_present_in_system,host appears in canonical WHO disease-pathogen-host backbone; role-specific reservoir/amplifier/incidental/dead-end evidence not assessed,low,TRUE,medium_ecology_triage
Dengue,Orthoflavivirus denguei,Orthoflavivirus denguei,12637,Rousettus leschenaultii,9408,mammalia,chiroptera,pteropodidae,TRUE,FALSE,both,in_gibb_etal=TRUE; in_empres_i=FALSE; deferred_broad_vesiculovirus=FALSE,Orthoflavivirus denguei,Dengue,PCR/Sequencing,VIRION,1,FALSE,FALSE,FALSE,FALSE,TRUE,FALSE,host_present_in_system,host appears in canonical WHO disease-pathogen-host backbone; role-specific reservoir/amplifier/incidental/dead-end evidence not assessed,low,TRUE,medium_ecology_triage
Dengue,Orthoflavivirus denguei,Orthoflavivirus denguei,12637,Scotophilus kuhlii,153297,mammalia,chiroptera,vespertilionidae,TRUE,FALSE,both,in_gibb_etal=TRUE; in_empres_i=FALSE; deferred_broad_vesiculovirus=FALSE,Orthoflavivirus denguei,Dengue,Antibodies,VIRION,1,FALSE,FALSE,FALSE,FALSE,TRUE,FALSE,host_present_in_system,host appears in canonical WHO disease-pathogen-host backbone; role-specific reservoir/amplifier/incidental/dead-end evidence not assessed,low,TRUE,medium_ecology_triage
Dengue,Orthoflavivirus denguei,Orthoflavivirus denguei,12637,Sturnira lilium,27660,mammalia,chiroptera,phyllostomidae,TRUE,FALSE,both,in_gibb_etal=TRUE; in_empres_i=FALSE; deferred_broad_vesiculovirus=FALSE,Orthoflavivirus denguei,Dengue,Antibodies,VIRION,1,FALSE,FALSE,FALSE,FALSE,TRUE,FALSE,host_present_in_system,host appears in canonical WHO disease-pathogen-host backbone; role-specific reservoir/amplifier/incidental/dead-end evidence not assessed,low,TRUE,medium_ecology_triage
Dengue,Orthoflavivirus denguei,Orthoflavivirus denguei,3052464,Sturnira parvidens,196700,mammalia,chiroptera,phyllostomidae,TRUE,FALSE,both,in_gibb_etal=TRUE; in_empres_i=FALSE; deferred_broad_vesiculovirus=FALSE,Orthoflavivirus denguei,Dengue,PCR/Sequencing,VIRION,1,FALSE,FALSE,FALSE,FALSE,TRUE,FALSE,host_present_in_system,host appears in canonical WHO disease-pathogen-host backbone; role-specific reservoir/amplifier/incidental/dead-end evidence not assessed,low,TRUE,medium_ecology_triage
Dengue,Orthoflavivirus denguei,Orthoflavivirus denguei,3052464,Callithrix penicillata,57378,mammalia,primates,callitrichidae,TRUE,FALSE,both,in_gibb_etal=TRUE; in_empres_i=FALSE; deferred_broad_vesiculovirus=FALSE,Orthoflavivirus denguei,Dengue,PCR/Sequencing,VIRION,1,FALSE,FALSE,FALSE,FALSE,FALSE,TRUE,host_present_in_system,host appears in canonical WHO disease-pathogen-host backbone; role-specific reservoir/amplifier/incidental/dead-end evidence not assessed,low,TRUE,medium_ecology_triage
Dengue,Orthoflavivirus denguei,Orthoflavivirus denguei,3052464,Chlorocebus aethiops,9534,mammalia,primates,cercopithecidae,TRUE,FALSE,both,in_gibb_etal=TRUE; in_empres_i=FALSE; deferred_broad_vesiculovirus=FALSE,Orthoflavivirus denguei,Dengue,PCR/Sequencing,VIRION,1,FALSE,FALSE,FALSE,FALSE,FALSE,TRUE,host_present_in_system,host appears in canonical WHO disease-pathogen-host backbone; role-specific reservoir/amplifier/incidental/dead-end evidence not assessed,low,TRUE,medium_ecology_triage
Dengue,Orthoflavivirus denguei,Orthoflavivirus denguei,12637,Erythrocebus patas,9538,mammalia,primates,cercopithecidae,TRUE,FALSE,both,in_gibb_etal=TRUE; in_empres_i=FALSE; deferred_broad_vesiculovirus=FALSE,Orthoflavivirus denguei,Dengue,Isolation/Observation,VIRION,1,FALSE,FALSE,FALSE,FALSE,FALSE,TRUE,host_present_in_system,host appears in canonical WHO disease-pathogen-host backbone; role-specific reservoir/amplifier/incidental/dead-end evidence not assessed,low,TRUE,medium_ecology_triage
Dengue,Orthoflavivirus denguei,Orthoflavivirus denguei,12637; 3052464,Macaca fascicularis,9541,mammalia,primates,cercopithecidae,TRUE,FALSE,both,in_gibb_etal=TRUE; in_empres_i=FALSE; deferred_broad_vesiculovirus=FALSE,Orthoflavivirus denguei,Dengue,Antibodies; Isolation/Observation; PCR/Sequencing,VIRION,2,FALSE,FALSE,FALSE,FALSE,FALSE,TRUE,host_present_in_system,host appears in canonical WHO disease-pathogen-host backbone; role-specific reservoir/amplifier/incidental/dead-end evidence not assessed,low,TRUE,medium_ecology_triage
Dengue,Orthoflavivirus denguei,Orthoflavivirus denguei,3052464,Macaca nemestrina,9545,mammalia,primates,cercopithecidae,TRUE,FALSE,both,in_gibb_etal=TRUE; in_empres_i=FALSE; deferred_broad_vesiculovirus=FALSE,Orthoflavivirus denguei,Dengue,PCR/Sequencing,VIRION,1,FALSE,FALSE,FALSE,FALSE,FALSE,TRUE,host_present_in_system,host appears in canonical WHO disease-pathogen-host backbone; role-specific reservoir/amplifier/incidental/dead-end evidence not assessed,low,TRUE,medium_ecology_triage
Dengue,Orthoflavivirus denguei,Orthoflavivirus denguei,12637,Pongo pygmaeus,9600,mammalia,primates,hominidae,TRUE,FALSE,both,in_gibb_etal=TRUE; in_empres_i=FALSE; deferred_broad_vesiculovirus=FALSE,Orthoflavivirus denguei,Dengue,Antibodies,VIRION,1,FALSE,FALSE,FALSE,FALSE,FALSE,TRUE,host_present_in_system,host appears in canonical WHO disease-pathogen-host backbone; role-specific reservoir/amplifier/incidental/dead-end evidence not assessed,low,TRUE,medium_ecology_triage
Dengue,Orthoflavivirus denguei,Orthoflavivirus denguei,3052464,Trachypithecus cristatus,122765,mammalia,primates,cercopithecidae,TRUE,FALSE,both,in_gibb_etal=TRUE; in_empres_i=FALSE; deferred_broad_vesiculovirus=FALSE,Orthoflavivirus denguei,Dengue,PCR/Sequencing,VIRION,1,FALSE,FALSE,FALSE,FALSE,FALSE,TRUE,host_present_in_system,host appears in canonical WHO disease-pathogen-host backbone; role-specific reservoir/amplifier/incidental/dead-end evidence not assessed,low,TRUE,medium_ecology_triage
Dengue,Orthoflavivirus denguei,Orthoflavivirus denguei,12637,Trachypithecus obscurus,54181,mammalia,primates,cercopithecidae,TRUE,FALSE,both,in_gibb_etal=TRUE; in_empres_i=FALSE; deferred_broad_vesiculovirus=FALSE,Orthoflavivirus denguei,Dengue,Isolation/Observation,VIRION,1,FALSE,FALSE,FALSE,FALSE,FALSE,TRUE,host_present_in_system,host appears in canonical WHO disease-pathogen-host backbone; role-specific reservoir/amplifier/incidental/dead-end evidence not assessed,low,TRUE,medium_ecology_triage
Dengue,Orthoflavivirus denguei,Orthoflavivirus denguei,12637,Hylaeamys megacephalus,89099,mammalia,rodentia,cricetidae,TRUE,FALSE,both,in_gibb_etal=TRUE; in_empres_i=FALSE; deferred_broad_vesiculovirus=FALSE,Orthoflavivirus denguei,Dengue,PCR/Sequencing,VIRION,1,FALSE,FALSE,FALSE,TRUE,FALSE,FALSE,host_present_in_system,host appears in canonical WHO disease-pathogen-host backbone; role-specific reservoir/amplifier/incidental/dead-end evidence not assessed,low,TRUE,medium_ecology_triage
Dengue,Orthoflavivirus denguei,Orthoflavivirus denguei,12637,Mesomys hispidus,30627,mammalia,rodentia,echimyidae,TRUE,FALSE,both,in_gibb_etal=TRUE; in_empres_i=FALSE; deferred_broad_vesiculovirus=FALSE,Orthoflavivirus denguei,Dengue,PCR/Sequencing,VIRION,1,FALSE,FALSE,FALSE,TRUE,FALSE,FALSE,host_present_in_system,host appears in canonical WHO disease-pathogen-host backbone; role-specific reservoir/amplifier/incidental/dead-end evidence not assessed,low,TRUE,medium_ecology_triage
Dengue,Orthoflavivirus denguei,Orthoflavivirus denguei,12637; 3052464,Mus musculus,10090,mammalia,rodentia,muridae,TRUE,FALSE,both,in_gibb_etal=TRUE; in_empres_i=FALSE; deferred_broad_vesiculovirus=FALSE,Orthoflavivirus denguei,Dengue,Not specified; PCR/Sequencing; PCR/Sequencing,VIRION,2,FALSE,FALSE,FALSE,TRUE,FALSE,FALSE,host_present_in_system,host appears in canonical WHO disease-pathogen-host backbone; role-specific reservoir/amplifier/incidental/dead-end evidence not assessed,low,TRUE,medium_ecology_triage
Dengue,Orthoflavivirus denguei,Orthoflavivirus denguei,12637; 3052464,Proechimys cuvieri,128106,mammalia,rodentia,echimyidae,TRUE,FALSE,both,in_gibb_etal=TRUE; in_empres_i=FALSE; deferred_broad_vesiculovirus=FALSE,Orthoflavivirus denguei,Dengue,PCR/Sequencing,VIRION,2,FALSE,FALSE,FALSE,TRUE,FALSE,FALSE,host_present_in_system,host appears in canonical WHO disease-pathogen-host backbone; role-specific reservoir/amplifier/incidental/dead-end evidence not assessed,low,TRUE,medium_ecology_triage
Dengue,Orthoflavivirus denguei,Orthoflavivirus denguei,12637,Proechimys guyannensis,128105,mammalia,rodentia,echimyidae,TRUE,FALSE,both,in_gibb_etal=TRUE; in_empres_i=FALSE; deferred_broad_vesiculovirus=FALSE,Orthoflavivirus denguei,Dengue,PCR/Sequencing,VIRION,1,FALSE,FALSE,FALSE,TRUE,FALSE,FALSE,host_present_in_system,host appears in canonical WHO disease-pathogen-host backbone; role-specific reservoir/amplifier/incidental/dead-end evidence not assessed,low,TRUE,medium_ecology_triage
Dengue,Orthoflavivirus denguei,Orthoflavivirus denguei,12637; 3052464,Homo sapiens,9606,,,,TRUE,FALSE,both,in_gibb_etal=TRUE; in_empres_i=FALSE; deferred_broad_vesiculovirus=FALSE,Orthoflavivirus denguei,Dengue,PCR/Sequencing; PCR/Sequencing; Isolation/Observation; Not specified,VIRION,2,TRUE,FALSE,,,,,host_present_in_system,host appears in canonical WHO disease-pathogen-host backbone; role-specific reservoir/amplifier/incidental/dead-end evidence not assessed,low,TRUE,medium_human_triage
Dengue,Orthoflavivirus denguei,Orthoflavivirus denguei,3052464,Canis lupus,9615,mammalia,carnivora,canidae,TRUE,FALSE,both,in_gibb_etal=TRUE; in_empres_i=FALSE; deferred_broad_vesiculovirus=FALSE,Orthoflavivirus denguei,Dengue,PCR/Sequencing,VIRION,1,FALSE,FALSE,FALSE,FALSE,FALSE,FALSE,host_present_in_system,host appears in canonical WHO disease-pathogen-host backbone; role-specific reservoir/amplifier/incidental/dead-end evidence not assessed,low,TRUE,standard_review
Dengue,Orthoflavivirus denguei,Orthoflavivirus denguei,12637,Caluromys philander,70610,mammalia,didelphimorphia,didelphidae,TRUE,FALSE,both,in_gibb_etal=TRUE; in_empres_i=FALSE; deferred_broad_vesiculovirus=FALSE,Orthoflavivirus denguei,Dengue,PCR/Sequencing,VIRION,1,FALSE,FALSE,FALSE,FALSE,FALSE,FALSE,host_present_in_system,host appears in canonical WHO disease-pathogen-host backbone; role-specific reservoir/amplifier/incidental/dead-end evidence not assessed,low,TRUE,standard_review
Dengue,Orthoflavivirus denguei,Orthoflavivirus denguei,12637; 3052464,Didelphis marsupialis,9268,mammalia,didelphimorphia,didelphidae,TRUE,FALSE,both,in_gibb_etal=TRUE; in_empres_i=FALSE; deferred_broad_vesiculovirus=FALSE,Orthoflavivirus denguei,Dengue,PCR/Sequencing,VIRION,2,FALSE,FALSE,FALSE,FALSE,FALSE,FALSE,host_present_in_system,host appears in canonical WHO disease-pathogen-host backbone; role-specific reservoir/amplifier/incidental/dead-end evidence not assessed,low,TRUE,standard_review
Dengue,Orthoflavivirus denguei,Orthoflavivirus denguei,12637,Marmosa demerarae,42719,mammalia,didelphimorphia,didelphidae,TRUE,FALSE,both,in_gibb_etal=TRUE; in_empres_i=FALSE; deferred_broad_vesiculovirus=FALSE,Orthoflavivirus denguei,Dengue,PCR/Sequencing,VIRION,1,FALSE,FALSE,FALSE,FALSE,FALSE,FALSE,host_present_in_system,host appears in canonical WHO disease-pathogen-host backbone; role-specific reservoir/amplifier/incidental/dead-end evidence not assessed,low,TRUE,standard_review
Dengue,Orthoflavivirus denguei,Orthoflavivirus denguei,12637; 3052464,Marmosa murina,126295,mammalia,didelphimorphia,didelphidae,TRUE,FALSE,both,in_gibb_etal=TRUE; in_empres_i=FALSE; deferred_broad_vesiculovirus=FALSE,Orthoflavivirus denguei,Dengue,PCR/Sequencing,VIRION,2,FALSE,FALSE,FALSE,FALSE,FALSE,FALSE,host_present_in_system,host appears in canonical WHO disease-pathogen-host backbone; role-specific reservoir/amplifier/incidental/dead-end evidence not assessed,low,TRUE,standard_review
Dengue,Orthoflavivirus denguei,Orthoflavivirus denguei,12637,Marmosops parvidens,126298,mammalia,didelphimorphia,didelphidae,TRUE,FALSE,both,in_gibb_etal=TRUE; in_empres_i=FALSE; deferred_broad_vesiculovirus=FALSE,Orthoflavivirus denguei,Dengue,PCR/Sequencing,VIRION,1,FALSE,FALSE,FALSE,FALSE,FALSE,FALSE,host_present_in_system,host appears in canonical WHO disease-pathogen-host backbone; role-specific reservoir/amplifier/incidental/dead-end evidence not assessed,low,TRUE,standard_review
Dengue,Orthoflavivirus denguei,Orthoflavivirus denguei,12637,Philander opossum,9272,mammalia,didelphimorphia,didelphidae,TRUE,FALSE,both,in_gibb_etal=TRUE; in_empres_i=FALSE; deferred_broad_vesiculovirus=FALSE,Orthoflavivirus denguei,Dengue,PCR/Sequencing,VIRION,1,FALSE,FALSE,FALSE,FALSE,FALSE,FALSE,host_present_in_system,host appears in canonical WHO disease-pathogen-host backbone; role-specific reservoir/amplifier/incidental/dead-end evidence not assessed,low,TRUE,standard_review
Dengue,Orthoflavivirus denguei,Orthoflavivirus denguei,3052464,Tupaia glis,9395,mammalia,scandentia,tupaiidae,TRUE,FALSE,both,in_gibb_etal=TRUE; in_empres_i=FALSE; deferred_broad_vesiculovirus=FALSE,Orthoflavivirus denguei,Dengue,PCR/Sequencing,VIRION,1,FALSE,FALSE,FALSE,FALSE,FALSE,FALSE,host_present_in_system,host appears in canonical WHO disease-pathogen-host backbone; role-specific reservoir/amplifier/incidental/dead-end evidence not assessed,low,TRUE,standard_review
Dengue,Orthoflavivirus denguei,Orthoflavivirus denguei,3052464,Glossophaga mutica,2994998,,,,TRUE,FALSE,both,in_gibb_etal=TRUE; in_empres_i=FALSE; deferred_broad_vesiculovirus=FALSE,Orthoflavivirus denguei,Dengue,PCR/Sequencing,VIRION,1,FALSE,FALSE,,,,,host_present_in_system,host appears in canonical WHO disease-pathogen-host backbone; role-specific reservoir/amplifier/incidental/dead-end evidence not assessed,low,TRUE,standard_review
Dengue,Orthoflavivirus denguei,Orthoflavivirus denguei,3052464,Molossus nigricans,2997257,,,,TRUE,FALSE,both,in_gibb_etal=TRUE; in_empres_i=FALSE; deferred_broad_vesiculovirus=FALSE,Orthoflavivirus denguei,Dengue,PCR/Sequencing,VIRION,1,FALSE,FALSE,,,,,host_present_in_system,host appears in canonical WHO disease-pathogen-host backbone; role-specific reservoir/amplifier/incidental/dead-end evidence not assessed,low,TRUE,standard_review
Dengue,Orthoflavivirus denguei,Orthoflavivirus denguei,12637,anoura geoffroyi,148021,,,,TRUE,FALSE,both,in_gibb_etal=TRUE; in_empres_i=FALSE; deferred_broad_vesiculovirus=FALSE,Orthoflavivirus denguei,Dengue,Antibodies,VIRION,1,FALSE,FALSE,,,,,host_present_in_system,host appears in canonical WHO disease-pathogen-host backbone; role-specific reservoir/amplifier/incidental/dead-end evidence not assessed,low,TRUE,standard_review
Dengue,Orthoflavivirus denguei,Orthoflavivirus denguei,12637,artibeus cinereus,40224,,,,TRUE,FALSE,both,in_gibb_etal=TRUE; in_empres_i=FALSE; deferred_broad_vesiculovirus=FALSE,Orthoflavivirus denguei,Dengue,Antibodies,VIRION,1,FALSE,FALSE,,,,,host_present_in_system,host appears in canonical WHO disease-pathogen-host backbone; role-specific reservoir/amplifier/incidental/dead-end evidence not assessed,low,TRUE,standard_review
Dengue,Orthoflavivirus denguei,Orthoflavivirus denguei,12637,dasyprocta leporina,42152,,,,TRUE,FALSE,both,in_gibb_etal=TRUE; in_empres_i=FALSE; deferred_broad_vesiculovirus=FALSE,Orthoflavivirus denguei,Dengue,Antibodies,VIRION,1,FALSE,FALSE,,,,,host_present_in_system,host appears in canonical WHO disease-pathogen-host backbone; role-specific reservoir/amplifier/incidental/dead-end evidence not assessed,low,TRUE,standard_review
Dengue,Orthoflavivirus denguei,Orthoflavivirus denguei,12637,macaca sinica,9552,,,,TRUE,FALSE,both,in_gibb_etal=TRUE; in_empres_i=FALSE; deferred_broad_vesiculovirus=FALSE,Orthoflavivirus denguei,Dengue,Antibodies,VIRION,1,FALSE,FALSE,,,,,host_present_in_system,host appears in canonical WHO disease-pathogen-host backbone; role-specific reservoir/amplifier/incidental/dead-end evidence not assessed,low,TRUE,standard_review
Dengue,Orthoflavivirus denguei,Orthoflavivirus denguei,12637,phyllostomus hastatus,9423,,,,TRUE,FALSE,both,in_gibb_etal=TRUE; in_empres_i=FALSE; deferred_broad_vesiculovirus=FALSE,Orthoflavivirus denguei,Dengue,Antibodies,VIRION,1,FALSE,FALSE,,,,,host_present_in_system,host appears in canonical WHO disease-pathogen-host backbone; role-specific reservoir/amplifier/incidental/dead-end evidence not assessed,low,TRUE,standard_review
Dengue,Orthoflavivirus denguei,Orthoflavivirus denguei,12637,pteronotus davyi,94956,,,,TRUE,FALSE,both,in_gibb_etal=TRUE; in_empres_i=FALSE; deferred_broad_vesiculovirus=FALSE,Orthoflavivirus denguei,Dengue,Antibodies,VIRION,1,FALSE,FALSE,,,,,host_present_in_system,host appears in canonical WHO disease-pathogen-host backbone; role-specific reservoir/amplifier/incidental/dead-end evidence not assessed,low,TRUE,standard_review
Dengue,Orthoflavivirus denguei,Orthoflavivirus denguei,12637,pteronotus parnellii,59476,,,,TRUE,FALSE,both,in_gibb_etal=TRUE; in_empres_i=FALSE; deferred_broad_vesiculovirus=FALSE,Orthoflavivirus denguei,Dengue,Antibodies,VIRION,1,FALSE,FALSE,,,,,host_present_in_system,host appears in canonical WHO disease-pathogen-host backbone; role-specific reservoir/amplifier/incidental/dead-end evidence not assessed,low,TRUE,standard_review
Dengue,Orthoflavivirus denguei,Orthoflavivirus denguei,12637,pteropus scapulatus,94117,,,,TRUE,FALSE,both,in_gibb_etal=TRUE; in_empres_i=FALSE; deferred_broad_vesiculovirus=FALSE,Orthoflavivirus denguei,Dengue,Antibodies,VIRION,1,FALSE,FALSE,,,,,host_present_in_system,host appears in canonical WHO disease-pathogen-host backbone; role-specific reservoir/amplifier/incidental/dead-end evidence not assessed,low,TRUE,standard_review
Ebola virus disease,Orthoebolavirus zairense,Orthoebolavirus zairense,186538,Eidolon helvum,77214,mammalia,chiroptera,pteropodidae,TRUE,TRUE,both,in_gibb_etal=TRUE; in_empres_i=TRUE; deferred_broad_vesiculovirus=FALSE,Orthoebolavirus zairense,Ebola virus disease,Antibodies; PCR/Sequencing,VIRION,1,FALSE,FALSE,FALSE,FALSE,TRUE,FALSE,host_present_in_system,host appears in canonical WHO disease-pathogen-host backbone; role-specific reservoir/amplifier/incidental/dead-end evidence not assessed,low,TRUE,medium_ecology_triage
Ebola virus disease,Orthoebolavirus zairense,Orthoebolavirus zairense,186538,Epomophorus pusillus,2853157,mammalia,chiroptera,pteropodidae,TRUE,TRUE,both,in_gibb_etal=TRUE; in_empres_i=TRUE; deferred_broad_vesiculovirus=FALSE,Orthoebolavirus zairense,Ebola virus disease,Antibodies; PCR/Sequencing,VIRION,1,FALSE,FALSE,FALSE,FALSE,TRUE,FALSE,host_present_in_system,host appears in canonical WHO disease-pathogen-host backbone; role-specific reservoir/amplifier/incidental/dead-end evidence not assessed,low,TRUE,medium_ecology_triage
Ebola virus disease,Orthoebolavirus zairense,Orthoebolavirus zairense,186538,Epomops franqueti,77231,mammalia,chiroptera,pteropodidae,TRUE,TRUE,both,in_gibb_etal=TRUE; in_empres_i=TRUE; deferred_broad_vesiculovirus=FALSE,Orthoebolavirus zairense,Ebola virus disease,PCR/Sequencing,VIRION,1,FALSE,FALSE,FALSE,FALSE,TRUE,FALSE,host_present_in_system,host appears in canonical WHO disease-pathogen-host backbone; role-specific reservoir/amplifier/incidental/dead-end evidence not assessed,low,TRUE,medium_ecology_triage
Ebola virus disease,Orthoebolavirus zairense,Orthoebolavirus zairense,186538,Hypsignathus monstrosus,448084,mammalia,chiroptera,pteropodidae,TRUE,TRUE,both,in_gibb_etal=TRUE; in_empres_i=TRUE; deferred_broad_vesiculovirus=FALSE,Orthoebolavirus zairense,Ebola virus disease,PCR/Sequencing,VIRION,1,FALSE,FALSE,FALSE,FALSE,TRUE,FALSE,host_present_in_system,host appears in canonical WHO disease-pathogen-host backbone; role-specific reservoir/amplifier/incidental/dead-end evidence not assessed,low,TRUE,medium_ecology_triage
Ebola virus disease,Orthoebolavirus zairense,Orthoebolavirus zairense,186538,Myonycteris torquata,77243,mammalia,chiroptera,pteropodidae,TRUE,TRUE,both,in_gibb_etal=TRUE; in_empres_i=TRUE; deferred_broad_vesiculovirus=FALSE,Orthoebolavirus zairense,Ebola virus disease,Antibodies; PCR/Sequencing,VIRION,1,FALSE,FALSE,FALSE,FALSE,TRUE,FALSE,host_present_in_system,host appears in canonical WHO disease-pathogen-host backbone; role-specific reservoir/amplifier/incidental/dead-end evidence not assessed,low,TRUE,medium_ecology_triage
Ebola virus disease,Orthoebolavirus zairense,Orthoebolavirus zairense,186538,Rousettus aegyptiacus,9407,mammalia,chiroptera,pteropodidae,TRUE,TRUE,both,in_gibb_etal=TRUE; in_empres_i=TRUE; deferred_broad_vesiculovirus=FALSE,Orthoebolavirus zairense,Ebola virus disease,Antibodies; PCR/Sequencing,VIRION,1,FALSE,FALSE,FALSE,FALSE,TRUE,FALSE,host_present_in_system,host appears in canonical WHO disease-pathogen-host backbone; role-specific reservoir/amplifier/incidental/dead-end evidence not assessed,low,TRUE,medium_ecology_triage
Ebola virus disease,Orthoebolavirus zairense,Orthoebolavirus zairense,186538,Rousettus leschenaultii,9408,mammalia,chiroptera,pteropodidae,TRUE,TRUE,both,in_gibb_etal=TRUE; in_empres_i=TRUE; deferred_broad_vesiculovirus=FALSE,Orthoebolavirus zairense,Ebola virus disease,Antibodies,VIRION,1,FALSE,FALSE,FALSE,FALSE,TRUE,FALSE,host_present_in_system,host appears in canonical WHO disease-pathogen-host backbone; role-specific reservoir/amplifier/incidental/dead-end evidence not assessed,low,TRUE,medium_ecology_triage
Ebola virus disease,Orthoebolavirus zairense,Orthoebolavirus zairense,186538,Gorilla beringei,499232,mammalia,primates,hominidae,TRUE,TRUE,both,in_gibb_etal=TRUE; in_empres_i=TRUE; deferred_broad_vesiculovirus=FALSE,Orthoebolavirus zairense,Ebola virus disease,PCR/Sequencing,VIRION,1,FALSE,FALSE,FALSE,FALSE,FALSE,TRUE,host_present_in_system,host appears in canonical WHO disease-pathogen-host backbone; role-specific reservoir/amplifier/incidental/dead-end evidence not assessed,low,TRUE,medium_ecology_triage
Ebola virus disease,Orthoebolavirus zairense,Orthoebolavirus zairense,186538,Gorilla gorilla,9593,mammalia,primates,hominidae,TRUE,TRUE,both,in_gibb_etal=TRUE; in_empres_i=TRUE; deferred_broad_vesiculovirus=FALSE,Orthoebolavirus zairense,Ebola virus disease,Isolation/Observation; Not specified; PCR/Sequencing,VIRION,1,FALSE,FALSE,FALSE,FALSE,FALSE,TRUE,host_present_in_system,host appears in canonical WHO disease-pathogen-host backbone; role-specific reservoir/amplifier/incidental/dead-end evidence not assessed,low,TRUE,medium_ecology_triage
Ebola virus disease,Orthoebolavirus zairense,Orthoebolavirus zairense,3052462,Macaca fascicularis,9541,mammalia,primates,cercopithecidae,TRUE,TRUE,both,in_gibb_etal=TRUE; in_empres_i=TRUE; deferred_broad_vesiculovirus=FALSE,Orthoebolavirus zairense,Ebola virus disease,PCR/Sequencing,VIRION,1,FALSE,FALSE,FALSE,FALSE,FALSE,TRUE,host_present_in_system,host appears in canonical WHO disease-pathogen-host backbone; role-specific reservoir/amplifier/incidental/dead-end evidence not assessed,low,TRUE,medium_ecology_triage
Ebola virus disease,Orthoebolavirus zairense,Orthoebolavirus zairense,3052462,Macaca mulatta,9544,mammalia,primates,cercopithecidae,TRUE,TRUE,both,in_gibb_etal=TRUE; in_empres_i=TRUE; deferred_broad_vesiculovirus=FALSE,Orthoebolavirus zairense,Ebola virus disease,PCR/Sequencing,VIRION,1,FALSE,FALSE,FALSE,FALSE,FALSE,TRUE,host_present_in_system,host appears in canonical WHO disease-pathogen-host backbone; role-specific reservoir/amplifier/incidental/dead-end evidence not assessed,low,TRUE,medium_ecology_triage
Ebola virus disease,Orthoebolavirus zairense,Orthoebolavirus zairense,186538; 3052462,Pan troglodytes,9598,mammalia,primates,hominidae,TRUE,TRUE,both,in_gibb_etal=TRUE; in_empres_i=TRUE; deferred_broad_vesiculovirus=FALSE,Orthoebolavirus zairense,Ebola virus disease,Antibodies; Isolation/Observation; PCR/Sequencing; PCR/Sequencing,VIRION,2,FALSE,FALSE,FALSE,FALSE,FALSE,TRUE,host_present_in_system,host appears in canonical WHO disease-pathogen-host backbone; role-specific reservoir/amplifier/incidental/dead-end evidence not assessed,low,TRUE,medium_ecology_triage
Ebola virus disease,Orthoebolavirus zairense,Orthoebolavirus zairense,186538,Pongo pygmaeus,9600,mammalia,primates,hominidae,TRUE,TRUE,both,in_gibb_etal=TRUE; in_empres_i=TRUE; deferred_broad_vesiculovirus=FALSE,Orthoebolavirus zairense,Ebola virus disease,Antibodies,VIRION,1,FALSE,FALSE,FALSE,FALSE,FALSE,TRUE,host_present_in_system,host appears in canonical WHO disease-pathogen-host backbone; role-specific reservoir/amplifier/incidental/dead-end evidence not assessed,low,TRUE,medium_ecology_triage
Ebola virus disease,Orthoebolavirus zairense,Orthoebolavirus zairense,186538; 3052462,Cavia porcellus,10141,mammalia,rodentia,caviidae,TRUE,TRUE,both,in_gibb_etal=TRUE; in_empres_i=TRUE; deferred_broad_vesiculovirus=FALSE,Orthoebolavirus zairense,Ebola virus disease,PCR/Sequencing,VIRION,2,FALSE,FALSE,FALSE,TRUE,FALSE,FALSE,host_present_in_system,host appears in canonical WHO disease-pathogen-host backbone; role-specific reservoir/amplifier/incidental/dead-end evidence not assessed,low,TRUE,medium_ecology_triage
Ebola virus disease,Orthoebolavirus zairense,Orthoebolavirus zairense,186538,Mus setulosus,10102,mammalia,rodentia,muridae,TRUE,TRUE,both,in_gibb_etal=TRUE; in_empres_i=TRUE; deferred_broad_vesiculovirus=FALSE,Orthoebolavirus zairense,Ebola virus disease,PCR/Sequencing,VIRION,1,FALSE,FALSE,FALSE,TRUE,FALSE,FALSE,host_present_in_system,host appears in canonical WHO disease-pathogen-host backbone; role-specific reservoir/amplifier/incidental/dead-end evidence not assessed,low,TRUE,medium_ecology_triage
Ebola virus disease,Orthoebolavirus zairense,Orthoebolavirus zairense,186538; 3052462,Homo sapiens,9606,,,,TRUE,TRUE,both,in_gibb_etal=TRUE; in_empres_i=TRUE; deferred_broad_vesiculovirus=FALSE,Orthoebolavirus zairense,Ebola virus disease,Isolation/Observation; Not specified; PCR/Sequencing; PCR/Sequencing,VIRION,2,TRUE,FALSE,,,,,host_present_in_system,host appears in canonical WHO disease-pathogen-host backbone; role-specific reservoir/amplifier/incidental/dead-end evidence not assessed,low,TRUE,medium_human_triage
Ebola virus disease,Orthoebolavirus zairense,Orthoebolavirus zairense,186538,Sylvisorex ollula,128151,mammalia,eulipotyphla,soricidae,TRUE,TRUE,both,in_gibb_etal=TRUE; in_empres_i=TRUE; deferred_broad_vesiculovirus=FALSE,Orthoebolavirus zairense,Ebola virus disease,PCR/Sequencing,VIRION,1,FALSE,FALSE,FALSE,FALSE,FALSE,FALSE,host_present_in_system,host appears in canonical WHO disease-pathogen-host backbone; role-specific reservoir/amplifier/incidental/dead-end evidence not assessed,low,TRUE,standard_review
Ebola virus disease,Orthoebolavirus zairense,Orthoebolavirus zairense,186538,Cephalophus callipygus,129223,,,,TRUE,TRUE,both,in_gibb_etal=TRUE; in_empres_i=TRUE; deferred_broad_vesiculovirus=FALSE,Orthoebolavirus zairense,Ebola virus disease,PCR/Sequencing,VIRION,1,FALSE,FALSE,,,,,host_present_in_system,host appears in canonical WHO disease-pathogen-host backbone; role-specific reservoir/amplifier/incidental/dead-end evidence not assessed,low,TRUE,standard_review
Ebola virus disease,Orthoebolavirus zairense,Orthoebolavirus zairense,186538,mops condylurus,258863,,,,TRUE,TRUE,both,in_gibb_etal=TRUE; in_empres_i=TRUE; deferred_broad_vesiculovirus=FALSE,Orthoebolavirus zairense,Ebola virus disease,Antibodies,VIRION,1,FALSE,FALSE,,,,,host_present_in_system,host appears in canonical WHO disease-pathogen-host backbone; role-specific reservoir/amplifier/incidental/dead-end evidence not assessed,low,TRUE,standard_review
Hemorrhagic fever with renal syndrome (Hantaan virus),Orthohantavirus hantanense,Orthohantavirus hantanense,3052480,Rhinolophus ferrumequinum,59479,mammalia,chiroptera,rhinolophidae,TRUE,FALSE,priority,in_gibb_etal=TRUE; in_empres_i=FALSE; deferred_broad_vesiculovirus=FALSE,Orthohantavirus hantanense,Hemorrhagic fever with renal syndrome (Hantaan virus),Isolation/Observation; PCR/Sequencing,VIRION,1,FALSE,FALSE,FALSE,FALSE,TRUE,FALSE,host_present_in_system,host appears in canonical WHO disease-pathogen-host backbone; role-specific reservoir/amplifier/incidental/dead-end evidence not assessed,low,TRUE,medium_ecology_triage
Hemorrhagic fever with renal syndrome (Hantaan virus),Orthohantavirus hantanense,Orthohantavirus hantanense,3052480,Alexandromys fortis,100897,mammalia,rodentia,cricetidae,TRUE,FALSE,priority,in_gibb_etal=TRUE; in_empres_i=FALSE; deferred_broad_vesiculovirus=FALSE,Orthohantavirus hantanense,Hemorrhagic fever with renal syndrome (Hantaan virus),PCR/Sequencing,VIRION,1,FALSE,FALSE,FALSE,TRUE,FALSE,FALSE,host_present_in_system,host appears in canonical WHO disease-pathogen-host backbone; role-specific reservoir/amplifier/incidental/dead-end evidence not assessed,low,TRUE,medium_ecology_triage
Hemorrhagic fever with renal syndrome (Hantaan virus),Orthohantavirus hantanense,Orthohantavirus hantanense,3052480,Apodemus agrarius,39030,mammalia,rodentia,muridae,TRUE,FALSE,priority,in_gibb_etal=TRUE; in_empres_i=FALSE; deferred_broad_vesiculovirus=FALSE,Orthohantavirus hantanense,Hemorrhagic fever with renal syndrome (Hantaan virus),Isolation/Observation; Not specified; PCR/Sequencing,VIRION,1,FALSE,FALSE,FALSE,TRUE,FALSE,FALSE,host_present_in_system,host appears in canonical WHO disease-pathogen-host backbone; role-specific reservoir/amplifier/incidental/dead-end evidence not assessed,low,TRUE,medium_ecology_triage
Hemorrhagic fever with renal syndrome (Hantaan virus),Orthohantavirus hantanense,Orthohantavirus hantanense,3052480,Apodemus peninsulae,105297,mammalia,rodentia,muridae,TRUE,FALSE,priority,in_gibb_etal=TRUE; in_empres_i=FALSE; deferred_broad_vesiculovirus=FALSE,Orthohantavirus hantanense,Hemorrhagic fever with renal syndrome (Hantaan virus),Isolation/Observation; PCR/Sequencing,VIRION,1,FALSE,FALSE,FALSE,TRUE,FALSE,FALSE,host_present_in_system,host appears in canonical WHO disease-pathogen-host backbone; role-specific reservoir/amplifier/incidental/dead-end evidence not assessed,low,TRUE,medium_ecology_triage
Hemorrhagic fever with renal syndrome (Hantaan virus),Orthohantavirus hantanense,Orthohantavirus hantanense,3052480,Bandicota indica,456472,mammalia,rodentia,muridae,TRUE,FALSE,priority,in_gibb_etal=TRUE; in_empres_i=FALSE; deferred_broad_vesiculovirus=FALSE,Orthohantavirus hantanense,Hemorrhagic fever with renal syndrome (Hantaan virus),Antibodies,VIRION,1,FALSE,FALSE,FALSE,TRUE,FALSE,FALSE,host_present_in_system,host appears in canonical WHO disease-pathogen-host backbone; role-specific reservoir/amplifier/incidental/dead-end evidence not assessed,low,TRUE,medium_ecology_triage
Hemorrhagic fever with renal syndrome (Hantaan virus),Orthohantavirus hantanense,Orthohantavirus hantanense,3052480,Clethrionomys rutilus,537920,mammalia,rodentia,cricetidae,TRUE,FALSE,priority,in_gibb_etal=TRUE; in_empres_i=FALSE; deferred_broad_vesiculovirus=FALSE,Orthohantavirus hantanense,Hemorrhagic fever with renal syndrome (Hantaan virus),PCR/Sequencing,VIRION,1,FALSE,FALSE,FALSE,TRUE,FALSE,FALSE,host_present_in_system,host appears in canonical WHO disease-pathogen-host backbone; role-specific reservoir/amplifier/incidental/dead-end evidence not assessed,low,TRUE,medium_ecology_triage
Hemorrhagic fever with renal syndrome (Hantaan virus),Orthohantavirus hantanense,Orthohantavirus hantanense,3052480,Micromys minutus,13151,mammalia,rodentia,muridae,TRUE,FALSE,priority,in_gibb_etal=TRUE; in_empres_i=FALSE; deferred_broad_vesiculovirus=FALSE,Orthohantavirus hantanense,Hemorrhagic fever with renal syndrome (Hantaan virus),Antibodies; PCR/Sequencing,VIRION,1,FALSE,FALSE,FALSE,TRUE,FALSE,FALSE,host_present_in_system,host appears in canonical WHO disease-pathogen-host backbone; role-specific reservoir/amplifier/incidental/dead-end evidence not assessed,low,TRUE,medium_ecology_triage
Hemorrhagic fever with renal syndrome (Hantaan virus),Orthohantavirus hantanense,Orthohantavirus hantanense,3052480,Mus musculus,10090,mammalia,rodentia,muridae,TRUE,FALSE,priority,in_gibb_etal=TRUE; in_empres_i=FALSE; deferred_broad_vesiculovirus=FALSE,Orthohantavirus hantanense,Hemorrhagic fever with renal syndrome (Hantaan virus),Not specified; PCR/Sequencing,VIRION,1,FALSE,FALSE,FALSE,TRUE,FALSE,FALSE,host_present_in_system,host appears in canonical WHO disease-pathogen-host backbone; role-specific reservoir/amplifier/incidental/dead-end evidence not assessed,low,TRUE,medium_ecology_triage
Hemorrhagic fever with renal syndrome (Hantaan virus),Orthohantavirus hantanense,Orthohantavirus hantanense,3052480,Myospalax psilurus,146129,mammalia,rodentia,spalacidae,TRUE,FALSE,priority,in_gibb_etal=TRUE; in_empres_i=FALSE; deferred_broad_vesiculovirus=FALSE,Orthohantavirus hantanense,Hemorrhagic fever with renal syndrome (Hantaan virus),PCR/Sequencing,VIRION,1,FALSE,FALSE,FALSE,TRUE,FALSE,FALSE,host_present_in_system,host appears in canonical WHO disease-pathogen-host backbone; role-specific reservoir/amplifier/incidental/dead-end evidence not assessed,low,TRUE,medium_ecology_triage
Hemorrhagic fever with renal syndrome (Hantaan virus),Orthohantavirus hantanense,Orthohantavirus hantanense,3052480,Niviventer confucianus,248811,mammalia,rodentia,muridae,TRUE,FALSE,priority,in_gibb_etal=TRUE; in_empres_i=FALSE; deferred_broad_vesiculovirus=FALSE,Orthohantavirus hantanense,Hemorrhagic fever with renal syndrome (Hantaan virus),Isolation/Observation; PCR/Sequencing,VIRION,1,FALSE,FALSE,FALSE,TRUE,FALSE,FALSE,host_present_in_system,host appears in canonical WHO disease-pathogen-host backbone; role-specific reservoir/amplifier/incidental/dead-end evidence not assessed,low,TRUE,medium_ecology_triage
Hemorrhagic fever with renal syndrome (Hantaan virus),Orthohantavirus hantanense,Orthohantavirus hantanense,3052480,Peromyscus californicus,42520,mammalia,rodentia,cricetidae,TRUE,FALSE,priority,in_gibb_etal=TRUE; in_empres_i=FALSE; deferred_broad_vesiculovirus=FALSE,Orthohantavirus hantanense,Hemorrhagic fever with renal syndrome (Hantaan virus),Antibodies,VIRION,1,FALSE,FALSE,FALSE,TRUE,FALSE,FALSE,host_present_in_system,host appears in canonical WHO disease-pathogen-host backbone; role-specific reservoir/amplifier/incidental/dead-end evidence not assessed,low,TRUE,medium_ecology_triage
Hemorrhagic fever with renal syndrome (Hantaan virus),Orthohantavirus hantanense,Orthohantavirus hantanense,3052480,Peromyscus maniculatus,10042,mammalia,rodentia,cricetidae,TRUE,FALSE,priority,in_gibb_etal=TRUE; in_empres_i=FALSE; deferred_broad_vesiculovirus=FALSE,Orthohantavirus hantanense,Hemorrhagic fever with renal syndrome (Hantaan virus),Antibodies,VIRION,1,FALSE,FALSE,FALSE,TRUE,FALSE,FALSE,host_present_in_system,host appears in canonical WHO disease-pathogen-host backbone; role-specific reservoir/amplifier/incidental/dead-end evidence not assessed,low,TRUE,medium_ecology_triage
Hemorrhagic fever with renal syndrome (Hantaan virus),Orthohantavirus hantanense,Orthohantavirus hantanense,3052480,Rattus losea,69075,mammalia,rodentia,muridae,TRUE,FALSE,priority,in_gibb_etal=TRUE; in_empres_i=FALSE; deferred_broad_vesiculovirus=FALSE,Orthohantavirus hantanense,Hemorrhagic fever with renal syndrome (Hantaan virus),PCR/Sequencing,VIRION,1,FALSE,FALSE,FALSE,TRUE,FALSE,FALSE,host_present_in_system,host appears in canonical WHO disease-pathogen-host backbone; role-specific reservoir/amplifier/incidental/dead-end evidence not assessed,low,TRUE,medium_ecology_triage
Hemorrhagic fever with renal syndrome (Hantaan virus),Orthohantavirus hantanense,Orthohantavirus hantanense,3052480,Rattus nitidus,508668,mammalia,rodentia,muridae,TRUE,FALSE,priority,in_gibb_etal=TRUE; in_empres_i=FALSE; deferred_broad_vesiculovirus=FALSE,Orthohantavirus hantanense,Hemorrhagic fever with renal syndrome (Hantaan virus),Isolation/Observation; PCR/Sequencing,VIRION,1,FALSE,FALSE,FALSE,TRUE,FALSE,FALSE,host_present_in_system,host appears in canonical WHO disease-pathogen-host backbone; role-specific reservoir/amplifier/incidental/dead-end evidence not assessed,low,TRUE,medium_ecology_triage
Hemorrhagic fever with renal syndrome (Hantaan virus),Orthohantavirus hantanense,Orthohantavirus hantanense,3052480,Rattus norvegicus,10116,mammalia,rodentia,muridae,TRUE,FALSE,priority,in_gibb_etal=TRUE; in_empres_i=FALSE; deferred_broad_vesiculovirus=FALSE,Orthohantavirus hantanense,Hemorrhagic fever with renal syndrome (Hantaan virus),Isolation/Observation; Not specified; PCR/Sequencing,VIRION,1,FALSE,FALSE,FALSE,TRUE,FALSE,FALSE,host_present_in_system,host appears in canonical WHO disease-pathogen-host backbone; role-specific reservoir/amplifier/incidental/dead-end evidence not assessed,low,TRUE,medium_ecology_triage
Hemorrhagic fever with renal syndrome (Hantaan virus),Orthohantavirus hantanense,Orthohantavirus hantanense,3052480,Rattus rattus,10117,mammalia,rodentia,muridae,TRUE,FALSE,priority,in_gibb_etal=TRUE; in_empres_i=FALSE; deferred_broad_vesiculovirus=FALSE,Orthohantavirus hantanense,Hemorrhagic fever with renal syndrome (Hantaan virus),Isolation/Observation; Not specified,VIRION,1,FALSE,FALSE,FALSE,TRUE,FALSE,FALSE,host_present_in_system,host appears in canonical WHO disease-pathogen-host backbone; role-specific reservoir/amplifier/incidental/dead-end evidence not assessed,low,TRUE,medium_ecology_triage
Hemorrhagic fever with renal syndrome (Hantaan virus),Orthohantavirus hantanense,Orthohantavirus hantanense,3052480,Rattus tanezumi,35732,mammalia,rodentia,muridae,TRUE,FALSE,priority,in_gibb_etal=TRUE; in_empres_i=FALSE; deferred_broad_vesiculovirus=FALSE,Orthohantavirus hantanense,Hemorrhagic fever with renal syndrome (Hantaan virus),PCR/Sequencing,VIRION,1,FALSE,FALSE,FALSE,TRUE,FALSE,FALSE,host_present_in_system,host appears in canonical WHO disease-pathogen-host backbone; role-specific reservoir/amplifier/incidental/dead-end evidence not assessed,low,TRUE,medium_ecology_triage
Hemorrhagic fever with renal syndrome (Hantaan virus),Orthohantavirus hantanense,Orthohantavirus hantanense,3052480,Tscherskia triton,329627,mammalia,rodentia,cricetidae,TRUE,FALSE,priority,in_gibb_etal=TRUE; in_empres_i=FALSE; deferred_broad_vesiculovirus=FALSE,Orthohantavirus hantanense,Hemorrhagic fever with renal syndrome (Hantaan virus),PCR/Sequencing,VIRION,1,FALSE,FALSE,FALSE,TRUE,FALSE,FALSE,host_present_in_system,host appears in canonical WHO disease-pathogen-host backbone; role-specific reservoir/amplifier/incidental/dead-end evidence not assessed,low,TRUE,medium_ecology_triage
Hemorrhagic fever with renal syndrome (Hantaan virus),Orthohantavirus hantanense,Orthohantavirus hantanense,3052480,Homo sapiens,9606,,,,TRUE,FALSE,priority,in_gibb_etal=TRUE; in_empres_i=FALSE; deferred_broad_vesiculovirus=FALSE,Orthohantavirus hantanense,Hemorrhagic fever with renal syndrome (Hantaan virus),Antibodies; Isolation/Observation; Not specified; PCR/Sequencing,VIRION,1,TRUE,FALSE,,,,,host_present_in_system,host appears in canonical WHO disease-pathogen-host backbone; role-specific reservoir/amplifier/incidental/dead-end evidence not assessed,low,TRUE,medium_human_triage
Hemorrhagic fever with renal syndrome (Hantaan virus),Orthohantavirus hantanense,Orthohantavirus hantanense,3052480,Crocidura russula,36802,mammalia,eulipotyphla,soricidae,TRUE,FALSE,priority,in_gibb_etal=TRUE; in_empres_i=FALSE; deferred_broad_vesiculovirus=FALSE,Orthohantavirus hantanense,Hemorrhagic fever with renal syndrome (Hantaan virus),PCR/Sequencing,VIRION,1,FALSE,FALSE,FALSE,FALSE,FALSE,FALSE,host_present_in_system,host appears in canonical WHO disease-pathogen-host backbone; role-specific reservoir/amplifier/incidental/dead-end evidence not assessed,low,TRUE,standard_review
Hemorrhagic fever with renal syndrome (Hantaan virus),Orthohantavirus hantanense,Orthohantavirus hantanense,3052480,Apodemus chejuensis,754351,,,,TRUE,FALSE,priority,in_gibb_etal=TRUE; in_empres_i=FALSE; deferred_broad_vesiculovirus=FALSE,Orthohantavirus hantanense,Hemorrhagic fever with renal syndrome (Hantaan virus),PCR/Sequencing,VIRION,1,FALSE,FALSE,,,,,host_present_in_system,host appears in canonical WHO disease-pathogen-host backbone; role-specific reservoir/amplifier/incidental/dead-end evidence not assessed,low,TRUE,standard_review
Hemorrhagic fever with renal syndrome (Hantaan virus),Orthohantavirus hantanense,Orthohantavirus hantanense,3052480,Cnephaeus,3371021,,,,TRUE,FALSE,priority,in_gibb_etal=TRUE; in_empres_i=FALSE; deferred_broad_vesiculovirus=FALSE,Orthohantavirus hantanense,Hemorrhagic fever with renal syndrome (Hantaan virus),Isolation/Observation,VIRION,1,FALSE,FALSE,,,,,host_present_in_system,host appears in canonical WHO disease-pathogen-host backbone; role-specific reservoir/amplifier/incidental/dead-end evidence not assessed,low,TRUE,standard_review
Hemorrhagic fever with renal syndrome (Hantaan virus),Orthohantavirus hantanense,Orthohantavirus hantanense,3052480,Cricetulus barabensis,10029,,,,TRUE,FALSE,priority,in_gibb_etal=TRUE; in_empres_i=FALSE; deferred_broad_vesiculovirus=FALSE,Orthohantavirus hantanense,Hemorrhagic fever with renal syndrome (Hantaan virus),PCR/Sequencing,VIRION,1,FALSE,FALSE,,,,,host_present_in_system,host appears in canonical WHO disease-pathogen-host backbone; role-specific reservoir/amplifier/incidental/dead-end evidence not assessed,low,TRUE,standard_review
Hemorrhagic fever with renal syndrome (Hantaan virus),Orthohantavirus hantanense,Orthohantavirus hantanense,3052480,Niviventer,1571109,,,,TRUE,FALSE,priority,in_gibb_etal=TRUE; in_empres_i=FALSE; deferred_broad_vesiculovirus=FALSE,Orthohantavirus hantanense,Hemorrhagic fever with renal syndrome (Hantaan virus),PCR/Sequencing,VIRION,1,FALSE,FALSE,,,,,host_present_in_system,host appears in canonical WHO disease-pathogen-host backbone; role-specific reservoir/amplifier/incidental/dead-end evidence not assessed,low,TRUE,standard_review
Hemorrhagic fever with renal syndrome (Hantaan virus),Orthohantavirus hantanense,Orthohantavirus hantanense,3052480,bandicota bengalensis,69079,,,,TRUE,FALSE,priority,in_gibb_etal=TRUE; in_empres_i=FALSE; deferred_broad_vesiculovirus=FALSE,Orthohantavirus hantanense,Hemorrhagic fever with renal syndrome (Hantaan virus),Antibodies,VIRION,1,FALSE,FALSE,,,,,host_present_in_system,host appears in canonical WHO disease-pathogen-host backbone; role-specific reservoir/amplifier/incidental/dead-end evidence not assessed,low,TRUE,standard_review
Hemorrhagic fever with renal syndrome (Hantaan virus),Orthohantavirus hantanense,Orthohantavirus hantanense,3052480,crocidura lasiura,167043,,,,TRUE,FALSE,priority,in_gibb_etal=TRUE; in_empres_i=FALSE; deferred_broad_vesiculovirus=FALSE,Orthohantavirus hantanense,Hemorrhagic fever with renal syndrome (Hantaan virus),Antibodies,VIRION,1,FALSE,FALSE,,,,,host_present_in_system,host appears in canonical WHO disease-pathogen-host backbone; role-specific reservoir/amplifier/incidental/dead-end evidence not assessed,low,TRUE,standard_review
Hemorrhagic fever with renal syndrome (Hantaan virus),Orthohantavirus hantanense,Orthohantavirus hantanense,3052480,neotoma cinerea,105147,,,,TRUE,FALSE,priority,in_gibb_etal=TRUE; in_empres_i=FALSE; deferred_broad_vesiculovirus=FALSE,Orthohantavirus hantanense,Hemorrhagic fever with renal syndrome (Hantaan virus),Antibodies,VIRION,1,FALSE,FALSE,,,,,host_present_in_system,host appears in canonical WHO disease-pathogen-host backbone; role-specific reservoir/amplifier/incidental/dead-end evidence not assessed,low,TRUE,standard_review
Hemorrhagic fever with renal syndrome (Hantaan virus),Orthohantavirus hantanense,Orthohantavirus hantanense,3052480,neotoma mexicana,105149,,,,TRUE,FALSE,priority,in_gibb_etal=TRUE; in_empres_i=FALSE; deferred_broad_vesiculovirus=FALSE,Orthohantavirus hantanense,Hemorrhagic fever with renal syndrome (Hantaan virus),Antibodies,VIRION,1,FALSE,FALSE,,,,,host_present_in_system,host appears in canonical WHO disease-pathogen-host backbone; role-specific reservoir/amplifier/incidental/dead-end evidence not assessed,low,TRUE,standard_review
Hemorrhagic fever with renal syndrome (Hantaan virus),Orthohantavirus hantanense,Orthohantavirus hantanense,3052480,peromyscus difficilis,97207,,,,TRUE,FALSE,priority,in_gibb_etal=TRUE; in_empres_i=FALSE; deferred_broad_vesiculovirus=FALSE,Orthohantavirus hantanense,Hemorrhagic fever with renal syndrome (Hantaan virus),Antibodies,VIRION,1,FALSE,FALSE,,,,,host_present_in_system,host appears in canonical WHO disease-pathogen-host backbone; role-specific reservoir/amplifier/incidental/dead-end evidence not assessed,low,TRUE,standard_review
Hemorrhagic fever with renal syndrome (Hantaan virus),Orthohantavirus hantanense,Orthohantavirus hantanense,3052480,rattus exulans,34854,,,,TRUE,FALSE,priority,in_gibb_etal=TRUE; in_empres_i=FALSE; deferred_broad_vesiculovirus=FALSE,Orthohantavirus hantanense,Hemorrhagic fever with renal syndrome (Hantaan virus),Antibodies,VIRION,1,FALSE,FALSE,,,,,host_present_in_system,host appears in canonical WHO disease-pathogen-host backbone; role-specific reservoir/amplifier/incidental/dead-end evidence not assessed,low,TRUE,standard_review
Influenza (H5N1 avian influenza),Alphainfluenzavirus influenzae (H5N1),Alphainfluenzavirus influenzae (H5N1),11320; 2955291,Gallus gallus,9031,aves,galliformes,phasianidae,TRUE,TRUE,both,in_gibb_etal=TRUE; in_empres_i=TRUE; deferred_broad_vesiculovirus=FALSE,Alphainfluenzavirus influenzae (H5N1),Influenza (H5N1 avian influenza),Isolation/Observation; Not specified; PCR/Sequencing; PCR/Sequencing,VIRION,2,FALSE,TRUE,TRUE,FALSE,FALSE,FALSE,host_present_in_system,host appears in canonical WHO disease-pathogen-host backbone; role-specific reservoir/amplifier/incidental/dead-end evidence not assessed,low,TRUE,high_livestock_triage
Influenza (H5N1 avian influenza),Alphainfluenzavirus influenzae (H5N1),Alphainfluenzavirus influenzae (H5N1),11320; 2955291,Bos taurus,9913,mammalia,artiodactyla,bovidae,TRUE,TRUE,both,in_gibb_etal=TRUE; in_empres_i=TRUE; deferred_broad_vesiculovirus=FALSE,Alphainfluenzavirus influenzae (H5N1),Influenza (H5N1 avian influenza),Antibodies; PCR/Sequencing,VIRION,2,FALSE,TRUE,FALSE,FALSE,FALSE,FALSE,host_present_in_system,host appears in canonical WHO disease-pathogen-host backbone; role-specific reservoir/amplifier/incidental/dead-end evidence not assessed,low,TRUE,high_livestock_triage
Influenza (H5N1 avian influenza),Alphainfluenzavirus influenzae (H5N1),Alphainfluenzavirus influenzae (H5N1),11320,Bubalus bubalis,89462,mammalia,artiodactyla,bovidae,TRUE,TRUE,both,in_gibb_etal=TRUE; in_empres_i=TRUE; deferred_broad_vesiculovirus=FALSE,Alphainfluenzavirus influenzae (H5N1),Influenza (H5N1 avian influenza),Antibodies,VIRION,1,FALSE,TRUE,FALSE,FALSE,FALSE,FALSE,host_present_in_system,host appears in canonical WHO disease-pathogen-host backbone; role-specific reservoir/amplifier/incidental/dead-end evidence not assessed,low,TRUE,high_livestock_triage
Influenza (H5N1 avian influenza),Alphainfluenzavirus influenzae (H5N1),Alphainfluenzavirus influenzae (H5N1),2955291,Camelus dromedarius,9838,mammalia,artiodactyla,camelidae,TRUE,TRUE,both,in_gibb_etal=TRUE; in_empres_i=TRUE; deferred_broad_vesiculovirus=FALSE,Alphainfluenzavirus influenzae (H5N1),Influenza (H5N1 avian influenza),PCR/Sequencing,VIRION,1,FALSE,TRUE,FALSE,FALSE,FALSE,FALSE,host_present_in_system,host appears in canonical WHO disease-pathogen-host backbone; role-specific reservoir/amplifier/incidental/dead-end evidence not assessed,low,TRUE,high_livestock_triage
Influenza (H5N1 avian influenza),Alphainfluenzavirus influenzae (H5N1),Alphainfluenzavirus influenzae (H5N1),11320; 2955291,Capra hircus,9925,mammalia,artiodactyla,bovidae,TRUE,TRUE,both,in_gibb_etal=TRUE; in_empres_i=TRUE; deferred_broad_vesiculovirus=FALSE,Alphainfluenzavirus influenzae (H5N1),Influenza (H5N1 avian influenza),Antibodies; PCR/Sequencing,VIRION,2,FALSE,TRUE,FALSE,FALSE,FALSE,FALSE,host_present_in_system,host appears in canonical WHO disease-pathogen-host backbone; role-specific reservoir/amplifier/incidental/dead-end evidence not assessed,low,TRUE,high_livestock_triage
Influenza (H5N1 avian influenza),Alphainfluenzavirus influenzae (H5N1),Alphainfluenzavirus influenzae (H5N1),2955291,Sus scrofa,415978,mammalia,artiodactyla,suidae,TRUE,TRUE,both,in_gibb_etal=TRUE; in_empres_i=TRUE; deferred_broad_vesiculovirus=FALSE,Alphainfluenzavirus influenzae (H5N1),Influenza (H5N1 avian influenza),PCR/Sequencing,VIRION,1,FALSE,TRUE,FALSE,FALSE,FALSE,FALSE,host_present_in_system,host appears in canonical WHO disease-pathogen-host backbone; role-specific reservoir/amplifier/incidental/dead-end evidence not assessed,low,TRUE,high_livestock_triage
Influenza (H5N1 avian influenza),Alphainfluenzavirus influenzae (H5N1),Alphainfluenzavirus influenzae (H5N1),11320; 2955291,Sus scrofa,9823,mammalia,artiodactyla,suidae,TRUE,TRUE,both,in_gibb_etal=TRUE; in_empres_i=TRUE; deferred_broad_vesiculovirus=FALSE,Alphainfluenzavirus influenzae (H5N1),Influenza (H5N1 avian influenza),Antibodies; Isolation/Observation; Not specified; PCR/Sequencing; PCR/Sequencing,VIRION,2,FALSE,TRUE,FALSE,FALSE,FALSE,FALSE,host_present_in_system,host appears in canonical WHO disease-pathogen-host backbone; role-specific reservoir/amplifier/incidental/dead-end evidence not assessed,low,TRUE,high_livestock_triage
Influenza (H5N1 avian influenza),Alphainfluenzavirus influenzae (H5N1),Alphainfluenzavirus influenzae (H5N1),2955291,Sus scrofa,9825,mammalia,artiodactyla,suidae,TRUE,TRUE,both,in_gibb_etal=TRUE; in_empres_i=TRUE; deferred_broad_vesiculovirus=FALSE,Alphainfluenzavirus influenzae (H5N1),Influenza (H5N1 avian influenza),PCR/Sequencing,VIRION,1,FALSE,TRUE,FALSE,FALSE,FALSE,FALSE,host_present_in_system,host appears in canonical WHO disease-pathogen-host backbone; role-specific reservoir/amplifier/incidental/dead-end evidence not assessed,low,TRUE,high_livestock_triage
Influenza (H5N1 avian influenza),Alphainfluenzavirus influenzae (H5N1),Alphainfluenzavirus influenzae (H5N1),11320; 2955291,Equus caballus,9796,mammalia,perissodactyla,equidae,TRUE,TRUE,both,in_gibb_etal=TRUE; in_empres_i=TRUE; deferred_broad_vesiculovirus=FALSE,Alphainfluenzavirus influenzae (H5N1),Influenza (H5N1 avian influenza),Isolation/Observation; PCR/Sequencing; PCR/Sequencing,VIRION,2,FALSE,TRUE,FALSE,FALSE,FALSE,FALSE,host_present_in_system,host appears in canonical WHO disease-pathogen-host backbone; role-specific reservoir/amplifier/incidental/dead-end evidence not assessed,low,TRUE,high_livestock_triage
Influenza (H5N1 avian influenza),Alphainfluenzavirus influenzae (H5N1),Alphainfluenzavirus influenzae (H5N1),2955291,Equus ferus,1114792,mammalia,perissodactyla,equidae,TRUE,TRUE,both,in_gibb_etal=TRUE; in_empres_i=TRUE; deferred_broad_vesiculovirus=FALSE,Alphainfluenzavirus influenzae (H5N1),Influenza (H5N1 avian influenza),PCR/Sequencing,VIRION,1,FALSE,TRUE,FALSE,FALSE,FALSE,FALSE,host_present_in_system,host appears in canonical WHO disease-pathogen-host backbone; role-specific reservoir/amplifier/incidental/dead-end evidence not assessed,low,TRUE,high_livestock_triage
Influenza (H5N1 avian influenza),Alphainfluenzavirus influenzae (H5N1),Alphainfluenzavirus influenzae (H5N1),2955291,Camelus bactrianus,9837,,,,TRUE,TRUE,both,in_gibb_etal=TRUE; in_empres_i=TRUE; deferred_broad_vesiculovirus=FALSE,Alphainfluenzavirus influenzae (H5N1),Influenza (H5N1 avian influenza),PCR/Sequencing,VIRION,1,FALSE,TRUE,,,,,host_present_in_system,host appears in canonical WHO disease-pathogen-host backbone; role-specific reservoir/amplifier/incidental/dead-end evidence not assessed,low,TRUE,high_livestock_triage
Influenza (H5N1 avian influenza),Alphainfluenzavirus influenzae (H5N1),Alphainfluenzavirus influenzae (H5N1),11320; 2955291,Accipiter cooperii,261198,aves,accipitriformes,accipitridae,TRUE,TRUE,both,in_gibb_etal=TRUE; in_empres_i=TRUE; deferred_broad_vesiculovirus=FALSE,Alphainfluenzavirus influenzae (H5N1),Influenza (H5N1 avian influenza),Isolation/Observation; PCR/Sequencing,VIRION,2,FALSE,FALSE,TRUE,FALSE,FALSE,FALSE,host_present_in_system,host appears in canonical WHO disease-pathogen-host backbone; role-specific reservoir/amplifier/incidental/dead-end evidence not assessed,low,TRUE,medium_ecology_triage
Influenza (H5N1 avian influenza),Alphainfluenzavirus influenzae (H5N1),Alphainfluenzavirus influenzae (H5N1),2955291,Accipiter nisus,211598,aves,accipitriformes,accipitridae,TRUE,TRUE,both,in_gibb_etal=TRUE; in_empres_i=TRUE; deferred_broad_vesiculovirus=FALSE,Alphainfluenzavirus influenzae (H5N1),Influenza (H5N1 avian influenza),PCR/Sequencing,VIRION,1,FALSE,FALSE,TRUE,FALSE,FALSE,FALSE,host_present_in_system,host appears in canonical WHO disease-pathogen-host backbone; role-specific reservoir/amplifier/incidental/dead-end evidence not assessed,low,TRUE,medium_ecology_triage
Influenza (H5N1 avian influenza),Alphainfluenzavirus influenzae (H5N1),Alphainfluenzavirus influenzae (H5N1),2955291,Accipiter striatus,56330,aves,accipitriformes,accipitridae,TRUE,TRUE,both,in_gibb_etal=TRUE; in_empres_i=TRUE; deferred_broad_vesiculovirus=FALSE,Alphainfluenzavirus influenzae (H5N1),Influenza (H5N1 avian influenza),PCR/Sequencing,VIRION,1,FALSE,FALSE,TRUE,FALSE,FALSE,FALSE,host_present_in_system,host appears in canonical WHO disease-pathogen-host backbone; role-specific reservoir/amplifier/incidental/dead-end evidence not assessed,low,TRUE,medium_ecology_triage
Influenza (H5N1 avian influenza),Alphainfluenzavirus influenzae (H5N1),Alphainfluenzavirus influenzae (H5N1),11320; 2955291,Accipiter trivirgatus,210844,aves,accipitriformes,accipitridae,TRUE,TRUE,both,in_gibb_etal=TRUE; in_empres_i=TRUE; deferred_broad_vesiculovirus=FALSE,Alphainfluenzavirus influenzae (H5N1),Influenza (H5N1 avian influenza),PCR/Sequencing,VIRION,2,FALSE,FALSE,TRUE,FALSE,FALSE,FALSE,host_present_in_system,host appears in canonical WHO disease-pathogen-host backbone; role-specific reservoir/amplifier/incidental/dead-end evidence not assessed,low,TRUE,medium_ecology_triage
Influenza (H5N1 avian influenza),Alphainfluenzavirus influenzae (H5N1),Alphainfluenzavirus influenzae (H5N1),2955291,Aegypius monachus,8959,aves,accipitriformes,accipitridae,TRUE,TRUE,both,in_gibb_etal=TRUE; in_empres_i=TRUE; deferred_broad_vesiculovirus=FALSE,Alphainfluenzavirus influenzae (H5N1),Influenza (H5N1 avian influenza),PCR/Sequencing,VIRION,1,FALSE,FALSE,TRUE,FALSE,FALSE,FALSE,host_present_in_system,host appears in canonical WHO disease-pathogen-host backbone; role-specific reservoir/amplifier/incidental/dead-end evidence not assessed,low,TRUE,medium_ecology_triage
Influenza (H5N1 avian influenza),Alphainfluenzavirus influenzae (H5N1),Alphainfluenzavirus influenzae (H5N1),2955291,Aquila chrysaetos,8962,aves,accipitriformes,accipitridae,TRUE,TRUE,both,in_gibb_etal=TRUE; in_empres_i=TRUE; deferred_broad_vesiculovirus=FALSE,Alphainfluenzavirus influenzae (H5N1),Influenza (H5N1 avian influenza),PCR/Sequencing,VIRION,1,FALSE,FALSE,TRUE,FALSE,FALSE,FALSE,host_present_in_system,host appears in canonical WHO disease-pathogen-host backbone; role-specific reservoir/amplifier/incidental/dead-end evidence not assessed,low,TRUE,medium_ecology_triage
Influenza (H5N1 avian influenza),Alphainfluenzavirus influenzae (H5N1),Alphainfluenzavirus influenzae (H5N1),2955291,Aquila fasciata,252784,aves,accipitriformes,accipitridae,TRUE,TRUE,both,in_gibb_etal=TRUE; in_empres_i=TRUE; deferred_broad_vesiculovirus=FALSE,Alphainfluenzavirus influenzae (H5N1),Influenza (H5N1 avian influenza),PCR/Sequencing,VIRION,1,FALSE,FALSE,TRUE,FALSE,FALSE,FALSE,host_present_in_system,host appears in canonical WHO disease-pathogen-host backbone; role-specific reservoir/amplifier/incidental/dead-end evidence not assessed,low,TRUE,medium_ecology_triage
Influenza (H5N1 avian influenza),Alphainfluenzavirus influenzae (H5N1),Alphainfluenzavirus influenzae (H5N1),2955291,Butastur indicus,335207,aves,accipitriformes,accipitridae,TRUE,TRUE,both,in_gibb_etal=TRUE; in_empres_i=TRUE; deferred_broad_vesiculovirus=FALSE,Alphainfluenzavirus influenzae (H5N1),Influenza (H5N1 avian influenza),PCR/Sequencing,VIRION,1,FALSE,FALSE,TRUE,FALSE,FALSE,FALSE,host_present_in_system,host appears in canonical WHO disease-pathogen-host backbone; role-specific reservoir/amplifier/incidental/dead-end evidence not assessed,low,TRUE,medium_ecology_triage
Influenza (H5N1 avian influenza),Alphainfluenzavirus influenzae (H5N1),Alphainfluenzavirus influenzae (H5N1),11320; 2955291,Buteo buteo,30397,aves,accipitriformes,accipitridae,TRUE,TRUE,both,in_gibb_etal=TRUE; in_empres_i=TRUE; deferred_broad_vesiculovirus=FALSE,Alphainfluenzavirus influenzae (H5N1),Influenza (H5N1 avian influenza),PCR/Sequencing,VIRION,2,FALSE,FALSE,TRUE,FALSE,FALSE,FALSE,host_present_in_system,host appears in canonical WHO disease-pathogen-host backbone; role-specific reservoir/amplifier/incidental/dead-end evidence not assessed,low,TRUE,medium_ecology_triage
Influenza (H5N1 avian influenza),Alphainfluenzavirus influenzae (H5N1),Alphainfluenzavirus influenzae (H5N1),11320; 2955291,Buteo jamaicensis,56263,aves,accipitriformes,accipitridae,TRUE,TRUE,both,in_gibb_etal=TRUE; in_empres_i=TRUE; deferred_broad_vesiculovirus=FALSE,Alphainfluenzavirus influenzae (H5N1),Influenza (H5N1 avian influenza),Isolation/Observation; PCR/Sequencing,VIRION,2,FALSE,FALSE,TRUE,FALSE,FALSE,FALSE,host_present_in_system,host appears in canonical WHO disease-pathogen-host backbone; role-specific reservoir/amplifier/incidental/dead-end evidence not assessed,low,TRUE,medium_ecology_triage
Influenza (H5N1 avian influenza),Alphainfluenzavirus influenzae (H5N1),Alphainfluenzavirus influenzae (H5N1),2955291,Buteo japonicus,224669,aves,accipitriformes,accipitridae,TRUE,TRUE,both,in_gibb_etal=TRUE; in_empres_i=TRUE; deferred_broad_vesiculovirus=FALSE,Alphainfluenzavirus influenzae (H5N1),Influenza (H5N1 avian influenza),PCR/Sequencing,VIRION,1,FALSE,FALSE,TRUE,FALSE,FALSE,FALSE,host_present_in_system,host appears in canonical WHO disease-pathogen-host backbone; role-specific reservoir/amplifier/incidental/dead-end evidence not assessed,low,TRUE,medium_ecology_triage
Influenza (H5N1 avian influenza),Alphainfluenzavirus influenzae (H5N1),Alphainfluenzavirus influenzae (H5N1),2955291,Buteo lagopus,115229,aves,accipitriformes,accipitridae,TRUE,TRUE,both,in_gibb_etal=TRUE; in_empres_i=TRUE; deferred_broad_vesiculovirus=FALSE,Alphainfluenzavirus influenzae (H5N1),Influenza (H5N1 avian influenza),PCR/Sequencing,VIRION,1,FALSE,FALSE,TRUE,FALSE,FALSE,FALSE,host_present_in_system,host appears in canonical WHO disease-pathogen-host backbone; role-specific reservoir/amplifier/incidental/dead-end evidence not assessed,low,TRUE,medium_ecology_triage
Influenza (H5N1 avian influenza),Alphainfluenzavirus influenzae (H5N1),Alphainfluenzavirus influenzae (H5N1),2955291,Buteo lineatus,223475,aves,accipitriformes,accipitridae,TRUE,TRUE,both,in_gibb_etal=TRUE; in_empres_i=TRUE; deferred_broad_vesiculovirus=FALSE,Alphainfluenzavirus influenzae (H5N1),Influenza (H5N1 avian influenza),PCR/Sequencing,VIRION,1,FALSE,FALSE,TRUE,FALSE,FALSE,FALSE,host_present_in_system,host appears in canonical WHO disease-pathogen-host backbone; role-specific reservoir/amplifier/incidental/dead-end evidence not assessed,low,TRUE,medium_ecology_triage
Influenza (H5N1 avian influenza),Alphainfluenzavirus influenzae (H5N1),Alphainfluenzavirus influenzae (H5N1),2955291,Buteo platypterus,218281,aves,accipitriformes,accipitridae,TRUE,TRUE,both,in_gibb_etal=TRUE; in_empres_i=TRUE; deferred_broad_vesiculovirus=FALSE,Alphainfluenzavirus influenzae (H5N1),Influenza (H5N1 avian influenza),PCR/Sequencing,VIRION,1,FALSE,FALSE,TRUE,FALSE,FALSE,FALSE,host_present_in_system,host appears in canonical WHO disease-pathogen-host backbone; role-specific reservoir/amplifier/incidental/dead-end evidence not assessed,low,TRUE,medium_ecology_triage
Influenza (H5N1 avian influenza),Alphainfluenzavirus influenzae (H5N1),Alphainfluenzavirus influenzae (H5N1),2955291,Buteo regalis,223441,aves,accipitriformes,accipitridae,TRUE,TRUE,both,in_gibb_etal=TRUE; in_empres_i=TRUE; deferred_broad_vesiculovirus=FALSE,Alphainfluenzavirus influenzae (H5N1),Influenza (H5N1 avian influenza),PCR/Sequencing,VIRION,1,FALSE,FALSE,TRUE,FALSE,FALSE,FALSE,host_present_in_system,host appears in canonical WHO disease-pathogen-host backbone; role-specific reservoir/amplifier/incidental/dead-end evidence not assessed,low,TRUE,medium_ecology_triage
Influenza (H5N1 avian influenza),Alphainfluenzavirus influenzae (H5N1),Alphainfluenzavirus influenzae (H5N1),2955291,Buteo rufofuscus,223437,aves,accipitriformes,accipitridae,TRUE,TRUE,both,in_gibb_etal=TRUE; in_empres_i=TRUE; deferred_broad_vesiculovirus=FALSE,Alphainfluenzavirus influenzae (H5N1),Influenza (H5N1 avian influenza),PCR/Sequencing,VIRION,1,FALSE,FALSE,TRUE,FALSE,FALSE,FALSE,host_present_in_system,host appears in canonical WHO disease-pathogen-host backbone; role-specific reservoir/amplifier/incidental/dead-end evidence not assessed,low,TRUE,medium_ecology_triage
Influenza (H5N1 avian influenza),Alphainfluenzavirus influenzae (H5N1),Alphainfluenzavirus influenzae (H5N1),2955291,Buteo swainsoni,156757,aves,accipitriformes,accipitridae,TRUE,TRUE,both,in_gibb_etal=TRUE; in_empres_i=TRUE; deferred_broad_vesiculovirus=FALSE,Alphainfluenzavirus influenzae (H5N1),Influenza (H5N1 avian influenza),PCR/Sequencing,VIRION,1,FALSE,FALSE,TRUE,FALSE,FALSE,FALSE,host_present_in_system,host appears in canonical WHO disease-pathogen-host backbone; role-specific reservoir/amplifier/incidental/dead-end evidence not assessed,low,TRUE,medium_ecology_triage
Influenza (H5N1 avian influenza),Alphainfluenzavirus influenzae (H5N1),Alphainfluenzavirus influenzae (H5N1),2955291,Buteogallus urubitinga,223497,aves,accipitriformes,accipitridae,TRUE,TRUE,both,in_gibb_etal=TRUE; in_empres_i=TRUE; deferred_broad_vesiculovirus=FALSE,Alphainfluenzavirus influenzae (H5N1),Influenza (H5N1 avian influenza),PCR/Sequencing,VIRION,1,FALSE,FALSE,TRUE,FALSE,FALSE,FALSE,host_present_in_system,host appears in canonical WHO disease-pathogen-host backbone; role-specific reservoir/amplifier/incidental/dead-end evidence not assessed,low,TRUE,medium_ecology_triage
Influenza (H5N1 avian influenza),Alphainfluenzavirus influenzae (H5N1),Alphainfluenzavirus influenzae (H5N1),2955291,Circus aeruginosus,8964,aves,accipitriformes,accipitridae,TRUE,TRUE,both,in_gibb_etal=TRUE; in_empres_i=TRUE; deferred_broad_vesiculovirus=FALSE,Alphainfluenzavirus influenzae (H5N1),Influenza (H5N1 avian influenza),PCR/Sequencing,VIRION,1,FALSE,FALSE,TRUE,FALSE,FALSE,FALSE,host_present_in_system,host appears in canonical WHO disease-pathogen-host backbone; role-specific reservoir/amplifier/incidental/dead-end evidence not assessed,low,TRUE,medium_ecology_triage
Influenza (H5N1 avian influenza),Alphainfluenzavirus influenzae (H5N1),Alphainfluenzavirus influenzae (H5N1),2955291,Circus hudsonius,2709557,aves,accipitriformes,accipitridae,TRUE,TRUE,both,in_gibb_etal=TRUE; in_empres_i=TRUE; deferred_broad_vesiculovirus=FALSE,Alphainfluenzavirus influenzae (H5N1),Influenza (H5N1 avian influenza),PCR/Sequencing,VIRION,1,FALSE,FALSE,TRUE,FALSE,FALSE,FALSE,host_present_in_system,host appears in canonical WHO disease-pathogen-host backbone; role-specific reservoir/amplifier/incidental/dead-end evidence not assessed,low,TRUE,medium_ecology_triage
Influenza (H5N1 avian influenza),Alphainfluenzavirus influenzae (H5N1),Alphainfluenzavirus influenzae (H5N1),2955291,Gyps fulvus,36247,aves,accipitriformes,accipitridae,TRUE,TRUE,both,in_gibb_etal=TRUE; in_empres_i=TRUE; deferred_broad_vesiculovirus=FALSE,Alphainfluenzavirus influenzae (H5N1),Influenza (H5N1 avian influenza),PCR/Sequencing,VIRION,1,FALSE,FALSE,TRUE,FALSE,FALSE,FALSE,host_present_in_system,host appears in canonical WHO disease-pathogen-host backbone; role-specific reservoir/amplifier/incidental/dead-end evidence not assessed,low,TRUE,medium_ecology_triage
Influenza (H5N1 avian influenza),Alphainfluenzavirus influenzae (H5N1),Alphainfluenzavirus influenzae (H5N1),2955291,Haliaeetus albicilla,8969,aves,accipitriformes,accipitridae,TRUE,TRUE,both,in_gibb_etal=TRUE; in_empres_i=TRUE; deferred_broad_vesiculovirus=FALSE,Alphainfluenzavirus influenzae (H5N1),Influenza (H5N1 avian influenza),PCR/Sequencing,VIRION,1,FALSE,FALSE,TRUE,FALSE,FALSE,FALSE,host_present_in_system,host appears in canonical WHO disease-pathogen-host backbone; role-specific reservoir/amplifier/incidental/dead-end evidence not assessed,low,TRUE,medium_ecology_triage
Influenza (H5N1 avian influenza),Alphainfluenzavirus influenzae (H5N1),Alphainfluenzavirus influenzae (H5N1),11320; 2955291,Haliaeetus leucocephalus,52644,aves,accipitriformes,accipitridae,TRUE,TRUE,both,in_gibb_etal=TRUE; in_empres_i=TRUE; deferred_broad_vesiculovirus=FALSE,Alphainfluenzavirus influenzae (H5N1),Influenza (H5N1 avian influenza),Isolation/Observation; PCR/Sequencing; PCR/Sequencing,VIRION,2,FALSE,FALSE,TRUE,FALSE,FALSE,FALSE,host_present_in_system,host appears in canonical WHO disease-pathogen-host backbone; role-specific reservoir/amplifier/incidental/dead-end evidence not assessed,low,TRUE,medium_ecology_triage
Influenza (H5N1 avian influenza),Alphainfluenzavirus influenzae (H5N1),Alphainfluenzavirus influenzae (H5N1),2955291,Haliaeetus pelagicus,52647,aves,accipitriformes,accipitridae,TRUE,TRUE,both,in_gibb_etal=TRUE; in_empres_i=TRUE; deferred_broad_vesiculovirus=FALSE,Alphainfluenzavirus influenzae (H5N1),Influenza (H5N1 avian influenza),PCR/Sequencing,VIRION,1,FALSE,FALSE,TRUE,FALSE,FALSE,FALSE,host_present_in_system,host appears in canonical WHO disease-pathogen-host backbone; role-specific reservoir/amplifier/incidental/dead-end evidence not assessed,low,TRUE,medium_ecology_triage
Influenza (H5N1 avian influenza),Alphainfluenzavirus influenzae (H5N1),Alphainfluenzavirus influenzae (H5N1),11320; 2955291,Milvus migrans,52810,aves,accipitriformes,accipitridae,TRUE,TRUE,both,in_gibb_etal=TRUE; in_empres_i=TRUE; deferred_broad_vesiculovirus=FALSE,Alphainfluenzavirus influenzae (H5N1),Influenza (H5N1 avian influenza),PCR/Sequencing,VIRION,2,FALSE,FALSE,TRUE,FALSE,FALSE,FALSE,host_present_in_system,host appears in canonical WHO disease-pathogen-host backbone; role-specific reservoir/amplifier/incidental/dead-end evidence not assessed,low,TRUE,medium_ecology_triage
Influenza (H5N1 avian influenza),Alphainfluenzavirus influenzae (H5N1),Alphainfluenzavirus influenzae (H5N1),11320; 2955291,Necrosyrtes monachus,30399,aves,accipitriformes,accipitridae,TRUE,TRUE,both,in_gibb_etal=TRUE; in_empres_i=TRUE; deferred_broad_vesiculovirus=FALSE,Alphainfluenzavirus influenzae (H5N1),Influenza (H5N1 avian influenza),PCR/Sequencing,VIRION,2,FALSE,FALSE,TRUE,FALSE,FALSE,FALSE,host_present_in_system,host appears in canonical WHO disease-pathogen-host backbone; role-specific reservoir/amplifier/incidental/dead-end evidence not assessed,low,TRUE,medium_ecology_triage
Influenza (H5N1 avian influenza),Alphainfluenzavirus influenzae (H5N1),Alphainfluenzavirus influenzae (H5N1),11320,Nisaetus cirrhatus,252795,aves,accipitriformes,accipitridae,TRUE,TRUE,both,in_gibb_etal=TRUE; in_empres_i=TRUE; deferred_broad_vesiculovirus=FALSE,Alphainfluenzavirus influenzae (H5N1),Influenza (H5N1 avian influenza),Isolation/Observation,VIRION,1,FALSE,FALSE,TRUE,FALSE,FALSE,FALSE,host_present_in_system,host appears in canonical WHO disease-pathogen-host backbone; role-specific reservoir/amplifier/incidental/dead-end evidence not assessed,low,TRUE,medium_ecology_triage
Influenza (H5N1 avian influenza),Alphainfluenzavirus influenzae (H5N1),Alphainfluenzavirus influenzae (H5N1),11320; 2955291,Nisaetus nipalensis,214438,aves,accipitriformes,accipitridae,TRUE,TRUE,both,in_gibb_etal=TRUE; in_empres_i=TRUE; deferred_broad_vesiculovirus=FALSE,Alphainfluenzavirus influenzae (H5N1),Influenza (H5N1 avian influenza),PCR/Sequencing,VIRION,2,FALSE,FALSE,TRUE,FALSE,FALSE,FALSE,host_present_in_system,host appears in canonical WHO disease-pathogen-host backbone; role-specific reservoir/amplifier/incidental/dead-end evidence not assessed,low,TRUE,medium_ecology_triage
Influenza (H5N1 avian influenza),Alphainfluenzavirus influenzae (H5N1),Alphainfluenzavirus influenzae (H5N1),2955291,Pandion haliaetus,56262,aves,accipitriformes,pandionidae,TRUE,TRUE,both,in_gibb_etal=TRUE; in_empres_i=TRUE; deferred_broad_vesiculovirus=FALSE,Alphainfluenzavirus influenzae (H5N1),Influenza (H5N1 avian influenza),PCR/Sequencing,VIRION,1,FALSE,FALSE,TRUE,FALSE,FALSE,FALSE,host_present_in_system,host appears in canonical WHO disease-pathogen-host backbone; role-specific reservoir/amplifier/incidental/dead-end evidence not assessed,low,TRUE,medium_ecology_triage
Influenza (H5N1 avian influenza),Alphainfluenzavirus influenzae (H5N1),Alphainfluenzavirus influenzae (H5N1),2955291,Parabuteo unicinctus,223492,aves,accipitriformes,accipitridae,TRUE,TRUE,both,in_gibb_etal=TRUE; in_empres_i=TRUE; deferred_broad_vesiculovirus=FALSE,Alphainfluenzavirus influenzae (H5N1),Influenza (H5N1 avian influenza),PCR/Sequencing,VIRION,1,FALSE,FALSE,TRUE,FALSE,FALSE,FALSE,host_present_in_system,host appears in canonical WHO disease-pathogen-host backbone; role-specific reservoir/amplifier/incidental/dead-end evidence not assessed,low,TRUE,medium_ecology_triage
Influenza (H5N1 avian influenza),Alphainfluenzavirus influenzae (H5N1),Alphainfluenzavirus influenzae (H5N1),11320; 2955291,Aix galericulata,8832,aves,anseriformes,anatidae,TRUE,TRUE,both,in_gibb_etal=TRUE; in_empres_i=TRUE; deferred_broad_vesiculovirus=FALSE,Alphainfluenzavirus influenzae (H5N1),Influenza (H5N1 avian influenza),PCR/Sequencing,VIRION,2,FALSE,FALSE,TRUE,FALSE,FALSE,FALSE,host_present_in_system,host appears in canonical WHO disease-pathogen-host backbone; role-specific reservoir/amplifier/incidental/dead-end evidence not assessed,low,TRUE,medium_ecology_triage
Influenza (H5N1 avian influenza),Alphainfluenzavirus influenzae (H5N1),Alphainfluenzavirus influenzae (H5N1),11320; 2955291,Aix sponsa,8833,aves,anseriformes,anatidae,TRUE,TRUE,both,in_gibb_etal=TRUE; in_empres_i=TRUE; deferred_broad_vesiculovirus=FALSE,Alphainfluenzavirus influenzae (H5N1),Influenza (H5N1 avian influenza),Isolation/Observation; PCR/Sequencing; PCR/Sequencing,VIRION,2,FALSE,FALSE,TRUE,FALSE,FALSE,FALSE,host_present_in_system,host appears in canonical WHO disease-pathogen-host backbone; role-specific reservoir/amplifier/incidental/dead-end evidence not assessed,low,TRUE,medium_ecology_triage
Influenza (H5N1 avian influenza),Alphainfluenzavirus influenzae (H5N1),Alphainfluenzavirus influenzae (H5N1),11320; 2955291,Alopochen aegyptiaca,30382,aves,anseriformes,anatidae,TRUE,TRUE,both,in_gibb_etal=TRUE; in_empres_i=TRUE; deferred_broad_vesiculovirus=FALSE,Alphainfluenzavirus influenzae (H5N1),Influenza (H5N1 avian influenza),PCR/Sequencing,VIRION,2,FALSE,FALSE,TRUE,FALSE,FALSE,FALSE,host_present_in_system,host appears in canonical WHO disease-pathogen-host backbone; role-specific reservoir/amplifier/incidental/dead-end evidence not assessed,low,TRUE,medium_ecology_triage
Influenza (H5N1 avian influenza),Alphainfluenzavirus influenzae (H5N1),Alphainfluenzavirus influenzae (H5N1),2955291,Amazonetta brasiliensis,75867,aves,anseriformes,anatidae,TRUE,TRUE,both,in_gibb_etal=TRUE; in_empres_i=TRUE; deferred_broad_vesiculovirus=FALSE,Alphainfluenzavirus influenzae (H5N1),Influenza (H5N1 avian influenza),PCR/Sequencing,VIRION,1,FALSE,FALSE,TRUE,FALSE,FALSE,FALSE,host_present_in_system,host appears in canonical WHO disease-pathogen-host backbone; role-specific reservoir/amplifier/incidental/dead-end evidence not assessed,low,TRUE,medium_ecology_triage
Influenza (H5N1 avian influenza),Alphainfluenzavirus influenzae (H5N1),Alphainfluenzavirus influenzae (H5N1),11320; 2955291,Anas acuta,28680,aves,anseriformes,anatidae,TRUE,TRUE,both,in_gibb_etal=TRUE; in_empres_i=TRUE; deferred_broad_vesiculovirus=FALSE,Alphainfluenzavirus influenzae (H5N1),Influenza (H5N1 avian influenza),Isolation/Observation; PCR/Sequencing; PCR/Sequencing,VIRION,2,FALSE,FALSE,TRUE,FALSE,FALSE,FALSE,host_present_in_system,host appears in canonical WHO disease-pathogen-host backbone; role-specific reservoir/amplifier/incidental/dead-end evidence not assessed,low,TRUE,medium_ecology_triage
Influenza (H5N1 avian influenza),Alphainfluenzavirus influenzae (H5N1),Alphainfluenzavirus influenzae (H5N1),11320; 2955291,Anas capensis,8837,aves,anseriformes,anatidae,TRUE,TRUE,both,in_gibb_etal=TRUE; in_empres_i=TRUE; deferred_broad_vesiculovirus=FALSE,Alphainfluenzavirus influenzae (H5N1),Influenza (H5N1 avian influenza),PCR/Sequencing,VIRION,2,FALSE,FALSE,TRUE,FALSE,FALSE,FALSE,host_present_in_system,host appears in canonical WHO disease-pathogen-host backbone; role-specific reservoir/amplifier/incidental/dead-end evidence not assessed,low,TRUE,medium_ecology_triage
Influenza (H5N1 avian influenza),Alphainfluenzavirus influenzae (H5N1),Alphainfluenzavirus influenzae (H5N1),11320; 2955291,Anas carolinensis,75836,aves,anseriformes,anatidae,TRUE,TRUE,both,in_gibb_etal=TRUE; in_empres_i=TRUE; deferred_broad_vesiculovirus=FALSE,Alphainfluenzavirus influenzae (H5N1),Influenza (H5N1 avian influenza),PCR/Sequencing,VIRION,2,FALSE,FALSE,TRUE,FALSE,FALSE,FALSE,host_present_in_system,host appears in canonical WHO disease-pathogen-host backbone; role-specific reservoir/amplifier/incidental/dead-end evidence not assessed,low,TRUE,medium_ecology_triage
Influenza (H5N1 avian influenza),Alphainfluenzavirus influenzae (H5N1),Alphainfluenzavirus influenzae (H5N1),11320; 2955291,Anas castanea,45631,aves,anseriformes,anatidae,TRUE,TRUE,both,in_gibb_etal=TRUE; in_empres_i=TRUE; deferred_broad_vesiculovirus=FALSE,Alphainfluenzavirus influenzae (H5N1),Influenza (H5N1 avian influenza),PCR/Sequencing,VIRION,2,FALSE,FALSE,TRUE,FALSE,FALSE,FALSE,host_present_in_system,host appears in canonical WHO disease-pathogen-host backbone; role-specific reservoir/amplifier/incidental/dead-end evidence not assessed,low,TRUE,medium_ecology_triage
Influenza (H5N1 avian influenza),Alphainfluenzavirus influenzae (H5N1),Alphainfluenzavirus influenzae (H5N1),11320; 2955291,Anas crecca,75839,aves,anseriformes,anatidae,TRUE,TRUE,both,in_gibb_etal=TRUE; in_empres_i=TRUE; deferred_broad_vesiculovirus=FALSE,Alphainfluenzavirus influenzae (H5N1),Influenza (H5N1 avian influenza),Antibodies; PCR/Sequencing; PCR/Sequencing,VIRION,2,FALSE,FALSE,TRUE,FALSE,FALSE,FALSE,host_present_in_system,host appears in canonical WHO disease-pathogen-host backbone; role-specific reservoir/amplifier/incidental/dead-end evidence not assessed,low,TRUE,medium_ecology_triage
Influenza (H5N1 avian influenza),Alphainfluenzavirus influenzae (H5N1),Alphainfluenzavirus influenzae (H5N1),2955291,Anas erythrorhyncha,75843,aves,anseriformes,anatidae,TRUE,TRUE,both,in_gibb_etal=TRUE; in_empres_i=TRUE; deferred_broad_vesiculovirus=FALSE,Alphainfluenzavirus influenzae (H5N1),Influenza (H5N1 avian influenza),PCR/Sequencing,VIRION,1,FALSE,FALSE,TRUE,FALSE,FALSE,FALSE,host_present_in_system,host appears in canonical WHO disease-pathogen-host backbone; role-specific reservoir/amplifier/incidental/dead-end evidence not assessed,low,TRUE,medium_ecology_triage
Influenza (H5N1 avian influenza),Alphainfluenzavirus influenzae (H5N1),Alphainfluenzavirus influenzae (H5N1),2955291,Anas flavirostris,75845,aves,anseriformes,anatidae,TRUE,TRUE,both,in_gibb_etal=TRUE; in_empres_i=TRUE; deferred_broad_vesiculovirus=FALSE,Alphainfluenzavirus influenzae (H5N1),Influenza (H5N1 avian influenza),PCR/Sequencing,VIRION,1,FALSE,FALSE,TRUE,FALSE,FALSE,FALSE,host_present_in_system,host appears in canonical WHO disease-pathogen-host backbone; role-specific reservoir/amplifier/incidental/dead-end evidence not assessed,low,TRUE,medium_ecology_triage
Influenza (H5N1 avian influenza),Alphainfluenzavirus influenzae (H5N1),Alphainfluenzavirus influenzae (H5N1),2955291,Anas fulvigula,75846,aves,anseriformes,anatidae,TRUE,TRUE,both,in_gibb_etal=TRUE; in_empres_i=TRUE; deferred_broad_vesiculovirus=FALSE,Alphainfluenzavirus influenzae (H5N1),Influenza (H5N1 avian influenza),PCR/Sequencing,VIRION,1,FALSE,FALSE,TRUE,FALSE,FALSE,FALSE,host_present_in_system,host appears in canonical WHO disease-pathogen-host backbone; role-specific reservoir/amplifier/incidental/dead-end evidence not assessed,low,TRUE,medium_ecology_triage
Influenza (H5N1 avian influenza),Alphainfluenzavirus influenzae (H5N1),Alphainfluenzavirus influenzae (H5N1),2955291,Anas georgica,75847,aves,anseriformes,anatidae,TRUE,TRUE,both,in_gibb_etal=TRUE; in_empres_i=TRUE; deferred_broad_vesiculovirus=FALSE,Alphainfluenzavirus influenzae (H5N1),Influenza (H5N1 avian influenza),PCR/Sequencing,VIRION,1,FALSE,FALSE,TRUE,FALSE,FALSE,FALSE,host_present_in_system,host appears in canonical WHO disease-pathogen-host backbone; role-specific reservoir/amplifier/incidental/dead-end evidence not assessed,low,TRUE,medium_ecology_triage
Influenza (H5N1 avian influenza),Alphainfluenzavirus influenzae (H5N1),Alphainfluenzavirus influenzae (H5N1),2955291,Anas gracilis,45630,aves,anseriformes,anatidae,TRUE,TRUE,both,in_gibb_etal=TRUE; in_empres_i=TRUE; deferred_broad_vesiculovirus=FALSE,Alphainfluenzavirus influenzae (H5N1),Influenza (H5N1 avian influenza),PCR/Sequencing,VIRION,1,FALSE,FALSE,TRUE,FALSE,FALSE,FALSE,host_present_in_system,host appears in canonical WHO disease-pathogen-host backbone; role-specific reservoir/amplifier/incidental/dead-end evidence not assessed,low,TRUE,medium_ecology_triage
Influenza (H5N1 avian influenza),Alphainfluenzavirus influenzae (H5N1),Alphainfluenzavirus influenzae (H5N1),11320; 2955291,Anas platyrhynchos,8839,aves,anseriformes,anatidae,TRUE,TRUE,both,in_gibb_etal=TRUE; in_empres_i=TRUE; deferred_broad_vesiculovirus=FALSE,Alphainfluenzavirus influenzae (H5N1),Influenza (H5N1 avian influenza),Isolation/Observation; Not specified; PCR/Sequencing; PCR/Sequencing,VIRION,2,FALSE,FALSE,TRUE,FALSE,FALSE,FALSE,host_present_in_system,host appears in canonical WHO disease-pathogen-host backbone; role-specific reservoir/amplifier/incidental/dead-end evidence not assessed,low,TRUE,medium_ecology_triage
Influenza (H5N1 avian influenza),Alphainfluenzavirus influenzae (H5N1),Alphainfluenzavirus influenzae (H5N1),2955291,Anas platyrhynchos,8840,aves,anseriformes,anatidae,TRUE,TRUE,both,in_gibb_etal=TRUE; in_empres_i=TRUE; deferred_broad_vesiculovirus=FALSE,Alphainfluenzavirus influenzae (H5N1),Influenza (H5N1 avian influenza),PCR/Sequencing,VIRION,1,FALSE,FALSE,TRUE,FALSE,FALSE,FALSE,host_present_in_system,host appears in canonical WHO disease-pathogen-host backbone; role-specific reservoir/amplifier/incidental/dead-end evidence not assessed,low,TRUE,medium_ecology_triage
Influenza (H5N1 avian influenza),Alphainfluenzavirus influenzae (H5N1),Alphainfluenzavirus influenzae (H5N1),11320; 2955291,Anas poecilorhyncha,75854,aves,anseriformes,anatidae,TRUE,TRUE,both,in_gibb_etal=TRUE; in_empres_i=TRUE; deferred_broad_vesiculovirus=FALSE,Alphainfluenzavirus influenzae (H5N1),Influenza (H5N1 avian influenza),Isolation/Observation; PCR/Sequencing; PCR/Sequencing,VIRION,2,FALSE,FALSE,TRUE,FALSE,FALSE,FALSE,host_present_in_system,host appears in canonical WHO disease-pathogen-host backbone; role-specific reservoir/amplifier/incidental/dead-end evidence not assessed,low,TRUE,medium_ecology_triage
Influenza (H5N1 avian influenza),Alphainfluenzavirus influenzae (H5N1),Alphainfluenzavirus influenzae (H5N1),11320; 2955291,Anas rubripes,75857,aves,anseriformes,anatidae,TRUE,TRUE,both,in_gibb_etal=TRUE; in_empres_i=TRUE; deferred_broad_vesiculovirus=FALSE,Alphainfluenzavirus influenzae (H5N1),Influenza (H5N1 avian influenza),Isolation/Observation; PCR/Sequencing; PCR/Sequencing,VIRION,2,FALSE,FALSE,TRUE,FALSE,FALSE,FALSE,host_present_in_system,host appears in canonical WHO disease-pathogen-host backbone; role-specific reservoir/amplifier/incidental/dead-end evidence not assessed,low,TRUE,medium_ecology_triage
Influenza (H5N1 avian influenza),Alphainfluenzavirus influenzae (H5N1),Alphainfluenzavirus influenzae (H5N1),11320; 2955291,Anas superciliosa,45632,aves,anseriformes,anatidae,TRUE,TRUE,both,in_gibb_etal=TRUE; in_empres_i=TRUE; deferred_broad_vesiculovirus=FALSE,Alphainfluenzavirus influenzae (H5N1),Influenza (H5N1 avian influenza),PCR/Sequencing,VIRION,2,FALSE,FALSE,TRUE,FALSE,FALSE,FALSE,host_present_in_system,host appears in canonical WHO disease-pathogen-host backbone; role-specific reservoir/amplifier/incidental/dead-end evidence not assessed,low,TRUE,medium_ecology_triage
Influenza (H5N1 avian influenza),Alphainfluenzavirus influenzae (H5N1),Alphainfluenzavirus influenzae (H5N1),2955291,Anas undulata,75862,aves,anseriformes,anatidae,TRUE,TRUE,both,in_gibb_etal=TRUE; in_empres_i=TRUE; deferred_broad_vesiculovirus=FALSE,Alphainfluenzavirus influenzae (H5N1),Influenza (H5N1 avian influenza),PCR/Sequencing,VIRION,1,FALSE,FALSE,TRUE,FALSE,FALSE,FALSE,host_present_in_system,host appears in canonical WHO disease-pathogen-host backbone; role-specific reservoir/amplifier/incidental/dead-end evidence not assessed,low,TRUE,medium_ecology_triage
Influenza (H5N1 avian influenza),Alphainfluenzavirus influenzae (H5N1),Alphainfluenzavirus influenzae (H5N1),2955291,Anas zonorhyncha,75864,aves,anseriformes,anatidae,TRUE,TRUE,both,in_gibb_etal=TRUE; in_empres_i=TRUE; deferred_broad_vesiculovirus=FALSE,Alphainfluenzavirus influenzae (H5N1),Influenza (H5N1 avian influenza),PCR/Sequencing,VIRION,1,FALSE,FALSE,TRUE,FALSE,FALSE,FALSE,host_present_in_system,host appears in canonical WHO disease-pathogen-host backbone; role-specific reservoir/amplifier/incidental/dead-end evidence not assessed,low,TRUE,medium_ecology_triage
Influenza (H5N1 avian influenza),Alphainfluenzavirus influenzae (H5N1),Alphainfluenzavirus influenzae (H5N1),11320; 2955291,Anser albifrons,50365,aves,anseriformes,anatidae,TRUE,TRUE,both,in_gibb_etal=TRUE; in_empres_i=TRUE; deferred_broad_vesiculovirus=FALSE,Alphainfluenzavirus influenzae (H5N1),Influenza (H5N1 avian influenza),Isolation/Observation; PCR/Sequencing; PCR/Sequencing,VIRION,2,FALSE,FALSE,TRUE,FALSE,FALSE,FALSE,host_present_in_system,host appears in canonical WHO disease-pathogen-host backbone; role-specific reservoir/amplifier/incidental/dead-end evidence not assessed,low,TRUE,medium_ecology_triage
Influenza (H5N1 avian influenza),Alphainfluenzavirus influenzae (H5N1),Alphainfluenzavirus influenzae (H5N1),11320; 2955291,Anser anser,8843,aves,anseriformes,anatidae,TRUE,TRUE,both,in_gibb_etal=TRUE; in_empres_i=TRUE; deferred_broad_vesiculovirus=FALSE,Alphainfluenzavirus influenzae (H5N1),Influenza (H5N1 avian influenza),Isolation/Observation; Not specified; PCR/Sequencing; PCR/Sequencing,VIRION,2,FALSE,FALSE,TRUE,FALSE,FALSE,FALSE,host_present_in_system,host appears in canonical WHO disease-pathogen-host backbone; role-specific reservoir/amplifier/incidental/dead-end evidence not assessed,low,TRUE,medium_ecology_triage
Influenza (H5N1 avian influenza),Alphainfluenzavirus influenzae (H5N1),Alphainfluenzavirus influenzae (H5N1),11320; 2955291,Anser brachyrhynchus,132585,aves,anseriformes,anatidae,TRUE,TRUE,both,in_gibb_etal=TRUE; in_empres_i=TRUE; deferred_broad_vesiculovirus=FALSE,Alphainfluenzavirus influenzae (H5N1),Influenza (H5N1 avian influenza),PCR/Sequencing,VIRION,2,FALSE,FALSE,TRUE,FALSE,FALSE,FALSE,host_present_in_system,host appears in canonical WHO disease-pathogen-host backbone; role-specific reservoir/amplifier/incidental/dead-end evidence not assessed,low,TRUE,medium_ecology_triage
Influenza (H5N1 avian influenza),Alphainfluenzavirus influenzae (H5N1),Alphainfluenzavirus influenzae (H5N1),2955291,Anser caerulescens,440516,aves,anseriformes,anatidae,TRUE,TRUE,both,in_gibb_etal=TRUE; in_empres_i=TRUE; deferred_broad_vesiculovirus=FALSE,Alphainfluenzavirus influenzae (H5N1),Influenza (H5N1 avian influenza),PCR/Sequencing,VIRION,1,FALSE,FALSE,TRUE,FALSE,FALSE,FALSE,host_present_in_system,host appears in canonical WHO disease-pathogen-host backbone; role-specific reservoir/amplifier/incidental/dead-end evidence not assessed,low,TRUE,medium_ecology_triage
Influenza (H5N1 avian influenza),Alphainfluenzavirus influenzae (H5N1),Alphainfluenzavirus influenzae (H5N1),2955291,Anser caerulescens,70340,aves,anseriformes,anatidae,TRUE,TRUE,both,in_gibb_etal=TRUE; in_empres_i=TRUE; deferred_broad_vesiculovirus=FALSE,Alphainfluenzavirus influenzae (H5N1),Influenza (H5N1 avian influenza),PCR/Sequencing,VIRION,1,FALSE,FALSE,TRUE,FALSE,FALSE,FALSE,host_present_in_system,host appears in canonical WHO disease-pathogen-host backbone; role-specific reservoir/amplifier/incidental/dead-end evidence not assessed,low,TRUE,medium_ecology_triage
Influenza (H5N1 avian influenza),Alphainfluenzavirus influenzae (H5N1),Alphainfluenzavirus influenzae (H5N1),11320; 2955291,Anser caerulescens,8849,aves,anseriformes,anatidae,TRUE,TRUE,both,in_gibb_etal=TRUE; in_empres_i=TRUE; deferred_broad_vesiculovirus=FALSE,Alphainfluenzavirus influenzae (H5N1),Influenza (H5N1 avian influenza),Isolation/Observation; PCR/Sequencing; PCR/Sequencing,VIRION,2,FALSE,FALSE,TRUE,FALSE,FALSE,FALSE,host_present_in_system,host appears in canonical WHO disease-pathogen-host backbone; role-specific reservoir/amplifier/incidental/dead-end evidence not assessed,low,TRUE,medium_ecology_triage
Influenza (H5N1 avian influenza),Alphainfluenzavirus influenzae (H5N1),Alphainfluenzavirus influenzae (H5N1),2955291,Anser canagicus,107021,aves,anseriformes,anatidae,TRUE,TRUE,both,in_gibb_etal=TRUE; in_empres_i=TRUE; deferred_broad_vesiculovirus=FALSE,Alphainfluenzavirus influenzae (H5N1),Influenza (H5N1 avian influenza),PCR/Sequencing,VIRION,1,FALSE,FALSE,TRUE,FALSE,FALSE,FALSE,host_present_in_system,host appears in canonical WHO disease-pathogen-host backbone; role-specific reservoir/amplifier/incidental/dead-end evidence not assessed,low,TRUE,medium_ecology_triage
Influenza (H5N1 avian influenza),Alphainfluenzavirus influenzae (H5N1),Alphainfluenzavirus influenzae (H5N1),2955291,Anser erythropus,132586,aves,anseriformes,anatidae,TRUE,TRUE,both,in_gibb_etal=TRUE; in_empres_i=TRUE; deferred_broad_vesiculovirus=FALSE,Alphainfluenzavirus influenzae (H5N1),Influenza (H5N1 avian influenza),PCR/Sequencing,VIRION,1,FALSE,FALSE,TRUE,FALSE,FALSE,FALSE,host_present_in_system,host appears in canonical WHO disease-pathogen-host backbone; role-specific reservoir/amplifier/incidental/dead-end evidence not assessed,low,TRUE,medium_ecology_triage
Influenza (H5N1 avian influenza),Alphainfluenzavirus influenzae (H5N1),Alphainfluenzavirus influenzae (H5N1),11320; 2955291,Anser fabalis,132587,aves,anseriformes,anatidae,TRUE,TRUE,both,in_gibb_etal=TRUE; in_empres_i=TRUE; deferred_broad_vesiculovirus=FALSE,Alphainfluenzavirus influenzae (H5N1),Influenza (H5N1 avian influenza),PCR/Sequencing,VIRION,2,FALSE,FALSE,TRUE,FALSE,FALSE,FALSE,host_present_in_system,host appears in canonical WHO disease-pathogen-host backbone; role-specific reservoir/amplifier/incidental/dead-end evidence not assessed,low,TRUE,medium_ecology_triage
Influenza (H5N1 avian influenza),Alphainfluenzavirus influenzae (H5N1),Alphainfluenzavirus influenzae (H5N1),11320; 2955291,Anser indicus,8846,aves,anseriformes,anatidae,TRUE,TRUE,both,in_gibb_etal=TRUE; in_empres_i=TRUE; deferred_broad_vesiculovirus=FALSE,Alphainfluenzavirus influenzae (H5N1),Influenza (H5N1 avian influenza),Isolation/Observation; PCR/Sequencing; PCR/Sequencing,VIRION,2,FALSE,FALSE,TRUE,FALSE,FALSE,FALSE,host_present_in_system,host appears in canonical WHO disease-pathogen-host backbone; role-specific reservoir/amplifier/incidental/dead-end evidence not assessed,low,TRUE,medium_ecology_triage
Influenza (H5N1 avian influenza),Alphainfluenzavirus influenzae (H5N1),Alphainfluenzavirus influenzae (H5N1),2955291,Anser rossii,56281,aves,anseriformes,anatidae,TRUE,TRUE,both,in_gibb_etal=TRUE; in_empres_i=TRUE; deferred_broad_vesiculovirus=FALSE,Alphainfluenzavirus influenzae (H5N1),Influenza (H5N1 avian influenza),PCR/Sequencing,VIRION,1,FALSE,FALSE,TRUE,FALSE,FALSE,FALSE,host_present_in_system,host appears in canonical WHO disease-pathogen-host backbone; role-specific reservoir/amplifier/incidental/dead-end evidence not assessed,low,TRUE,medium_ecology_triage
Influenza (H5N1 avian influenza),Alphainfluenzavirus influenzae (H5N1),Alphainfluenzavirus influenzae (H5N1),2955291,Aythya affinis,189533,aves,anseriformes,anatidae,TRUE,TRUE,both,in_gibb_etal=TRUE; in_empres_i=TRUE; deferred_broad_vesiculovirus=FALSE,Alphainfluenzavirus influenzae (H5N1),Influenza (H5N1 avian influenza),PCR/Sequencing,VIRION,1,FALSE,FALSE,TRUE,FALSE,FALSE,FALSE,host_present_in_system,host appears in canonical WHO disease-pathogen-host backbone; role-specific reservoir/amplifier/incidental/dead-end evidence not assessed,low,TRUE,medium_ecology_triage
Influenza (H5N1 avian influenza),Alphainfluenzavirus influenzae (H5N1),Alphainfluenzavirus influenzae (H5N1),11320; 2955291,Aythya americana,30385,aves,anseriformes,anatidae,TRUE,TRUE,both,in_gibb_etal=TRUE; in_empres_i=TRUE; deferred_broad_vesiculovirus=FALSE,Alphainfluenzavirus influenzae (H5N1),Influenza (H5N1 avian influenza),PCR/Sequencing,VIRION,2,FALSE,FALSE,TRUE,FALSE,FALSE,FALSE,host_present_in_system,host appears in canonical WHO disease-pathogen-host backbone; role-specific reservoir/amplifier/incidental/dead-end evidence not assessed,low,TRUE,medium_ecology_triage
Influenza (H5N1 avian influenza),Alphainfluenzavirus influenzae (H5N1),Alphainfluenzavirus influenzae (H5N1),2955291,Aythya baeri,1177618,aves,anseriformes,anatidae,TRUE,TRUE,both,in_gibb_etal=TRUE; in_empres_i=TRUE; deferred_broad_vesiculovirus=FALSE,Alphainfluenzavirus influenzae (H5N1),Influenza (H5N1 avian influenza),PCR/Sequencing,VIRION,1,FALSE,FALSE,TRUE,FALSE,FALSE,FALSE,host_present_in_system,host appears in canonical WHO disease-pathogen-host backbone; role-specific reservoir/amplifier/incidental/dead-end evidence not assessed,low,TRUE,medium_ecology_triage
Influenza (H5N1 avian influenza),Alphainfluenzavirus influenzae (H5N1),Alphainfluenzavirus influenzae (H5N1),11320; 2955291,Aythya collaris,189535,aves,anseriformes,anatidae,TRUE,TRUE,both,in_gibb_etal=TRUE; in_empres_i=TRUE; deferred_broad_vesiculovirus=FALSE,Alphainfluenzavirus influenzae (H5N1),Influenza (H5N1 avian influenza),PCR/Sequencing,VIRION,2,FALSE,FALSE,TRUE,FALSE,FALSE,FALSE,host_present_in_system,host appears in canonical WHO disease-pathogen-host backbone; role-specific reservoir/amplifier/incidental/dead-end evidence not assessed,low,TRUE,medium_ecology_triage
Influenza (H5N1 avian influenza),Alphainfluenzavirus influenzae (H5N1),Alphainfluenzavirus influenzae (H5N1),11320; 2955291,Aythya ferina,219593,aves,anseriformes,anatidae,TRUE,TRUE,both,in_gibb_etal=TRUE; in_empres_i=TRUE; deferred_broad_vesiculovirus=FALSE,Alphainfluenzavirus influenzae (H5N1),Influenza (H5N1 avian influenza),PCR/Sequencing,VIRION,2,FALSE,FALSE,TRUE,FALSE,FALSE,FALSE,host_present_in_system,host appears in canonical WHO disease-pathogen-host backbone; role-specific reservoir/amplifier/incidental/dead-end evidence not assessed,low,TRUE,medium_ecology_triage
Influenza (H5N1 avian influenza),Alphainfluenzavirus influenzae (H5N1),Alphainfluenzavirus influenzae (H5N1),11320; 2955291,Aythya fuligula,219594,aves,anseriformes,anatidae,TRUE,TRUE,both,in_gibb_etal=TRUE; in_empres_i=TRUE; deferred_broad_vesiculovirus=FALSE,Alphainfluenzavirus influenzae (H5N1),Influenza (H5N1 avian influenza),PCR/Sequencing,VIRION,2,FALSE,FALSE,TRUE,FALSE,FALSE,FALSE,host_present_in_system,host appears in canonical WHO disease-pathogen-host backbone; role-specific reservoir/amplifier/incidental/dead-end evidence not assessed,low,TRUE,medium_ecology_triage
Influenza (H5N1 avian influenza),Alphainfluenzavirus influenzae (H5N1),Alphainfluenzavirus influenzae (H5N1),2955291,Aythya marila,189534,aves,anseriformes,anatidae,TRUE,TRUE,both,in_gibb_etal=TRUE; in_empres_i=TRUE; deferred_broad_vesiculovirus=FALSE,Alphainfluenzavirus influenzae (H5N1),Influenza (H5N1 avian influenza),PCR/Sequencing,VIRION,1,FALSE,FALSE,TRUE,FALSE,FALSE,FALSE,host_present_in_system,host appears in canonical WHO disease-pathogen-host backbone; role-specific reservoir/amplifier/incidental/dead-end evidence not assessed,low,TRUE,medium_ecology_triage
Influenza (H5N1 avian influenza),Alphainfluenzavirus influenzae (H5N1),Alphainfluenzavirus influenzae (H5N1),2955291,Aythya nyroca,197939,aves,anseriformes,anatidae,TRUE,TRUE,both,in_gibb_etal=TRUE; in_empres_i=TRUE; deferred_broad_vesiculovirus=FALSE,Alphainfluenzavirus influenzae (H5N1),Influenza (H5N1 avian influenza),PCR/Sequencing,VIRION,1,FALSE,FALSE,TRUE,FALSE,FALSE,FALSE,host_present_in_system,host appears in canonical WHO disease-pathogen-host backbone; role-specific reservoir/amplifier/incidental/dead-end evidence not assessed,low,TRUE,medium_ecology_triage
Influenza (H5N1 avian influenza),Alphainfluenzavirus influenzae (H5N1),Alphainfluenzavirus influenzae (H5N1),2955291,Aythya valisineria,110915,aves,anseriformes,anatidae,TRUE,TRUE,both,in_gibb_etal=TRUE; in_empres_i=TRUE; deferred_broad_vesiculovirus=FALSE,Alphainfluenzavirus influenzae (H5N1),Influenza (H5N1 avian influenza),PCR/Sequencing,VIRION,1,FALSE,FALSE,TRUE,FALSE,FALSE,FALSE,host_present_in_system,host appears in canonical WHO disease-pathogen-host backbone; role-specific reservoir/amplifier/incidental/dead-end evidence not assessed,low,TRUE,medium_ecology_triage
Influenza (H5N1 avian influenza),Alphainfluenzavirus influenzae (H5N1),Alphainfluenzavirus influenzae (H5N1),2955291,Branta bernicla,184712,aves,anseriformes,anatidae,TRUE,TRUE,both,in_gibb_etal=TRUE; in_empres_i=TRUE; deferred_broad_vesiculovirus=FALSE,Alphainfluenzavirus influenzae (H5N1),Influenza (H5N1 avian influenza),PCR/Sequencing,VIRION,1,FALSE,FALSE,TRUE,FALSE,FALSE,FALSE,host_present_in_system,host appears in canonical WHO disease-pathogen-host backbone; role-specific reservoir/amplifier/incidental/dead-end evidence not assessed,low,TRUE,medium_ecology_triage
Influenza (H5N1 avian influenza),Alphainfluenzavirus influenzae (H5N1),Alphainfluenzavirus influenzae (H5N1),11320; 2955291,Branta canadensis,8853,aves,anseriformes,anatidae,TRUE,TRUE,both,in_gibb_etal=TRUE; in_empres_i=TRUE; deferred_broad_vesiculovirus=FALSE,Alphainfluenzavirus influenzae (H5N1),Influenza (H5N1 avian influenza),Isolation/Observation; PCR/Sequencing; PCR/Sequencing,VIRION,2,FALSE,FALSE,TRUE,FALSE,FALSE,FALSE,host_present_in_system,host appears in canonical WHO disease-pathogen-host backbone; role-specific reservoir/amplifier/incidental/dead-end evidence not assessed,low,TRUE,medium_ecology_triage
Influenza (H5N1 avian influenza),Alphainfluenzavirus influenzae (H5N1),Alphainfluenzavirus influenzae (H5N1),2955291,Branta hutchinsii,371860,aves,anseriformes,anatidae,TRUE,TRUE,both,in_gibb_etal=TRUE; in_empres_i=TRUE; deferred_broad_vesiculovirus=FALSE,Alphainfluenzavirus influenzae (H5N1),Influenza (H5N1 avian influenza),PCR/Sequencing,VIRION,1,FALSE,FALSE,TRUE,FALSE,FALSE,FALSE,host_present_in_system,host appears in canonical WHO disease-pathogen-host backbone; role-specific reservoir/amplifier/incidental/dead-end evidence not assessed,low,TRUE,medium_ecology_triage
Influenza (H5N1 avian influenza),Alphainfluenzavirus influenzae (H5N1),Alphainfluenzavirus influenzae (H5N1),11320; 2955291,Branta leucopsis,184711,aves,anseriformes,anatidae,TRUE,TRUE,both,in_gibb_etal=TRUE; in_empres_i=TRUE; deferred_broad_vesiculovirus=FALSE,Alphainfluenzavirus influenzae (H5N1),Influenza (H5N1 avian influenza),PCR/Sequencing,VIRION,2,FALSE,FALSE,TRUE,FALSE,FALSE,FALSE,host_present_in_system,host appears in canonical WHO disease-pathogen-host backbone; role-specific reservoir/amplifier/incidental/dead-end evidence not assessed,low,TRUE,medium_ecology_triage
Influenza (H5N1 avian influenza),Alphainfluenzavirus influenzae (H5N1),Alphainfluenzavirus influenzae (H5N1),11320; 2955291,Bucephala albeola,279934,aves,anseriformes,anatidae,TRUE,TRUE,both,in_gibb_etal=TRUE; in_empres_i=TRUE; deferred_broad_vesiculovirus=FALSE,Alphainfluenzavirus influenzae (H5N1),Influenza (H5N1 avian influenza),PCR/Sequencing,VIRION,2,FALSE,FALSE,TRUE,FALSE,FALSE,FALSE,host_present_in_system,host appears in canonical WHO disease-pathogen-host backbone; role-specific reservoir/amplifier/incidental/dead-end evidence not assessed,low,TRUE,medium_ecology_triage
Influenza (H5N1 avian influenza),Alphainfluenzavirus influenzae (H5N1),Alphainfluenzavirus influenzae (H5N1),11320; 2955291,Bucephala clangula,107022,aves,anseriformes,anatidae,TRUE,TRUE,both,in_gibb_etal=TRUE; in_empres_i=TRUE; deferred_broad_vesiculovirus=FALSE,Alphainfluenzavirus influenzae (H5N1),Influenza (H5N1 avian influenza),PCR/Sequencing,VIRION,2,FALSE,FALSE,TRUE,FALSE,FALSE,FALSE,host_present_in_system,host appears in canonical WHO disease-pathogen-host backbone; role-specific reservoir/amplifier/incidental/dead-end evidence not assessed,low,TRUE,medium_ecology_triage
Influenza (H5N1 avian influenza),Alphainfluenzavirus influenzae (H5N1),Alphainfluenzavirus influenzae (H5N1),11320; 2955291,Cairina moschata,8855,aves,anseriformes,anatidae,TRUE,TRUE,both,in_gibb_etal=TRUE; in_empres_i=TRUE; deferred_broad_vesiculovirus=FALSE,Alphainfluenzavirus influenzae (H5N1),Influenza (H5N1 avian influenza),PCR/Sequencing,VIRION,2,FALSE,FALSE,TRUE,FALSE,FALSE,FALSE,host_present_in_system,host appears in canonical WHO disease-pathogen-host backbone; role-specific reservoir/amplifier/incidental/dead-end evidence not assessed,low,TRUE,medium_ecology_triage
Influenza (H5N1 avian influenza),Alphainfluenzavirus influenzae (H5N1),Alphainfluenzavirus influenzae (H5N1),2955291,Callonetta leucophrys,75871,aves,anseriformes,anatidae,TRUE,TRUE,both,in_gibb_etal=TRUE; in_empres_i=TRUE; deferred_broad_vesiculovirus=FALSE,Alphainfluenzavirus influenzae (H5N1),Influenza (H5N1 avian influenza),PCR/Sequencing,VIRION,1,FALSE,FALSE,TRUE,FALSE,FALSE,FALSE,host_present_in_system,host appears in canonical WHO disease-pathogen-host backbone; role-specific reservoir/amplifier/incidental/dead-end evidence not assessed,low,TRUE,medium_ecology_triage
Influenza (H5N1 avian influenza),Alphainfluenzavirus influenzae (H5N1),Alphainfluenzavirus influenzae (H5N1),2955291,Cereopsis novaehollandiae,8858,aves,anseriformes,anatidae,TRUE,TRUE,both,in_gibb_etal=TRUE; in_empres_i=TRUE; deferred_broad_vesiculovirus=FALSE,Alphainfluenzavirus influenzae (H5N1),Influenza (H5N1 avian influenza),PCR/Sequencing,VIRION,1,FALSE,FALSE,TRUE,FALSE,FALSE,FALSE,host_present_in_system,host appears in canonical WHO disease-pathogen-host backbone; role-specific reservoir/amplifier/incidental/dead-end evidence not assessed,low,TRUE,medium_ecology_triage
Influenza (H5N1 avian influenza),Alphainfluenzavirus influenzae (H5N1),Alphainfluenzavirus influenzae (H5N1),2955291,Chenonetta jubata,45644,aves,anseriformes,anatidae,TRUE,TRUE,both,in_gibb_etal=TRUE; in_empres_i=TRUE; deferred_broad_vesiculovirus=FALSE,Alphainfluenzavirus influenzae (H5N1),Influenza (H5N1 avian influenza),PCR/Sequencing,VIRION,1,FALSE,FALSE,TRUE,FALSE,FALSE,FALSE,host_present_in_system,host appears in canonical WHO disease-pathogen-host backbone; role-specific reservoir/amplifier/incidental/dead-end evidence not assessed,low,TRUE,medium_ecology_triage
Influenza (H5N1 avian influenza),Alphainfluenzavirus influenzae (H5N1),Alphainfluenzavirus influenzae (H5N1),2955291,Chloephaga picta,8861,aves,anseriformes,anatidae,TRUE,TRUE,both,in_gibb_etal=TRUE; in_empres_i=TRUE; deferred_broad_vesiculovirus=FALSE,Alphainfluenzavirus influenzae (H5N1),Influenza (H5N1 avian influenza),PCR/Sequencing,VIRION,1,FALSE,FALSE,TRUE,FALSE,FALSE,FALSE,host_present_in_system,host appears in canonical WHO disease-pathogen-host backbone; role-specific reservoir/amplifier/incidental/dead-end evidence not assessed,low,TRUE,medium_ecology_triage
Influenza (H5N1 avian influenza),Alphainfluenzavirus influenzae (H5N1),Alphainfluenzavirus influenzae (H5N1),2955291,Clangula hyemalis,197941,aves,anseriformes,anatidae,TRUE,TRUE,both,in_gibb_etal=TRUE; in_empres_i=TRUE; deferred_broad_vesiculovirus=FALSE,Alphainfluenzavirus influenzae (H5N1),Influenza (H5N1 avian influenza),PCR/Sequencing,VIRION,1,FALSE,FALSE,TRUE,FALSE,FALSE,FALSE,host_present_in_system,host appears in canonical WHO disease-pathogen-host backbone; role-specific reservoir/amplifier/incidental/dead-end evidence not assessed,low,TRUE,medium_ecology_triage
Influenza (H5N1 avian influenza),Alphainfluenzavirus influenzae (H5N1),Alphainfluenzavirus influenzae (H5N1),2955291,Coscoroba coscoroba,8863,aves,anseriformes,anatidae,TRUE,TRUE,both,in_gibb_etal=TRUE; in_empres_i=TRUE; deferred_broad_vesiculovirus=FALSE,Alphainfluenzavirus influenzae (H5N1),Influenza (H5N1 avian influenza),PCR/Sequencing,VIRION,1,FALSE,FALSE,TRUE,FALSE,FALSE,FALSE,host_present_in_system,host appears in canonical WHO disease-pathogen-host backbone; role-specific reservoir/amplifier/incidental/dead-end evidence not assessed,low,TRUE,medium_ecology_triage
Influenza (H5N1 avian influenza),Alphainfluenzavirus influenzae (H5N1),Alphainfluenzavirus influenzae (H5N1),2955291,Cygnus atratus,8868,aves,anseriformes,anatidae,TRUE,TRUE,both,in_gibb_etal=TRUE; in_empres_i=TRUE; deferred_broad_vesiculovirus=FALSE,Alphainfluenzavirus influenzae (H5N1),Influenza (H5N1 avian influenza),PCR/Sequencing,VIRION,1,FALSE,FALSE,TRUE,FALSE,FALSE,FALSE,host_present_in_system,host appears in canonical WHO disease-pathogen-host backbone; role-specific reservoir/amplifier/incidental/dead-end evidence not assessed,low,TRUE,medium_ecology_triage
Influenza (H5N1 avian influenza),Alphainfluenzavirus influenzae (H5N1),Alphainfluenzavirus influenzae (H5N1),2955291,Cygnus buccinator,48397,aves,anseriformes,anatidae,TRUE,TRUE,both,in_gibb_etal=TRUE; in_empres_i=TRUE; deferred_broad_vesiculovirus=FALSE,Alphainfluenzavirus influenzae (H5N1),Influenza (H5N1 avian influenza),PCR/Sequencing,VIRION,1,FALSE,FALSE,TRUE,FALSE,FALSE,FALSE,host_present_in_system,host appears in canonical WHO disease-pathogen-host backbone; role-specific reservoir/amplifier/incidental/dead-end evidence not assessed,low,TRUE,medium_ecology_triage
Influenza (H5N1 avian influenza),Alphainfluenzavirus influenzae (H5N1),Alphainfluenzavirus influenzae (H5N1),11320; 2955291,Cygnus columbianus,110926,aves,anseriformes,anatidae,TRUE,TRUE,both,in_gibb_etal=TRUE; in_empres_i=TRUE; deferred_broad_vesiculovirus=FALSE,Alphainfluenzavirus influenzae (H5N1),Influenza (H5N1 avian influenza),Antibodies; PCR/Sequencing; PCR/Sequencing,VIRION,2,FALSE,FALSE,TRUE,FALSE,FALSE,FALSE,host_present_in_system,host appears in canonical WHO disease-pathogen-host backbone; role-specific reservoir/amplifier/incidental/dead-end evidence not assessed,low,TRUE,medium_ecology_triage
Influenza (H5N1 avian influenza),Alphainfluenzavirus influenzae (H5N1),Alphainfluenzavirus influenzae (H5N1),2955291,Cygnus columbianus,1450144,aves,anseriformes,anatidae,TRUE,TRUE,both,in_gibb_etal=TRUE; in_empres_i=TRUE; deferred_broad_vesiculovirus=FALSE,Alphainfluenzavirus influenzae (H5N1),Influenza (H5N1 avian influenza),PCR/Sequencing,VIRION,1,FALSE,FALSE,TRUE,FALSE,FALSE,FALSE,host_present_in_system,host appears in canonical WHO disease-pathogen-host backbone; role-specific reservoir/amplifier/incidental/dead-end evidence not assessed,low,TRUE,medium_ecology_triage
Influenza (H5N1 avian influenza),Alphainfluenzavirus influenzae (H5N1),Alphainfluenzavirus influenzae (H5N1),11320; 2955291,Cygnus cygnus,219595,aves,anseriformes,anatidae,TRUE,TRUE,both,in_gibb_etal=TRUE; in_empres_i=TRUE; deferred_broad_vesiculovirus=FALSE,Alphainfluenzavirus influenzae (H5N1),Influenza (H5N1 avian influenza),Isolation/Observation; PCR/Sequencing; PCR/Sequencing,VIRION,2,FALSE,FALSE,TRUE,FALSE,FALSE,FALSE,host_present_in_system,host appears in canonical WHO disease-pathogen-host backbone; role-specific reservoir/amplifier/incidental/dead-end evidence not assessed,low,TRUE,medium_ecology_triage
Influenza (H5N1 avian influenza),Alphainfluenzavirus influenzae (H5N1),Alphainfluenzavirus influenzae (H5N1),2955291,Cygnus melancoryphus,41691,aves,anseriformes,anatidae,TRUE,TRUE,both,in_gibb_etal=TRUE; in_empres_i=TRUE; deferred_broad_vesiculovirus=FALSE,Alphainfluenzavirus influenzae (H5N1),Influenza (H5N1 avian influenza),PCR/Sequencing,VIRION,1,FALSE,FALSE,TRUE,FALSE,FALSE,FALSE,host_present_in_system,host appears in canonical WHO disease-pathogen-host backbone; role-specific reservoir/amplifier/incidental/dead-end evidence not assessed,low,TRUE,medium_ecology_triage
Influenza (H5N1 avian influenza),Alphainfluenzavirus influenzae (H5N1),Alphainfluenzavirus influenzae (H5N1),11320; 2955291,Cygnus olor,8869,aves,anseriformes,anatidae,TRUE,TRUE,both,in_gibb_etal=TRUE; in_empres_i=TRUE; deferred_broad_vesiculovirus=FALSE,Alphainfluenzavirus influenzae (H5N1),Influenza (H5N1 avian influenza),Isolation/Observation; PCR/Sequencing; PCR/Sequencing,VIRION,2,FALSE,FALSE,TRUE,FALSE,FALSE,FALSE,host_present_in_system,host appears in canonical WHO disease-pathogen-host backbone; role-specific reservoir/amplifier/incidental/dead-end evidence not assessed,low,TRUE,medium_ecology_triage
Influenza (H5N1 avian influenza),Alphainfluenzavirus influenzae (H5N1),Alphainfluenzavirus influenzae (H5N1),2955291,Dendrocygna autumnalis,8873,aves,anseriformes,anatidae,TRUE,TRUE,both,in_gibb_etal=TRUE; in_empres_i=TRUE; deferred_broad_vesiculovirus=FALSE,Alphainfluenzavirus influenzae (H5N1),Influenza (H5N1 avian influenza),PCR/Sequencing,VIRION,1,FALSE,FALSE,TRUE,FALSE,FALSE,FALSE,host_present_in_system,host appears in canonical WHO disease-pathogen-host backbone; role-specific reservoir/amplifier/incidental/dead-end evidence not assessed,low,TRUE,medium_ecology_triage
Influenza (H5N1 avian influenza),Alphainfluenzavirus influenzae (H5N1),Alphainfluenzavirus influenzae (H5N1),2955291,Dendrocygna eytoni,8875,aves,anseriformes,anatidae,TRUE,TRUE,both,in_gibb_etal=TRUE; in_empres_i=TRUE; deferred_broad_vesiculovirus=FALSE,Alphainfluenzavirus influenzae (H5N1),Influenza (H5N1 avian influenza),PCR/Sequencing,VIRION,1,FALSE,FALSE,TRUE,FALSE,FALSE,FALSE,host_present_in_system,host appears in canonical WHO disease-pathogen-host backbone; role-specific reservoir/amplifier/incidental/dead-end evidence not assessed,low,TRUE,medium_ecology_triage
Influenza (H5N1 avian influenza),Alphainfluenzavirus influenzae (H5N1),Alphainfluenzavirus influenzae (H5N1),2955291,Dendrocygna javanica,60182,aves,anseriformes,anatidae,TRUE,TRUE,both,in_gibb_etal=TRUE; in_empres_i=TRUE; deferred_broad_vesiculovirus=FALSE,Alphainfluenzavirus influenzae (H5N1),Influenza (H5N1 avian influenza),PCR/Sequencing,VIRION,1,FALSE,FALSE,TRUE,FALSE,FALSE,FALSE,host_present_in_system,host appears in canonical WHO disease-pathogen-host backbone; role-specific reservoir/amplifier/incidental/dead-end evidence not assessed,low,TRUE,medium_ecology_triage
Influenza (H5N1 avian influenza),Alphainfluenzavirus influenzae (H5N1),Alphainfluenzavirus influenzae (H5N1),11320; 2955291,Dendrocygna viduata,8876,aves,anseriformes,anatidae,TRUE,TRUE,both,in_gibb_etal=TRUE; in_empres_i=TRUE; deferred_broad_vesiculovirus=FALSE,Alphainfluenzavirus influenzae (H5N1),Influenza (H5N1 avian influenza),PCR/Sequencing,VIRION,2,FALSE,FALSE,TRUE,FALSE,FALSE,FALSE,host_present_in_system,host appears in canonical WHO disease-pathogen-host backbone; role-specific reservoir/amplifier/incidental/dead-end evidence not assessed,low,TRUE,medium_ecology_triage
Influenza (H5N1 avian influenza),Alphainfluenzavirus influenzae (H5N1),Alphainfluenzavirus influenzae (H5N1),2955291,Heteronetta atricapilla,555264,aves,anseriformes,anatidae,TRUE,TRUE,both,in_gibb_etal=TRUE; in_empres_i=TRUE; deferred_broad_vesiculovirus=FALSE,Alphainfluenzavirus influenzae (H5N1),Influenza (H5N1 avian influenza),PCR/Sequencing,VIRION,1,FALSE,FALSE,TRUE,FALSE,FALSE,FALSE,host_present_in_system,host appears in canonical WHO disease-pathogen-host backbone; role-specific reservoir/amplifier/incidental/dead-end evidence not assessed,low,TRUE,medium_ecology_triage
Influenza (H5N1 avian influenza),Alphainfluenzavirus influenzae (H5N1),Alphainfluenzavirus influenzae (H5N1),2955291,Histrionicus histrionicus,68165,aves,anseriformes,anatidae,TRUE,TRUE,both,in_gibb_etal=TRUE; in_empres_i=TRUE; deferred_broad_vesiculovirus=FALSE,Alphainfluenzavirus influenzae (H5N1),Influenza (H5N1 avian influenza),PCR/Sequencing,VIRION,1,FALSE,FALSE,TRUE,FALSE,FALSE,FALSE,host_present_in_system,host appears in canonical WHO disease-pathogen-host backbone; role-specific reservoir/amplifier/incidental/dead-end evidence not assessed,low,TRUE,medium_ecology_triage
Influenza (H5N1 avian influenza),Alphainfluenzavirus influenzae (H5N1),Alphainfluenzavirus influenzae (H5N1),2955291,Lophodytes cucullatus,279951,aves,anseriformes,anatidae,TRUE,TRUE,both,in_gibb_etal=TRUE; in_empres_i=TRUE; deferred_broad_vesiculovirus=FALSE,Alphainfluenzavirus influenzae (H5N1),Influenza (H5N1 avian influenza),PCR/Sequencing,VIRION,1,FALSE,FALSE,TRUE,FALSE,FALSE,FALSE,host_present_in_system,host appears in canonical WHO disease-pathogen-host backbone; role-specific reservoir/amplifier/incidental/dead-end evidence not assessed,low,TRUE,medium_ecology_triage
Influenza (H5N1 avian influenza),Alphainfluenzavirus influenzae (H5N1),Alphainfluenzavirus influenzae (H5N1),2955291,Malacorhynchus membranaceus,45646,aves,anseriformes,anatidae,TRUE,TRUE,both,in_gibb_etal=TRUE; in_empres_i=TRUE; deferred_broad_vesiculovirus=FALSE,Alphainfluenzavirus influenzae (H5N1),Influenza (H5N1 avian influenza),PCR/Sequencing,VIRION,1,FALSE,FALSE,TRUE,FALSE,FALSE,FALSE,host_present_in_system,host appears in canonical WHO disease-pathogen-host backbone; role-specific reservoir/amplifier/incidental/dead-end evidence not assessed,low,TRUE,medium_ecology_triage
Influenza (H5N1 avian influenza),Alphainfluenzavirus influenzae (H5N1),Alphainfluenzavirus influenzae (H5N1),11320; 2955291,Mareca americana,75832,aves,anseriformes,anatidae,TRUE,TRUE,both,in_gibb_etal=TRUE; in_empres_i=TRUE; deferred_broad_vesiculovirus=FALSE,Alphainfluenzavirus influenzae (H5N1),Influenza (H5N1 avian influenza),Isolation/Observation; PCR/Sequencing; PCR/Sequencing,VIRION,2,FALSE,FALSE,TRUE,FALSE,FALSE,FALSE,host_present_in_system,host appears in canonical WHO disease-pathogen-host backbone; role-specific reservoir/amplifier/incidental/dead-end evidence not assessed,low,TRUE,medium_ecology_triage
Influenza (H5N1 avian influenza),Alphainfluenzavirus influenzae (H5N1),Alphainfluenzavirus influenzae (H5N1),2955291,Mareca falcata,75844,aves,anseriformes,anatidae,TRUE,TRUE,both,in_gibb_etal=TRUE; in_empres_i=TRUE; deferred_broad_vesiculovirus=FALSE,Alphainfluenzavirus influenzae (H5N1),Influenza (H5N1 avian influenza),PCR/Sequencing,VIRION,1,FALSE,FALSE,TRUE,FALSE,FALSE,FALSE,host_present_in_system,host appears in canonical WHO disease-pathogen-host backbone; role-specific reservoir/amplifier/incidental/dead-end evidence not assessed,low,TRUE,medium_ecology_triage
Influenza (H5N1 avian influenza),Alphainfluenzavirus influenzae (H5N1),Alphainfluenzavirus influenzae (H5N1),11320; 2955291,Mareca penelope,8838,aves,anseriformes,anatidae,TRUE,TRUE,both,in_gibb_etal=TRUE; in_empres_i=TRUE; deferred_broad_vesiculovirus=FALSE,Alphainfluenzavirus influenzae (H5N1),Influenza (H5N1 avian influenza),Isolation/Observation; PCR/Sequencing; PCR/Sequencing,VIRION,2,FALSE,FALSE,TRUE,FALSE,FALSE,FALSE,host_present_in_system,host appears in canonical WHO disease-pathogen-host backbone; role-specific reservoir/amplifier/incidental/dead-end evidence not assessed,low,TRUE,medium_ecology_triage
Influenza (H5N1 avian influenza),Alphainfluenzavirus influenzae (H5N1),Alphainfluenzavirus influenzae (H5N1),2955291,Mareca sibilatrix,75858,aves,anseriformes,anatidae,TRUE,TRUE,both,in_gibb_etal=TRUE; in_empres_i=TRUE; deferred_broad_vesiculovirus=FALSE,Alphainfluenzavirus influenzae (H5N1),Influenza (H5N1 avian influenza),PCR/Sequencing,VIRION,1,FALSE,FALSE,TRUE,FALSE,FALSE,FALSE,host_present_in_system,host appears in canonical WHO disease-pathogen-host backbone; role-specific reservoir/amplifier/incidental/dead-end evidence not assessed,low,TRUE,medium_ecology_triage
Influenza (H5N1 avian influenza),Alphainfluenzavirus influenzae (H5N1),Alphainfluenzavirus influenzae (H5N1),11320; 2955291,Mareca strepera,75861,aves,anseriformes,anatidae,TRUE,TRUE,both,in_gibb_etal=TRUE; in_empres_i=TRUE; deferred_broad_vesiculovirus=FALSE,Alphainfluenzavirus influenzae (H5N1),Influenza (H5N1 avian influenza),Isolation/Observation; PCR/Sequencing; PCR/Sequencing,VIRION,2,FALSE,FALSE,TRUE,FALSE,FALSE,FALSE,host_present_in_system,host appears in canonical WHO disease-pathogen-host backbone; role-specific reservoir/amplifier/incidental/dead-end evidence not assessed,low,TRUE,medium_ecology_triage
Influenza (H5N1 avian influenza),Alphainfluenzavirus influenzae (H5N1),Alphainfluenzavirus influenzae (H5N1),2955291,Marmaronetta angustirostris,75875,aves,anseriformes,anatidae,TRUE,TRUE,both,in_gibb_etal=TRUE; in_empres_i=TRUE; deferred_broad_vesiculovirus=FALSE,Alphainfluenzavirus influenzae (H5N1),Influenza (H5N1 avian influenza),PCR/Sequencing,VIRION,1,FALSE,FALSE,TRUE,FALSE,FALSE,FALSE,host_present_in_system,host appears in canonical WHO disease-pathogen-host backbone; role-specific reservoir/amplifier/incidental/dead-end evidence not assessed,low,TRUE,medium_ecology_triage
Influenza (H5N1 avian influenza),Alphainfluenzavirus influenzae (H5N1),Alphainfluenzavirus influenzae (H5N1),2955291,Melanitta americana,1581554,aves,anseriformes,anatidae,TRUE,TRUE,both,in_gibb_etal=TRUE; in_empres_i=TRUE; deferred_broad_vesiculovirus=FALSE,Alphainfluenzavirus influenzae (H5N1),Influenza (H5N1 avian influenza),PCR/Sequencing,VIRION,1,FALSE,FALSE,TRUE,FALSE,FALSE,FALSE,host_present_in_system,host appears in canonical WHO disease-pathogen-host backbone; role-specific reservoir/amplifier/incidental/dead-end evidence not assessed,low,TRUE,medium_ecology_triage
Influenza (H5N1 avian influenza),Alphainfluenzavirus influenzae (H5N1),Alphainfluenzavirus influenzae (H5N1),11320; 2955291,Melanitta fusca,371864,aves,anseriformes,anatidae,TRUE,TRUE,both,in_gibb_etal=TRUE; in_empres_i=TRUE; deferred_broad_vesiculovirus=FALSE,Alphainfluenzavirus influenzae (H5N1),Influenza (H5N1 avian influenza),PCR/Sequencing,VIRION,2,FALSE,FALSE,TRUE,FALSE,FALSE,FALSE,host_present_in_system,host appears in canonical WHO disease-pathogen-host backbone; role-specific reservoir/amplifier/incidental/dead-end evidence not assessed,low,TRUE,medium_ecology_triage
Influenza (H5N1 avian influenza),Alphainfluenzavirus influenzae (H5N1),Alphainfluenzavirus influenzae (H5N1),2955291,Melanitta nigra,198027,aves,anseriformes,anatidae,TRUE,TRUE,both,in_gibb_etal=TRUE; in_empres_i=TRUE; deferred_broad_vesiculovirus=FALSE,Alphainfluenzavirus influenzae (H5N1),Influenza (H5N1 avian influenza),PCR/Sequencing,VIRION,1,FALSE,FALSE,TRUE,FALSE,FALSE,FALSE,host_present_in_system,host appears in canonical WHO disease-pathogen-host backbone; role-specific reservoir/amplifier/incidental/dead-end evidence not assessed,low,TRUE,medium_ecology_triage
Influenza (H5N1 avian influenza),Alphainfluenzavirus influenzae (H5N1),Alphainfluenzavirus influenzae (H5N1),2955291,Melanitta perspicillata,371863,aves,anseriformes,anatidae,TRUE,TRUE,both,in_gibb_etal=TRUE; in_empres_i=TRUE; deferred_broad_vesiculovirus=FALSE,Alphainfluenzavirus influenzae (H5N1),Influenza (H5N1 avian influenza),PCR/Sequencing,VIRION,1,FALSE,FALSE,TRUE,FALSE,FALSE,FALSE,host_present_in_system,host appears in canonical WHO disease-pathogen-host backbone; role-specific reservoir/amplifier/incidental/dead-end evidence not assessed,low,TRUE,medium_ecology_triage
Influenza (H5N1 avian influenza),Alphainfluenzavirus influenzae (H5N1),Alphainfluenzavirus influenzae (H5N1),11320; 2955291,Mergellus albellus,107026,aves,anseriformes,anatidae,TRUE,TRUE,both,in_gibb_etal=TRUE; in_empres_i=TRUE; deferred_broad_vesiculovirus=FALSE,Alphainfluenzavirus influenzae (H5N1),Influenza (H5N1 avian influenza),PCR/Sequencing,VIRION,2,FALSE,FALSE,TRUE,FALSE,FALSE,FALSE,host_present_in_system,host appears in canonical WHO disease-pathogen-host backbone; role-specific reservoir/amplifier/incidental/dead-end evidence not assessed,low,TRUE,medium_ecology_triage
Influenza (H5N1 avian influenza),Alphainfluenzavirus influenzae (H5N1),Alphainfluenzavirus influenzae (H5N1),2955291,Mergus merganser,8880,aves,anseriformes,anatidae,TRUE,TRUE,both,in_gibb_etal=TRUE; in_empres_i=TRUE; deferred_broad_vesiculovirus=FALSE,Alphainfluenzavirus influenzae (H5N1),Influenza (H5N1 avian influenza),PCR/Sequencing,VIRION,1,FALSE,FALSE,TRUE,FALSE,FALSE,FALSE,host_present_in_system,host appears in canonical WHO disease-pathogen-host backbone; role-specific reservoir/amplifier/incidental/dead-end evidence not assessed,low,TRUE,medium_ecology_triage
Influenza (H5N1 avian influenza),Alphainfluenzavirus influenzae (H5N1),Alphainfluenzavirus influenzae (H5N1),11320; 2955291,Netta peposaca,541013,aves,anseriformes,anatidae,TRUE,TRUE,both,in_gibb_etal=TRUE; in_empres_i=TRUE; deferred_broad_vesiculovirus=FALSE,Alphainfluenzavirus influenzae (H5N1),Influenza (H5N1 avian influenza),PCR/Sequencing,VIRION,2,FALSE,FALSE,TRUE,FALSE,FALSE,FALSE,host_present_in_system,host appears in canonical WHO disease-pathogen-host backbone; role-specific reservoir/amplifier/incidental/dead-end evidence not assessed,low,TRUE,medium_ecology_triage
Influenza (H5N1 avian influenza),Alphainfluenzavirus influenzae (H5N1),Alphainfluenzavirus influenzae (H5N1),2955291,Netta rufina,30387,aves,anseriformes,anatidae,TRUE,TRUE,both,in_gibb_etal=TRUE; in_empres_i=TRUE; deferred_broad_vesiculovirus=FALSE,Alphainfluenzavirus influenzae (H5N1),Influenza (H5N1 avian influenza),PCR/Sequencing,VIRION,1,FALSE,FALSE,TRUE,FALSE,FALSE,FALSE,host_present_in_system,host appears in canonical WHO disease-pathogen-host backbone; role-specific reservoir/amplifier/incidental/dead-end evidence not assessed,low,TRUE,medium_ecology_triage
Influenza (H5N1 avian influenza),Alphainfluenzavirus influenzae (H5N1),Alphainfluenzavirus influenzae (H5N1),2955291,Oxyura jamaicensis,8884,aves,anseriformes,anatidae,TRUE,TRUE,both,in_gibb_etal=TRUE; in_empres_i=TRUE; deferred_broad_vesiculovirus=FALSE,Alphainfluenzavirus influenzae (H5N1),Influenza (H5N1 avian influenza),PCR/Sequencing,VIRION,1,FALSE,FALSE,TRUE,FALSE,FALSE,FALSE,host_present_in_system,host appears in canonical WHO disease-pathogen-host backbone; role-specific reservoir/amplifier/incidental/dead-end evidence not assessed,low,TRUE,medium_ecology_triage
Influenza (H5N1 avian influenza),Alphainfluenzavirus influenzae (H5N1),Alphainfluenzavirus influenzae (H5N1),2955291,Plectropterus gambensis,658924,aves,anseriformes,anatidae,TRUE,TRUE,both,in_gibb_etal=TRUE; in_empres_i=TRUE; deferred_broad_vesiculovirus=FALSE,Alphainfluenzavirus influenzae (H5N1),Influenza (H5N1 avian influenza),PCR/Sequencing,VIRION,1,FALSE,FALSE,TRUE,FALSE,FALSE,FALSE,host_present_in_system,host appears in canonical WHO disease-pathogen-host backbone; role-specific reservoir/amplifier/incidental/dead-end evidence not assessed,low,TRUE,medium_ecology_triage
Influenza (H5N1 avian influenza),Alphainfluenzavirus influenzae (H5N1),Alphainfluenzavirus influenzae (H5N1),2955291,Polysticta stelleri,234623,aves,anseriformes,anatidae,TRUE,TRUE,both,in_gibb_etal=TRUE; in_empres_i=TRUE; deferred_broad_vesiculovirus=FALSE,Alphainfluenzavirus influenzae (H5N1),Influenza (H5N1 avian influenza),PCR/Sequencing,VIRION,1,FALSE,FALSE,TRUE,FALSE,FALSE,FALSE,host_present_in_system,host appears in canonical WHO disease-pathogen-host backbone; role-specific reservoir/amplifier/incidental/dead-end evidence not assessed,low,TRUE,medium_ecology_triage
Influenza (H5N1 avian influenza),Alphainfluenzavirus influenzae (H5N1),Alphainfluenzavirus influenzae (H5N1),2955291,Sarkidiornis sylvicola,1577981,aves,anseriformes,anatidae,TRUE,TRUE,both,in_gibb_etal=TRUE; in_empres_i=TRUE; deferred_broad_vesiculovirus=FALSE,Alphainfluenzavirus influenzae (H5N1),Influenza (H5N1 avian influenza),PCR/Sequencing,VIRION,1,FALSE,FALSE,TRUE,FALSE,FALSE,FALSE,host_present_in_system,host appears in canonical WHO disease-pathogen-host backbone; role-specific reservoir/amplifier/incidental/dead-end evidence not assessed,low,TRUE,medium_ecology_triage
Influenza (H5N1 avian influenza),Alphainfluenzavirus influenzae (H5N1),Alphainfluenzavirus influenzae (H5N1),11320; 2955291,Sibirionetta formosa,56278,aves,anseriformes,anatidae,TRUE,TRUE,both,in_gibb_etal=TRUE; in_empres_i=TRUE; deferred_broad_vesiculovirus=FALSE,Alphainfluenzavirus influenzae (H5N1),Influenza (H5N1 avian influenza),PCR/Sequencing,VIRION,2,FALSE,FALSE,TRUE,FALSE,FALSE,FALSE,host_present_in_system,host appears in canonical WHO disease-pathogen-host backbone; role-specific reservoir/amplifier/incidental/dead-end evidence not assessed,low,TRUE,medium_ecology_triage
Influenza (H5N1 avian influenza),Alphainfluenzavirus influenzae (H5N1),Alphainfluenzavirus influenzae (H5N1),2955291,Somateria fischeri,50367,aves,anseriformes,anatidae,TRUE,TRUE,both,in_gibb_etal=TRUE; in_empres_i=TRUE; deferred_broad_vesiculovirus=FALSE,Alphainfluenzavirus influenzae (H5N1),Influenza (H5N1 avian influenza),PCR/Sequencing,VIRION,1,FALSE,FALSE,TRUE,FALSE,FALSE,FALSE,host_present_in_system,host appears in canonical WHO disease-pathogen-host backbone; role-specific reservoir/amplifier/incidental/dead-end evidence not assessed,low,TRUE,medium_ecology_triage
Influenza (H5N1 avian influenza),Alphainfluenzavirus influenzae (H5N1),Alphainfluenzavirus influenzae (H5N1),11320; 2955291,Somateria mollissima,76058,aves,anseriformes,anatidae,TRUE,TRUE,both,in_gibb_etal=TRUE; in_empres_i=TRUE; deferred_broad_vesiculovirus=FALSE,Alphainfluenzavirus influenzae (H5N1),Influenza (H5N1 avian influenza),PCR/Sequencing,VIRION,2,FALSE,FALSE,TRUE,FALSE,FALSE,FALSE,host_present_in_system,host appears in canonical WHO disease-pathogen-host backbone; role-specific reservoir/amplifier/incidental/dead-end evidence not assessed,low,TRUE,medium_ecology_triage
Influenza (H5N1 avian influenza),Alphainfluenzavirus influenzae (H5N1),Alphainfluenzavirus influenzae (H5N1),2955291,Somateria spectabilis,203439,aves,anseriformes,anatidae,TRUE,TRUE,both,in_gibb_etal=TRUE; in_empres_i=TRUE; deferred_broad_vesiculovirus=FALSE,Alphainfluenzavirus influenzae (H5N1),Influenza (H5N1 avian influenza),PCR/Sequencing,VIRION,1,FALSE,FALSE,TRUE,FALSE,FALSE,FALSE,host_present_in_system,host appears in canonical WHO disease-pathogen-host backbone; role-specific reservoir/amplifier/incidental/dead-end evidence not assessed,low,TRUE,medium_ecology_triage
Influenza (H5N1 avian influenza),Alphainfluenzavirus influenzae (H5N1),Alphainfluenzavirus influenzae (H5N1),11320; 2955291,Spatula clypeata,75838,aves,anseriformes,anatidae,TRUE,TRUE,both,in_gibb_etal=TRUE; in_empres_i=TRUE; deferred_broad_vesiculovirus=FALSE,Alphainfluenzavirus influenzae (H5N1),Influenza (H5N1 avian influenza),Isolation/Observation; PCR/Sequencing; PCR/Sequencing,VIRION,2,FALSE,FALSE,TRUE,FALSE,FALSE,FALSE,host_present_in_system,host appears in canonical WHO disease-pathogen-host backbone; role-specific reservoir/amplifier/incidental/dead-end evidence not assessed,low,TRUE,medium_ecology_triage
Influenza (H5N1 avian influenza),Alphainfluenzavirus influenzae (H5N1),Alphainfluenzavirus influenzae (H5N1),11320; 2955291,Spatula cyanoptera,75840,aves,anseriformes,anatidae,TRUE,TRUE,both,in_gibb_etal=TRUE; in_empres_i=TRUE; deferred_broad_vesiculovirus=FALSE,Alphainfluenzavirus influenzae (H5N1),Influenza (H5N1 avian influenza),PCR/Sequencing,VIRION,2,FALSE,FALSE,TRUE,FALSE,FALSE,FALSE,host_present_in_system,host appears in canonical WHO disease-pathogen-host backbone; role-specific reservoir/amplifier/incidental/dead-end evidence not assessed,low,TRUE,medium_ecology_triage
Influenza (H5N1 avian influenza),Alphainfluenzavirus influenzae (H5N1),Alphainfluenzavirus influenzae (H5N1),11320; 2955291,Spatula discors,75842,aves,anseriformes,anatidae,TRUE,TRUE,both,in_gibb_etal=TRUE; in_empres_i=TRUE; deferred_broad_vesiculovirus=FALSE,Alphainfluenzavirus influenzae (H5N1),Influenza (H5N1 avian influenza),Isolation/Observation; PCR/Sequencing; PCR/Sequencing,VIRION,2,FALSE,FALSE,TRUE,FALSE,FALSE,FALSE,host_present_in_system,host appears in canonical WHO disease-pathogen-host backbone; role-specific reservoir/amplifier/incidental/dead-end evidence not assessed,low,TRUE,medium_ecology_triage
Influenza (H5N1 avian influenza),Alphainfluenzavirus influenzae (H5N1),Alphainfluenzavirus influenzae (H5N1),2955291,Spatula platalea,75853,aves,anseriformes,anatidae,TRUE,TRUE,both,in_gibb_etal=TRUE; in_empres_i=TRUE; deferred_broad_vesiculovirus=FALSE,Alphainfluenzavirus influenzae (H5N1),Influenza (H5N1 avian influenza),PCR/Sequencing,VIRION,1,FALSE,FALSE,TRUE,FALSE,FALSE,FALSE,host_present_in_system,host appears in canonical WHO disease-pathogen-host backbone; role-specific reservoir/amplifier/incidental/dead-end evidence not assessed,low,TRUE,medium_ecology_triage
Influenza (H5N1 avian influenza),Alphainfluenzavirus influenzae (H5N1),Alphainfluenzavirus influenzae (H5N1),11320; 2955291,Spatula querquedula,75856,aves,anseriformes,anatidae,TRUE,TRUE,both,in_gibb_etal=TRUE; in_empres_i=TRUE; deferred_broad_vesiculovirus=FALSE,Alphainfluenzavirus influenzae (H5N1),Influenza (H5N1 avian influenza),PCR/Sequencing,VIRION,2,FALSE,FALSE,TRUE,FALSE,FALSE,FALSE,host_present_in_system,host appears in canonical WHO disease-pathogen-host backbone; role-specific reservoir/amplifier/incidental/dead-end evidence not assessed,low,TRUE,medium_ecology_triage
Influenza (H5N1 avian influenza),Alphainfluenzavirus influenzae (H5N1),Alphainfluenzavirus influenzae (H5N1),2955291,Spatula versicolor,75863,aves,anseriformes,anatidae,TRUE,TRUE,both,in_gibb_etal=TRUE; in_empres_i=TRUE; deferred_broad_vesiculovirus=FALSE,Alphainfluenzavirus influenzae (H5N1),Influenza (H5N1 avian influenza),PCR/Sequencing,VIRION,1,FALSE,FALSE,TRUE,FALSE,FALSE,FALSE,host_present_in_system,host appears in canonical WHO disease-pathogen-host backbone; role-specific reservoir/amplifier/incidental/dead-end evidence not assessed,low,TRUE,medium_ecology_triage
Influenza (H5N1 avian influenza),Alphainfluenzavirus influenzae (H5N1),Alphainfluenzavirus influenzae (H5N1),11320; 2955291,Tadorna ferruginea,45639,aves,anseriformes,anatidae,TRUE,TRUE,both,in_gibb_etal=TRUE; in_empres_i=TRUE; deferred_broad_vesiculovirus=FALSE,Alphainfluenzavirus influenzae (H5N1),Influenza (H5N1 avian influenza),Isolation/Observation; PCR/Sequencing; PCR/Sequencing,VIRION,2,FALSE,FALSE,TRUE,FALSE,FALSE,FALSE,host_present_in_system,host appears in canonical WHO disease-pathogen-host backbone; role-specific reservoir/amplifier/incidental/dead-end evidence not assessed,low,TRUE,medium_ecology_triage
Influenza (H5N1 avian influenza),Alphainfluenzavirus influenzae (H5N1),Alphainfluenzavirus influenzae (H5N1),11320; 2955291,Tadorna tadorna,75865,aves,anseriformes,anatidae,TRUE,TRUE,both,in_gibb_etal=TRUE; in_empres_i=TRUE; deferred_broad_vesiculovirus=FALSE,Alphainfluenzavirus influenzae (H5N1),Influenza (H5N1 avian influenza),Isolation/Observation; PCR/Sequencing,VIRION,2,FALSE,FALSE,TRUE,FALSE,FALSE,FALSE,host_present_in_system,host appears in canonical WHO disease-pathogen-host backbone; role-specific reservoir/amplifier/incidental/dead-end evidence not assessed,low,TRUE,medium_ecology_triage
Influenza (H5N1 avian influenza),Alphainfluenzavirus influenzae (H5N1),Alphainfluenzavirus influenzae (H5N1),11320; 2955291,Tadorna tadornoides,45638,aves,anseriformes,anatidae,TRUE,TRUE,both,in_gibb_etal=TRUE; in_empres_i=TRUE; deferred_broad_vesiculovirus=FALSE,Alphainfluenzavirus influenzae (H5N1),Influenza (H5N1 avian influenza),PCR/Sequencing,VIRION,2,FALSE,FALSE,TRUE,FALSE,FALSE,FALSE,host_present_in_system,host appears in canonical WHO disease-pathogen-host backbone; role-specific reservoir/amplifier/incidental/dead-end evidence not assessed,low,TRUE,medium_ecology_triage
Influenza (H5N1 avian influenza),Alphainfluenzavirus influenzae (H5N1),Alphainfluenzavirus influenzae (H5N1),2955291,Cypseloides niger,46500,aves,caprimulgiformes,apodidae,TRUE,TRUE,both,in_gibb_etal=TRUE; in_empres_i=TRUE; deferred_broad_vesiculovirus=FALSE,Alphainfluenzavirus influenzae (H5N1),Influenza (H5N1 avian influenza),PCR/Sequencing,VIRION,1,FALSE,FALSE,TRUE,FALSE,FALSE,FALSE,host_present_in_system,host appears in canonical WHO disease-pathogen-host backbone; role-specific reservoir/amplifier/incidental/dead-end evidence not assessed,low,TRUE,medium_ecology_triage
Influenza (H5N1 avian influenza),Alphainfluenzavirus influenzae (H5N1),Alphainfluenzavirus influenzae (H5N1),2955291,Podargus strigoides,8905,aves,caprimulgiformes,podargidae,TRUE,TRUE,both,in_gibb_etal=TRUE; in_empres_i=TRUE; deferred_broad_vesiculovirus=FALSE,Alphainfluenzavirus influenzae (H5N1),Influenza (H5N1 avian influenza),PCR/Sequencing,VIRION,1,FALSE,FALSE,TRUE,FALSE,FALSE,FALSE,host_present_in_system,host appears in canonical WHO disease-pathogen-host backbone; role-specific reservoir/amplifier/incidental/dead-end evidence not assessed,low,TRUE,medium_ecology_triage
Influenza (H5N1 avian influenza),Alphainfluenzavirus influenzae (H5N1),Alphainfluenzavirus influenzae (H5N1),2955291,Cathartes aura,43455,aves,cathartiformes,cathartidae,TRUE,TRUE,both,in_gibb_etal=TRUE; in_empres_i=TRUE; deferred_broad_vesiculovirus=FALSE,Alphainfluenzavirus influenzae (H5N1),Influenza (H5N1 avian influenza),PCR/Sequencing,VIRION,1,FALSE,FALSE,TRUE,FALSE,FALSE,FALSE,host_present_in_system,host appears in canonical WHO disease-pathogen-host backbone; role-specific reservoir/amplifier/incidental/dead-end evidence not assessed,low,TRUE,medium_ecology_triage
Influenza (H5N1 avian influenza),Alphainfluenzavirus influenzae (H5N1),Alphainfluenzavirus influenzae (H5N1),2955291,Coragyps atratus,33614,aves,cathartiformes,cathartidae,TRUE,TRUE,both,in_gibb_etal=TRUE; in_empres_i=TRUE; deferred_broad_vesiculovirus=FALSE,Alphainfluenzavirus influenzae (H5N1),Influenza (H5N1 avian influenza),PCR/Sequencing,VIRION,1,FALSE,FALSE,TRUE,FALSE,FALSE,FALSE,host_present_in_system,host appears in canonical WHO disease-pathogen-host backbone; role-specific reservoir/amplifier/incidental/dead-end evidence not assessed,low,TRUE,medium_ecology_triage
Influenza (H5N1 avian influenza),Alphainfluenzavirus influenzae (H5N1),Alphainfluenzavirus influenzae (H5N1),2955291,Gymnogyps californianus,33616,aves,cathartiformes,cathartidae,TRUE,TRUE,both,in_gibb_etal=TRUE; in_empres_i=TRUE; deferred_broad_vesiculovirus=FALSE,Alphainfluenzavirus influenzae (H5N1),Influenza (H5N1 avian influenza),PCR/Sequencing,VIRION,1,FALSE,FALSE,TRUE,FALSE,FALSE,FALSE,host_present_in_system,host appears in canonical WHO disease-pathogen-host backbone; role-specific reservoir/amplifier/incidental/dead-end evidence not assessed,low,TRUE,medium_ecology_triage
Influenza (H5N1 avian influenza),Alphainfluenzavirus influenzae (H5N1),Alphainfluenzavirus influenzae (H5N1),2955291,Alca torda,28689,aves,charadriiformes,alcidae,TRUE,TRUE,both,in_gibb_etal=TRUE; in_empres_i=TRUE; deferred_broad_vesiculovirus=FALSE,Alphainfluenzavirus influenzae (H5N1),Influenza (H5N1 avian influenza),PCR/Sequencing,VIRION,1,FALSE,FALSE,TRUE,FALSE,FALSE,FALSE,host_present_in_system,host appears in canonical WHO disease-pathogen-host backbone; role-specific reservoir/amplifier/incidental/dead-end evidence not assessed,low,TRUE,medium_ecology_triage
Influenza (H5N1 avian influenza),Alphainfluenzavirus influenzae (H5N1),Alphainfluenzavirus influenzae (H5N1),2955291,Anous tenuirostris,297803,aves,charadriiformes,laridae,TRUE,TRUE,both,in_gibb_etal=TRUE; in_empres_i=TRUE; deferred_broad_vesiculovirus=FALSE,Alphainfluenzavirus influenzae (H5N1),Influenza (H5N1 avian influenza),PCR/Sequencing,VIRION,1,FALSE,FALSE,TRUE,FALSE,FALSE,FALSE,host_present_in_system,host appears in canonical WHO disease-pathogen-host backbone; role-specific reservoir/amplifier/incidental/dead-end evidence not assessed,low,TRUE,medium_ecology_triage
Influenza (H5N1 avian influenza),Alphainfluenzavirus influenzae (H5N1),Alphainfluenzavirus influenzae (H5N1),11320; 2955291,Arenaria interpres,54971,aves,charadriiformes,scolopacidae,TRUE,TRUE,both,in_gibb_etal=TRUE; in_empres_i=TRUE; deferred_broad_vesiculovirus=FALSE,Alphainfluenzavirus influenzae (H5N1),Influenza (H5N1 avian influenza),PCR/Sequencing,VIRION,2,FALSE,FALSE,TRUE,FALSE,FALSE,FALSE,host_present_in_system,host appears in canonical WHO disease-pathogen-host backbone; role-specific reservoir/amplifier/incidental/dead-end evidence not assessed,low,TRUE,medium_ecology_triage
Influenza (H5N1 avian influenza),Alphainfluenzavirus influenzae (H5N1),Alphainfluenzavirus influenzae (H5N1),11320; 2955291,Arenaria melanocephala,279931,aves,charadriiformes,scolopacidae,TRUE,TRUE,both,in_gibb_etal=TRUE; in_empres_i=TRUE; deferred_broad_vesiculovirus=FALSE,Alphainfluenzavirus influenzae (H5N1),Influenza (H5N1 avian influenza),PCR/Sequencing,VIRION,2,FALSE,FALSE,TRUE,FALSE,FALSE,FALSE,host_present_in_system,host appears in canonical WHO disease-pathogen-host backbone; role-specific reservoir/amplifier/incidental/dead-end evidence not assessed,low,TRUE,medium_ecology_triage
Influenza (H5N1 avian influenza),Alphainfluenzavirus influenzae (H5N1),Alphainfluenzavirus influenzae (H5N1),2955291,Burhinus grallarius,585466,aves,charadriiformes,burhinidae,TRUE,TRUE,both,in_gibb_etal=TRUE; in_empres_i=TRUE; deferred_broad_vesiculovirus=FALSE,Alphainfluenzavirus influenzae (H5N1),Influenza (H5N1 avian influenza),PCR/Sequencing,VIRION,1,FALSE,FALSE,TRUE,FALSE,FALSE,FALSE,host_present_in_system,host appears in canonical WHO disease-pathogen-host backbone; role-specific reservoir/amplifier/incidental/dead-end evidence not assessed,low,TRUE,medium_ecology_triage
Influenza (H5N1 avian influenza),Alphainfluenzavirus influenzae (H5N1),Alphainfluenzavirus influenzae (H5N1),11320; 2955291,Calidris acuminata,192723,aves,charadriiformes,scolopacidae,TRUE,TRUE,both,in_gibb_etal=TRUE; in_empres_i=TRUE; deferred_broad_vesiculovirus=FALSE,Alphainfluenzavirus influenzae (H5N1),Influenza (H5N1 avian influenza),PCR/Sequencing,VIRION,2,FALSE,FALSE,TRUE,FALSE,FALSE,FALSE,host_present_in_system,host appears in canonical WHO disease-pathogen-host backbone; role-specific reservoir/amplifier/incidental/dead-end evidence not assessed,low,TRUE,medium_ecology_triage
Influenza (H5N1 avian influenza),Alphainfluenzavirus influenzae (H5N1),Alphainfluenzavirus influenzae (H5N1),11320; 2955291,Calidris alba,279936,aves,charadriiformes,scolopacidae,TRUE,TRUE,both,in_gibb_etal=TRUE; in_empres_i=TRUE; deferred_broad_vesiculovirus=FALSE,Alphainfluenzavirus influenzae (H5N1),Influenza (H5N1 avian influenza),PCR/Sequencing,VIRION,2,FALSE,FALSE,TRUE,FALSE,FALSE,FALSE,host_present_in_system,host appears in canonical WHO disease-pathogen-host backbone; role-specific reservoir/amplifier/incidental/dead-end evidence not assessed,low,TRUE,medium_ecology_triage
Influenza (H5N1 avian influenza),Alphainfluenzavirus influenzae (H5N1),Alphainfluenzavirus influenzae (H5N1),11320; 2955291,Calidris alpina,8919,aves,charadriiformes,scolopacidae,TRUE,TRUE,both,in_gibb_etal=TRUE; in_empres_i=TRUE; deferred_broad_vesiculovirus=FALSE,Alphainfluenzavirus influenzae (H5N1),Influenza (H5N1 avian influenza),PCR/Sequencing,VIRION,2,FALSE,FALSE,TRUE,FALSE,FALSE,FALSE,host_present_in_system,host appears in canonical WHO disease-pathogen-host backbone; role-specific reservoir/amplifier/incidental/dead-end evidence not assessed,low,TRUE,medium_ecology_triage
Influenza (H5N1 avian influenza),Alphainfluenzavirus influenzae (H5N1),Alphainfluenzavirus influenzae (H5N1),11320; 2955291,Calidris canutus,227173,aves,charadriiformes,scolopacidae,TRUE,TRUE,both,in_gibb_etal=TRUE; in_empres_i=TRUE; deferred_broad_vesiculovirus=FALSE,Alphainfluenzavirus influenzae (H5N1),Influenza (H5N1 avian influenza),PCR/Sequencing,VIRION,2,FALSE,FALSE,TRUE,FALSE,FALSE,FALSE,host_present_in_system,host appears in canonical WHO disease-pathogen-host backbone; role-specific reservoir/amplifier/incidental/dead-end evidence not assessed,low,TRUE,medium_ecology_triage
Influenza (H5N1 avian influenza),Alphainfluenzavirus influenzae (H5N1),Alphainfluenzavirus influenzae (H5N1),2955291,Calidris fuscicollis,279940,aves,charadriiformes,scolopacidae,TRUE,TRUE,both,in_gibb_etal=TRUE; in_empres_i=TRUE; deferred_broad_vesiculovirus=FALSE,Alphainfluenzavirus influenzae (H5N1),Influenza (H5N1 avian influenza),PCR/Sequencing,VIRION,1,FALSE,FALSE,TRUE,FALSE,FALSE,FALSE,host_present_in_system,host appears in canonical WHO disease-pathogen-host backbone; role-specific reservoir/amplifier/incidental/dead-end evidence not assessed,low,TRUE,medium_ecology_triage
Influenza (H5N1 avian influenza),Alphainfluenzavirus influenzae (H5N1),Alphainfluenzavirus influenzae (H5N1),2955291,Calidris mauri,279941,aves,charadriiformes,scolopacidae,TRUE,TRUE,both,in_gibb_etal=TRUE; in_empres_i=TRUE; deferred_broad_vesiculovirus=FALSE,Alphainfluenzavirus influenzae (H5N1),Influenza (H5N1 avian influenza),PCR/Sequencing,VIRION,1,FALSE,FALSE,TRUE,FALSE,FALSE,FALSE,host_present_in_system,host appears in canonical WHO disease-pathogen-host backbone; role-specific reservoir/amplifier/incidental/dead-end evidence not assessed,low,TRUE,medium_ecology_triage
Influenza (H5N1 avian influenza),Alphainfluenzavirus influenzae (H5N1),Alphainfluenzavirus influenzae (H5N1),11320; 2955291,Calidris minutilla,279935,aves,charadriiformes,scolopacidae,TRUE,TRUE,both,in_gibb_etal=TRUE; in_empres_i=TRUE; deferred_broad_vesiculovirus=FALSE,Alphainfluenzavirus influenzae (H5N1),Influenza (H5N1 avian influenza),PCR/Sequencing,VIRION,2,FALSE,FALSE,TRUE,FALSE,FALSE,FALSE,host_present_in_system,host appears in canonical WHO disease-pathogen-host backbone; role-specific reservoir/amplifier/incidental/dead-end evidence not assessed,low,TRUE,medium_ecology_triage
Influenza (H5N1 avian influenza),Alphainfluenzavirus influenzae (H5N1),Alphainfluenzavirus influenzae (H5N1),11320; 2955291,Calidris pusilla,279961,aves,charadriiformes,scolopacidae,TRUE,TRUE,both,in_gibb_etal=TRUE; in_empres_i=TRUE; deferred_broad_vesiculovirus=FALSE,Alphainfluenzavirus influenzae (H5N1),Influenza (H5N1 avian influenza),PCR/Sequencing,VIRION,2,FALSE,FALSE,TRUE,FALSE,FALSE,FALSE,host_present_in_system,host appears in canonical WHO disease-pathogen-host backbone; role-specific reservoir/amplifier/incidental/dead-end evidence not assessed,low,TRUE,medium_ecology_triage
Influenza (H5N1 avian influenza),Alphainfluenzavirus influenzae (H5N1),Alphainfluenzavirus influenzae (H5N1),11320; 2955291,Calidris ruficollis,272047,aves,charadriiformes,scolopacidae,TRUE,TRUE,both,in_gibb_etal=TRUE; in_empres_i=TRUE; deferred_broad_vesiculovirus=FALSE,Alphainfluenzavirus influenzae (H5N1),Influenza (H5N1 avian influenza),PCR/Sequencing,VIRION,2,FALSE,FALSE,TRUE,FALSE,FALSE,FALSE,host_present_in_system,host appears in canonical WHO disease-pathogen-host backbone; role-specific reservoir/amplifier/incidental/dead-end evidence not assessed,low,TRUE,medium_ecology_triage
Influenza (H5N1 avian influenza),Alphainfluenzavirus influenzae (H5N1),Alphainfluenzavirus influenzae (H5N1),11320; 2955291,Chlidonias hybrida,297805,aves,charadriiformes,laridae,TRUE,TRUE,both,in_gibb_etal=TRUE; in_empres_i=TRUE; deferred_broad_vesiculovirus=FALSE,Alphainfluenzavirus influenzae (H5N1),Influenza (H5N1 avian influenza),PCR/Sequencing,VIRION,2,FALSE,FALSE,TRUE,FALSE,FALSE,FALSE,host_present_in_system,host appears in canonical WHO disease-pathogen-host backbone; role-specific reservoir/amplifier/incidental/dead-end evidence not assessed,low,TRUE,medium_ecology_triage
Influenza (H5N1 avian influenza),Alphainfluenzavirus influenzae (H5N1),Alphainfluenzavirus influenzae (H5N1),2955291,Chlidonias leucopterus,297806,aves,charadriiformes,laridae,TRUE,TRUE,both,in_gibb_etal=TRUE; in_empres_i=TRUE; deferred_broad_vesiculovirus=FALSE,Alphainfluenzavirus influenzae (H5N1),Influenza (H5N1 avian influenza),PCR/Sequencing,VIRION,1,FALSE,FALSE,TRUE,FALSE,FALSE,FALSE,host_present_in_system,host appears in canonical WHO disease-pathogen-host backbone; role-specific reservoir/amplifier/incidental/dead-end evidence not assessed,low,TRUE,medium_ecology_triage
Influenza (H5N1 avian influenza),Alphainfluenzavirus influenzae (H5N1),Alphainfluenzavirus influenzae (H5N1),2955291,Fratercula arctica,28701,aves,charadriiformes,alcidae,TRUE,TRUE,both,in_gibb_etal=TRUE; in_empres_i=TRUE; deferred_broad_vesiculovirus=FALSE,Alphainfluenzavirus influenzae (H5N1),Influenza (H5N1 avian influenza),PCR/Sequencing,VIRION,1,FALSE,FALSE,TRUE,FALSE,FALSE,FALSE,host_present_in_system,host appears in canonical WHO disease-pathogen-host backbone; role-specific reservoir/amplifier/incidental/dead-end evidence not assessed,low,TRUE,medium_ecology_triage
Influenza (H5N1 avian influenza),Alphainfluenzavirus influenzae (H5N1),Alphainfluenzavirus influenzae (H5N1),2955291,Fratercula corniculata,28702,aves,charadriiformes,alcidae,TRUE,TRUE,both,in_gibb_etal=TRUE; in_empres_i=TRUE; deferred_broad_vesiculovirus=FALSE,Alphainfluenzavirus influenzae (H5N1),Influenza (H5N1 avian influenza),PCR/Sequencing,VIRION,1,FALSE,FALSE,TRUE,FALSE,FALSE,FALSE,host_present_in_system,host appears in canonical WHO disease-pathogen-host backbone; role-specific reservoir/amplifier/incidental/dead-end evidence not assessed,low,TRUE,medium_ecology_triage
Influenza (H5N1 avian influenza),Alphainfluenzavirus influenzae (H5N1),Alphainfluenzavirus influenzae (H5N1),2955291,Gallinago gallinago,107377,aves,charadriiformes,scolopacidae,TRUE,TRUE,both,in_gibb_etal=TRUE; in_empres_i=TRUE; deferred_broad_vesiculovirus=FALSE,Alphainfluenzavirus influenzae (H5N1),Influenza (H5N1 avian influenza),PCR/Sequencing,VIRION,1,FALSE,FALSE,TRUE,FALSE,FALSE,FALSE,host_present_in_system,host appears in canonical WHO disease-pathogen-host backbone; role-specific reservoir/amplifier/incidental/dead-end evidence not assessed,low,TRUE,medium_ecology_triage
Influenza (H5N1 avian influenza),Alphainfluenzavirus influenzae (H5N1),Alphainfluenzavirus influenzae (H5N1),2955291,Haematopus ater,185689,aves,charadriiformes,haematopodidae,TRUE,TRUE,both,in_gibb_etal=TRUE; in_empres_i=TRUE; deferred_broad_vesiculovirus=FALSE,Alphainfluenzavirus influenzae (H5N1),Influenza (H5N1 avian influenza),PCR/Sequencing,VIRION,1,FALSE,FALSE,TRUE,FALSE,FALSE,FALSE,host_present_in_system,host appears in canonical WHO disease-pathogen-host backbone; role-specific reservoir/amplifier/incidental/dead-end evidence not assessed,low,TRUE,medium_ecology_triage
Influenza (H5N1 avian influenza),Alphainfluenzavirus influenzae (H5N1),Alphainfluenzavirus influenzae (H5N1),2955291,Haematopus moquini,2587770,aves,charadriiformes,haematopodidae,TRUE,TRUE,both,in_gibb_etal=TRUE; in_empres_i=TRUE; deferred_broad_vesiculovirus=FALSE,Alphainfluenzavirus influenzae (H5N1),Influenza (H5N1 avian influenza),PCR/Sequencing,VIRION,1,FALSE,FALSE,TRUE,FALSE,FALSE,FALSE,host_present_in_system,host appears in canonical WHO disease-pathogen-host backbone; role-specific reservoir/amplifier/incidental/dead-end evidence not assessed,low,TRUE,medium_ecology_triage
Influenza (H5N1 avian influenza),Alphainfluenzavirus influenzae (H5N1),Alphainfluenzavirus influenzae (H5N1),2955291,Haematopus palliatus,279960,aves,charadriiformes,haematopodidae,TRUE,TRUE,both,in_gibb_etal=TRUE; in_empres_i=TRUE; deferred_broad_vesiculovirus=FALSE,Alphainfluenzavirus influenzae (H5N1),Influenza (H5N1 avian influenza),PCR/Sequencing,VIRION,1,FALSE,FALSE,TRUE,FALSE,FALSE,FALSE,host_present_in_system,host appears in canonical WHO disease-pathogen-host backbone; role-specific reservoir/amplifier/incidental/dead-end evidence not assessed,low,TRUE,medium_ecology_triage
Influenza (H5N1 avian influenza),Alphainfluenzavirus influenzae (H5N1),Alphainfluenzavirus influenzae (H5N1),2955291,Himantopus himantopus,225398,aves,charadriiformes,recurvirostridae,TRUE,TRUE,both,in_gibb_etal=TRUE; in_empres_i=TRUE; deferred_broad_vesiculovirus=FALSE,Alphainfluenzavirus influenzae (H5N1),Influenza (H5N1 avian influenza),PCR/Sequencing,VIRION,1,FALSE,FALSE,TRUE,FALSE,FALSE,FALSE,host_present_in_system,host appears in canonical WHO disease-pathogen-host backbone; role-specific reservoir/amplifier/incidental/dead-end evidence not assessed,low,TRUE,medium_ecology_triage
Influenza (H5N1 avian influenza),Alphainfluenzavirus influenzae (H5N1),Alphainfluenzavirus influenzae (H5N1),2955291,Himantopus himantopus,507595,aves,charadriiformes,recurvirostridae,TRUE,TRUE,both,in_gibb_etal=TRUE; in_empres_i=TRUE; deferred_broad_vesiculovirus=FALSE,Alphainfluenzavirus influenzae (H5N1),Influenza (H5N1 avian influenza),PCR/Sequencing,VIRION,1,FALSE,FALSE,TRUE,FALSE,FALSE,FALSE,host_present_in_system,host appears in canonical WHO disease-pathogen-host backbone; role-specific reservoir/amplifier/incidental/dead-end evidence not assessed,low,TRUE,medium_ecology_triage
Influenza (H5N1 avian influenza),Alphainfluenzavirus influenzae (H5N1),Alphainfluenzavirus influenzae (H5N1),2955291,Hydroprogne caspia,425641,aves,charadriiformes,laridae,TRUE,TRUE,both,in_gibb_etal=TRUE; in_empres_i=TRUE; deferred_broad_vesiculovirus=FALSE,Alphainfluenzavirus influenzae (H5N1),Influenza (H5N1 avian influenza),PCR/Sequencing,VIRION,1,FALSE,FALSE,TRUE,FALSE,FALSE,FALSE,host_present_in_system,host appears in canonical WHO disease-pathogen-host backbone; role-specific reservoir/amplifier/incidental/dead-end evidence not assessed,low,TRUE,medium_ecology_triage
Influenza (H5N1 avian influenza),Alphainfluenzavirus influenzae (H5N1),Alphainfluenzavirus influenzae (H5N1),2955291,Larosterna inca,297811,aves,charadriiformes,laridae,TRUE,TRUE,both,in_gibb_etal=TRUE; in_empres_i=TRUE; deferred_broad_vesiculovirus=FALSE,Alphainfluenzavirus influenzae (H5N1),Influenza (H5N1 avian influenza),PCR/Sequencing,VIRION,1,FALSE,FALSE,TRUE,FALSE,FALSE,FALSE,host_present_in_system,host appears in canonical WHO disease-pathogen-host backbone; role-specific reservoir/amplifier/incidental/dead-end evidence not assessed,low,TRUE,medium_ecology_triage
Influenza (H5N1 avian influenza),Alphainfluenzavirus influenzae (H5N1),Alphainfluenzavirus influenzae (H5N1),11320; 2955291,Larus argentatus,35669,aves,charadriiformes,laridae,TRUE,TRUE,both,in_gibb_etal=TRUE; in_empres_i=TRUE; deferred_broad_vesiculovirus=FALSE,Alphainfluenzavirus influenzae (H5N1),Influenza (H5N1 avian influenza),Antibodies; PCR/Sequencing; PCR/Sequencing,VIRION,2,FALSE,FALSE,TRUE,FALSE,FALSE,FALSE,host_present_in_system,host appears in canonical WHO disease-pathogen-host backbone; role-specific reservoir/amplifier/incidental/dead-end evidence not assessed,low,TRUE,medium_ecology_triage
Influenza (H5N1 avian influenza),Alphainfluenzavirus influenzae (H5N1),Alphainfluenzavirus influenzae (H5N1),2955291,Larus armenicus,119635,aves,charadriiformes,laridae,TRUE,TRUE,both,in_gibb_etal=TRUE; in_empres_i=TRUE; deferred_broad_vesiculovirus=FALSE,Alphainfluenzavirus influenzae (H5N1),Influenza (H5N1 avian influenza),PCR/Sequencing,VIRION,1,FALSE,FALSE,TRUE,FALSE,FALSE,FALSE,host_present_in_system,host appears in canonical WHO disease-pathogen-host backbone; role-specific reservoir/amplifier/incidental/dead-end evidence not assessed,low,TRUE,medium_ecology_triage
Influenza (H5N1 avian influenza),Alphainfluenzavirus influenzae (H5N1),Alphainfluenzavirus influenzae (H5N1),2955291,Larus belcheri,328041,aves,charadriiformes,laridae,TRUE,TRUE,both,in_gibb_etal=TRUE; in_empres_i=TRUE; deferred_broad_vesiculovirus=FALSE,Alphainfluenzavirus influenzae (H5N1),Influenza (H5N1 avian influenza),PCR/Sequencing,VIRION,1,FALSE,FALSE,TRUE,FALSE,FALSE,FALSE,host_present_in_system,host appears in canonical WHO disease-pathogen-host backbone; role-specific reservoir/amplifier/incidental/dead-end evidence not assessed,low,TRUE,medium_ecology_triage
Influenza (H5N1 avian influenza),Alphainfluenzavirus influenzae (H5N1),Alphainfluenzavirus influenzae (H5N1),2955291,Larus cachinnans,119609,aves,charadriiformes,laridae,TRUE,TRUE,both,in_gibb_etal=TRUE; in_empres_i=TRUE; deferred_broad_vesiculovirus=FALSE,Alphainfluenzavirus influenzae (H5N1),Influenza (H5N1 avian influenza),PCR/Sequencing,VIRION,1,FALSE,FALSE,TRUE,FALSE,FALSE,FALSE,host_present_in_system,host appears in canonical WHO disease-pathogen-host backbone; role-specific reservoir/amplifier/incidental/dead-end evidence not assessed,low,TRUE,medium_ecology_triage
Influenza (H5N1 avian influenza),Alphainfluenzavirus influenzae (H5N1),Alphainfluenzavirus influenzae (H5N1),11320; 2955291,Larus californicus,126681,aves,charadriiformes,laridae,TRUE,TRUE,both,in_gibb_etal=TRUE; in_empres_i=TRUE; deferred_broad_vesiculovirus=FALSE,Alphainfluenzavirus influenzae (H5N1),Influenza (H5N1 avian influenza),PCR/Sequencing,VIRION,2,FALSE,FALSE,TRUE,FALSE,FALSE,FALSE,host_present_in_system,host appears in canonical WHO disease-pathogen-host backbone; role-specific reservoir/amplifier/incidental/dead-end evidence not assessed,low,TRUE,medium_ecology_triage
Influenza (H5N1 avian influenza),Alphainfluenzavirus influenzae (H5N1),Alphainfluenzavirus influenzae (H5N1),11320; 2955291,Larus canus,28681,aves,charadriiformes,laridae,TRUE,TRUE,both,in_gibb_etal=TRUE; in_empres_i=TRUE; deferred_broad_vesiculovirus=FALSE,Alphainfluenzavirus influenzae (H5N1),Influenza (H5N1 avian influenza),Antibodies; PCR/Sequencing; PCR/Sequencing,VIRION,2,FALSE,FALSE,TRUE,FALSE,FALSE,FALSE,host_present_in_system,host appears in canonical WHO disease-pathogen-host backbone; role-specific reservoir/amplifier/incidental/dead-end evidence not assessed,low,TRUE,medium_ecology_triage
Influenza (H5N1 avian influenza),Alphainfluenzavirus influenzae (H5N1),Alphainfluenzavirus influenzae (H5N1),11320; 2955291,Larus crassirostris,179808,aves,charadriiformes,laridae,TRUE,TRUE,both,in_gibb_etal=TRUE; in_empres_i=TRUE; deferred_broad_vesiculovirus=FALSE,Alphainfluenzavirus influenzae (H5N1),Influenza (H5N1 avian influenza),Antibodies; PCR/Sequencing,VIRION,2,FALSE,FALSE,TRUE,FALSE,FALSE,FALSE,host_present_in_system,host appears in canonical WHO disease-pathogen-host backbone; role-specific reservoir/amplifier/incidental/dead-end evidence not assessed,low,TRUE,medium_ecology_triage
Influenza (H5N1 avian influenza),Alphainfluenzavirus influenzae (H5N1),Alphainfluenzavirus influenzae (H5N1),11320; 2955291,Larus delawarensis,126683,aves,charadriiformes,laridae,TRUE,TRUE,both,in_gibb_etal=TRUE; in_empres_i=TRUE; deferred_broad_vesiculovirus=FALSE,Alphainfluenzavirus influenzae (H5N1),Influenza (H5N1 avian influenza),Antibodies; PCR/Sequencing; PCR/Sequencing,VIRION,2,FALSE,FALSE,TRUE,FALSE,FALSE,FALSE,host_present_in_system,host appears in canonical WHO disease-pathogen-host backbone; role-specific reservoir/amplifier/incidental/dead-end evidence not assessed,low,TRUE,medium_ecology_triage
Influenza (H5N1 avian influenza),Alphainfluenzavirus influenzae (H5N1),Alphainfluenzavirus influenzae (H5N1),11320; 2955291,Larus dominicanus,37036,aves,charadriiformes,laridae,TRUE,TRUE,both,in_gibb_etal=TRUE; in_empres_i=TRUE; deferred_broad_vesiculovirus=FALSE,Alphainfluenzavirus influenzae (H5N1),Influenza (H5N1 avian influenza),PCR/Sequencing,VIRION,2,FALSE,FALSE,TRUE,FALSE,FALSE,FALSE,host_present_in_system,host appears in canonical WHO disease-pathogen-host backbone; role-specific reservoir/amplifier/incidental/dead-end evidence not assessed,low,TRUE,medium_ecology_triage
Influenza (H5N1 avian influenza),Alphainfluenzavirus influenzae (H5N1),Alphainfluenzavirus influenzae (H5N1),2955291,Larus fuscus,8915,aves,charadriiformes,laridae,TRUE,TRUE,both,in_gibb_etal=TRUE; in_empres_i=TRUE; deferred_broad_vesiculovirus=FALSE,Alphainfluenzavirus influenzae (H5N1),Influenza (H5N1 avian influenza),PCR/Sequencing,VIRION,1,FALSE,FALSE,TRUE,FALSE,FALSE,FALSE,host_present_in_system,host appears in canonical WHO disease-pathogen-host backbone; role-specific reservoir/amplifier/incidental/dead-end evidence not assessed,low,TRUE,medium_ecology_triage
Influenza (H5N1 avian influenza),Alphainfluenzavirus influenzae (H5N1),Alphainfluenzavirus influenzae (H5N1),11320; 2955291,Larus glaucescens,119606,aves,charadriiformes,laridae,TRUE,TRUE,both,in_gibb_etal=TRUE; in_empres_i=TRUE; deferred_broad_vesiculovirus=FALSE,Alphainfluenzavirus influenzae (H5N1),Influenza (H5N1 avian influenza),PCR/Sequencing,VIRION,2,FALSE,FALSE,TRUE,FALSE,FALSE,FALSE,host_present_in_system,host appears in canonical WHO disease-pathogen-host backbone; role-specific reservoir/amplifier/incidental/dead-end evidence not assessed,low,TRUE,medium_ecology_triage
Influenza (H5N1 avian influenza),Alphainfluenzavirus influenzae (H5N1),Alphainfluenzavirus influenzae (H5N1),2955291,Larus glaucoides,118194,aves,charadriiformes,laridae,TRUE,TRUE,both,in_gibb_etal=TRUE; in_empres_i=TRUE; deferred_broad_vesiculovirus=FALSE,Alphainfluenzavirus influenzae (H5N1),Influenza (H5N1 avian influenza),PCR/Sequencing,VIRION,1,FALSE,FALSE,TRUE,FALSE,FALSE,FALSE,host_present_in_system,host appears in canonical WHO disease-pathogen-host backbone; role-specific reservoir/amplifier/incidental/dead-end evidence not assessed,low,TRUE,medium_ecology_triage
Influenza (H5N1 avian influenza),Alphainfluenzavirus influenzae (H5N1),Alphainfluenzavirus influenzae (H5N1),11320; 2955291,Larus hyperboreus,119637,aves,charadriiformes,laridae,TRUE,TRUE,both,in_gibb_etal=TRUE; in_empres_i=TRUE; deferred_broad_vesiculovirus=FALSE,Alphainfluenzavirus influenzae (H5N1),Influenza (H5N1 avian influenza),PCR/Sequencing,VIRION,2,FALSE,FALSE,TRUE,FALSE,FALSE,FALSE,host_present_in_system,host appears in canonical WHO disease-pathogen-host backbone; role-specific reservoir/amplifier/incidental/dead-end evidence not assessed,low,TRUE,medium_ecology_triage
Influenza (H5N1 avian influenza),Alphainfluenzavirus influenzae (H5N1),Alphainfluenzavirus influenzae (H5N1),11320; 2955291,Larus marinus,8912,aves,charadriiformes,laridae,TRUE,TRUE,both,in_gibb_etal=TRUE; in_empres_i=TRUE; deferred_broad_vesiculovirus=FALSE,Alphainfluenzavirus influenzae (H5N1),Influenza (H5N1 avian influenza),PCR/Sequencing,VIRION,2,FALSE,FALSE,TRUE,FALSE,FALSE,FALSE,host_present_in_system,host appears in canonical WHO disease-pathogen-host backbone; role-specific reservoir/amplifier/incidental/dead-end evidence not assessed,low,TRUE,medium_ecology_triage
Influenza (H5N1 avian influenza),Alphainfluenzavirus influenzae (H5N1),Alphainfluenzavirus influenzae (H5N1),11320; 2955291,Larus michahellis,119627,aves,charadriiformes,laridae,TRUE,TRUE,both,in_gibb_etal=TRUE; in_empres_i=TRUE; deferred_broad_vesiculovirus=FALSE,Alphainfluenzavirus influenzae (H5N1),Influenza (H5N1 avian influenza),PCR/Sequencing,VIRION,2,FALSE,FALSE,TRUE,FALSE,FALSE,FALSE,host_present_in_system,host appears in canonical WHO disease-pathogen-host backbone; role-specific reservoir/amplifier/incidental/dead-end evidence not assessed,low,TRUE,medium_ecology_triage
Influenza (H5N1 avian influenza),Alphainfluenzavirus influenzae (H5N1),Alphainfluenzavirus influenzae (H5N1),2955291,Larus occidentalis,126713,aves,charadriiformes,laridae,TRUE,TRUE,both,in_gibb_etal=TRUE; in_empres_i=TRUE; deferred_broad_vesiculovirus=FALSE,Alphainfluenzavirus influenzae (H5N1),Influenza (H5N1 avian influenza),PCR/Sequencing,VIRION,1,FALSE,FALSE,TRUE,FALSE,FALSE,FALSE,host_present_in_system,host appears in canonical WHO disease-pathogen-host backbone; role-specific reservoir/amplifier/incidental/dead-end evidence not assessed,low,TRUE,medium_ecology_triage
Influenza (H5N1 avian influenza),Alphainfluenzavirus influenzae (H5N1),Alphainfluenzavirus influenzae (H5N1),11320; 2955291,Larus schistisagus,119607,aves,charadriiformes,laridae,TRUE,TRUE,both,in_gibb_etal=TRUE; in_empres_i=TRUE; deferred_broad_vesiculovirus=FALSE,Alphainfluenzavirus influenzae (H5N1),Influenza (H5N1 avian influenza),PCR/Sequencing,VIRION,2,FALSE,FALSE,TRUE,FALSE,FALSE,FALSE,host_present_in_system,host appears in canonical WHO disease-pathogen-host backbone; role-specific reservoir/amplifier/incidental/dead-end evidence not assessed,low,TRUE,medium_ecology_triage
Influenza (H5N1 avian influenza),Alphainfluenzavirus influenzae (H5N1),Alphainfluenzavirus influenzae (H5N1),2955291,Larus smithsonianus,243888,aves,charadriiformes,laridae,TRUE,TRUE,both,in_gibb_etal=TRUE; in_empres_i=TRUE; deferred_broad_vesiculovirus=FALSE,Alphainfluenzavirus influenzae (H5N1),Influenza (H5N1 avian influenza),PCR/Sequencing,VIRION,1,FALSE,FALSE,TRUE,FALSE,FALSE,FALSE,host_present_in_system,host appears in canonical WHO disease-pathogen-host backbone; role-specific reservoir/amplifier/incidental/dead-end evidence not assessed,low,TRUE,medium_ecology_triage
Influenza (H5N1 avian influenza),Alphainfluenzavirus influenzae (H5N1),Alphainfluenzavirus influenzae (H5N1),2955291,Limnodromus griseus,279949,aves,charadriiformes,scolopacidae,TRUE,TRUE,both,in_gibb_etal=TRUE; in_empres_i=TRUE; deferred_broad_vesiculovirus=FALSE,Alphainfluenzavirus influenzae (H5N1),Influenza (H5N1 avian influenza),PCR/Sequencing,VIRION,1,FALSE,FALSE,TRUE,FALSE,FALSE,FALSE,host_present_in_system,host appears in canonical WHO disease-pathogen-host backbone; role-specific reservoir/amplifier/incidental/dead-end evidence not assessed,low,TRUE,medium_ecology_triage
Influenza (H5N1 avian influenza),Alphainfluenzavirus influenzae (H5N1),Alphainfluenzavirus influenzae (H5N1),2955291,Limosa limosa,161680,aves,charadriiformes,scolopacidae,TRUE,TRUE,both,in_gibb_etal=TRUE; in_empres_i=TRUE; deferred_broad_vesiculovirus=FALSE,Alphainfluenzavirus influenzae (H5N1),Influenza (H5N1 avian influenza),PCR/Sequencing,VIRION,1,FALSE,FALSE,TRUE,FALSE,FALSE,FALSE,host_present_in_system,host appears in canonical WHO disease-pathogen-host backbone; role-specific reservoir/amplifier/incidental/dead-end evidence not assessed,low,TRUE,medium_ecology_triage
Influenza (H5N1 avian influenza),Alphainfluenzavirus influenzae (H5N1),Alphainfluenzavirus influenzae (H5N1),2955291,Numenius arquata,31919,aves,charadriiformes,scolopacidae,TRUE,TRUE,both,in_gibb_etal=TRUE; in_empres_i=TRUE; deferred_broad_vesiculovirus=FALSE,Alphainfluenzavirus influenzae (H5N1),Influenza (H5N1 avian influenza),PCR/Sequencing,VIRION,1,FALSE,FALSE,TRUE,FALSE,FALSE,FALSE,host_present_in_system,host appears in canonical WHO disease-pathogen-host backbone; role-specific reservoir/amplifier/incidental/dead-end evidence not assessed,low,TRUE,medium_ecology_triage
Influenza (H5N1 avian influenza),Alphainfluenzavirus influenzae (H5N1),Alphainfluenzavirus influenzae (H5N1),2955291,Numenius phaeopus,161676,aves,charadriiformes,scolopacidae,TRUE,TRUE,both,in_gibb_etal=TRUE; in_empres_i=TRUE; deferred_broad_vesiculovirus=FALSE,Alphainfluenzavirus influenzae (H5N1),Influenza (H5N1 avian influenza),PCR/Sequencing,VIRION,1,FALSE,FALSE,TRUE,FALSE,FALSE,FALSE,host_present_in_system,host appears in canonical WHO disease-pathogen-host backbone; role-specific reservoir/amplifier/incidental/dead-end evidence not assessed,low,TRUE,medium_ecology_triage
Influenza (H5N1 avian influenza),Alphainfluenzavirus influenzae (H5N1),Alphainfluenzavirus influenzae (H5N1),11320; 2955291,Onychoprion fuscatus,425648,aves,charadriiformes,laridae,TRUE,TRUE,both,in_gibb_etal=TRUE; in_empres_i=TRUE; deferred_broad_vesiculovirus=FALSE,Alphainfluenzavirus influenzae (H5N1),Influenza (H5N1 avian influenza),PCR/Sequencing,VIRION,2,FALSE,FALSE,TRUE,FALSE,FALSE,FALSE,host_present_in_system,host appears in canonical WHO disease-pathogen-host backbone; role-specific reservoir/amplifier/incidental/dead-end evidence not assessed,low,TRUE,medium_ecology_triage
Influenza (H5N1 avian influenza),Alphainfluenzavirus influenzae (H5N1),Alphainfluenzavirus influenzae (H5N1),2955291,Pluvialis dominica,240205,aves,charadriiformes,charadriidae,TRUE,TRUE,both,in_gibb_etal=TRUE; in_empres_i=TRUE; deferred_broad_vesiculovirus=FALSE,Alphainfluenzavirus influenzae (H5N1),Influenza (H5N1 avian influenza),PCR/Sequencing,VIRION,1,FALSE,FALSE,TRUE,FALSE,FALSE,FALSE,host_present_in_system,host appears in canonical WHO disease-pathogen-host backbone; role-specific reservoir/amplifier/incidental/dead-end evidence not assessed,low,TRUE,medium_ecology_triage
Influenza (H5N1 avian influenza),Alphainfluenzavirus influenzae (H5N1),Alphainfluenzavirus influenzae (H5N1),11320; 2955291,Pluvialis fulva,371922,aves,charadriiformes,charadriidae,TRUE,TRUE,both,in_gibb_etal=TRUE; in_empres_i=TRUE; deferred_broad_vesiculovirus=FALSE,Alphainfluenzavirus influenzae (H5N1),Influenza (H5N1 avian influenza),PCR/Sequencing,VIRION,2,FALSE,FALSE,TRUE,FALSE,FALSE,FALSE,host_present_in_system,host appears in canonical WHO disease-pathogen-host backbone; role-specific reservoir/amplifier/incidental/dead-end evidence not assessed,low,TRUE,medium_ecology_triage
Influenza (H5N1 avian influenza),Alphainfluenzavirus influenzae (H5N1),Alphainfluenzavirus influenzae (H5N1),2955291,Pluvialis squatarola,171273,aves,charadriiformes,charadriidae,TRUE,TRUE,both,in_gibb_etal=TRUE; in_empres_i=TRUE; deferred_broad_vesiculovirus=FALSE,Alphainfluenzavirus influenzae (H5N1),Influenza (H5N1 avian influenza),PCR/Sequencing,VIRION,1,FALSE,FALSE,TRUE,FALSE,FALSE,FALSE,host_present_in_system,host appears in canonical WHO disease-pathogen-host backbone; role-specific reservoir/amplifier/incidental/dead-end evidence not assessed,low,TRUE,medium_ecology_triage
Influenza (H5N1 avian influenza),Alphainfluenzavirus influenzae (H5N1),Alphainfluenzavirus influenzae (H5N1),11320; 2955291,Rissa tridactyla,75485,aves,charadriiformes,laridae,TRUE,TRUE,both,in_gibb_etal=TRUE; in_empres_i=TRUE; deferred_broad_vesiculovirus=FALSE,Alphainfluenzavirus influenzae (H5N1),Influenza (H5N1 avian influenza),PCR/Sequencing,VIRION,2,FALSE,FALSE,TRUE,FALSE,FALSE,FALSE,host_present_in_system,host appears in canonical WHO disease-pathogen-host backbone; role-specific reservoir/amplifier/incidental/dead-end evidence not assessed,low,TRUE,medium_ecology_triage
Influenza (H5N1 avian influenza),Alphainfluenzavirus influenzae (H5N1),Alphainfluenzavirus influenzae (H5N1),2955291,Rynchops niger,227184,aves,charadriiformes,laridae,TRUE,TRUE,both,in_gibb_etal=TRUE; in_empres_i=TRUE; deferred_broad_vesiculovirus=FALSE,Alphainfluenzavirus influenzae (H5N1),Influenza (H5N1 avian influenza),PCR/Sequencing,VIRION,1,FALSE,FALSE,TRUE,FALSE,FALSE,FALSE,host_present_in_system,host appears in canonical WHO disease-pathogen-host backbone; role-specific reservoir/amplifier/incidental/dead-end evidence not assessed,low,TRUE,medium_ecology_triage
Influenza (H5N1 avian influenza),Alphainfluenzavirus influenzae (H5N1),Alphainfluenzavirus influenzae (H5N1),2955291,Scolopax minor,56299,aves,charadriiformes,scolopacidae,TRUE,TRUE,both,in_gibb_etal=TRUE; in_empres_i=TRUE; deferred_broad_vesiculovirus=FALSE,Alphainfluenzavirus influenzae (H5N1),Influenza (H5N1 avian influenza),PCR/Sequencing,VIRION,1,FALSE,FALSE,TRUE,FALSE,FALSE,FALSE,host_present_in_system,host appears in canonical WHO disease-pathogen-host backbone; role-specific reservoir/amplifier/incidental/dead-end evidence not assessed,low,TRUE,medium_ecology_triage
Influenza (H5N1 avian influenza),Alphainfluenzavirus influenzae (H5N1),Alphainfluenzavirus influenzae (H5N1),2955291,Scolopax rusticola,100826,aves,charadriiformes,scolopacidae,TRUE,TRUE,both,in_gibb_etal=TRUE; in_empres_i=TRUE; deferred_broad_vesiculovirus=FALSE,Alphainfluenzavirus influenzae (H5N1),Influenza (H5N1 avian influenza),PCR/Sequencing,VIRION,1,FALSE,FALSE,TRUE,FALSE,FALSE,FALSE,host_present_in_system,host appears in canonical WHO disease-pathogen-host backbone; role-specific reservoir/amplifier/incidental/dead-end evidence not assessed,low,TRUE,medium_ecology_triage
Influenza (H5N1 avian influenza),Alphainfluenzavirus influenzae (H5N1),Alphainfluenzavirus influenzae (H5N1),2955291,Sterna hirundinacea,227186,aves,charadriiformes,laridae,TRUE,TRUE,both,in_gibb_etal=TRUE; in_empres_i=TRUE; deferred_broad_vesiculovirus=FALSE,Alphainfluenzavirus influenzae (H5N1),Influenza (H5N1 avian influenza),PCR/Sequencing,VIRION,1,FALSE,FALSE,TRUE,FALSE,FALSE,FALSE,host_present_in_system,host appears in canonical WHO disease-pathogen-host backbone; role-specific reservoir/amplifier/incidental/dead-end evidence not assessed,low,TRUE,medium_ecology_triage
Influenza (H5N1 avian influenza),Alphainfluenzavirus influenzae (H5N1),Alphainfluenzavirus influenzae (H5N1),11320; 2955291,Sterna hirundo,108405,aves,charadriiformes,laridae,TRUE,TRUE,both,in_gibb_etal=TRUE; in_empres_i=TRUE; deferred_broad_vesiculovirus=FALSE,Alphainfluenzavirus influenzae (H5N1),Influenza (H5N1 avian influenza),Isolation/Observation; PCR/Sequencing; PCR/Sequencing,VIRION,2,FALSE,FALSE,TRUE,FALSE,FALSE,FALSE,host_present_in_system,host appears in canonical WHO disease-pathogen-host backbone; role-specific reservoir/amplifier/incidental/dead-end evidence not assessed,low,TRUE,medium_ecology_triage
Influenza (H5N1 avian influenza),Alphainfluenzavirus influenzae (H5N1),Alphainfluenzavirus influenzae (H5N1),2955291,Sterna paradisaea,279953,aves,charadriiformes,laridae,TRUE,TRUE,both,in_gibb_etal=TRUE; in_empres_i=TRUE; deferred_broad_vesiculovirus=FALSE,Alphainfluenzavirus influenzae (H5N1),Influenza (H5N1 avian influenza),PCR/Sequencing,VIRION,1,FALSE,FALSE,TRUE,FALSE,FALSE,FALSE,host_present_in_system,host appears in canonical WHO disease-pathogen-host backbone; role-specific reservoir/amplifier/incidental/dead-end evidence not assessed,low,TRUE,medium_ecology_triage
Influenza (H5N1 avian influenza),Alphainfluenzavirus influenzae (H5N1),Alphainfluenzavirus influenzae (H5N1),2955291,Sterna vittata,297828,aves,charadriiformes,laridae,TRUE,TRUE,both,in_gibb_etal=TRUE; in_empres_i=TRUE; deferred_broad_vesiculovirus=FALSE,Alphainfluenzavirus influenzae (H5N1),Influenza (H5N1 avian influenza),PCR/Sequencing,VIRION,1,FALSE,FALSE,TRUE,FALSE,FALSE,FALSE,host_present_in_system,host appears in canonical WHO disease-pathogen-host backbone; role-specific reservoir/amplifier/incidental/dead-end evidence not assessed,low,TRUE,medium_ecology_triage
Influenza (H5N1 avian influenza),Alphainfluenzavirus influenzae (H5N1),Alphainfluenzavirus influenzae (H5N1),2955291,Sternula albifrons,507597,aves,charadriiformes,laridae,TRUE,TRUE,both,in_gibb_etal=TRUE; in_empres_i=TRUE; deferred_broad_vesiculovirus=FALSE,Alphainfluenzavirus influenzae (H5N1),Influenza (H5N1 avian influenza),PCR/Sequencing,VIRION,1,FALSE,FALSE,TRUE,FALSE,FALSE,FALSE,host_present_in_system,host appears in canonical WHO disease-pathogen-host backbone; role-specific reservoir/amplifier/incidental/dead-end evidence not assessed,low,TRUE,medium_ecology_triage
Influenza (H5N1 avian influenza),Alphainfluenzavirus influenzae (H5N1),Alphainfluenzavirus influenzae (H5N1),2955291,Thalasseus elegans,297817,aves,charadriiformes,laridae,TRUE,TRUE,both,in_gibb_etal=TRUE; in_empres_i=TRUE; deferred_broad_vesiculovirus=FALSE,Alphainfluenzavirus influenzae (H5N1),Influenza (H5N1 avian influenza),PCR/Sequencing,VIRION,1,FALSE,FALSE,TRUE,FALSE,FALSE,FALSE,host_present_in_system,host appears in canonical WHO disease-pathogen-host backbone; role-specific reservoir/amplifier/incidental/dead-end evidence not assessed,low,TRUE,medium_ecology_triage
Influenza (H5N1 avian influenza),Alphainfluenzavirus influenzae (H5N1),Alphainfluenzavirus influenzae (H5N1),2955291,Thalasseus maximus,555356,aves,charadriiformes,laridae,TRUE,TRUE,both,in_gibb_etal=TRUE; in_empres_i=TRUE; deferred_broad_vesiculovirus=FALSE,Alphainfluenzavirus influenzae (H5N1),Influenza (H5N1 avian influenza),PCR/Sequencing,VIRION,1,FALSE,FALSE,TRUE,FALSE,FALSE,FALSE,host_present_in_system,host appears in canonical WHO disease-pathogen-host backbone; role-specific reservoir/amplifier/incidental/dead-end evidence not assessed,low,TRUE,medium_ecology_triage
Influenza (H5N1 avian influenza),Alphainfluenzavirus influenzae (H5N1),Alphainfluenzavirus influenzae (H5N1),2955291,Thalasseus sandvicensis,126723,aves,charadriiformes,laridae,TRUE,TRUE,both,in_gibb_etal=TRUE; in_empres_i=TRUE; deferred_broad_vesiculovirus=FALSE,Alphainfluenzavirus influenzae (H5N1),Influenza (H5N1 avian influenza),PCR/Sequencing,VIRION,1,FALSE,FALSE,TRUE,FALSE,FALSE,FALSE,host_present_in_system,host appears in canonical WHO disease-pathogen-host backbone; role-specific reservoir/amplifier/incidental/dead-end evidence not assessed,low,TRUE,medium_ecology_triage
Influenza (H5N1 avian influenza),Alphainfluenzavirus influenzae (H5N1),Alphainfluenzavirus influenzae (H5N1),2955291,Tringa glareola,171269,aves,charadriiformes,scolopacidae,TRUE,TRUE,both,in_gibb_etal=TRUE; in_empres_i=TRUE; deferred_broad_vesiculovirus=FALSE,Alphainfluenzavirus influenzae (H5N1),Influenza (H5N1 avian influenza),PCR/Sequencing,VIRION,1,FALSE,FALSE,TRUE,FALSE,FALSE,FALSE,host_present_in_system,host appears in canonical WHO disease-pathogen-host backbone; role-specific reservoir/amplifier/incidental/dead-end evidence not assessed,low,TRUE,medium_ecology_triage
Influenza (H5N1 avian influenza),Alphainfluenzavirus influenzae (H5N1),Alphainfluenzavirus influenzae (H5N1),2955291,Tringa semipalmata,507600,aves,charadriiformes,scolopacidae,TRUE,TRUE,both,in_gibb_etal=TRUE; in_empres_i=TRUE; deferred_broad_vesiculovirus=FALSE,Alphainfluenzavirus influenzae (H5N1),Influenza (H5N1 avian influenza),PCR/Sequencing,VIRION,1,FALSE,FALSE,TRUE,FALSE,FALSE,FALSE,host_present_in_system,host appears in canonical WHO disease-pathogen-host backbone; role-specific reservoir/amplifier/incidental/dead-end evidence not assessed,low,TRUE,medium_ecology_triage
Influenza (H5N1 avian influenza),Alphainfluenzavirus influenzae (H5N1),Alphainfluenzavirus influenzae (H5N1),2955291,Tringa totanus,171271,aves,charadriiformes,scolopacidae,TRUE,TRUE,both,in_gibb_etal=TRUE; in_empres_i=TRUE; deferred_broad_vesiculovirus=FALSE,Alphainfluenzavirus influenzae (H5N1),Influenza (H5N1 avian influenza),PCR/Sequencing,VIRION,1,FALSE,FALSE,TRUE,FALSE,FALSE,FALSE,host_present_in_system,host appears in canonical WHO disease-pathogen-host backbone; role-specific reservoir/amplifier/incidental/dead-end evidence not assessed,low,TRUE,medium_ecology_triage
Influenza (H5N1 avian influenza),Alphainfluenzavirus influenzae (H5N1),Alphainfluenzavirus influenzae (H5N1),11320; 2955291,Uria aalge,13746,aves,charadriiformes,alcidae,TRUE,TRUE,both,in_gibb_etal=TRUE; in_empres_i=TRUE; deferred_broad_vesiculovirus=FALSE,Alphainfluenzavirus influenzae (H5N1),Influenza (H5N1 avian influenza),PCR/Sequencing,VIRION,2,FALSE,FALSE,TRUE,FALSE,FALSE,FALSE,host_present_in_system,host appears in canonical WHO disease-pathogen-host backbone; role-specific reservoir/amplifier/incidental/dead-end evidence not assessed,low,TRUE,medium_ecology_triage
Influenza (H5N1 avian influenza),Alphainfluenzavirus influenzae (H5N1),Alphainfluenzavirus influenzae (H5N1),11320; 2955291,Uria lomvia,28711,aves,charadriiformes,alcidae,TRUE,TRUE,both,in_gibb_etal=TRUE; in_empres_i=TRUE; deferred_broad_vesiculovirus=FALSE,Alphainfluenzavirus influenzae (H5N1),Influenza (H5N1 avian influenza),PCR/Sequencing,VIRION,2,FALSE,FALSE,TRUE,FALSE,FALSE,FALSE,host_present_in_system,host appears in canonical WHO disease-pathogen-host backbone; role-specific reservoir/amplifier/incidental/dead-end evidence not assessed,low,TRUE,medium_ecology_triage
Influenza (H5N1 avian influenza),Alphainfluenzavirus influenzae (H5N1),Alphainfluenzavirus influenzae (H5N1),2955291,Vanellus chilensis,50404,aves,charadriiformes,charadriidae,TRUE,TRUE,both,in_gibb_etal=TRUE; in_empres_i=TRUE; deferred_broad_vesiculovirus=FALSE,Alphainfluenzavirus influenzae (H5N1),Influenza (H5N1 avian influenza),PCR/Sequencing,VIRION,1,FALSE,FALSE,TRUE,FALSE,FALSE,FALSE,host_present_in_system,host appears in canonical WHO disease-pathogen-host backbone; role-specific reservoir/amplifier/incidental/dead-end evidence not assessed,low,TRUE,medium_ecology_triage
Influenza (H5N1 avian influenza),Alphainfluenzavirus influenzae (H5N1),Alphainfluenzavirus influenzae (H5N1),2955291,Vanellus spinosus,8909,aves,charadriiformes,charadriidae,TRUE,TRUE,both,in_gibb_etal=TRUE; in_empres_i=TRUE; deferred_broad_vesiculovirus=FALSE,Alphainfluenzavirus influenzae (H5N1),Influenza (H5N1 avian influenza),PCR/Sequencing,VIRION,1,FALSE,FALSE,TRUE,FALSE,FALSE,FALSE,host_present_in_system,host appears in canonical WHO disease-pathogen-host backbone; role-specific reservoir/amplifier/incidental/dead-end evidence not assessed,low,TRUE,medium_ecology_triage
Influenza (H5N1 avian influenza),Alphainfluenzavirus influenzae (H5N1),Alphainfluenzavirus influenzae (H5N1),2955291,Vanellus vanellus,100859,aves,charadriiformes,charadriidae,TRUE,TRUE,both,in_gibb_etal=TRUE; in_empres_i=TRUE; deferred_broad_vesiculovirus=FALSE,Alphainfluenzavirus influenzae (H5N1),Influenza (H5N1 avian influenza),PCR/Sequencing,VIRION,1,FALSE,FALSE,TRUE,FALSE,FALSE,FALSE,host_present_in_system,host appears in canonical WHO disease-pathogen-host backbone; role-specific reservoir/amplifier/incidental/dead-end evidence not assessed,low,TRUE,medium_ecology_triage
Influenza (H5N1 avian influenza),Alphainfluenzavirus influenzae (H5N1),Alphainfluenzavirus influenzae (H5N1),2955291,Xema sabini,128050,aves,charadriiformes,laridae,TRUE,TRUE,both,in_gibb_etal=TRUE; in_empres_i=TRUE; deferred_broad_vesiculovirus=FALSE,Alphainfluenzavirus influenzae (H5N1),Influenza (H5N1 avian influenza),PCR/Sequencing,VIRION,1,FALSE,FALSE,TRUE,FALSE,FALSE,FALSE,host_present_in_system,host appears in canonical WHO disease-pathogen-host backbone; role-specific reservoir/amplifier/incidental/dead-end evidence not assessed,low,TRUE,medium_ecology_triage
Influenza (H5N1 avian influenza),Alphainfluenzavirus influenzae (H5N1),Alphainfluenzavirus influenzae (H5N1),2955291,Anastomus oscitans,1706835,aves,ciconiiformes,ciconiidae,TRUE,TRUE,both,in_gibb_etal=TRUE; in_empres_i=TRUE; deferred_broad_vesiculovirus=FALSE,Alphainfluenzavirus influenzae (H5N1),Influenza (H5N1 avian influenza),PCR/Sequencing,VIRION,1,FALSE,FALSE,TRUE,FALSE,FALSE,FALSE,host_present_in_system,host appears in canonical WHO disease-pathogen-host backbone; role-specific reservoir/amplifier/incidental/dead-end evidence not assessed,low,TRUE,medium_ecology_triage
Influenza (H5N1 avian influenza),Alphainfluenzavirus influenzae (H5N1),Alphainfluenzavirus influenzae (H5N1),11320; 2955291,Ciconia ciconia,8928,aves,ciconiiformes,ciconiidae,TRUE,TRUE,both,in_gibb_etal=TRUE; in_empres_i=TRUE; deferred_broad_vesiculovirus=FALSE,Alphainfluenzavirus influenzae (H5N1),Influenza (H5N1 avian influenza),PCR/Sequencing,VIRION,2,FALSE,FALSE,TRUE,FALSE,FALSE,FALSE,host_present_in_system,host appears in canonical WHO disease-pathogen-host backbone; role-specific reservoir/amplifier/incidental/dead-end evidence not assessed,low,TRUE,medium_ecology_triage
Influenza (H5N1 avian influenza),Alphainfluenzavirus influenzae (H5N1),Alphainfluenzavirus influenzae (H5N1),2955291,Columba guinea,135627,aves,columbiformes,columbidae,TRUE,TRUE,both,in_gibb_etal=TRUE; in_empres_i=TRUE; deferred_broad_vesiculovirus=FALSE,Alphainfluenzavirus influenzae (H5N1),Influenza (H5N1 avian influenza),PCR/Sequencing,VIRION,1,FALSE,FALSE,TRUE,FALSE,FALSE,FALSE,host_present_in_system,host appears in canonical WHO disease-pathogen-host backbone; role-specific reservoir/amplifier/incidental/dead-end evidence not assessed,low,TRUE,medium_ecology_triage
Influenza (H5N1 avian influenza),Alphainfluenzavirus influenzae (H5N1),Alphainfluenzavirus influenzae (H5N1),11320; 2955291,Columba livia,8932,aves,columbiformes,columbidae,TRUE,TRUE,both,in_gibb_etal=TRUE; in_empres_i=TRUE; deferred_broad_vesiculovirus=FALSE,Alphainfluenzavirus influenzae (H5N1),Influenza (H5N1 avian influenza),Isolation/Observation; Not specified; PCR/Sequencing; PCR/Sequencing,VIRION,2,FALSE,FALSE,TRUE,FALSE,FALSE,FALSE,host_present_in_system,host appears in canonical WHO disease-pathogen-host backbone; role-specific reservoir/amplifier/incidental/dead-end evidence not assessed,low,TRUE,medium_ecology_triage
Influenza (H5N1 avian influenza),Alphainfluenzavirus influenzae (H5N1),Alphainfluenzavirus influenzae (H5N1),2955291,Geopelia placida,471127,aves,columbiformes,columbidae,TRUE,TRUE,both,in_gibb_etal=TRUE; in_empres_i=TRUE; deferred_broad_vesiculovirus=FALSE,Alphainfluenzavirus influenzae (H5N1),Influenza (H5N1 avian influenza),PCR/Sequencing,VIRION,1,FALSE,FALSE,TRUE,FALSE,FALSE,FALSE,host_present_in_system,host appears in canonical WHO disease-pathogen-host backbone; role-specific reservoir/amplifier/incidental/dead-end evidence not assessed,low,TRUE,medium_ecology_triage
Influenza (H5N1 avian influenza),Alphainfluenzavirus influenzae (H5N1),Alphainfluenzavirus influenzae (H5N1),2955291,Spilopelia chinensis,115700,aves,columbiformes,columbidae,TRUE,TRUE,both,in_gibb_etal=TRUE; in_empres_i=TRUE; deferred_broad_vesiculovirus=FALSE,Alphainfluenzavirus influenzae (H5N1),Influenza (H5N1 avian influenza),PCR/Sequencing,VIRION,1,FALSE,FALSE,TRUE,FALSE,FALSE,FALSE,host_present_in_system,host appears in canonical WHO disease-pathogen-host backbone; role-specific reservoir/amplifier/incidental/dead-end evidence not assessed,low,TRUE,medium_ecology_triage
Influenza (H5N1 avian influenza),Alphainfluenzavirus influenzae (H5N1),Alphainfluenzavirus influenzae (H5N1),2955291,Streptopelia decaocto,177147,aves,columbiformes,columbidae,TRUE,TRUE,both,in_gibb_etal=TRUE; in_empres_i=TRUE; deferred_broad_vesiculovirus=FALSE,Alphainfluenzavirus influenzae (H5N1),Influenza (H5N1 avian influenza),PCR/Sequencing,VIRION,1,FALSE,FALSE,TRUE,FALSE,FALSE,FALSE,host_present_in_system,host appears in canonical WHO disease-pathogen-host backbone; role-specific reservoir/amplifier/incidental/dead-end evidence not assessed,low,TRUE,medium_ecology_triage
Influenza (H5N1 avian influenza),Alphainfluenzavirus influenzae (H5N1),Alphainfluenzavirus influenzae (H5N1),2955291,Zenaida asiatica,93382,aves,columbiformes,columbidae,TRUE,TRUE,both,in_gibb_etal=TRUE; in_empres_i=TRUE; deferred_broad_vesiculovirus=FALSE,Alphainfluenzavirus influenzae (H5N1),Influenza (H5N1 avian influenza),PCR/Sequencing,VIRION,1,FALSE,FALSE,TRUE,FALSE,FALSE,FALSE,host_present_in_system,host appears in canonical WHO disease-pathogen-host backbone; role-specific reservoir/amplifier/incidental/dead-end evidence not assessed,low,TRUE,medium_ecology_triage
Influenza (H5N1 avian influenza),Alphainfluenzavirus influenzae (H5N1),Alphainfluenzavirus influenzae (H5N1),2955291,Merops apiaster,265611,aves,coraciiformes,meropidae,TRUE,TRUE,both,in_gibb_etal=TRUE; in_empres_i=TRUE; deferred_broad_vesiculovirus=FALSE,Alphainfluenzavirus influenzae (H5N1),Influenza (H5N1 avian influenza),PCR/Sequencing,VIRION,1,FALSE,FALSE,TRUE,FALSE,FALSE,FALSE,host_present_in_system,host appears in canonical WHO disease-pathogen-host backbone; role-specific reservoir/amplifier/incidental/dead-end evidence not assessed,low,TRUE,medium_ecology_triage
Influenza (H5N1 avian influenza),Alphainfluenzavirus influenzae (H5N1),Alphainfluenzavirus influenzae (H5N1),11320; 2955291,Coccycua minuta,1118526,aves,cuculiformes,cuculidae,TRUE,TRUE,both,in_gibb_etal=TRUE; in_empres_i=TRUE; deferred_broad_vesiculovirus=FALSE,Alphainfluenzavirus influenzae (H5N1),Influenza (H5N1 avian influenza),PCR/Sequencing,VIRION,2,FALSE,FALSE,TRUE,FALSE,FALSE,FALSE,host_present_in_system,host appears in canonical WHO disease-pathogen-host backbone; role-specific reservoir/amplifier/incidental/dead-end evidence not assessed,low,TRUE,medium_ecology_triage
Influenza (H5N1 avian influenza),Alphainfluenzavirus influenzae (H5N1),Alphainfluenzavirus influenzae (H5N1),2955291,Caracara plancus,8951,aves,falconiformes,falconidae,TRUE,TRUE,both,in_gibb_etal=TRUE; in_empres_i=TRUE; deferred_broad_vesiculovirus=FALSE,Alphainfluenzavirus influenzae (H5N1),Influenza (H5N1 avian influenza),PCR/Sequencing,VIRION,1,FALSE,FALSE,TRUE,FALSE,FALSE,FALSE,host_present_in_system,host appears in canonical WHO disease-pathogen-host backbone; role-specific reservoir/amplifier/incidental/dead-end evidence not assessed,low,TRUE,medium_ecology_triage
Influenza (H5N1 avian influenza),Alphainfluenzavirus influenzae (H5N1),Alphainfluenzavirus influenzae (H5N1),11320; 2955291,Falco cherrug,345164,aves,falconiformes,falconidae,TRUE,TRUE,both,in_gibb_etal=TRUE; in_empres_i=TRUE; deferred_broad_vesiculovirus=FALSE,Alphainfluenzavirus influenzae (H5N1),Influenza (H5N1 avian influenza),Isolation/Observation; PCR/Sequencing; PCR/Sequencing,VIRION,2,FALSE,FALSE,TRUE,FALSE,FALSE,FALSE,host_present_in_system,host appears in canonical WHO disease-pathogen-host backbone; role-specific reservoir/amplifier/incidental/dead-end evidence not assessed,low,TRUE,medium_ecology_triage
Influenza (H5N1 avian influenza),Alphainfluenzavirus influenzae (H5N1),Alphainfluenzavirus influenzae (H5N1),11320; 2955291,Falco naumanni,148594,aves,falconiformes,falconidae,TRUE,TRUE,both,in_gibb_etal=TRUE; in_empres_i=TRUE; deferred_broad_vesiculovirus=FALSE,Alphainfluenzavirus influenzae (H5N1),Influenza (H5N1 avian influenza),PCR/Sequencing,VIRION,2,FALSE,FALSE,TRUE,FALSE,FALSE,FALSE,host_present_in_system,host appears in canonical WHO disease-pathogen-host backbone; role-specific reservoir/amplifier/incidental/dead-end evidence not assessed,low,TRUE,medium_ecology_triage
Influenza (H5N1 avian influenza),Alphainfluenzavirus influenzae (H5N1),Alphainfluenzavirus influenzae (H5N1),11320; 2955291,Falco peregrinus,8954,aves,falconiformes,falconidae,TRUE,TRUE,both,in_gibb_etal=TRUE; in_empres_i=TRUE; deferred_broad_vesiculovirus=FALSE,Alphainfluenzavirus influenzae (H5N1),Influenza (H5N1 avian influenza),PCR/Sequencing,VIRION,2,FALSE,FALSE,TRUE,FALSE,FALSE,FALSE,host_present_in_system,host appears in canonical WHO disease-pathogen-host backbone; role-specific reservoir/amplifier/incidental/dead-end evidence not assessed,low,TRUE,medium_ecology_triage
Influenza (H5N1 avian influenza),Alphainfluenzavirus influenzae (H5N1),Alphainfluenzavirus influenzae (H5N1),2955291,Falco rusticolus,120794,aves,falconiformes,falconidae,TRUE,TRUE,both,in_gibb_etal=TRUE; in_empres_i=TRUE; deferred_broad_vesiculovirus=FALSE,Alphainfluenzavirus influenzae (H5N1),Influenza (H5N1 avian influenza),PCR/Sequencing,VIRION,1,FALSE,FALSE,TRUE,FALSE,FALSE,FALSE,host_present_in_system,host appears in canonical WHO disease-pathogen-host backbone; role-specific reservoir/amplifier/incidental/dead-end evidence not assessed,low,TRUE,medium_ecology_triage
Influenza (H5N1 avian influenza),Alphainfluenzavirus influenzae (H5N1),Alphainfluenzavirus influenzae (H5N1),2955291,Falco sparverius,56350,aves,falconiformes,falconidae,TRUE,TRUE,both,in_gibb_etal=TRUE; in_empres_i=TRUE; deferred_broad_vesiculovirus=FALSE,Alphainfluenzavirus influenzae (H5N1),Influenza (H5N1 avian influenza),PCR/Sequencing,VIRION,1,FALSE,FALSE,TRUE,FALSE,FALSE,FALSE,host_present_in_system,host appears in canonical WHO disease-pathogen-host backbone; role-specific reservoir/amplifier/incidental/dead-end evidence not assessed,low,TRUE,medium_ecology_triage
Influenza (H5N1 avian influenza),Alphainfluenzavirus influenzae (H5N1),Alphainfluenzavirus influenzae (H5N1),11320; 2955291,Falco tinnunculus,100819,aves,falconiformes,falconidae,TRUE,TRUE,both,in_gibb_etal=TRUE; in_empres_i=TRUE; deferred_broad_vesiculovirus=FALSE,Alphainfluenzavirus influenzae (H5N1),Influenza (H5N1 avian influenza),PCR/Sequencing,VIRION,2,FALSE,FALSE,TRUE,FALSE,FALSE,FALSE,host_present_in_system,host appears in canonical WHO disease-pathogen-host backbone; role-specific reservoir/amplifier/incidental/dead-end evidence not assessed,low,TRUE,medium_ecology_triage
Influenza (H5N1 avian influenza),Alphainfluenzavirus influenzae (H5N1),Alphainfluenzavirus influenzae (H5N1),2955291,Alectoris barbara,40177,aves,galliformes,phasianidae,TRUE,TRUE,both,in_gibb_etal=TRUE; in_empres_i=TRUE; deferred_broad_vesiculovirus=FALSE,Alphainfluenzavirus influenzae (H5N1),Influenza (H5N1 avian influenza),PCR/Sequencing,VIRION,1,FALSE,FALSE,TRUE,FALSE,FALSE,FALSE,host_present_in_system,host appears in canonical WHO disease-pathogen-host backbone; role-specific reservoir/amplifier/incidental/dead-end evidence not assessed,low,TRUE,medium_ecology_triage
Influenza (H5N1 avian influenza),Alphainfluenzavirus influenzae (H5N1),Alphainfluenzavirus influenzae (H5N1),11320; 2955291,Alectoris chukar,9078,aves,galliformes,phasianidae,TRUE,TRUE,both,in_gibb_etal=TRUE; in_empres_i=TRUE; deferred_broad_vesiculovirus=FALSE,Alphainfluenzavirus influenzae (H5N1),Influenza (H5N1 avian influenza),Isolation/Observation; PCR/Sequencing; PCR/Sequencing,VIRION,2,FALSE,FALSE,TRUE,FALSE,FALSE,FALSE,host_present_in_system,host appears in canonical WHO disease-pathogen-host backbone; role-specific reservoir/amplifier/incidental/dead-end evidence not assessed,low,TRUE,medium_ecology_triage
Influenza (H5N1 avian influenza),Alphainfluenzavirus influenzae (H5N1),Alphainfluenzavirus influenzae (H5N1),2955291,Bonasa umbellus,9000,aves,galliformes,phasianidae,TRUE,TRUE,both,in_gibb_etal=TRUE; in_empres_i=TRUE; deferred_broad_vesiculovirus=FALSE,Alphainfluenzavirus influenzae (H5N1),Influenza (H5N1 avian influenza),PCR/Sequencing,VIRION,1,FALSE,FALSE,TRUE,FALSE,FALSE,FALSE,host_present_in_system,host appears in canonical WHO disease-pathogen-host backbone; role-specific reservoir/amplifier/incidental/dead-end evidence not assessed,low,TRUE,medium_ecology_triage
Influenza (H5N1 avian influenza),Alphainfluenzavirus influenzae (H5N1),Alphainfluenzavirus influenzae (H5N1),11320; 2955291,Chrysolophus pictus,9089,aves,galliformes,phasianidae,TRUE,TRUE,both,in_gibb_etal=TRUE; in_empres_i=TRUE; deferred_broad_vesiculovirus=FALSE,Alphainfluenzavirus influenzae (H5N1),Influenza (H5N1 avian influenza),PCR/Sequencing,VIRION,2,FALSE,FALSE,TRUE,FALSE,FALSE,FALSE,host_present_in_system,host appears in canonical WHO disease-pathogen-host backbone; role-specific reservoir/amplifier/incidental/dead-end evidence not assessed,low,TRUE,medium_ecology_triage
Influenza (H5N1 avian influenza),Alphainfluenzavirus influenzae (H5N1),Alphainfluenzavirus influenzae (H5N1),11320; 2955291,Coturnix coturnix,9091,aves,galliformes,phasianidae,TRUE,TRUE,both,in_gibb_etal=TRUE; in_empres_i=TRUE; deferred_broad_vesiculovirus=FALSE,Alphainfluenzavirus influenzae (H5N1),Influenza (H5N1 avian influenza),Isolation/Observation; PCR/Sequencing; PCR/Sequencing,VIRION,2,FALSE,FALSE,TRUE,FALSE,FALSE,FALSE,host_present_in_system,host appears in canonical WHO disease-pathogen-host backbone; role-specific reservoir/amplifier/incidental/dead-end evidence not assessed,low,TRUE,medium_ecology_triage
Influenza (H5N1 avian influenza),Alphainfluenzavirus influenzae (H5N1),Alphainfluenzavirus influenzae (H5N1),11320; 2955291,Coturnix japonica,93934,aves,galliformes,phasianidae,TRUE,TRUE,both,in_gibb_etal=TRUE; in_empres_i=TRUE; deferred_broad_vesiculovirus=FALSE,Alphainfluenzavirus influenzae (H5N1),Influenza (H5N1 avian influenza),PCR/Sequencing,VIRION,2,FALSE,FALSE,TRUE,FALSE,FALSE,FALSE,host_present_in_system,host appears in canonical WHO disease-pathogen-host backbone; role-specific reservoir/amplifier/incidental/dead-end evidence not assessed,low,TRUE,medium_ecology_triage
Influenza (H5N1 avian influenza),Alphainfluenzavirus influenzae (H5N1),Alphainfluenzavirus influenzae (H5N1),2955291,Francolinus pintadeanus,472989,aves,galliformes,phasianidae,TRUE,TRUE,both,in_gibb_etal=TRUE; in_empres_i=TRUE; deferred_broad_vesiculovirus=FALSE,Alphainfluenzavirus influenzae (H5N1),Influenza (H5N1 avian influenza),PCR/Sequencing,VIRION,1,FALSE,FALSE,TRUE,FALSE,FALSE,FALSE,host_present_in_system,host appears in canonical WHO disease-pathogen-host backbone; role-specific reservoir/amplifier/incidental/dead-end evidence not assessed,low,TRUE,medium_ecology_triage
Influenza (H5N1 avian influenza),Alphainfluenzavirus influenzae (H5N1),Alphainfluenzavirus influenzae (H5N1),2955291,Lophura ignita,9044,aves,galliformes,phasianidae,TRUE,TRUE,both,in_gibb_etal=TRUE; in_empres_i=TRUE; deferred_broad_vesiculovirus=FALSE,Alphainfluenzavirus influenzae (H5N1),Influenza (H5N1 avian influenza),PCR/Sequencing,VIRION,1,FALSE,FALSE,TRUE,FALSE,FALSE,FALSE,host_present_in_system,host appears in canonical WHO disease-pathogen-host backbone; role-specific reservoir/amplifier/incidental/dead-end evidence not assessed,low,TRUE,medium_ecology_triage
Influenza (H5N1 avian influenza),Alphainfluenzavirus influenzae (H5N1),Alphainfluenzavirus influenzae (H5N1),11320; 2955291,Lophura leucomelanos,140445,aves,galliformes,phasianidae,TRUE,TRUE,both,in_gibb_etal=TRUE; in_empres_i=TRUE; deferred_broad_vesiculovirus=FALSE,Alphainfluenzavirus influenzae (H5N1),Influenza (H5N1 avian influenza),Isolation/Observation; PCR/Sequencing; PCR/Sequencing,VIRION,2,FALSE,FALSE,TRUE,FALSE,FALSE,FALSE,host_present_in_system,host appears in canonical WHO disease-pathogen-host backbone; role-specific reservoir/amplifier/incidental/dead-end evidence not assessed,low,TRUE,medium_ecology_triage
Influenza (H5N1 avian influenza),Alphainfluenzavirus influenzae (H5N1),Alphainfluenzavirus influenzae (H5N1),2955291,Lophura nycthemera,9046,aves,galliformes,phasianidae,TRUE,TRUE,both,in_gibb_etal=TRUE; in_empres_i=TRUE; deferred_broad_vesiculovirus=FALSE,Alphainfluenzavirus influenzae (H5N1),Influenza (H5N1 avian influenza),PCR/Sequencing,VIRION,1,FALSE,FALSE,TRUE,FALSE,FALSE,FALSE,host_present_in_system,host appears in canonical WHO disease-pathogen-host backbone; role-specific reservoir/amplifier/incidental/dead-end evidence not assessed,low,TRUE,medium_ecology_triage
Influenza (H5N1 avian influenza),Alphainfluenzavirus influenzae (H5N1),Alphainfluenzavirus influenzae (H5N1),11320; 2955291,Meleagris gallopavo,9103,aves,galliformes,phasianidae,TRUE,TRUE,both,in_gibb_etal=TRUE; in_empres_i=TRUE; deferred_broad_vesiculovirus=FALSE,Alphainfluenzavirus influenzae (H5N1),Influenza (H5N1 avian influenza),Isolation/Observation; PCR/Sequencing; PCR/Sequencing,VIRION,2,FALSE,FALSE,TRUE,FALSE,FALSE,FALSE,host_present_in_system,host appears in canonical WHO disease-pathogen-host backbone; role-specific reservoir/amplifier/incidental/dead-end evidence not assessed,low,TRUE,medium_ecology_triage
Influenza (H5N1 avian influenza),Alphainfluenzavirus influenzae (H5N1),Alphainfluenzavirus influenzae (H5N1),11320; 2955291,Numida meleagris,8996,aves,galliformes,numididae,TRUE,TRUE,both,in_gibb_etal=TRUE; in_empres_i=TRUE; deferred_broad_vesiculovirus=FALSE,Alphainfluenzavirus influenzae (H5N1),Influenza (H5N1 avian influenza),Isolation/Observation; PCR/Sequencing; PCR/Sequencing,VIRION,2,FALSE,FALSE,TRUE,FALSE,FALSE,FALSE,host_present_in_system,host appears in canonical WHO disease-pathogen-host backbone; role-specific reservoir/amplifier/incidental/dead-end evidence not assessed,low,TRUE,medium_ecology_triage
Influenza (H5N1 avian influenza),Alphainfluenzavirus influenzae (H5N1),Alphainfluenzavirus influenzae (H5N1),2955291,Ortalis vetula,8984,aves,galliformes,cracidae,TRUE,TRUE,both,in_gibb_etal=TRUE; in_empres_i=TRUE; deferred_broad_vesiculovirus=FALSE,Alphainfluenzavirus influenzae (H5N1),Influenza (H5N1 avian influenza),PCR/Sequencing,VIRION,1,FALSE,FALSE,TRUE,FALSE,FALSE,FALSE,host_present_in_system,host appears in canonical WHO disease-pathogen-host backbone; role-specific reservoir/amplifier/incidental/dead-end evidence not assessed,low,TRUE,medium_ecology_triage
Influenza (H5N1 avian influenza),Alphainfluenzavirus influenzae (H5N1),Alphainfluenzavirus influenzae (H5N1),2955291,Pavo cristatus,9049,aves,galliformes,phasianidae,TRUE,TRUE,both,in_gibb_etal=TRUE; in_empres_i=TRUE; deferred_broad_vesiculovirus=FALSE,Alphainfluenzavirus influenzae (H5N1),Influenza (H5N1 avian influenza),PCR/Sequencing,VIRION,1,FALSE,FALSE,TRUE,FALSE,FALSE,FALSE,host_present_in_system,host appears in canonical WHO disease-pathogen-host backbone; role-specific reservoir/amplifier/incidental/dead-end evidence not assessed,low,TRUE,medium_ecology_triage
Influenza (H5N1 avian influenza),Alphainfluenzavirus influenzae (H5N1),Alphainfluenzavirus influenzae (H5N1),2955291,Pavo muticus,9050,aves,galliformes,phasianidae,TRUE,TRUE,both,in_gibb_etal=TRUE; in_empres_i=TRUE; deferred_broad_vesiculovirus=FALSE,Alphainfluenzavirus influenzae (H5N1),Influenza (H5N1 avian influenza),PCR/Sequencing,VIRION,1,FALSE,FALSE,TRUE,FALSE,FALSE,FALSE,host_present_in_system,host appears in canonical WHO disease-pathogen-host backbone; role-specific reservoir/amplifier/incidental/dead-end evidence not assessed,low,TRUE,medium_ecology_triage
Influenza (H5N1 avian influenza),Alphainfluenzavirus influenzae (H5N1),Alphainfluenzavirus influenzae (H5N1),2955291,Phasianus colchicus,9054,aves,galliformes,phasianidae,TRUE,TRUE,both,in_gibb_etal=TRUE; in_empres_i=TRUE; deferred_broad_vesiculovirus=FALSE,Alphainfluenzavirus influenzae (H5N1),Influenza (H5N1 avian influenza),PCR/Sequencing,VIRION,1,FALSE,FALSE,TRUE,FALSE,FALSE,FALSE,host_present_in_system,host appears in canonical WHO disease-pathogen-host backbone; role-specific reservoir/amplifier/incidental/dead-end evidence not assessed,low,TRUE,medium_ecology_triage
Influenza (H5N1 avian influenza),Alphainfluenzavirus influenzae (H5N1),Alphainfluenzavirus influenzae (H5N1),2955291,Gavia immer,37039,aves,gaviiformes,gaviidae,TRUE,TRUE,both,in_gibb_etal=TRUE; in_empres_i=TRUE; deferred_broad_vesiculovirus=FALSE,Alphainfluenzavirus influenzae (H5N1),Influenza (H5N1 avian influenza),PCR/Sequencing,VIRION,1,FALSE,FALSE,TRUE,FALSE,FALSE,FALSE,host_present_in_system,host appears in canonical WHO disease-pathogen-host backbone; role-specific reservoir/amplifier/incidental/dead-end evidence not assessed,low,TRUE,medium_ecology_triage
Influenza (H5N1 avian influenza),Alphainfluenzavirus influenzae (H5N1),Alphainfluenzavirus influenzae (H5N1),2955291,Anthropoides virgo,9111,aves,gruiformes,gruidae,TRUE,TRUE,both,in_gibb_etal=TRUE; in_empres_i=TRUE; deferred_broad_vesiculovirus=FALSE,Alphainfluenzavirus influenzae (H5N1),Influenza (H5N1 avian influenza),PCR/Sequencing,VIRION,1,FALSE,FALSE,TRUE,FALSE,FALSE,FALSE,host_present_in_system,host appears in canonical WHO disease-pathogen-host backbone; role-specific reservoir/amplifier/incidental/dead-end evidence not assessed,low,TRUE,medium_ecology_triage
Influenza (H5N1 avian influenza),Alphainfluenzavirus influenzae (H5N1),Alphainfluenzavirus influenzae (H5N1),11320; 2955291,Fulica americana,81903,aves,gruiformes,rallidae,TRUE,TRUE,both,in_gibb_etal=TRUE; in_empres_i=TRUE; deferred_broad_vesiculovirus=FALSE,Alphainfluenzavirus influenzae (H5N1),Influenza (H5N1 avian influenza),PCR/Sequencing,VIRION,2,FALSE,FALSE,TRUE,FALSE,FALSE,FALSE,host_present_in_system,host appears in canonical WHO disease-pathogen-host backbone; role-specific reservoir/amplifier/incidental/dead-end evidence not assessed,low,TRUE,medium_ecology_triage
Influenza (H5N1 avian influenza),Alphainfluenzavirus influenzae (H5N1),Alphainfluenzavirus influenzae (H5N1),2955291,Fulica armillata,555254,aves,gruiformes,rallidae,TRUE,TRUE,both,in_gibb_etal=TRUE; in_empres_i=TRUE; deferred_broad_vesiculovirus=FALSE,Alphainfluenzavirus influenzae (H5N1),Influenza (H5N1 avian influenza),PCR/Sequencing,VIRION,1,FALSE,FALSE,TRUE,FALSE,FALSE,FALSE,host_present_in_system,host appears in canonical WHO disease-pathogen-host backbone; role-specific reservoir/amplifier/incidental/dead-end evidence not assessed,low,TRUE,medium_ecology_triage
Influenza (H5N1 avian influenza),Alphainfluenzavirus influenzae (H5N1),Alphainfluenzavirus influenzae (H5N1),11320; 2955291,Fulica atra,9121,aves,gruiformes,rallidae,TRUE,TRUE,both,in_gibb_etal=TRUE; in_empres_i=TRUE; deferred_broad_vesiculovirus=FALSE,Alphainfluenzavirus influenzae (H5N1),Influenza (H5N1 avian influenza),Antibodies; PCR/Sequencing; PCR/Sequencing,VIRION,2,FALSE,FALSE,TRUE,FALSE,FALSE,FALSE,host_present_in_system,host appears in canonical WHO disease-pathogen-host backbone; role-specific reservoir/amplifier/incidental/dead-end evidence not assessed,low,TRUE,medium_ecology_triage
Influenza (H5N1 avian influenza),Alphainfluenzavirus influenzae (H5N1),Alphainfluenzavirus influenzae (H5N1),2955291,Fulica rufifrons,555257,aves,gruiformes,rallidae,TRUE,TRUE,both,in_gibb_etal=TRUE; in_empres_i=TRUE; deferred_broad_vesiculovirus=FALSE,Alphainfluenzavirus influenzae (H5N1),Influenza (H5N1 avian influenza),PCR/Sequencing,VIRION,1,FALSE,FALSE,TRUE,FALSE,FALSE,FALSE,host_present_in_system,host appears in canonical WHO disease-pathogen-host backbone; role-specific reservoir/amplifier/incidental/dead-end evidence not assessed,low,TRUE,medium_ecology_triage
Influenza (H5N1 avian influenza),Alphainfluenzavirus influenzae (H5N1),Alphainfluenzavirus influenzae (H5N1),11320; 2955291,Gallicrex cinerea,261967,aves,gruiformes,rallidae,TRUE,TRUE,both,in_gibb_etal=TRUE; in_empres_i=TRUE; deferred_broad_vesiculovirus=FALSE,Alphainfluenzavirus influenzae (H5N1),Influenza (H5N1 avian influenza),PCR/Sequencing,VIRION,2,FALSE,FALSE,TRUE,FALSE,FALSE,FALSE,host_present_in_system,host appears in canonical WHO disease-pathogen-host backbone; role-specific reservoir/amplifier/incidental/dead-end evidence not assessed,low,TRUE,medium_ecology_triage
Influenza (H5N1 avian influenza),Alphainfluenzavirus influenzae (H5N1),Alphainfluenzavirus influenzae (H5N1),2955291,Gallinula chloropus,9123,aves,gruiformes,rallidae,TRUE,TRUE,both,in_gibb_etal=TRUE; in_empres_i=TRUE; deferred_broad_vesiculovirus=FALSE,Alphainfluenzavirus influenzae (H5N1),Influenza (H5N1 avian influenza),PCR/Sequencing,VIRION,1,FALSE,FALSE,TRUE,FALSE,FALSE,FALSE,host_present_in_system,host appears in canonical WHO disease-pathogen-host backbone; role-specific reservoir/amplifier/incidental/dead-end evidence not assessed,low,TRUE,medium_ecology_triage
Influenza (H5N1 avian influenza),Alphainfluenzavirus influenzae (H5N1),Alphainfluenzavirus influenzae (H5N1),2955291,Grus japonensis,30415,aves,gruiformes,gruidae,TRUE,TRUE,both,in_gibb_etal=TRUE; in_empres_i=TRUE; deferred_broad_vesiculovirus=FALSE,Alphainfluenzavirus influenzae (H5N1),Influenza (H5N1 avian influenza),PCR/Sequencing,VIRION,1,FALSE,FALSE,TRUE,FALSE,FALSE,FALSE,host_present_in_system,host appears in canonical WHO disease-pathogen-host backbone; role-specific reservoir/amplifier/incidental/dead-end evidence not assessed,low,TRUE,medium_ecology_triage
Influenza (H5N1 avian influenza),Alphainfluenzavirus influenzae (H5N1),Alphainfluenzavirus influenzae (H5N1),2955291,Grus monacha,40818,aves,gruiformes,gruidae,TRUE,TRUE,both,in_gibb_etal=TRUE; in_empres_i=TRUE; deferred_broad_vesiculovirus=FALSE,Alphainfluenzavirus influenzae (H5N1),Influenza (H5N1 avian influenza),PCR/Sequencing,VIRION,1,FALSE,FALSE,TRUE,FALSE,FALSE,FALSE,host_present_in_system,host appears in canonical WHO disease-pathogen-host backbone; role-specific reservoir/amplifier/incidental/dead-end evidence not assessed,low,TRUE,medium_ecology_triage
Influenza (H5N1 avian influenza),Alphainfluenzavirus influenzae (H5N1),Alphainfluenzavirus influenzae (H5N1),2955291,Grus nigricollis,40817,aves,gruiformes,gruidae,TRUE,TRUE,both,in_gibb_etal=TRUE; in_empres_i=TRUE; deferred_broad_vesiculovirus=FALSE,Alphainfluenzavirus influenzae (H5N1),Influenza (H5N1 avian influenza),PCR/Sequencing,VIRION,1,FALSE,FALSE,TRUE,FALSE,FALSE,FALSE,host_present_in_system,host appears in canonical WHO disease-pathogen-host backbone; role-specific reservoir/amplifier/incidental/dead-end evidence not assessed,low,TRUE,medium_ecology_triage
Influenza (H5N1 avian influenza),Alphainfluenzavirus influenzae (H5N1),Alphainfluenzavirus influenzae (H5N1),2955291,Chlamydotis undulata,172680,aves,otidiformes,otididae,TRUE,TRUE,both,in_gibb_etal=TRUE; in_empres_i=TRUE; deferred_broad_vesiculovirus=FALSE,Alphainfluenzavirus influenzae (H5N1),Influenza (H5N1 avian influenza),PCR/Sequencing,VIRION,1,FALSE,FALSE,TRUE,FALSE,FALSE,FALSE,host_present_in_system,host appears in canonical WHO disease-pathogen-host backbone; role-specific reservoir/amplifier/incidental/dead-end evidence not assessed,low,TRUE,medium_ecology_triage
Influenza (H5N1 avian influenza),Alphainfluenzavirus influenzae (H5N1),Alphainfluenzavirus influenzae (H5N1),2955291,Eupodotis senegalensis,89385,aves,otidiformes,otididae,TRUE,TRUE,both,in_gibb_etal=TRUE; in_empres_i=TRUE; deferred_broad_vesiculovirus=FALSE,Alphainfluenzavirus influenzae (H5N1),Influenza (H5N1 avian influenza),PCR/Sequencing,VIRION,1,FALSE,FALSE,TRUE,FALSE,FALSE,FALSE,host_present_in_system,host appears in canonical WHO disease-pathogen-host backbone; role-specific reservoir/amplifier/incidental/dead-end evidence not assessed,low,TRUE,medium_ecology_triage
Influenza (H5N1 avian influenza),Alphainfluenzavirus influenzae (H5N1),Alphainfluenzavirus influenzae (H5N1),2955291,Otis tarda,73107,aves,otidiformes,otididae,TRUE,TRUE,both,in_gibb_etal=TRUE; in_empres_i=TRUE; deferred_broad_vesiculovirus=FALSE,Alphainfluenzavirus influenzae (H5N1),Influenza (H5N1 avian influenza),PCR/Sequencing,VIRION,1,FALSE,FALSE,TRUE,FALSE,FALSE,FALSE,host_present_in_system,host appears in canonical WHO disease-pathogen-host backbone; role-specific reservoir/amplifier/incidental/dead-end evidence not assessed,low,TRUE,medium_ecology_triage
Influenza (H5N1 avian influenza),Alphainfluenzavirus influenzae (H5N1),Alphainfluenzavirus influenzae (H5N1),2955291,Agropsar sturninus,2675479,aves,passeriformes,sturnidae,TRUE,TRUE,both,in_gibb_etal=TRUE; in_empres_i=TRUE; deferred_broad_vesiculovirus=FALSE,Alphainfluenzavirus influenzae (H5N1),Influenza (H5N1 avian influenza),PCR/Sequencing,VIRION,1,FALSE,FALSE,TRUE,FALSE,FALSE,FALSE,host_present_in_system,host appears in canonical WHO disease-pathogen-host backbone; role-specific reservoir/amplifier/incidental/dead-end evidence not assessed,low,TRUE,medium_ecology_triage
Influenza (H5N1 avian influenza),Alphainfluenzavirus influenzae (H5N1),Alphainfluenzavirus influenzae (H5N1),11320; 2955291,Bombycilla cedrorum,161648,aves,passeriformes,bombycillidae,TRUE,TRUE,both,in_gibb_etal=TRUE; in_empres_i=TRUE; deferred_broad_vesiculovirus=FALSE,Alphainfluenzavirus influenzae (H5N1),Influenza (H5N1 avian influenza),PCR/Sequencing,VIRION,2,FALSE,FALSE,TRUE,FALSE,FALSE,FALSE,host_present_in_system,host appears in canonical WHO disease-pathogen-host backbone; role-specific reservoir/amplifier/incidental/dead-end evidence not assessed,low,TRUE,medium_ecology_triage
Influenza (H5N1 avian influenza),Alphainfluenzavirus influenzae (H5N1),Alphainfluenzavirus influenzae (H5N1),11320; 2955291,Catharus fuscescens,159581,aves,passeriformes,turdidae,TRUE,TRUE,both,in_gibb_etal=TRUE; in_empres_i=TRUE; deferred_broad_vesiculovirus=FALSE,Alphainfluenzavirus influenzae (H5N1),Influenza (H5N1 avian influenza),PCR/Sequencing,VIRION,2,FALSE,FALSE,TRUE,FALSE,FALSE,FALSE,host_present_in_system,host appears in canonical WHO disease-pathogen-host backbone; role-specific reservoir/amplifier/incidental/dead-end evidence not assessed,low,TRUE,medium_ecology_triage
Influenza (H5N1 avian influenza),Alphainfluenzavirus influenzae (H5N1),Alphainfluenzavirus influenzae (H5N1),11320; 2955291,Catharus guttatus,9185,aves,passeriformes,turdidae,TRUE,TRUE,both,in_gibb_etal=TRUE; in_empres_i=TRUE; deferred_broad_vesiculovirus=FALSE,Alphainfluenzavirus influenzae (H5N1),Influenza (H5N1 avian influenza),PCR/Sequencing,VIRION,2,FALSE,FALSE,TRUE,FALSE,FALSE,FALSE,host_present_in_system,host appears in canonical WHO disease-pathogen-host backbone; role-specific reservoir/amplifier/incidental/dead-end evidence not assessed,low,TRUE,medium_ecology_triage
Influenza (H5N1 avian influenza),Alphainfluenzavirus influenzae (H5N1),Alphainfluenzavirus influenzae (H5N1),11320; 2955291,Catharus ustulatus,91951,aves,passeriformes,turdidae,TRUE,TRUE,both,in_gibb_etal=TRUE; in_empres_i=TRUE; deferred_broad_vesiculovirus=FALSE,Alphainfluenzavirus influenzae (H5N1),Influenza (H5N1 avian influenza),PCR/Sequencing,VIRION,2,FALSE,FALSE,TRUE,FALSE,FALSE,FALSE,host_present_in_system,host appears in canonical WHO disease-pathogen-host backbone; role-specific reservoir/amplifier/incidental/dead-end evidence not assessed,low,TRUE,medium_ecology_triage
Influenza (H5N1 avian influenza),Alphainfluenzavirus influenzae (H5N1),Alphainfluenzavirus influenzae (H5N1),2955291,Chloris chloris,37601,aves,passeriformes,fringillidae,TRUE,TRUE,both,in_gibb_etal=TRUE; in_empres_i=TRUE; deferred_broad_vesiculovirus=FALSE,Alphainfluenzavirus influenzae (H5N1),Influenza (H5N1 avian influenza),PCR/Sequencing,VIRION,1,FALSE,FALSE,TRUE,FALSE,FALSE,FALSE,host_present_in_system,host appears in canonical WHO disease-pathogen-host backbone; role-specific reservoir/amplifier/incidental/dead-end evidence not assessed,low,TRUE,medium_ecology_triage
Influenza (H5N1 avian influenza),Alphainfluenzavirus influenzae (H5N1),Alphainfluenzavirus influenzae (H5N1),11320; 2955291,Contopus sordidulus,183522,aves,passeriformes,tyrannidae,TRUE,TRUE,both,in_gibb_etal=TRUE; in_empres_i=TRUE; deferred_broad_vesiculovirus=FALSE,Alphainfluenzavirus influenzae (H5N1),Influenza (H5N1 avian influenza),PCR/Sequencing,VIRION,2,FALSE,FALSE,TRUE,FALSE,FALSE,FALSE,host_present_in_system,host appears in canonical WHO disease-pathogen-host backbone; role-specific reservoir/amplifier/incidental/dead-end evidence not assessed,low,TRUE,medium_ecology_triage
Influenza (H5N1 avian influenza),Alphainfluenzavirus influenzae (H5N1),Alphainfluenzavirus influenzae (H5N1),2955291,Copsychus saularis,343929,aves,passeriformes,muscicapidae,TRUE,TRUE,both,in_gibb_etal=TRUE; in_empres_i=TRUE; deferred_broad_vesiculovirus=FALSE,Alphainfluenzavirus influenzae (H5N1),Influenza (H5N1 avian influenza),PCR/Sequencing,VIRION,1,FALSE,FALSE,TRUE,FALSE,FALSE,FALSE,host_present_in_system,host appears in canonical WHO disease-pathogen-host backbone; role-specific reservoir/amplifier/incidental/dead-end evidence not assessed,low,TRUE,medium_ecology_triage
Influenza (H5N1 avian influenza),Alphainfluenzavirus influenzae (H5N1),Alphainfluenzavirus influenzae (H5N1),2955291,Corvus brachyrhynchos,85066,aves,passeriformes,corvidae,TRUE,TRUE,both,in_gibb_etal=TRUE; in_empres_i=TRUE; deferred_broad_vesiculovirus=FALSE,Alphainfluenzavirus influenzae (H5N1),Influenza (H5N1 avian influenza),PCR/Sequencing,VIRION,1,FALSE,FALSE,TRUE,FALSE,FALSE,FALSE,host_present_in_system,host appears in canonical WHO disease-pathogen-host backbone; role-specific reservoir/amplifier/incidental/dead-end evidence not assessed,low,TRUE,medium_ecology_triage
Influenza (H5N1 avian influenza),Alphainfluenzavirus influenzae (H5N1),Alphainfluenzavirus influenzae (H5N1),2955291,Corvus caurinus,279967,aves,passeriformes,corvidae,TRUE,TRUE,both,in_gibb_etal=TRUE; in_empres_i=TRUE; deferred_broad_vesiculovirus=FALSE,Alphainfluenzavirus influenzae (H5N1),Influenza (H5N1 avian influenza),PCR/Sequencing,VIRION,1,FALSE,FALSE,TRUE,FALSE,FALSE,FALSE,host_present_in_system,host appears in canonical WHO disease-pathogen-host backbone; role-specific reservoir/amplifier/incidental/dead-end evidence not assessed,low,TRUE,medium_ecology_triage
Influenza (H5N1 avian influenza),Alphainfluenzavirus influenzae (H5N1),Alphainfluenzavirus influenzae (H5N1),2955291,Corvus corax,56781,aves,passeriformes,corvidae,TRUE,TRUE,both,in_gibb_etal=TRUE; in_empres_i=TRUE; deferred_broad_vesiculovirus=FALSE,Alphainfluenzavirus influenzae (H5N1),Influenza (H5N1 avian influenza),PCR/Sequencing,VIRION,1,FALSE,FALSE,TRUE,FALSE,FALSE,FALSE,host_present_in_system,host appears in canonical WHO disease-pathogen-host backbone; role-specific reservoir/amplifier/incidental/dead-end evidence not assessed,low,TRUE,medium_ecology_triage
Influenza (H5N1 avian influenza),Alphainfluenzavirus influenzae (H5N1),Alphainfluenzavirus influenzae (H5N1),11320; 2955291,Corvus frugilegus,75140,aves,passeriformes,corvidae,TRUE,TRUE,both,in_gibb_etal=TRUE; in_empres_i=TRUE; deferred_broad_vesiculovirus=FALSE,Alphainfluenzavirus influenzae (H5N1),Influenza (H5N1 avian influenza),PCR/Sequencing,VIRION,2,FALSE,FALSE,TRUE,FALSE,FALSE,FALSE,host_present_in_system,host appears in canonical WHO disease-pathogen-host backbone; role-specific reservoir/amplifier/incidental/dead-end evidence not assessed,low,TRUE,medium_ecology_triage
Influenza (H5N1 avian influenza),Alphainfluenzavirus influenzae (H5N1),Alphainfluenzavirus influenzae (H5N1),11320; 2955291,Corvus macrorhynchos,36249,aves,passeriformes,corvidae,TRUE,TRUE,both,in_gibb_etal=TRUE; in_empres_i=TRUE; deferred_broad_vesiculovirus=FALSE,Alphainfluenzavirus influenzae (H5N1),Influenza (H5N1 avian influenza),PCR/Sequencing,VIRION,2,FALSE,FALSE,TRUE,FALSE,FALSE,FALSE,host_present_in_system,host appears in canonical WHO disease-pathogen-host backbone; role-specific reservoir/amplifier/incidental/dead-end evidence not assessed,low,TRUE,medium_ecology_triage
Influenza (H5N1 avian influenza),Alphainfluenzavirus influenzae (H5N1),Alphainfluenzavirus influenzae (H5N1),2955291,Corvus ossifragus,349685,aves,passeriformes,corvidae,TRUE,TRUE,both,in_gibb_etal=TRUE; in_empres_i=TRUE; deferred_broad_vesiculovirus=FALSE,Alphainfluenzavirus influenzae (H5N1),Influenza (H5N1 avian influenza),PCR/Sequencing,VIRION,1,FALSE,FALSE,TRUE,FALSE,FALSE,FALSE,host_present_in_system,host appears in canonical WHO disease-pathogen-host backbone; role-specific reservoir/amplifier/incidental/dead-end evidence not assessed,low,TRUE,medium_ecology_triage
Influenza (H5N1 avian influenza),Alphainfluenzavirus influenzae (H5N1),Alphainfluenzavirus influenzae (H5N1),11320; 2955291,Corvus splendens,701737,aves,passeriformes,corvidae,TRUE,TRUE,both,in_gibb_etal=TRUE; in_empres_i=TRUE; deferred_broad_vesiculovirus=FALSE,Alphainfluenzavirus influenzae (H5N1),Influenza (H5N1 avian influenza),PCR/Sequencing,VIRION,2,FALSE,FALSE,TRUE,FALSE,FALSE,FALSE,host_present_in_system,host appears in canonical WHO disease-pathogen-host backbone; role-specific reservoir/amplifier/incidental/dead-end evidence not assessed,low,TRUE,medium_ecology_triage
Influenza (H5N1 avian influenza),Alphainfluenzavirus influenzae (H5N1),Alphainfluenzavirus influenzae (H5N1),2955291,Cyanocitta cristata,28727,aves,passeriformes,corvidae,TRUE,TRUE,both,in_gibb_etal=TRUE; in_empres_i=TRUE; deferred_broad_vesiculovirus=FALSE,Alphainfluenzavirus influenzae (H5N1),Influenza (H5N1 avian influenza),PCR/Sequencing,VIRION,1,FALSE,FALSE,TRUE,FALSE,FALSE,FALSE,host_present_in_system,host appears in canonical WHO disease-pathogen-host backbone; role-specific reservoir/amplifier/incidental/dead-end evidence not assessed,low,TRUE,medium_ecology_triage
Influenza (H5N1 avian influenza),Alphainfluenzavirus influenzae (H5N1),Alphainfluenzavirus influenzae (H5N1),2955291,Drymotoxeres pucheranii,761979,aves,passeriformes,furnariidae,TRUE,TRUE,both,in_gibb_etal=TRUE; in_empres_i=TRUE; deferred_broad_vesiculovirus=FALSE,Alphainfluenzavirus influenzae (H5N1),Influenza (H5N1 avian influenza),PCR/Sequencing,VIRION,1,FALSE,FALSE,TRUE,FALSE,FALSE,FALSE,host_present_in_system,host appears in canonical WHO disease-pathogen-host backbone; role-specific reservoir/amplifier/incidental/dead-end evidence not assessed,low,TRUE,medium_ecology_triage
Influenza (H5N1 avian influenza),Alphainfluenzavirus influenzae (H5N1),Alphainfluenzavirus influenzae (H5N1),2955291,Emberiza spodocephala,125294,aves,passeriformes,emberizidae,TRUE,TRUE,both,in_gibb_etal=TRUE; in_empres_i=TRUE; deferred_broad_vesiculovirus=FALSE,Alphainfluenzavirus influenzae (H5N1),Influenza (H5N1 avian influenza),PCR/Sequencing,VIRION,1,FALSE,FALSE,TRUE,FALSE,FALSE,FALSE,host_present_in_system,host appears in canonical WHO disease-pathogen-host backbone; role-specific reservoir/amplifier/incidental/dead-end evidence not assessed,low,TRUE,medium_ecology_triage
Influenza (H5N1 avian influenza),Alphainfluenzavirus influenzae (H5N1),Alphainfluenzavirus influenzae (H5N1),11320; 2955291,Empidonax alnorum,209618,aves,passeriformes,tyrannidae,TRUE,TRUE,both,in_gibb_etal=TRUE; in_empres_i=TRUE; deferred_broad_vesiculovirus=FALSE,Alphainfluenzavirus influenzae (H5N1),Influenza (H5N1 avian influenza),PCR/Sequencing,VIRION,2,FALSE,FALSE,TRUE,FALSE,FALSE,FALSE,host_present_in_system,host appears in canonical WHO disease-pathogen-host backbone; role-specific reservoir/amplifier/incidental/dead-end evidence not assessed,low,TRUE,medium_ecology_triage
Influenza (H5N1 avian influenza),Alphainfluenzavirus influenzae (H5N1),Alphainfluenzavirus influenzae (H5N1),11320; 2955291,Empidonax difficilis,183525,aves,passeriformes,tyrannidae,TRUE,TRUE,both,in_gibb_etal=TRUE; in_empres_i=TRUE; deferred_broad_vesiculovirus=FALSE,Alphainfluenzavirus influenzae (H5N1),Influenza (H5N1 avian influenza),PCR/Sequencing,VIRION,2,FALSE,FALSE,TRUE,FALSE,FALSE,FALSE,host_present_in_system,host appears in canonical WHO disease-pathogen-host backbone; role-specific reservoir/amplifier/incidental/dead-end evidence not assessed,low,TRUE,medium_ecology_triage
Influenza (H5N1 avian influenza),Alphainfluenzavirus influenzae (H5N1),Alphainfluenzavirus influenzae (H5N1),2955291,Fringilla montifringilla,36255,aves,passeriformes,fringillidae,TRUE,TRUE,both,in_gibb_etal=TRUE; in_empres_i=TRUE; deferred_broad_vesiculovirus=FALSE,Alphainfluenzavirus influenzae (H5N1),Influenza (H5N1 avian influenza),PCR/Sequencing,VIRION,1,FALSE,FALSE,TRUE,FALSE,FALSE,FALSE,host_present_in_system,host appears in canonical WHO disease-pathogen-host backbone; role-specific reservoir/amplifier/incidental/dead-end evidence not assessed,low,TRUE,medium_ecology_triage
Influenza (H5N1 avian influenza),Alphainfluenzavirus influenzae (H5N1),Alphainfluenzavirus influenzae (H5N1),2955291,Garrulax canorus,238855,aves,passeriformes,leiotrichidae,TRUE,TRUE,both,in_gibb_etal=TRUE; in_empres_i=TRUE; deferred_broad_vesiculovirus=FALSE,Alphainfluenzavirus influenzae (H5N1),Influenza (H5N1 avian influenza),PCR/Sequencing,VIRION,1,FALSE,FALSE,TRUE,FALSE,FALSE,FALSE,host_present_in_system,host appears in canonical WHO disease-pathogen-host backbone; role-specific reservoir/amplifier/incidental/dead-end evidence not assessed,low,TRUE,medium_ecology_triage
Influenza (H5N1 avian influenza),Alphainfluenzavirus influenzae (H5N1),Alphainfluenzavirus influenzae (H5N1),11320; 2955291,Geothlypis tolmiei,142474,aves,passeriformes,parulidae,TRUE,TRUE,both,in_gibb_etal=TRUE; in_empres_i=TRUE; deferred_broad_vesiculovirus=FALSE,Alphainfluenzavirus influenzae (H5N1),Influenza (H5N1 avian influenza),PCR/Sequencing,VIRION,2,FALSE,FALSE,TRUE,FALSE,FALSE,FALSE,host_present_in_system,host appears in canonical WHO disease-pathogen-host backbone; role-specific reservoir/amplifier/incidental/dead-end evidence not assessed,low,TRUE,medium_ecology_triage
Influenza (H5N1 avian influenza),Alphainfluenzavirus influenzae (H5N1),Alphainfluenzavirus influenzae (H5N1),2955291,Gracula religiosa,116992,aves,passeriformes,sturnidae,TRUE,TRUE,both,in_gibb_etal=TRUE; in_empres_i=TRUE; deferred_broad_vesiculovirus=FALSE,Alphainfluenzavirus influenzae (H5N1),Influenza (H5N1 avian influenza),PCR/Sequencing,VIRION,1,FALSE,FALSE,TRUE,FALSE,FALSE,FALSE,host_present_in_system,host appears in canonical WHO disease-pathogen-host backbone; role-specific reservoir/amplifier/incidental/dead-end evidence not assessed,low,TRUE,medium_ecology_triage
Influenza (H5N1 avian influenza),Alphainfluenzavirus influenzae (H5N1),Alphainfluenzavirus influenzae (H5N1),2955291,Hirundo rustica,43150,aves,passeriformes,hirundinidae,TRUE,TRUE,both,in_gibb_etal=TRUE; in_empres_i=TRUE; deferred_broad_vesiculovirus=FALSE,Alphainfluenzavirus influenzae (H5N1),Influenza (H5N1 avian influenza),PCR/Sequencing,VIRION,1,FALSE,FALSE,TRUE,FALSE,FALSE,FALSE,host_present_in_system,host appears in canonical WHO disease-pathogen-host backbone; role-specific reservoir/amplifier/incidental/dead-end evidence not assessed,low,TRUE,medium_ecology_triage
Influenza (H5N1 avian influenza),Alphainfluenzavirus influenzae (H5N1),Alphainfluenzavirus influenzae (H5N1),11320; 2955291,Icteria virens,135437,aves,passeriformes,icteridae,TRUE,TRUE,both,in_gibb_etal=TRUE; in_empres_i=TRUE; deferred_broad_vesiculovirus=FALSE,Alphainfluenzavirus influenzae (H5N1),Influenza (H5N1 avian influenza),PCR/Sequencing,VIRION,2,FALSE,FALSE,TRUE,FALSE,FALSE,FALSE,host_present_in_system,host appears in canonical WHO disease-pathogen-host backbone; role-specific reservoir/amplifier/incidental/dead-end evidence not assessed,low,TRUE,medium_ecology_triage
Influenza (H5N1 avian influenza),Alphainfluenzavirus influenzae (H5N1),Alphainfluenzavirus influenzae (H5N1),2955291,Junco hyemalis,40217,aves,passeriformes,passerellidae,TRUE,TRUE,both,in_gibb_etal=TRUE; in_empres_i=TRUE; deferred_broad_vesiculovirus=FALSE,Alphainfluenzavirus influenzae (H5N1),Influenza (H5N1 avian influenza),PCR/Sequencing,VIRION,1,FALSE,FALSE,TRUE,FALSE,FALSE,FALSE,host_present_in_system,host appears in canonical WHO disease-pathogen-host backbone; role-specific reservoir/amplifier/incidental/dead-end evidence not assessed,low,TRUE,medium_ecology_triage
Influenza (H5N1 avian influenza),Alphainfluenzavirus influenzae (H5N1),Alphainfluenzavirus influenzae (H5N1),11320; 2955291,Lanius schach,276763,aves,passeriformes,laniidae,TRUE,TRUE,both,in_gibb_etal=TRUE; in_empres_i=TRUE; deferred_broad_vesiculovirus=FALSE,Alphainfluenzavirus influenzae (H5N1),Influenza (H5N1 avian influenza),PCR/Sequencing,VIRION,2,FALSE,FALSE,TRUE,FALSE,FALSE,FALSE,host_present_in_system,host appears in canonical WHO disease-pathogen-host backbone; role-specific reservoir/amplifier/incidental/dead-end evidence not assessed,low,TRUE,medium_ecology_triage
Influenza (H5N1 avian influenza),Alphainfluenzavirus influenzae (H5N1),Alphainfluenzavirus influenzae (H5N1),11320; 2955291,Leiothrix argentauris,201335,aves,passeriformes,leiotrichidae,TRUE,TRUE,both,in_gibb_etal=TRUE; in_empres_i=TRUE; deferred_broad_vesiculovirus=FALSE,Alphainfluenzavirus influenzae (H5N1),Influenza (H5N1 avian influenza),PCR/Sequencing,VIRION,2,FALSE,FALSE,TRUE,FALSE,FALSE,FALSE,host_present_in_system,host appears in canonical WHO disease-pathogen-host backbone; role-specific reservoir/amplifier/incidental/dead-end evidence not assessed,low,TRUE,medium_ecology_triage
Influenza (H5N1 avian influenza),Alphainfluenzavirus influenzae (H5N1),Alphainfluenzavirus influenzae (H5N1),11320; 2955291,Leiothrix lutea,36275,aves,passeriformes,leiotrichidae,TRUE,TRUE,both,in_gibb_etal=TRUE; in_empres_i=TRUE; deferred_broad_vesiculovirus=FALSE,Alphainfluenzavirus influenzae (H5N1),Influenza (H5N1 avian influenza),PCR/Sequencing,VIRION,2,FALSE,FALSE,TRUE,FALSE,FALSE,FALSE,host_present_in_system,host appears in canonical WHO disease-pathogen-host backbone; role-specific reservoir/amplifier/incidental/dead-end evidence not assessed,low,TRUE,medium_ecology_triage
Influenza (H5N1 avian influenza),Alphainfluenzavirus influenzae (H5N1),Alphainfluenzavirus influenzae (H5N1),2955291,Linaria flavirostris,90717,aves,passeriformes,fringillidae,TRUE,TRUE,both,in_gibb_etal=TRUE; in_empres_i=TRUE; deferred_broad_vesiculovirus=FALSE,Alphainfluenzavirus influenzae (H5N1),Influenza (H5N1 avian influenza),PCR/Sequencing,VIRION,1,FALSE,FALSE,TRUE,FALSE,FALSE,FALSE,host_present_in_system,host appears in canonical WHO disease-pathogen-host backbone; role-specific reservoir/amplifier/incidental/dead-end evidence not assessed,low,TRUE,medium_ecology_triage
Influenza (H5N1 avian influenza),Alphainfluenzavirus influenzae (H5N1),Alphainfluenzavirus influenzae (H5N1),2955291,Lonchura atricapilla,1036803,aves,passeriformes,estrildidae,TRUE,TRUE,both,in_gibb_etal=TRUE; in_empres_i=TRUE; deferred_broad_vesiculovirus=FALSE,Alphainfluenzavirus influenzae (H5N1),Influenza (H5N1 avian influenza),PCR/Sequencing,VIRION,1,FALSE,FALSE,TRUE,FALSE,FALSE,FALSE,host_present_in_system,host appears in canonical WHO disease-pathogen-host backbone; role-specific reservoir/amplifier/incidental/dead-end evidence not assessed,low,TRUE,medium_ecology_triage
Influenza (H5N1 avian influenza),Alphainfluenzavirus influenzae (H5N1),Alphainfluenzavirus influenzae (H5N1),2955291,Lonchura punctulata,414892,aves,passeriformes,estrildidae,TRUE,TRUE,both,in_gibb_etal=TRUE; in_empres_i=TRUE; deferred_broad_vesiculovirus=FALSE,Alphainfluenzavirus influenzae (H5N1),Influenza (H5N1 avian influenza),PCR/Sequencing,VIRION,1,FALSE,FALSE,TRUE,FALSE,FALSE,FALSE,host_present_in_system,host appears in canonical WHO disease-pathogen-host backbone; role-specific reservoir/amplifier/incidental/dead-end evidence not assessed,low,TRUE,medium_ecology_triage
Influenza (H5N1 avian influenza),Alphainfluenzavirus influenzae (H5N1),Alphainfluenzavirus influenzae (H5N1),11320; 2955291,Lonchura striata,40157,aves,passeriformes,estrildidae,TRUE,TRUE,both,in_gibb_etal=TRUE; in_empres_i=TRUE; deferred_broad_vesiculovirus=FALSE,Alphainfluenzavirus influenzae (H5N1),Influenza (H5N1 avian influenza),PCR/Sequencing,VIRION,2,FALSE,FALSE,TRUE,FALSE,FALSE,FALSE,host_present_in_system,host appears in canonical WHO disease-pathogen-host backbone; role-specific reservoir/amplifier/incidental/dead-end evidence not assessed,low,TRUE,medium_ecology_triage
Influenza (H5N1 avian influenza),Alphainfluenzavirus influenzae (H5N1),Alphainfluenzavirus influenzae (H5N1),11320; 2955291,Melospiza melodia,44397,aves,passeriformes,passerellidae,TRUE,TRUE,both,in_gibb_etal=TRUE; in_empres_i=TRUE; deferred_broad_vesiculovirus=FALSE,Alphainfluenzavirus influenzae (H5N1),Influenza (H5N1 avian influenza),PCR/Sequencing,VIRION,2,FALSE,FALSE,TRUE,FALSE,FALSE,FALSE,host_present_in_system,host appears in canonical WHO disease-pathogen-host backbone; role-specific reservoir/amplifier/incidental/dead-end evidence not assessed,low,TRUE,medium_ecology_triage
Influenza (H5N1 avian influenza),Alphainfluenzavirus influenzae (H5N1),Alphainfluenzavirus influenzae (H5N1),2955291,Montifringilla henrici,2557930,aves,passeriformes,passeridae,TRUE,TRUE,both,in_gibb_etal=TRUE; in_empres_i=TRUE; deferred_broad_vesiculovirus=FALSE,Alphainfluenzavirus influenzae (H5N1),Influenza (H5N1 avian influenza),PCR/Sequencing,VIRION,1,FALSE,FALSE,TRUE,FALSE,FALSE,FALSE,host_present_in_system,host appears in canonical WHO disease-pathogen-host backbone; role-specific reservoir/amplifier/incidental/dead-end evidence not assessed,low,TRUE,medium_ecology_triage
Influenza (H5N1 avian influenza),Alphainfluenzavirus influenzae (H5N1),Alphainfluenzavirus influenzae (H5N1),2955291,Motacilla alba,45807,aves,passeriformes,motacillidae,TRUE,TRUE,both,in_gibb_etal=TRUE; in_empres_i=TRUE; deferred_broad_vesiculovirus=FALSE,Alphainfluenzavirus influenzae (H5N1),Influenza (H5N1 avian influenza),PCR/Sequencing,VIRION,1,FALSE,FALSE,TRUE,FALSE,FALSE,FALSE,host_present_in_system,host appears in canonical WHO disease-pathogen-host backbone; role-specific reservoir/amplifier/incidental/dead-end evidence not assessed,low,TRUE,medium_ecology_triage
Influenza (H5N1 avian influenza),Alphainfluenzavirus influenzae (H5N1),Alphainfluenzavirus influenzae (H5N1),2955291,Oenanthe isabellina,358819,aves,passeriformes,muscicapidae,TRUE,TRUE,both,in_gibb_etal=TRUE; in_empres_i=TRUE; deferred_broad_vesiculovirus=FALSE,Alphainfluenzavirus influenzae (H5N1),Influenza (H5N1 avian influenza),PCR/Sequencing,VIRION,1,FALSE,FALSE,TRUE,FALSE,FALSE,FALSE,host_present_in_system,host appears in canonical WHO disease-pathogen-host backbone; role-specific reservoir/amplifier/incidental/dead-end evidence not assessed,low,TRUE,medium_ecology_triage
Influenza (H5N1 avian influenza),Alphainfluenzavirus influenzae (H5N1),Alphainfluenzavirus influenzae (H5N1),11320; 2955291,Parkesia noveboracensis,182947,aves,passeriformes,parulidae,TRUE,TRUE,both,in_gibb_etal=TRUE; in_empres_i=TRUE; deferred_broad_vesiculovirus=FALSE,Alphainfluenzavirus influenzae (H5N1),Influenza (H5N1 avian influenza),PCR/Sequencing,VIRION,2,FALSE,FALSE,TRUE,FALSE,FALSE,FALSE,host_present_in_system,host appears in canonical WHO disease-pathogen-host backbone; role-specific reservoir/amplifier/incidental/dead-end evidence not assessed,low,TRUE,medium_ecology_triage
Influenza (H5N1 avian influenza),Alphainfluenzavirus influenzae (H5N1),Alphainfluenzavirus influenzae (H5N1),2955291,Parus major,9157,aves,passeriformes,paridae,TRUE,TRUE,both,in_gibb_etal=TRUE; in_empres_i=TRUE; deferred_broad_vesiculovirus=FALSE,Alphainfluenzavirus influenzae (H5N1),Influenza (H5N1 avian influenza),PCR/Sequencing,VIRION,1,FALSE,FALSE,TRUE,FALSE,FALSE,FALSE,host_present_in_system,host appears in canonical WHO disease-pathogen-host backbone; role-specific reservoir/amplifier/incidental/dead-end evidence not assessed,low,TRUE,medium_ecology_triage
Influenza (H5N1 avian influenza),Alphainfluenzavirus influenzae (H5N1),Alphainfluenzavirus influenzae (H5N1),11320; 2955291,Passer domesticus,48849,aves,passeriformes,passeridae,TRUE,TRUE,both,in_gibb_etal=TRUE; in_empres_i=TRUE; deferred_broad_vesiculovirus=FALSE,Alphainfluenzavirus influenzae (H5N1),Influenza (H5N1 avian influenza),PCR/Sequencing,VIRION,2,FALSE,FALSE,TRUE,FALSE,FALSE,FALSE,host_present_in_system,host appears in canonical WHO disease-pathogen-host backbone; role-specific reservoir/amplifier/incidental/dead-end evidence not assessed,low,TRUE,medium_ecology_triage
Influenza (H5N1 avian influenza),Alphainfluenzavirus influenzae (H5N1),Alphainfluenzavirus influenzae (H5N1),11320; 2955291,Passer montanus,9160,aves,passeriformes,passeridae,TRUE,TRUE,both,in_gibb_etal=TRUE; in_empres_i=TRUE; deferred_broad_vesiculovirus=FALSE,Alphainfluenzavirus influenzae (H5N1),Influenza (H5N1 avian influenza),Isolation/Observation; PCR/Sequencing; PCR/Sequencing,VIRION,2,FALSE,FALSE,TRUE,FALSE,FALSE,FALSE,host_present_in_system,host appears in canonical WHO disease-pathogen-host backbone; role-specific reservoir/amplifier/incidental/dead-end evidence not assessed,low,TRUE,medium_ecology_triage
Influenza (H5N1 avian influenza),Alphainfluenzavirus influenzae (H5N1),Alphainfluenzavirus influenzae (H5N1),11320; 2955291,Passerella iliaca,44389,aves,passeriformes,passerellidae,TRUE,TRUE,both,in_gibb_etal=TRUE; in_empres_i=TRUE; deferred_broad_vesiculovirus=FALSE,Alphainfluenzavirus influenzae (H5N1),Influenza (H5N1 avian influenza),PCR/Sequencing,VIRION,2,FALSE,FALSE,TRUE,FALSE,FALSE,FALSE,host_present_in_system,host appears in canonical WHO disease-pathogen-host backbone; role-specific reservoir/amplifier/incidental/dead-end evidence not assessed,low,TRUE,medium_ecology_triage
Influenza (H5N1 avian influenza),Alphainfluenzavirus influenzae (H5N1),Alphainfluenzavirus influenzae (H5N1),2955291,Pica hudsonia,158052,aves,passeriformes,corvidae,TRUE,TRUE,both,in_gibb_etal=TRUE; in_empres_i=TRUE; deferred_broad_vesiculovirus=FALSE,Alphainfluenzavirus influenzae (H5N1),Influenza (H5N1 avian influenza),PCR/Sequencing,VIRION,1,FALSE,FALSE,TRUE,FALSE,FALSE,FALSE,host_present_in_system,host appears in canonical WHO disease-pathogen-host backbone; role-specific reservoir/amplifier/incidental/dead-end evidence not assessed,low,TRUE,medium_ecology_triage
Influenza (H5N1 avian influenza),Alphainfluenzavirus influenzae (H5N1),Alphainfluenzavirus influenzae (H5N1),11320; 2955291,Pica pica,34924,aves,passeriformes,corvidae,TRUE,TRUE,both,in_gibb_etal=TRUE; in_empres_i=TRUE; deferred_broad_vesiculovirus=FALSE,Alphainfluenzavirus influenzae (H5N1),Influenza (H5N1 avian influenza),PCR/Sequencing,VIRION,2,FALSE,FALSE,TRUE,FALSE,FALSE,FALSE,host_present_in_system,host appears in canonical WHO disease-pathogen-host backbone; role-specific reservoir/amplifier/incidental/dead-end evidence not assessed,low,TRUE,medium_ecology_triage
Influenza (H5N1 avian influenza),Alphainfluenzavirus influenzae (H5N1),Alphainfluenzavirus influenzae (H5N1),11320; 2955291,Piranga ludoviciana,63520,aves,passeriformes,cardinalidae,TRUE,TRUE,both,in_gibb_etal=TRUE; in_empres_i=TRUE; deferred_broad_vesiculovirus=FALSE,Alphainfluenzavirus influenzae (H5N1),Influenza (H5N1 avian influenza),PCR/Sequencing,VIRION,2,FALSE,FALSE,TRUE,FALSE,FALSE,FALSE,host_present_in_system,host appears in canonical WHO disease-pathogen-host backbone; role-specific reservoir/amplifier/incidental/dead-end evidence not assessed,low,TRUE,medium_ecology_triage
Influenza (H5N1 avian influenza),Alphainfluenzavirus influenzae (H5N1),Alphainfluenzavirus influenzae (H5N1),2955291,Quiscalus mexicanus,64278,aves,passeriformes,icteridae,TRUE,TRUE,both,in_gibb_etal=TRUE; in_empres_i=TRUE; deferred_broad_vesiculovirus=FALSE,Alphainfluenzavirus influenzae (H5N1),Influenza (H5N1 avian influenza),PCR/Sequencing,VIRION,1,FALSE,FALSE,TRUE,FALSE,FALSE,FALSE,host_present_in_system,host appears in canonical WHO disease-pathogen-host backbone; role-specific reservoir/amplifier/incidental/dead-end evidence not assessed,low,TRUE,medium_ecology_triage
Influenza (H5N1 avian influenza),Alphainfluenzavirus influenzae (H5N1),Alphainfluenzavirus influenzae (H5N1),2955291,Quiscalus quiscula,84782,aves,passeriformes,icteridae,TRUE,TRUE,both,in_gibb_etal=TRUE; in_empres_i=TRUE; deferred_broad_vesiculovirus=FALSE,Alphainfluenzavirus influenzae (H5N1),Influenza (H5N1 avian influenza),PCR/Sequencing,VIRION,1,FALSE,FALSE,TRUE,FALSE,FALSE,FALSE,host_present_in_system,host appears in canonical WHO disease-pathogen-host backbone; role-specific reservoir/amplifier/incidental/dead-end evidence not assessed,low,TRUE,medium_ecology_triage
Influenza (H5N1 avian influenza),Alphainfluenzavirus influenzae (H5N1),Alphainfluenzavirus influenzae (H5N1),11320; 2955291,Regulus satrapa,13245,aves,passeriformes,regulidae,TRUE,TRUE,both,in_gibb_etal=TRUE; in_empres_i=TRUE; deferred_broad_vesiculovirus=FALSE,Alphainfluenzavirus influenzae (H5N1),Influenza (H5N1 avian influenza),PCR/Sequencing,VIRION,2,FALSE,FALSE,TRUE,FALSE,FALSE,FALSE,host_present_in_system,host appears in canonical WHO disease-pathogen-host backbone; role-specific reservoir/amplifier/incidental/dead-end evidence not assessed,low,TRUE,medium_ecology_triage
Influenza (H5N1 avian influenza),Alphainfluenzavirus influenzae (H5N1),Alphainfluenzavirus influenzae (H5N1),2955291,Saxicola torquatus,230656,aves,passeriformes,muscicapidae,TRUE,TRUE,both,in_gibb_etal=TRUE; in_empres_i=TRUE; deferred_broad_vesiculovirus=FALSE,Alphainfluenzavirus influenzae (H5N1),Influenza (H5N1 avian influenza),PCR/Sequencing,VIRION,1,FALSE,FALSE,TRUE,FALSE,FALSE,FALSE,host_present_in_system,host appears in canonical WHO disease-pathogen-host backbone; role-specific reservoir/amplifier/incidental/dead-end evidence not assessed,low,TRUE,medium_ecology_triage
Influenza (H5N1 avian influenza),Alphainfluenzavirus influenzae (H5N1),Alphainfluenzavirus influenzae (H5N1),2955291,Setophaga auduboni,1037455,aves,passeriformes,parulidae,TRUE,TRUE,both,in_gibb_etal=TRUE; in_empres_i=TRUE; deferred_broad_vesiculovirus=FALSE,Alphainfluenzavirus influenzae (H5N1),Influenza (H5N1 avian influenza),PCR/Sequencing,VIRION,1,FALSE,FALSE,TRUE,FALSE,FALSE,FALSE,host_present_in_system,host appears in canonical WHO disease-pathogen-host backbone; role-specific reservoir/amplifier/incidental/dead-end evidence not assessed,low,TRUE,medium_ecology_triage
Influenza (H5N1 avian influenza),Alphainfluenzavirus influenzae (H5N1),Alphainfluenzavirus influenzae (H5N1),11320; 2955291,Spodiopsar sericeus,3151063,aves,passeriformes,sturnidae,TRUE,TRUE,both,in_gibb_etal=TRUE; in_empres_i=TRUE; deferred_broad_vesiculovirus=FALSE,Alphainfluenzavirus influenzae (H5N1),Influenza (H5N1 avian influenza),PCR/Sequencing,VIRION,2,FALSE,FALSE,TRUE,FALSE,FALSE,FALSE,host_present_in_system,host appears in canonical WHO disease-pathogen-host backbone; role-specific reservoir/amplifier/incidental/dead-end evidence not assessed,low,TRUE,medium_ecology_triage
Influenza (H5N1 avian influenza),Alphainfluenzavirus influenzae (H5N1),Alphainfluenzavirus influenzae (H5N1),11320; 2955291,Sturnus vulgaris,9172,aves,passeriformes,sturnidae,TRUE,TRUE,both,in_gibb_etal=TRUE; in_empres_i=TRUE; deferred_broad_vesiculovirus=FALSE,Alphainfluenzavirus influenzae (H5N1),Influenza (H5N1 avian influenza),PCR/Sequencing,VIRION,2,FALSE,FALSE,TRUE,FALSE,FALSE,FALSE,host_present_in_system,host appears in canonical WHO disease-pathogen-host backbone; role-specific reservoir/amplifier/incidental/dead-end evidence not assessed,low,TRUE,medium_ecology_triage
Influenza (H5N1 avian influenza),Alphainfluenzavirus influenzae (H5N1),Alphainfluenzavirus influenzae (H5N1),11320; 2955291,Thryomanes bewickii,241536,aves,passeriformes,troglodytidae,TRUE,TRUE,both,in_gibb_etal=TRUE; in_empres_i=TRUE; deferred_broad_vesiculovirus=FALSE,Alphainfluenzavirus influenzae (H5N1),Influenza (H5N1 avian influenza),PCR/Sequencing,VIRION,2,FALSE,FALSE,TRUE,FALSE,FALSE,FALSE,host_present_in_system,host appears in canonical WHO disease-pathogen-host backbone; role-specific reservoir/amplifier/incidental/dead-end evidence not assessed,low,TRUE,medium_ecology_triage
Influenza (H5N1 avian influenza),Alphainfluenzavirus influenzae (H5N1),Alphainfluenzavirus influenzae (H5N1),2955291,Turdus merula,9187,aves,passeriformes,turdidae,TRUE,TRUE,both,in_gibb_etal=TRUE; in_empres_i=TRUE; deferred_broad_vesiculovirus=FALSE,Alphainfluenzavirus influenzae (H5N1),Influenza (H5N1 avian influenza),PCR/Sequencing,VIRION,1,FALSE,FALSE,TRUE,FALSE,FALSE,FALSE,host_present_in_system,host appears in canonical WHO disease-pathogen-host backbone; role-specific reservoir/amplifier/incidental/dead-end evidence not assessed,low,TRUE,medium_ecology_triage
Influenza (H5N1 avian influenza),Alphainfluenzavirus influenzae (H5N1),Alphainfluenzavirus influenzae (H5N1),11320; 2955291,Turdus migratorius,9188,aves,passeriformes,turdidae,TRUE,TRUE,both,in_gibb_etal=TRUE; in_empres_i=TRUE; deferred_broad_vesiculovirus=FALSE,Alphainfluenzavirus influenzae (H5N1),Influenza (H5N1 avian influenza),PCR/Sequencing,VIRION,2,FALSE,FALSE,TRUE,FALSE,FALSE,FALSE,host_present_in_system,host appears in canonical WHO disease-pathogen-host backbone; role-specific reservoir/amplifier/incidental/dead-end evidence not assessed,low,TRUE,medium_ecology_triage
Influenza (H5N1 avian influenza),Alphainfluenzavirus influenzae (H5N1),Alphainfluenzavirus influenzae (H5N1),2955291,Turdus pilaris,357736,aves,passeriformes,turdidae,TRUE,TRUE,both,in_gibb_etal=TRUE; in_empres_i=TRUE; deferred_broad_vesiculovirus=FALSE,Alphainfluenzavirus influenzae (H5N1),Influenza (H5N1 avian influenza),PCR/Sequencing,VIRION,1,FALSE,FALSE,TRUE,FALSE,FALSE,FALSE,host_present_in_system,host appears in canonical WHO disease-pathogen-host backbone; role-specific reservoir/amplifier/incidental/dead-end evidence not assessed,low,TRUE,medium_ecology_triage
Influenza (H5N1 avian influenza),Alphainfluenzavirus influenzae (H5N1),Alphainfluenzavirus influenzae (H5N1),2955291,Urocissa erythroryncha,56796,aves,passeriformes,corvidae,TRUE,TRUE,both,in_gibb_etal=TRUE; in_empres_i=TRUE; deferred_broad_vesiculovirus=FALSE,Alphainfluenzavirus influenzae (H5N1),Influenza (H5N1 avian influenza),PCR/Sequencing,VIRION,1,FALSE,FALSE,TRUE,FALSE,FALSE,FALSE,host_present_in_system,host appears in canonical WHO disease-pathogen-host backbone; role-specific reservoir/amplifier/incidental/dead-end evidence not assessed,low,TRUE,medium_ecology_triage
Influenza (H5N1 avian influenza),Alphainfluenzavirus influenzae (H5N1),Alphainfluenzavirus influenzae (H5N1),2955291,Zoothera dauma,36288,aves,passeriformes,turdidae,TRUE,TRUE,both,in_gibb_etal=TRUE; in_empres_i=TRUE; deferred_broad_vesiculovirus=FALSE,Alphainfluenzavirus influenzae (H5N1),Influenza (H5N1 avian influenza),PCR/Sequencing,VIRION,1,FALSE,FALSE,TRUE,FALSE,FALSE,FALSE,host_present_in_system,host appears in canonical WHO disease-pathogen-host backbone; role-specific reservoir/amplifier/incidental/dead-end evidence not assessed,low,TRUE,medium_ecology_triage
Influenza (H5N1 avian influenza),Alphainfluenzavirus influenzae (H5N1),Alphainfluenzavirus influenzae (H5N1),11320; 2955291,Zosterops japonicus,36299,aves,passeriformes,zosteropidae,TRUE,TRUE,both,in_gibb_etal=TRUE; in_empres_i=TRUE; deferred_broad_vesiculovirus=FALSE,Alphainfluenzavirus influenzae (H5N1),Influenza (H5N1 avian influenza),PCR/Sequencing,VIRION,2,FALSE,FALSE,TRUE,FALSE,FALSE,FALSE,host_present_in_system,host appears in canonical WHO disease-pathogen-host backbone; role-specific reservoir/amplifier/incidental/dead-end evidence not assessed,low,TRUE,medium_ecology_triage
Influenza (H5N1 avian influenza),Alphainfluenzavirus influenzae (H5N1),Alphainfluenzavirus influenzae (H5N1),11320; 2955291,Ardea alba,110620,aves,pelecaniformes,ardeidae,TRUE,TRUE,both,in_gibb_etal=TRUE; in_empres_i=TRUE; deferred_broad_vesiculovirus=FALSE,Alphainfluenzavirus influenzae (H5N1),Influenza (H5N1 avian influenza),PCR/Sequencing,VIRION,2,FALSE,FALSE,TRUE,FALSE,FALSE,FALSE,host_present_in_system,host appears in canonical WHO disease-pathogen-host backbone; role-specific reservoir/amplifier/incidental/dead-end evidence not assessed,low,TRUE,medium_ecology_triage
Influenza (H5N1 avian influenza),Alphainfluenzavirus influenzae (H5N1),Alphainfluenzavirus influenzae (H5N1),11320; 2955291,Ardea cinerea,30390,aves,pelecaniformes,ardeidae,TRUE,TRUE,both,in_gibb_etal=TRUE; in_empres_i=TRUE; deferred_broad_vesiculovirus=FALSE,Alphainfluenzavirus influenzae (H5N1),Influenza (H5N1 avian influenza),PCR/Sequencing,VIRION,2,FALSE,FALSE,TRUE,FALSE,FALSE,FALSE,host_present_in_system,host appears in canonical WHO disease-pathogen-host backbone; role-specific reservoir/amplifier/incidental/dead-end evidence not assessed,low,TRUE,medium_ecology_triage
Influenza (H5N1 avian influenza),Alphainfluenzavirus influenzae (H5N1),Alphainfluenzavirus influenzae (H5N1),2955291,Ardea herodias,56072,aves,pelecaniformes,ardeidae,TRUE,TRUE,both,in_gibb_etal=TRUE; in_empres_i=TRUE; deferred_broad_vesiculovirus=FALSE,Alphainfluenzavirus influenzae (H5N1),Influenza (H5N1 avian influenza),PCR/Sequencing,VIRION,1,FALSE,FALSE,TRUE,FALSE,FALSE,FALSE,host_present_in_system,host appears in canonical WHO disease-pathogen-host backbone; role-specific reservoir/amplifier/incidental/dead-end evidence not assessed,low,TRUE,medium_ecology_triage
Influenza (H5N1 avian influenza),Alphainfluenzavirus influenzae (H5N1),Alphainfluenzavirus influenzae (H5N1),2955291,Ardea purpurea,188373,aves,pelecaniformes,ardeidae,TRUE,TRUE,both,in_gibb_etal=TRUE; in_empres_i=TRUE; deferred_broad_vesiculovirus=FALSE,Alphainfluenzavirus influenzae (H5N1),Influenza (H5N1 avian influenza),PCR/Sequencing,VIRION,1,FALSE,FALSE,TRUE,FALSE,FALSE,FALSE,host_present_in_system,host appears in canonical WHO disease-pathogen-host backbone; role-specific reservoir/amplifier/incidental/dead-end evidence not assessed,low,TRUE,medium_ecology_triage
Influenza (H5N1 avian influenza),Alphainfluenzavirus influenzae (H5N1),Alphainfluenzavirus influenzae (H5N1),2955291,Ardeola bacchus,188375,aves,pelecaniformes,ardeidae,TRUE,TRUE,both,in_gibb_etal=TRUE; in_empres_i=TRUE; deferred_broad_vesiculovirus=FALSE,Alphainfluenzavirus influenzae (H5N1),Influenza (H5N1 avian influenza),PCR/Sequencing,VIRION,1,FALSE,FALSE,TRUE,FALSE,FALSE,FALSE,host_present_in_system,host appears in canonical WHO disease-pathogen-host backbone; role-specific reservoir/amplifier/incidental/dead-end evidence not assessed,low,TRUE,medium_ecology_triage
Influenza (H5N1 avian influenza),Alphainfluenzavirus influenzae (H5N1),Alphainfluenzavirus influenzae (H5N1),2955291,Bubulcus ibis,110668,aves,pelecaniformes,ardeidae,TRUE,TRUE,both,in_gibb_etal=TRUE; in_empres_i=TRUE; deferred_broad_vesiculovirus=FALSE,Alphainfluenzavirus influenzae (H5N1),Influenza (H5N1 avian influenza),PCR/Sequencing,VIRION,1,FALSE,FALSE,TRUE,FALSE,FALSE,FALSE,host_present_in_system,host appears in canonical WHO disease-pathogen-host backbone; role-specific reservoir/amplifier/incidental/dead-end evidence not assessed,low,TRUE,medium_ecology_triage
Influenza (H5N1 avian influenza),Alphainfluenzavirus influenzae (H5N1),Alphainfluenzavirus influenzae (H5N1),2955291,Butorides striata,433628,aves,pelecaniformes,ardeidae,TRUE,TRUE,both,in_gibb_etal=TRUE; in_empres_i=TRUE; deferred_broad_vesiculovirus=FALSE,Alphainfluenzavirus influenzae (H5N1),Influenza (H5N1 avian influenza),PCR/Sequencing,VIRION,1,FALSE,FALSE,TRUE,FALSE,FALSE,FALSE,host_present_in_system,host appears in canonical WHO disease-pathogen-host backbone; role-specific reservoir/amplifier/incidental/dead-end evidence not assessed,low,TRUE,medium_ecology_triage
Influenza (H5N1 avian influenza),Alphainfluenzavirus influenzae (H5N1),Alphainfluenzavirus influenzae (H5N1),11320; 2955291,Egretta garzetta,188379,aves,pelecaniformes,ardeidae,TRUE,TRUE,both,in_gibb_etal=TRUE; in_empres_i=TRUE; deferred_broad_vesiculovirus=FALSE,Alphainfluenzavirus influenzae (H5N1),Influenza (H5N1 avian influenza),PCR/Sequencing,VIRION,2,FALSE,FALSE,TRUE,FALSE,FALSE,FALSE,host_present_in_system,host appears in canonical WHO disease-pathogen-host backbone; role-specific reservoir/amplifier/incidental/dead-end evidence not assessed,low,TRUE,medium_ecology_triage
Influenza (H5N1 avian influenza),Alphainfluenzavirus influenzae (H5N1),Alphainfluenzavirus influenzae (H5N1),2955291,Egretta thula,110681,aves,pelecaniformes,ardeidae,TRUE,TRUE,both,in_gibb_etal=TRUE; in_empres_i=TRUE; deferred_broad_vesiculovirus=FALSE,Alphainfluenzavirus influenzae (H5N1),Influenza (H5N1 avian influenza),PCR/Sequencing,VIRION,1,FALSE,FALSE,TRUE,FALSE,FALSE,FALSE,host_present_in_system,host appears in canonical WHO disease-pathogen-host backbone; role-specific reservoir/amplifier/incidental/dead-end evidence not assessed,low,TRUE,medium_ecology_triage
Influenza (H5N1 avian influenza),Alphainfluenzavirus influenzae (H5N1),Alphainfluenzavirus influenzae (H5N1),2955291,Ixobrychus eurhythmus,670346,aves,pelecaniformes,ardeidae,TRUE,TRUE,both,in_gibb_etal=TRUE; in_empres_i=TRUE; deferred_broad_vesiculovirus=FALSE,Alphainfluenzavirus influenzae (H5N1),Influenza (H5N1 avian influenza),PCR/Sequencing,VIRION,1,FALSE,FALSE,TRUE,FALSE,FALSE,FALSE,host_present_in_system,host appears in canonical WHO disease-pathogen-host backbone; role-specific reservoir/amplifier/incidental/dead-end evidence not assessed,low,TRUE,medium_ecology_triage
Influenza (H5N1 avian influenza),Alphainfluenzavirus influenzae (H5N1),Alphainfluenzavirus influenzae (H5N1),2955291,Nycticorax nycticorax,8901,aves,pelecaniformes,ardeidae,TRUE,TRUE,both,in_gibb_etal=TRUE; in_empres_i=TRUE; deferred_broad_vesiculovirus=FALSE,Alphainfluenzavirus influenzae (H5N1),Influenza (H5N1 avian influenza),PCR/Sequencing,VIRION,1,FALSE,FALSE,TRUE,FALSE,FALSE,FALSE,host_present_in_system,host appears in canonical WHO disease-pathogen-host backbone; role-specific reservoir/amplifier/incidental/dead-end evidence not assessed,low,TRUE,medium_ecology_triage
Influenza (H5N1 avian influenza),Alphainfluenzavirus influenzae (H5N1),Alphainfluenzavirus influenzae (H5N1),2955291,Pelecanus crispus,36300,aves,pelecaniformes,pelecanidae,TRUE,TRUE,both,in_gibb_etal=TRUE; in_empres_i=TRUE; deferred_broad_vesiculovirus=FALSE,Alphainfluenzavirus influenzae (H5N1),Influenza (H5N1 avian influenza),PCR/Sequencing,VIRION,1,FALSE,FALSE,TRUE,FALSE,FALSE,FALSE,host_present_in_system,host appears in canonical WHO disease-pathogen-host backbone; role-specific reservoir/amplifier/incidental/dead-end evidence not assessed,low,TRUE,medium_ecology_triage
Influenza (H5N1 avian influenza),Alphainfluenzavirus influenzae (H5N1),Alphainfluenzavirus influenzae (H5N1),11320; 2955291,Pelecanus erythrorhynchos,33618,aves,pelecaniformes,pelecanidae,TRUE,TRUE,both,in_gibb_etal=TRUE; in_empres_i=TRUE; deferred_broad_vesiculovirus=FALSE,Alphainfluenzavirus influenzae (H5N1),Influenza (H5N1 avian influenza),PCR/Sequencing,VIRION,2,FALSE,FALSE,TRUE,FALSE,FALSE,FALSE,host_present_in_system,host appears in canonical WHO disease-pathogen-host backbone; role-specific reservoir/amplifier/incidental/dead-end evidence not assessed,low,TRUE,medium_ecology_triage
Influenza (H5N1 avian influenza),Alphainfluenzavirus influenzae (H5N1),Alphainfluenzavirus influenzae (H5N1),2955291,Pelecanus occidentalis,37043,aves,pelecaniformes,pelecanidae,TRUE,TRUE,both,in_gibb_etal=TRUE; in_empres_i=TRUE; deferred_broad_vesiculovirus=FALSE,Alphainfluenzavirus influenzae (H5N1),Influenza (H5N1 avian influenza),PCR/Sequencing,VIRION,1,FALSE,FALSE,TRUE,FALSE,FALSE,FALSE,host_present_in_system,host appears in canonical WHO disease-pathogen-host backbone; role-specific reservoir/amplifier/incidental/dead-end evidence not assessed,low,TRUE,medium_ecology_triage
Influenza (H5N1 avian influenza),Alphainfluenzavirus influenzae (H5N1),Alphainfluenzavirus influenzae (H5N1),2955291,Pelecanus thagus,1108811,aves,pelecaniformes,pelecanidae,TRUE,TRUE,both,in_gibb_etal=TRUE; in_empres_i=TRUE; deferred_broad_vesiculovirus=FALSE,Alphainfluenzavirus influenzae (H5N1),Influenza (H5N1 avian influenza),PCR/Sequencing,VIRION,1,FALSE,FALSE,TRUE,FALSE,FALSE,FALSE,host_present_in_system,host appears in canonical WHO disease-pathogen-host backbone; role-specific reservoir/amplifier/incidental/dead-end evidence not assessed,low,TRUE,medium_ecology_triage
Influenza (H5N1 avian influenza),Alphainfluenzavirus influenzae (H5N1),Alphainfluenzavirus influenzae (H5N1),2955291,Plegadis chihi,302533,aves,pelecaniformes,threskiornithidae,TRUE,TRUE,both,in_gibb_etal=TRUE; in_empres_i=TRUE; deferred_broad_vesiculovirus=FALSE,Alphainfluenzavirus influenzae (H5N1),Influenza (H5N1 avian influenza),PCR/Sequencing,VIRION,1,FALSE,FALSE,TRUE,FALSE,FALSE,FALSE,host_present_in_system,host appears in canonical WHO disease-pathogen-host backbone; role-specific reservoir/amplifier/incidental/dead-end evidence not assessed,low,TRUE,medium_ecology_triage
Influenza (H5N1 avian influenza),Alphainfluenzavirus influenzae (H5N1),Alphainfluenzavirus influenzae (H5N1),2955291,Plegadis falcinellus,52788,aves,pelecaniformes,threskiornithidae,TRUE,TRUE,both,in_gibb_etal=TRUE; in_empres_i=TRUE; deferred_broad_vesiculovirus=FALSE,Alphainfluenzavirus influenzae (H5N1),Influenza (H5N1 avian influenza),PCR/Sequencing,VIRION,1,FALSE,FALSE,TRUE,FALSE,FALSE,FALSE,host_present_in_system,host appears in canonical WHO disease-pathogen-host backbone; role-specific reservoir/amplifier/incidental/dead-end evidence not assessed,low,TRUE,medium_ecology_triage
Influenza (H5N1 avian influenza),Alphainfluenzavirus influenzae (H5N1),Alphainfluenzavirus influenzae (H5N1),2955291,Threskiornis aethiopicus,100858,aves,pelecaniformes,threskiornithidae,TRUE,TRUE,both,in_gibb_etal=TRUE; in_empres_i=TRUE; deferred_broad_vesiculovirus=FALSE,Alphainfluenzavirus influenzae (H5N1),Influenza (H5N1 avian influenza),PCR/Sequencing,VIRION,1,FALSE,FALSE,TRUE,FALSE,FALSE,FALSE,host_present_in_system,host appears in canonical WHO disease-pathogen-host backbone; role-specific reservoir/amplifier/incidental/dead-end evidence not assessed,low,TRUE,medium_ecology_triage
Influenza (H5N1 avian influenza),Alphainfluenzavirus influenzae (H5N1),Alphainfluenzavirus influenzae (H5N1),2955291,Phoenicopterus chilensis,117000,aves,phoenicopteriformes,phoenicopteridae,TRUE,TRUE,both,in_gibb_etal=TRUE; in_empres_i=TRUE; deferred_broad_vesiculovirus=FALSE,Alphainfluenzavirus influenzae (H5N1),Influenza (H5N1 avian influenza),PCR/Sequencing,VIRION,1,FALSE,FALSE,TRUE,FALSE,FALSE,FALSE,host_present_in_system,host appears in canonical WHO disease-pathogen-host backbone; role-specific reservoir/amplifier/incidental/dead-end evidence not assessed,low,TRUE,medium_ecology_triage
Influenza (H5N1 avian influenza),Alphainfluenzavirus influenzae (H5N1),Alphainfluenzavirus influenzae (H5N1),2955291,Phoenicopterus roseus,435638,aves,phoenicopteriformes,phoenicopteridae,TRUE,TRUE,both,in_gibb_etal=TRUE; in_empres_i=TRUE; deferred_broad_vesiculovirus=FALSE,Alphainfluenzavirus influenzae (H5N1),Influenza (H5N1 avian influenza),PCR/Sequencing,VIRION,1,FALSE,FALSE,TRUE,FALSE,FALSE,FALSE,host_present_in_system,host appears in canonical WHO disease-pathogen-host backbone; role-specific reservoir/amplifier/incidental/dead-end evidence not assessed,low,TRUE,medium_ecology_triage
Influenza (H5N1 avian influenza),Alphainfluenzavirus influenzae (H5N1),Alphainfluenzavirus influenzae (H5N1),11320; 2955291,Phoenicopterus ruber,9217,aves,phoenicopteriformes,phoenicopteridae,TRUE,TRUE,both,in_gibb_etal=TRUE; in_empres_i=TRUE; deferred_broad_vesiculovirus=FALSE,Alphainfluenzavirus influenzae (H5N1),Influenza (H5N1 avian influenza),PCR/Sequencing,VIRION,2,FALSE,FALSE,TRUE,FALSE,FALSE,FALSE,host_present_in_system,host appears in canonical WHO disease-pathogen-host backbone; role-specific reservoir/amplifier/incidental/dead-end evidence not assessed,low,TRUE,medium_ecology_triage
Influenza (H5N1 avian influenza),Alphainfluenzavirus influenzae (H5N1),Alphainfluenzavirus influenzae (H5N1),11320; 2955291,Aechmophorus occidentalis,57236,aves,podicipediformes,podicipedidae,TRUE,TRUE,both,in_gibb_etal=TRUE; in_empres_i=TRUE; deferred_broad_vesiculovirus=FALSE,Alphainfluenzavirus influenzae (H5N1),Influenza (H5N1 avian influenza),PCR/Sequencing,VIRION,2,FALSE,FALSE,TRUE,FALSE,FALSE,FALSE,host_present_in_system,host appears in canonical WHO disease-pathogen-host backbone; role-specific reservoir/amplifier/incidental/dead-end evidence not assessed,low,TRUE,medium_ecology_triage
Influenza (H5N1 avian influenza),Alphainfluenzavirus influenzae (H5N1),Alphainfluenzavirus influenzae (H5N1),2955291,Podiceps auritus,37050,aves,podicipediformes,podicipedidae,TRUE,TRUE,both,in_gibb_etal=TRUE; in_empres_i=TRUE; deferred_broad_vesiculovirus=FALSE,Alphainfluenzavirus influenzae (H5N1),Influenza (H5N1 avian influenza),PCR/Sequencing,VIRION,1,FALSE,FALSE,TRUE,FALSE,FALSE,FALSE,host_present_in_system,host appears in canonical WHO disease-pathogen-host backbone; role-specific reservoir/amplifier/incidental/dead-end evidence not assessed,low,TRUE,medium_ecology_triage
Influenza (H5N1 avian influenza),Alphainfluenzavirus influenzae (H5N1),Alphainfluenzavirus influenzae (H5N1),11320; 2955291,Podiceps cristatus,345573,aves,podicipediformes,podicipedidae,TRUE,TRUE,both,in_gibb_etal=TRUE; in_empres_i=TRUE; deferred_broad_vesiculovirus=FALSE,Alphainfluenzavirus influenzae (H5N1),Influenza (H5N1 avian influenza),PCR/Sequencing,VIRION,2,FALSE,FALSE,TRUE,FALSE,FALSE,FALSE,host_present_in_system,host appears in canonical WHO disease-pathogen-host backbone; role-specific reservoir/amplifier/incidental/dead-end evidence not assessed,low,TRUE,medium_ecology_triage
Influenza (H5N1 avian influenza),Alphainfluenzavirus influenzae (H5N1),Alphainfluenzavirus influenzae (H5N1),2955291,Podiceps grisegena,80367,aves,podicipediformes,podicipedidae,TRUE,TRUE,both,in_gibb_etal=TRUE; in_empres_i=TRUE; deferred_broad_vesiculovirus=FALSE,Alphainfluenzavirus influenzae (H5N1),Influenza (H5N1 avian influenza),PCR/Sequencing,VIRION,1,FALSE,FALSE,TRUE,FALSE,FALSE,FALSE,host_present_in_system,host appears in canonical WHO disease-pathogen-host backbone; role-specific reservoir/amplifier/incidental/dead-end evidence not assessed,low,TRUE,medium_ecology_triage
Influenza (H5N1 avian influenza),Alphainfluenzavirus influenzae (H5N1),Alphainfluenzavirus influenzae (H5N1),2955291,Podiceps major,555330,aves,podicipediformes,podicipedidae,TRUE,TRUE,both,in_gibb_etal=TRUE; in_empres_i=TRUE; deferred_broad_vesiculovirus=FALSE,Alphainfluenzavirus influenzae (H5N1),Influenza (H5N1 avian influenza),PCR/Sequencing,VIRION,1,FALSE,FALSE,TRUE,FALSE,FALSE,FALSE,host_present_in_system,host appears in canonical WHO disease-pathogen-host backbone; role-specific reservoir/amplifier/incidental/dead-end evidence not assessed,low,TRUE,medium_ecology_triage
Influenza (H5N1 avian influenza),Alphainfluenzavirus influenzae (H5N1),Alphainfluenzavirus influenzae (H5N1),11320; 2955291,Tachybaptus ruficollis,100828,aves,podicipediformes,podicipedidae,TRUE,TRUE,both,in_gibb_etal=TRUE; in_empres_i=TRUE; deferred_broad_vesiculovirus=FALSE,Alphainfluenzavirus influenzae (H5N1),Influenza (H5N1 avian influenza),PCR/Sequencing,VIRION,2,FALSE,FALSE,TRUE,FALSE,FALSE,FALSE,host_present_in_system,host appears in canonical WHO disease-pathogen-host backbone; role-specific reservoir/amplifier/incidental/dead-end evidence not assessed,low,TRUE,medium_ecology_triage
Influenza (H5N1 avian influenza),Alphainfluenzavirus influenzae (H5N1),Alphainfluenzavirus influenzae (H5N1),2955291,Ardenna gravis,37051,aves,procellariiformes,procellariidae,TRUE,TRUE,both,in_gibb_etal=TRUE; in_empres_i=TRUE; deferred_broad_vesiculovirus=FALSE,Alphainfluenzavirus influenzae (H5N1),Influenza (H5N1 avian influenza),PCR/Sequencing,VIRION,1,FALSE,FALSE,TRUE,FALSE,FALSE,FALSE,host_present_in_system,host appears in canonical WHO disease-pathogen-host backbone; role-specific reservoir/amplifier/incidental/dead-end evidence not assessed,low,TRUE,medium_ecology_triage
Influenza (H5N1 avian influenza),Alphainfluenzavirus influenzae (H5N1),Alphainfluenzavirus influenzae (H5N1),11320; 2955291,Ardenna pacifica,48683,aves,procellariiformes,procellariidae,TRUE,TRUE,both,in_gibb_etal=TRUE; in_empres_i=TRUE; deferred_broad_vesiculovirus=FALSE,Alphainfluenzavirus influenzae (H5N1),Influenza (H5N1 avian influenza),Antibodies; PCR/Sequencing; PCR/Sequencing,VIRION,2,FALSE,FALSE,TRUE,FALSE,FALSE,FALSE,host_present_in_system,host appears in canonical WHO disease-pathogen-host backbone; role-specific reservoir/amplifier/incidental/dead-end evidence not assessed,low,TRUE,medium_ecology_triage
Influenza (H5N1 avian influenza),Alphainfluenzavirus influenzae (H5N1),Alphainfluenzavirus influenzae (H5N1),2955291,Fulmarus glacialis,30455,aves,procellariiformes,procellariidae,TRUE,TRUE,both,in_gibb_etal=TRUE; in_empres_i=TRUE; deferred_broad_vesiculovirus=FALSE,Alphainfluenzavirus influenzae (H5N1),Influenza (H5N1 avian influenza),PCR/Sequencing,VIRION,1,FALSE,FALSE,TRUE,FALSE,FALSE,FALSE,host_present_in_system,host appears in canonical WHO disease-pathogen-host backbone; role-specific reservoir/amplifier/incidental/dead-end evidence not assessed,low,TRUE,medium_ecology_triage
Influenza (H5N1 avian influenza),Alphainfluenzavirus influenzae (H5N1),Alphainfluenzavirus influenzae (H5N1),2955291,Procellaria aequinoctialis,53665,aves,procellariiformes,procellariidae,TRUE,TRUE,both,in_gibb_etal=TRUE; in_empres_i=TRUE; deferred_broad_vesiculovirus=FALSE,Alphainfluenzavirus influenzae (H5N1),Influenza (H5N1 avian influenza),PCR/Sequencing,VIRION,1,FALSE,FALSE,TRUE,FALSE,FALSE,FALSE,host_present_in_system,host appears in canonical WHO disease-pathogen-host backbone; role-specific reservoir/amplifier/incidental/dead-end evidence not assessed,low,TRUE,medium_ecology_triage
Influenza (H5N1 avian influenza),Alphainfluenzavirus influenzae (H5N1),Alphainfluenzavirus influenzae (H5N1),2955291,Amazona albifrons,241569,aves,psittaciformes,psittacidae,TRUE,TRUE,both,in_gibb_etal=TRUE; in_empres_i=TRUE; deferred_broad_vesiculovirus=FALSE,Alphainfluenzavirus influenzae (H5N1),Influenza (H5N1 avian influenza),PCR/Sequencing,VIRION,1,FALSE,FALSE,TRUE,FALSE,FALSE,FALSE,host_present_in_system,host appears in canonical WHO disease-pathogen-host backbone; role-specific reservoir/amplifier/incidental/dead-end evidence not assessed,low,TRUE,medium_ecology_triage
Influenza (H5N1 avian influenza),Alphainfluenzavirus influenzae (H5N1),Alphainfluenzavirus influenzae (H5N1),11320,Amazona autumnalis,151759,aves,psittaciformes,psittacidae,TRUE,TRUE,both,in_gibb_etal=TRUE; in_empres_i=TRUE; deferred_broad_vesiculovirus=FALSE,Alphainfluenzavirus influenzae (H5N1),Influenza (H5N1 avian influenza),Isolation/Observation,VIRION,1,FALSE,FALSE,TRUE,FALSE,FALSE,FALSE,host_present_in_system,host appears in canonical WHO disease-pathogen-host backbone; role-specific reservoir/amplifier/incidental/dead-end evidence not assessed,low,TRUE,medium_ecology_triage
Influenza (H5N1 avian influenza),Alphainfluenzavirus influenzae (H5N1),Alphainfluenzavirus influenzae (H5N1),2955291,Amazona oratrix,152276,aves,psittaciformes,psittacidae,TRUE,TRUE,both,in_gibb_etal=TRUE; in_empres_i=TRUE; deferred_broad_vesiculovirus=FALSE,Alphainfluenzavirus influenzae (H5N1),Influenza (H5N1 avian influenza),PCR/Sequencing,VIRION,1,FALSE,FALSE,TRUE,FALSE,FALSE,FALSE,host_present_in_system,host appears in canonical WHO disease-pathogen-host backbone; role-specific reservoir/amplifier/incidental/dead-end evidence not assessed,low,TRUE,medium_ecology_triage
Influenza (H5N1 avian influenza),Alphainfluenzavirus influenzae (H5N1),Alphainfluenzavirus influenzae (H5N1),2955291,Enicognathus leptorhynchus,345190,aves,psittaciformes,psittacidae,TRUE,TRUE,both,in_gibb_etal=TRUE; in_empres_i=TRUE; deferred_broad_vesiculovirus=FALSE,Alphainfluenzavirus influenzae (H5N1),Influenza (H5N1 avian influenza),PCR/Sequencing,VIRION,1,FALSE,FALSE,TRUE,FALSE,FALSE,FALSE,host_present_in_system,host appears in canonical WHO disease-pathogen-host backbone; role-specific reservoir/amplifier/incidental/dead-end evidence not assessed,low,TRUE,medium_ecology_triage
Influenza (H5N1 avian influenza),Alphainfluenzavirus influenzae (H5N1),Alphainfluenzavirus influenzae (H5N1),2955291,Myiopsitta monachus,176066,aves,psittaciformes,psittacidae,TRUE,TRUE,both,in_gibb_etal=TRUE; in_empres_i=TRUE; deferred_broad_vesiculovirus=FALSE,Alphainfluenzavirus influenzae (H5N1),Influenza (H5N1 avian influenza),PCR/Sequencing,VIRION,1,FALSE,FALSE,TRUE,FALSE,FALSE,FALSE,host_present_in_system,host appears in canonical WHO disease-pathogen-host backbone; role-specific reservoir/amplifier/incidental/dead-end evidence not assessed,low,TRUE,medium_ecology_triage
Influenza (H5N1 avian influenza),Alphainfluenzavirus influenzae (H5N1),Alphainfluenzavirus influenzae (H5N1),11320; 2955291,Pionus menstruus,13214,aves,psittaciformes,psittacidae,TRUE,TRUE,both,in_gibb_etal=TRUE; in_empres_i=TRUE; deferred_broad_vesiculovirus=FALSE,Alphainfluenzavirus influenzae (H5N1),Influenza (H5N1 avian influenza),PCR/Sequencing,VIRION,2,FALSE,FALSE,TRUE,FALSE,FALSE,FALSE,host_present_in_system,host appears in canonical WHO disease-pathogen-host backbone; role-specific reservoir/amplifier/incidental/dead-end evidence not assessed,low,TRUE,medium_ecology_triage
Influenza (H5N1 avian influenza),Alphainfluenzavirus influenzae (H5N1),Alphainfluenzavirus influenzae (H5N1),2955291,Syrrhaptes paradoxus,302527,aves,pterocliformes,pteroclidae,TRUE,TRUE,both,in_gibb_etal=TRUE; in_empres_i=TRUE; deferred_broad_vesiculovirus=FALSE,Alphainfluenzavirus influenzae (H5N1),Influenza (H5N1 avian influenza),PCR/Sequencing,VIRION,1,FALSE,FALSE,TRUE,FALSE,FALSE,FALSE,host_present_in_system,host appears in canonical WHO disease-pathogen-host backbone; role-specific reservoir/amplifier/incidental/dead-end evidence not assessed,low,TRUE,medium_ecology_triage
Influenza (H5N1 avian influenza),Alphainfluenzavirus influenzae (H5N1),Alphainfluenzavirus influenzae (H5N1),2955291,Pygoscelis adeliae,9238,aves,sphenisciformes,spheniscidae,TRUE,TRUE,both,in_gibb_etal=TRUE; in_empres_i=TRUE; deferred_broad_vesiculovirus=FALSE,Alphainfluenzavirus influenzae (H5N1),Influenza (H5N1 avian influenza),PCR/Sequencing,VIRION,1,FALSE,FALSE,TRUE,FALSE,FALSE,FALSE,host_present_in_system,host appears in canonical WHO disease-pathogen-host backbone; role-specific reservoir/amplifier/incidental/dead-end evidence not assessed,low,TRUE,medium_ecology_triage
Influenza (H5N1 avian influenza),Alphainfluenzavirus influenzae (H5N1),Alphainfluenzavirus influenzae (H5N1),2955291,Pygoscelis antarcticus,79643,aves,sphenisciformes,spheniscidae,TRUE,TRUE,both,in_gibb_etal=TRUE; in_empres_i=TRUE; deferred_broad_vesiculovirus=FALSE,Alphainfluenzavirus influenzae (H5N1),Influenza (H5N1 avian influenza),PCR/Sequencing,VIRION,1,FALSE,FALSE,TRUE,FALSE,FALSE,FALSE,host_present_in_system,host appears in canonical WHO disease-pathogen-host backbone; role-specific reservoir/amplifier/incidental/dead-end evidence not assessed,low,TRUE,medium_ecology_triage
Influenza (H5N1 avian influenza),Alphainfluenzavirus influenzae (H5N1),Alphainfluenzavirus influenzae (H5N1),2955291,Pygoscelis papua,30457,aves,sphenisciformes,spheniscidae,TRUE,TRUE,both,in_gibb_etal=TRUE; in_empres_i=TRUE; deferred_broad_vesiculovirus=FALSE,Alphainfluenzavirus influenzae (H5N1),Influenza (H5N1 avian influenza),PCR/Sequencing,VIRION,1,FALSE,FALSE,TRUE,FALSE,FALSE,FALSE,host_present_in_system,host appears in canonical WHO disease-pathogen-host backbone; role-specific reservoir/amplifier/incidental/dead-end evidence not assessed,low,TRUE,medium_ecology_triage
Influenza (H5N1 avian influenza),Alphainfluenzavirus influenzae (H5N1),Alphainfluenzavirus influenzae (H5N1),2955291,Spheniscus demersus,92683,aves,sphenisciformes,spheniscidae,TRUE,TRUE,both,in_gibb_etal=TRUE; in_empres_i=TRUE; deferred_broad_vesiculovirus=FALSE,Alphainfluenzavirus influenzae (H5N1),Influenza (H5N1 avian influenza),PCR/Sequencing,VIRION,1,FALSE,FALSE,TRUE,FALSE,FALSE,FALSE,host_present_in_system,host appears in canonical WHO disease-pathogen-host backbone; role-specific reservoir/amplifier/incidental/dead-end evidence not assessed,low,TRUE,medium_ecology_triage
Influenza (H5N1 avian influenza),Alphainfluenzavirus influenzae (H5N1),Alphainfluenzavirus influenzae (H5N1),2955291,Spheniscus humboldti,9240,aves,sphenisciformes,spheniscidae,TRUE,TRUE,both,in_gibb_etal=TRUE; in_empres_i=TRUE; deferred_broad_vesiculovirus=FALSE,Alphainfluenzavirus influenzae (H5N1),Influenza (H5N1 avian influenza),PCR/Sequencing,VIRION,1,FALSE,FALSE,TRUE,FALSE,FALSE,FALSE,host_present_in_system,host appears in canonical WHO disease-pathogen-host backbone; role-specific reservoir/amplifier/incidental/dead-end evidence not assessed,low,TRUE,medium_ecology_triage
Influenza (H5N1 avian influenza),Alphainfluenzavirus influenzae (H5N1),Alphainfluenzavirus influenzae (H5N1),2955291,Asio flammeus,56267,aves,strigiformes,strigidae,TRUE,TRUE,both,in_gibb_etal=TRUE; in_empres_i=TRUE; deferred_broad_vesiculovirus=FALSE,Alphainfluenzavirus influenzae (H5N1),Influenza (H5N1 avian influenza),PCR/Sequencing,VIRION,1,FALSE,FALSE,TRUE,FALSE,FALSE,FALSE,host_present_in_system,host appears in canonical WHO disease-pathogen-host backbone; role-specific reservoir/amplifier/incidental/dead-end evidence not assessed,low,TRUE,medium_ecology_triage
Influenza (H5N1 avian influenza),Alphainfluenzavirus influenzae (H5N1),Alphainfluenzavirus influenzae (H5N1),2955291,Asio otus,111810,aves,strigiformes,strigidae,TRUE,TRUE,both,in_gibb_etal=TRUE; in_empres_i=TRUE; deferred_broad_vesiculovirus=FALSE,Alphainfluenzavirus influenzae (H5N1),Influenza (H5N1 avian influenza),PCR/Sequencing,VIRION,1,FALSE,FALSE,TRUE,FALSE,FALSE,FALSE,host_present_in_system,host appears in canonical WHO disease-pathogen-host backbone; role-specific reservoir/amplifier/incidental/dead-end evidence not assessed,low,TRUE,medium_ecology_triage
Influenza (H5N1 avian influenza),Alphainfluenzavirus influenzae (H5N1),Alphainfluenzavirus influenzae (H5N1),2955291,Athene cunicularia,194338,aves,strigiformes,strigidae,TRUE,TRUE,both,in_gibb_etal=TRUE; in_empres_i=TRUE; deferred_broad_vesiculovirus=FALSE,Alphainfluenzavirus influenzae (H5N1),Influenza (H5N1 avian influenza),PCR/Sequencing,VIRION,1,FALSE,FALSE,TRUE,FALSE,FALSE,FALSE,host_present_in_system,host appears in canonical WHO disease-pathogen-host backbone; role-specific reservoir/amplifier/incidental/dead-end evidence not assessed,low,TRUE,medium_ecology_triage
Influenza (H5N1 avian influenza),Alphainfluenzavirus influenzae (H5N1),Alphainfluenzavirus influenzae (H5N1),2955291,Athene noctua,126797,aves,strigiformes,strigidae,TRUE,TRUE,both,in_gibb_etal=TRUE; in_empres_i=TRUE; deferred_broad_vesiculovirus=FALSE,Alphainfluenzavirus influenzae (H5N1),Influenza (H5N1 avian influenza),PCR/Sequencing,VIRION,1,FALSE,FALSE,TRUE,FALSE,FALSE,FALSE,host_present_in_system,host appears in canonical WHO disease-pathogen-host backbone; role-specific reservoir/amplifier/incidental/dead-end evidence not assessed,low,TRUE,medium_ecology_triage
Influenza (H5N1 avian influenza),Alphainfluenzavirus influenzae (H5N1),Alphainfluenzavirus influenzae (H5N1),2955291,Bubo bubo,30461,aves,strigiformes,strigidae,TRUE,TRUE,both,in_gibb_etal=TRUE; in_empres_i=TRUE; deferred_broad_vesiculovirus=FALSE,Alphainfluenzavirus influenzae (H5N1),Influenza (H5N1 avian influenza),PCR/Sequencing,VIRION,1,FALSE,FALSE,TRUE,FALSE,FALSE,FALSE,host_present_in_system,host appears in canonical WHO disease-pathogen-host backbone; role-specific reservoir/amplifier/incidental/dead-end evidence not assessed,low,TRUE,medium_ecology_triage
Influenza (H5N1 avian influenza),Alphainfluenzavirus influenzae (H5N1),Alphainfluenzavirus influenzae (H5N1),11320; 2955291,Bubo scandiacus,371907,aves,strigiformes,strigidae,TRUE,TRUE,both,in_gibb_etal=TRUE; in_empres_i=TRUE; deferred_broad_vesiculovirus=FALSE,Alphainfluenzavirus influenzae (H5N1),Influenza (H5N1 avian influenza),Isolation/Observation; PCR/Sequencing,VIRION,2,FALSE,FALSE,TRUE,FALSE,FALSE,FALSE,host_present_in_system,host appears in canonical WHO disease-pathogen-host backbone; role-specific reservoir/amplifier/incidental/dead-end evidence not assessed,low,TRUE,medium_ecology_triage
Influenza (H5N1 avian influenza),Alphainfluenzavirus influenzae (H5N1),Alphainfluenzavirus influenzae (H5N1),2955291,Bubo virginianus,56268,aves,strigiformes,strigidae,TRUE,TRUE,both,in_gibb_etal=TRUE; in_empres_i=TRUE; deferred_broad_vesiculovirus=FALSE,Alphainfluenzavirus influenzae (H5N1),Influenza (H5N1 avian influenza),PCR/Sequencing,VIRION,1,FALSE,FALSE,TRUE,FALSE,FALSE,FALSE,host_present_in_system,host appears in canonical WHO disease-pathogen-host backbone; role-specific reservoir/amplifier/incidental/dead-end evidence not assessed,low,TRUE,medium_ecology_triage
Influenza (H5N1 avian influenza),Alphainfluenzavirus influenzae (H5N1),Alphainfluenzavirus influenzae (H5N1),2955291,Megascops choliba,507958,aves,strigiformes,strigidae,TRUE,TRUE,both,in_gibb_etal=TRUE; in_empres_i=TRUE; deferred_broad_vesiculovirus=FALSE,Alphainfluenzavirus influenzae (H5N1),Influenza (H5N1 avian influenza),PCR/Sequencing,VIRION,1,FALSE,FALSE,TRUE,FALSE,FALSE,FALSE,host_present_in_system,host appears in canonical WHO disease-pathogen-host backbone; role-specific reservoir/amplifier/incidental/dead-end evidence not assessed,low,TRUE,medium_ecology_triage
Influenza (H5N1 avian influenza),Alphainfluenzavirus influenzae (H5N1),Alphainfluenzavirus influenzae (H5N1),2955291,Strix aluco,111821,aves,strigiformes,strigidae,TRUE,TRUE,both,in_gibb_etal=TRUE; in_empres_i=TRUE; deferred_broad_vesiculovirus=FALSE,Alphainfluenzavirus influenzae (H5N1),Influenza (H5N1 avian influenza),PCR/Sequencing,VIRION,1,FALSE,FALSE,TRUE,FALSE,FALSE,FALSE,host_present_in_system,host appears in canonical WHO disease-pathogen-host backbone; role-specific reservoir/amplifier/incidental/dead-end evidence not assessed,low,TRUE,medium_ecology_triage
Influenza (H5N1 avian influenza),Alphainfluenzavirus influenzae (H5N1),Alphainfluenzavirus influenzae (H5N1),2955291,Strix nebulosa,126836,aves,strigiformes,strigidae,TRUE,TRUE,both,in_gibb_etal=TRUE; in_empres_i=TRUE; deferred_broad_vesiculovirus=FALSE,Alphainfluenzavirus influenzae (H5N1),Influenza (H5N1 avian influenza),PCR/Sequencing,VIRION,1,FALSE,FALSE,TRUE,FALSE,FALSE,FALSE,host_present_in_system,host appears in canonical WHO disease-pathogen-host backbone; role-specific reservoir/amplifier/incidental/dead-end evidence not assessed,low,TRUE,medium_ecology_triage
Influenza (H5N1 avian influenza),Alphainfluenzavirus influenzae (H5N1),Alphainfluenzavirus influenzae (H5N1),2955291,Strix uralensis,36305,aves,strigiformes,strigidae,TRUE,TRUE,both,in_gibb_etal=TRUE; in_empres_i=TRUE; deferred_broad_vesiculovirus=FALSE,Alphainfluenzavirus influenzae (H5N1),Influenza (H5N1 avian influenza),PCR/Sequencing,VIRION,1,FALSE,FALSE,TRUE,FALSE,FALSE,FALSE,host_present_in_system,host appears in canonical WHO disease-pathogen-host backbone; role-specific reservoir/amplifier/incidental/dead-end evidence not assessed,low,TRUE,medium_ecology_triage
Influenza (H5N1 avian influenza),Alphainfluenzavirus influenzae (H5N1),Alphainfluenzavirus influenzae (H5N1),2955291,Tyto alba,56313,aves,strigiformes,tytonidae,TRUE,TRUE,both,in_gibb_etal=TRUE; in_empres_i=TRUE; deferred_broad_vesiculovirus=FALSE,Alphainfluenzavirus influenzae (H5N1),Influenza (H5N1 avian influenza),PCR/Sequencing,VIRION,1,FALSE,FALSE,TRUE,FALSE,FALSE,FALSE,host_present_in_system,host appears in canonical WHO disease-pathogen-host backbone; role-specific reservoir/amplifier/incidental/dead-end evidence not assessed,low,TRUE,medium_ecology_triage
Influenza (H5N1 avian influenza),Alphainfluenzavirus influenzae (H5N1),Alphainfluenzavirus influenzae (H5N1),11320; 2955291,Dromaius novaehollandiae,8790,aves,struthioniformes,casuariidae,TRUE,TRUE,both,in_gibb_etal=TRUE; in_empres_i=TRUE; deferred_broad_vesiculovirus=FALSE,Alphainfluenzavirus influenzae (H5N1),Influenza (H5N1 avian influenza),PCR/Sequencing,VIRION,2,FALSE,FALSE,TRUE,FALSE,FALSE,FALSE,host_present_in_system,host appears in canonical WHO disease-pathogen-host backbone; role-specific reservoir/amplifier/incidental/dead-end evidence not assessed,low,TRUE,medium_ecology_triage
Influenza (H5N1 avian influenza),Alphainfluenzavirus influenzae (H5N1),Alphainfluenzavirus influenzae (H5N1),2955291,Rhynchotus rufescens,30466,aves,struthioniformes,tinamidae,TRUE,TRUE,both,in_gibb_etal=TRUE; in_empres_i=TRUE; deferred_broad_vesiculovirus=FALSE,Alphainfluenzavirus influenzae (H5N1),Influenza (H5N1 avian influenza),PCR/Sequencing,VIRION,1,FALSE,FALSE,TRUE,FALSE,FALSE,FALSE,host_present_in_system,host appears in canonical WHO disease-pathogen-host backbone; role-specific reservoir/amplifier/incidental/dead-end evidence not assessed,low,TRUE,medium_ecology_triage
Influenza (H5N1 avian influenza),Alphainfluenzavirus influenzae (H5N1),Alphainfluenzavirus influenzae (H5N1),11320; 2955291,Struthio camelus,8801,aves,struthioniformes,struthionidae,TRUE,TRUE,both,in_gibb_etal=TRUE; in_empres_i=TRUE; deferred_broad_vesiculovirus=FALSE,Alphainfluenzavirus influenzae (H5N1),Influenza (H5N1 avian influenza),Isolation/Observation; Not specified; PCR/Sequencing; PCR/Sequencing,VIRION,2,FALSE,FALSE,TRUE,FALSE,FALSE,FALSE,host_present_in_system,host appears in canonical WHO disease-pathogen-host backbone; role-specific reservoir/amplifier/incidental/dead-end evidence not assessed,low,TRUE,medium_ecology_triage
Influenza (H5N1 avian influenza),Alphainfluenzavirus influenzae (H5N1),Alphainfluenzavirus influenzae (H5N1),2955291,Fregata magnificens,37042,aves,suliformes,fregatidae,TRUE,TRUE,both,in_gibb_etal=TRUE; in_empres_i=TRUE; deferred_broad_vesiculovirus=FALSE,Alphainfluenzavirus influenzae (H5N1),Influenza (H5N1 avian influenza),PCR/Sequencing,VIRION,1,FALSE,FALSE,TRUE,FALSE,FALSE,FALSE,host_present_in_system,host appears in canonical WHO disease-pathogen-host backbone; role-specific reservoir/amplifier/incidental/dead-end evidence not assessed,low,TRUE,medium_ecology_triage
Influenza (H5N1 avian influenza),Alphainfluenzavirus influenzae (H5N1),Alphainfluenzavirus influenzae (H5N1),2955291,Microcarbo coronatus,1523041,aves,suliformes,phalacrocoracidae,TRUE,TRUE,both,in_gibb_etal=TRUE; in_empres_i=TRUE; deferred_broad_vesiculovirus=FALSE,Alphainfluenzavirus influenzae (H5N1),Influenza (H5N1 avian influenza),PCR/Sequencing,VIRION,1,FALSE,FALSE,TRUE,FALSE,FALSE,FALSE,host_present_in_system,host appears in canonical WHO disease-pathogen-host backbone; role-specific reservoir/amplifier/incidental/dead-end evidence not assessed,low,TRUE,medium_ecology_triage
Influenza (H5N1 avian influenza),Alphainfluenzavirus influenzae (H5N1),Alphainfluenzavirus influenzae (H5N1),2955291,Microcarbo niger,1517963,aves,suliformes,phalacrocoracidae,TRUE,TRUE,both,in_gibb_etal=TRUE; in_empres_i=TRUE; deferred_broad_vesiculovirus=FALSE,Alphainfluenzavirus influenzae (H5N1),Influenza (H5N1 avian influenza),PCR/Sequencing,VIRION,1,FALSE,FALSE,TRUE,FALSE,FALSE,FALSE,host_present_in_system,host appears in canonical WHO disease-pathogen-host backbone; role-specific reservoir/amplifier/incidental/dead-end evidence not assessed,low,TRUE,medium_ecology_triage
Influenza (H5N1 avian influenza),Alphainfluenzavirus influenzae (H5N1),Alphainfluenzavirus influenzae (H5N1),2955291,Morus bassanus,37578,aves,suliformes,sulidae,TRUE,TRUE,both,in_gibb_etal=TRUE; in_empres_i=TRUE; deferred_broad_vesiculovirus=FALSE,Alphainfluenzavirus influenzae (H5N1),Influenza (H5N1 avian influenza),PCR/Sequencing,VIRION,1,FALSE,FALSE,TRUE,FALSE,FALSE,FALSE,host_present_in_system,host appears in canonical WHO disease-pathogen-host backbone; role-specific reservoir/amplifier/incidental/dead-end evidence not assessed,low,TRUE,medium_ecology_triage
Influenza (H5N1 avian influenza),Alphainfluenzavirus influenzae (H5N1),Alphainfluenzavirus influenzae (H5N1),2955291,Phalacrocorax capensis,146614,aves,suliformes,phalacrocoracidae,TRUE,TRUE,both,in_gibb_etal=TRUE; in_empres_i=TRUE; deferred_broad_vesiculovirus=FALSE,Alphainfluenzavirus influenzae (H5N1),Influenza (H5N1 avian influenza),PCR/Sequencing,VIRION,1,FALSE,FALSE,TRUE,FALSE,FALSE,FALSE,host_present_in_system,host appears in canonical WHO disease-pathogen-host backbone; role-specific reservoir/amplifier/incidental/dead-end evidence not assessed,low,TRUE,medium_ecology_triage
Influenza (H5N1 avian influenza),Alphainfluenzavirus influenzae (H5N1),Alphainfluenzavirus influenzae (H5N1),11320; 2955291,Phalacrocorax carbo,9209,aves,suliformes,phalacrocoracidae,TRUE,TRUE,both,in_gibb_etal=TRUE; in_empres_i=TRUE; deferred_broad_vesiculovirus=FALSE,Alphainfluenzavirus influenzae (H5N1),Influenza (H5N1 avian influenza),Isolation/Observation; PCR/Sequencing; PCR/Sequencing,VIRION,2,FALSE,FALSE,TRUE,FALSE,FALSE,FALSE,host_present_in_system,host appears in canonical WHO disease-pathogen-host backbone; role-specific reservoir/amplifier/incidental/dead-end evidence not assessed,low,TRUE,medium_ecology_triage
Influenza (H5N1 avian influenza),Alphainfluenzavirus influenzae (H5N1),Alphainfluenzavirus influenzae (H5N1),2955291,Sula leucogaster,57661,aves,suliformes,sulidae,TRUE,TRUE,both,in_gibb_etal=TRUE; in_empres_i=TRUE; deferred_broad_vesiculovirus=FALSE,Alphainfluenzavirus influenzae (H5N1),Influenza (H5N1 avian influenza),PCR/Sequencing,VIRION,1,FALSE,FALSE,TRUE,FALSE,FALSE,FALSE,host_present_in_system,host appears in canonical WHO disease-pathogen-host backbone; role-specific reservoir/amplifier/incidental/dead-end evidence not assessed,low,TRUE,medium_ecology_triage
Influenza (H5N1 avian influenza),Alphainfluenzavirus influenzae (H5N1),Alphainfluenzavirus influenzae (H5N1),2955291,Sula variegata,57663,aves,suliformes,sulidae,TRUE,TRUE,both,in_gibb_etal=TRUE; in_empres_i=TRUE; deferred_broad_vesiculovirus=FALSE,Alphainfluenzavirus influenzae (H5N1),Influenza (H5N1 avian influenza),PCR/Sequencing,VIRION,1,FALSE,FALSE,TRUE,FALSE,FALSE,FALSE,host_present_in_system,host appears in canonical WHO disease-pathogen-host backbone; role-specific reservoir/amplifier/incidental/dead-end evidence not assessed,low,TRUE,medium_ecology_triage
Influenza (H5N1 avian influenza),Alphainfluenzavirus influenzae (H5N1),Alphainfluenzavirus influenzae (H5N1),11320,Acerodon celebensis,58057,mammalia,chiroptera,pteropodidae,TRUE,TRUE,both,in_gibb_etal=TRUE; in_empres_i=TRUE; deferred_broad_vesiculovirus=FALSE,Alphainfluenzavirus influenzae (H5N1),Influenza (H5N1 avian influenza),PCR/Sequencing,VIRION,1,FALSE,FALSE,FALSE,FALSE,TRUE,FALSE,host_present_in_system,host appears in canonical WHO disease-pathogen-host backbone; role-specific reservoir/amplifier/incidental/dead-end evidence not assessed,low,TRUE,medium_ecology_triage
Influenza (H5N1 avian influenza),Alphainfluenzavirus influenzae (H5N1),Alphainfluenzavirus influenzae (H5N1),2955291,Artibeus lituratus,27634,mammalia,chiroptera,phyllostomidae,TRUE,TRUE,both,in_gibb_etal=TRUE; in_empres_i=TRUE; deferred_broad_vesiculovirus=FALSE,Alphainfluenzavirus influenzae (H5N1),Influenza (H5N1 avian influenza),PCR/Sequencing,VIRION,1,FALSE,FALSE,FALSE,FALSE,TRUE,FALSE,host_present_in_system,host appears in canonical WHO disease-pathogen-host backbone; role-specific reservoir/amplifier/incidental/dead-end evidence not assessed,low,TRUE,medium_ecology_triage
Influenza (H5N1 avian influenza),Alphainfluenzavirus influenzae (H5N1),Alphainfluenzavirus influenzae (H5N1),11320; 2955291,Artibeus obscurus,40228,mammalia,chiroptera,phyllostomidae,TRUE,TRUE,both,in_gibb_etal=TRUE; in_empres_i=TRUE; deferred_broad_vesiculovirus=FALSE,Alphainfluenzavirus influenzae (H5N1),Influenza (H5N1 avian influenza),PCR/Sequencing,VIRION,2,FALSE,FALSE,FALSE,FALSE,TRUE,FALSE,host_present_in_system,host appears in canonical WHO disease-pathogen-host backbone; role-specific reservoir/amplifier/incidental/dead-end evidence not assessed,low,TRUE,medium_ecology_triage
Influenza (H5N1 avian influenza),Alphainfluenzavirus influenzae (H5N1),Alphainfluenzavirus influenzae (H5N1),2955291,Artibeus planirostris,40230,mammalia,chiroptera,phyllostomidae,TRUE,TRUE,both,in_gibb_etal=TRUE; in_empres_i=TRUE; deferred_broad_vesiculovirus=FALSE,Alphainfluenzavirus influenzae (H5N1),Influenza (H5N1 avian influenza),PCR/Sequencing,VIRION,1,FALSE,FALSE,FALSE,FALSE,TRUE,FALSE,host_present_in_system,host appears in canonical WHO disease-pathogen-host backbone; role-specific reservoir/amplifier/incidental/dead-end evidence not assessed,low,TRUE,medium_ecology_triage
Influenza (H5N1 avian influenza),Alphainfluenzavirus influenzae (H5N1),Alphainfluenzavirus influenzae (H5N1),11320,Eidolon helvum,77214,mammalia,chiroptera,pteropodidae,TRUE,TRUE,both,in_gibb_etal=TRUE; in_empres_i=TRUE; deferred_broad_vesiculovirus=FALSE,Alphainfluenzavirus influenzae (H5N1),Influenza (H5N1 avian influenza),PCR/Sequencing,VIRION,1,FALSE,FALSE,FALSE,FALSE,TRUE,FALSE,host_present_in_system,host appears in canonical WHO disease-pathogen-host backbone; role-specific reservoir/amplifier/incidental/dead-end evidence not assessed,low,TRUE,medium_ecology_triage
Influenza (H5N1 avian influenza),Alphainfluenzavirus influenzae (H5N1),Alphainfluenzavirus influenzae (H5N1),11320,Nyctalus noctula,51300,mammalia,chiroptera,vespertilionidae,TRUE,TRUE,both,in_gibb_etal=TRUE; in_empres_i=TRUE; deferred_broad_vesiculovirus=FALSE,Alphainfluenzavirus influenzae (H5N1),Influenza (H5N1 avian influenza),Isolation/Observation,VIRION,1,FALSE,FALSE,FALSE,FALSE,TRUE,FALSE,host_present_in_system,host appears in canonical WHO disease-pathogen-host backbone; role-specific reservoir/amplifier/incidental/dead-end evidence not assessed,low,TRUE,medium_ecology_triage
Influenza (H5N1 avian influenza),Alphainfluenzavirus influenzae (H5N1),Alphainfluenzavirus influenzae (H5N1),11320,Pipistrellus kuhlii,59472,mammalia,chiroptera,vespertilionidae,TRUE,TRUE,both,in_gibb_etal=TRUE; in_empres_i=TRUE; deferred_broad_vesiculovirus=FALSE,Alphainfluenzavirus influenzae (H5N1),Influenza (H5N1 avian influenza),PCR/Sequencing,VIRION,1,FALSE,FALSE,FALSE,FALSE,TRUE,FALSE,host_present_in_system,host appears in canonical WHO disease-pathogen-host backbone; role-specific reservoir/amplifier/incidental/dead-end evidence not assessed,low,TRUE,medium_ecology_triage
Influenza (H5N1 avian influenza),Alphainfluenzavirus influenzae (H5N1),Alphainfluenzavirus influenzae (H5N1),11320,Pteropus alecto,9402,mammalia,chiroptera,pteropodidae,TRUE,TRUE,both,in_gibb_etal=TRUE; in_empres_i=TRUE; deferred_broad_vesiculovirus=FALSE,Alphainfluenzavirus influenzae (H5N1),Influenza (H5N1 avian influenza),PCR/Sequencing,VIRION,1,FALSE,FALSE,FALSE,FALSE,TRUE,FALSE,host_present_in_system,host appears in canonical WHO disease-pathogen-host backbone; role-specific reservoir/amplifier/incidental/dead-end evidence not assessed,low,TRUE,medium_ecology_triage
Influenza (H5N1 avian influenza),Alphainfluenzavirus influenzae (H5N1),Alphainfluenzavirus influenzae (H5N1),11320; 2955291,Rousettus aegyptiacus,9407,mammalia,chiroptera,pteropodidae,TRUE,TRUE,both,in_gibb_etal=TRUE; in_empres_i=TRUE; deferred_broad_vesiculovirus=FALSE,Alphainfluenzavirus influenzae (H5N1),Influenza (H5N1 avian influenza),PCR/Sequencing,VIRION,2,FALSE,FALSE,FALSE,FALSE,TRUE,FALSE,host_present_in_system,host appears in canonical WHO disease-pathogen-host backbone; role-specific reservoir/amplifier/incidental/dead-end evidence not assessed,low,TRUE,medium_ecology_triage
Influenza (H5N1 avian influenza),Alphainfluenzavirus influenzae (H5N1),Alphainfluenzavirus influenzae (H5N1),11320,Rousettus amplexicaudatus,58083,mammalia,chiroptera,pteropodidae,TRUE,TRUE,both,in_gibb_etal=TRUE; in_empres_i=TRUE; deferred_broad_vesiculovirus=FALSE,Alphainfluenzavirus influenzae (H5N1),Influenza (H5N1 avian influenza),PCR/Sequencing,VIRION,1,FALSE,FALSE,FALSE,FALSE,TRUE,FALSE,host_present_in_system,host appears in canonical WHO disease-pathogen-host backbone; role-specific reservoir/amplifier/incidental/dead-end evidence not assessed,low,TRUE,medium_ecology_triage
Influenza (H5N1 avian influenza),Alphainfluenzavirus influenzae (H5N1),Alphainfluenzavirus influenzae (H5N1),11320,Rousettus leschenaultii,9408,mammalia,chiroptera,pteropodidae,TRUE,TRUE,both,in_gibb_etal=TRUE; in_empres_i=TRUE; deferred_broad_vesiculovirus=FALSE,Alphainfluenzavirus influenzae (H5N1),Influenza (H5N1 avian influenza),Antibodies,VIRION,1,FALSE,FALSE,FALSE,FALSE,TRUE,FALSE,host_present_in_system,host appears in canonical WHO disease-pathogen-host backbone; role-specific reservoir/amplifier/incidental/dead-end evidence not assessed,low,TRUE,medium_ecology_triage
Influenza (H5N1 avian influenza),Alphainfluenzavirus influenzae (H5N1),Alphainfluenzavirus influenzae (H5N1),2955291,Sturnira lilium,27660,mammalia,chiroptera,phyllostomidae,TRUE,TRUE,both,in_gibb_etal=TRUE; in_empres_i=TRUE; deferred_broad_vesiculovirus=FALSE,Alphainfluenzavirus influenzae (H5N1),Influenza (H5N1 avian influenza),PCR/Sequencing,VIRION,1,FALSE,FALSE,FALSE,FALSE,TRUE,FALSE,host_present_in_system,host appears in canonical WHO disease-pathogen-host backbone; role-specific reservoir/amplifier/incidental/dead-end evidence not assessed,low,TRUE,medium_ecology_triage
Influenza (H5N1 avian influenza),Alphainfluenzavirus influenzae (H5N1),Alphainfluenzavirus influenzae (H5N1),11320,Taphozous perforatus,1381355,mammalia,chiroptera,emballonuridae,TRUE,TRUE,both,in_gibb_etal=TRUE; in_empres_i=TRUE; deferred_broad_vesiculovirus=FALSE,Alphainfluenzavirus influenzae (H5N1),Influenza (H5N1 avian influenza),PCR/Sequencing,VIRION,1,FALSE,FALSE,FALSE,FALSE,TRUE,FALSE,host_present_in_system,host appears in canonical WHO disease-pathogen-host backbone; role-specific reservoir/amplifier/incidental/dead-end evidence not assessed,low,TRUE,medium_ecology_triage
Influenza (H5N1 avian influenza),Alphainfluenzavirus influenzae (H5N1),Alphainfluenzavirus influenzae (H5N1),11320,Cercopithecus ascanius,36223,mammalia,primates,cercopithecidae,TRUE,TRUE,both,in_gibb_etal=TRUE; in_empres_i=TRUE; deferred_broad_vesiculovirus=FALSE,Alphainfluenzavirus influenzae (H5N1),Influenza (H5N1 avian influenza),Antibodies,VIRION,1,FALSE,FALSE,FALSE,FALSE,FALSE,TRUE,host_present_in_system,host appears in canonical WHO disease-pathogen-host backbone; role-specific reservoir/amplifier/incidental/dead-end evidence not assessed,low,TRUE,medium_ecology_triage
Influenza (H5N1 avian influenza),Alphainfluenzavirus influenzae (H5N1),Alphainfluenzavirus influenzae (H5N1),11320,Macaca fascicularis,9541,mammalia,primates,cercopithecidae,TRUE,TRUE,both,in_gibb_etal=TRUE; in_empres_i=TRUE; deferred_broad_vesiculovirus=FALSE,Alphainfluenzavirus influenzae (H5N1),Influenza (H5N1 avian influenza),Antibodies,VIRION,1,FALSE,FALSE,FALSE,FALSE,FALSE,TRUE,host_present_in_system,host appears in canonical WHO disease-pathogen-host backbone; role-specific reservoir/amplifier/incidental/dead-end evidence not assessed,low,TRUE,medium_ecology_triage
Influenza (H5N1 avian influenza),Alphainfluenzavirus influenzae (H5N1),Alphainfluenzavirus influenzae (H5N1),11320,Macaca mulatta,9544,mammalia,primates,cercopithecidae,TRUE,TRUE,both,in_gibb_etal=TRUE; in_empres_i=TRUE; deferred_broad_vesiculovirus=FALSE,Alphainfluenzavirus influenzae (H5N1),Influenza (H5N1 avian influenza),Antibodies,VIRION,1,FALSE,FALSE,FALSE,FALSE,FALSE,TRUE,host_present_in_system,host appears in canonical WHO disease-pathogen-host backbone; role-specific reservoir/amplifier/incidental/dead-end evidence not assessed,low,TRUE,medium_ecology_triage
Influenza (H5N1 avian influenza),Alphainfluenzavirus influenzae (H5N1),Alphainfluenzavirus influenzae (H5N1),11320,Macaca nemestrina,9545,mammalia,primates,cercopithecidae,TRUE,TRUE,both,in_gibb_etal=TRUE; in_empres_i=TRUE; deferred_broad_vesiculovirus=FALSE,Alphainfluenzavirus influenzae (H5N1),Influenza (H5N1 avian influenza),Antibodies,VIRION,1,FALSE,FALSE,FALSE,FALSE,FALSE,TRUE,host_present_in_system,host appears in canonical WHO disease-pathogen-host backbone; role-specific reservoir/amplifier/incidental/dead-end evidence not assessed,low,TRUE,medium_ecology_triage
Influenza (H5N1 avian influenza),Alphainfluenzavirus influenzae (H5N1),Alphainfluenzavirus influenzae (H5N1),11320,Macaca sylvanus,9546,mammalia,primates,cercopithecidae,TRUE,TRUE,both,in_gibb_etal=TRUE; in_empres_i=TRUE; deferred_broad_vesiculovirus=FALSE,Alphainfluenzavirus influenzae (H5N1),Influenza (H5N1 avian influenza),Antibodies,VIRION,1,FALSE,FALSE,FALSE,FALSE,FALSE,TRUE,host_present_in_system,host appears in canonical WHO disease-pathogen-host backbone; role-specific reservoir/amplifier/incidental/dead-end evidence not assessed,low,TRUE,medium_ecology_triage
Influenza (H5N1 avian influenza),Alphainfluenzavirus influenzae (H5N1),Alphainfluenzavirus influenzae (H5N1),11320,Papio cynocephalus,9556,mammalia,primates,cercopithecidae,TRUE,TRUE,both,in_gibb_etal=TRUE; in_empres_i=TRUE; deferred_broad_vesiculovirus=FALSE,Alphainfluenzavirus influenzae (H5N1),Influenza (H5N1 avian influenza),Antibodies,VIRION,1,FALSE,FALSE,FALSE,FALSE,FALSE,TRUE,host_present_in_system,host appears in canonical WHO disease-pathogen-host backbone; role-specific reservoir/amplifier/incidental/dead-end evidence not assessed,low,TRUE,medium_ecology_triage
Influenza (H5N1 avian influenza),Alphainfluenzavirus influenzae (H5N1),Alphainfluenzavirus influenzae (H5N1),11320,Semnopithecus entellus,88029,mammalia,primates,cercopithecidae,TRUE,TRUE,both,in_gibb_etal=TRUE; in_empres_i=TRUE; deferred_broad_vesiculovirus=FALSE,Alphainfluenzavirus influenzae (H5N1),Influenza (H5N1 avian influenza),Antibodies,VIRION,1,FALSE,FALSE,FALSE,FALSE,FALSE,TRUE,host_present_in_system,host appears in canonical WHO disease-pathogen-host backbone; role-specific reservoir/amplifier/incidental/dead-end evidence not assessed,low,TRUE,medium_ecology_triage
Influenza (H5N1 avian influenza),Alphainfluenzavirus influenzae (H5N1),Alphainfluenzavirus influenzae (H5N1),11320; 2955291,Mus musculus,10090,mammalia,rodentia,muridae,TRUE,TRUE,both,in_gibb_etal=TRUE; in_empres_i=TRUE; deferred_broad_vesiculovirus=FALSE,Alphainfluenzavirus influenzae (H5N1),Influenza (H5N1 avian influenza),PCR/Sequencing,VIRION,2,FALSE,FALSE,FALSE,TRUE,FALSE,FALSE,host_present_in_system,host appears in canonical WHO disease-pathogen-host backbone; role-specific reservoir/amplifier/incidental/dead-end evidence not assessed,low,TRUE,medium_ecology_triage
Influenza (H5N1 avian influenza),Alphainfluenzavirus influenzae (H5N1),Alphainfluenzavirus influenzae (H5N1),11320; 2955291,Ondatra zibethicus,10060,mammalia,rodentia,cricetidae,TRUE,TRUE,both,in_gibb_etal=TRUE; in_empres_i=TRUE; deferred_broad_vesiculovirus=FALSE,Alphainfluenzavirus influenzae (H5N1),Influenza (H5N1 avian influenza),PCR/Sequencing,VIRION,2,FALSE,FALSE,FALSE,TRUE,FALSE,FALSE,host_present_in_system,host appears in canonical WHO disease-pathogen-host backbone; role-specific reservoir/amplifier/incidental/dead-end evidence not assessed,low,TRUE,medium_ecology_triage
Influenza (H5N1 avian influenza),Alphainfluenzavirus influenzae (H5N1),Alphainfluenzavirus influenzae (H5N1),2955291,Rattus norvegicus,10116,mammalia,rodentia,muridae,TRUE,TRUE,both,in_gibb_etal=TRUE; in_empres_i=TRUE; deferred_broad_vesiculovirus=FALSE,Alphainfluenzavirus influenzae (H5N1),Influenza (H5N1 avian influenza),PCR/Sequencing,VIRION,1,FALSE,FALSE,FALSE,TRUE,FALSE,FALSE,host_present_in_system,host appears in canonical WHO disease-pathogen-host backbone; role-specific reservoir/amplifier/incidental/dead-end evidence not assessed,low,TRUE,medium_ecology_triage
Influenza (H5N1 avian influenza),Alphainfluenzavirus influenzae (H5N1),Alphainfluenzavirus influenzae (H5N1),11320; 2955291,Homo sapiens,9606,,,,TRUE,TRUE,both,in_gibb_etal=TRUE; in_empres_i=TRUE; deferred_broad_vesiculovirus=FALSE,Alphainfluenzavirus influenzae (H5N1),Influenza (H5N1 avian influenza),Isolation/Observation; Not specified; PCR/Sequencing; PCR/Sequencing,VIRION,2,TRUE,FALSE,,,,,host_present_in_system,host appears in canonical WHO disease-pathogen-host backbone; role-specific reservoir/amplifier/incidental/dead-end evidence not assessed,low,TRUE,medium_human_triage
Influenza (H5N1 avian influenza),Alphainfluenzavirus influenzae (H5N1),Alphainfluenzavirus influenzae (H5N1),11320,Balaenoptera acutorostrata,9767,mammalia,artiodactyla,balaenopteridae,TRUE,TRUE,both,in_gibb_etal=TRUE; in_empres_i=TRUE; deferred_broad_vesiculovirus=FALSE,Alphainfluenzavirus influenzae (H5N1),Influenza (H5N1 avian influenza),Antibodies; Isolation/Observation,VIRION,1,FALSE,FALSE,FALSE,FALSE,FALSE,FALSE,host_present_in_system,host appears in canonical WHO disease-pathogen-host backbone; role-specific reservoir/amplifier/incidental/dead-end evidence not assessed,low,TRUE,standard_review
Influenza (H5N1 avian influenza),Alphainfluenzavirus influenzae (H5N1),Alphainfluenzavirus influenzae (H5N1),2955291,Cephalorhynchus eutropia,27608,mammalia,artiodactyla,delphinidae,TRUE,TRUE,both,in_gibb_etal=TRUE; in_empres_i=TRUE; deferred_broad_vesiculovirus=FALSE,Alphainfluenzavirus influenzae (H5N1),Influenza (H5N1 avian influenza),PCR/Sequencing,VIRION,1,FALSE,FALSE,FALSE,FALSE,FALSE,FALSE,host_present_in_system,host appears in canonical WHO disease-pathogen-host backbone; role-specific reservoir/amplifier/incidental/dead-end evidence not assessed,low,TRUE,standard_review
Influenza (H5N1 avian influenza),Alphainfluenzavirus influenzae (H5N1),Alphainfluenzavirus influenzae (H5N1),2955291,Delphinus delphis,9728,mammalia,artiodactyla,delphinidae,TRUE,TRUE,both,in_gibb_etal=TRUE; in_empres_i=TRUE; deferred_broad_vesiculovirus=FALSE,Alphainfluenzavirus influenzae (H5N1),Influenza (H5N1 avian influenza),PCR/Sequencing,VIRION,1,FALSE,FALSE,FALSE,FALSE,FALSE,FALSE,host_present_in_system,host appears in canonical WHO disease-pathogen-host backbone; role-specific reservoir/amplifier/incidental/dead-end evidence not assessed,low,TRUE,standard_review
Influenza (H5N1 avian influenza),Alphainfluenzavirus influenzae (H5N1),Alphainfluenzavirus influenzae (H5N1),11320; 2955291,Globicephala melas,9731,mammalia,artiodactyla,delphinidae,TRUE,TRUE,both,in_gibb_etal=TRUE; in_empres_i=TRUE; deferred_broad_vesiculovirus=FALSE,Alphainfluenzavirus influenzae (H5N1),Influenza (H5N1 avian influenza),Isolation/Observation; PCR/Sequencing,VIRION,2,FALSE,FALSE,FALSE,FALSE,FALSE,FALSE,host_present_in_system,host appears in canonical WHO disease-pathogen-host backbone; role-specific reservoir/amplifier/incidental/dead-end evidence not assessed,low,TRUE,standard_review
Influenza (H5N1 avian influenza),Alphainfluenzavirus influenzae (H5N1),Alphainfluenzavirus influenzae (H5N1),2955291,Phocoena spinipinnis,27614,mammalia,artiodactyla,phocoenidae,TRUE,TRUE,both,in_gibb_etal=TRUE; in_empres_i=TRUE; deferred_broad_vesiculovirus=FALSE,Alphainfluenzavirus influenzae (H5N1),Influenza (H5N1 avian influenza),PCR/Sequencing,VIRION,1,FALSE,FALSE,FALSE,FALSE,FALSE,FALSE,host_present_in_system,host appears in canonical WHO disease-pathogen-host backbone; role-specific reservoir/amplifier/incidental/dead-end evidence not assessed,low,TRUE,standard_review
Influenza (H5N1 avian influenza),Alphainfluenzavirus influenzae (H5N1),Alphainfluenzavirus influenzae (H5N1),2955291,Tursiops truncatus,9739,mammalia,artiodactyla,delphinidae,TRUE,TRUE,both,in_gibb_etal=TRUE; in_empres_i=TRUE; deferred_broad_vesiculovirus=FALSE,Alphainfluenzavirus influenzae (H5N1),Influenza (H5N1 avian influenza),PCR/Sequencing,VIRION,1,FALSE,FALSE,FALSE,FALSE,FALSE,FALSE,host_present_in_system,host appears in canonical WHO disease-pathogen-host backbone; role-specific reservoir/amplifier/incidental/dead-end evidence not assessed,low,TRUE,standard_review
Influenza (H5N1 avian influenza),Alphainfluenzavirus influenzae (H5N1),Alphainfluenzavirus influenzae (H5N1),11320; 2955291,Acinonyx jubatus,32536,mammalia,carnivora,felidae,TRUE,TRUE,both,in_gibb_etal=TRUE; in_empres_i=TRUE; deferred_broad_vesiculovirus=FALSE,Alphainfluenzavirus influenzae (H5N1),Influenza (H5N1 avian influenza),PCR/Sequencing,VIRION,2,FALSE,FALSE,FALSE,FALSE,FALSE,FALSE,host_present_in_system,host appears in canonical WHO disease-pathogen-host backbone; role-specific reservoir/amplifier/incidental/dead-end evidence not assessed,low,TRUE,standard_review
Influenza (H5N1 avian influenza),Alphainfluenzavirus influenzae (H5N1),Alphainfluenzavirus influenzae (H5N1),2955291,Ailuropoda melanoleuca,9646,mammalia,carnivora,ursidae,TRUE,TRUE,both,in_gibb_etal=TRUE; in_empres_i=TRUE; deferred_broad_vesiculovirus=FALSE,Alphainfluenzavirus influenzae (H5N1),Influenza (H5N1 avian influenza),PCR/Sequencing,VIRION,1,FALSE,FALSE,FALSE,FALSE,FALSE,FALSE,host_present_in_system,host appears in canonical WHO disease-pathogen-host backbone; role-specific reservoir/amplifier/incidental/dead-end evidence not assessed,low,TRUE,standard_review
Influenza (H5N1 avian influenza),Alphainfluenzavirus influenzae (H5N1),Alphainfluenzavirus influenzae (H5N1),11320; 2955291,Arctocephalus australis,161928,mammalia,carnivora,otariidae,TRUE,TRUE,both,in_gibb_etal=TRUE; in_empres_i=TRUE; deferred_broad_vesiculovirus=FALSE,Alphainfluenzavirus influenzae (H5N1),Influenza (H5N1 avian influenza),Antibodies; PCR/Sequencing,VIRION,2,FALSE,FALSE,FALSE,FALSE,FALSE,FALSE,host_present_in_system,host appears in canonical WHO disease-pathogen-host backbone; role-specific reservoir/amplifier/incidental/dead-end evidence not assessed,low,TRUE,standard_review
Influenza (H5N1 avian influenza),Alphainfluenzavirus influenzae (H5N1),Alphainfluenzavirus influenzae (H5N1),2955291,Arctocephalus gazella,37190,mammalia,carnivora,otariidae,TRUE,TRUE,both,in_gibb_etal=TRUE; in_empres_i=TRUE; deferred_broad_vesiculovirus=FALSE,Alphainfluenzavirus influenzae (H5N1),Influenza (H5N1 avian influenza),PCR/Sequencing,VIRION,1,FALSE,FALSE,FALSE,FALSE,FALSE,FALSE,host_present_in_system,host appears in canonical WHO disease-pathogen-host backbone; role-specific reservoir/amplifier/incidental/dead-end evidence not assessed,low,TRUE,standard_review
Influenza (H5N1 avian influenza),Alphainfluenzavirus influenzae (H5N1),Alphainfluenzavirus influenzae (H5N1),11320,Canis lupus,9612,mammalia,carnivora,canidae,TRUE,TRUE,both,in_gibb_etal=TRUE; in_empres_i=TRUE; deferred_broad_vesiculovirus=FALSE,Alphainfluenzavirus influenzae (H5N1),Influenza (H5N1 avian influenza),PCR/Sequencing,VIRION,1,FALSE,FALSE,FALSE,FALSE,FALSE,FALSE,host_present_in_system,host appears in canonical WHO disease-pathogen-host backbone; role-specific reservoir/amplifier/incidental/dead-end evidence not assessed,low,TRUE,standard_review
Influenza (H5N1 avian influenza),Alphainfluenzavirus influenzae (H5N1),Alphainfluenzavirus influenzae (H5N1),2955291,Canis lupus,9615,mammalia,carnivora,canidae,TRUE,TRUE,both,in_gibb_etal=TRUE; in_empres_i=TRUE; deferred_broad_vesiculovirus=FALSE,Alphainfluenzavirus influenzae (H5N1),Influenza (H5N1 avian influenza),PCR/Sequencing,VIRION,1,FALSE,FALSE,FALSE,FALSE,FALSE,FALSE,host_present_in_system,host appears in canonical WHO disease-pathogen-host backbone; role-specific reservoir/amplifier/incidental/dead-end evidence not assessed,low,TRUE,standard_review
Influenza (H5N1 avian influenza),Alphainfluenzavirus influenzae (H5N1),Alphainfluenzavirus influenzae (H5N1),11320,Chrotogale owstoni,94184,mammalia,carnivora,viverridae,TRUE,TRUE,both,in_gibb_etal=TRUE; in_empres_i=TRUE; deferred_broad_vesiculovirus=FALSE,Alphainfluenzavirus influenzae (H5N1),Influenza (H5N1 avian influenza),Isolation/Observation,VIRION,1,FALSE,FALSE,FALSE,FALSE,FALSE,FALSE,host_present_in_system,host appears in canonical WHO disease-pathogen-host backbone; role-specific reservoir/amplifier/incidental/dead-end evidence not assessed,low,TRUE,standard_review
Influenza (H5N1 avian influenza),Alphainfluenzavirus influenzae (H5N1),Alphainfluenzavirus influenzae (H5N1),11320; 2955291,Felis catus,9685,mammalia,carnivora,felidae,TRUE,TRUE,both,in_gibb_etal=TRUE; in_empres_i=TRUE; deferred_broad_vesiculovirus=FALSE,Alphainfluenzavirus influenzae (H5N1),Influenza (H5N1 avian influenza),Isolation/Observation; PCR/Sequencing; PCR/Sequencing,VIRION,2,FALSE,FALSE,FALSE,FALSE,FALSE,FALSE,host_present_in_system,host appears in canonical WHO disease-pathogen-host backbone; role-specific reservoir/amplifier/incidental/dead-end evidence not assessed,low,TRUE,standard_review
Influenza (H5N1 avian influenza),Alphainfluenzavirus influenzae (H5N1),Alphainfluenzavirus influenzae (H5N1),2955291,Halichoerus grypus,9711,mammalia,carnivora,phocidae,TRUE,TRUE,both,in_gibb_etal=TRUE; in_empres_i=TRUE; deferred_broad_vesiculovirus=FALSE,Alphainfluenzavirus influenzae (H5N1),Influenza (H5N1 avian influenza),PCR/Sequencing,VIRION,1,FALSE,FALSE,FALSE,FALSE,FALSE,FALSE,host_present_in_system,host appears in canonical WHO disease-pathogen-host backbone; role-specific reservoir/amplifier/incidental/dead-end evidence not assessed,low,TRUE,standard_review
Influenza (H5N1 avian influenza),Alphainfluenzavirus influenzae (H5N1),Alphainfluenzavirus influenzae (H5N1),2955291,Leopardus geoffroyi,46844,mammalia,carnivora,felidae,TRUE,TRUE,both,in_gibb_etal=TRUE; in_empres_i=TRUE; deferred_broad_vesiculovirus=FALSE,Alphainfluenzavirus influenzae (H5N1),Influenza (H5N1 avian influenza),PCR/Sequencing,VIRION,1,FALSE,FALSE,FALSE,FALSE,FALSE,FALSE,host_present_in_system,host appears in canonical WHO disease-pathogen-host backbone; role-specific reservoir/amplifier/incidental/dead-end evidence not assessed,low,TRUE,standard_review
Influenza (H5N1 avian influenza),Alphainfluenzavirus influenzae (H5N1),Alphainfluenzavirus influenzae (H5N1),2955291,Leptailurus serval,61405,mammalia,carnivora,felidae,TRUE,TRUE,both,in_gibb_etal=TRUE; in_empres_i=TRUE; deferred_broad_vesiculovirus=FALSE,Alphainfluenzavirus influenzae (H5N1),Influenza (H5N1 avian influenza),PCR/Sequencing,VIRION,1,FALSE,FALSE,FALSE,FALSE,FALSE,FALSE,host_present_in_system,host appears in canonical WHO disease-pathogen-host backbone; role-specific reservoir/amplifier/incidental/dead-end evidence not assessed,low,TRUE,standard_review
Influenza (H5N1 avian influenza),Alphainfluenzavirus influenzae (H5N1),Alphainfluenzavirus influenzae (H5N1),2955291,Lontra felina,76718,mammalia,carnivora,mustelidae,TRUE,TRUE,both,in_gibb_etal=TRUE; in_empres_i=TRUE; deferred_broad_vesiculovirus=FALSE,Alphainfluenzavirus influenzae (H5N1),Influenza (H5N1 avian influenza),PCR/Sequencing,VIRION,1,FALSE,FALSE,FALSE,FALSE,FALSE,FALSE,host_present_in_system,host appears in canonical WHO disease-pathogen-host backbone; role-specific reservoir/amplifier/incidental/dead-end evidence not assessed,low,TRUE,standard_review
Influenza (H5N1 avian influenza),Alphainfluenzavirus influenzae (H5N1),Alphainfluenzavirus influenzae (H5N1),2955291,Lontra provocax,366500,mammalia,carnivora,mustelidae,TRUE,TRUE,both,in_gibb_etal=TRUE; in_empres_i=TRUE; deferred_broad_vesiculovirus=FALSE,Alphainfluenzavirus influenzae (H5N1),Influenza (H5N1 avian influenza),PCR/Sequencing,VIRION,1,FALSE,FALSE,FALSE,FALSE,FALSE,FALSE,host_present_in_system,host appears in canonical WHO disease-pathogen-host backbone; role-specific reservoir/amplifier/incidental/dead-end evidence not assessed,low,TRUE,standard_review
Influenza (H5N1 avian influenza),Alphainfluenzavirus influenzae (H5N1),Alphainfluenzavirus influenzae (H5N1),2955291,Lynx rufus,61384,mammalia,carnivora,felidae,TRUE,TRUE,both,in_gibb_etal=TRUE; in_empres_i=TRUE; deferred_broad_vesiculovirus=FALSE,Alphainfluenzavirus influenzae (H5N1),Influenza (H5N1 avian influenza),PCR/Sequencing,VIRION,1,FALSE,FALSE,FALSE,FALSE,FALSE,FALSE,host_present_in_system,host appears in canonical WHO disease-pathogen-host backbone; role-specific reservoir/amplifier/incidental/dead-end evidence not assessed,low,TRUE,standard_review
Influenza (H5N1 avian influenza),Alphainfluenzavirus influenzae (H5N1),Alphainfluenzavirus influenzae (H5N1),11320,Martes foina,9659,mammalia,carnivora,mustelidae,TRUE,TRUE,both,in_gibb_etal=TRUE; in_empres_i=TRUE; deferred_broad_vesiculovirus=FALSE,Alphainfluenzavirus influenzae (H5N1),Influenza (H5N1 avian influenza),Isolation/Observation; PCR/Sequencing,VIRION,1,FALSE,FALSE,FALSE,FALSE,FALSE,FALSE,host_present_in_system,host appears in canonical WHO disease-pathogen-host backbone; role-specific reservoir/amplifier/incidental/dead-end evidence not assessed,low,TRUE,standard_review
Influenza (H5N1 avian influenza),Alphainfluenzavirus influenzae (H5N1),Alphainfluenzavirus influenzae (H5N1),2955291,Meles leucurus,702266,mammalia,carnivora,mustelidae,TRUE,TRUE,both,in_gibb_etal=TRUE; in_empres_i=TRUE; deferred_broad_vesiculovirus=FALSE,Alphainfluenzavirus influenzae (H5N1),Influenza (H5N1 avian influenza),PCR/Sequencing,VIRION,1,FALSE,FALSE,FALSE,FALSE,FALSE,FALSE,host_present_in_system,host appears in canonical WHO disease-pathogen-host backbone; role-specific reservoir/amplifier/incidental/dead-end evidence not assessed,low,TRUE,standard_review
Influenza (H5N1 avian influenza),Alphainfluenzavirus influenzae (H5N1),Alphainfluenzavirus influenzae (H5N1),2955291,Melursus ursinus,9636,mammalia,carnivora,ursidae,TRUE,TRUE,both,in_gibb_etal=TRUE; in_empres_i=TRUE; deferred_broad_vesiculovirus=FALSE,Alphainfluenzavirus influenzae (H5N1),Influenza (H5N1 avian influenza),PCR/Sequencing,VIRION,1,FALSE,FALSE,FALSE,FALSE,FALSE,FALSE,host_present_in_system,host appears in canonical WHO disease-pathogen-host backbone; role-specific reservoir/amplifier/incidental/dead-end evidence not assessed,low,TRUE,standard_review
Influenza (H5N1 avian influenza),Alphainfluenzavirus influenzae (H5N1),Alphainfluenzavirus influenzae (H5N1),11320; 2955291,Mephitis mephitis,30548,mammalia,carnivora,mephitidae,TRUE,TRUE,both,in_gibb_etal=TRUE; in_empres_i=TRUE; deferred_broad_vesiculovirus=FALSE,Alphainfluenzavirus influenzae (H5N1),Influenza (H5N1 avian influenza),PCR/Sequencing,VIRION,2,FALSE,FALSE,FALSE,FALSE,FALSE,FALSE,host_present_in_system,host appears in canonical WHO disease-pathogen-host backbone; role-specific reservoir/amplifier/incidental/dead-end evidence not assessed,low,TRUE,standard_review
Influenza (H5N1 avian influenza),Alphainfluenzavirus influenzae (H5N1),Alphainfluenzavirus influenzae (H5N1),2955291,Mirounga angustirostris,9716,mammalia,carnivora,phocidae,TRUE,TRUE,both,in_gibb_etal=TRUE; in_empres_i=TRUE; deferred_broad_vesiculovirus=FALSE,Alphainfluenzavirus influenzae (H5N1),Influenza (H5N1 avian influenza),PCR/Sequencing,VIRION,1,FALSE,FALSE,FALSE,FALSE,FALSE,FALSE,host_present_in_system,host appears in canonical WHO disease-pathogen-host backbone; role-specific reservoir/amplifier/incidental/dead-end evidence not assessed,low,TRUE,standard_review
Influenza (H5N1 avian influenza),Alphainfluenzavirus influenzae (H5N1),Alphainfluenzavirus influenzae (H5N1),2955291,Mirounga leonina,9715,mammalia,carnivora,phocidae,TRUE,TRUE,both,in_gibb_etal=TRUE; in_empres_i=TRUE; deferred_broad_vesiculovirus=FALSE,Alphainfluenzavirus influenzae (H5N1),Influenza (H5N1 avian influenza),PCR/Sequencing,VIRION,1,FALSE,FALSE,FALSE,FALSE,FALSE,FALSE,host_present_in_system,host appears in canonical WHO disease-pathogen-host backbone; role-specific reservoir/amplifier/incidental/dead-end evidence not assessed,low,TRUE,standard_review
Influenza (H5N1 avian influenza),Alphainfluenzavirus influenzae (H5N1),Alphainfluenzavirus influenzae (H5N1),2955291,Mustela erminea,36723,mammalia,carnivora,mustelidae,TRUE,TRUE,both,in_gibb_etal=TRUE; in_empres_i=TRUE; deferred_broad_vesiculovirus=FALSE,Alphainfluenzavirus influenzae (H5N1),Influenza (H5N1 avian influenza),PCR/Sequencing,VIRION,1,FALSE,FALSE,FALSE,FALSE,FALSE,FALSE,host_present_in_system,host appears in canonical WHO disease-pathogen-host backbone; role-specific reservoir/amplifier/incidental/dead-end evidence not assessed,low,TRUE,standard_review
Influenza (H5N1 avian influenza),Alphainfluenzavirus influenzae (H5N1),Alphainfluenzavirus influenzae (H5N1),11320; 2955291,Mustela lutreola,9666,mammalia,carnivora,mustelidae,TRUE,TRUE,both,in_gibb_etal=TRUE; in_empres_i=TRUE; deferred_broad_vesiculovirus=FALSE,Alphainfluenzavirus influenzae (H5N1),Influenza (H5N1 avian influenza),PCR/Sequencing,VIRION,2,FALSE,FALSE,FALSE,FALSE,FALSE,FALSE,host_present_in_system,host appears in canonical WHO disease-pathogen-host backbone; role-specific reservoir/amplifier/incidental/dead-end evidence not assessed,low,TRUE,standard_review
Influenza (H5N1 avian influenza),Alphainfluenzavirus influenzae (H5N1),Alphainfluenzavirus influenzae (H5N1),2955291,Mustela nigripes,77151,mammalia,carnivora,mustelidae,TRUE,TRUE,both,in_gibb_etal=TRUE; in_empres_i=TRUE; deferred_broad_vesiculovirus=FALSE,Alphainfluenzavirus influenzae (H5N1),Influenza (H5N1 avian influenza),PCR/Sequencing,VIRION,1,FALSE,FALSE,FALSE,FALSE,FALSE,FALSE,host_present_in_system,host appears in canonical WHO disease-pathogen-host backbone; role-specific reservoir/amplifier/incidental/dead-end evidence not assessed,low,TRUE,standard_review
Influenza (H5N1 avian influenza),Alphainfluenzavirus influenzae (H5N1),Alphainfluenzavirus influenzae (H5N1),11320,Mustela putorius,9668,mammalia,carnivora,mustelidae,TRUE,TRUE,both,in_gibb_etal=TRUE; in_empres_i=TRUE; deferred_broad_vesiculovirus=FALSE,Alphainfluenzavirus influenzae (H5N1),Influenza (H5N1 avian influenza),PCR/Sequencing,VIRION,1,FALSE,FALSE,FALSE,FALSE,FALSE,FALSE,host_present_in_system,host appears in canonical WHO disease-pathogen-host backbone; role-specific reservoir/amplifier/incidental/dead-end evidence not assessed,low,TRUE,standard_review
Influenza (H5N1 avian influenza),Alphainfluenzavirus influenzae (H5N1),Alphainfluenzavirus influenzae (H5N1),2955291,Mustela putorius,9669,mammalia,carnivora,mustelidae,TRUE,TRUE,both,in_gibb_etal=TRUE; in_empres_i=TRUE; deferred_broad_vesiculovirus=FALSE,Alphainfluenzavirus influenzae (H5N1),Influenza (H5N1 avian influenza),PCR/Sequencing,VIRION,1,FALSE,FALSE,FALSE,FALSE,FALSE,FALSE,host_present_in_system,host appears in canonical WHO disease-pathogen-host backbone; role-specific reservoir/amplifier/incidental/dead-end evidence not assessed,low,TRUE,standard_review
Influenza (H5N1 avian influenza),Alphainfluenzavirus influenzae (H5N1),Alphainfluenzavirus influenzae (H5N1),2955291,Nasua nasua,9651,mammalia,carnivora,procyonidae,TRUE,TRUE,both,in_gibb_etal=TRUE; in_empres_i=TRUE; deferred_broad_vesiculovirus=FALSE,Alphainfluenzavirus influenzae (H5N1),Influenza (H5N1 avian influenza),PCR/Sequencing,VIRION,1,FALSE,FALSE,FALSE,FALSE,FALSE,FALSE,host_present_in_system,host appears in canonical WHO disease-pathogen-host backbone; role-specific reservoir/amplifier/incidental/dead-end evidence not assessed,low,TRUE,standard_review
Influenza (H5N1 avian influenza),Alphainfluenzavirus influenzae (H5N1),Alphainfluenzavirus influenzae (H5N1),11320; 2955291,Neofelis nebulosa,61452,mammalia,carnivora,felidae,TRUE,TRUE,both,in_gibb_etal=TRUE; in_empres_i=TRUE; deferred_broad_vesiculovirus=FALSE,Alphainfluenzavirus influenzae (H5N1),Influenza (H5N1 avian influenza),PCR/Sequencing,VIRION,2,FALSE,FALSE,FALSE,FALSE,FALSE,FALSE,host_present_in_system,host appears in canonical WHO disease-pathogen-host backbone; role-specific reservoir/amplifier/incidental/dead-end evidence not assessed,low,TRUE,standard_review
Influenza (H5N1 avian influenza),Alphainfluenzavirus influenzae (H5N1),Alphainfluenzavirus influenzae (H5N1),11320; 2955291,Neogale vison,452646,mammalia,carnivora,mustelidae,TRUE,TRUE,both,in_gibb_etal=TRUE; in_empres_i=TRUE; deferred_broad_vesiculovirus=FALSE,Alphainfluenzavirus influenzae (H5N1),Influenza (H5N1 avian influenza),Isolation/Observation; PCR/Sequencing; PCR/Sequencing,VIRION,2,FALSE,FALSE,FALSE,FALSE,FALSE,FALSE,host_present_in_system,host appears in canonical WHO disease-pathogen-host backbone; role-specific reservoir/amplifier/incidental/dead-end evidence not assessed,low,TRUE,standard_review
Influenza (H5N1 avian influenza),Alphainfluenzavirus influenzae (H5N1),Alphainfluenzavirus influenzae (H5N1),2955291,Nyctereutes procyonoides,34880,mammalia,carnivora,canidae,TRUE,TRUE,both,in_gibb_etal=TRUE; in_empres_i=TRUE; deferred_broad_vesiculovirus=FALSE,Alphainfluenzavirus influenzae (H5N1),Influenza (H5N1 avian influenza),PCR/Sequencing,VIRION,1,FALSE,FALSE,FALSE,FALSE,FALSE,FALSE,host_present_in_system,host appears in canonical WHO disease-pathogen-host backbone; role-specific reservoir/amplifier/incidental/dead-end evidence not assessed,low,TRUE,standard_review
Influenza (H5N1 avian influenza),Alphainfluenzavirus influenzae (H5N1),Alphainfluenzavirus influenzae (H5N1),2955291,Otaria byronia,161932,mammalia,carnivora,otariidae,TRUE,TRUE,both,in_gibb_etal=TRUE; in_empres_i=TRUE; deferred_broad_vesiculovirus=FALSE,Alphainfluenzavirus influenzae (H5N1),Influenza (H5N1 avian influenza),PCR/Sequencing,VIRION,1,FALSE,FALSE,FALSE,FALSE,FALSE,FALSE,host_present_in_system,host appears in canonical WHO disease-pathogen-host backbone; role-specific reservoir/amplifier/incidental/dead-end evidence not assessed,low,TRUE,standard_review
Influenza (H5N1 avian influenza),Alphainfluenzavirus influenzae (H5N1),Alphainfluenzavirus influenzae (H5N1),2955291,Paguma larvata,9675,mammalia,carnivora,viverridae,TRUE,TRUE,both,in_gibb_etal=TRUE; in_empres_i=TRUE; deferred_broad_vesiculovirus=FALSE,Alphainfluenzavirus influenzae (H5N1),Influenza (H5N1 avian influenza),PCR/Sequencing,VIRION,1,FALSE,FALSE,FALSE,FALSE,FALSE,FALSE,host_present_in_system,host appears in canonical WHO disease-pathogen-host backbone; role-specific reservoir/amplifier/incidental/dead-end evidence not assessed,low,TRUE,standard_review
Influenza (H5N1 avian influenza),Alphainfluenzavirus influenzae (H5N1),Alphainfluenzavirus influenzae (H5N1),2955291,Panthera leo,9689,mammalia,carnivora,felidae,TRUE,TRUE,both,in_gibb_etal=TRUE; in_empres_i=TRUE; deferred_broad_vesiculovirus=FALSE,Alphainfluenzavirus influenzae (H5N1),Influenza (H5N1 avian influenza),PCR/Sequencing,VIRION,1,FALSE,FALSE,FALSE,FALSE,FALSE,FALSE,host_present_in_system,host appears in canonical WHO disease-pathogen-host backbone; role-specific reservoir/amplifier/incidental/dead-end evidence not assessed,low,TRUE,standard_review
Influenza (H5N1 avian influenza),Alphainfluenzavirus influenzae (H5N1),Alphainfluenzavirus influenzae (H5N1),11320; 2955291,Panthera pardus,9691,mammalia,carnivora,felidae,TRUE,TRUE,both,in_gibb_etal=TRUE; in_empres_i=TRUE; deferred_broad_vesiculovirus=FALSE,Alphainfluenzavirus influenzae (H5N1),Influenza (H5N1 avian influenza),PCR/Sequencing,VIRION,2,FALSE,FALSE,FALSE,FALSE,FALSE,FALSE,host_present_in_system,host appears in canonical WHO disease-pathogen-host backbone; role-specific reservoir/amplifier/incidental/dead-end evidence not assessed,low,TRUE,standard_review
Influenza (H5N1 avian influenza),Alphainfluenzavirus influenzae (H5N1),Alphainfluenzavirus influenzae (H5N1),2955291,Panthera tigris,74535,mammalia,carnivora,felidae,TRUE,TRUE,both,in_gibb_etal=TRUE; in_empres_i=TRUE; deferred_broad_vesiculovirus=FALSE,Alphainfluenzavirus influenzae (H5N1),Influenza (H5N1 avian influenza),PCR/Sequencing,VIRION,1,FALSE,FALSE,FALSE,FALSE,FALSE,FALSE,host_present_in_system,host appears in canonical WHO disease-pathogen-host backbone; role-specific reservoir/amplifier/incidental/dead-end evidence not assessed,low,TRUE,standard_review
Influenza (H5N1 avian influenza),Alphainfluenzavirus influenzae (H5N1),Alphainfluenzavirus influenzae (H5N1),11320; 2955291,Panthera tigris,9694,mammalia,carnivora,felidae,TRUE,TRUE,both,in_gibb_etal=TRUE; in_empres_i=TRUE; deferred_broad_vesiculovirus=FALSE,Alphainfluenzavirus influenzae (H5N1),Influenza (H5N1 avian influenza),PCR/Sequencing,VIRION,2,FALSE,FALSE,FALSE,FALSE,FALSE,FALSE,host_present_in_system,host appears in canonical WHO disease-pathogen-host backbone; role-specific reservoir/amplifier/incidental/dead-end evidence not assessed,low,TRUE,standard_review
Influenza (H5N1 avian influenza),Alphainfluenzavirus influenzae (H5N1),Alphainfluenzavirus influenzae (H5N1),11320; 2955291,Phoca vitulina,9720,mammalia,carnivora,phocidae,TRUE,TRUE,both,in_gibb_etal=TRUE; in_empres_i=TRUE; deferred_broad_vesiculovirus=FALSE,Alphainfluenzavirus influenzae (H5N1),Influenza (H5N1 avian influenza),Antibodies; Isolation/Observation; PCR/Sequencing; PCR/Sequencing,VIRION,2,FALSE,FALSE,FALSE,FALSE,FALSE,FALSE,host_present_in_system,host appears in canonical WHO disease-pathogen-host backbone; role-specific reservoir/amplifier/incidental/dead-end evidence not assessed,low,TRUE,standard_review
Influenza (H5N1 avian influenza),Alphainfluenzavirus influenzae (H5N1),Alphainfluenzavirus influenzae (H5N1),11320; 2955291,Procyon lotor,9654,mammalia,carnivora,procyonidae,TRUE,TRUE,both,in_gibb_etal=TRUE; in_empres_i=TRUE; deferred_broad_vesiculovirus=FALSE,Alphainfluenzavirus influenzae (H5N1),Influenza (H5N1 avian influenza),Antibodies; PCR/Sequencing,VIRION,2,FALSE,FALSE,FALSE,FALSE,FALSE,FALSE,host_present_in_system,host appears in canonical WHO disease-pathogen-host backbone; role-specific reservoir/amplifier/incidental/dead-end evidence not assessed,low,TRUE,standard_review
Influenza (H5N1 avian influenza),Alphainfluenzavirus influenzae (H5N1),Alphainfluenzavirus influenzae (H5N1),2955291,Puma concolor,9696,mammalia,carnivora,felidae,TRUE,TRUE,both,in_gibb_etal=TRUE; in_empres_i=TRUE; deferred_broad_vesiculovirus=FALSE,Alphainfluenzavirus influenzae (H5N1),Influenza (H5N1 avian influenza),PCR/Sequencing,VIRION,1,FALSE,FALSE,FALSE,FALSE,FALSE,FALSE,host_present_in_system,host appears in canonical WHO disease-pathogen-host backbone; role-specific reservoir/amplifier/incidental/dead-end evidence not assessed,low,TRUE,standard_review
Influenza (H5N1 avian influenza),Alphainfluenzavirus influenzae (H5N1),Alphainfluenzavirus influenzae (H5N1),11320; 2955291,Pusa caspica,693431,mammalia,carnivora,phocidae,TRUE,TRUE,both,in_gibb_etal=TRUE; in_empres_i=TRUE; deferred_broad_vesiculovirus=FALSE,Alphainfluenzavirus influenzae (H5N1),Influenza (H5N1 avian influenza),Antibodies; PCR/Sequencing,VIRION,2,FALSE,FALSE,FALSE,FALSE,FALSE,FALSE,host_present_in_system,host appears in canonical WHO disease-pathogen-host backbone; role-specific reservoir/amplifier/incidental/dead-end evidence not assessed,low,TRUE,standard_review
Influenza (H5N1 avian influenza),Alphainfluenzavirus influenzae (H5N1),Alphainfluenzavirus influenzae (H5N1),2955291,Suricata suricatta,37032,mammalia,carnivora,herpestidae,TRUE,TRUE,both,in_gibb_etal=TRUE; in_empres_i=TRUE; deferred_broad_vesiculovirus=FALSE,Alphainfluenzavirus influenzae (H5N1),Influenza (H5N1 avian influenza),PCR/Sequencing,VIRION,1,FALSE,FALSE,FALSE,FALSE,FALSE,FALSE,host_present_in_system,host appears in canonical WHO disease-pathogen-host backbone; role-specific reservoir/amplifier/incidental/dead-end evidence not assessed,low,TRUE,standard_review
Influenza (H5N1 avian influenza),Alphainfluenzavirus influenzae (H5N1),Alphainfluenzavirus influenzae (H5N1),2955291,Ursus americanus,9643,mammalia,carnivora,ursidae,TRUE,TRUE,both,in_gibb_etal=TRUE; in_empres_i=TRUE; deferred_broad_vesiculovirus=FALSE,Alphainfluenzavirus influenzae (H5N1),Influenza (H5N1 avian influenza),PCR/Sequencing,VIRION,1,FALSE,FALSE,FALSE,FALSE,FALSE,FALSE,host_present_in_system,host appears in canonical WHO disease-pathogen-host backbone; role-specific reservoir/amplifier/incidental/dead-end evidence not assessed,low,TRUE,standard_review
Influenza (H5N1 avian influenza),Alphainfluenzavirus influenzae (H5N1),Alphainfluenzavirus influenzae (H5N1),2955291,Ursus arctos,9644,mammalia,carnivora,ursidae,TRUE,TRUE,both,in_gibb_etal=TRUE; in_empres_i=TRUE; deferred_broad_vesiculovirus=FALSE,Alphainfluenzavirus influenzae (H5N1),Influenza (H5N1 avian influenza),PCR/Sequencing,VIRION,1,FALSE,FALSE,FALSE,FALSE,FALSE,FALSE,host_present_in_system,host appears in canonical WHO disease-pathogen-host backbone; role-specific reservoir/amplifier/incidental/dead-end evidence not assessed,low,TRUE,standard_review
Influenza (H5N1 avian influenza),Alphainfluenzavirus influenzae (H5N1),Alphainfluenzavirus influenzae (H5N1),2955291,Ursus maritimus,29073,mammalia,carnivora,ursidae,TRUE,TRUE,both,in_gibb_etal=TRUE; in_empres_i=TRUE; deferred_broad_vesiculovirus=FALSE,Alphainfluenzavirus influenzae (H5N1),Influenza (H5N1 avian influenza),PCR/Sequencing,VIRION,1,FALSE,FALSE,FALSE,FALSE,FALSE,FALSE,host_present_in_system,host appears in canonical WHO disease-pathogen-host backbone; role-specific reservoir/amplifier/incidental/dead-end evidence not assessed,low,TRUE,standard_review
Influenza (H5N1 avian influenza),Alphainfluenzavirus influenzae (H5N1),Alphainfluenzavirus influenzae (H5N1),2955291,Vulpes vulpes,9627,mammalia,carnivora,canidae,TRUE,TRUE,both,in_gibb_etal=TRUE; in_empres_i=TRUE; deferred_broad_vesiculovirus=FALSE,Alphainfluenzavirus influenzae (H5N1),Influenza (H5N1 avian influenza),PCR/Sequencing,VIRION,1,FALSE,FALSE,FALSE,FALSE,FALSE,FALSE,host_present_in_system,host appears in canonical WHO disease-pathogen-host backbone; role-specific reservoir/amplifier/incidental/dead-end evidence not assessed,low,TRUE,standard_review
Influenza (H5N1 avian influenza),Alphainfluenzavirus influenzae (H5N1),Alphainfluenzavirus influenzae (H5N1),2955291,Zalophus californianus,9704,mammalia,carnivora,otariidae,TRUE,TRUE,both,in_gibb_etal=TRUE; in_empres_i=TRUE; deferred_broad_vesiculovirus=FALSE,Alphainfluenzavirus influenzae (H5N1),Influenza (H5N1 avian influenza),PCR/Sequencing,VIRION,1,FALSE,FALSE,FALSE,FALSE,FALSE,FALSE,host_present_in_system,host appears in canonical WHO disease-pathogen-host backbone; role-specific reservoir/amplifier/incidental/dead-end evidence not assessed,low,TRUE,standard_review
Influenza (H5N1 avian influenza),Alphainfluenzavirus influenzae (H5N1),Alphainfluenzavirus influenzae (H5N1),2955291,Didelphis virginiana,9267,mammalia,didelphimorphia,didelphidae,TRUE,TRUE,both,in_gibb_etal=TRUE; in_empres_i=TRUE; deferred_broad_vesiculovirus=FALSE,Alphainfluenzavirus influenzae (H5N1),Influenza (H5N1 avian influenza),PCR/Sequencing,VIRION,1,FALSE,FALSE,FALSE,FALSE,FALSE,FALSE,host_present_in_system,host appears in canonical WHO disease-pathogen-host backbone; role-specific reservoir/amplifier/incidental/dead-end evidence not assessed,low,TRUE,standard_review
Influenza (H5N1 avian influenza),Alphainfluenzavirus influenzae (H5N1),Alphainfluenzavirus influenzae (H5N1),11320,Suncus murinus,9378,mammalia,eulipotyphla,soricidae,TRUE,TRUE,both,in_gibb_etal=TRUE; in_empres_i=TRUE; deferred_broad_vesiculovirus=FALSE,Alphainfluenzavirus influenzae (H5N1),Influenza (H5N1 avian influenza),PCR/Sequencing,VIRION,1,FALSE,FALSE,FALSE,FALSE,FALSE,FALSE,host_present_in_system,host appears in canonical WHO disease-pathogen-host backbone; role-specific reservoir/amplifier/incidental/dead-end evidence not assessed,low,TRUE,standard_review
Influenza (H5N1 avian influenza),Alphainfluenzavirus influenzae (H5N1),Alphainfluenzavirus influenzae (H5N1),11320; 2955291,Ochotona curzoniae,130825,mammalia,lagomorpha,ochotonidae,TRUE,TRUE,both,in_gibb_etal=TRUE; in_empres_i=TRUE; deferred_broad_vesiculovirus=FALSE,Alphainfluenzavirus influenzae (H5N1),Influenza (H5N1 avian influenza),PCR/Sequencing,VIRION,2,FALSE,FALSE,FALSE,FALSE,FALSE,FALSE,host_present_in_system,host appears in canonical WHO disease-pathogen-host backbone; role-specific reservoir/amplifier/incidental/dead-end evidence not assessed,low,TRUE,standard_review
Influenza (H5N1 avian influenza),Alphainfluenzavirus influenzae (H5N1),Alphainfluenzavirus influenzae (H5N1),11320; 2955291,Equus asinus,9793,mammalia,perissodactyla,equidae,TRUE,TRUE,both,in_gibb_etal=TRUE; in_empres_i=TRUE; deferred_broad_vesiculovirus=FALSE,Alphainfluenzavirus influenzae (H5N1),Influenza (H5N1 avian influenza),PCR/Sequencing,VIRION,2,FALSE,FALSE,FALSE,FALSE,FALSE,FALSE,host_present_in_system,host appears in canonical WHO disease-pathogen-host backbone; role-specific reservoir/amplifier/incidental/dead-end evidence not assessed,low,TRUE,standard_review
Influenza (H5N1 avian influenza),Alphainfluenzavirus influenzae (H5N1),Alphainfluenzavirus influenzae (H5N1),11320; 2955291,Myrmecophaga tridactyla,71006,mammalia,pilosa,myrmecophagidae,TRUE,TRUE,both,in_gibb_etal=TRUE; in_empres_i=TRUE; deferred_broad_vesiculovirus=FALSE,Alphainfluenzavirus influenzae (H5N1),Influenza (H5N1 avian influenza),PCR/Sequencing,VIRION,2,FALSE,FALSE,FALSE,FALSE,FALSE,FALSE,host_present_in_system,host appears in canonical WHO disease-pathogen-host backbone; role-specific reservoir/amplifier/incidental/dead-end evidence not assessed,low,TRUE,standard_review
Influenza (H5N1 avian influenza),Alphainfluenzavirus influenzae (H5N1),Alphainfluenzavirus influenzae (H5N1),11320,Alligator sinensis,38654,reptilia,crocodylia,alligatoridae,TRUE,TRUE,both,in_gibb_etal=TRUE; in_empres_i=TRUE; deferred_broad_vesiculovirus=FALSE,Alphainfluenzavirus influenzae (H5N1),Influenza (H5N1 avian influenza),PCR/Sequencing,VIRION,1,FALSE,FALSE,FALSE,FALSE,FALSE,FALSE,host_present_in_system,host appears in canonical WHO disease-pathogen-host backbone; role-specific reservoir/amplifier/incidental/dead-end evidence not assessed,low,TRUE,standard_review
Influenza (H5N1 avian influenza),Alphainfluenzavirus influenzae (H5N1),Alphainfluenzavirus influenzae (H5N1),11320,Caiman latirostris,190476,reptilia,crocodylia,alligatoridae,TRUE,TRUE,both,in_gibb_etal=TRUE; in_empres_i=TRUE; deferred_broad_vesiculovirus=FALSE,Alphainfluenzavirus influenzae (H5N1),Influenza (H5N1 avian influenza),PCR/Sequencing,VIRION,1,FALSE,FALSE,FALSE,FALSE,FALSE,FALSE,host_present_in_system,host appears in canonical WHO disease-pathogen-host backbone; role-specific reservoir/amplifier/incidental/dead-end evidence not assessed,low,TRUE,standard_review
Influenza (H5N1 avian influenza),Alphainfluenzavirus influenzae (H5N1),Alphainfluenzavirus influenzae (H5N1),11320,Crocodylus niloticus,8501,reptilia,crocodylia,crocodylidae,TRUE,TRUE,both,in_gibb_etal=TRUE; in_empres_i=TRUE; deferred_broad_vesiculovirus=FALSE,Alphainfluenzavirus influenzae (H5N1),Influenza (H5N1 avian influenza),PCR/Sequencing,VIRION,1,FALSE,FALSE,FALSE,FALSE,FALSE,FALSE,host_present_in_system,host appears in canonical WHO disease-pathogen-host backbone; role-specific reservoir/amplifier/incidental/dead-end evidence not assessed,low,TRUE,standard_review
Influenza (H5N1 avian influenza),Alphainfluenzavirus influenzae (H5N1),Alphainfluenzavirus influenzae (H5N1),11320,Paleosuchus trigonatus,38658,reptilia,crocodylia,alligatoridae,TRUE,TRUE,both,in_gibb_etal=TRUE; in_empres_i=TRUE; deferred_broad_vesiculovirus=FALSE,Alphainfluenzavirus influenzae (H5N1),Influenza (H5N1 avian influenza),PCR/Sequencing,VIRION,1,FALSE,FALSE,FALSE,FALSE,FALSE,FALSE,host_present_in_system,host appears in canonical WHO disease-pathogen-host backbone; role-specific reservoir/amplifier/incidental/dead-end evidence not assessed,low,TRUE,standard_review
Influenza (H5N1 avian influenza),Alphainfluenzavirus influenzae (H5N1),Alphainfluenzavirus influenzae (H5N1),2955291,Anas,42806,,,,TRUE,TRUE,both,in_gibb_etal=TRUE; in_empres_i=TRUE; deferred_broad_vesiculovirus=FALSE,Alphainfluenzavirus influenzae (H5N1),Influenza (H5N1 avian influenza),PCR/Sequencing,VIRION,1,FALSE,FALSE,,,,,host_present_in_system,host appears in canonical WHO disease-pathogen-host backbone; role-specific reservoir/amplifier/incidental/dead-end evidence not assessed,low,TRUE,standard_review
Influenza (H5N1 avian influenza),Alphainfluenzavirus influenzae (H5N1),Alphainfluenzavirus influenzae (H5N1),2955291,Anas diazi,75841,,,,TRUE,TRUE,both,in_gibb_etal=TRUE; in_empres_i=TRUE; deferred_broad_vesiculovirus=FALSE,Alphainfluenzavirus influenzae (H5N1),Influenza (H5N1 avian influenza),PCR/Sequencing,VIRION,1,FALSE,FALSE,,,,,host_present_in_system,host appears in canonical WHO disease-pathogen-host backbone; role-specific reservoir/amplifier/incidental/dead-end evidence not assessed,low,TRUE,standard_review
Influenza (H5N1 avian influenza),Alphainfluenzavirus influenzae (H5N1),Alphainfluenzavirus influenzae (H5N1),2955291,Anatidae,1867944,,,,TRUE,TRUE,both,in_gibb_etal=TRUE; in_empres_i=TRUE; deferred_broad_vesiculovirus=FALSE,Alphainfluenzavirus influenzae (H5N1),Influenza (H5N1 avian influenza),PCR/Sequencing,VIRION,1,FALSE,FALSE,,,,,host_present_in_system,host appears in canonical WHO disease-pathogen-host backbone; role-specific reservoir/amplifier/incidental/dead-end evidence not assessed,low,TRUE,standard_review
Influenza (H5N1 avian influenza),Alphainfluenzavirus influenzae (H5N1),Alphainfluenzavirus influenzae (H5N1),2955291,Anser,8847,,,,TRUE,TRUE,both,in_gibb_etal=TRUE; in_empres_i=TRUE; deferred_broad_vesiculovirus=FALSE,Alphainfluenzavirus influenzae (H5N1),Influenza (H5N1 avian influenza),PCR/Sequencing,VIRION,1,FALSE,FALSE,,,,,host_present_in_system,host appears in canonical WHO disease-pathogen-host backbone; role-specific reservoir/amplifier/incidental/dead-end evidence not assessed,low,TRUE,standard_review
Influenza (H5N1 avian influenza),Alphainfluenzavirus influenzae (H5N1),Alphainfluenzavirus influenzae (H5N1),11320; 2955291,Anser cygnoides,8845,,,,TRUE,TRUE,both,in_gibb_etal=TRUE; in_empres_i=TRUE; deferred_broad_vesiculovirus=FALSE,Alphainfluenzavirus influenzae (H5N1),Influenza (H5N1 avian influenza),PCR/Sequencing,VIRION,2,FALSE,FALSE,,,,,host_present_in_system,host appears in canonical WHO disease-pathogen-host backbone; role-specific reservoir/amplifier/incidental/dead-end evidence not assessed,low,TRUE,standard_review
Influenza (H5N1 avian influenza),Alphainfluenzavirus influenzae (H5N1),Alphainfluenzavirus influenzae (H5N1),2955291,Antigone canadensis,1977160,,,,TRUE,TRUE,both,in_gibb_etal=TRUE; in_empres_i=TRUE; deferred_broad_vesiculovirus=FALSE,Alphainfluenzavirus influenzae (H5N1),Influenza (H5N1 avian influenza),PCR/Sequencing,VIRION,1,FALSE,FALSE,,,,,host_present_in_system,host appears in canonical WHO disease-pathogen-host backbone; role-specific reservoir/amplifier/incidental/dead-end evidence not assessed,low,TRUE,standard_review
Influenza (H5N1 avian influenza),Alphainfluenzavirus influenzae (H5N1),Alphainfluenzavirus influenzae (H5N1),2955291,Antigone vipio,2717088,,,,TRUE,TRUE,both,in_gibb_etal=TRUE; in_empres_i=TRUE; deferred_broad_vesiculovirus=FALSE,Alphainfluenzavirus influenzae (H5N1),Influenza (H5N1 avian influenza),PCR/Sequencing,VIRION,1,FALSE,FALSE,,,,,host_present_in_system,host appears in canonical WHO disease-pathogen-host backbone; role-specific reservoir/amplifier/incidental/dead-end evidence not assessed,low,TRUE,standard_review
Influenza (H5N1 avian influenza),Alphainfluenzavirus influenzae (H5N1),Alphainfluenzavirus influenzae (H5N1),2955291,Astur gentilis,258924,,,,TRUE,TRUE,both,in_gibb_etal=TRUE; in_empres_i=TRUE; deferred_broad_vesiculovirus=FALSE,Alphainfluenzavirus influenzae (H5N1),Influenza (H5N1 avian influenza),PCR/Sequencing,VIRION,1,FALSE,FALSE,,,,,host_present_in_system,host appears in canonical WHO disease-pathogen-host backbone; role-specific reservoir/amplifier/incidental/dead-end evidence not assessed,low,TRUE,standard_review
Influenza (H5N1 avian influenza),Alphainfluenzavirus influenzae (H5N1),Alphainfluenzavirus influenzae (H5N1),2955291,Astur gentilis,8957,,,,TRUE,TRUE,both,in_gibb_etal=TRUE; in_empres_i=TRUE; deferred_broad_vesiculovirus=FALSE,Alphainfluenzavirus influenzae (H5N1),Influenza (H5N1 avian influenza),PCR/Sequencing,VIRION,1,FALSE,FALSE,,,,,host_present_in_system,host appears in canonical WHO disease-pathogen-host backbone; role-specific reservoir/amplifier/incidental/dead-end evidence not assessed,low,TRUE,standard_review
Influenza (H5N1 avian influenza),Alphainfluenzavirus influenzae (H5N1),Alphainfluenzavirus influenzae (H5N1),11320; 2955291,Bos grunniens,30521,,,,TRUE,TRUE,both,in_gibb_etal=TRUE; in_empres_i=TRUE; deferred_broad_vesiculovirus=FALSE,Alphainfluenzavirus influenzae (H5N1),Influenza (H5N1 avian influenza),Antibodies; PCR/Sequencing,VIRION,2,FALSE,FALSE,,,,,host_present_in_system,host appears in canonical WHO disease-pathogen-host backbone; role-specific reservoir/amplifier/incidental/dead-end evidence not assessed,low,TRUE,standard_review
Influenza (H5N1 avian influenza),Alphainfluenzavirus influenzae (H5N1),Alphainfluenzavirus influenzae (H5N1),11320; 2955291,Butorides virescens,110671,,,,TRUE,TRUE,both,in_gibb_etal=TRUE; in_empres_i=TRUE; deferred_broad_vesiculovirus=FALSE,Alphainfluenzavirus influenzae (H5N1),Influenza (H5N1 avian influenza),PCR/Sequencing,VIRION,2,FALSE,FALSE,,,,,host_present_in_system,host appears in canonical WHO disease-pathogen-host backbone; role-specific reservoir/amplifier/incidental/dead-end evidence not assessed,low,TRUE,standard_review
Influenza (H5N1 avian influenza),Alphainfluenzavirus influenzae (H5N1),Alphainfluenzavirus influenzae (H5N1),2955291,Cercopithecus mitis kandti,1137481,,,,TRUE,TRUE,both,in_gibb_etal=TRUE; in_empres_i=TRUE; deferred_broad_vesiculovirus=FALSE,Alphainfluenzavirus influenzae (H5N1),Influenza (H5N1 avian influenza),PCR/Sequencing,VIRION,1,FALSE,FALSE,,,,,host_present_in_system,host appears in canonical WHO disease-pathogen-host backbone; role-specific reservoir/amplifier/incidental/dead-end evidence not assessed,low,TRUE,standard_review
Influenza (H5N1 avian influenza),Alphainfluenzavirus influenzae (H5N1),Alphainfluenzavirus influenzae (H5N1),11320; 2955291,Chroicocephalus brunnicephalus,2772041,,,,TRUE,TRUE,both,in_gibb_etal=TRUE; in_empres_i=TRUE; deferred_broad_vesiculovirus=FALSE,Alphainfluenzavirus influenzae (H5N1),Influenza (H5N1 avian influenza),PCR/Sequencing,VIRION,2,FALSE,FALSE,,,,,host_present_in_system,host appears in canonical WHO disease-pathogen-host backbone; role-specific reservoir/amplifier/incidental/dead-end evidence not assessed,low,TRUE,standard_review
Influenza (H5N1 avian influenza),Alphainfluenzavirus influenzae (H5N1),Alphainfluenzavirus influenzae (H5N1),2955291,Chroicocephalus cirrocephalus,1192863,,,,TRUE,TRUE,both,in_gibb_etal=TRUE; in_empres_i=TRUE; deferred_broad_vesiculovirus=FALSE,Alphainfluenzavirus influenzae (H5N1),Influenza (H5N1 avian influenza),PCR/Sequencing,VIRION,1,FALSE,FALSE,,,,,host_present_in_system,host appears in canonical WHO disease-pathogen-host backbone; role-specific reservoir/amplifier/incidental/dead-end evidence not assessed,low,TRUE,standard_review
Influenza (H5N1 avian influenza),Alphainfluenzavirus influenzae (H5N1),Alphainfluenzavirus influenzae (H5N1),2955291,Chroicocephalus genei,1569666,,,,TRUE,TRUE,both,in_gibb_etal=TRUE; in_empres_i=TRUE; deferred_broad_vesiculovirus=FALSE,Alphainfluenzavirus influenzae (H5N1),Influenza (H5N1 avian influenza),PCR/Sequencing,VIRION,1,FALSE,FALSE,,,,,host_present_in_system,host appears in canonical WHO disease-pathogen-host backbone; role-specific reservoir/amplifier/incidental/dead-end evidence not assessed,low,TRUE,standard_review
Influenza (H5N1 avian influenza),Alphainfluenzavirus influenzae (H5N1),Alphainfluenzavirus influenzae (H5N1),2955291,Chroicocephalus maculipennis,287016,,,,TRUE,TRUE,both,in_gibb_etal=TRUE; in_empres_i=TRUE; deferred_broad_vesiculovirus=FALSE,Alphainfluenzavirus influenzae (H5N1),Influenza (H5N1 avian influenza),PCR/Sequencing,VIRION,1,FALSE,FALSE,,,,,host_present_in_system,host appears in canonical WHO disease-pathogen-host backbone; role-specific reservoir/amplifier/incidental/dead-end evidence not assessed,low,TRUE,standard_review
Influenza (H5N1 avian influenza),Alphainfluenzavirus influenzae (H5N1),Alphainfluenzavirus influenzae (H5N1),11320; 2955291,Chroicocephalus novaehollandiae,2547444,,,,TRUE,TRUE,both,in_gibb_etal=TRUE; in_empres_i=TRUE; deferred_broad_vesiculovirus=FALSE,Alphainfluenzavirus influenzae (H5N1),Influenza (H5N1 avian influenza),PCR/Sequencing,VIRION,2,FALSE,FALSE,,,,,host_present_in_system,host appears in canonical WHO disease-pathogen-host backbone; role-specific reservoir/amplifier/incidental/dead-end evidence not assessed,low,TRUE,standard_review
Influenza (H5N1 avian influenza),Alphainfluenzavirus influenzae (H5N1),Alphainfluenzavirus influenzae (H5N1),2955291,Chroicocephalus philadelphia,3149563,,,,TRUE,TRUE,both,in_gibb_etal=TRUE; in_empres_i=TRUE; deferred_broad_vesiculovirus=FALSE,Alphainfluenzavirus influenzae (H5N1),Influenza (H5N1 avian influenza),PCR/Sequencing,VIRION,1,FALSE,FALSE,,,,,host_present_in_system,host appears in canonical WHO disease-pathogen-host backbone; role-specific reservoir/amplifier/incidental/dead-end evidence not assessed,low,TRUE,standard_review
Influenza (H5N1 avian influenza),Alphainfluenzavirus influenzae (H5N1),Alphainfluenzavirus influenzae (H5N1),11320; 2955291,Chroicocephalus ridibundus,1192867,,,,TRUE,TRUE,both,in_gibb_etal=TRUE; in_empres_i=TRUE; deferred_broad_vesiculovirus=FALSE,Alphainfluenzavirus influenzae (H5N1),Influenza (H5N1 avian influenza),Isolation/Observation; PCR/Sequencing; PCR/Sequencing,VIRION,2,FALSE,FALSE,,,,,host_present_in_system,host appears in canonical WHO disease-pathogen-host backbone; role-specific reservoir/amplifier/incidental/dead-end evidence not assessed,low,TRUE,standard_review
Influenza (H5N1 avian influenza),Alphainfluenzavirus influenzae (H5N1),Alphainfluenzavirus influenzae (H5N1),11320; 2955291,Coloeus monedula,30423,,,,TRUE,TRUE,both,in_gibb_etal=TRUE; in_empres_i=TRUE; deferred_broad_vesiculovirus=FALSE,Alphainfluenzavirus influenzae (H5N1),Influenza (H5N1 avian influenza),PCR/Sequencing,VIRION,2,FALSE,FALSE,,,,,host_present_in_system,host appears in canonical WHO disease-pathogen-host backbone; role-specific reservoir/amplifier/incidental/dead-end evidence not assessed,low,TRUE,standard_review
Influenza (H5N1 avian influenza),Alphainfluenzavirus influenzae (H5N1),Alphainfluenzavirus influenzae (H5N1),2955291,Columba,8933,,,,TRUE,TRUE,both,in_gibb_etal=TRUE; in_empres_i=TRUE; deferred_broad_vesiculovirus=FALSE,Alphainfluenzavirus influenzae (H5N1),Influenza (H5N1 avian influenza),PCR/Sequencing,VIRION,1,FALSE,FALSE,,,,,host_present_in_system,host appears in canonical WHO disease-pathogen-host backbone; role-specific reservoir/amplifier/incidental/dead-end evidence not assessed,low,TRUE,standard_review
Influenza (H5N1 avian influenza),Alphainfluenzavirus influenzae (H5N1),Alphainfluenzavirus influenzae (H5N1),2955291,Cygnus columbianus bewickii,541010,,,,TRUE,TRUE,both,in_gibb_etal=TRUE; in_empres_i=TRUE; deferred_broad_vesiculovirus=FALSE,Alphainfluenzavirus influenzae (H5N1),Influenza (H5N1 avian influenza),PCR/Sequencing,VIRION,1,FALSE,FALSE,,,,,host_present_in_system,host appears in canonical WHO disease-pathogen-host backbone; role-specific reservoir/amplifier/incidental/dead-end evidence not assessed,low,TRUE,standard_review
Influenza (H5N1 avian influenza),Alphainfluenzavirus influenzae (H5N1),Alphainfluenzavirus influenzae (H5N1),2955291,Equus,46122,,,,TRUE,TRUE,both,in_gibb_etal=TRUE; in_empres_i=TRUE; deferred_broad_vesiculovirus=FALSE,Alphainfluenzavirus influenzae (H5N1),Influenza (H5N1 avian influenza),PCR/Sequencing,VIRION,1,FALSE,FALSE,,,,,host_present_in_system,host appears in canonical WHO disease-pathogen-host backbone; role-specific reservoir/amplifier/incidental/dead-end evidence not assessed,low,TRUE,standard_review
Influenza (H5N1 avian influenza),Alphainfluenzavirus influenzae (H5N1),Alphainfluenzavirus influenzae (H5N1),11320; 2955291,Equus przewalskii,9798,,,,TRUE,TRUE,both,in_gibb_etal=TRUE; in_empres_i=TRUE; deferred_broad_vesiculovirus=FALSE,Alphainfluenzavirus influenzae (H5N1),Influenza (H5N1 avian influenza),PCR/Sequencing,VIRION,2,FALSE,FALSE,,,,,host_present_in_system,host appears in canonical WHO disease-pathogen-host backbone; role-specific reservoir/amplifier/incidental/dead-end evidence not assessed,low,TRUE,standard_review
Influenza (H5N1 avian influenza),Alphainfluenzavirus influenzae (H5N1),Alphainfluenzavirus influenzae (H5N1),2955291,Himantopus mexicanus,227231,,,,TRUE,TRUE,both,in_gibb_etal=TRUE; in_empres_i=TRUE; deferred_broad_vesiculovirus=FALSE,Alphainfluenzavirus influenzae (H5N1),Influenza (H5N1 avian influenza),PCR/Sequencing,VIRION,1,FALSE,FALSE,,,,,host_present_in_system,host appears in canonical WHO disease-pathogen-host backbone; role-specific reservoir/amplifier/incidental/dead-end evidence not assessed,low,TRUE,standard_review
Influenza (H5N1 avian influenza),Alphainfluenzavirus influenzae (H5N1),Alphainfluenzavirus influenzae (H5N1),11320; 2955291,Ichthyaetus ichthyaetus,126702,,,,TRUE,TRUE,both,in_gibb_etal=TRUE; in_empres_i=TRUE; deferred_broad_vesiculovirus=FALSE,Alphainfluenzavirus influenzae (H5N1),Influenza (H5N1 avian influenza),PCR/Sequencing,VIRION,2,FALSE,FALSE,,,,,host_present_in_system,host appears in canonical WHO disease-pathogen-host backbone; role-specific reservoir/amplifier/incidental/dead-end evidence not assessed,low,TRUE,standard_review
Influenza (H5N1 avian influenza),Alphainfluenzavirus influenzae (H5N1),Alphainfluenzavirus influenzae (H5N1),11320; 2955291,Ichthyaetus melanocephalus,1288290,,,,TRUE,TRUE,both,in_gibb_etal=TRUE; in_empres_i=TRUE; deferred_broad_vesiculovirus=FALSE,Alphainfluenzavirus influenzae (H5N1),Influenza (H5N1 avian influenza),PCR/Sequencing,VIRION,2,FALSE,FALSE,,,,,host_present_in_system,host appears in canonical WHO disease-pathogen-host backbone; role-specific reservoir/amplifier/incidental/dead-end evidence not assessed,low,TRUE,standard_review
Influenza (H5N1 avian influenza),Alphainfluenzavirus influenzae (H5N1),Alphainfluenzavirus influenzae (H5N1),2955291,Lagenorhynchus acutus,3371109,,,,TRUE,TRUE,both,in_gibb_etal=TRUE; in_empres_i=TRUE; deferred_broad_vesiculovirus=FALSE,Alphainfluenzavirus influenzae (H5N1),Influenza (H5N1 avian influenza),PCR/Sequencing,VIRION,1,FALSE,FALSE,,,,,host_present_in_system,host appears in canonical WHO disease-pathogen-host backbone; role-specific reservoir/amplifier/incidental/dead-end evidence not assessed,low,TRUE,standard_review
Influenza (H5N1 avian influenza),Alphainfluenzavirus influenzae (H5N1),Alphainfluenzavirus influenzae (H5N1),2955291,Larus glaucoides thayeri,126718,,,,TRUE,TRUE,both,in_gibb_etal=TRUE; in_empres_i=TRUE; deferred_broad_vesiculovirus=FALSE,Alphainfluenzavirus influenzae (H5N1),Influenza (H5N1 avian influenza),PCR/Sequencing,VIRION,1,FALSE,FALSE,,,,,host_present_in_system,host appears in canonical WHO disease-pathogen-host backbone; role-specific reservoir/amplifier/incidental/dead-end evidence not assessed,low,TRUE,standard_review
Influenza (H5N1 avian influenza),Alphainfluenzavirus influenzae (H5N1),Alphainfluenzavirus influenzae (H5N1),2955291,Larus vegae,119608,,,,TRUE,TRUE,both,in_gibb_etal=TRUE; in_empres_i=TRUE; deferred_broad_vesiculovirus=FALSE,Alphainfluenzavirus influenzae (H5N1),Influenza (H5N1 avian influenza),PCR/Sequencing,VIRION,1,FALSE,FALSE,,,,,host_present_in_system,host appears in canonical WHO disease-pathogen-host backbone; role-specific reservoir/amplifier/incidental/dead-end evidence not assessed,low,TRUE,standard_review
Influenza (H5N1 avian influenza),Alphainfluenzavirus influenzae (H5N1),Alphainfluenzavirus influenzae (H5N1),2955291,Leptoptilos crumenifer,3150064,,,,TRUE,TRUE,both,in_gibb_etal=TRUE; in_empres_i=TRUE; deferred_broad_vesiculovirus=FALSE,Alphainfluenzavirus influenzae (H5N1),Influenza (H5N1 avian influenza),PCR/Sequencing,VIRION,1,FALSE,FALSE,,,,,host_present_in_system,host appears in canonical WHO disease-pathogen-host backbone; role-specific reservoir/amplifier/incidental/dead-end evidence not assessed,low,TRUE,standard_review
Influenza (H5N1 avian influenza),Alphainfluenzavirus influenzae (H5N1),Alphainfluenzavirus influenzae (H5N1),2955291,Leucocarbo bougainvilliorum,146616,,,,TRUE,TRUE,both,in_gibb_etal=TRUE; in_empres_i=TRUE; deferred_broad_vesiculovirus=FALSE,Alphainfluenzavirus influenzae (H5N1),Influenza (H5N1 avian influenza),PCR/Sequencing,VIRION,1,FALSE,FALSE,,,,,host_present_in_system,host appears in canonical WHO disease-pathogen-host backbone; role-specific reservoir/amplifier/incidental/dead-end evidence not assessed,low,TRUE,standard_review
Influenza (H5N1 avian influenza),Alphainfluenzavirus influenzae (H5N1),Alphainfluenzavirus influenzae (H5N1),2955291,Leucocarbo georgianus,732180,,,,TRUE,TRUE,both,in_gibb_etal=TRUE; in_empres_i=TRUE; deferred_broad_vesiculovirus=FALSE,Alphainfluenzavirus influenzae (H5N1),Influenza (H5N1 avian influenza),PCR/Sequencing,VIRION,1,FALSE,FALSE,,,,,host_present_in_system,host appears in canonical WHO disease-pathogen-host backbone; role-specific reservoir/amplifier/incidental/dead-end evidence not assessed,low,TRUE,standard_review
Influenza (H5N1 avian influenza),Alphainfluenzavirus influenzae (H5N1),Alphainfluenzavirus influenzae (H5N1),11320; 2955291,Leucophaeus atricilla,126679,,,,TRUE,TRUE,both,in_gibb_etal=TRUE; in_empres_i=TRUE; deferred_broad_vesiculovirus=FALSE,Alphainfluenzavirus influenzae (H5N1),Influenza (H5N1 avian influenza),PCR/Sequencing,VIRION,2,FALSE,FALSE,,,,,host_present_in_system,host appears in canonical WHO disease-pathogen-host backbone; role-specific reservoir/amplifier/incidental/dead-end evidence not assessed,low,TRUE,standard_review
Influenza (H5N1 avian influenza),Alphainfluenzavirus influenzae (H5N1),Alphainfluenzavirus influenzae (H5N1),2955291,Leucophaeus modestus,1471025,,,,TRUE,TRUE,both,in_gibb_etal=TRUE; in_empres_i=TRUE; deferred_broad_vesiculovirus=FALSE,Alphainfluenzavirus influenzae (H5N1),Influenza (H5N1 avian influenza),PCR/Sequencing,VIRION,1,FALSE,FALSE,,,,,host_present_in_system,host appears in canonical WHO disease-pathogen-host backbone; role-specific reservoir/amplifier/incidental/dead-end evidence not assessed,low,TRUE,standard_review
Influenza (H5N1 avian influenza),Alphainfluenzavirus influenzae (H5N1),Alphainfluenzavirus influenzae (H5N1),2955291,Leucophaeus pipixcan,690715,,,,TRUE,TRUE,both,in_gibb_etal=TRUE; in_empres_i=TRUE; deferred_broad_vesiculovirus=FALSE,Alphainfluenzavirus influenzae (H5N1),Influenza (H5N1 avian influenza),PCR/Sequencing,VIRION,1,FALSE,FALSE,,,,,host_present_in_system,host appears in canonical WHO disease-pathogen-host backbone; role-specific reservoir/amplifier/incidental/dead-end evidence not assessed,low,TRUE,standard_review
Influenza (H5N1 avian influenza),Alphainfluenzavirus influenzae (H5N1),Alphainfluenzavirus influenzae (H5N1),2955291,Leucophaeus scoresbii,328019,,,,TRUE,TRUE,both,in_gibb_etal=TRUE; in_empres_i=TRUE; deferred_broad_vesiculovirus=FALSE,Alphainfluenzavirus influenzae (H5N1),Influenza (H5N1 avian influenza),PCR/Sequencing,VIRION,1,FALSE,FALSE,,,,,host_present_in_system,host appears in canonical WHO disease-pathogen-host backbone; role-specific reservoir/amplifier/incidental/dead-end evidence not assessed,low,TRUE,standard_review
Influenza (H5N1 avian influenza),Alphainfluenzavirus influenzae (H5N1),Alphainfluenzavirus influenzae (H5N1),2955291,Macaca,9549,,,,TRUE,TRUE,both,in_gibb_etal=TRUE; in_empres_i=TRUE; deferred_broad_vesiculovirus=FALSE,Alphainfluenzavirus influenzae (H5N1),Influenza (H5N1 avian influenza),PCR/Sequencing,VIRION,1,FALSE,FALSE,,,,,host_present_in_system,host appears in canonical WHO disease-pathogen-host backbone; role-specific reservoir/amplifier/incidental/dead-end evidence not assessed,low,TRUE,standard_review
Influenza (H5N1 avian influenza),Alphainfluenzavirus influenzae (H5N1),Alphainfluenzavirus influenzae (H5N1),2955291,Milvago chimango,357707,,,,TRUE,TRUE,both,in_gibb_etal=TRUE; in_empres_i=TRUE; deferred_broad_vesiculovirus=FALSE,Alphainfluenzavirus influenzae (H5N1),Influenza (H5N1 avian influenza),PCR/Sequencing,VIRION,1,FALSE,FALSE,,,,,host_present_in_system,host appears in canonical WHO disease-pathogen-host backbone; role-specific reservoir/amplifier/incidental/dead-end evidence not assessed,low,TRUE,standard_review
Influenza (H5N1 avian influenza),Alphainfluenzavirus influenzae (H5N1),Alphainfluenzavirus influenzae (H5N1),2955291,Mustela,30549,,,,TRUE,TRUE,both,in_gibb_etal=TRUE; in_empres_i=TRUE; deferred_broad_vesiculovirus=FALSE,Alphainfluenzavirus influenzae (H5N1),Influenza (H5N1 avian influenza),PCR/Sequencing,VIRION,1,FALSE,FALSE,,,,,host_present_in_system,host appears in canonical WHO disease-pathogen-host backbone; role-specific reservoir/amplifier/incidental/dead-end evidence not assessed,low,TRUE,standard_review
Influenza (H5N1 avian influenza),Alphainfluenzavirus influenzae (H5N1),Alphainfluenzavirus influenzae (H5N1),11320; 2955291,Nannopterum auritum,56069,,,,TRUE,TRUE,both,in_gibb_etal=TRUE; in_empres_i=TRUE; deferred_broad_vesiculovirus=FALSE,Alphainfluenzavirus influenzae (H5N1),Influenza (H5N1 avian influenza),PCR/Sequencing,VIRION,2,FALSE,FALSE,,,,,host_present_in_system,host appears in canonical WHO disease-pathogen-host backbone; role-specific reservoir/amplifier/incidental/dead-end evidence not assessed,low,TRUE,standard_review
Influenza (H5N1 avian influenza),Alphainfluenzavirus influenzae (H5N1),Alphainfluenzavirus influenzae (H5N1),2955291,Nannopterum brasilianum,37046,,,,TRUE,TRUE,both,in_gibb_etal=TRUE; in_empres_i=TRUE; deferred_broad_vesiculovirus=FALSE,Alphainfluenzavirus influenzae (H5N1),Influenza (H5N1 avian influenza),PCR/Sequencing,VIRION,1,FALSE,FALSE,,,,,host_present_in_system,host appears in canonical WHO disease-pathogen-host backbone; role-specific reservoir/amplifier/incidental/dead-end evidence not assessed,low,TRUE,standard_review
Influenza (H5N1 avian influenza),Alphainfluenzavirus influenzae (H5N1),Alphainfluenzavirus influenzae (H5N1),2955291,Numididae,8997,,,,TRUE,TRUE,both,in_gibb_etal=TRUE; in_empres_i=TRUE; deferred_broad_vesiculovirus=FALSE,Alphainfluenzavirus influenzae (H5N1),Influenza (H5N1 avian influenza),PCR/Sequencing,VIRION,1,FALSE,FALSE,,,,,host_present_in_system,host appears in canonical WHO disease-pathogen-host backbone; role-specific reservoir/amplifier/incidental/dead-end evidence not assessed,low,TRUE,standard_review
Influenza (H5N1 avian influenza),Alphainfluenzavirus influenzae (H5N1),Alphainfluenzavirus influenzae (H5N1),2955291,Pekania pennanti,76720,,,,TRUE,TRUE,both,in_gibb_etal=TRUE; in_empres_i=TRUE; deferred_broad_vesiculovirus=FALSE,Alphainfluenzavirus influenzae (H5N1),Influenza (H5N1 avian influenza),PCR/Sequencing,VIRION,1,FALSE,FALSE,,,,,host_present_in_system,host appears in canonical WHO disease-pathogen-host backbone; role-specific reservoir/amplifier/incidental/dead-end evidence not assessed,low,TRUE,standard_review
Influenza (H5N1 avian influenza),Alphainfluenzavirus influenzae (H5N1),Alphainfluenzavirus influenzae (H5N1),2955291,Phalaropus lobatus,240204,,,,TRUE,TRUE,both,in_gibb_etal=TRUE; in_empres_i=TRUE; deferred_broad_vesiculovirus=FALSE,Alphainfluenzavirus influenzae (H5N1),Influenza (H5N1 avian influenza),PCR/Sequencing,VIRION,1,FALSE,FALSE,,,,,host_present_in_system,host appears in canonical WHO disease-pathogen-host backbone; role-specific reservoir/amplifier/incidental/dead-end evidence not assessed,low,TRUE,standard_review
Influenza (H5N1 avian influenza),Alphainfluenzavirus influenzae (H5N1),Alphainfluenzavirus influenzae (H5N1),2955291,Stercorarius antarcticus,54054,,,,TRUE,TRUE,both,in_gibb_etal=TRUE; in_empres_i=TRUE; deferred_broad_vesiculovirus=FALSE,Alphainfluenzavirus influenzae (H5N1),Influenza (H5N1 avian influenza),PCR/Sequencing,VIRION,1,FALSE,FALSE,,,,,host_present_in_system,host appears in canonical WHO disease-pathogen-host backbone; role-specific reservoir/amplifier/incidental/dead-end evidence not assessed,low,TRUE,standard_review
Influenza (H5N1 avian influenza),Alphainfluenzavirus influenzae (H5N1),Alphainfluenzavirus influenzae (H5N1),2955291,Stercorarius maccormicki,395889,,,,TRUE,TRUE,both,in_gibb_etal=TRUE; in_empres_i=TRUE; deferred_broad_vesiculovirus=FALSE,Alphainfluenzavirus influenzae (H5N1),Influenza (H5N1 avian influenza),PCR/Sequencing,VIRION,1,FALSE,FALSE,,,,,host_present_in_system,host appears in canonical WHO disease-pathogen-host backbone; role-specific reservoir/amplifier/incidental/dead-end evidence not assessed,low,TRUE,standard_review
Influenza (H5N1 avian influenza),Alphainfluenzavirus influenzae (H5N1),Alphainfluenzavirus influenzae (H5N1),2955291,Tyto furcata,507989,,,,TRUE,TRUE,both,in_gibb_etal=TRUE; in_empres_i=TRUE; deferred_broad_vesiculovirus=FALSE,Alphainfluenzavirus influenzae (H5N1),Influenza (H5N1 avian influenza),PCR/Sequencing,VIRION,1,FALSE,FALSE,,,,,host_present_in_system,host appears in canonical WHO disease-pathogen-host backbone; role-specific reservoir/amplifier/incidental/dead-end evidence not assessed,low,TRUE,standard_review
Influenza (H5N1 avian influenza),Alphainfluenzavirus influenzae (H5N1),Alphainfluenzavirus influenzae (H5N1),2955291,Vicugna pacos,30538,,,,TRUE,TRUE,both,in_gibb_etal=TRUE; in_empres_i=TRUE; deferred_broad_vesiculovirus=FALSE,Alphainfluenzavirus influenzae (H5N1),Influenza (H5N1 avian influenza),PCR/Sequencing,VIRION,1,FALSE,FALSE,,,,,host_present_in_system,host appears in canonical WHO disease-pathogen-host backbone; role-specific reservoir/amplifier/incidental/dead-end evidence not assessed,low,TRUE,standard_review
Influenza (H5N1 avian influenza),Alphainfluenzavirus influenzae (H5N1),Alphainfluenzavirus influenzae (H5N1),2955291,actitis hypoleucos,320702,,,,TRUE,TRUE,both,in_gibb_etal=TRUE; in_empres_i=TRUE; deferred_broad_vesiculovirus=FALSE,Alphainfluenzavirus influenzae (H5N1),Influenza (H5N1 avian influenza),PCR/Sequencing,VIRION,1,FALSE,FALSE,,,,,host_present_in_system,host appears in canonical WHO disease-pathogen-host backbone; role-specific reservoir/amplifier/incidental/dead-end evidence not assessed,low,TRUE,standard_review
Influenza (H5N1 avian influenza),Alphainfluenzavirus influenzae (H5N1),Alphainfluenzavirus influenzae (H5N1),2955291,anarhynchus collaris,50395,,,,TRUE,TRUE,both,in_gibb_etal=TRUE; in_empres_i=TRUE; deferred_broad_vesiculovirus=FALSE,Alphainfluenzavirus influenzae (H5N1),Influenza (H5N1 avian influenza),PCR/Sequencing,VIRION,1,FALSE,FALSE,,,,,host_present_in_system,host appears in canonical WHO disease-pathogen-host backbone; role-specific reservoir/amplifier/incidental/dead-end evidence not assessed,low,TRUE,standard_review
Influenza (H5N1 avian influenza),Alphainfluenzavirus influenzae (H5N1),Alphainfluenzavirus influenzae (H5N1),2955291,anarhynchus nivosus,985688,,,,TRUE,TRUE,both,in_gibb_etal=TRUE; in_empres_i=TRUE; deferred_broad_vesiculovirus=FALSE,Alphainfluenzavirus influenzae (H5N1),Influenza (H5N1 avian influenza),PCR/Sequencing,VIRION,1,FALSE,FALSE,,,,,host_present_in_system,host appears in canonical WHO disease-pathogen-host backbone; role-specific reservoir/amplifier/incidental/dead-end evidence not assessed,low,TRUE,standard_review
Influenza (H5N1 avian influenza),Alphainfluenzavirus influenzae (H5N1),Alphainfluenzavirus influenzae (H5N1),2955291,anourosorex squamipes,127560,,,,TRUE,TRUE,both,in_gibb_etal=TRUE; in_empres_i=TRUE; deferred_broad_vesiculovirus=FALSE,Alphainfluenzavirus influenzae (H5N1),Influenza (H5N1 avian influenza),PCR/Sequencing,VIRION,1,FALSE,FALSE,,,,,host_present_in_system,host appears in canonical WHO disease-pathogen-host backbone; role-specific reservoir/amplifier/incidental/dead-end evidence not assessed,low,TRUE,standard_review
Influenza (H5N1 avian influenza),Alphainfluenzavirus influenzae (H5N1),Alphainfluenzavirus influenzae (H5N1),2955291,anous stolidus,297802,,,,TRUE,TRUE,both,in_gibb_etal=TRUE; in_empres_i=TRUE; deferred_broad_vesiculovirus=FALSE,Alphainfluenzavirus influenzae (H5N1),Influenza (H5N1 avian influenza),PCR/Sequencing,VIRION,1,FALSE,FALSE,,,,,host_present_in_system,host appears in canonical WHO disease-pathogen-host backbone; role-specific reservoir/amplifier/incidental/dead-end evidence not assessed,low,TRUE,standard_review
Influenza (H5N1 avian influenza),Alphainfluenzavirus influenzae (H5N1),Alphainfluenzavirus influenzae (H5N1),2955291,aptenodytes patagonicus,9234,,,,TRUE,TRUE,both,in_gibb_etal=TRUE; in_empres_i=TRUE; deferred_broad_vesiculovirus=FALSE,Alphainfluenzavirus influenzae (H5N1),Influenza (H5N1 avian influenza),PCR/Sequencing,VIRION,1,FALSE,FALSE,,,,,host_present_in_system,host appears in canonical WHO disease-pathogen-host backbone; role-specific reservoir/amplifier/incidental/dead-end evidence not assessed,low,TRUE,standard_review
Influenza (H5N1 avian influenza),Alphainfluenzavirus influenzae (H5N1),Alphainfluenzavirus influenzae (H5N1),11320,callorhinus ursinus,34884,,,,TRUE,TRUE,both,in_gibb_etal=TRUE; in_empres_i=TRUE; deferred_broad_vesiculovirus=FALSE,Alphainfluenzavirus influenzae (H5N1),Influenza (H5N1 avian influenza),Antibodies,VIRION,1,FALSE,FALSE,,,,,host_present_in_system,host appears in canonical WHO disease-pathogen-host backbone; role-specific reservoir/amplifier/incidental/dead-end evidence not assessed,low,TRUE,standard_review
Influenza (H5N1 avian influenza),Alphainfluenzavirus influenzae (H5N1),Alphainfluenzavirus influenzae (H5N1),2955291,chloris sinica,1897774,,,,TRUE,TRUE,both,in_gibb_etal=TRUE; in_empres_i=TRUE; deferred_broad_vesiculovirus=FALSE,Alphainfluenzavirus influenzae (H5N1),Influenza (H5N1 avian influenza),PCR/Sequencing,VIRION,1,FALSE,FALSE,,,,,host_present_in_system,host appears in canonical WHO disease-pathogen-host backbone; role-specific reservoir/amplifier/incidental/dead-end evidence not assessed,low,TRUE,standard_review
Influenza (H5N1 avian influenza),Alphainfluenzavirus influenzae (H5N1),Alphainfluenzavirus influenzae (H5N1),2955291,crocidura lasiura,167043,,,,TRUE,TRUE,both,in_gibb_etal=TRUE; in_empres_i=TRUE; deferred_broad_vesiculovirus=FALSE,Alphainfluenzavirus influenzae (H5N1),Influenza (H5N1 avian influenza),PCR/Sequencing,VIRION,1,FALSE,FALSE,,,,,host_present_in_system,host appears in canonical WHO disease-pathogen-host backbone; role-specific reservoir/amplifier/incidental/dead-end evidence not assessed,low,TRUE,standard_review
Influenza (H5N1 avian influenza),Alphainfluenzavirus influenzae (H5N1),Alphainfluenzavirus influenzae (H5N1),2955291,crocidura shantungensis,183721,,,,TRUE,TRUE,both,in_gibb_etal=TRUE; in_empres_i=TRUE; deferred_broad_vesiculovirus=FALSE,Alphainfluenzavirus influenzae (H5N1),Influenza (H5N1 avian influenza),PCR/Sequencing,VIRION,1,FALSE,FALSE,,,,,host_present_in_system,host appears in canonical WHO disease-pathogen-host backbone; role-specific reservoir/amplifier/incidental/dead-end evidence not assessed,low,TRUE,standard_review
Influenza (H5N1 avian influenza),Alphainfluenzavirus influenzae (H5N1),Alphainfluenzavirus influenzae (H5N1),11320,cynopterus sphinx,9400,,,,TRUE,TRUE,both,in_gibb_etal=TRUE; in_empres_i=TRUE; deferred_broad_vesiculovirus=FALSE,Alphainfluenzavirus influenzae (H5N1),Influenza (H5N1 avian influenza),Antibodies,VIRION,1,FALSE,FALSE,,,,,host_present_in_system,host appears in canonical WHO disease-pathogen-host backbone; role-specific reservoir/amplifier/incidental/dead-end evidence not assessed,low,TRUE,standard_review
Influenza (H5N1 avian influenza),Alphainfluenzavirus influenzae (H5N1),Alphainfluenzavirus influenzae (H5N1),11320,cystophora cristata,39293,,,,TRUE,TRUE,both,in_gibb_etal=TRUE; in_empres_i=TRUE; deferred_broad_vesiculovirus=FALSE,Alphainfluenzavirus influenzae (H5N1),Influenza (H5N1 avian influenza),Antibodies,VIRION,1,FALSE,FALSE,,,,,host_present_in_system,host appears in canonical WHO disease-pathogen-host backbone; role-specific reservoir/amplifier/incidental/dead-end evidence not assessed,low,TRUE,standard_review
Influenza (H5N1 avian influenza),Alphainfluenzavirus influenzae (H5N1),Alphainfluenzavirus influenzae (H5N1),11320,delphinapterus leucas,9749,,,,TRUE,TRUE,both,in_gibb_etal=TRUE; in_empres_i=TRUE; deferred_broad_vesiculovirus=FALSE,Alphainfluenzavirus influenzae (H5N1),Influenza (H5N1 avian influenza),Antibodies,VIRION,1,FALSE,FALSE,,,,,host_present_in_system,host appears in canonical WHO disease-pathogen-host backbone; role-specific reservoir/amplifier/incidental/dead-end evidence not assessed,low,TRUE,standard_review
Influenza (H5N1 avian influenza),Alphainfluenzavirus influenzae (H5N1),Alphainfluenzavirus influenzae (H5N1),2955291,furnarius rufus,81886,,,,TRUE,TRUE,both,in_gibb_etal=TRUE; in_empres_i=TRUE; deferred_broad_vesiculovirus=FALSE,Alphainfluenzavirus influenzae (H5N1),Influenza (H5N1 avian influenza),PCR/Sequencing,VIRION,1,FALSE,FALSE,,,,,host_present_in_system,host appears in canonical WHO disease-pathogen-host backbone; role-specific reservoir/amplifier/incidental/dead-end evidence not assessed,low,TRUE,standard_review
Influenza (H5N1 avian influenza),Alphainfluenzavirus influenzae (H5N1),Alphainfluenzavirus influenzae (H5N1),2955291,grus americana,9117,,,,TRUE,TRUE,both,in_gibb_etal=TRUE; in_empres_i=TRUE; deferred_broad_vesiculovirus=FALSE,Alphainfluenzavirus influenzae (H5N1),Influenza (H5N1 avian influenza),PCR/Sequencing,VIRION,1,FALSE,FALSE,,,,,host_present_in_system,host appears in canonical WHO disease-pathogen-host backbone; role-specific reservoir/amplifier/incidental/dead-end evidence not assessed,low,TRUE,standard_review
Influenza (H5N1 avian influenza),Alphainfluenzavirus influenzae (H5N1),Alphainfluenzavirus influenzae (H5N1),2955291,larus brachyrhynchus,666865,,,,TRUE,TRUE,both,in_gibb_etal=TRUE; in_empres_i=TRUE; deferred_broad_vesiculovirus=FALSE,Alphainfluenzavirus influenzae (H5N1),Influenza (H5N1 avian influenza),PCR/Sequencing,VIRION,1,FALSE,FALSE,,,,,host_present_in_system,host appears in canonical WHO disease-pathogen-host backbone; role-specific reservoir/amplifier/incidental/dead-end evidence not assessed,low,TRUE,standard_review
Influenza (H5N1 avian influenza),Alphainfluenzavirus influenzae (H5N1),Alphainfluenzavirus influenzae (H5N1),11320; 2955291,larus mongolicus,119967,,,,TRUE,TRUE,both,in_gibb_etal=TRUE; in_empres_i=TRUE; deferred_broad_vesiculovirus=FALSE,Alphainfluenzavirus influenzae (H5N1),Influenza (H5N1 avian influenza),PCR/Sequencing,VIRION,2,FALSE,FALSE,,,,,host_present_in_system,host appears in canonical WHO disease-pathogen-host backbone; role-specific reservoir/amplifier/incidental/dead-end evidence not assessed,low,TRUE,standard_review
Influenza (H5N1 avian influenza),Alphainfluenzavirus influenzae (H5N1),Alphainfluenzavirus influenzae (H5N1),2955291,larus sp.,3435965,,,,TRUE,TRUE,both,in_gibb_etal=TRUE; in_empres_i=TRUE; deferred_broad_vesiculovirus=FALSE,Alphainfluenzavirus influenzae (H5N1),Influenza (H5N1 avian influenza),PCR/Sequencing,VIRION,1,FALSE,FALSE,,,,,host_present_in_system,host appears in canonical WHO disease-pathogen-host backbone; role-specific reservoir/amplifier/incidental/dead-end evidence not assessed,low,TRUE,standard_review
Influenza (H5N1 avian influenza),Alphainfluenzavirus influenzae (H5N1),Alphainfluenzavirus influenzae (H5N1),2955291,lobodon carcinophaga,101849,,,,TRUE,TRUE,both,in_gibb_etal=TRUE; in_empres_i=TRUE; deferred_broad_vesiculovirus=FALSE,Alphainfluenzavirus influenzae (H5N1),Influenza (H5N1 avian influenza),PCR/Sequencing,VIRION,1,FALSE,FALSE,,,,,host_present_in_system,host appears in canonical WHO disease-pathogen-host backbone; role-specific reservoir/amplifier/incidental/dead-end evidence not assessed,low,TRUE,standard_review
Influenza (H5N1 avian influenza),Alphainfluenzavirus influenzae (H5N1),Alphainfluenzavirus influenzae (H5N1),11320,lyroderma lyra,3371112,,,,TRUE,TRUE,both,in_gibb_etal=TRUE; in_empres_i=TRUE; deferred_broad_vesiculovirus=FALSE,Alphainfluenzavirus influenzae (H5N1),Influenza (H5N1 avian influenza),Antibodies,VIRION,1,FALSE,FALSE,,,,,host_present_in_system,host appears in canonical WHO disease-pathogen-host backbone; role-specific reservoir/amplifier/incidental/dead-end evidence not assessed,low,TRUE,standard_review
Influenza (H5N1 avian influenza),Alphainfluenzavirus influenzae (H5N1),Alphainfluenzavirus influenzae (H5N1),11320,macaca arctoides,9540,,,,TRUE,TRUE,both,in_gibb_etal=TRUE; in_empres_i=TRUE; deferred_broad_vesiculovirus=FALSE,Alphainfluenzavirus influenzae (H5N1),Influenza (H5N1 avian influenza),Antibodies,VIRION,1,FALSE,FALSE,,,,,host_present_in_system,host appears in canonical WHO disease-pathogen-host backbone; role-specific reservoir/amplifier/incidental/dead-end evidence not assessed,low,TRUE,standard_review
Influenza (H5N1 avian influenza),Alphainfluenzavirus influenzae (H5N1),Alphainfluenzavirus influenzae (H5N1),2955291,macronectes giganteus,37057,,,,TRUE,TRUE,both,in_gibb_etal=TRUE; in_empres_i=TRUE; deferred_broad_vesiculovirus=FALSE,Alphainfluenzavirus influenzae (H5N1),Influenza (H5N1 avian influenza),PCR/Sequencing,VIRION,1,FALSE,FALSE,,,,,host_present_in_system,host appears in canonical WHO disease-pathogen-host backbone; role-specific reservoir/amplifier/incidental/dead-end evidence not assessed,low,TRUE,standard_review
Influenza (H5N1 avian influenza),Alphainfluenzavirus influenzae (H5N1),Alphainfluenzavirus influenzae (H5N1),2955291,milvus milvus,43518,,,,TRUE,TRUE,both,in_gibb_etal=TRUE; in_empres_i=TRUE; deferred_broad_vesiculovirus=FALSE,Alphainfluenzavirus influenzae (H5N1),Influenza (H5N1 avian influenza),PCR/Sequencing,VIRION,1,FALSE,FALSE,,,,,host_present_in_system,host appears in canonical WHO disease-pathogen-host backbone; role-specific reservoir/amplifier/incidental/dead-end evidence not assessed,low,TRUE,standard_review
Influenza (H5N1 avian influenza),Alphainfluenzavirus influenzae (H5N1),Alphainfluenzavirus influenzae (H5N1),11320,odobenus rosmarus,9707,,,,TRUE,TRUE,both,in_gibb_etal=TRUE; in_empres_i=TRUE; deferred_broad_vesiculovirus=FALSE,Alphainfluenzavirus influenzae (H5N1),Influenza (H5N1 avian influenza),Antibodies,VIRION,1,FALSE,FALSE,,,,,host_present_in_system,host appears in canonical WHO disease-pathogen-host backbone; role-specific reservoir/amplifier/incidental/dead-end evidence not assessed,low,TRUE,standard_review
Influenza (H5N1 avian influenza),Alphainfluenzavirus influenzae (H5N1),Alphainfluenzavirus influenzae (H5N1),11320,phoca groenlandica,39089,,,,TRUE,TRUE,both,in_gibb_etal=TRUE; in_empres_i=TRUE; deferred_broad_vesiculovirus=FALSE,Alphainfluenzavirus influenzae (H5N1),Influenza (H5N1 avian influenza),Antibodies,VIRION,1,FALSE,FALSE,,,,,host_present_in_system,host appears in canonical WHO disease-pathogen-host backbone; role-specific reservoir/amplifier/incidental/dead-end evidence not assessed,low,TRUE,standard_review
Influenza (H5N1 avian influenza),Alphainfluenzavirus influenzae (H5N1),Alphainfluenzavirus influenzae (H5N1),11320,phocoenoides dalli,9744,,,,TRUE,TRUE,both,in_gibb_etal=TRUE; in_empres_i=TRUE; deferred_broad_vesiculovirus=FALSE,Alphainfluenzavirus influenzae (H5N1),Influenza (H5N1 avian influenza),Antibodies,VIRION,1,FALSE,FALSE,,,,,host_present_in_system,host appears in canonical WHO disease-pathogen-host backbone; role-specific reservoir/amplifier/incidental/dead-end evidence not assessed,low,TRUE,standard_review
Influenza (H5N1 avian influenza),Alphainfluenzavirus influenzae (H5N1),Alphainfluenzavirus influenzae (H5N1),11320,pipistrellus ceylonicus,1081694,,,,TRUE,TRUE,both,in_gibb_etal=TRUE; in_empres_i=TRUE; deferred_broad_vesiculovirus=FALSE,Alphainfluenzavirus influenzae (H5N1),Influenza (H5N1 avian influenza),Antibodies,VIRION,1,FALSE,FALSE,,,,,host_present_in_system,host appears in canonical WHO disease-pathogen-host backbone; role-specific reservoir/amplifier/incidental/dead-end evidence not assessed,low,TRUE,standard_review
Influenza (H5N1 avian influenza),Alphainfluenzavirus influenzae (H5N1),Alphainfluenzavirus influenzae (H5N1),11320,pusa hispida,9718,,,,TRUE,TRUE,both,in_gibb_etal=TRUE; in_empres_i=TRUE; deferred_broad_vesiculovirus=FALSE,Alphainfluenzavirus influenzae (H5N1),Influenza (H5N1 avian influenza),Antibodies,VIRION,1,FALSE,FALSE,,,,,host_present_in_system,host appears in canonical WHO disease-pathogen-host backbone; role-specific reservoir/amplifier/incidental/dead-end evidence not assessed,low,TRUE,standard_review
Influenza (H5N1 avian influenza),Alphainfluenzavirus influenzae (H5N1),Alphainfluenzavirus influenzae (H5N1),11320,pusa sibirica,9719,,,,TRUE,TRUE,both,in_gibb_etal=TRUE; in_empres_i=TRUE; deferred_broad_vesiculovirus=FALSE,Alphainfluenzavirus influenzae (H5N1),Influenza (H5N1 avian influenza),Antibodies,VIRION,1,FALSE,FALSE,,,,,host_present_in_system,host appears in canonical WHO disease-pathogen-host backbone; role-specific reservoir/amplifier/incidental/dead-end evidence not assessed,low,TRUE,standard_review
Influenza (H5N1 avian influenza),Alphainfluenzavirus influenzae (H5N1),Alphainfluenzavirus influenzae (H5N1),2955291,spilopelia senegalensis,135635,,,,TRUE,TRUE,both,in_gibb_etal=TRUE; in_empres_i=TRUE; deferred_broad_vesiculovirus=FALSE,Alphainfluenzavirus influenzae (H5N1),Influenza (H5N1 avian influenza),PCR/Sequencing,VIRION,1,FALSE,FALSE,,,,,host_present_in_system,host appears in canonical WHO disease-pathogen-host backbone; role-specific reservoir/amplifier/incidental/dead-end evidence not assessed,low,TRUE,standard_review
Influenza (H5N1 avian influenza),Alphainfluenzavirus influenzae (H5N1),Alphainfluenzavirus influenzae (H5N1),2955291,stercorarius antarcticus,555350,,,,TRUE,TRUE,both,in_gibb_etal=TRUE; in_empres_i=TRUE; deferred_broad_vesiculovirus=FALSE,Alphainfluenzavirus influenzae (H5N1),Influenza (H5N1 avian influenza),PCR/Sequencing,VIRION,1,FALSE,FALSE,,,,,host_present_in_system,host appears in canonical WHO disease-pathogen-host backbone; role-specific reservoir/amplifier/incidental/dead-end evidence not assessed,low,TRUE,standard_review
Influenza (H5N1 avian influenza),Alphainfluenzavirus influenzae (H5N1),Alphainfluenzavirus influenzae (H5N1),2955291,stercorarius chilensis,54052,,,,TRUE,TRUE,both,in_gibb_etal=TRUE; in_empres_i=TRUE; deferred_broad_vesiculovirus=FALSE,Alphainfluenzavirus influenzae (H5N1),Influenza (H5N1 avian influenza),PCR/Sequencing,VIRION,1,FALSE,FALSE,,,,,host_present_in_system,host appears in canonical WHO disease-pathogen-host backbone; role-specific reservoir/amplifier/incidental/dead-end evidence not assessed,low,TRUE,standard_review
Influenza (H5N1 avian influenza),Alphainfluenzavirus influenzae (H5N1),Alphainfluenzavirus influenzae (H5N1),2955291,theristicus caudatus,399597,,,,TRUE,TRUE,both,in_gibb_etal=TRUE; in_empres_i=TRUE; deferred_broad_vesiculovirus=FALSE,Alphainfluenzavirus influenzae (H5N1),Influenza (H5N1 avian influenza),PCR/Sequencing,VIRION,1,FALSE,FALSE,,,,,host_present_in_system,host appears in canonical WHO disease-pathogen-host backbone; role-specific reservoir/amplifier/incidental/dead-end evidence not assessed,low,TRUE,standard_review
Influenza (H5N1 avian influenza),Alphainfluenzavirus influenzae (H5N1),Alphainfluenzavirus influenzae (H5N1),2955291,ursus sp.,9641,,,,TRUE,TRUE,both,in_gibb_etal=TRUE; in_empres_i=TRUE; deferred_broad_vesiculovirus=FALSE,Alphainfluenzavirus influenzae (H5N1),Influenza (H5N1 avian influenza),PCR/Sequencing,VIRION,1,FALSE,FALSE,,,,,host_present_in_system,host appears in canonical WHO disease-pathogen-host backbone; role-specific reservoir/amplifier/incidental/dead-end evidence not assessed,low,TRUE,standard_review
Lassa fever,Mammarenavirus lassaense,Mammarenavirus lassaense,3052310,Capra hircus,9925,mammalia,artiodactyla,bovidae,TRUE,FALSE,both,in_gibb_etal=TRUE; in_empres_i=FALSE; deferred_broad_vesiculovirus=FALSE,Mammarenavirus lassaense,Lassa fever,PCR/Sequencing,VIRION,1,FALSE,TRUE,FALSE,FALSE,FALSE,FALSE,host_present_in_system,host appears in canonical WHO disease-pathogen-host backbone; role-specific reservoir/amplifier/incidental/dead-end evidence not assessed,low,TRUE,high_livestock_triage
Lassa fever,Mammarenavirus lassaense,Mammarenavirus lassaense,3052310,Macaca fascicularis,9541,mammalia,primates,cercopithecidae,TRUE,FALSE,both,in_gibb_etal=TRUE; in_empres_i=FALSE; deferred_broad_vesiculovirus=FALSE,Mammarenavirus lassaense,Lassa fever,Isolation/Observation,VIRION,1,FALSE,FALSE,FALSE,FALSE,FALSE,TRUE,host_present_in_system,host appears in canonical WHO disease-pathogen-host backbone; role-specific reservoir/amplifier/incidental/dead-end evidence not assessed,low,TRUE,medium_ecology_triage
Lassa fever,Mammarenavirus lassaense,Mammarenavirus lassaense,3052310,Arvicanthis niloticus,61156,mammalia,rodentia,muridae,TRUE,FALSE,both,in_gibb_etal=TRUE; in_empres_i=FALSE; deferred_broad_vesiculovirus=FALSE,Mammarenavirus lassaense,Lassa fever,Antibodies,VIRION,1,FALSE,FALSE,FALSE,TRUE,FALSE,FALSE,host_present_in_system,host appears in canonical WHO disease-pathogen-host backbone; role-specific reservoir/amplifier/incidental/dead-end evidence not assessed,low,TRUE,medium_ecology_triage
Lassa fever,Mammarenavirus lassaense,Mammarenavirus lassaense,3052310,Bandicota indica,456472,mammalia,rodentia,muridae,TRUE,FALSE,both,in_gibb_etal=TRUE; in_empres_i=FALSE; deferred_broad_vesiculovirus=FALSE,Mammarenavirus lassaense,Lassa fever,Antibodies,VIRION,1,FALSE,FALSE,FALSE,TRUE,FALSE,FALSE,host_present_in_system,host appears in canonical WHO disease-pathogen-host backbone; role-specific reservoir/amplifier/incidental/dead-end evidence not assessed,low,TRUE,medium_ecology_triage
Lassa fever,Mammarenavirus lassaense,Mammarenavirus lassaense,3052310,Cavia porcellus,10141,mammalia,rodentia,caviidae,TRUE,FALSE,both,in_gibb_etal=TRUE; in_empres_i=FALSE; deferred_broad_vesiculovirus=FALSE,Mammarenavirus lassaense,Lassa fever,PCR/Sequencing,VIRION,1,FALSE,FALSE,FALSE,TRUE,FALSE,FALSE,host_present_in_system,host appears in canonical WHO disease-pathogen-host backbone; role-specific reservoir/amplifier/incidental/dead-end evidence not assessed,low,TRUE,medium_ecology_triage
Lassa fever,Mammarenavirus lassaense,Mammarenavirus lassaense,3052310,Hylomyscus pamfi,913014,mammalia,rodentia,muridae,TRUE,FALSE,both,in_gibb_etal=TRUE; in_empres_i=FALSE; deferred_broad_vesiculovirus=FALSE,Mammarenavirus lassaense,Lassa fever,PCR/Sequencing,VIRION,1,FALSE,FALSE,FALSE,TRUE,FALSE,FALSE,host_present_in_system,host appears in canonical WHO disease-pathogen-host backbone; role-specific reservoir/amplifier/incidental/dead-end evidence not assessed,low,TRUE,medium_ecology_triage
Lassa fever,Mammarenavirus lassaense,Mammarenavirus lassaense,3052310,Lophuromys sikapusi,83535,mammalia,rodentia,muridae,TRUE,FALSE,both,in_gibb_etal=TRUE; in_empres_i=FALSE; deferred_broad_vesiculovirus=FALSE,Mammarenavirus lassaense,Lassa fever,PCR/Sequencing,VIRION,1,FALSE,FALSE,FALSE,TRUE,FALSE,FALSE,host_present_in_system,host appears in canonical WHO disease-pathogen-host backbone; role-specific reservoir/amplifier/incidental/dead-end evidence not assessed,low,TRUE,medium_ecology_triage
Lassa fever,Mammarenavirus lassaense,Mammarenavirus lassaense,3052310,Mastomys erythroleucus,41268,mammalia,rodentia,muridae,TRUE,FALSE,both,in_gibb_etal=TRUE; in_empres_i=FALSE; deferred_broad_vesiculovirus=FALSE,Mammarenavirus lassaense,Lassa fever,Isolation/Observation; PCR/Sequencing,VIRION,1,FALSE,FALSE,FALSE,TRUE,FALSE,FALSE,host_present_in_system,host appears in canonical WHO disease-pathogen-host backbone; role-specific reservoir/amplifier/incidental/dead-end evidence not assessed,low,TRUE,medium_ecology_triage
Lassa fever,Mammarenavirus lassaense,Mammarenavirus lassaense,3052310,Mastomys huberti,121569,mammalia,rodentia,muridae,TRUE,FALSE,both,in_gibb_etal=TRUE; in_empres_i=FALSE; deferred_broad_vesiculovirus=FALSE,Mammarenavirus lassaense,Lassa fever,Isolation/Observation,VIRION,1,FALSE,FALSE,FALSE,TRUE,FALSE,FALSE,host_present_in_system,host appears in canonical WHO disease-pathogen-host backbone; role-specific reservoir/amplifier/incidental/dead-end evidence not assessed,low,TRUE,medium_ecology_triage
Lassa fever,Mammarenavirus lassaense,Mammarenavirus lassaense,3052310,Mastomys natalensis,10112,mammalia,rodentia,muridae,TRUE,FALSE,both,in_gibb_etal=TRUE; in_empres_i=FALSE; deferred_broad_vesiculovirus=FALSE,Mammarenavirus lassaense,Lassa fever,Isolation/Observation; Not specified; PCR/Sequencing,VIRION,1,FALSE,FALSE,FALSE,TRUE,FALSE,FALSE,host_present_in_system,host appears in canonical WHO disease-pathogen-host backbone; role-specific reservoir/amplifier/incidental/dead-end evidence not assessed,low,TRUE,medium_ecology_triage
Lassa fever,Mammarenavirus lassaense,Mammarenavirus lassaense,3052310,Mus baoulei,544437,mammalia,rodentia,muridae,TRUE,FALSE,both,in_gibb_etal=TRUE; in_empres_i=FALSE; deferred_broad_vesiculovirus=FALSE,Mammarenavirus lassaense,Lassa fever,PCR/Sequencing,VIRION,1,FALSE,FALSE,FALSE,TRUE,FALSE,FALSE,host_present_in_system,host appears in canonical WHO disease-pathogen-host backbone; role-specific reservoir/amplifier/incidental/dead-end evidence not assessed,low,TRUE,medium_ecology_triage
Lassa fever,Mammarenavirus lassaense,Mammarenavirus lassaense,3052310,Mus musculus,10090,mammalia,rodentia,muridae,TRUE,FALSE,both,in_gibb_etal=TRUE; in_empres_i=FALSE; deferred_broad_vesiculovirus=FALSE,Mammarenavirus lassaense,Lassa fever,Antibodies,VIRION,1,FALSE,FALSE,FALSE,TRUE,FALSE,FALSE,host_present_in_system,host appears in canonical WHO disease-pathogen-host backbone; role-specific reservoir/amplifier/incidental/dead-end evidence not assessed,low,TRUE,medium_ecology_triage
Lassa fever,Mammarenavirus lassaense,Mammarenavirus lassaense,3052310,Rattus norvegicus,10116,mammalia,rodentia,muridae,TRUE,FALSE,both,in_gibb_etal=TRUE; in_empres_i=FALSE; deferred_broad_vesiculovirus=FALSE,Mammarenavirus lassaense,Lassa fever,Antibodies; PCR/Sequencing,VIRION,1,FALSE,FALSE,FALSE,TRUE,FALSE,FALSE,host_present_in_system,host appears in canonical WHO disease-pathogen-host backbone; role-specific reservoir/amplifier/incidental/dead-end evidence not assessed,low,TRUE,medium_ecology_triage
Lassa fever,Mammarenavirus lassaense,Mammarenavirus lassaense,3052310,Rattus rattus,10117,mammalia,rodentia,muridae,TRUE,FALSE,both,in_gibb_etal=TRUE; in_empres_i=FALSE; deferred_broad_vesiculovirus=FALSE,Mammarenavirus lassaense,Lassa fever,Antibodies; PCR/Sequencing,VIRION,1,FALSE,FALSE,FALSE,TRUE,FALSE,FALSE,host_present_in_system,host appears in canonical WHO disease-pathogen-host backbone; role-specific reservoir/amplifier/incidental/dead-end evidence not assessed,low,TRUE,medium_ecology_triage
Lassa fever,Mammarenavirus lassaense,Mammarenavirus lassaense,3052310,Homo sapiens,9606,,,,TRUE,FALSE,both,in_gibb_etal=TRUE; in_empres_i=FALSE; deferred_broad_vesiculovirus=FALSE,Mammarenavirus lassaense,Lassa fever,Isolation/Observation; Not specified; PCR/Sequencing,VIRION,1,TRUE,FALSE,,,,,host_present_in_system,host appears in canonical WHO disease-pathogen-host backbone; role-specific reservoir/amplifier/incidental/dead-end evidence not assessed,low,TRUE,medium_human_triage
Lassa fever,Mammarenavirus lassaense,Mammarenavirus lassaense,3052310,Canis lupus,9615,mammalia,carnivora,canidae,TRUE,FALSE,both,in_gibb_etal=TRUE; in_empres_i=FALSE; deferred_broad_vesiculovirus=FALSE,Mammarenavirus lassaense,Lassa fever,PCR/Sequencing,VIRION,1,FALSE,FALSE,FALSE,FALSE,FALSE,FALSE,host_present_in_system,host appears in canonical WHO disease-pathogen-host backbone; role-specific reservoir/amplifier/incidental/dead-end evidence not assessed,low,TRUE,standard_review
Lassa fever,Mammarenavirus lassaense,Mammarenavirus lassaense,3052310,Mastomys,70830,,,,TRUE,FALSE,both,in_gibb_etal=TRUE; in_empres_i=FALSE; deferred_broad_vesiculovirus=FALSE,Mammarenavirus lassaense,Lassa fever,PCR/Sequencing,VIRION,1,FALSE,FALSE,,,,,host_present_in_system,host appears in canonical WHO disease-pathogen-host backbone; role-specific reservoir/amplifier/incidental/dead-end evidence not assessed,low,TRUE,standard_review
Lassa fever,Mammarenavirus lassaense,Mammarenavirus lassaense,3052310,bandicota savilei,456473,,,,TRUE,FALSE,both,in_gibb_etal=TRUE; in_empres_i=FALSE; deferred_broad_vesiculovirus=FALSE,Mammarenavirus lassaense,Lassa fever,Antibodies,VIRION,1,FALSE,FALSE,,,,,host_present_in_system,host appears in canonical WHO disease-pathogen-host backbone; role-specific reservoir/amplifier/incidental/dead-end evidence not assessed,low,TRUE,standard_review
Lassa fever,Mammarenavirus lassaense,Mammarenavirus lassaense,3052310,praomys daltoni,10113,,,,TRUE,FALSE,both,in_gibb_etal=TRUE; in_empres_i=FALSE; deferred_broad_vesiculovirus=FALSE,Mammarenavirus lassaense,Lassa fever,Antibodies,VIRION,1,FALSE,FALSE,,,,,host_present_in_system,host appears in canonical WHO disease-pathogen-host backbone; role-specific reservoir/amplifier/incidental/dead-end evidence not assessed,low,TRUE,standard_review
Lassa fever,Mammarenavirus lassaense,Mammarenavirus lassaense,3052310,praomys rostratus,476587,,,,TRUE,FALSE,both,in_gibb_etal=TRUE; in_empres_i=FALSE; deferred_broad_vesiculovirus=FALSE,Mammarenavirus lassaense,Lassa fever,Antibodies,VIRION,1,FALSE,FALSE,,,,,host_present_in_system,host appears in canonical WHO disease-pathogen-host backbone; role-specific reservoir/amplifier/incidental/dead-end evidence not assessed,low,TRUE,standard_review
Lassa fever,Mammarenavirus lassaense,Mammarenavirus lassaense,3052310,rattus exulans,34854,,,,TRUE,FALSE,both,in_gibb_etal=TRUE; in_empres_i=FALSE; deferred_broad_vesiculovirus=FALSE,Mammarenavirus lassaense,Lassa fever,Antibodies,VIRION,1,FALSE,FALSE,,,,,host_present_in_system,host appears in canonical WHO disease-pathogen-host backbone; role-specific reservoir/amplifier/incidental/dead-end evidence not assessed,low,TRUE,standard_review
Marburg virus disease,Orthomarburgvirus marburgense,Orthomarburgvirus marburgense,3052505,Epomops franqueti,77231,mammalia,chiroptera,pteropodidae,TRUE,TRUE,priority,in_gibb_etal=TRUE; in_empres_i=TRUE; deferred_broad_vesiculovirus=FALSE,Orthomarburgvirus marburgense,Marburg virus disease,Antibodies,VIRION,1,FALSE,FALSE,FALSE,FALSE,TRUE,FALSE,host_present_in_system,host appears in canonical WHO disease-pathogen-host backbone; role-specific reservoir/amplifier/incidental/dead-end evidence not assessed,low,TRUE,medium_ecology_triage
Marburg virus disease,Orthomarburgvirus marburgense,Orthomarburgvirus marburgense,3052505,Hipposideros caffer,302402,mammalia,chiroptera,hipposideridae,TRUE,TRUE,priority,in_gibb_etal=TRUE; in_empres_i=TRUE; deferred_broad_vesiculovirus=FALSE,Orthomarburgvirus marburgense,Marburg virus disease,PCR/Sequencing,VIRION,1,FALSE,FALSE,FALSE,FALSE,TRUE,FALSE,host_present_in_system,host appears in canonical WHO disease-pathogen-host backbone; role-specific reservoir/amplifier/incidental/dead-end evidence not assessed,low,TRUE,medium_ecology_triage
Marburg virus disease,Orthomarburgvirus marburgense,Orthomarburgvirus marburgense,3052505,Hypsignathus monstrosus,448084,mammalia,chiroptera,pteropodidae,TRUE,TRUE,priority,in_gibb_etal=TRUE; in_empres_i=TRUE; deferred_broad_vesiculovirus=FALSE,Orthomarburgvirus marburgense,Marburg virus disease,Antibodies,VIRION,1,FALSE,FALSE,FALSE,FALSE,TRUE,FALSE,host_present_in_system,host appears in canonical WHO disease-pathogen-host backbone; role-specific reservoir/amplifier/incidental/dead-end evidence not assessed,low,TRUE,medium_ecology_triage
Marburg virus disease,Orthomarburgvirus marburgense,Orthomarburgvirus marburgense,3052505,Miniopterus inflatus,221087,mammalia,chiroptera,miniopteridae,TRUE,TRUE,priority,in_gibb_etal=TRUE; in_empres_i=TRUE; deferred_broad_vesiculovirus=FALSE,Orthomarburgvirus marburgense,Marburg virus disease,Antibodies; PCR/Sequencing,VIRION,1,FALSE,FALSE,FALSE,FALSE,TRUE,FALSE,host_present_in_system,host appears in canonical WHO disease-pathogen-host backbone; role-specific reservoir/amplifier/incidental/dead-end evidence not assessed,low,TRUE,medium_ecology_triage
Marburg virus disease,Orthomarburgvirus marburgense,Orthomarburgvirus marburgense,3052505,Rhinolophus eloquens,519038,mammalia,chiroptera,rhinolophidae,TRUE,TRUE,priority,in_gibb_etal=TRUE; in_empres_i=TRUE; deferred_broad_vesiculovirus=FALSE,Orthomarburgvirus marburgense,Marburg virus disease,Antibodies; PCR/Sequencing,VIRION,1,FALSE,FALSE,FALSE,FALSE,TRUE,FALSE,host_present_in_system,host appears in canonical WHO disease-pathogen-host backbone; role-specific reservoir/amplifier/incidental/dead-end evidence not assessed,low,TRUE,medium_ecology_triage
Marburg virus disease,Orthomarburgvirus marburgense,Orthomarburgvirus marburgense,3052505,Rousettus aegyptiacus,9407,mammalia,chiroptera,pteropodidae,TRUE,TRUE,priority,in_gibb_etal=TRUE; in_empres_i=TRUE; deferred_broad_vesiculovirus=FALSE,Orthomarburgvirus marburgense,Marburg virus disease,Isolation/Observation; PCR/Sequencing,VIRION,1,FALSE,FALSE,FALSE,FALSE,TRUE,FALSE,host_present_in_system,host appears in canonical WHO disease-pathogen-host backbone; role-specific reservoir/amplifier/incidental/dead-end evidence not assessed,low,TRUE,medium_ecology_triage
Marburg virus disease,Orthomarburgvirus marburgense,Orthomarburgvirus marburgense,3052505,Chlorocebus aethiops,9534,mammalia,primates,cercopithecidae,TRUE,TRUE,priority,in_gibb_etal=TRUE; in_empres_i=TRUE; deferred_broad_vesiculovirus=FALSE,Orthomarburgvirus marburgense,Marburg virus disease,Isolation/Observation,VIRION,1,FALSE,FALSE,FALSE,FALSE,FALSE,TRUE,host_present_in_system,host appears in canonical WHO disease-pathogen-host backbone; role-specific reservoir/amplifier/incidental/dead-end evidence not assessed,low,TRUE,medium_ecology_triage
Marburg virus disease,Orthomarburgvirus marburgense,Orthomarburgvirus marburgense,3052505,Pongo pygmaeus,9600,mammalia,primates,hominidae,TRUE,TRUE,priority,in_gibb_etal=TRUE; in_empres_i=TRUE; deferred_broad_vesiculovirus=FALSE,Orthomarburgvirus marburgense,Marburg virus disease,Antibodies,VIRION,1,FALSE,FALSE,FALSE,FALSE,FALSE,TRUE,host_present_in_system,host appears in canonical WHO disease-pathogen-host backbone; role-specific reservoir/amplifier/incidental/dead-end evidence not assessed,low,TRUE,medium_ecology_triage
Marburg virus disease,Orthomarburgvirus marburgense,Orthomarburgvirus marburgense,3052505,Cavia porcellus,10141,mammalia,rodentia,caviidae,TRUE,TRUE,priority,in_gibb_etal=TRUE; in_empres_i=TRUE; deferred_broad_vesiculovirus=FALSE,Orthomarburgvirus marburgense,Marburg virus disease,PCR/Sequencing,VIRION,1,FALSE,FALSE,FALSE,TRUE,FALSE,FALSE,host_present_in_system,host appears in canonical WHO disease-pathogen-host backbone; role-specific reservoir/amplifier/incidental/dead-end evidence not assessed,low,TRUE,medium_ecology_triage
Marburg virus disease,Orthomarburgvirus marburgense,Orthomarburgvirus marburgense,3052505,Mesocricetus auratus,10036,mammalia,rodentia,cricetidae,TRUE,TRUE,priority,in_gibb_etal=TRUE; in_empres_i=TRUE; deferred_broad_vesiculovirus=FALSE,Orthomarburgvirus marburgense,Marburg virus disease,PCR/Sequencing,VIRION,1,FALSE,FALSE,FALSE,TRUE,FALSE,FALSE,host_present_in_system,host appears in canonical WHO disease-pathogen-host backbone; role-specific reservoir/amplifier/incidental/dead-end evidence not assessed,low,TRUE,medium_ecology_triage
Marburg virus disease,Orthomarburgvirus marburgense,Orthomarburgvirus marburgense,3052505,Mus musculus,10090,mammalia,rodentia,muridae,TRUE,TRUE,priority,in_gibb_etal=TRUE; in_empres_i=TRUE; deferred_broad_vesiculovirus=FALSE,Orthomarburgvirus marburgense,Marburg virus disease,PCR/Sequencing,VIRION,1,FALSE,FALSE,FALSE,TRUE,FALSE,FALSE,host_present_in_system,host appears in canonical WHO disease-pathogen-host backbone; role-specific reservoir/amplifier/incidental/dead-end evidence not assessed,low,TRUE,medium_ecology_triage
Marburg virus disease,Orthomarburgvirus marburgense,Orthomarburgvirus marburgense,3052505,Homo sapiens,9606,,,,TRUE,TRUE,priority,in_gibb_etal=TRUE; in_empres_i=TRUE; deferred_broad_vesiculovirus=FALSE,Orthomarburgvirus marburgense,Marburg virus disease,Isolation/Observation; Not specified; PCR/Sequencing,VIRION,1,TRUE,FALSE,,,,,host_present_in_system,host appears in canonical WHO disease-pathogen-host backbone; role-specific reservoir/amplifier/incidental/dead-end evidence not assessed,low,TRUE,medium_human_triage
Mpox (Monkeypox),Orthopoxvirus monkeypox,Orthopoxvirus monkeypox,10244; 3431483,Callithrix jacchus,9483,mammalia,primates,callitrichidae,TRUE,TRUE,both,in_gibb_etal=TRUE; in_empres_i=TRUE; deferred_broad_vesiculovirus=FALSE,Orthopoxvirus monkeypox,Mpox (Monkeypox),PCR/Sequencing,VIRION,2,FALSE,FALSE,FALSE,FALSE,FALSE,TRUE,host_present_in_system,host appears in canonical WHO disease-pathogen-host backbone; role-specific reservoir/amplifier/incidental/dead-end evidence not assessed,low,TRUE,medium_ecology_triage
Mpox (Monkeypox),Orthopoxvirus monkeypox,Orthopoxvirus monkeypox,3431483,Cercocebus atys,9531,mammalia,primates,cercopithecidae,TRUE,TRUE,both,in_gibb_etal=TRUE; in_empres_i=TRUE; deferred_broad_vesiculovirus=FALSE,Orthopoxvirus monkeypox,Mpox (Monkeypox),PCR/Sequencing,VIRION,1,FALSE,FALSE,FALSE,FALSE,FALSE,TRUE,host_present_in_system,host appears in canonical WHO disease-pathogen-host backbone; role-specific reservoir/amplifier/incidental/dead-end evidence not assessed,low,TRUE,medium_ecology_triage
Mpox (Monkeypox),Orthopoxvirus monkeypox,Orthopoxvirus monkeypox,10244,Cercopithecus ascanius,36223,mammalia,primates,cercopithecidae,TRUE,TRUE,both,in_gibb_etal=TRUE; in_empres_i=TRUE; deferred_broad_vesiculovirus=FALSE,Orthopoxvirus monkeypox,Mpox (Monkeypox),PCR/Sequencing; Antibodies; Not specified,VIRION,1,FALSE,FALSE,FALSE,FALSE,FALSE,TRUE,host_present_in_system,host appears in canonical WHO disease-pathogen-host backbone; role-specific reservoir/amplifier/incidental/dead-end evidence not assessed,low,TRUE,medium_ecology_triage
Mpox (Monkeypox),Orthopoxvirus monkeypox,Orthopoxvirus monkeypox,10244,Chlorocebus aethiops,9534,mammalia,primates,cercopithecidae,TRUE,TRUE,both,in_gibb_etal=TRUE; in_empres_i=TRUE; deferred_broad_vesiculovirus=FALSE,Orthopoxvirus monkeypox,Mpox (Monkeypox),Antibodies,VIRION,1,FALSE,FALSE,FALSE,FALSE,FALSE,TRUE,host_present_in_system,host appears in canonical WHO disease-pathogen-host backbone; role-specific reservoir/amplifier/incidental/dead-end evidence not assessed,low,TRUE,medium_ecology_triage
Mpox (Monkeypox),Orthopoxvirus monkeypox,Orthopoxvirus monkeypox,10244,Gorilla gorilla,9593,mammalia,primates,hominidae,TRUE,TRUE,both,in_gibb_etal=TRUE; in_empres_i=TRUE; deferred_broad_vesiculovirus=FALSE,Orthopoxvirus monkeypox,Mpox (Monkeypox),Antibodies,VIRION,1,FALSE,FALSE,FALSE,FALSE,FALSE,TRUE,host_present_in_system,host appears in canonical WHO disease-pathogen-host backbone; role-specific reservoir/amplifier/incidental/dead-end evidence not assessed,low,TRUE,medium_ecology_triage
Mpox (Monkeypox),Orthopoxvirus monkeypox,Orthopoxvirus monkeypox,10244,Hylobates lar,9580,mammalia,primates,hylobatidae,TRUE,TRUE,both,in_gibb_etal=TRUE; in_empres_i=TRUE; deferred_broad_vesiculovirus=FALSE,Orthopoxvirus monkeypox,Mpox (Monkeypox),PCR/Sequencing,VIRION,1,FALSE,FALSE,FALSE,FALSE,FALSE,TRUE,host_present_in_system,host appears in canonical WHO disease-pathogen-host backbone; role-specific reservoir/amplifier/incidental/dead-end evidence not assessed,low,TRUE,medium_ecology_triage
Mpox (Monkeypox),Orthopoxvirus monkeypox,Orthopoxvirus monkeypox,10244; 3431483,Macaca fascicularis,9541,mammalia,primates,cercopithecidae,TRUE,TRUE,both,in_gibb_etal=TRUE; in_empres_i=TRUE; deferred_broad_vesiculovirus=FALSE,Orthopoxvirus monkeypox,Mpox (Monkeypox),PCR/Sequencing,VIRION,2,FALSE,FALSE,FALSE,FALSE,FALSE,TRUE,host_present_in_system,host appears in canonical WHO disease-pathogen-host backbone; role-specific reservoir/amplifier/incidental/dead-end evidence not assessed,low,TRUE,medium_ecology_triage
Mpox (Monkeypox),Orthopoxvirus monkeypox,Orthopoxvirus monkeypox,10244,Macaca mulatta,9544,mammalia,primates,cercopithecidae,TRUE,TRUE,both,in_gibb_etal=TRUE; in_empres_i=TRUE; deferred_broad_vesiculovirus=FALSE,Orthopoxvirus monkeypox,Mpox (Monkeypox),PCR/Sequencing,VIRION,1,FALSE,FALSE,FALSE,FALSE,FALSE,TRUE,host_present_in_system,host appears in canonical WHO disease-pathogen-host backbone; role-specific reservoir/amplifier/incidental/dead-end evidence not assessed,low,TRUE,medium_ecology_triage
Mpox (Monkeypox),Orthopoxvirus monkeypox,Orthopoxvirus monkeypox,10244,Macaca nemestrina,9545,mammalia,primates,cercopithecidae,TRUE,TRUE,both,in_gibb_etal=TRUE; in_empres_i=TRUE; deferred_broad_vesiculovirus=FALSE,Orthopoxvirus monkeypox,Mpox (Monkeypox),Antibodies,VIRION,1,FALSE,FALSE,FALSE,FALSE,FALSE,TRUE,host_present_in_system,host appears in canonical WHO disease-pathogen-host backbone; role-specific reservoir/amplifier/incidental/dead-end evidence not assessed,low,TRUE,medium_ecology_triage
Mpox (Monkeypox),Orthopoxvirus monkeypox,Orthopoxvirus monkeypox,3431483,Pan troglodytes,37012,mammalia,primates,hominidae,TRUE,TRUE,both,in_gibb_etal=TRUE; in_empres_i=TRUE; deferred_broad_vesiculovirus=FALSE,Orthopoxvirus monkeypox,Mpox (Monkeypox),PCR/Sequencing,VIRION,1,FALSE,FALSE,FALSE,FALSE,FALSE,TRUE,host_present_in_system,host appears in canonical WHO disease-pathogen-host backbone; role-specific reservoir/amplifier/incidental/dead-end evidence not assessed,low,TRUE,medium_ecology_triage
Mpox (Monkeypox),Orthopoxvirus monkeypox,Orthopoxvirus monkeypox,10244; 3431483,Pan troglodytes,9598,mammalia,primates,hominidae,TRUE,TRUE,both,in_gibb_etal=TRUE; in_empres_i=TRUE; deferred_broad_vesiculovirus=FALSE,Orthopoxvirus monkeypox,Mpox (Monkeypox),PCR/Sequencing; PCR/Sequencing; Antibodies; Not specified,VIRION,2,FALSE,FALSE,FALSE,FALSE,FALSE,TRUE,host_present_in_system,host appears in canonical WHO disease-pathogen-host backbone; role-specific reservoir/amplifier/incidental/dead-end evidence not assessed,low,TRUE,medium_ecology_triage
Mpox (Monkeypox),Orthopoxvirus monkeypox,Orthopoxvirus monkeypox,10244,Saimiri sciureus,9521,mammalia,primates,cebidae,TRUE,TRUE,both,in_gibb_etal=TRUE; in_empres_i=TRUE; deferred_broad_vesiculovirus=FALSE,Orthopoxvirus monkeypox,Mpox (Monkeypox),PCR/Sequencing,VIRION,1,FALSE,FALSE,FALSE,FALSE,FALSE,TRUE,host_present_in_system,host appears in canonical WHO disease-pathogen-host backbone; role-specific reservoir/amplifier/incidental/dead-end evidence not assessed,low,TRUE,medium_ecology_triage
Mpox (Monkeypox),Orthopoxvirus monkeypox,Orthopoxvirus monkeypox,10244,Semnopithecus entellus,88029,mammalia,primates,cercopithecidae,TRUE,TRUE,both,in_gibb_etal=TRUE; in_empres_i=TRUE; deferred_broad_vesiculovirus=FALSE,Orthopoxvirus monkeypox,Mpox (Monkeypox),Antibodies,VIRION,1,FALSE,FALSE,FALSE,FALSE,FALSE,TRUE,host_present_in_system,host appears in canonical WHO disease-pathogen-host backbone; role-specific reservoir/amplifier/incidental/dead-end evidence not assessed,low,TRUE,medium_ecology_triage
Mpox (Monkeypox),Orthopoxvirus monkeypox,Orthopoxvirus monkeypox,10244,Trachypithecus cristatus,122765,mammalia,primates,cercopithecidae,TRUE,TRUE,both,in_gibb_etal=TRUE; in_empres_i=TRUE; deferred_broad_vesiculovirus=FALSE,Orthopoxvirus monkeypox,Mpox (Monkeypox),Antibodies,VIRION,1,FALSE,FALSE,FALSE,FALSE,FALSE,TRUE,host_present_in_system,host appears in canonical WHO disease-pathogen-host backbone; role-specific reservoir/amplifier/incidental/dead-end evidence not assessed,low,TRUE,medium_ecology_triage
Mpox (Monkeypox),Orthopoxvirus monkeypox,Orthopoxvirus monkeypox,10244; 3431483,Cricetomys gambianus,10085,mammalia,rodentia,nesomyidae,TRUE,TRUE,both,in_gibb_etal=TRUE; in_empres_i=TRUE; deferred_broad_vesiculovirus=FALSE,Orthopoxvirus monkeypox,Mpox (Monkeypox),PCR/Sequencing,VIRION,2,FALSE,FALSE,FALSE,TRUE,FALSE,FALSE,host_present_in_system,host appears in canonical WHO disease-pathogen-host backbone; role-specific reservoir/amplifier/incidental/dead-end evidence not assessed,low,TRUE,medium_ecology_triage
Mpox (Monkeypox),Orthopoxvirus monkeypox,Orthopoxvirus monkeypox,10244,Cynomys ludovicianus,45480,mammalia,rodentia,sciuridae,TRUE,TRUE,both,in_gibb_etal=TRUE; in_empres_i=TRUE; deferred_broad_vesiculovirus=FALSE,Orthopoxvirus monkeypox,Mpox (Monkeypox),PCR/Sequencing,VIRION,1,FALSE,FALSE,FALSE,TRUE,FALSE,FALSE,host_present_in_system,host appears in canonical WHO disease-pathogen-host backbone; role-specific reservoir/amplifier/incidental/dead-end evidence not assessed,low,TRUE,medium_ecology_triage
Mpox (Monkeypox),Orthopoxvirus monkeypox,Orthopoxvirus monkeypox,10244; 3431483,Funisciurus anerythrus,1235483,mammalia,rodentia,sciuridae,TRUE,TRUE,both,in_gibb_etal=TRUE; in_empres_i=TRUE; deferred_broad_vesiculovirus=FALSE,Orthopoxvirus monkeypox,Mpox (Monkeypox),Isolation/Observation; PCR/Sequencing,VIRION,2,FALSE,FALSE,FALSE,TRUE,FALSE,FALSE,host_present_in_system,host appears in canonical WHO disease-pathogen-host backbone; role-specific reservoir/amplifier/incidental/dead-end evidence not assessed,low,TRUE,medium_ecology_triage
Mpox (Monkeypox),Orthopoxvirus monkeypox,Orthopoxvirus monkeypox,10244,Marmota monax,9995,mammalia,rodentia,sciuridae,TRUE,TRUE,both,in_gibb_etal=TRUE; in_empres_i=TRUE; deferred_broad_vesiculovirus=FALSE,Orthopoxvirus monkeypox,Mpox (Monkeypox),PCR/Sequencing,VIRION,1,FALSE,FALSE,FALSE,TRUE,FALSE,FALSE,host_present_in_system,host appears in canonical WHO disease-pathogen-host backbone; role-specific reservoir/amplifier/incidental/dead-end evidence not assessed,low,TRUE,medium_ecology_triage
Mpox (Monkeypox),Orthopoxvirus monkeypox,Orthopoxvirus monkeypox,10244; 3431483,Homo sapiens,9606,,,,TRUE,TRUE,both,in_gibb_etal=TRUE; in_empres_i=TRUE; deferred_broad_vesiculovirus=FALSE,Orthopoxvirus monkeypox,Mpox (Monkeypox),Isolation/Observation; Not specified; PCR/Sequencing; PCR/Sequencing,VIRION,2,TRUE,FALSE,,,,,host_present_in_system,host appears in canonical WHO disease-pathogen-host backbone; role-specific reservoir/amplifier/incidental/dead-end evidence not assessed,low,TRUE,medium_human_triage
Mpox (Monkeypox),Orthopoxvirus monkeypox,Orthopoxvirus monkeypox,3431483,Canis lupus,9615,mammalia,carnivora,canidae,TRUE,TRUE,both,in_gibb_etal=TRUE; in_empres_i=TRUE; deferred_broad_vesiculovirus=FALSE,Orthopoxvirus monkeypox,Mpox (Monkeypox),PCR/Sequencing,VIRION,1,FALSE,FALSE,FALSE,FALSE,FALSE,FALSE,host_present_in_system,host appears in canonical WHO disease-pathogen-host backbone; role-specific reservoir/amplifier/incidental/dead-end evidence not assessed,low,TRUE,standard_review
Mpox (Monkeypox),Orthopoxvirus monkeypox,Orthopoxvirus monkeypox,10244,Nasua nasua,9651,mammalia,carnivora,procyonidae,TRUE,TRUE,both,in_gibb_etal=TRUE; in_empres_i=TRUE; deferred_broad_vesiculovirus=FALSE,Orthopoxvirus monkeypox,Mpox (Monkeypox),Antibodies,VIRION,1,FALSE,FALSE,FALSE,FALSE,FALSE,FALSE,host_present_in_system,host appears in canonical WHO disease-pathogen-host backbone; role-specific reservoir/amplifier/incidental/dead-end evidence not assessed,low,TRUE,standard_review
Mpox (Monkeypox),Orthopoxvirus monkeypox,Orthopoxvirus monkeypox,10244,Didelphis marsupialis,9268,mammalia,didelphimorphia,didelphidae,TRUE,TRUE,both,in_gibb_etal=TRUE; in_empres_i=TRUE; deferred_broad_vesiculovirus=FALSE,Orthopoxvirus monkeypox,Mpox (Monkeypox),Isolation/Observation,VIRION,1,FALSE,FALSE,FALSE,FALSE,FALSE,FALSE,host_present_in_system,host appears in canonical WHO disease-pathogen-host backbone; role-specific reservoir/amplifier/incidental/dead-end evidence not assessed,low,TRUE,standard_review
Mpox (Monkeypox),Orthopoxvirus monkeypox,Orthopoxvirus monkeypox,10244,Monodelphis domestica,13616,mammalia,didelphimorphia,didelphidae,TRUE,TRUE,both,in_gibb_etal=TRUE; in_empres_i=TRUE; deferred_broad_vesiculovirus=FALSE,Orthopoxvirus monkeypox,Mpox (Monkeypox),PCR/Sequencing,VIRION,1,FALSE,FALSE,FALSE,FALSE,FALSE,FALSE,host_present_in_system,host appears in canonical WHO disease-pathogen-host backbone; role-specific reservoir/amplifier/incidental/dead-end evidence not assessed,low,TRUE,standard_review
Mpox (Monkeypox),Orthopoxvirus monkeypox,Orthopoxvirus monkeypox,10244; 3431483,Myrmecophaga tridactyla,71006,mammalia,pilosa,myrmecophagidae,TRUE,TRUE,both,in_gibb_etal=TRUE; in_empres_i=TRUE; deferred_broad_vesiculovirus=FALSE,Orthopoxvirus monkeypox,Mpox (Monkeypox),Isolation/Observation; PCR/Sequencing,VIRION,2,FALSE,FALSE,FALSE,FALSE,FALSE,FALSE,host_present_in_system,host appears in canonical WHO disease-pathogen-host backbone; role-specific reservoir/amplifier/incidental/dead-end evidence not assessed,low,TRUE,standard_review
Mpox (Monkeypox),Orthopoxvirus monkeypox,Orthopoxvirus monkeypox,10244,allenopithecus nigroviridis,54135,,,,TRUE,TRUE,both,in_gibb_etal=TRUE; in_empres_i=TRUE; deferred_broad_vesiculovirus=FALSE,Orthopoxvirus monkeypox,Mpox (Monkeypox),Antibodies; Not specified,VIRION,1,FALSE,FALSE,,,,,host_present_in_system,host appears in canonical WHO disease-pathogen-host backbone; role-specific reservoir/amplifier/incidental/dead-end evidence not assessed,low,TRUE,standard_review
Mpox (Monkeypox),Orthopoxvirus monkeypox,Orthopoxvirus monkeypox,10244,atherurus africanus,192881,,,,TRUE,TRUE,both,in_gibb_etal=TRUE; in_empres_i=TRUE; deferred_broad_vesiculovirus=FALSE,Orthopoxvirus monkeypox,Mpox (Monkeypox),Antibodies,VIRION,1,FALSE,FALSE,,,,,host_present_in_system,host appears in canonical WHO disease-pathogen-host backbone; role-specific reservoir/amplifier/incidental/dead-end evidence not assessed,low,TRUE,standard_review
Mpox (Monkeypox),Orthopoxvirus monkeypox,Orthopoxvirus monkeypox,10244,cercocebus galeritus,9532,,,,TRUE,TRUE,both,in_gibb_etal=TRUE; in_empres_i=TRUE; deferred_broad_vesiculovirus=FALSE,Orthopoxvirus monkeypox,Mpox (Monkeypox),Antibodies,VIRION,1,FALSE,FALSE,,,,,host_present_in_system,host appears in canonical WHO disease-pathogen-host backbone; role-specific reservoir/amplifier/incidental/dead-end evidence not assessed,low,TRUE,standard_review
Mpox (Monkeypox),Orthopoxvirus monkeypox,Orthopoxvirus monkeypox,10244,cercopithecus hamlyni,9536,,,,TRUE,TRUE,both,in_gibb_etal=TRUE; in_empres_i=TRUE; deferred_broad_vesiculovirus=FALSE,Orthopoxvirus monkeypox,Mpox (Monkeypox),Antibodies,VIRION,1,FALSE,FALSE,,,,,host_present_in_system,host appears in canonical WHO disease-pathogen-host backbone; role-specific reservoir/amplifier/incidental/dead-end evidence not assessed,low,TRUE,standard_review
Mpox (Monkeypox),Orthopoxvirus monkeypox,Orthopoxvirus monkeypox,10244,cercopithecus mona,36226,,,,TRUE,TRUE,both,in_gibb_etal=TRUE; in_empres_i=TRUE; deferred_broad_vesiculovirus=FALSE,Orthopoxvirus monkeypox,Mpox (Monkeypox),Antibodies,VIRION,1,FALSE,FALSE,,,,,host_present_in_system,host appears in canonical WHO disease-pathogen-host backbone; role-specific reservoir/amplifier/incidental/dead-end evidence not assessed,low,TRUE,standard_review
Mpox (Monkeypox),Orthopoxvirus monkeypox,Orthopoxvirus monkeypox,10244,cercopithecus nictitans,36228,,,,TRUE,TRUE,both,in_gibb_etal=TRUE; in_empres_i=TRUE; deferred_broad_vesiculovirus=FALSE,Orthopoxvirus monkeypox,Mpox (Monkeypox),Antibodies,VIRION,1,FALSE,FALSE,,,,,host_present_in_system,host appears in canonical WHO disease-pathogen-host backbone; role-specific reservoir/amplifier/incidental/dead-end evidence not assessed,low,TRUE,standard_review
Mpox (Monkeypox),Orthopoxvirus monkeypox,Orthopoxvirus monkeypox,10244,cercopithecus petaurista,100487,,,,TRUE,TRUE,both,in_gibb_etal=TRUE; in_empres_i=TRUE; deferred_broad_vesiculovirus=FALSE,Orthopoxvirus monkeypox,Mpox (Monkeypox),Antibodies; Not specified,VIRION,1,FALSE,FALSE,,,,,host_present_in_system,host appears in canonical WHO disease-pathogen-host backbone; role-specific reservoir/amplifier/incidental/dead-end evidence not assessed,low,TRUE,standard_review
Mpox (Monkeypox),Orthopoxvirus monkeypox,Orthopoxvirus monkeypox,10244,cercopithecus pogonias,102108,,,,TRUE,TRUE,both,in_gibb_etal=TRUE; in_empres_i=TRUE; deferred_broad_vesiculovirus=FALSE,Orthopoxvirus monkeypox,Mpox (Monkeypox),Antibodies,VIRION,1,FALSE,FALSE,,,,,host_present_in_system,host appears in canonical WHO disease-pathogen-host backbone; role-specific reservoir/amplifier/incidental/dead-end evidence not assessed,low,TRUE,standard_review
Mpox (Monkeypox),Orthopoxvirus monkeypox,Orthopoxvirus monkeypox,10244,chinchilla lanigera,34839,,,,TRUE,TRUE,both,in_gibb_etal=TRUE; in_empres_i=TRUE; deferred_broad_vesiculovirus=FALSE,Orthopoxvirus monkeypox,Mpox (Monkeypox),Antibodies,VIRION,1,FALSE,FALSE,,,,,host_present_in_system,host appears in canonical WHO disease-pathogen-host backbone; role-specific reservoir/amplifier/incidental/dead-end evidence not assessed,low,TRUE,standard_review
Mpox (Monkeypox),Orthopoxvirus monkeypox,Orthopoxvirus monkeypox,10244,cricetomys emini,107265,,,,TRUE,TRUE,both,in_gibb_etal=TRUE; in_empres_i=TRUE; deferred_broad_vesiculovirus=FALSE,Orthopoxvirus monkeypox,Mpox (Monkeypox),Antibodies,VIRION,1,FALSE,FALSE,,,,,host_present_in_system,host appears in canonical WHO disease-pathogen-host backbone; role-specific reservoir/amplifier/incidental/dead-end evidence not assessed,low,TRUE,standard_review
Mpox (Monkeypox),Orthopoxvirus monkeypox,Orthopoxvirus monkeypox,3431483,funisciurus pyrropus,226680,,,,TRUE,TRUE,both,in_gibb_etal=TRUE; in_empres_i=TRUE; deferred_broad_vesiculovirus=FALSE,Orthopoxvirus monkeypox,Mpox (Monkeypox),PCR/Sequencing,VIRION,1,FALSE,FALSE,,,,,host_present_in_system,host appears in canonical WHO disease-pathogen-host backbone; role-specific reservoir/amplifier/incidental/dead-end evidence not assessed,low,TRUE,standard_review
Mpox (Monkeypox),Orthopoxvirus monkeypox,Orthopoxvirus monkeypox,10244,heliosciurus gambianus,1235482,,,,TRUE,TRUE,both,in_gibb_etal=TRUE; in_empres_i=TRUE; deferred_broad_vesiculovirus=FALSE,Orthopoxvirus monkeypox,Mpox (Monkeypox),Antibodies,VIRION,1,FALSE,FALSE,,,,,host_present_in_system,host appears in canonical WHO disease-pathogen-host backbone; role-specific reservoir/amplifier/incidental/dead-end evidence not assessed,low,TRUE,standard_review
Mpox (Monkeypox),Orthopoxvirus monkeypox,Orthopoxvirus monkeypox,10244,heliosciurus rufobrachium,1096448,,,,TRUE,TRUE,both,in_gibb_etal=TRUE; in_empres_i=TRUE; deferred_broad_vesiculovirus=FALSE,Orthopoxvirus monkeypox,Mpox (Monkeypox),Antibodies,VIRION,1,FALSE,FALSE,,,,,host_present_in_system,host appears in canonical WHO disease-pathogen-host backbone; role-specific reservoir/amplifier/incidental/dead-end evidence not assessed,low,TRUE,standard_review
Mpox (Monkeypox),Orthopoxvirus monkeypox,Orthopoxvirus monkeypox,10244,piliocolobus badius,164648,,,,TRUE,TRUE,both,in_gibb_etal=TRUE; in_empres_i=TRUE; deferred_broad_vesiculovirus=FALSE,Orthopoxvirus monkeypox,Mpox (Monkeypox),Antibodies; Not specified,VIRION,1,FALSE,FALSE,,,,,host_present_in_system,host appears in canonical WHO disease-pathogen-host backbone; role-specific reservoir/amplifier/incidental/dead-end evidence not assessed,low,TRUE,standard_review
Mpox (Monkeypox),Orthopoxvirus monkeypox,Orthopoxvirus monkeypox,3431483,praomys jacksoni,209866,,,,TRUE,TRUE,both,in_gibb_etal=TRUE; in_empres_i=TRUE; deferred_broad_vesiculovirus=FALSE,Orthopoxvirus monkeypox,Mpox (Monkeypox),PCR/Sequencing,VIRION,1,FALSE,FALSE,,,,,host_present_in_system,host appears in canonical WHO disease-pathogen-host backbone; role-specific reservoir/amplifier/incidental/dead-end evidence not assessed,low,TRUE,standard_review
Nipah virus disease,Henipavirus nipahense,Henipavirus nipahense,3052225,Bos taurus,9913,mammalia,artiodactyla,bovidae,TRUE,TRUE,both,in_gibb_etal=TRUE; in_empres_i=TRUE; deferred_broad_vesiculovirus=FALSE,Henipavirus nipahense,Nipah virus disease,Isolation/Observation,VIRION,1,FALSE,TRUE,FALSE,FALSE,FALSE,FALSE,host_present_in_system,host appears in canonical WHO disease-pathogen-host backbone; role-specific reservoir/amplifier/incidental/dead-end evidence not assessed,low,TRUE,high_livestock_triage
Nipah virus disease,Henipavirus nipahense,Henipavirus nipahense,3052225,Capra hircus,9925,mammalia,artiodactyla,bovidae,TRUE,TRUE,both,in_gibb_etal=TRUE; in_empres_i=TRUE; deferred_broad_vesiculovirus=FALSE,Henipavirus nipahense,Nipah virus disease,Isolation/Observation,VIRION,1,FALSE,TRUE,FALSE,FALSE,FALSE,FALSE,host_present_in_system,host appears in canonical WHO disease-pathogen-host backbone; role-specific reservoir/amplifier/incidental/dead-end evidence not assessed,low,TRUE,high_livestock_triage
Nipah virus disease,Henipavirus nipahense,Henipavirus nipahense,3052225,Sus scrofa,9823,mammalia,artiodactyla,suidae,TRUE,TRUE,both,in_gibb_etal=TRUE; in_empres_i=TRUE; deferred_broad_vesiculovirus=FALSE,Henipavirus nipahense,Nipah virus disease,Isolation/Observation; Not specified; PCR/Sequencing,VIRION,1,FALSE,TRUE,FALSE,FALSE,FALSE,FALSE,host_present_in_system,host appears in canonical WHO disease-pathogen-host backbone; role-specific reservoir/amplifier/incidental/dead-end evidence not assessed,low,TRUE,high_livestock_triage
Nipah virus disease,Henipavirus nipahense,Henipavirus nipahense,3052225,Sus scrofa,9825,mammalia,artiodactyla,suidae,TRUE,TRUE,both,in_gibb_etal=TRUE; in_empres_i=TRUE; deferred_broad_vesiculovirus=FALSE,Henipavirus nipahense,Nipah virus disease,PCR/Sequencing,VIRION,1,FALSE,TRUE,FALSE,FALSE,FALSE,FALSE,host_present_in_system,host appears in canonical WHO disease-pathogen-host backbone; role-specific reservoir/amplifier/incidental/dead-end evidence not assessed,low,TRUE,high_livestock_triage
Nipah virus disease,Henipavirus nipahense,Henipavirus nipahense,3052225,Equus caballus,9796,mammalia,perissodactyla,equidae,TRUE,TRUE,both,in_gibb_etal=TRUE; in_empres_i=TRUE; deferred_broad_vesiculovirus=FALSE,Henipavirus nipahense,Nipah virus disease,Antibodies,VIRION,1,FALSE,TRUE,FALSE,FALSE,FALSE,FALSE,host_present_in_system,host appears in canonical WHO disease-pathogen-host backbone; role-specific reservoir/amplifier/incidental/dead-end evidence not assessed,low,TRUE,high_livestock_triage
Nipah virus disease,Henipavirus nipahense,Henipavirus nipahense,3052225,Cynopterus brachyotis,58060,mammalia,chiroptera,pteropodidae,TRUE,TRUE,both,in_gibb_etal=TRUE; in_empres_i=TRUE; deferred_broad_vesiculovirus=FALSE,Henipavirus nipahense,Nipah virus disease,Antibodies; Isolation/Observation,VIRION,1,FALSE,FALSE,FALSE,FALSE,TRUE,FALSE,host_present_in_system,host appears in canonical WHO disease-pathogen-host backbone; role-specific reservoir/amplifier/incidental/dead-end evidence not assessed,low,TRUE,medium_ecology_triage
Nipah virus disease,Henipavirus nipahense,Henipavirus nipahense,3052225,Eidolon helvum,77214,mammalia,chiroptera,pteropodidae,TRUE,TRUE,both,in_gibb_etal=TRUE; in_empres_i=TRUE; deferred_broad_vesiculovirus=FALSE,Henipavirus nipahense,Nipah virus disease,Antibodies,VIRION,1,FALSE,FALSE,FALSE,FALSE,TRUE,FALSE,host_present_in_system,host appears in canonical WHO disease-pathogen-host backbone; role-specific reservoir/amplifier/incidental/dead-end evidence not assessed,low,TRUE,medium_ecology_triage
Nipah virus disease,Henipavirus nipahense,Henipavirus nipahense,3052225,Eonycteris spelaea,58065,mammalia,chiroptera,pteropodidae,TRUE,TRUE,both,in_gibb_etal=TRUE; in_empres_i=TRUE; deferred_broad_vesiculovirus=FALSE,Henipavirus nipahense,Nipah virus disease,Antibodies; Isolation/Observation,VIRION,1,FALSE,FALSE,FALSE,FALSE,TRUE,FALSE,host_present_in_system,host appears in canonical WHO disease-pathogen-host backbone; role-specific reservoir/amplifier/incidental/dead-end evidence not assessed,low,TRUE,medium_ecology_triage
Nipah virus disease,Henipavirus nipahense,Henipavirus nipahense,3052225,Hipposideros armiger,186990,mammalia,chiroptera,hipposideridae,TRUE,TRUE,both,in_gibb_etal=TRUE; in_empres_i=TRUE; deferred_broad_vesiculovirus=FALSE,Henipavirus nipahense,Nipah virus disease,Antibodies,VIRION,1,FALSE,FALSE,FALSE,FALSE,TRUE,FALSE,host_present_in_system,host appears in canonical WHO disease-pathogen-host backbone; role-specific reservoir/amplifier/incidental/dead-end evidence not assessed,low,TRUE,medium_ecology_triage
Nipah virus disease,Henipavirus nipahense,Henipavirus nipahense,3052225,Hipposideros larvatus,175524,mammalia,chiroptera,hipposideridae,TRUE,TRUE,both,in_gibb_etal=TRUE; in_empres_i=TRUE; deferred_broad_vesiculovirus=FALSE,Henipavirus nipahense,Nipah virus disease,Antibodies; PCR/Sequencing,VIRION,1,FALSE,FALSE,FALSE,FALSE,TRUE,FALSE,host_present_in_system,host appears in canonical WHO disease-pathogen-host backbone; role-specific reservoir/amplifier/incidental/dead-end evidence not assessed,low,TRUE,medium_ecology_triage
Nipah virus disease,Henipavirus nipahense,Henipavirus nipahense,3052225,Hipposideros pomona,334201,mammalia,chiroptera,hipposideridae,TRUE,TRUE,both,in_gibb_etal=TRUE; in_empres_i=TRUE; deferred_broad_vesiculovirus=FALSE,Henipavirus nipahense,Nipah virus disease,Antibodies,VIRION,1,FALSE,FALSE,FALSE,FALSE,TRUE,FALSE,host_present_in_system,host appears in canonical WHO disease-pathogen-host backbone; role-specific reservoir/amplifier/incidental/dead-end evidence not assessed,low,TRUE,medium_ecology_triage
Nipah virus disease,Henipavirus nipahense,Henipavirus nipahense,3052225,Hypsignathus monstrosus,448084,mammalia,chiroptera,pteropodidae,TRUE,TRUE,both,in_gibb_etal=TRUE; in_empres_i=TRUE; deferred_broad_vesiculovirus=FALSE,Henipavirus nipahense,Nipah virus disease,Antibodies,VIRION,1,FALSE,FALSE,FALSE,FALSE,TRUE,FALSE,host_present_in_system,host appears in canonical WHO disease-pathogen-host backbone; role-specific reservoir/amplifier/incidental/dead-end evidence not assessed,low,TRUE,medium_ecology_triage
Nipah virus disease,Henipavirus nipahense,Henipavirus nipahense,3052225,Myotis daubentonii,98922,mammalia,chiroptera,vespertilionidae,TRUE,TRUE,both,in_gibb_etal=TRUE; in_empres_i=TRUE; deferred_broad_vesiculovirus=FALSE,Henipavirus nipahense,Nipah virus disease,Antibodies,VIRION,1,FALSE,FALSE,FALSE,FALSE,TRUE,FALSE,host_present_in_system,host appears in canonical WHO disease-pathogen-host backbone; role-specific reservoir/amplifier/incidental/dead-end evidence not assessed,low,TRUE,medium_ecology_triage
Nipah virus disease,Henipavirus nipahense,Henipavirus nipahense,3052225,Myotis pilosus,203696,mammalia,chiroptera,vespertilionidae,TRUE,TRUE,both,in_gibb_etal=TRUE; in_empres_i=TRUE; deferred_broad_vesiculovirus=FALSE,Henipavirus nipahense,Nipah virus disease,Antibodies,VIRION,1,FALSE,FALSE,FALSE,FALSE,TRUE,FALSE,host_present_in_system,host appears in canonical WHO disease-pathogen-host backbone; role-specific reservoir/amplifier/incidental/dead-end evidence not assessed,low,TRUE,medium_ecology_triage
Nipah virus disease,Henipavirus nipahense,Henipavirus nipahense,3052225,Pteropus hypomelanus,9405,mammalia,chiroptera,pteropodidae,TRUE,TRUE,both,in_gibb_etal=TRUE; in_empres_i=TRUE; deferred_broad_vesiculovirus=FALSE,Henipavirus nipahense,Nipah virus disease,Antibodies; Isolation/Observation; PCR/Sequencing,VIRION,1,FALSE,FALSE,FALSE,FALSE,TRUE,FALSE,host_present_in_system,host appears in canonical WHO disease-pathogen-host backbone; role-specific reservoir/amplifier/incidental/dead-end evidence not assessed,low,TRUE,medium_ecology_triage
Nipah virus disease,Henipavirus nipahense,Henipavirus nipahense,3052225,Pteropus lylei,166054,mammalia,chiroptera,pteropodidae,TRUE,TRUE,both,in_gibb_etal=TRUE; in_empres_i=TRUE; deferred_broad_vesiculovirus=FALSE,Henipavirus nipahense,Nipah virus disease,Isolation/Observation; PCR/Sequencing,VIRION,1,FALSE,FALSE,FALSE,FALSE,TRUE,FALSE,host_present_in_system,host appears in canonical WHO disease-pathogen-host backbone; role-specific reservoir/amplifier/incidental/dead-end evidence not assessed,low,TRUE,medium_ecology_triage
Nipah virus disease,Henipavirus nipahense,Henipavirus nipahense,3052225,Pteropus medius,143291,mammalia,chiroptera,pteropodidae,TRUE,TRUE,both,in_gibb_etal=TRUE; in_empres_i=TRUE; deferred_broad_vesiculovirus=FALSE,Henipavirus nipahense,Nipah virus disease,PCR/Sequencing,VIRION,1,FALSE,FALSE,FALSE,FALSE,TRUE,FALSE,host_present_in_system,host appears in canonical WHO disease-pathogen-host backbone; role-specific reservoir/amplifier/incidental/dead-end evidence not assessed,low,TRUE,medium_ecology_triage
Nipah virus disease,Henipavirus nipahense,Henipavirus nipahense,3052225,Pteropus vampyrus,132908,mammalia,chiroptera,pteropodidae,TRUE,TRUE,both,in_gibb_etal=TRUE; in_empres_i=TRUE; deferred_broad_vesiculovirus=FALSE,Henipavirus nipahense,Nipah virus disease,Isolation/Observation; PCR/Sequencing,VIRION,1,FALSE,FALSE,FALSE,FALSE,TRUE,FALSE,host_present_in_system,host appears in canonical WHO disease-pathogen-host backbone; role-specific reservoir/amplifier/incidental/dead-end evidence not assessed,low,TRUE,medium_ecology_triage
Nipah virus disease,Henipavirus nipahense,Henipavirus nipahense,3052225,Rhinolophus affinis,59477,mammalia,chiroptera,rhinolophidae,TRUE,TRUE,both,in_gibb_etal=TRUE; in_empres_i=TRUE; deferred_broad_vesiculovirus=FALSE,Henipavirus nipahense,Nipah virus disease,Antibodies,VIRION,1,FALSE,FALSE,FALSE,FALSE,TRUE,FALSE,host_present_in_system,host appears in canonical WHO disease-pathogen-host backbone; role-specific reservoir/amplifier/incidental/dead-end evidence not assessed,low,TRUE,medium_ecology_triage
Nipah virus disease,Henipavirus nipahense,Henipavirus nipahense,3052225,Rhinolophus sinicus,89399,mammalia,chiroptera,rhinolophidae,TRUE,TRUE,both,in_gibb_etal=TRUE; in_empres_i=TRUE; deferred_broad_vesiculovirus=FALSE,Henipavirus nipahense,Nipah virus disease,Antibodies,VIRION,1,FALSE,FALSE,FALSE,FALSE,TRUE,FALSE,host_present_in_system,host appears in canonical WHO disease-pathogen-host backbone; role-specific reservoir/amplifier/incidental/dead-end evidence not assessed,low,TRUE,medium_ecology_triage
Nipah virus disease,Henipavirus nipahense,Henipavirus nipahense,3052225,Rousettus leschenaultii,9408,mammalia,chiroptera,pteropodidae,TRUE,TRUE,both,in_gibb_etal=TRUE; in_empres_i=TRUE; deferred_broad_vesiculovirus=FALSE,Henipavirus nipahense,Nipah virus disease,Antibodies,VIRION,1,FALSE,FALSE,FALSE,FALSE,TRUE,FALSE,host_present_in_system,host appears in canonical WHO disease-pathogen-host backbone; role-specific reservoir/amplifier/incidental/dead-end evidence not assessed,low,TRUE,medium_ecology_triage
Nipah virus disease,Henipavirus nipahense,Henipavirus nipahense,3052225,Scotophilus kuhlii,153297,mammalia,chiroptera,vespertilionidae,TRUE,TRUE,both,in_gibb_etal=TRUE; in_empres_i=TRUE; deferred_broad_vesiculovirus=FALSE,Henipavirus nipahense,Nipah virus disease,Antibodies,VIRION,1,FALSE,FALSE,FALSE,FALSE,TRUE,FALSE,host_present_in_system,host appears in canonical WHO disease-pathogen-host backbone; role-specific reservoir/amplifier/incidental/dead-end evidence not assessed,low,TRUE,medium_ecology_triage
Nipah virus disease,Henipavirus nipahense,Henipavirus nipahense,3052225,Mus musculus,10090,mammalia,rodentia,muridae,TRUE,TRUE,both,in_gibb_etal=TRUE; in_empres_i=TRUE; deferred_broad_vesiculovirus=FALSE,Henipavirus nipahense,Nipah virus disease,Isolation/Observation,VIRION,1,FALSE,FALSE,FALSE,TRUE,FALSE,FALSE,host_present_in_system,host appears in canonical WHO disease-pathogen-host backbone; role-specific reservoir/amplifier/incidental/dead-end evidence not assessed,low,TRUE,medium_ecology_triage
Nipah virus disease,Henipavirus nipahense,Henipavirus nipahense,3052225,Homo sapiens,9606,,,,TRUE,TRUE,both,in_gibb_etal=TRUE; in_empres_i=TRUE; deferred_broad_vesiculovirus=FALSE,Henipavirus nipahense,Nipah virus disease,Isolation/Observation; Not specified; PCR/Sequencing,VIRION,1,TRUE,FALSE,,,,,host_present_in_system,host appears in canonical WHO disease-pathogen-host backbone; role-specific reservoir/amplifier/incidental/dead-end evidence not assessed,low,TRUE,medium_human_triage
Nipah virus disease,Henipavirus nipahense,Henipavirus nipahense,3052225,Canis lupus,9612,mammalia,carnivora,canidae,TRUE,TRUE,both,in_gibb_etal=TRUE; in_empres_i=TRUE; deferred_broad_vesiculovirus=FALSE,Henipavirus nipahense,Nipah virus disease,Not specified,VIRION,1,FALSE,FALSE,FALSE,FALSE,FALSE,FALSE,host_present_in_system,host appears in canonical WHO disease-pathogen-host backbone; role-specific reservoir/amplifier/incidental/dead-end evidence not assessed,low,TRUE,standard_review
Nipah virus disease,Henipavirus nipahense,Henipavirus nipahense,3052225,Canis lupus,9615,mammalia,carnivora,canidae,TRUE,TRUE,both,in_gibb_etal=TRUE; in_empres_i=TRUE; deferred_broad_vesiculovirus=FALSE,Henipavirus nipahense,Nipah virus disease,PCR/Sequencing,VIRION,1,FALSE,FALSE,FALSE,FALSE,FALSE,FALSE,host_present_in_system,host appears in canonical WHO disease-pathogen-host backbone; role-specific reservoir/amplifier/incidental/dead-end evidence not assessed,low,TRUE,standard_review
Nipah virus disease,Henipavirus nipahense,Henipavirus nipahense,3052225,Felis catus,9685,mammalia,carnivora,felidae,TRUE,TRUE,both,in_gibb_etal=TRUE; in_empres_i=TRUE; deferred_broad_vesiculovirus=FALSE,Henipavirus nipahense,Nipah virus disease,PCR/Sequencing,VIRION,1,FALSE,FALSE,FALSE,FALSE,FALSE,FALSE,host_present_in_system,host appears in canonical WHO disease-pathogen-host backbone; role-specific reservoir/amplifier/incidental/dead-end evidence not assessed,low,TRUE,standard_review
Nipah virus disease,Henipavirus nipahense,Henipavirus nipahense,3052225,cynopterus sphinx,9400,,,,TRUE,TRUE,both,in_gibb_etal=TRUE; in_empres_i=TRUE; deferred_broad_vesiculovirus=FALSE,Henipavirus nipahense,Nipah virus disease,Antibodies,VIRION,1,FALSE,FALSE,,,,,host_present_in_system,host appears in canonical WHO disease-pathogen-host backbone; role-specific reservoir/amplifier/incidental/dead-end evidence not assessed,low,TRUE,standard_review
Nipah virus disease,Henipavirus nipahense,Henipavirus nipahense,3052225,eidolon dupreanum,58063,,,,TRUE,TRUE,both,in_gibb_etal=TRUE; in_empres_i=TRUE; deferred_broad_vesiculovirus=FALSE,Henipavirus nipahense,Nipah virus disease,Antibodies,VIRION,1,FALSE,FALSE,,,,,host_present_in_system,host appears in canonical WHO disease-pathogen-host backbone; role-specific reservoir/amplifier/incidental/dead-end evidence not assessed,low,TRUE,standard_review
Nipah virus disease,Henipavirus nipahense,Henipavirus nipahense,3052225,epomophorus gambianus,372077,,,,TRUE,TRUE,both,in_gibb_etal=TRUE; in_empres_i=TRUE; deferred_broad_vesiculovirus=FALSE,Henipavirus nipahense,Nipah virus disease,Antibodies,VIRION,1,FALSE,FALSE,,,,,host_present_in_system,host appears in canonical WHO disease-pathogen-host backbone; role-specific reservoir/amplifier/incidental/dead-end evidence not assessed,low,TRUE,standard_review
Nipah virus disease,Henipavirus nipahense,Henipavirus nipahense,3052225,pteropus pumilus,161598,,,,TRUE,TRUE,both,in_gibb_etal=TRUE; in_empres_i=TRUE; deferred_broad_vesiculovirus=FALSE,Henipavirus nipahense,Nipah virus disease,Antibodies,VIRION,1,FALSE,FALSE,,,,,host_present_in_system,host appears in canonical WHO disease-pathogen-host backbone; role-specific reservoir/amplifier/incidental/dead-end evidence not assessed,low,TRUE,standard_review
Nipah virus disease,Henipavirus nipahense,Henipavirus nipahense,3052225,pteropus rodricensis,77216,,,,TRUE,TRUE,both,in_gibb_etal=TRUE; in_empres_i=TRUE; deferred_broad_vesiculovirus=FALSE,Henipavirus nipahense,Nipah virus disease,Antibodies,VIRION,1,FALSE,FALSE,,,,,host_present_in_system,host appears in canonical WHO disease-pathogen-host backbone; role-specific reservoir/amplifier/incidental/dead-end evidence not assessed,low,TRUE,standard_review
Nipah virus disease,Henipavirus nipahense,Henipavirus nipahense,3052225,pteropus rufus,196297,,,,TRUE,TRUE,both,in_gibb_etal=TRUE; in_empres_i=TRUE; deferred_broad_vesiculovirus=FALSE,Henipavirus nipahense,Nipah virus disease,Antibodies,VIRION,1,FALSE,FALSE,,,,,host_present_in_system,host appears in canonical WHO disease-pathogen-host backbone; role-specific reservoir/amplifier/incidental/dead-end evidence not assessed,low,TRUE,standard_review
Nipah virus disease,Henipavirus nipahense,Henipavirus nipahense,3052225,pteropus sp.,1562770,,,,TRUE,TRUE,both,in_gibb_etal=TRUE; in_empres_i=TRUE; deferred_broad_vesiculovirus=FALSE,Henipavirus nipahense,Nipah virus disease,PCR/Sequencing,VIRION,1,FALSE,FALSE,,,,,host_present_in_system,host appears in canonical WHO disease-pathogen-host backbone; role-specific reservoir/amplifier/incidental/dead-end evidence not assessed,low,TRUE,standard_review
Oropouche fever,Orthobunyavirus oropoucheense,Orthobunyavirus oropoucheense,3052429,Bubalus bubalis,89462,mammalia,artiodactyla,bovidae,TRUE,TRUE,prototype,in_gibb_etal=TRUE; in_empres_i=TRUE; deferred_broad_vesiculovirus=FALSE,Orthobunyavirus oropoucheense,Oropouche fever,Antibodies,VIRION,1,FALSE,TRUE,FALSE,FALSE,FALSE,FALSE,host_present_in_system,host appears in canonical WHO disease-pathogen-host backbone; role-specific reservoir/amplifier/incidental/dead-end evidence not assessed,low,TRUE,high_livestock_triage
Oropouche fever,Orthobunyavirus oropoucheense,Orthobunyavirus oropoucheense,3052429,Artibeus lituratus,27634,mammalia,chiroptera,phyllostomidae,TRUE,TRUE,prototype,in_gibb_etal=TRUE; in_empres_i=TRUE; deferred_broad_vesiculovirus=FALSE,Orthobunyavirus oropoucheense,Oropouche fever,Antibodies,VIRION,1,FALSE,FALSE,FALSE,FALSE,TRUE,FALSE,host_present_in_system,host appears in canonical WHO disease-pathogen-host backbone; role-specific reservoir/amplifier/incidental/dead-end evidence not assessed,low,TRUE,medium_ecology_triage
Oropouche fever,Orthobunyavirus oropoucheense,Orthobunyavirus oropoucheense,3052429,Callithrix penicillata,57378,mammalia,primates,callitrichidae,TRUE,TRUE,prototype,in_gibb_etal=TRUE; in_empres_i=TRUE; deferred_broad_vesiculovirus=FALSE,Orthobunyavirus oropoucheense,Oropouche fever,PCR/Sequencing,VIRION,1,FALSE,FALSE,FALSE,FALSE,FALSE,TRUE,host_present_in_system,host appears in canonical WHO disease-pathogen-host backbone; role-specific reservoir/amplifier/incidental/dead-end evidence not assessed,low,TRUE,medium_ecology_triage
Oropouche fever,Orthobunyavirus oropoucheense,Orthobunyavirus oropoucheense,3052429,Cebus olivaceus,37295,mammalia,primates,cebidae,TRUE,TRUE,prototype,in_gibb_etal=TRUE; in_empres_i=TRUE; deferred_broad_vesiculovirus=FALSE,Orthobunyavirus oropoucheense,Oropouche fever,Isolation/Observation,VIRION,1,FALSE,FALSE,FALSE,FALSE,FALSE,TRUE,host_present_in_system,host appears in canonical WHO disease-pathogen-host backbone; role-specific reservoir/amplifier/incidental/dead-end evidence not assessed,low,TRUE,medium_ecology_triage
Oropouche fever,Orthobunyavirus oropoucheense,Orthobunyavirus oropoucheense,3052429,Homo sapiens,9606,,,,TRUE,TRUE,prototype,in_gibb_etal=TRUE; in_empres_i=TRUE; deferred_broad_vesiculovirus=FALSE,Orthobunyavirus oropoucheense,Oropouche fever,Isolation/Observation; Not specified; PCR/Sequencing,VIRION,1,TRUE,FALSE,,,,,host_present_in_system,host appears in canonical WHO disease-pathogen-host backbone; role-specific reservoir/amplifier/incidental/dead-end evidence not assessed,low,TRUE,medium_human_triage
Oropouche fever,Orthobunyavirus oropoucheense,Orthobunyavirus oropoucheense,3052429,Bradypus tridactylus,9354,mammalia,pilosa,bradypodidae,TRUE,TRUE,prototype,in_gibb_etal=TRUE; in_empres_i=TRUE; deferred_broad_vesiculovirus=FALSE,Orthobunyavirus oropoucheense,Oropouche fever,Isolation/Observation; PCR/Sequencing,VIRION,1,FALSE,FALSE,FALSE,FALSE,FALSE,FALSE,host_present_in_system,host appears in canonical WHO disease-pathogen-host backbone; role-specific reservoir/amplifier/incidental/dead-end evidence not assessed,low,TRUE,standard_review
Oropouche fever,Orthobunyavirus oropoucheense,Orthobunyavirus oropoucheense,3052429,Callithrix,9485,,,,TRUE,TRUE,prototype,in_gibb_etal=TRUE; in_empres_i=TRUE; deferred_broad_vesiculovirus=FALSE,Orthobunyavirus oropoucheense,Oropouche fever,PCR/Sequencing,VIRION,1,FALSE,FALSE,,,,,host_present_in_system,host appears in canonical WHO disease-pathogen-host backbone; role-specific reservoir/amplifier/incidental/dead-end evidence not assessed,low,TRUE,standard_review
Oropouche fever,Orthobunyavirus oropoucheense,Orthobunyavirus oropoucheense,3052429,Cebus,9517,,,,TRUE,TRUE,prototype,in_gibb_etal=TRUE; in_empres_i=TRUE; deferred_broad_vesiculovirus=FALSE,Orthobunyavirus oropoucheense,Oropouche fever,PCR/Sequencing,VIRION,1,FALSE,FALSE,,,,,host_present_in_system,host appears in canonical WHO disease-pathogen-host backbone; role-specific reservoir/amplifier/incidental/dead-end evidence not assessed,low,TRUE,standard_review
Plague,Yersinia pestis,Yersinia pestis,632,Ovis aries,9940,mammalia,artiodactyla,bovidae,TRUE,FALSE,priority,in_gibb_etal=TRUE; in_empres_i=FALSE; deferred_broad_vesiculovirus=FALSE,yersinia pestis,Plague,Isolation/Observation,CLOVER,1,FALSE,TRUE,FALSE,FALSE,FALSE,FALSE,host_present_in_system,host appears in canonical WHO disease-pathogen-host backbone; role-specific reservoir/amplifier/incidental/dead-end evidence not assessed,low,TRUE,high_livestock_triage
Plague,Yersinia pestis,Yersinia pestis,632,Apodemus chevrieri,129246,mammalia,rodentia,muridae,TRUE,FALSE,priority,in_gibb_etal=TRUE; in_empres_i=FALSE; deferred_broad_vesiculovirus=FALSE,yersinia pestis,Plague,Isolation/Observation,CLOVER,1,FALSE,FALSE,FALSE,TRUE,FALSE,FALSE,host_present_in_system,host appears in canonical WHO disease-pathogen-host backbone; role-specific reservoir/amplifier/incidental/dead-end evidence not assessed,low,TRUE,medium_ecology_triage
Plague,Yersinia pestis,Yersinia pestis,632,Cerradomys subflavus,37022,mammalia,rodentia,cricetidae,TRUE,FALSE,priority,in_gibb_etal=TRUE; in_empres_i=FALSE; deferred_broad_vesiculovirus=FALSE,yersinia pestis,Plague,PCR/Sequencing,CLOVER,1,FALSE,FALSE,FALSE,TRUE,FALSE,FALSE,host_present_in_system,host appears in canonical WHO disease-pathogen-host backbone; role-specific reservoir/amplifier/incidental/dead-end evidence not assessed,low,TRUE,medium_ecology_triage
Plague,Yersinia pestis,Yersinia pestis,632,Cynomys ludovicianus,45480,mammalia,rodentia,sciuridae,TRUE,FALSE,priority,in_gibb_etal=TRUE; in_empres_i=FALSE; deferred_broad_vesiculovirus=FALSE,yersinia pestis,Plague,Isolation/Observation,CLOVER,1,FALSE,FALSE,FALSE,TRUE,FALSE,FALSE,host_present_in_system,host appears in canonical WHO disease-pathogen-host backbone; role-specific reservoir/amplifier/incidental/dead-end evidence not assessed,low,TRUE,medium_ecology_triage
Plague,Yersinia pestis,Yersinia pestis,632,Eothenomys miletus,259054,mammalia,rodentia,cricetidae,TRUE,FALSE,priority,in_gibb_etal=TRUE; in_empres_i=FALSE; deferred_broad_vesiculovirus=FALSE,yersinia pestis,Plague,Isolation/Observation,CLOVER,1,FALSE,FALSE,FALSE,TRUE,FALSE,FALSE,host_present_in_system,host appears in canonical WHO disease-pathogen-host backbone; role-specific reservoir/amplifier/incidental/dead-end evidence not assessed,low,TRUE,medium_ecology_triage
Plague,Yersinia pestis,Yersinia pestis,632,Lasiopodomys brandtii,407171,mammalia,rodentia,cricetidae,TRUE,FALSE,priority,in_gibb_etal=TRUE; in_empres_i=FALSE; deferred_broad_vesiculovirus=FALSE,yersinia pestis,Plague,Isolation/Observation,CLOVER,1,FALSE,FALSE,FALSE,TRUE,FALSE,FALSE,host_present_in_system,host appears in canonical WHO disease-pathogen-host backbone; role-specific reservoir/amplifier/incidental/dead-end evidence not assessed,low,TRUE,medium_ecology_triage
Plague,Yersinia pestis,Yersinia pestis,632,Marmota baibacina,93157,mammalia,rodentia,sciuridae,TRUE,FALSE,priority,in_gibb_etal=TRUE; in_empres_i=FALSE; deferred_broad_vesiculovirus=FALSE,yersinia pestis,Plague,Isolation/Observation; PCR/Sequencing,CLOVER,1,FALSE,FALSE,FALSE,TRUE,FALSE,FALSE,host_present_in_system,host appears in canonical WHO disease-pathogen-host backbone; role-specific reservoir/amplifier/incidental/dead-end evidence not assessed,low,TRUE,medium_ecology_triage
Plague,Yersinia pestis,Yersinia pestis,632,Marmota caudata,71802,mammalia,rodentia,sciuridae,TRUE,FALSE,priority,in_gibb_etal=TRUE; in_empres_i=FALSE; deferred_broad_vesiculovirus=FALSE,yersinia pestis,Plague,Isolation/Observation,CLOVER,1,FALSE,FALSE,FALSE,TRUE,FALSE,FALSE,host_present_in_system,host appears in canonical WHO disease-pathogen-host backbone; role-specific reservoir/amplifier/incidental/dead-end evidence not assessed,low,TRUE,medium_ecology_triage
Plague,Yersinia pestis,Yersinia pestis,632,Marmota himalayana,93163,mammalia,rodentia,sciuridae,TRUE,FALSE,priority,in_gibb_etal=TRUE; in_empres_i=FALSE; deferred_broad_vesiculovirus=FALSE,yersinia pestis,Plague,Isolation/Observation,CLOVER,1,FALSE,FALSE,FALSE,TRUE,FALSE,FALSE,host_present_in_system,host appears in canonical WHO disease-pathogen-host backbone; role-specific reservoir/amplifier/incidental/dead-end evidence not assessed,low,TRUE,medium_ecology_triage
Plague,Yersinia pestis,Yersinia pestis,632,Marmota sibirica,93166,mammalia,rodentia,sciuridae,TRUE,FALSE,priority,in_gibb_etal=TRUE; in_empres_i=FALSE; deferred_broad_vesiculovirus=FALSE,yersinia pestis,Plague,Isolation/Observation,CLOVER,1,FALSE,FALSE,FALSE,TRUE,FALSE,FALSE,host_present_in_system,host appears in canonical WHO disease-pathogen-host backbone; role-specific reservoir/amplifier/incidental/dead-end evidence not assessed,low,TRUE,medium_ecology_triage
Plague,Yersinia pestis,Yersinia pestis,632,Meriones meridianus,261754,mammalia,rodentia,muridae,TRUE,FALSE,priority,in_gibb_etal=TRUE; in_empres_i=FALSE; deferred_broad_vesiculovirus=FALSE,yersinia pestis,Plague,Isolation/Observation,CLOVER,1,FALSE,FALSE,FALSE,TRUE,FALSE,FALSE,host_present_in_system,host appears in canonical WHO disease-pathogen-host backbone; role-specific reservoir/amplifier/incidental/dead-end evidence not assessed,low,TRUE,medium_ecology_triage
Plague,Yersinia pestis,Yersinia pestis,632,Meriones unguiculatus,10047,mammalia,rodentia,muridae,TRUE,FALSE,priority,in_gibb_etal=TRUE; in_empres_i=FALSE; deferred_broad_vesiculovirus=FALSE,yersinia pestis,Plague,Isolation/Observation,CLOVER,1,FALSE,FALSE,FALSE,TRUE,FALSE,FALSE,host_present_in_system,host appears in canonical WHO disease-pathogen-host backbone; role-specific reservoir/amplifier/incidental/dead-end evidence not assessed,low,TRUE,medium_ecology_triage
Plague,Yersinia pestis,Yersinia pestis,632,Microtus arvalis,47230,mammalia,rodentia,cricetidae,TRUE,FALSE,priority,in_gibb_etal=TRUE; in_empres_i=FALSE; deferred_broad_vesiculovirus=FALSE,yersinia pestis,Plague,Isolation/Observation,CLOVER,1,FALSE,FALSE,FALSE,TRUE,FALSE,FALSE,host_present_in_system,host appears in canonical WHO disease-pathogen-host backbone; role-specific reservoir/amplifier/incidental/dead-end evidence not assessed,low,TRUE,medium_ecology_triage
Plague,Yersinia pestis,Yersinia pestis,632,Mus musculus,10090,mammalia,rodentia,muridae,TRUE,FALSE,priority,in_gibb_etal=TRUE; in_empres_i=FALSE; deferred_broad_vesiculovirus=FALSE,yersinia pestis,Plague,Not specified,CLOVER,1,FALSE,FALSE,FALSE,TRUE,FALSE,FALSE,host_present_in_system,host appears in canonical WHO disease-pathogen-host backbone; role-specific reservoir/amplifier/incidental/dead-end evidence not assessed,low,TRUE,medium_ecology_triage
Plague,Yersinia pestis,Yersinia pestis,632,Necromys lasiurus,30635,mammalia,rodentia,cricetidae,TRUE,FALSE,priority,in_gibb_etal=TRUE; in_empres_i=FALSE; deferred_broad_vesiculovirus=FALSE,yersinia pestis,Plague,PCR/Sequencing,CLOVER,1,FALSE,FALSE,FALSE,TRUE,FALSE,FALSE,host_present_in_system,host appears in canonical WHO disease-pathogen-host backbone; role-specific reservoir/amplifier/incidental/dead-end evidence not assessed,low,TRUE,medium_ecology_triage
Plague,Yersinia pestis,Yersinia pestis,632,Neodon fuscus,771787,mammalia,rodentia,cricetidae,TRUE,FALSE,priority,in_gibb_etal=TRUE; in_empres_i=FALSE; deferred_broad_vesiculovirus=FALSE,yersinia pestis,Plague,Isolation/Observation,CLOVER,1,FALSE,FALSE,FALSE,TRUE,FALSE,FALSE,host_present_in_system,host appears in canonical WHO disease-pathogen-host backbone; role-specific reservoir/amplifier/incidental/dead-end evidence not assessed,low,TRUE,medium_ecology_triage
Plague,Yersinia pestis,Yersinia pestis,632,Onychomys leucogaster,38668,mammalia,rodentia,cricetidae,TRUE,FALSE,priority,in_gibb_etal=TRUE; in_empres_i=FALSE; deferred_broad_vesiculovirus=FALSE,yersinia pestis,Plague,Isolation/Observation,CLOVER,1,FALSE,FALSE,FALSE,TRUE,FALSE,FALSE,host_present_in_system,host appears in canonical WHO disease-pathogen-host backbone; role-specific reservoir/amplifier/incidental/dead-end evidence not assessed,low,TRUE,medium_ecology_triage
Plague,Yersinia pestis,Yersinia pestis,632,Rattus norvegicus,10116,mammalia,rodentia,muridae,TRUE,FALSE,priority,in_gibb_etal=TRUE; in_empres_i=FALSE; deferred_broad_vesiculovirus=FALSE,yersinia pestis,Plague,Isolation/Observation; Not specified,CLOVER,1,FALSE,FALSE,FALSE,TRUE,FALSE,FALSE,host_present_in_system,host appears in canonical WHO disease-pathogen-host backbone; role-specific reservoir/amplifier/incidental/dead-end evidence not assessed,low,TRUE,medium_ecology_triage
Plague,Yersinia pestis,Yersinia pestis,632,Rattus rattus,10117,mammalia,rodentia,muridae,TRUE,FALSE,priority,in_gibb_etal=TRUE; in_empres_i=FALSE; deferred_broad_vesiculovirus=FALSE,yersinia pestis,Plague,Isolation/Observation; Not specified; PCR/Sequencing,CLOVER,1,FALSE,FALSE,FALSE,TRUE,FALSE,FALSE,host_present_in_system,host appears in canonical WHO disease-pathogen-host backbone; role-specific reservoir/amplifier/incidental/dead-end evidence not assessed,low,TRUE,medium_ecology_triage
Plague,Yersinia pestis,Yersinia pestis,632,Rattus tanezumi,35732,mammalia,rodentia,muridae,TRUE,FALSE,priority,in_gibb_etal=TRUE; in_empres_i=FALSE; deferred_broad_vesiculovirus=FALSE,yersinia pestis,Plague,Isolation/Observation,CLOVER,1,FALSE,FALSE,FALSE,TRUE,FALSE,FALSE,host_present_in_system,host appears in canonical WHO disease-pathogen-host backbone; role-specific reservoir/amplifier/incidental/dead-end evidence not assessed,low,TRUE,medium_ecology_triage
Plague,Yersinia pestis,Yersinia pestis,632,Rhombomys opimus,186474,mammalia,rodentia,muridae,TRUE,FALSE,priority,in_gibb_etal=TRUE; in_empres_i=FALSE; deferred_broad_vesiculovirus=FALSE,yersinia pestis,Plague,Isolation/Observation; Not specified,CLOVER,1,FALSE,FALSE,FALSE,TRUE,FALSE,FALSE,host_present_in_system,host appears in canonical WHO disease-pathogen-host backbone; role-specific reservoir/amplifier/incidental/dead-end evidence not assessed,low,TRUE,medium_ecology_triage
Plague,Yersinia pestis,Yersinia pestis,632,Spermophilus alashanicus,99830,mammalia,rodentia,sciuridae,TRUE,FALSE,priority,in_gibb_etal=TRUE; in_empres_i=FALSE; deferred_broad_vesiculovirus=FALSE,yersinia pestis,Plague,Isolation/Observation,CLOVER,1,FALSE,FALSE,FALSE,TRUE,FALSE,FALSE,host_present_in_system,host appears in canonical WHO disease-pathogen-host backbone; role-specific reservoir/amplifier/incidental/dead-end evidence not assessed,low,TRUE,medium_ecology_triage
Plague,Yersinia pestis,Yersinia pestis,632,Spermophilus dauricus,99837,mammalia,rodentia,sciuridae,TRUE,FALSE,priority,in_gibb_etal=TRUE; in_empres_i=FALSE; deferred_broad_vesiculovirus=FALSE,yersinia pestis,Plague,Isolation/Observation,CLOVER,1,FALSE,FALSE,FALSE,TRUE,FALSE,FALSE,host_present_in_system,host appears in canonical WHO disease-pathogen-host backbone; role-specific reservoir/amplifier/incidental/dead-end evidence not assessed,low,TRUE,medium_ecology_triage
Plague,Yersinia pestis,Yersinia pestis,632,Urocitellus parryii,9999,mammalia,rodentia,sciuridae,TRUE,FALSE,priority,in_gibb_etal=TRUE; in_empres_i=FALSE; deferred_broad_vesiculovirus=FALSE,yersinia pestis,Plague,Isolation/Observation,CLOVER,1,FALSE,FALSE,FALSE,TRUE,FALSE,FALSE,host_present_in_system,host appears in canonical WHO disease-pathogen-host backbone; role-specific reservoir/amplifier/incidental/dead-end evidence not assessed,low,TRUE,medium_ecology_triage
Plague,Yersinia pestis,Yersinia pestis,632,Homo sapiens,9606,,,,TRUE,FALSE,priority,in_gibb_etal=TRUE; in_empres_i=FALSE; deferred_broad_vesiculovirus=FALSE,yersinia pestis,Plague,Isolation/Observation; Not specified; PCR/Sequencing,CLOVER,1,TRUE,FALSE,,,,,host_present_in_system,host appears in canonical WHO disease-pathogen-host backbone; role-specific reservoir/amplifier/incidental/dead-end evidence not assessed,low,TRUE,medium_human_triage
Plague,Yersinia pestis,Yersinia pestis,632,Odocoileus hemionus,9872,mammalia,artiodactyla,cervidae,TRUE,FALSE,priority,in_gibb_etal=TRUE; in_empres_i=FALSE; deferred_broad_vesiculovirus=FALSE,yersinia pestis,Plague,Isolation/Observation; Not specified,CLOVER,1,FALSE,FALSE,FALSE,FALSE,FALSE,FALSE,host_present_in_system,host appears in canonical WHO disease-pathogen-host backbone; role-specific reservoir/amplifier/incidental/dead-end evidence not assessed,low,TRUE,standard_review
Plague,Yersinia pestis,Yersinia pestis,632,Pseudois nayaur,59542,mammalia,artiodactyla,bovidae,TRUE,FALSE,priority,in_gibb_etal=TRUE; in_empres_i=FALSE; deferred_broad_vesiculovirus=FALSE,yersinia pestis,Plague,Isolation/Observation,CLOVER,1,FALSE,FALSE,FALSE,FALSE,FALSE,FALSE,host_present_in_system,host appears in canonical WHO disease-pathogen-host backbone; role-specific reservoir/amplifier/incidental/dead-end evidence not assessed,low,TRUE,standard_review
Plague,Yersinia pestis,Yersinia pestis,632,Canis lupus,9612,mammalia,carnivora,canidae,TRUE,FALSE,priority,in_gibb_etal=TRUE; in_empres_i=FALSE; deferred_broad_vesiculovirus=FALSE,yersinia pestis,Plague,Not specified,CLOVER,1,FALSE,FALSE,FALSE,FALSE,FALSE,FALSE,host_present_in_system,host appears in canonical WHO disease-pathogen-host backbone; role-specific reservoir/amplifier/incidental/dead-end evidence not assessed,low,TRUE,standard_review
Plague,Yersinia pestis,Yersinia pestis,632,Felis catus,9685,mammalia,carnivora,felidae,TRUE,FALSE,priority,in_gibb_etal=TRUE; in_empres_i=FALSE; deferred_broad_vesiculovirus=FALSE,yersinia pestis,Plague,Antibodies; Not specified,CLOVER,1,FALSE,FALSE,FALSE,FALSE,FALSE,FALSE,host_present_in_system,host appears in canonical WHO disease-pathogen-host backbone; role-specific reservoir/amplifier/incidental/dead-end evidence not assessed,low,TRUE,standard_review
Plague,Yersinia pestis,Yersinia pestis,632,Lynx canadensis,61383,mammalia,carnivora,felidae,TRUE,FALSE,priority,in_gibb_etal=TRUE; in_empres_i=FALSE; deferred_broad_vesiculovirus=FALSE,yersinia pestis,Plague,Antibodies; Isolation/Observation,CLOVER,1,FALSE,FALSE,FALSE,FALSE,FALSE,FALSE,host_present_in_system,host appears in canonical WHO disease-pathogen-host backbone; role-specific reservoir/amplifier/incidental/dead-end evidence not assessed,low,TRUE,standard_review
Plague,Yersinia pestis,Yersinia pestis,632,Meles meles,9662,mammalia,carnivora,mustelidae,TRUE,FALSE,priority,in_gibb_etal=TRUE; in_empres_i=FALSE; deferred_broad_vesiculovirus=FALSE,yersinia pestis,Plague,Isolation/Observation,CLOVER,1,FALSE,FALSE,FALSE,FALSE,FALSE,FALSE,host_present_in_system,host appears in canonical WHO disease-pathogen-host backbone; role-specific reservoir/amplifier/incidental/dead-end evidence not assessed,low,TRUE,standard_review
Plague,Yersinia pestis,Yersinia pestis,632,Mustela nigripes,77151,mammalia,carnivora,mustelidae,TRUE,FALSE,priority,in_gibb_etal=TRUE; in_empres_i=FALSE; deferred_broad_vesiculovirus=FALSE,yersinia pestis,Plague,Isolation/Observation,CLOVER,1,FALSE,FALSE,FALSE,FALSE,FALSE,FALSE,host_present_in_system,host appears in canonical WHO disease-pathogen-host backbone; role-specific reservoir/amplifier/incidental/dead-end evidence not assessed,low,TRUE,standard_review
Plague,Yersinia pestis,Yersinia pestis,632,Procyon lotor,9654,mammalia,carnivora,procyonidae,TRUE,FALSE,priority,in_gibb_etal=TRUE; in_empres_i=FALSE; deferred_broad_vesiculovirus=FALSE,yersinia pestis,Plague,Antibodies,CLOVER,1,FALSE,FALSE,FALSE,FALSE,FALSE,FALSE,host_present_in_system,host appears in canonical WHO disease-pathogen-host backbone; role-specific reservoir/amplifier/incidental/dead-end evidence not assessed,low,TRUE,standard_review
Plague,Yersinia pestis,Yersinia pestis,632,Puma concolor,9696,mammalia,carnivora,felidae,TRUE,FALSE,priority,in_gibb_etal=TRUE; in_empres_i=FALSE; deferred_broad_vesiculovirus=FALSE,yersinia pestis,Plague,Antibodies; Isolation/Observation,CLOVER,1,FALSE,FALSE,FALSE,FALSE,FALSE,FALSE,host_present_in_system,host appears in canonical WHO disease-pathogen-host backbone; role-specific reservoir/amplifier/incidental/dead-end evidence not assessed,low,TRUE,standard_review
Plague,Yersinia pestis,Yersinia pestis,632,Urocyon cinereoargenteus,55040,mammalia,carnivora,canidae,TRUE,FALSE,priority,in_gibb_etal=TRUE; in_empres_i=FALSE; deferred_broad_vesiculovirus=FALSE,yersinia pestis,Plague,Antibodies; Isolation/Observation,CLOVER,1,FALSE,FALSE,FALSE,FALSE,FALSE,FALSE,host_present_in_system,host appears in canonical WHO disease-pathogen-host backbone; role-specific reservoir/amplifier/incidental/dead-end evidence not assessed,low,TRUE,standard_review
Plague,Yersinia pestis,Yersinia pestis,632,Ursus americanus,9643,mammalia,carnivora,ursidae,TRUE,FALSE,priority,in_gibb_etal=TRUE; in_empres_i=FALSE; deferred_broad_vesiculovirus=FALSE,yersinia pestis,Plague,Antibodies; Isolation/Observation,CLOVER,1,FALSE,FALSE,FALSE,FALSE,FALSE,FALSE,host_present_in_system,host appears in canonical WHO disease-pathogen-host backbone; role-specific reservoir/amplifier/incidental/dead-end evidence not assessed,low,TRUE,standard_review
Plague,Yersinia pestis,Yersinia pestis,632,Vulpes vulpes,9627,mammalia,carnivora,canidae,TRUE,FALSE,priority,in_gibb_etal=TRUE; in_empres_i=FALSE; deferred_broad_vesiculovirus=FALSE,yersinia pestis,Plague,Antibodies; Isolation/Observation,CLOVER,1,FALSE,FALSE,FALSE,FALSE,FALSE,FALSE,host_present_in_system,host appears in canonical WHO disease-pathogen-host backbone; role-specific reservoir/amplifier/incidental/dead-end evidence not assessed,low,TRUE,standard_review
Plague,Yersinia pestis,Yersinia pestis,632,Ochotona dauurica,130827,mammalia,lagomorpha,ochotonidae,TRUE,FALSE,priority,in_gibb_etal=TRUE; in_empres_i=FALSE; deferred_broad_vesiculovirus=FALSE,yersinia pestis,Plague,Isolation/Observation,CLOVER,1,FALSE,FALSE,FALSE,FALSE,FALSE,FALSE,host_present_in_system,host appears in canonical WHO disease-pathogen-host backbone; role-specific reservoir/amplifier/incidental/dead-end evidence not assessed,low,TRUE,standard_review
Plague,Yersinia pestis,Yersinia pestis,632,Allactaga sibirica,234626,,,,TRUE,FALSE,priority,in_gibb_etal=TRUE; in_empres_i=FALSE; deferred_broad_vesiculovirus=FALSE,yersinia pestis,Plague,Isolation/Observation,CLOVER,1,FALSE,FALSE,,,,,host_present_in_system,host appears in canonical WHO disease-pathogen-host backbone; role-specific reservoir/amplifier/incidental/dead-end evidence not assessed,low,TRUE,standard_review
Plague,Yersinia pestis,Yersinia pestis,632,Mustela eversmanii,77149,,,,TRUE,FALSE,priority,in_gibb_etal=TRUE; in_empres_i=FALSE; deferred_broad_vesiculovirus=FALSE,yersinia pestis,Plague,Isolation/Observation,CLOVER,1,FALSE,FALSE,,,,,host_present_in_system,host appears in canonical WHO disease-pathogen-host backbone; role-specific reservoir/amplifier/incidental/dead-end evidence not assessed,low,TRUE,standard_review
Plague,Yersinia pestis,Yersinia pestis,632,Ochotona pallasi,130839,,,,TRUE,FALSE,priority,in_gibb_etal=TRUE; in_empres_i=FALSE; deferred_broad_vesiculovirus=FALSE,yersinia pestis,Plague,Isolation/Observation,CLOVER,1,FALSE,FALSE,,,,,host_present_in_system,host appears in canonical WHO disease-pathogen-host backbone; role-specific reservoir/amplifier/incidental/dead-end evidence not assessed,low,TRUE,standard_review
Plague,Yersinia pestis,Yersinia pestis,632,bassariscus astutus,55047,,,,TRUE,FALSE,priority,in_gibb_etal=TRUE; in_empres_i=FALSE; deferred_broad_vesiculovirus=FALSE,yersinia pestis,Plague,Antibodies,CLOVER,1,FALSE,FALSE,,,,,host_present_in_system,host appears in canonical WHO disease-pathogen-host backbone; role-specific reservoir/amplifier/incidental/dead-end evidence not assessed,low,TRUE,standard_review
Plague,Yersinia pestis,Yersinia pestis,632,canis latrans,9614,,,,TRUE,FALSE,priority,in_gibb_etal=TRUE; in_empres_i=FALSE; deferred_broad_vesiculovirus=FALSE,yersinia pestis,Plague,Antibodies; Not specified,CLOVER,1,FALSE,FALSE,,,,,host_present_in_system,host appears in canonical WHO disease-pathogen-host backbone; role-specific reservoir/amplifier/incidental/dead-end evidence not assessed,low,TRUE,standard_review
Plague,Yersinia pestis,Yersinia pestis,632,lynx rufus,61384,,,,TRUE,FALSE,priority,in_gibb_etal=TRUE; in_empres_i=FALSE; deferred_broad_vesiculovirus=FALSE,yersinia pestis,Plague,Antibodies,CLOVER,1,FALSE,FALSE,,,,,host_present_in_system,host appears in canonical WHO disease-pathogen-host backbone; role-specific reservoir/amplifier/incidental/dead-end evidence not assessed,low,TRUE,standard_review
Plague,Yersinia pestis,Yersinia pestis,632,martes americana,9660,,,,TRUE,FALSE,priority,in_gibb_etal=TRUE; in_empres_i=FALSE; deferred_broad_vesiculovirus=FALSE,yersinia pestis,Plague,Antibodies,CLOVER,1,FALSE,FALSE,,,,,host_present_in_system,host appears in canonical WHO disease-pathogen-host backbone; role-specific reservoir/amplifier/incidental/dead-end evidence not assessed,low,TRUE,standard_review
Plague,Yersinia pestis,Yersinia pestis,632,mephitis mephitis,30548,,,,TRUE,FALSE,priority,in_gibb_etal=TRUE; in_empres_i=FALSE; deferred_broad_vesiculovirus=FALSE,yersinia pestis,Plague,Antibodies,CLOVER,1,FALSE,FALSE,,,,,host_present_in_system,host appears in canonical WHO disease-pathogen-host backbone; role-specific reservoir/amplifier/incidental/dead-end evidence not assessed,low,TRUE,standard_review
Plague,Yersinia pestis,Yersinia pestis,632,mustela frenata,55048,,,,TRUE,FALSE,priority,in_gibb_etal=TRUE; in_empres_i=FALSE; deferred_broad_vesiculovirus=FALSE,yersinia pestis,Plague,Antibodies,CLOVER,1,FALSE,FALSE,,,,,host_present_in_system,host appears in canonical WHO disease-pathogen-host backbone; role-specific reservoir/amplifier/incidental/dead-end evidence not assessed,low,TRUE,standard_review
Plague,Yersinia pestis,Yersinia pestis,632,neotoma fuscipes,105199,,,,TRUE,FALSE,priority,in_gibb_etal=TRUE; in_empres_i=FALSE; deferred_broad_vesiculovirus=FALSE,yersinia pestis,Plague,Antibodies,CLOVER,1,FALSE,FALSE,,,,,host_present_in_system,host appears in canonical WHO disease-pathogen-host backbone; role-specific reservoir/amplifier/incidental/dead-end evidence not assessed,low,TRUE,standard_review
Plague,Yersinia pestis,Yersinia pestis,632,peromyscus maniculatus,10042,,,,TRUE,FALSE,priority,in_gibb_etal=TRUE; in_empres_i=FALSE; deferred_broad_vesiculovirus=FALSE,yersinia pestis,Plague,Antibodies,CLOVER,1,FALSE,FALSE,,,,,host_present_in_system,host appears in canonical WHO disease-pathogen-host backbone; role-specific reservoir/amplifier/incidental/dead-end evidence not assessed,low,TRUE,standard_review
Plague,Yersinia pestis,Yersinia pestis,632,spilogale putorius,30552,,,,TRUE,FALSE,priority,in_gibb_etal=TRUE; in_empres_i=FALSE; deferred_broad_vesiculovirus=FALSE,yersinia pestis,Plague,Antibodies,CLOVER,1,FALSE,FALSE,,,,,host_present_in_system,host appears in canonical WHO disease-pathogen-host backbone; role-specific reservoir/amplifier/incidental/dead-end evidence not assessed,low,TRUE,standard_review
Plague,Yersinia pestis,Yersinia pestis,632,taxidea taxus,30554,,,,TRUE,FALSE,priority,in_gibb_etal=TRUE; in_empres_i=FALSE; deferred_broad_vesiculovirus=FALSE,yersinia pestis,Plague,Antibodies,CLOVER,1,FALSE,FALSE,,,,,host_present_in_system,host appears in canonical WHO disease-pathogen-host backbone; role-specific reservoir/amplifier/incidental/dead-end evidence not assessed,low,TRUE,standard_review
Plague,Yersinia pestis,Yersinia pestis,632,vulpes velox,9631,,,,TRUE,FALSE,priority,in_gibb_etal=TRUE; in_empres_i=FALSE; deferred_broad_vesiculovirus=FALSE,yersinia pestis,Plague,Antibodies,CLOVER,1,FALSE,FALSE,,,,,host_present_in_system,host appears in canonical WHO disease-pathogen-host backbone; role-specific reservoir/amplifier/incidental/dead-end evidence not assessed,low,TRUE,standard_review
Rift Valley fever,Phlebovirus riftense,Phlebovirus riftense,3052676,Bos taurus,9913,mammalia,artiodactyla,bovidae,TRUE,TRUE,prototype,in_gibb_etal=TRUE; in_empres_i=TRUE; deferred_broad_vesiculovirus=FALSE,Phlebovirus riftense,Rift Valley fever,Isolation/Observation; Not specified; PCR/Sequencing,VIRION,1,FALSE,TRUE,FALSE,FALSE,FALSE,FALSE,host_present_in_system,host appears in canonical WHO disease-pathogen-host backbone; role-specific reservoir/amplifier/incidental/dead-end evidence not assessed,low,TRUE,high_livestock_triage
Rift Valley fever,Phlebovirus riftense,Phlebovirus riftense,3052676,Bubalus bubalis,89462,mammalia,artiodactyla,bovidae,TRUE,TRUE,prototype,in_gibb_etal=TRUE; in_empres_i=TRUE; deferred_broad_vesiculovirus=FALSE,Phlebovirus riftense,Rift Valley fever,Isolation/Observation; PCR/Sequencing,VIRION,1,FALSE,TRUE,FALSE,FALSE,FALSE,FALSE,host_present_in_system,host appears in canonical WHO disease-pathogen-host backbone; role-specific reservoir/amplifier/incidental/dead-end evidence not assessed,low,TRUE,high_livestock_triage
Rift Valley fever,Phlebovirus riftense,Phlebovirus riftense,3052676,Camelus dromedarius,9838,mammalia,artiodactyla,camelidae,TRUE,TRUE,prototype,in_gibb_etal=TRUE; in_empres_i=TRUE; deferred_broad_vesiculovirus=FALSE,Phlebovirus riftense,Rift Valley fever,Antibodies; Isolation/Observation; PCR/Sequencing,VIRION,1,FALSE,TRUE,FALSE,FALSE,FALSE,FALSE,host_present_in_system,host appears in canonical WHO disease-pathogen-host backbone; role-specific reservoir/amplifier/incidental/dead-end evidence not assessed,low,TRUE,high_livestock_triage
Rift Valley fever,Phlebovirus riftense,Phlebovirus riftense,3052676,Capra hircus,9925,mammalia,artiodactyla,bovidae,TRUE,TRUE,prototype,in_gibb_etal=TRUE; in_empres_i=TRUE; deferred_broad_vesiculovirus=FALSE,Phlebovirus riftense,Rift Valley fever,Isolation/Observation; Not specified; PCR/Sequencing,VIRION,1,FALSE,TRUE,FALSE,FALSE,FALSE,FALSE,host_present_in_system,host appears in canonical WHO disease-pathogen-host backbone; role-specific reservoir/amplifier/incidental/dead-end evidence not assessed,low,TRUE,high_livestock_triage
Rift Valley fever,Phlebovirus riftense,Phlebovirus riftense,3052676,Ovis aries,9940,mammalia,artiodactyla,bovidae,TRUE,TRUE,prototype,in_gibb_etal=TRUE; in_empres_i=TRUE; deferred_broad_vesiculovirus=FALSE,Phlebovirus riftense,Rift Valley fever,Isolation/Observation; Not specified; PCR/Sequencing,VIRION,1,FALSE,TRUE,FALSE,FALSE,FALSE,FALSE,host_present_in_system,host appears in canonical WHO disease-pathogen-host backbone; role-specific reservoir/amplifier/incidental/dead-end evidence not assessed,low,TRUE,high_livestock_triage
Rift Valley fever,Phlebovirus riftense,Phlebovirus riftense,3052676,Equus caballus,9796,mammalia,perissodactyla,equidae,TRUE,TRUE,prototype,in_gibb_etal=TRUE; in_empres_i=TRUE; deferred_broad_vesiculovirus=FALSE,Phlebovirus riftense,Rift Valley fever,Antibodies,VIRION,1,FALSE,TRUE,FALSE,FALSE,FALSE,FALSE,host_present_in_system,host appears in canonical WHO disease-pathogen-host backbone; role-specific reservoir/amplifier/incidental/dead-end evidence not assessed,low,TRUE,high_livestock_triage
Rift Valley fever,Phlebovirus riftense,Phlebovirus riftense,3052676,Epomophorus pusillus,2853157,mammalia,chiroptera,pteropodidae,TRUE,TRUE,prototype,in_gibb_etal=TRUE; in_empres_i=TRUE; deferred_broad_vesiculovirus=FALSE,Phlebovirus riftense,Rift Valley fever,Isolation/Observation; PCR/Sequencing,VIRION,1,FALSE,FALSE,FALSE,FALSE,TRUE,FALSE,host_present_in_system,host appears in canonical WHO disease-pathogen-host backbone; role-specific reservoir/amplifier/incidental/dead-end evidence not assessed,low,TRUE,medium_ecology_triage
Rift Valley fever,Phlebovirus riftense,Phlebovirus riftense,3052676,Epomops franqueti,77231,mammalia,chiroptera,pteropodidae,TRUE,TRUE,prototype,in_gibb_etal=TRUE; in_empres_i=TRUE; deferred_broad_vesiculovirus=FALSE,Phlebovirus riftense,Rift Valley fever,Isolation/Observation,VIRION,1,FALSE,FALSE,FALSE,FALSE,TRUE,FALSE,host_present_in_system,host appears in canonical WHO disease-pathogen-host backbone; role-specific reservoir/amplifier/incidental/dead-end evidence not assessed,low,TRUE,medium_ecology_triage
Rift Valley fever,Phlebovirus riftense,Phlebovirus riftense,3052676,Glauconycteris argentata,909367,mammalia,chiroptera,vespertilionidae,TRUE,TRUE,prototype,in_gibb_etal=TRUE; in_empres_i=TRUE; deferred_broad_vesiculovirus=FALSE,Phlebovirus riftense,Rift Valley fever,Isolation/Observation,VIRION,1,FALSE,FALSE,FALSE,FALSE,TRUE,FALSE,host_present_in_system,host appears in canonical WHO disease-pathogen-host backbone; role-specific reservoir/amplifier/incidental/dead-end evidence not assessed,low,TRUE,medium_ecology_triage
Rift Valley fever,Phlebovirus riftense,Phlebovirus riftense,3052676,Hipposideros abae,249020,mammalia,chiroptera,hipposideridae,TRUE,TRUE,prototype,in_gibb_etal=TRUE; in_empres_i=TRUE; deferred_broad_vesiculovirus=FALSE,Phlebovirus riftense,Rift Valley fever,Isolation/Observation,VIRION,1,FALSE,FALSE,FALSE,FALSE,TRUE,FALSE,host_present_in_system,host appears in canonical WHO disease-pathogen-host backbone; role-specific reservoir/amplifier/incidental/dead-end evidence not assessed,low,TRUE,medium_ecology_triage
Rift Valley fever,Phlebovirus riftense,Phlebovirus riftense,3052676,Hipposideros caffer,302402,mammalia,chiroptera,hipposideridae,TRUE,TRUE,prototype,in_gibb_etal=TRUE; in_empres_i=TRUE; deferred_broad_vesiculovirus=FALSE,Phlebovirus riftense,Rift Valley fever,Isolation/Observation; PCR/Sequencing,VIRION,1,FALSE,FALSE,FALSE,FALSE,TRUE,FALSE,host_present_in_system,host appears in canonical WHO disease-pathogen-host backbone; role-specific reservoir/amplifier/incidental/dead-end evidence not assessed,low,TRUE,medium_ecology_triage
Rift Valley fever,Phlebovirus riftense,Phlebovirus riftense,3052676,Miniopterus schreibersii,9433,mammalia,chiroptera,miniopteridae,TRUE,TRUE,prototype,in_gibb_etal=TRUE; in_empres_i=TRUE; deferred_broad_vesiculovirus=FALSE,Phlebovirus riftense,Rift Valley fever,Isolation/Observation,VIRION,1,FALSE,FALSE,FALSE,FALSE,TRUE,FALSE,host_present_in_system,host appears in canonical WHO disease-pathogen-host backbone; role-specific reservoir/amplifier/incidental/dead-end evidence not assessed,low,TRUE,medium_ecology_triage
Rift Valley fever,Phlebovirus riftense,Phlebovirus riftense,3052676,Arvicanthis niloticus,61156,mammalia,rodentia,muridae,TRUE,TRUE,prototype,in_gibb_etal=TRUE; in_empres_i=TRUE; deferred_broad_vesiculovirus=FALSE,Phlebovirus riftense,Rift Valley fever,Antibodies,VIRION,1,FALSE,FALSE,FALSE,TRUE,FALSE,FALSE,host_present_in_system,host appears in canonical WHO disease-pathogen-host backbone; role-specific reservoir/amplifier/incidental/dead-end evidence not assessed,low,TRUE,medium_ecology_triage
Rift Valley fever,Phlebovirus riftense,Phlebovirus riftense,3052676,Mastomys erythroleucus,41268,mammalia,rodentia,muridae,TRUE,TRUE,prototype,in_gibb_etal=TRUE; in_empres_i=TRUE; deferred_broad_vesiculovirus=FALSE,Phlebovirus riftense,Rift Valley fever,Antibodies,VIRION,1,FALSE,FALSE,FALSE,TRUE,FALSE,FALSE,host_present_in_system,host appears in canonical WHO disease-pathogen-host backbone; role-specific reservoir/amplifier/incidental/dead-end evidence not assessed,low,TRUE,medium_ecology_triage
Rift Valley fever,Phlebovirus riftense,Phlebovirus riftense,3052676,Mastomys huberti,121569,mammalia,rodentia,muridae,TRUE,TRUE,prototype,in_gibb_etal=TRUE; in_empres_i=TRUE; deferred_broad_vesiculovirus=FALSE,Phlebovirus riftense,Rift Valley fever,Antibodies,VIRION,1,FALSE,FALSE,FALSE,TRUE,FALSE,FALSE,host_present_in_system,host appears in canonical WHO disease-pathogen-host backbone; role-specific reservoir/amplifier/incidental/dead-end evidence not assessed,low,TRUE,medium_ecology_triage
Rift Valley fever,Phlebovirus riftense,Phlebovirus riftense,3052676,Mastomys natalensis,10112,mammalia,rodentia,muridae,TRUE,TRUE,prototype,in_gibb_etal=TRUE; in_empres_i=TRUE; deferred_broad_vesiculovirus=FALSE,Phlebovirus riftense,Rift Valley fever,Antibodies,VIRION,1,FALSE,FALSE,FALSE,TRUE,FALSE,FALSE,host_present_in_system,host appears in canonical WHO disease-pathogen-host backbone; role-specific reservoir/amplifier/incidental/dead-end evidence not assessed,low,TRUE,medium_ecology_triage
Rift Valley fever,Phlebovirus riftense,Phlebovirus riftense,3052676,Rattus rattus,10117,mammalia,rodentia,muridae,TRUE,TRUE,prototype,in_gibb_etal=TRUE; in_empres_i=TRUE; deferred_broad_vesiculovirus=FALSE,Phlebovirus riftense,Rift Valley fever,Antibodies; Isolation/Observation; Not specified,VIRION,1,FALSE,FALSE,FALSE,TRUE,FALSE,FALSE,host_present_in_system,host appears in canonical WHO disease-pathogen-host backbone; role-specific reservoir/amplifier/incidental/dead-end evidence not assessed,low,TRUE,medium_ecology_triage
Rift Valley fever,Phlebovirus riftense,Phlebovirus riftense,3052676,Homo sapiens,9606,,,,TRUE,TRUE,prototype,in_gibb_etal=TRUE; in_empres_i=TRUE; deferred_broad_vesiculovirus=FALSE,Phlebovirus riftense,Rift Valley fever,Isolation/Observation; Not specified; PCR/Sequencing,VIRION,1,TRUE,FALSE,,,,,host_present_in_system,host appears in canonical WHO disease-pathogen-host backbone; role-specific reservoir/amplifier/incidental/dead-end evidence not assessed,low,TRUE,medium_human_triage
Rift Valley fever,Phlebovirus riftense,Phlebovirus riftense,3052676,Antidorcas marsupialis,59523,mammalia,artiodactyla,bovidae,TRUE,TRUE,prototype,in_gibb_etal=TRUE; in_empres_i=TRUE; deferred_broad_vesiculovirus=FALSE,Phlebovirus riftense,Rift Valley fever,PCR/Sequencing,VIRION,1,FALSE,FALSE,FALSE,FALSE,FALSE,FALSE,host_present_in_system,host appears in canonical WHO disease-pathogen-host backbone; role-specific reservoir/amplifier/incidental/dead-end evidence not assessed,low,TRUE,standard_review
Rift Valley fever,Phlebovirus riftense,Phlebovirus riftense,3052676,Philantomba monticola,907742,mammalia,artiodactyla,bovidae,TRUE,TRUE,prototype,in_gibb_etal=TRUE; in_empres_i=TRUE; deferred_broad_vesiculovirus=FALSE,Phlebovirus riftense,Rift Valley fever,PCR/Sequencing,VIRION,1,FALSE,FALSE,FALSE,FALSE,FALSE,FALSE,host_present_in_system,host appears in canonical WHO disease-pathogen-host backbone; role-specific reservoir/amplifier/incidental/dead-end evidence not assessed,low,TRUE,standard_review
Rift Valley fever,Phlebovirus riftense,Phlebovirus riftense,3052676,Syncerus caffer,9970,mammalia,artiodactyla,bovidae,TRUE,TRUE,prototype,in_gibb_etal=TRUE; in_empres_i=TRUE; deferred_broad_vesiculovirus=FALSE,Phlebovirus riftense,Rift Valley fever,Antibodies; Isolation/Observation; PCR/Sequencing,VIRION,1,FALSE,FALSE,FALSE,FALSE,FALSE,FALSE,host_present_in_system,host appears in canonical WHO disease-pathogen-host backbone; role-specific reservoir/amplifier/incidental/dead-end evidence not assessed,low,TRUE,standard_review
Rift Valley fever,Phlebovirus riftense,Phlebovirus riftense,3052676,Acinonyx jubatus,32536,mammalia,carnivora,felidae,TRUE,TRUE,prototype,in_gibb_etal=TRUE; in_empres_i=TRUE; deferred_broad_vesiculovirus=FALSE,Phlebovirus riftense,Rift Valley fever,Antibodies,VIRION,1,FALSE,FALSE,FALSE,FALSE,FALSE,FALSE,host_present_in_system,host appears in canonical WHO disease-pathogen-host backbone; role-specific reservoir/amplifier/incidental/dead-end evidence not assessed,low,TRUE,standard_review
Rift Valley fever,Phlebovirus riftense,Phlebovirus riftense,3052676,Lycaon pictus,9622,mammalia,carnivora,canidae,TRUE,TRUE,prototype,in_gibb_etal=TRUE; in_empres_i=TRUE; deferred_broad_vesiculovirus=FALSE,Phlebovirus riftense,Rift Valley fever,Antibodies,VIRION,1,FALSE,FALSE,FALSE,FALSE,FALSE,FALSE,host_present_in_system,host appears in canonical WHO disease-pathogen-host backbone; role-specific reservoir/amplifier/incidental/dead-end evidence not assessed,low,TRUE,standard_review
Rift Valley fever,Phlebovirus riftense,Phlebovirus riftense,3052676,Panthera leo,9689,mammalia,carnivora,felidae,TRUE,TRUE,prototype,in_gibb_etal=TRUE; in_empres_i=TRUE; deferred_broad_vesiculovirus=FALSE,Phlebovirus riftense,Rift Valley fever,Antibodies,VIRION,1,FALSE,FALSE,FALSE,FALSE,FALSE,FALSE,host_present_in_system,host appears in canonical WHO disease-pathogen-host backbone; role-specific reservoir/amplifier/incidental/dead-end evidence not assessed,low,TRUE,standard_review
Rift Valley fever,Phlebovirus riftense,Phlebovirus riftense,3052676,Ceratotherium simum,9807,mammalia,perissodactyla,rhinocerotidae,TRUE,TRUE,prototype,in_gibb_etal=TRUE; in_empres_i=TRUE; deferred_broad_vesiculovirus=FALSE,Phlebovirus riftense,Rift Valley fever,Antibodies,VIRION,1,FALSE,FALSE,FALSE,FALSE,FALSE,FALSE,host_present_in_system,host appears in canonical WHO disease-pathogen-host backbone; role-specific reservoir/amplifier/incidental/dead-end evidence not assessed,low,TRUE,standard_review
Rift Valley fever,Phlebovirus riftense,Phlebovirus riftense,3052676,Canis mesomelas,68725,,,,TRUE,TRUE,prototype,in_gibb_etal=TRUE; in_empres_i=TRUE; deferred_broad_vesiculovirus=FALSE,Phlebovirus riftense,Rift Valley fever,Antibodies,VIRION,1,FALSE,FALSE,,,,,host_present_in_system,host appears in canonical WHO disease-pathogen-host backbone; role-specific reservoir/amplifier/incidental/dead-end evidence not assessed,low,TRUE,standard_review
Rift Valley fever,Phlebovirus riftense,Phlebovirus riftense,3052676,Cephalophus callipygus,129223,,,,TRUE,TRUE,prototype,in_gibb_etal=TRUE; in_empres_i=TRUE; deferred_broad_vesiculovirus=FALSE,Phlebovirus riftense,Rift Valley fever,PCR/Sequencing,VIRION,1,FALSE,FALSE,,,,,host_present_in_system,host appears in canonical WHO disease-pathogen-host backbone; role-specific reservoir/amplifier/incidental/dead-end evidence not assessed,low,TRUE,standard_review
Rift Valley fever,Phlebovirus riftense,Phlebovirus riftense,3052676,acomys cahirinus,10068,,,,TRUE,TRUE,prototype,in_gibb_etal=TRUE; in_empres_i=TRUE; deferred_broad_vesiculovirus=FALSE,Phlebovirus riftense,Rift Valley fever,Antibodies,VIRION,1,FALSE,FALSE,,,,,host_present_in_system,host appears in canonical WHO disease-pathogen-host backbone; role-specific reservoir/amplifier/incidental/dead-end evidence not assessed,low,TRUE,standard_review
Rift Valley fever,Phlebovirus riftense,Phlebovirus riftense,3052676,aepyceros melampus,9897,,,,TRUE,TRUE,prototype,in_gibb_etal=TRUE; in_empres_i=TRUE; deferred_broad_vesiculovirus=FALSE,Phlebovirus riftense,Rift Valley fever,Antibodies,VIRION,1,FALSE,FALSE,,,,,host_present_in_system,host appears in canonical WHO disease-pathogen-host backbone; role-specific reservoir/amplifier/incidental/dead-end evidence not assessed,low,TRUE,standard_review
Rift Valley fever,Phlebovirus riftense,Phlebovirus riftense,3052676,connochaetes taurinus,9927,,,,TRUE,TRUE,prototype,in_gibb_etal=TRUE; in_empres_i=TRUE; deferred_broad_vesiculovirus=FALSE,Phlebovirus riftense,Rift Valley fever,Antibodies,VIRION,1,FALSE,FALSE,,,,,host_present_in_system,host appears in canonical WHO disease-pathogen-host backbone; role-specific reservoir/amplifier/incidental/dead-end evidence not assessed,low,TRUE,standard_review
Rift Valley fever,Phlebovirus riftense,Phlebovirus riftense,3052676,diceros bicornis,9805,,,,TRUE,TRUE,prototype,in_gibb_etal=TRUE; in_empres_i=TRUE; deferred_broad_vesiculovirus=FALSE,Phlebovirus riftense,Rift Valley fever,Antibodies,VIRION,1,FALSE,FALSE,,,,,host_present_in_system,host appears in canonical WHO disease-pathogen-host backbone; role-specific reservoir/amplifier/incidental/dead-end evidence not assessed,low,TRUE,standard_review
Rift Valley fever,Phlebovirus riftense,Phlebovirus riftense,3052676,equus quagga,89252,,,,TRUE,TRUE,prototype,in_gibb_etal=TRUE; in_empres_i=TRUE; deferred_broad_vesiculovirus=FALSE,Phlebovirus riftense,Rift Valley fever,Antibodies,VIRION,1,FALSE,FALSE,,,,,host_present_in_system,host appears in canonical WHO disease-pathogen-host backbone; role-specific reservoir/amplifier/incidental/dead-end evidence not assessed,low,TRUE,standard_review
Rift Valley fever,Phlebovirus riftense,Phlebovirus riftense,3052676,giraffa camelopardalis,9894,,,,TRUE,TRUE,prototype,in_gibb_etal=TRUE; in_empres_i=TRUE; deferred_broad_vesiculovirus=FALSE,Phlebovirus riftense,Rift Valley fever,Antibodies,VIRION,1,FALSE,FALSE,,,,,host_present_in_system,host appears in canonical WHO disease-pathogen-host backbone; role-specific reservoir/amplifier/incidental/dead-end evidence not assessed,low,TRUE,standard_review
Rift Valley fever,Phlebovirus riftense,Phlebovirus riftense,3052676,hippotragus niger,37189,,,,TRUE,TRUE,prototype,in_gibb_etal=TRUE; in_empres_i=TRUE; deferred_broad_vesiculovirus=FALSE,Phlebovirus riftense,Rift Valley fever,Antibodies,VIRION,1,FALSE,FALSE,,,,,host_present_in_system,host appears in canonical WHO disease-pathogen-host backbone; role-specific reservoir/amplifier/incidental/dead-end evidence not assessed,low,TRUE,standard_review
Rift Valley fever,Phlebovirus riftense,Phlebovirus riftense,3052676,kobus ellipsiprymnus,9962,,,,TRUE,TRUE,prototype,in_gibb_etal=TRUE; in_empres_i=TRUE; deferred_broad_vesiculovirus=FALSE,Phlebovirus riftense,Rift Valley fever,Antibodies,VIRION,1,FALSE,FALSE,,,,,host_present_in_system,host appears in canonical WHO disease-pathogen-host backbone; role-specific reservoir/amplifier/incidental/dead-end evidence not assessed,low,TRUE,standard_review
Rift Valley fever,Phlebovirus riftense,Phlebovirus riftense,3052676,litocranius walleri,69311,,,,TRUE,TRUE,prototype,in_gibb_etal=TRUE; in_empres_i=TRUE; deferred_broad_vesiculovirus=FALSE,Phlebovirus riftense,Rift Valley fever,Antibodies,VIRION,1,FALSE,FALSE,,,,,host_present_in_system,host appears in canonical WHO disease-pathogen-host backbone; role-specific reservoir/amplifier/incidental/dead-end evidence not assessed,low,TRUE,standard_review
Rift Valley fever,Phlebovirus riftense,Phlebovirus riftense,3052676,loxodonta africana,9785,,,,TRUE,TRUE,prototype,in_gibb_etal=TRUE; in_empres_i=TRUE; deferred_broad_vesiculovirus=FALSE,Phlebovirus riftense,Rift Valley fever,Antibodies,VIRION,1,FALSE,FALSE,,,,,host_present_in_system,host appears in canonical WHO disease-pathogen-host backbone; role-specific reservoir/amplifier/incidental/dead-end evidence not assessed,low,TRUE,standard_review
Rift Valley fever,Phlebovirus riftense,Phlebovirus riftense,3052676,meriones crassus,298887,,,,TRUE,TRUE,prototype,in_gibb_etal=TRUE; in_empres_i=TRUE; deferred_broad_vesiculovirus=FALSE,Phlebovirus riftense,Rift Valley fever,Antibodies,VIRION,1,FALSE,FALSE,,,,,host_present_in_system,host appears in canonical WHO disease-pathogen-host backbone; role-specific reservoir/amplifier/incidental/dead-end evidence not assessed,low,TRUE,standard_review
Rift Valley fever,Phlebovirus riftense,Phlebovirus riftense,3052676,micaelamys namaquensis,472707,,,,TRUE,TRUE,prototype,in_gibb_etal=TRUE; in_empres_i=TRUE; deferred_broad_vesiculovirus=FALSE,Phlebovirus riftense,Rift Valley fever,Antibodies,VIRION,1,FALSE,FALSE,,,,,host_present_in_system,host appears in canonical WHO disease-pathogen-host backbone; role-specific reservoir/amplifier/incidental/dead-end evidence not assessed,low,TRUE,standard_review
Rift Valley fever,Phlebovirus riftense,Phlebovirus riftense,3052676,phacochoerus aethiopicus,85517,,,,TRUE,TRUE,prototype,in_gibb_etal=TRUE; in_empres_i=TRUE; deferred_broad_vesiculovirus=FALSE,Phlebovirus riftense,Rift Valley fever,Antibodies,VIRION,1,FALSE,FALSE,,,,,host_present_in_system,host appears in canonical WHO disease-pathogen-host backbone; role-specific reservoir/amplifier/incidental/dead-end evidence not assessed,low,TRUE,standard_review
Rift Valley fever,Phlebovirus riftense,Phlebovirus riftense,3052676,tragelaphus strepsiceros,9946,,,,TRUE,TRUE,prototype,in_gibb_etal=TRUE; in_empres_i=TRUE; deferred_broad_vesiculovirus=FALSE,Phlebovirus riftense,Rift Valley fever,Antibodies,VIRION,1,FALSE,FALSE,,,,,host_present_in_system,host appears in canonical WHO disease-pathogen-host backbone; role-specific reservoir/amplifier/incidental/dead-end evidence not assessed,low,TRUE,standard_review
Sudan virus disease (Ebola virus disease),Orthoebolavirus sudanense,Orthoebolavirus sudanense,186540; 3052460,Homo sapiens,9606,,,,TRUE,FALSE,priority,in_gibb_etal=TRUE; in_empres_i=FALSE; deferred_broad_vesiculovirus=FALSE,Orthoebolavirus sudanense,Sudan virus disease (Ebola virus disease),Isolation/Observation; Not specified; PCR/Sequencing; PCR/Sequencing,VIRION,2,TRUE,FALSE,,,,,host_present_in_system,host appears in canonical WHO disease-pathogen-host backbone; role-specific reservoir/amplifier/incidental/dead-end evidence not assessed,low,TRUE,medium_human_triage
Venezuelan equine encephalitis,Alphavirus venezuelan,Alphavirus venezuelan,11036,Gallus gallus,9031,aves,galliformes,phasianidae,FALSE,TRUE,both,in_gibb_etal=FALSE; in_empres_i=TRUE; deferred_broad_vesiculovirus=FALSE,Alphavirus venezuelan,Venezuelan equine encephalitis,Antibodies,VIRION,1,FALSE,TRUE,TRUE,FALSE,FALSE,FALSE,host_present_in_system,host appears in canonical WHO disease-pathogen-host backbone; role-specific reservoir/amplifier/incidental/dead-end evidence not assessed,low,TRUE,high_livestock_triage
Venezuelan equine encephalitis,Alphavirus venezuelan,Alphavirus venezuelan,11036,Bos taurus,9913,mammalia,artiodactyla,bovidae,FALSE,TRUE,both,in_gibb_etal=FALSE; in_empres_i=TRUE; deferred_broad_vesiculovirus=FALSE,Alphavirus venezuelan,Venezuelan equine encephalitis,Antibodies; Not specified,VIRION,1,FALSE,TRUE,FALSE,FALSE,FALSE,FALSE,host_present_in_system,host appears in canonical WHO disease-pathogen-host backbone; role-specific reservoir/amplifier/incidental/dead-end evidence not assessed,low,TRUE,high_livestock_triage
Venezuelan equine encephalitis,Alphavirus venezuelan,Alphavirus venezuelan,11036,Capra hircus,9925,mammalia,artiodactyla,bovidae,FALSE,TRUE,both,in_gibb_etal=FALSE; in_empres_i=TRUE; deferred_broad_vesiculovirus=FALSE,Alphavirus venezuelan,Venezuelan equine encephalitis,Antibodies,VIRION,1,FALSE,TRUE,FALSE,FALSE,FALSE,FALSE,host_present_in_system,host appears in canonical WHO disease-pathogen-host backbone; role-specific reservoir/amplifier/incidental/dead-end evidence not assessed,low,TRUE,high_livestock_triage
Venezuelan equine encephalitis,Alphavirus venezuelan,Alphavirus venezuelan,11036,Ovis aries,9940,mammalia,artiodactyla,bovidae,FALSE,TRUE,both,in_gibb_etal=FALSE; in_empres_i=TRUE; deferred_broad_vesiculovirus=FALSE,Alphavirus venezuelan,Venezuelan equine encephalitis,Antibodies,VIRION,1,FALSE,TRUE,FALSE,FALSE,FALSE,FALSE,host_present_in_system,host appears in canonical WHO disease-pathogen-host backbone; role-specific reservoir/amplifier/incidental/dead-end evidence not assessed,low,TRUE,high_livestock_triage
Venezuelan equine encephalitis,Alphavirus venezuelan,Alphavirus venezuelan,11036,Sus scrofa,9823,mammalia,artiodactyla,suidae,FALSE,TRUE,both,in_gibb_etal=FALSE; in_empres_i=TRUE; deferred_broad_vesiculovirus=FALSE,Alphavirus venezuelan,Venezuelan equine encephalitis,Antibodies; Not specified,VIRION,1,FALSE,TRUE,FALSE,FALSE,FALSE,FALSE,host_present_in_system,host appears in canonical WHO disease-pathogen-host backbone; role-specific reservoir/amplifier/incidental/dead-end evidence not assessed,low,TRUE,high_livestock_triage
Venezuelan equine encephalitis,Alphavirus venezuelan,Alphavirus venezuelan,11036,Equus caballus,9796,mammalia,perissodactyla,equidae,FALSE,TRUE,both,in_gibb_etal=FALSE; in_empres_i=TRUE; deferred_broad_vesiculovirus=FALSE,Alphavirus venezuelan,Venezuelan equine encephalitis,Isolation/Observation; Not specified; PCR/Sequencing,VIRION,1,FALSE,TRUE,FALSE,FALSE,FALSE,FALSE,host_present_in_system,host appears in canonical WHO disease-pathogen-host backbone; role-specific reservoir/amplifier/incidental/dead-end evidence not assessed,low,TRUE,high_livestock_triage
Venezuelan equine encephalitis,Alphavirus venezuelan,Alphavirus venezuelan,11036,Coragyps atratus,33614,aves,cathartiformes,cathartidae,FALSE,TRUE,both,in_gibb_etal=FALSE; in_empres_i=TRUE; deferred_broad_vesiculovirus=FALSE,Alphavirus venezuelan,Venezuelan equine encephalitis,Antibodies,VIRION,1,FALSE,FALSE,TRUE,FALSE,FALSE,FALSE,host_present_in_system,host appears in canonical WHO disease-pathogen-host backbone; role-specific reservoir/amplifier/incidental/dead-end evidence not assessed,low,TRUE,medium_ecology_triage
Venezuelan equine encephalitis,Alphavirus venezuelan,Alphavirus venezuelan,11036,Crotophaga sulcirostris,33598,aves,cuculiformes,cuculidae,FALSE,TRUE,both,in_gibb_etal=FALSE; in_empres_i=TRUE; deferred_broad_vesiculovirus=FALSE,Alphavirus venezuelan,Venezuelan equine encephalitis,Isolation/Observation,VIRION,1,FALSE,FALSE,TRUE,FALSE,FALSE,FALSE,host_present_in_system,host appears in canonical WHO disease-pathogen-host backbone; role-specific reservoir/amplifier/incidental/dead-end evidence not assessed,low,TRUE,medium_ecology_triage
Venezuelan equine encephalitis,Alphavirus venezuelan,Alphavirus venezuelan,11036,Meleagris gallopavo,9103,aves,galliformes,phasianidae,FALSE,TRUE,both,in_gibb_etal=FALSE; in_empres_i=TRUE; deferred_broad_vesiculovirus=FALSE,Alphavirus venezuelan,Venezuelan equine encephalitis,Antibodies,VIRION,1,FALSE,FALSE,TRUE,FALSE,FALSE,FALSE,host_present_in_system,host appears in canonical WHO disease-pathogen-host backbone; role-specific reservoir/amplifier/incidental/dead-end evidence not assessed,low,TRUE,medium_ecology_triage
Venezuelan equine encephalitis,Alphavirus venezuelan,Alphavirus venezuelan,11036,Corvus brachyrhynchos,85066,aves,passeriformes,corvidae,FALSE,TRUE,both,in_gibb_etal=FALSE; in_empres_i=TRUE; deferred_broad_vesiculovirus=FALSE,Alphavirus venezuelan,Venezuelan equine encephalitis,Antibodies,VIRION,1,FALSE,FALSE,TRUE,FALSE,FALSE,FALSE,host_present_in_system,host appears in canonical WHO disease-pathogen-host backbone; role-specific reservoir/amplifier/incidental/dead-end evidence not assessed,low,TRUE,medium_ecology_triage
Venezuelan equine encephalitis,Alphavirus venezuelan,Alphavirus venezuelan,11036,Icterus prosthemelas,223164,aves,passeriformes,icteridae,FALSE,TRUE,both,in_gibb_etal=FALSE; in_empres_i=TRUE; deferred_broad_vesiculovirus=FALSE,Alphavirus venezuelan,Venezuelan equine encephalitis,Isolation/Observation,VIRION,1,FALSE,FALSE,TRUE,FALSE,FALSE,FALSE,host_present_in_system,host appears in canonical WHO disease-pathogen-host backbone; role-specific reservoir/amplifier/incidental/dead-end evidence not assessed,low,TRUE,medium_ecology_triage
Venezuelan equine encephalitis,Alphavirus venezuelan,Alphavirus venezuelan,11036,Myiozetetes granadensis,1118795,aves,passeriformes,tyrannidae,FALSE,TRUE,both,in_gibb_etal=FALSE; in_empres_i=TRUE; deferred_broad_vesiculovirus=FALSE,Alphavirus venezuelan,Venezuelan equine encephalitis,Isolation/Observation,VIRION,1,FALSE,FALSE,TRUE,FALSE,FALSE,FALSE,host_present_in_system,host appears in canonical WHO disease-pathogen-host backbone; role-specific reservoir/amplifier/incidental/dead-end evidence not assessed,low,TRUE,medium_ecology_triage
Venezuelan equine encephalitis,Alphavirus venezuelan,Alphavirus venezuelan,11036,Myiozetetes similis,478647,aves,passeriformes,tyrannidae,FALSE,TRUE,both,in_gibb_etal=FALSE; in_empres_i=TRUE; deferred_broad_vesiculovirus=FALSE,Alphavirus venezuelan,Venezuelan equine encephalitis,Isolation/Observation,VIRION,1,FALSE,FALSE,TRUE,FALSE,FALSE,FALSE,host_present_in_system,host appears in canonical WHO disease-pathogen-host backbone; role-specific reservoir/amplifier/incidental/dead-end evidence not assessed,low,TRUE,medium_ecology_triage
Venezuelan equine encephalitis,Alphavirus venezuelan,Alphavirus venezuelan,11036,Quiscalus quiscula,84782,aves,passeriformes,icteridae,FALSE,TRUE,both,in_gibb_etal=FALSE; in_empres_i=TRUE; deferred_broad_vesiculovirus=FALSE,Alphavirus venezuelan,Venezuelan equine encephalitis,Antibodies,VIRION,1,FALSE,FALSE,TRUE,FALSE,FALSE,FALSE,host_present_in_system,host appears in canonical WHO disease-pathogen-host backbone; role-specific reservoir/amplifier/incidental/dead-end evidence not assessed,low,TRUE,medium_ecology_triage
Venezuelan equine encephalitis,Alphavirus venezuelan,Alphavirus venezuelan,11036,Ramphocelus passerinii,36725,aves,passeriformes,thraupidae,FALSE,TRUE,both,in_gibb_etal=FALSE; in_empres_i=TRUE; deferred_broad_vesiculovirus=FALSE,Alphavirus venezuelan,Venezuelan equine encephalitis,Isolation/Observation,VIRION,1,FALSE,FALSE,TRUE,FALSE,FALSE,FALSE,host_present_in_system,host appears in canonical WHO disease-pathogen-host backbone; role-specific reservoir/amplifier/incidental/dead-end evidence not assessed,low,TRUE,medium_ecology_triage
Venezuelan equine encephalitis,Alphavirus venezuelan,Alphavirus venezuelan,11036,Turdus grayi,203558,aves,passeriformes,turdidae,FALSE,TRUE,both,in_gibb_etal=FALSE; in_empres_i=TRUE; deferred_broad_vesiculovirus=FALSE,Alphavirus venezuelan,Venezuelan equine encephalitis,Isolation/Observation,VIRION,1,FALSE,FALSE,TRUE,FALSE,FALSE,FALSE,host_present_in_system,host appears in canonical WHO disease-pathogen-host backbone; role-specific reservoir/amplifier/incidental/dead-end evidence not assessed,low,TRUE,medium_ecology_triage
Venezuelan equine encephalitis,Alphavirus venezuelan,Alphavirus venezuelan,11036,Egretta caerulea,110682,aves,pelecaniformes,ardeidae,FALSE,TRUE,both,in_gibb_etal=FALSE; in_empres_i=TRUE; deferred_broad_vesiculovirus=FALSE,Alphavirus venezuelan,Venezuelan equine encephalitis,Isolation/Observation,VIRION,1,FALSE,FALSE,TRUE,FALSE,FALSE,FALSE,host_present_in_system,host appears in canonical WHO disease-pathogen-host backbone; role-specific reservoir/amplifier/incidental/dead-end evidence not assessed,low,TRUE,medium_ecology_triage
Venezuelan equine encephalitis,Alphavirus venezuelan,Alphavirus venezuelan,11036,Artibeus jamaicensis,9417,mammalia,chiroptera,phyllostomidae,FALSE,TRUE,both,in_gibb_etal=FALSE; in_empres_i=TRUE; deferred_broad_vesiculovirus=FALSE,Alphavirus venezuelan,Venezuelan equine encephalitis,Antibodies,VIRION,1,FALSE,FALSE,FALSE,FALSE,TRUE,FALSE,host_present_in_system,host appears in canonical WHO disease-pathogen-host backbone; role-specific reservoir/amplifier/incidental/dead-end evidence not assessed,low,TRUE,medium_ecology_triage
Venezuelan equine encephalitis,Alphavirus venezuelan,Alphavirus venezuelan,11036,Artibeus lituratus,27634,mammalia,chiroptera,phyllostomidae,FALSE,TRUE,both,in_gibb_etal=FALSE; in_empres_i=TRUE; deferred_broad_vesiculovirus=FALSE,Alphavirus venezuelan,Venezuelan equine encephalitis,Antibodies; Isolation/Observation,VIRION,1,FALSE,FALSE,FALSE,FALSE,TRUE,FALSE,host_present_in_system,host appears in canonical WHO disease-pathogen-host backbone; role-specific reservoir/amplifier/incidental/dead-end evidence not assessed,low,TRUE,medium_ecology_triage
Venezuelan equine encephalitis,Alphavirus venezuelan,Alphavirus venezuelan,11036,Carollia brevicauda,138695,mammalia,chiroptera,phyllostomidae,FALSE,TRUE,both,in_gibb_etal=FALSE; in_empres_i=TRUE; deferred_broad_vesiculovirus=FALSE,Alphavirus venezuelan,Venezuelan equine encephalitis,Antibodies,VIRION,1,FALSE,FALSE,FALSE,FALSE,TRUE,FALSE,host_present_in_system,host appears in canonical WHO disease-pathogen-host backbone; role-specific reservoir/amplifier/incidental/dead-end evidence not assessed,low,TRUE,medium_ecology_triage
Venezuelan equine encephalitis,Alphavirus venezuelan,Alphavirus venezuelan,11036,Carollia perspicillata,40233,mammalia,chiroptera,phyllostomidae,FALSE,TRUE,both,in_gibb_etal=FALSE; in_empres_i=TRUE; deferred_broad_vesiculovirus=FALSE,Alphavirus venezuelan,Venezuelan equine encephalitis,Isolation/Observation,VIRION,1,FALSE,FALSE,FALSE,FALSE,TRUE,FALSE,host_present_in_system,host appears in canonical WHO disease-pathogen-host backbone; role-specific reservoir/amplifier/incidental/dead-end evidence not assessed,low,TRUE,medium_ecology_triage
Venezuelan equine encephalitis,Alphavirus venezuelan,Alphavirus venezuelan,11036,Dermanura phaeotis,40229,mammalia,chiroptera,phyllostomidae,FALSE,TRUE,both,in_gibb_etal=FALSE; in_empres_i=TRUE; deferred_broad_vesiculovirus=FALSE,Alphavirus venezuelan,Venezuelan equine encephalitis,Antibodies; Isolation/Observation,VIRION,1,FALSE,FALSE,FALSE,FALSE,TRUE,FALSE,host_present_in_system,host appears in canonical WHO disease-pathogen-host backbone; role-specific reservoir/amplifier/incidental/dead-end evidence not assessed,low,TRUE,medium_ecology_triage
Venezuelan equine encephalitis,Alphavirus venezuelan,Alphavirus venezuelan,11036,Desmodus rotundus,9430,mammalia,chiroptera,phyllostomidae,FALSE,TRUE,both,in_gibb_etal=FALSE; in_empres_i=TRUE; deferred_broad_vesiculovirus=FALSE,Alphavirus venezuelan,Venezuelan equine encephalitis,Isolation/Observation,VIRION,1,FALSE,FALSE,FALSE,FALSE,TRUE,FALSE,host_present_in_system,host appears in canonical WHO disease-pathogen-host backbone; role-specific reservoir/amplifier/incidental/dead-end evidence not assessed,low,TRUE,medium_ecology_triage
Venezuelan equine encephalitis,Alphavirus venezuelan,Alphavirus venezuelan,11036,Glossophaga soricina,27638,mammalia,chiroptera,phyllostomidae,FALSE,TRUE,both,in_gibb_etal=FALSE; in_empres_i=TRUE; deferred_broad_vesiculovirus=FALSE,Alphavirus venezuelan,Venezuelan equine encephalitis,PCR/Sequencing; Isolation/Observation,VIRION,1,FALSE,FALSE,FALSE,FALSE,TRUE,FALSE,host_present_in_system,host appears in canonical WHO disease-pathogen-host backbone; role-specific reservoir/amplifier/incidental/dead-end evidence not assessed,low,TRUE,medium_ecology_triage
Venezuelan equine encephalitis,Alphavirus venezuelan,Alphavirus venezuelan,11036,Myotis nigricans,153286,mammalia,chiroptera,vespertilionidae,FALSE,TRUE,both,in_gibb_etal=FALSE; in_empres_i=TRUE; deferred_broad_vesiculovirus=FALSE,Alphavirus venezuelan,Venezuelan equine encephalitis,Antibodies,VIRION,1,FALSE,FALSE,FALSE,FALSE,TRUE,FALSE,host_present_in_system,host appears in canonical WHO disease-pathogen-host backbone; role-specific reservoir/amplifier/incidental/dead-end evidence not assessed,low,TRUE,medium_ecology_triage
Venezuelan equine encephalitis,Alphavirus venezuelan,Alphavirus venezuelan,11036,Phyllostomus discolor,89673,mammalia,chiroptera,phyllostomidae,FALSE,TRUE,both,in_gibb_etal=FALSE; in_empres_i=TRUE; deferred_broad_vesiculovirus=FALSE,Alphavirus venezuelan,Venezuelan equine encephalitis,Antibodies,VIRION,1,FALSE,FALSE,FALSE,FALSE,TRUE,FALSE,host_present_in_system,host appears in canonical WHO disease-pathogen-host backbone; role-specific reservoir/amplifier/incidental/dead-end evidence not assessed,low,TRUE,medium_ecology_triage
Venezuelan equine encephalitis,Alphavirus venezuelan,Alphavirus venezuelan,11036,Sturnira lilium,27660,mammalia,chiroptera,phyllostomidae,FALSE,TRUE,both,in_gibb_etal=FALSE; in_empres_i=TRUE; deferred_broad_vesiculovirus=FALSE,Alphavirus venezuelan,Venezuelan equine encephalitis,PCR/Sequencing; Antibodies,VIRION,1,FALSE,FALSE,FALSE,FALSE,TRUE,FALSE,host_present_in_system,host appears in canonical WHO disease-pathogen-host backbone; role-specific reservoir/amplifier/incidental/dead-end evidence not assessed,low,TRUE,medium_ecology_triage
Venezuelan equine encephalitis,Alphavirus venezuelan,Alphavirus venezuelan,11036,Uroderma bilobatum,27663,mammalia,chiroptera,phyllostomidae,FALSE,TRUE,both,in_gibb_etal=FALSE; in_empres_i=TRUE; deferred_broad_vesiculovirus=FALSE,Alphavirus venezuelan,Venezuelan equine encephalitis,Isolation/Observation,VIRION,1,FALSE,FALSE,FALSE,FALSE,TRUE,FALSE,host_present_in_system,host appears in canonical WHO disease-pathogen-host backbone; role-specific reservoir/amplifier/incidental/dead-end evidence not assessed,low,TRUE,medium_ecology_triage
Venezuelan equine encephalitis,Alphavirus venezuelan,Alphavirus venezuelan,11036,Sapajus apella,9515,mammalia,primates,cebidae,FALSE,TRUE,both,in_gibb_etal=FALSE; in_empres_i=TRUE; deferred_broad_vesiculovirus=FALSE,Alphavirus venezuelan,Venezuelan equine encephalitis,Isolation/Observation,VIRION,1,FALSE,FALSE,FALSE,FALSE,FALSE,TRUE,host_present_in_system,host appears in canonical WHO disease-pathogen-host backbone; role-specific reservoir/amplifier/incidental/dead-end evidence not assessed,low,TRUE,medium_ecology_triage
Venezuelan equine encephalitis,Alphavirus venezuelan,Alphavirus venezuelan,11036,Heteromys anomalus,348153,mammalia,rodentia,heteromyidae,FALSE,TRUE,both,in_gibb_etal=FALSE; in_empres_i=TRUE; deferred_broad_vesiculovirus=FALSE,Alphavirus venezuelan,Venezuelan equine encephalitis,Isolation/Observation,VIRION,1,FALSE,FALSE,FALSE,TRUE,FALSE,FALSE,host_present_in_system,host appears in canonical WHO disease-pathogen-host backbone; role-specific reservoir/amplifier/incidental/dead-end evidence not assessed,low,TRUE,medium_ecology_triage
Venezuelan equine encephalitis,Alphavirus venezuelan,Alphavirus venezuelan,11036,Hylaeamys laticeps,530175,mammalia,rodentia,cricetidae,FALSE,TRUE,both,in_gibb_etal=FALSE; in_empres_i=TRUE; deferred_broad_vesiculovirus=FALSE,Alphavirus venezuelan,Venezuelan equine encephalitis,Isolation/Observation,VIRION,1,FALSE,FALSE,FALSE,TRUE,FALSE,FALSE,host_present_in_system,host appears in canonical WHO disease-pathogen-host backbone; role-specific reservoir/amplifier/incidental/dead-end evidence not assessed,low,TRUE,medium_ecology_triage
Venezuelan equine encephalitis,Alphavirus venezuelan,Alphavirus venezuelan,11036,Mus musculus,10090,mammalia,rodentia,muridae,FALSE,TRUE,both,in_gibb_etal=FALSE; in_empres_i=TRUE; deferred_broad_vesiculovirus=FALSE,Alphavirus venezuelan,Venezuelan equine encephalitis,Antibodies; Isolation/Observation,VIRION,1,FALSE,FALSE,FALSE,TRUE,FALSE,FALSE,host_present_in_system,host appears in canonical WHO disease-pathogen-host backbone; role-specific reservoir/amplifier/incidental/dead-end evidence not assessed,low,TRUE,medium_ecology_triage
Venezuelan equine encephalitis,Alphavirus venezuelan,Alphavirus venezuelan,11036,Nectomys squamipes,29117,mammalia,rodentia,cricetidae,FALSE,TRUE,both,in_gibb_etal=FALSE; in_empres_i=TRUE; deferred_broad_vesiculovirus=FALSE,Alphavirus venezuelan,Venezuelan equine encephalitis,Isolation/Observation,VIRION,1,FALSE,FALSE,FALSE,TRUE,FALSE,FALSE,host_present_in_system,host appears in canonical WHO disease-pathogen-host backbone; role-specific reservoir/amplifier/incidental/dead-end evidence not assessed,low,TRUE,medium_ecology_triage
Venezuelan equine encephalitis,Alphavirus venezuelan,Alphavirus venezuelan,11036,Peromyscus maniculatus,10042,mammalia,rodentia,cricetidae,FALSE,TRUE,both,in_gibb_etal=FALSE; in_empres_i=TRUE; deferred_broad_vesiculovirus=FALSE,Alphavirus venezuelan,Venezuelan equine encephalitis,Antibodies,VIRION,1,FALSE,FALSE,FALSE,TRUE,FALSE,FALSE,host_present_in_system,host appears in canonical WHO disease-pathogen-host backbone; role-specific reservoir/amplifier/incidental/dead-end evidence not assessed,low,TRUE,medium_ecology_triage
Venezuelan equine encephalitis,Alphavirus venezuelan,Alphavirus venezuelan,11036,Proechimys guyannensis,128105,mammalia,rodentia,echimyidae,FALSE,TRUE,both,in_gibb_etal=FALSE; in_empres_i=TRUE; deferred_broad_vesiculovirus=FALSE,Alphavirus venezuelan,Venezuelan equine encephalitis,Isolation/Observation,VIRION,1,FALSE,FALSE,FALSE,TRUE,FALSE,FALSE,host_present_in_system,host appears in canonical WHO disease-pathogen-host backbone; role-specific reservoir/amplifier/incidental/dead-end evidence not assessed,low,TRUE,medium_ecology_triage
Venezuelan equine encephalitis,Alphavirus venezuelan,Alphavirus venezuelan,11036,Proechimys semispinosus,1246547,mammalia,rodentia,echimyidae,FALSE,TRUE,both,in_gibb_etal=FALSE; in_empres_i=TRUE; deferred_broad_vesiculovirus=FALSE,Alphavirus venezuelan,Venezuelan equine encephalitis,Antibodies; Isolation/Observation,VIRION,1,FALSE,FALSE,FALSE,TRUE,FALSE,FALSE,host_present_in_system,host appears in canonical WHO disease-pathogen-host backbone; role-specific reservoir/amplifier/incidental/dead-end evidence not assessed,low,TRUE,medium_ecology_triage
Venezuelan equine encephalitis,Alphavirus venezuelan,Alphavirus venezuelan,11036,Rattus norvegicus,10116,mammalia,rodentia,muridae,FALSE,TRUE,both,in_gibb_etal=FALSE; in_empres_i=TRUE; deferred_broad_vesiculovirus=FALSE,Alphavirus venezuelan,Venezuelan equine encephalitis,Isolation/Observation,VIRION,1,FALSE,FALSE,FALSE,TRUE,FALSE,FALSE,host_present_in_system,host appears in canonical WHO disease-pathogen-host backbone; role-specific reservoir/amplifier/incidental/dead-end evidence not assessed,low,TRUE,medium_ecology_triage
Venezuelan equine encephalitis,Alphavirus venezuelan,Alphavirus venezuelan,11036,Rattus rattus,10117,mammalia,rodentia,muridae,FALSE,TRUE,both,in_gibb_etal=FALSE; in_empres_i=TRUE; deferred_broad_vesiculovirus=FALSE,Alphavirus venezuelan,Venezuelan equine encephalitis,Antibodies,VIRION,1,FALSE,FALSE,FALSE,TRUE,FALSE,FALSE,host_present_in_system,host appears in canonical WHO disease-pathogen-host backbone; role-specific reservoir/amplifier/incidental/dead-end evidence not assessed,low,TRUE,medium_ecology_triage
Venezuelan equine encephalitis,Alphavirus venezuelan,Alphavirus venezuelan,11036,Reithrodontomys megalotis,44234,mammalia,rodentia,cricetidae,FALSE,TRUE,both,in_gibb_etal=FALSE; in_empres_i=TRUE; deferred_broad_vesiculovirus=FALSE,Alphavirus venezuelan,Venezuelan equine encephalitis,Antibodies,VIRION,1,FALSE,FALSE,FALSE,TRUE,FALSE,FALSE,host_present_in_system,host appears in canonical WHO disease-pathogen-host backbone; role-specific reservoir/amplifier/incidental/dead-end evidence not assessed,low,TRUE,medium_ecology_triage
Venezuelan equine encephalitis,Alphavirus venezuelan,Alphavirus venezuelan,11036,Sigmodon hispidus,42415,mammalia,rodentia,cricetidae,FALSE,TRUE,both,in_gibb_etal=FALSE; in_empres_i=TRUE; deferred_broad_vesiculovirus=FALSE,Alphavirus venezuelan,Venezuelan equine encephalitis,Isolation/Observation,VIRION,1,FALSE,FALSE,FALSE,TRUE,FALSE,FALSE,host_present_in_system,host appears in canonical WHO disease-pathogen-host backbone; role-specific reservoir/amplifier/incidental/dead-end evidence not assessed,low,TRUE,medium_ecology_triage
Venezuelan equine encephalitis,Alphavirus venezuelan,Alphavirus venezuelan,11036,Zygodontomys brevicauda,157541,mammalia,rodentia,cricetidae,FALSE,TRUE,both,in_gibb_etal=FALSE; in_empres_i=TRUE; deferred_broad_vesiculovirus=FALSE,Alphavirus venezuelan,Venezuelan equine encephalitis,Isolation/Observation,VIRION,1,FALSE,FALSE,FALSE,TRUE,FALSE,FALSE,host_present_in_system,host appears in canonical WHO disease-pathogen-host backbone; role-specific reservoir/amplifier/incidental/dead-end evidence not assessed,low,TRUE,medium_ecology_triage
Venezuelan equine encephalitis,Alphavirus venezuelan,Alphavirus venezuelan,11036,Homo sapiens,9606,,,,FALSE,TRUE,both,in_gibb_etal=FALSE; in_empres_i=TRUE; deferred_broad_vesiculovirus=FALSE,Alphavirus venezuelan,Venezuelan equine encephalitis,Isolation/Observation; Not specified; PCR/Sequencing,VIRION,1,TRUE,FALSE,,,,,host_present_in_system,host appears in canonical WHO disease-pathogen-host backbone; role-specific reservoir/amplifier/incidental/dead-end evidence not assessed,low,TRUE,medium_human_triage
Venezuelan equine encephalitis,Alphavirus venezuelan,Alphavirus venezuelan,11036,Odocoileus virginianus,9874,mammalia,artiodactyla,cervidae,FALSE,TRUE,both,in_gibb_etal=FALSE; in_empres_i=TRUE; deferred_broad_vesiculovirus=FALSE,Alphavirus venezuelan,Venezuelan equine encephalitis,Antibodies,VIRION,1,FALSE,FALSE,FALSE,FALSE,FALSE,FALSE,host_present_in_system,host appears in canonical WHO disease-pathogen-host backbone; role-specific reservoir/amplifier/incidental/dead-end evidence not assessed,low,TRUE,standard_review
Venezuelan equine encephalitis,Alphavirus venezuelan,Alphavirus venezuelan,11036,Canis latrans,9614,mammalia,carnivora,canidae,FALSE,TRUE,both,in_gibb_etal=FALSE; in_empres_i=TRUE; deferred_broad_vesiculovirus=FALSE,Alphavirus venezuelan,Venezuelan equine encephalitis,Antibodies,VIRION,1,FALSE,FALSE,FALSE,FALSE,FALSE,FALSE,host_present_in_system,host appears in canonical WHO disease-pathogen-host backbone; role-specific reservoir/amplifier/incidental/dead-end evidence not assessed,low,TRUE,standard_review
Venezuelan equine encephalitis,Alphavirus venezuelan,Alphavirus venezuelan,11036,Canis lupus,9612,mammalia,carnivora,canidae,FALSE,TRUE,both,in_gibb_etal=FALSE; in_empres_i=TRUE; deferred_broad_vesiculovirus=FALSE,Alphavirus venezuelan,Venezuelan equine encephalitis,Antibodies,VIRION,1,FALSE,FALSE,FALSE,FALSE,FALSE,FALSE,host_present_in_system,host appears in canonical WHO disease-pathogen-host backbone; role-specific reservoir/amplifier/incidental/dead-end evidence not assessed,low,TRUE,standard_review
Venezuelan equine encephalitis,Alphavirus venezuelan,Alphavirus venezuelan,11036,Procyon lotor,9654,mammalia,carnivora,procyonidae,FALSE,TRUE,both,in_gibb_etal=FALSE; in_empres_i=TRUE; deferred_broad_vesiculovirus=FALSE,Alphavirus venezuelan,Venezuelan equine encephalitis,Antibodies,VIRION,1,FALSE,FALSE,FALSE,FALSE,FALSE,FALSE,host_present_in_system,host appears in canonical WHO disease-pathogen-host backbone; role-specific reservoir/amplifier/incidental/dead-end evidence not assessed,low,TRUE,standard_review
Venezuelan equine encephalitis,Alphavirus venezuelan,Alphavirus venezuelan,11036,Urocyon cinereoargenteus,55040,mammalia,carnivora,canidae,FALSE,TRUE,both,in_gibb_etal=FALSE; in_empres_i=TRUE; deferred_broad_vesiculovirus=FALSE,Alphavirus venezuelan,Venezuelan equine encephalitis,Isolation/Observation,VIRION,1,FALSE,FALSE,FALSE,FALSE,FALSE,FALSE,host_present_in_system,host appears in canonical WHO disease-pathogen-host backbone; role-specific reservoir/amplifier/incidental/dead-end evidence not assessed,low,TRUE,standard_review
Venezuelan equine encephalitis,Alphavirus venezuelan,Alphavirus venezuelan,11036,Ursus americanus,9643,mammalia,carnivora,ursidae,FALSE,TRUE,both,in_gibb_etal=FALSE; in_empres_i=TRUE; deferred_broad_vesiculovirus=FALSE,Alphavirus venezuelan,Venezuelan equine encephalitis,Antibodies,VIRION,1,FALSE,FALSE,FALSE,FALSE,FALSE,FALSE,host_present_in_system,host appears in canonical WHO disease-pathogen-host backbone; role-specific reservoir/amplifier/incidental/dead-end evidence not assessed,low,TRUE,standard_review
Venezuelan equine encephalitis,Alphavirus venezuelan,Alphavirus venezuelan,11036,Vulpes macrotis,9630,mammalia,carnivora,canidae,FALSE,TRUE,both,in_gibb_etal=FALSE; in_empres_i=TRUE; deferred_broad_vesiculovirus=FALSE,Alphavirus venezuelan,Venezuelan equine encephalitis,Antibodies,VIRION,1,FALSE,FALSE,FALSE,FALSE,FALSE,FALSE,host_present_in_system,host appears in canonical WHO disease-pathogen-host backbone; role-specific reservoir/amplifier/incidental/dead-end evidence not assessed,low,TRUE,standard_review
Venezuelan equine encephalitis,Alphavirus venezuelan,Alphavirus venezuelan,11036,Didelphis marsupialis,9268,mammalia,didelphimorphia,didelphidae,FALSE,TRUE,both,in_gibb_etal=FALSE; in_empres_i=TRUE; deferred_broad_vesiculovirus=FALSE,Alphavirus venezuelan,Venezuelan equine encephalitis,Antibodies; Isolation/Observation,VIRION,1,FALSE,FALSE,FALSE,FALSE,FALSE,FALSE,host_present_in_system,host appears in canonical WHO disease-pathogen-host backbone; role-specific reservoir/amplifier/incidental/dead-end evidence not assessed,low,TRUE,standard_review
Venezuelan equine encephalitis,Alphavirus venezuelan,Alphavirus venezuelan,11036,Didelphis virginiana,9267,mammalia,didelphimorphia,didelphidae,FALSE,TRUE,both,in_gibb_etal=FALSE; in_empres_i=TRUE; deferred_broad_vesiculovirus=FALSE,Alphavirus venezuelan,Venezuelan equine encephalitis,Antibodies,VIRION,1,FALSE,FALSE,FALSE,FALSE,FALSE,FALSE,host_present_in_system,host appears in canonical WHO disease-pathogen-host backbone; role-specific reservoir/amplifier/incidental/dead-end evidence not assessed,low,TRUE,standard_review
Venezuelan equine encephalitis,Alphavirus venezuelan,Alphavirus venezuelan,11036,Marmosa robinsoni,91496,mammalia,didelphimorphia,didelphidae,FALSE,TRUE,both,in_gibb_etal=FALSE; in_empres_i=TRUE; deferred_broad_vesiculovirus=FALSE,Alphavirus venezuelan,Venezuelan equine encephalitis,Isolation/Observation,VIRION,1,FALSE,FALSE,FALSE,FALSE,FALSE,FALSE,host_present_in_system,host appears in canonical WHO disease-pathogen-host backbone; role-specific reservoir/amplifier/incidental/dead-end evidence not assessed,low,TRUE,standard_review
Venezuelan equine encephalitis,Alphavirus venezuelan,Alphavirus venezuelan,11036,Philander opossum,9272,mammalia,didelphimorphia,didelphidae,FALSE,TRUE,both,in_gibb_etal=FALSE; in_empres_i=TRUE; deferred_broad_vesiculovirus=FALSE,Alphavirus venezuelan,Venezuelan equine encephalitis,Antibodies,VIRION,1,FALSE,FALSE,FALSE,FALSE,FALSE,FALSE,host_present_in_system,host appears in canonical WHO disease-pathogen-host backbone; role-specific reservoir/amplifier/incidental/dead-end evidence not assessed,low,TRUE,standard_review
Venezuelan equine encephalitis,Alphavirus venezuelan,Alphavirus venezuelan,11036,Sylvilagus floridanus,9988,mammalia,lagomorpha,leporidae,FALSE,TRUE,both,in_gibb_etal=FALSE; in_empres_i=TRUE; deferred_broad_vesiculovirus=FALSE,Alphavirus venezuelan,Venezuelan equine encephalitis,Antibodies,VIRION,1,FALSE,FALSE,FALSE,FALSE,FALSE,FALSE,host_present_in_system,host appears in canonical WHO disease-pathogen-host backbone; role-specific reservoir/amplifier/incidental/dead-end evidence not assessed,low,TRUE,standard_review
Venezuelan equine encephalitis,Alphavirus venezuelan,Alphavirus venezuelan,11036,Equus asinus,9793,mammalia,perissodactyla,equidae,FALSE,TRUE,both,in_gibb_etal=FALSE; in_empres_i=TRUE; deferred_broad_vesiculovirus=FALSE,Alphavirus venezuelan,Venezuelan equine encephalitis,Isolation/Observation,VIRION,1,FALSE,FALSE,FALSE,FALSE,FALSE,FALSE,host_present_in_system,host appears in canonical WHO disease-pathogen-host backbone; role-specific reservoir/amplifier/incidental/dead-end evidence not assessed,low,TRUE,standard_review
Venezuelan equine encephalitis,Alphavirus venezuelan,Alphavirus venezuelan,11036,Butorides virescens,110671,,,,FALSE,TRUE,both,in_gibb_etal=FALSE; in_empres_i=TRUE; deferred_broad_vesiculovirus=FALSE,Alphavirus venezuelan,Venezuelan equine encephalitis,Isolation/Observation,VIRION,1,FALSE,FALSE,,,,,host_present_in_system,host appears in canonical WHO disease-pathogen-host backbone; role-specific reservoir/amplifier/incidental/dead-end evidence not assessed,low,TRUE,standard_review
Venezuelan equine encephalitis,Alphavirus venezuelan,Alphavirus venezuelan,11036,caiman crocodilus,8499,,,,FALSE,TRUE,both,in_gibb_etal=FALSE; in_empres_i=TRUE; deferred_broad_vesiculovirus=FALSE,Alphavirus venezuelan,Venezuelan equine encephalitis,Antibodies,VIRION,1,FALSE,FALSE,,,,,host_present_in_system,host appears in canonical WHO disease-pathogen-host backbone; role-specific reservoir/amplifier/incidental/dead-end evidence not assessed,low,TRUE,standard_review
Venezuelan equine encephalitis,Alphavirus venezuelan,Alphavirus venezuelan,11036,caluromys derbianus,992409,,,,FALSE,TRUE,both,in_gibb_etal=FALSE; in_empres_i=TRUE; deferred_broad_vesiculovirus=FALSE,Alphavirus venezuelan,Venezuelan equine encephalitis,Antibodies,VIRION,1,FALSE,FALSE,,,,,host_present_in_system,host appears in canonical WHO disease-pathogen-host backbone; role-specific reservoir/amplifier/incidental/dead-end evidence not assessed,low,TRUE,standard_review
Venezuelan equine encephalitis,Alphavirus venezuelan,Alphavirus venezuelan,11036,carollia subrufa,138697,,,,FALSE,TRUE,both,in_gibb_etal=FALSE; in_empres_i=TRUE; deferred_broad_vesiculovirus=FALSE,Alphavirus venezuelan,Venezuelan equine encephalitis,Antibodies,VIRION,1,FALSE,FALSE,,,,,host_present_in_system,host appears in canonical WHO disease-pathogen-host backbone; role-specific reservoir/amplifier/incidental/dead-end evidence not assessed,low,TRUE,standard_review
Venezuelan equine encephalitis,Alphavirus venezuelan,Alphavirus venezuelan,11036,coendou mexicanus,637443,,,,FALSE,TRUE,both,in_gibb_etal=FALSE; in_empres_i=TRUE; deferred_broad_vesiculovirus=FALSE,Alphavirus venezuelan,Venezuelan equine encephalitis,Antibodies,VIRION,1,FALSE,FALSE,,,,,host_present_in_system,host appears in canonical WHO disease-pathogen-host backbone; role-specific reservoir/amplifier/incidental/dead-end evidence not assessed,low,TRUE,standard_review
Venezuelan equine encephalitis,Alphavirus venezuelan,Alphavirus venezuelan,11036,cuniculus paca,108852,,,,FALSE,TRUE,both,in_gibb_etal=FALSE; in_empres_i=TRUE; deferred_broad_vesiculovirus=FALSE,Alphavirus venezuelan,Venezuelan equine encephalitis,Antibodies,VIRION,1,FALSE,FALSE,,,,,host_present_in_system,host appears in canonical WHO disease-pathogen-host backbone; role-specific reservoir/amplifier/incidental/dead-end evidence not assessed,low,TRUE,standard_review
Venezuelan equine encephalitis,Alphavirus venezuelan,Alphavirus venezuelan,11036,dasypus novemcinctus,9361,,,,FALSE,TRUE,both,in_gibb_etal=FALSE; in_empres_i=TRUE; deferred_broad_vesiculovirus=FALSE,Alphavirus venezuelan,Venezuelan equine encephalitis,Antibodies,VIRION,1,FALSE,FALSE,,,,,host_present_in_system,host appears in canonical WHO disease-pathogen-host backbone; role-specific reservoir/amplifier/incidental/dead-end evidence not assessed,low,TRUE,standard_review
Venezuelan equine encephalitis,Alphavirus venezuelan,Alphavirus venezuelan,11036,dicotyles tajacu,9829,,,,FALSE,TRUE,both,in_gibb_etal=FALSE; in_empres_i=TRUE; deferred_broad_vesiculovirus=FALSE,Alphavirus venezuelan,Venezuelan equine encephalitis,Antibodies,VIRION,1,FALSE,FALSE,,,,,host_present_in_system,host appears in canonical WHO disease-pathogen-host backbone; role-specific reservoir/amplifier/incidental/dead-end evidence not assessed,low,TRUE,standard_review
Venezuelan equine encephalitis,Alphavirus venezuelan,Alphavirus venezuelan,11036,dipodomys microps,94248,,,,FALSE,TRUE,both,in_gibb_etal=FALSE; in_empres_i=TRUE; deferred_broad_vesiculovirus=FALSE,Alphavirus venezuelan,Venezuelan equine encephalitis,Antibodies,VIRION,1,FALSE,FALSE,,,,,host_present_in_system,host appears in canonical WHO disease-pathogen-host backbone; role-specific reservoir/amplifier/incidental/dead-end evidence not assessed,low,TRUE,standard_review
Venezuelan equine encephalitis,Alphavirus venezuelan,Alphavirus venezuelan,11036,dumetella carolinensis,111981,,,,FALSE,TRUE,both,in_gibb_etal=FALSE; in_empres_i=TRUE; deferred_broad_vesiculovirus=FALSE,Alphavirus venezuelan,Venezuelan equine encephalitis,Antibodies,VIRION,1,FALSE,FALSE,,,,,host_present_in_system,host appears in canonical WHO disease-pathogen-host backbone; role-specific reservoir/amplifier/incidental/dead-end evidence not assessed,low,TRUE,standard_review
Venezuelan equine encephalitis,Alphavirus venezuelan,Alphavirus venezuelan,11036,geomys bursarius,27682,,,,FALSE,TRUE,both,in_gibb_etal=FALSE; in_empres_i=TRUE; deferred_broad_vesiculovirus=FALSE,Alphavirus venezuelan,Venezuelan equine encephalitis,Antibodies,VIRION,1,FALSE,FALSE,,,,,host_present_in_system,host appears in canonical WHO disease-pathogen-host backbone; role-specific reservoir/amplifier/incidental/dead-end evidence not assessed,low,TRUE,standard_review
Venezuelan equine encephalitis,Alphavirus venezuelan,Alphavirus venezuelan,11036,glossophaga commissarisi,177159,,,,FALSE,TRUE,both,in_gibb_etal=FALSE; in_empres_i=TRUE; deferred_broad_vesiculovirus=FALSE,Alphavirus venezuelan,Venezuelan equine encephalitis,Antibodies,VIRION,1,FALSE,FALSE,,,,,host_present_in_system,host appears in canonical WHO disease-pathogen-host backbone; role-specific reservoir/amplifier/incidental/dead-end evidence not assessed,low,TRUE,standard_review
Venezuelan equine encephalitis,Alphavirus venezuelan,Alphavirus venezuelan,11036,handleyomys alfaroi,530171,,,,FALSE,TRUE,both,in_gibb_etal=FALSE; in_empres_i=TRUE; deferred_broad_vesiculovirus=FALSE,Alphavirus venezuelan,Venezuelan equine encephalitis,Antibodies,VIRION,1,FALSE,FALSE,,,,,host_present_in_system,host appears in canonical WHO disease-pathogen-host backbone; role-specific reservoir/amplifier/incidental/dead-end evidence not assessed,low,TRUE,standard_review
Venezuelan equine encephalitis,Alphavirus venezuelan,Alphavirus venezuelan,11036,heteromys salvini,348155,,,,FALSE,TRUE,both,in_gibb_etal=FALSE; in_empres_i=TRUE; deferred_broad_vesiculovirus=FALSE,Alphavirus venezuelan,Venezuelan equine encephalitis,Antibodies,VIRION,1,FALSE,FALSE,,,,,host_present_in_system,host appears in canonical WHO disease-pathogen-host backbone; role-specific reservoir/amplifier/incidental/dead-end evidence not assessed,low,TRUE,standard_review
Venezuelan equine encephalitis,Alphavirus venezuelan,Alphavirus venezuelan,11036,hoplomys gymnurus,176501,,,,FALSE,TRUE,both,in_gibb_etal=FALSE; in_empres_i=TRUE; deferred_broad_vesiculovirus=FALSE,Alphavirus venezuelan,Venezuelan equine encephalitis,Antibodies,VIRION,1,FALSE,FALSE,,,,,host_present_in_system,host appears in canonical WHO disease-pathogen-host backbone; role-specific reservoir/amplifier/incidental/dead-end evidence not assessed,low,TRUE,standard_review
Venezuelan equine encephalitis,Alphavirus venezuelan,Alphavirus venezuelan,11036,iguana iguana,8517,,,,FALSE,TRUE,both,in_gibb_etal=FALSE; in_empres_i=TRUE; deferred_broad_vesiculovirus=FALSE,Alphavirus venezuelan,Venezuelan equine encephalitis,Antibodies,VIRION,1,FALSE,FALSE,,,,,host_present_in_system,host appears in canonical WHO disease-pathogen-host backbone; role-specific reservoir/amplifier/incidental/dead-end evidence not assessed,low,TRUE,standard_review
Venezuelan equine encephalitis,Alphavirus venezuelan,Alphavirus venezuelan,11036,lepus californicus,48087,,,,FALSE,TRUE,both,in_gibb_etal=FALSE; in_empres_i=TRUE; deferred_broad_vesiculovirus=FALSE,Alphavirus venezuelan,Venezuelan equine encephalitis,Antibodies,VIRION,1,FALSE,FALSE,,,,,host_present_in_system,host appears in canonical WHO disease-pathogen-host backbone; role-specific reservoir/amplifier/incidental/dead-end evidence not assessed,low,TRUE,standard_review
Venezuelan equine encephalitis,Alphavirus venezuelan,Alphavirus venezuelan,11036,melanomys caliginosus,218793,,,,FALSE,TRUE,both,in_gibb_etal=FALSE; in_empres_i=TRUE; deferred_broad_vesiculovirus=FALSE,Alphavirus venezuelan,Venezuelan equine encephalitis,Antibodies,VIRION,1,FALSE,FALSE,,,,,host_present_in_system,host appears in canonical WHO disease-pathogen-host backbone; role-specific reservoir/amplifier/incidental/dead-end evidence not assessed,low,TRUE,standard_review
Venezuelan equine encephalitis,Alphavirus venezuelan,Alphavirus venezuelan,11036,oreoscoptes montanus,99873,,,,FALSE,TRUE,both,in_gibb_etal=FALSE; in_empres_i=TRUE; deferred_broad_vesiculovirus=FALSE,Alphavirus venezuelan,Venezuelan equine encephalitis,Antibodies,VIRION,1,FALSE,FALSE,,,,,host_present_in_system,host appears in canonical WHO disease-pathogen-host backbone; role-specific reservoir/amplifier/incidental/dead-end evidence not assessed,low,TRUE,standard_review
Venezuelan equine encephalitis,Alphavirus venezuelan,Alphavirus venezuelan,11036,oryzomys palustris,37020,,,,FALSE,TRUE,both,in_gibb_etal=FALSE; in_empres_i=TRUE; deferred_broad_vesiculovirus=FALSE,Alphavirus venezuelan,Venezuelan equine encephalitis,Antibodies,VIRION,1,FALSE,FALSE,,,,,host_present_in_system,host appears in canonical WHO disease-pathogen-host backbone; role-specific reservoir/amplifier/incidental/dead-end evidence not assessed,low,TRUE,standard_review
Venezuelan equine encephalitis,Alphavirus venezuelan,Alphavirus venezuelan,11036,peromyscus gossypinus,42411,,,,FALSE,TRUE,both,in_gibb_etal=FALSE; in_empres_i=TRUE; deferred_broad_vesiculovirus=FALSE,Alphavirus venezuelan,Venezuelan equine encephalitis,Antibodies,VIRION,1,FALSE,FALSE,,,,,host_present_in_system,host appears in canonical WHO disease-pathogen-host backbone; role-specific reservoir/amplifier/incidental/dead-end evidence not assessed,low,TRUE,standard_review
Venezuelan equine encephalitis,Alphavirus venezuelan,Alphavirus venezuelan,11036,proechimys guairae,10163,,,,FALSE,TRUE,both,in_gibb_etal=FALSE; in_empres_i=TRUE; deferred_broad_vesiculovirus=FALSE,Alphavirus venezuelan,Venezuelan equine encephalitis,Antibodies,VIRION,1,FALSE,FALSE,,,,,host_present_in_system,host appears in canonical WHO disease-pathogen-host backbone; role-specific reservoir/amplifier/incidental/dead-end evidence not assessed,low,TRUE,standard_review
Venezuelan equine encephalitis,Alphavirus venezuelan,Alphavirus venezuelan,11036,pteroglossus torquatus,283161,,,,FALSE,TRUE,both,in_gibb_etal=FALSE; in_empres_i=TRUE; deferred_broad_vesiculovirus=FALSE,Alphavirus venezuelan,Venezuelan equine encephalitis,Antibodies,VIRION,1,FALSE,FALSE,,,,,host_present_in_system,host appears in canonical WHO disease-pathogen-host backbone; role-specific reservoir/amplifier/incidental/dead-end evidence not assessed,low,TRUE,standard_review
Venezuelan equine encephalitis,Alphavirus venezuelan,Alphavirus venezuelan,11036,ramphastos sulfuratus,322582,,,,FALSE,TRUE,both,in_gibb_etal=FALSE; in_empres_i=TRUE; deferred_broad_vesiculovirus=FALSE,Alphavirus venezuelan,Venezuelan equine encephalitis,Antibodies,VIRION,1,FALSE,FALSE,,,,,host_present_in_system,host appears in canonical WHO disease-pathogen-host backbone; role-specific reservoir/amplifier/incidental/dead-end evidence not assessed,low,TRUE,standard_review
Venezuelan equine encephalitis,Alphavirus venezuelan,Alphavirus venezuelan,11036,ramphastos swainsonii,207748,,,,FALSE,TRUE,both,in_gibb_etal=FALSE; in_empres_i=TRUE; deferred_broad_vesiculovirus=FALSE,Alphavirus venezuelan,Venezuelan equine encephalitis,Antibodies,VIRION,1,FALSE,FALSE,,,,,host_present_in_system,host appears in canonical WHO disease-pathogen-host backbone; role-specific reservoir/amplifier/incidental/dead-end evidence not assessed,low,TRUE,standard_review
Venezuelan equine encephalitis,Alphavirus venezuelan,Alphavirus venezuelan,11036,sciurus granatensis,226870,,,,FALSE,TRUE,both,in_gibb_etal=FALSE; in_empres_i=TRUE; deferred_broad_vesiculovirus=FALSE,Alphavirus venezuelan,Venezuelan equine encephalitis,Antibodies,VIRION,1,FALSE,FALSE,,,,,host_present_in_system,host appears in canonical WHO disease-pathogen-host backbone; role-specific reservoir/amplifier/incidental/dead-end evidence not assessed,low,TRUE,standard_review
Venezuelan equine encephalitis,Alphavirus venezuelan,Alphavirus venezuelan,11036,sciurus variegatoides,226875,,,,FALSE,TRUE,both,in_gibb_etal=FALSE; in_empres_i=TRUE; deferred_broad_vesiculovirus=FALSE,Alphavirus venezuelan,Venezuelan equine encephalitis,Antibodies,VIRION,1,FALSE,FALSE,,,,,host_present_in_system,host appears in canonical WHO disease-pathogen-host backbone; role-specific reservoir/amplifier/incidental/dead-end evidence not assessed,low,TRUE,standard_review
Venezuelan equine encephalitis,Alphavirus venezuelan,Alphavirus venezuelan,11036,setophaga coronata,111975,,,,FALSE,TRUE,both,in_gibb_etal=FALSE; in_empres_i=TRUE; deferred_broad_vesiculovirus=FALSE,Alphavirus venezuelan,Venezuelan equine encephalitis,Antibodies,VIRION,1,FALSE,FALSE,,,,,host_present_in_system,host appears in canonical WHO disease-pathogen-host backbone; role-specific reservoir/amplifier/incidental/dead-end evidence not assessed,low,TRUE,standard_review
Venezuelan equine encephalitis,Alphavirus venezuelan,Alphavirus venezuelan,11036,sturnira ludovici,192405,,,,FALSE,TRUE,both,in_gibb_etal=FALSE; in_empres_i=TRUE; deferred_broad_vesiculovirus=FALSE,Alphavirus venezuelan,Venezuelan equine encephalitis,Antibodies,VIRION,1,FALSE,FALSE,,,,,host_present_in_system,host appears in canonical WHO disease-pathogen-host backbone; role-specific reservoir/amplifier/incidental/dead-end evidence not assessed,low,TRUE,standard_review
Venezuelan equine encephalitis,Alphavirus venezuelan,Alphavirus venezuelan,11036,sylvilagus audubonii,30581,,,,FALSE,TRUE,both,in_gibb_etal=FALSE; in_empres_i=TRUE; deferred_broad_vesiculovirus=FALSE,Alphavirus venezuelan,Venezuelan equine encephalitis,Antibodies,VIRION,1,FALSE,FALSE,,,,,host_present_in_system,host appears in canonical WHO disease-pathogen-host backbone; role-specific reservoir/amplifier/incidental/dead-end evidence not assessed,low,TRUE,standard_review
Venezuelan equine encephalitis,Alphavirus venezuelan,Alphavirus venezuelan,11036,sylvilagus nuttallii,50378,,,,FALSE,TRUE,both,in_gibb_etal=FALSE; in_empres_i=TRUE; deferred_broad_vesiculovirus=FALSE,Alphavirus venezuelan,Venezuelan equine encephalitis,Antibodies,VIRION,1,FALSE,FALSE,,,,,host_present_in_system,host appears in canonical WHO disease-pathogen-host backbone; role-specific reservoir/amplifier/incidental/dead-end evidence not assessed,low,TRUE,standard_review
Venezuelan equine encephalitis,Alphavirus venezuelan,Alphavirus venezuelan,11036,transandinomys bolivaris,530183,,,,FALSE,TRUE,both,in_gibb_etal=FALSE; in_empres_i=TRUE; deferred_broad_vesiculovirus=FALSE,Alphavirus venezuelan,Venezuelan equine encephalitis,Antibodies,VIRION,1,FALSE,FALSE,,,,,host_present_in_system,host appears in canonical WHO disease-pathogen-host backbone; role-specific reservoir/amplifier/incidental/dead-end evidence not assessed,low,TRUE,standard_review
West Nile fever,Orthoflavivirus nilense,Orthoflavivirus nilense,11082; 3048448,Gallus gallus,9031,aves,galliformes,phasianidae,TRUE,TRUE,prototype,in_gibb_etal=TRUE; in_empres_i=TRUE; deferred_broad_vesiculovirus=FALSE,Orthoflavivirus nilense,West Nile fever,Isolation/Observation; Not specified; PCR/Sequencing; PCR/Sequencing,VIRION,2,FALSE,TRUE,TRUE,FALSE,FALSE,FALSE,host_present_in_system,host appears in canonical WHO disease-pathogen-host backbone; role-specific reservoir/amplifier/incidental/dead-end evidence not assessed,low,TRUE,high_livestock_triage
West Nile fever,Orthoflavivirus nilense,Orthoflavivirus nilense,11082; 3048448,Bos taurus,9913,mammalia,artiodactyla,bovidae,TRUE,TRUE,prototype,in_gibb_etal=TRUE; in_empres_i=TRUE; deferred_broad_vesiculovirus=FALSE,Orthoflavivirus nilense,West Nile fever,Antibodies; PCR/Sequencing,VIRION,2,FALSE,TRUE,FALSE,FALSE,FALSE,FALSE,host_present_in_system,host appears in canonical WHO disease-pathogen-host backbone; role-specific reservoir/amplifier/incidental/dead-end evidence not assessed,low,TRUE,high_livestock_triage
West Nile fever,Orthoflavivirus nilense,Orthoflavivirus nilense,3048448,Camelus dromedarius,9838,mammalia,artiodactyla,camelidae,TRUE,TRUE,prototype,in_gibb_etal=TRUE; in_empres_i=TRUE; deferred_broad_vesiculovirus=FALSE,Orthoflavivirus nilense,West Nile fever,PCR/Sequencing,VIRION,1,FALSE,TRUE,FALSE,FALSE,FALSE,FALSE,host_present_in_system,host appears in canonical WHO disease-pathogen-host backbone; role-specific reservoir/amplifier/incidental/dead-end evidence not assessed,low,TRUE,high_livestock_triage
West Nile fever,Orthoflavivirus nilense,Orthoflavivirus nilense,11082; 3048448,Ovis aries,9940,mammalia,artiodactyla,bovidae,TRUE,TRUE,prototype,in_gibb_etal=TRUE; in_empres_i=TRUE; deferred_broad_vesiculovirus=FALSE,Orthoflavivirus nilense,West Nile fever,Antibodies; Not specified; PCR/Sequencing; PCR/Sequencing,VIRION,2,FALSE,TRUE,FALSE,FALSE,FALSE,FALSE,host_present_in_system,host appears in canonical WHO disease-pathogen-host backbone; role-specific reservoir/amplifier/incidental/dead-end evidence not assessed,low,TRUE,high_livestock_triage
West Nile fever,Orthoflavivirus nilense,Orthoflavivirus nilense,11082,Sus scrofa,9823,mammalia,artiodactyla,suidae,TRUE,TRUE,prototype,in_gibb_etal=TRUE; in_empres_i=TRUE; deferred_broad_vesiculovirus=FALSE,Orthoflavivirus nilense,West Nile fever,Antibodies; Not specified,VIRION,1,FALSE,TRUE,FALSE,FALSE,FALSE,FALSE,host_present_in_system,host appears in canonical WHO disease-pathogen-host backbone; role-specific reservoir/amplifier/incidental/dead-end evidence not assessed,low,TRUE,high_livestock_triage
West Nile fever,Orthoflavivirus nilense,Orthoflavivirus nilense,11082; 3048448,Equus caballus,9796,mammalia,perissodactyla,equidae,TRUE,TRUE,prototype,in_gibb_etal=TRUE; in_empres_i=TRUE; deferred_broad_vesiculovirus=FALSE,Orthoflavivirus nilense,West Nile fever,Isolation/Observation; Not specified; PCR/Sequencing; PCR/Sequencing,VIRION,2,FALSE,TRUE,FALSE,FALSE,FALSE,FALSE,host_present_in_system,host appears in canonical WHO disease-pathogen-host backbone; role-specific reservoir/amplifier/incidental/dead-end evidence not assessed,low,TRUE,high_livestock_triage
West Nile fever,Orthoflavivirus nilense,Orthoflavivirus nilense,3048448,Equus ferus,1114792,mammalia,perissodactyla,equidae,TRUE,TRUE,prototype,in_gibb_etal=TRUE; in_empres_i=TRUE; deferred_broad_vesiculovirus=FALSE,Orthoflavivirus nilense,West Nile fever,PCR/Sequencing,VIRION,1,FALSE,TRUE,FALSE,FALSE,FALSE,FALSE,host_present_in_system,host appears in canonical WHO disease-pathogen-host backbone; role-specific reservoir/amplifier/incidental/dead-end evidence not assessed,low,TRUE,high_livestock_triage
West Nile fever,Orthoflavivirus nilense,Orthoflavivirus nilense,3048448,Camelus bactrianus,9837,,,,TRUE,TRUE,prototype,in_gibb_etal=TRUE; in_empres_i=TRUE; deferred_broad_vesiculovirus=FALSE,Orthoflavivirus nilense,West Nile fever,PCR/Sequencing,VIRION,1,FALSE,TRUE,,,,,host_present_in_system,host appears in canonical WHO disease-pathogen-host backbone; role-specific reservoir/amplifier/incidental/dead-end evidence not assessed,low,TRUE,high_livestock_triage
West Nile fever,Orthoflavivirus nilense,Orthoflavivirus nilense,11082; 3048448,Accipiter cooperii,261198,aves,accipitriformes,accipitridae,TRUE,TRUE,prototype,in_gibb_etal=TRUE; in_empres_i=TRUE; deferred_broad_vesiculovirus=FALSE,Orthoflavivirus nilense,West Nile fever,Isolation/Observation; PCR/Sequencing; PCR/Sequencing,VIRION,2,FALSE,FALSE,TRUE,FALSE,FALSE,FALSE,host_present_in_system,host appears in canonical WHO disease-pathogen-host backbone; role-specific reservoir/amplifier/incidental/dead-end evidence not assessed,low,TRUE,medium_ecology_triage
West Nile fever,Orthoflavivirus nilense,Orthoflavivirus nilense,11082; 3048448,Accipiter nisus,211598,aves,accipitriformes,accipitridae,TRUE,TRUE,prototype,in_gibb_etal=TRUE; in_empres_i=TRUE; deferred_broad_vesiculovirus=FALSE,Orthoflavivirus nilense,West Nile fever,Isolation/Observation; PCR/Sequencing,VIRION,2,FALSE,FALSE,TRUE,FALSE,FALSE,FALSE,host_present_in_system,host appears in canonical WHO disease-pathogen-host backbone; role-specific reservoir/amplifier/incidental/dead-end evidence not assessed,low,TRUE,medium_ecology_triage
West Nile fever,Orthoflavivirus nilense,Orthoflavivirus nilense,3048448,Accipiter striatus,56330,aves,accipitriformes,accipitridae,TRUE,TRUE,prototype,in_gibb_etal=TRUE; in_empres_i=TRUE; deferred_broad_vesiculovirus=FALSE,Orthoflavivirus nilense,West Nile fever,PCR/Sequencing,VIRION,1,FALSE,FALSE,TRUE,FALSE,FALSE,FALSE,host_present_in_system,host appears in canonical WHO disease-pathogen-host backbone; role-specific reservoir/amplifier/incidental/dead-end evidence not assessed,low,TRUE,medium_ecology_triage
West Nile fever,Orthoflavivirus nilense,Orthoflavivirus nilense,11082; 3048448,Aegypius monachus,8959,aves,accipitriformes,accipitridae,TRUE,TRUE,prototype,in_gibb_etal=TRUE; in_empres_i=TRUE; deferred_broad_vesiculovirus=FALSE,Orthoflavivirus nilense,West Nile fever,PCR/Sequencing,VIRION,2,FALSE,FALSE,TRUE,FALSE,FALSE,FALSE,host_present_in_system,host appears in canonical WHO disease-pathogen-host backbone; role-specific reservoir/amplifier/incidental/dead-end evidence not assessed,low,TRUE,medium_ecology_triage
West Nile fever,Orthoflavivirus nilense,Orthoflavivirus nilense,3048448,Aquila adalberti,52408,aves,accipitriformes,accipitridae,TRUE,TRUE,prototype,in_gibb_etal=TRUE; in_empres_i=TRUE; deferred_broad_vesiculovirus=FALSE,Orthoflavivirus nilense,West Nile fever,PCR/Sequencing,VIRION,1,FALSE,FALSE,TRUE,FALSE,FALSE,FALSE,host_present_in_system,host appears in canonical WHO disease-pathogen-host backbone; role-specific reservoir/amplifier/incidental/dead-end evidence not assessed,low,TRUE,medium_ecology_triage
West Nile fever,Orthoflavivirus nilense,Orthoflavivirus nilense,11082; 3048448,Aquila chrysaetos,8962,aves,accipitriformes,accipitridae,TRUE,TRUE,prototype,in_gibb_etal=TRUE; in_empres_i=TRUE; deferred_broad_vesiculovirus=FALSE,Orthoflavivirus nilense,West Nile fever,Isolation/Observation; PCR/Sequencing; PCR/Sequencing,VIRION,2,FALSE,FALSE,TRUE,FALSE,FALSE,FALSE,host_present_in_system,host appears in canonical WHO disease-pathogen-host backbone; role-specific reservoir/amplifier/incidental/dead-end evidence not assessed,low,TRUE,medium_ecology_triage
West Nile fever,Orthoflavivirus nilense,Orthoflavivirus nilense,3048448,Aquila fasciata,252784,aves,accipitriformes,accipitridae,TRUE,TRUE,prototype,in_gibb_etal=TRUE; in_empres_i=TRUE; deferred_broad_vesiculovirus=FALSE,Orthoflavivirus nilense,West Nile fever,PCR/Sequencing,VIRION,1,FALSE,FALSE,TRUE,FALSE,FALSE,FALSE,host_present_in_system,host appears in canonical WHO disease-pathogen-host backbone; role-specific reservoir/amplifier/incidental/dead-end evidence not assessed,low,TRUE,medium_ecology_triage
West Nile fever,Orthoflavivirus nilense,Orthoflavivirus nilense,3048448,Buteo buteo,30397,aves,accipitriformes,accipitridae,TRUE,TRUE,prototype,in_gibb_etal=TRUE; in_empres_i=TRUE; deferred_broad_vesiculovirus=FALSE,Orthoflavivirus nilense,West Nile fever,PCR/Sequencing,VIRION,1,FALSE,FALSE,TRUE,FALSE,FALSE,FALSE,host_present_in_system,host appears in canonical WHO disease-pathogen-host backbone; role-specific reservoir/amplifier/incidental/dead-end evidence not assessed,low,TRUE,medium_ecology_triage
West Nile fever,Orthoflavivirus nilense,Orthoflavivirus nilense,11082; 3048448,Buteo jamaicensis,56263,aves,accipitriformes,accipitridae,TRUE,TRUE,prototype,in_gibb_etal=TRUE; in_empres_i=TRUE; deferred_broad_vesiculovirus=FALSE,Orthoflavivirus nilense,West Nile fever,Isolation/Observation; PCR/Sequencing; PCR/Sequencing,VIRION,2,FALSE,FALSE,TRUE,FALSE,FALSE,FALSE,host_present_in_system,host appears in canonical WHO disease-pathogen-host backbone; role-specific reservoir/amplifier/incidental/dead-end evidence not assessed,low,TRUE,medium_ecology_triage
West Nile fever,Orthoflavivirus nilense,Orthoflavivirus nilense,11082; 3048448,Buteo lineatus,223475,aves,accipitriformes,accipitridae,TRUE,TRUE,prototype,in_gibb_etal=TRUE; in_empres_i=TRUE; deferred_broad_vesiculovirus=FALSE,Orthoflavivirus nilense,West Nile fever,Isolation/Observation; PCR/Sequencing; PCR/Sequencing,VIRION,2,FALSE,FALSE,TRUE,FALSE,FALSE,FALSE,host_present_in_system,host appears in canonical WHO disease-pathogen-host backbone; role-specific reservoir/amplifier/incidental/dead-end evidence not assessed,low,TRUE,medium_ecology_triage
West Nile fever,Orthoflavivirus nilense,Orthoflavivirus nilense,11082; 3048448,Buteo regalis,223441,aves,accipitriformes,accipitridae,TRUE,TRUE,prototype,in_gibb_etal=TRUE; in_empres_i=TRUE; deferred_broad_vesiculovirus=FALSE,Orthoflavivirus nilense,West Nile fever,Isolation/Observation; PCR/Sequencing,VIRION,2,FALSE,FALSE,TRUE,FALSE,FALSE,FALSE,host_present_in_system,host appears in canonical WHO disease-pathogen-host backbone; role-specific reservoir/amplifier/incidental/dead-end evidence not assessed,low,TRUE,medium_ecology_triage
West Nile fever,Orthoflavivirus nilense,Orthoflavivirus nilense,11082; 3048448,Buteo swainsoni,156757,aves,accipitriformes,accipitridae,TRUE,TRUE,prototype,in_gibb_etal=TRUE; in_empres_i=TRUE; deferred_broad_vesiculovirus=FALSE,Orthoflavivirus nilense,West Nile fever,Isolation/Observation; PCR/Sequencing,VIRION,2,FALSE,FALSE,TRUE,FALSE,FALSE,FALSE,host_present_in_system,host appears in canonical WHO disease-pathogen-host backbone; role-specific reservoir/amplifier/incidental/dead-end evidence not assessed,low,TRUE,medium_ecology_triage
West Nile fever,Orthoflavivirus nilense,Orthoflavivirus nilense,3048448,Clanga pomarina,2675520,aves,accipitriformes,accipitridae,TRUE,TRUE,prototype,in_gibb_etal=TRUE; in_empres_i=TRUE; deferred_broad_vesiculovirus=FALSE,Orthoflavivirus nilense,West Nile fever,PCR/Sequencing,VIRION,1,FALSE,FALSE,TRUE,FALSE,FALSE,FALSE,host_present_in_system,host appears in canonical WHO disease-pathogen-host backbone; role-specific reservoir/amplifier/incidental/dead-end evidence not assessed,low,TRUE,medium_ecology_triage
West Nile fever,Orthoflavivirus nilense,Orthoflavivirus nilense,3048448,Gyps fulvus,36247,aves,accipitriformes,accipitridae,TRUE,TRUE,prototype,in_gibb_etal=TRUE; in_empres_i=TRUE; deferred_broad_vesiculovirus=FALSE,Orthoflavivirus nilense,West Nile fever,PCR/Sequencing,VIRION,1,FALSE,FALSE,TRUE,FALSE,FALSE,FALSE,host_present_in_system,host appears in canonical WHO disease-pathogen-host backbone; role-specific reservoir/amplifier/incidental/dead-end evidence not assessed,low,TRUE,medium_ecology_triage
West Nile fever,Orthoflavivirus nilense,Orthoflavivirus nilense,11082; 3048448,Haliaeetus albicilla,8969,aves,accipitriformes,accipitridae,TRUE,TRUE,prototype,in_gibb_etal=TRUE; in_empres_i=TRUE; deferred_broad_vesiculovirus=FALSE,Orthoflavivirus nilense,West Nile fever,Isolation/Observation; PCR/Sequencing,VIRION,2,FALSE,FALSE,TRUE,FALSE,FALSE,FALSE,host_present_in_system,host appears in canonical WHO disease-pathogen-host backbone; role-specific reservoir/amplifier/incidental/dead-end evidence not assessed,low,TRUE,medium_ecology_triage
West Nile fever,Orthoflavivirus nilense,Orthoflavivirus nilense,11082; 3048448,Haliaeetus leucocephalus,52644,aves,accipitriformes,accipitridae,TRUE,TRUE,prototype,in_gibb_etal=TRUE; in_empres_i=TRUE; deferred_broad_vesiculovirus=FALSE,Orthoflavivirus nilense,West Nile fever,Isolation/Observation; PCR/Sequencing,VIRION,2,FALSE,FALSE,TRUE,FALSE,FALSE,FALSE,host_present_in_system,host appears in canonical WHO disease-pathogen-host backbone; role-specific reservoir/amplifier/incidental/dead-end evidence not assessed,low,TRUE,medium_ecology_triage
West Nile fever,Orthoflavivirus nilense,Orthoflavivirus nilense,11082; 3048448,Ictinia mississippiensis,371914,aves,accipitriformes,accipitridae,TRUE,TRUE,prototype,in_gibb_etal=TRUE; in_empres_i=TRUE; deferred_broad_vesiculovirus=FALSE,Orthoflavivirus nilense,West Nile fever,Isolation/Observation; PCR/Sequencing,VIRION,2,FALSE,FALSE,TRUE,FALSE,FALSE,FALSE,host_present_in_system,host appears in canonical WHO disease-pathogen-host backbone; role-specific reservoir/amplifier/incidental/dead-end evidence not assessed,low,TRUE,medium_ecology_triage
West Nile fever,Orthoflavivirus nilense,Orthoflavivirus nilense,3048448,Pandion haliaetus,56262,aves,accipitriformes,pandionidae,TRUE,TRUE,prototype,in_gibb_etal=TRUE; in_empres_i=TRUE; deferred_broad_vesiculovirus=FALSE,Orthoflavivirus nilense,West Nile fever,PCR/Sequencing,VIRION,1,FALSE,FALSE,TRUE,FALSE,FALSE,FALSE,host_present_in_system,host appears in canonical WHO disease-pathogen-host backbone; role-specific reservoir/amplifier/incidental/dead-end evidence not assessed,low,TRUE,medium_ecology_triage
West Nile fever,Orthoflavivirus nilense,Orthoflavivirus nilense,3048448,Alopochen aegyptiaca,30382,aves,anseriformes,anatidae,TRUE,TRUE,prototype,in_gibb_etal=TRUE; in_empres_i=TRUE; deferred_broad_vesiculovirus=FALSE,Orthoflavivirus nilense,West Nile fever,PCR/Sequencing,VIRION,1,FALSE,FALSE,TRUE,FALSE,FALSE,FALSE,host_present_in_system,host appears in canonical WHO disease-pathogen-host backbone; role-specific reservoir/amplifier/incidental/dead-end evidence not assessed,low,TRUE,medium_ecology_triage
West Nile fever,Orthoflavivirus nilense,Orthoflavivirus nilense,11082; 3048448,Anas platyrhynchos,8839,aves,anseriformes,anatidae,TRUE,TRUE,prototype,in_gibb_etal=TRUE; in_empres_i=TRUE; deferred_broad_vesiculovirus=FALSE,Orthoflavivirus nilense,West Nile fever,Isolation/Observation; PCR/Sequencing,VIRION,2,FALSE,FALSE,TRUE,FALSE,FALSE,FALSE,host_present_in_system,host appears in canonical WHO disease-pathogen-host backbone; role-specific reservoir/amplifier/incidental/dead-end evidence not assessed,low,TRUE,medium_ecology_triage
West Nile fever,Orthoflavivirus nilense,Orthoflavivirus nilense,11082,Anser anser,8843,aves,anseriformes,anatidae,TRUE,TRUE,prototype,in_gibb_etal=TRUE; in_empres_i=TRUE; deferred_broad_vesiculovirus=FALSE,Orthoflavivirus nilense,West Nile fever,Not specified; PCR/Sequencing,VIRION,1,FALSE,FALSE,TRUE,FALSE,FALSE,FALSE,host_present_in_system,host appears in canonical WHO disease-pathogen-host backbone; role-specific reservoir/amplifier/incidental/dead-end evidence not assessed,low,TRUE,medium_ecology_triage
West Nile fever,Orthoflavivirus nilense,Orthoflavivirus nilense,3048448,Anser indicus,8846,aves,anseriformes,anatidae,TRUE,TRUE,prototype,in_gibb_etal=TRUE; in_empres_i=TRUE; deferred_broad_vesiculovirus=FALSE,Orthoflavivirus nilense,West Nile fever,PCR/Sequencing,VIRION,1,FALSE,FALSE,TRUE,FALSE,FALSE,FALSE,host_present_in_system,host appears in canonical WHO disease-pathogen-host backbone; role-specific reservoir/amplifier/incidental/dead-end evidence not assessed,low,TRUE,medium_ecology_triage
West Nile fever,Orthoflavivirus nilense,Orthoflavivirus nilense,11082; 3048448,Branta canadensis,8853,aves,anseriformes,anatidae,TRUE,TRUE,prototype,in_gibb_etal=TRUE; in_empres_i=TRUE; deferred_broad_vesiculovirus=FALSE,Orthoflavivirus nilense,West Nile fever,Isolation/Observation; PCR/Sequencing; PCR/Sequencing,VIRION,2,FALSE,FALSE,TRUE,FALSE,FALSE,FALSE,host_present_in_system,host appears in canonical WHO disease-pathogen-host backbone; role-specific reservoir/amplifier/incidental/dead-end evidence not assessed,low,TRUE,medium_ecology_triage
West Nile fever,Orthoflavivirus nilense,Orthoflavivirus nilense,3048448,Cereopsis novaehollandiae,8858,aves,anseriformes,anatidae,TRUE,TRUE,prototype,in_gibb_etal=TRUE; in_empres_i=TRUE; deferred_broad_vesiculovirus=FALSE,Orthoflavivirus nilense,West Nile fever,PCR/Sequencing,VIRION,1,FALSE,FALSE,TRUE,FALSE,FALSE,FALSE,host_present_in_system,host appears in canonical WHO disease-pathogen-host backbone; role-specific reservoir/amplifier/incidental/dead-end evidence not assessed,low,TRUE,medium_ecology_triage
West Nile fever,Orthoflavivirus nilense,Orthoflavivirus nilense,3048448,Cygnus buccinator,48397,aves,anseriformes,anatidae,TRUE,TRUE,prototype,in_gibb_etal=TRUE; in_empres_i=TRUE; deferred_broad_vesiculovirus=FALSE,Orthoflavivirus nilense,West Nile fever,PCR/Sequencing,VIRION,1,FALSE,FALSE,TRUE,FALSE,FALSE,FALSE,host_present_in_system,host appears in canonical WHO disease-pathogen-host backbone; role-specific reservoir/amplifier/incidental/dead-end evidence not assessed,low,TRUE,medium_ecology_triage
West Nile fever,Orthoflavivirus nilense,Orthoflavivirus nilense,3048448,Cygnus olor,8869,aves,anseriformes,anatidae,TRUE,TRUE,prototype,in_gibb_etal=TRUE; in_empres_i=TRUE; deferred_broad_vesiculovirus=FALSE,Orthoflavivirus nilense,West Nile fever,PCR/Sequencing,VIRION,1,FALSE,FALSE,TRUE,FALSE,FALSE,FALSE,host_present_in_system,host appears in canonical WHO disease-pathogen-host backbone; role-specific reservoir/amplifier/incidental/dead-end evidence not assessed,low,TRUE,medium_ecology_triage
West Nile fever,Orthoflavivirus nilense,Orthoflavivirus nilense,3048448,Mergus squamatus,670348,aves,anseriformes,anatidae,TRUE,TRUE,prototype,in_gibb_etal=TRUE; in_empres_i=TRUE; deferred_broad_vesiculovirus=FALSE,Orthoflavivirus nilense,West Nile fever,PCR/Sequencing,VIRION,1,FALSE,FALSE,TRUE,FALSE,FALSE,FALSE,host_present_in_system,host appears in canonical WHO disease-pathogen-host backbone; role-specific reservoir/amplifier/incidental/dead-end evidence not assessed,low,TRUE,medium_ecology_triage
West Nile fever,Orthoflavivirus nilense,Orthoflavivirus nilense,11082; 3048448,Spatula querquedula,75856,aves,anseriformes,anatidae,TRUE,TRUE,prototype,in_gibb_etal=TRUE; in_empres_i=TRUE; deferred_broad_vesiculovirus=FALSE,Orthoflavivirus nilense,West Nile fever,Isolation/Observation; PCR/Sequencing; PCR/Sequencing,VIRION,2,FALSE,FALSE,TRUE,FALSE,FALSE,FALSE,host_present_in_system,host appears in canonical WHO disease-pathogen-host backbone; role-specific reservoir/amplifier/incidental/dead-end evidence not assessed,low,TRUE,medium_ecology_triage
West Nile fever,Orthoflavivirus nilense,Orthoflavivirus nilense,3048448,Apus apus,8895,aves,caprimulgiformes,apodidae,TRUE,TRUE,prototype,in_gibb_etal=TRUE; in_empres_i=TRUE; deferred_broad_vesiculovirus=FALSE,Orthoflavivirus nilense,West Nile fever,PCR/Sequencing,VIRION,1,FALSE,FALSE,TRUE,FALSE,FALSE,FALSE,host_present_in_system,host appears in canonical WHO disease-pathogen-host backbone; role-specific reservoir/amplifier/incidental/dead-end evidence not assessed,low,TRUE,medium_ecology_triage
West Nile fever,Orthoflavivirus nilense,Orthoflavivirus nilense,3048448,Calypte costae,371909,aves,caprimulgiformes,trochilidae,TRUE,TRUE,prototype,in_gibb_etal=TRUE; in_empres_i=TRUE; deferred_broad_vesiculovirus=FALSE,Orthoflavivirus nilense,West Nile fever,PCR/Sequencing,VIRION,1,FALSE,FALSE,TRUE,FALSE,FALSE,FALSE,host_present_in_system,host appears in canonical WHO disease-pathogen-host backbone; role-specific reservoir/amplifier/incidental/dead-end evidence not assessed,low,TRUE,medium_ecology_triage
West Nile fever,Orthoflavivirus nilense,Orthoflavivirus nilense,11082; 3048448,Coragyps atratus,33614,aves,cathartiformes,cathartidae,TRUE,TRUE,prototype,in_gibb_etal=TRUE; in_empres_i=TRUE; deferred_broad_vesiculovirus=FALSE,Orthoflavivirus nilense,West Nile fever,Isolation/Observation; PCR/Sequencing,VIRION,2,FALSE,FALSE,TRUE,FALSE,FALSE,FALSE,host_present_in_system,host appears in canonical WHO disease-pathogen-host backbone; role-specific reservoir/amplifier/incidental/dead-end evidence not assessed,low,TRUE,medium_ecology_triage
West Nile fever,Orthoflavivirus nilense,Orthoflavivirus nilense,11082; 3048448,Gymnogyps californianus,33616,aves,cathartiformes,cathartidae,TRUE,TRUE,prototype,in_gibb_etal=TRUE; in_empres_i=TRUE; deferred_broad_vesiculovirus=FALSE,Orthoflavivirus nilense,West Nile fever,Isolation/Observation; PCR/Sequencing,VIRION,2,FALSE,FALSE,TRUE,FALSE,FALSE,FALSE,host_present_in_system,host appears in canonical WHO disease-pathogen-host backbone; role-specific reservoir/amplifier/incidental/dead-end evidence not assessed,low,TRUE,medium_ecology_triage
West Nile fever,Orthoflavivirus nilense,Orthoflavivirus nilense,11082; 3048448,Actitis macularius,190659,aves,charadriiformes,scolopacidae,TRUE,TRUE,prototype,in_gibb_etal=TRUE; in_empres_i=TRUE; deferred_broad_vesiculovirus=FALSE,Orthoflavivirus nilense,West Nile fever,Isolation/Observation; PCR/Sequencing,VIRION,2,FALSE,FALSE,TRUE,FALSE,FALSE,FALSE,host_present_in_system,host appears in canonical WHO disease-pathogen-host backbone; role-specific reservoir/amplifier/incidental/dead-end evidence not assessed,low,TRUE,medium_ecology_triage
West Nile fever,Orthoflavivirus nilense,Orthoflavivirus nilense,11082; 3048448,Calidris alba,279936,aves,charadriiformes,scolopacidae,TRUE,TRUE,prototype,in_gibb_etal=TRUE; in_empres_i=TRUE; deferred_broad_vesiculovirus=FALSE,Orthoflavivirus nilense,West Nile fever,Isolation/Observation; PCR/Sequencing,VIRION,2,FALSE,FALSE,TRUE,FALSE,FALSE,FALSE,host_present_in_system,host appears in canonical WHO disease-pathogen-host backbone; role-specific reservoir/amplifier/incidental/dead-end evidence not assessed,low,TRUE,medium_ecology_triage
West Nile fever,Orthoflavivirus nilense,Orthoflavivirus nilense,11082; 3048448,Charadrius melodus,279942,aves,charadriiformes,charadriidae,TRUE,TRUE,prototype,in_gibb_etal=TRUE; in_empres_i=TRUE; deferred_broad_vesiculovirus=FALSE,Orthoflavivirus nilense,West Nile fever,PCR/Sequencing,VIRION,2,FALSE,FALSE,TRUE,FALSE,FALSE,FALSE,host_present_in_system,host appears in canonical WHO disease-pathogen-host backbone; role-specific reservoir/amplifier/incidental/dead-end evidence not assessed,low,TRUE,medium_ecology_triage
West Nile fever,Orthoflavivirus nilense,Orthoflavivirus nilense,3048448,Larus crassirostris,179808,aves,charadriiformes,laridae,TRUE,TRUE,prototype,in_gibb_etal=TRUE; in_empres_i=TRUE; deferred_broad_vesiculovirus=FALSE,Orthoflavivirus nilense,West Nile fever,PCR/Sequencing,VIRION,1,FALSE,FALSE,TRUE,FALSE,FALSE,FALSE,host_present_in_system,host appears in canonical WHO disease-pathogen-host backbone; role-specific reservoir/amplifier/incidental/dead-end evidence not assessed,low,TRUE,medium_ecology_triage
West Nile fever,Orthoflavivirus nilense,Orthoflavivirus nilense,11082; 3048448,Larus delawarensis,126683,aves,charadriiformes,laridae,TRUE,TRUE,prototype,in_gibb_etal=TRUE; in_empres_i=TRUE; deferred_broad_vesiculovirus=FALSE,Orthoflavivirus nilense,West Nile fever,PCR/Sequencing,VIRION,2,FALSE,FALSE,TRUE,FALSE,FALSE,FALSE,host_present_in_system,host appears in canonical WHO disease-pathogen-host backbone; role-specific reservoir/amplifier/incidental/dead-end evidence not assessed,low,TRUE,medium_ecology_triage
West Nile fever,Orthoflavivirus nilense,Orthoflavivirus nilense,3048448,Larus michahellis,119627,aves,charadriiformes,laridae,TRUE,TRUE,prototype,in_gibb_etal=TRUE; in_empres_i=TRUE; deferred_broad_vesiculovirus=FALSE,Orthoflavivirus nilense,West Nile fever,PCR/Sequencing,VIRION,1,FALSE,FALSE,TRUE,FALSE,FALSE,FALSE,host_present_in_system,host appears in canonical WHO disease-pathogen-host backbone; role-specific reservoir/amplifier/incidental/dead-end evidence not assessed,low,TRUE,medium_ecology_triage
West Nile fever,Orthoflavivirus nilense,Orthoflavivirus nilense,11082; 3048448,Larus smithsonianus,243888,aves,charadriiformes,laridae,TRUE,TRUE,prototype,in_gibb_etal=TRUE; in_empres_i=TRUE; deferred_broad_vesiculovirus=FALSE,Orthoflavivirus nilense,West Nile fever,Isolation/Observation; PCR/Sequencing,VIRION,2,FALSE,FALSE,TRUE,FALSE,FALSE,FALSE,host_present_in_system,host appears in canonical WHO disease-pathogen-host backbone; role-specific reservoir/amplifier/incidental/dead-end evidence not assessed,low,TRUE,medium_ecology_triage
West Nile fever,Orthoflavivirus nilense,Orthoflavivirus nilense,3048448,Pluvialis apricaria,670352,aves,charadriiformes,charadriidae,TRUE,TRUE,prototype,in_gibb_etal=TRUE; in_empres_i=TRUE; deferred_broad_vesiculovirus=FALSE,Orthoflavivirus nilense,West Nile fever,PCR/Sequencing,VIRION,1,FALSE,FALSE,TRUE,FALSE,FALSE,FALSE,host_present_in_system,host appears in canonical WHO disease-pathogen-host backbone; role-specific reservoir/amplifier/incidental/dead-end evidence not assessed,low,TRUE,medium_ecology_triage
West Nile fever,Orthoflavivirus nilense,Orthoflavivirus nilense,11082,Sternula albifrons,507597,aves,charadriiformes,laridae,TRUE,TRUE,prototype,in_gibb_etal=TRUE; in_empres_i=TRUE; deferred_broad_vesiculovirus=FALSE,Orthoflavivirus nilense,West Nile fever,Antibodies,VIRION,1,FALSE,FALSE,TRUE,FALSE,FALSE,FALSE,host_present_in_system,host appears in canonical WHO disease-pathogen-host backbone; role-specific reservoir/amplifier/incidental/dead-end evidence not assessed,low,TRUE,medium_ecology_triage
West Nile fever,Orthoflavivirus nilense,Orthoflavivirus nilense,11082; 3048448,Sternula antillarum,471862,aves,charadriiformes,laridae,TRUE,TRUE,prototype,in_gibb_etal=TRUE; in_empres_i=TRUE; deferred_broad_vesiculovirus=FALSE,Orthoflavivirus nilense,West Nile fever,PCR/Sequencing,VIRION,2,FALSE,FALSE,TRUE,FALSE,FALSE,FALSE,host_present_in_system,host appears in canonical WHO disease-pathogen-host backbone; role-specific reservoir/amplifier/incidental/dead-end evidence not assessed,low,TRUE,medium_ecology_triage
West Nile fever,Orthoflavivirus nilense,Orthoflavivirus nilense,11082,Vanellus spinosus,8909,aves,charadriiformes,charadriidae,TRUE,TRUE,prototype,in_gibb_etal=TRUE; in_empres_i=TRUE; deferred_broad_vesiculovirus=FALSE,Orthoflavivirus nilense,West Nile fever,Antibodies,VIRION,1,FALSE,FALSE,TRUE,FALSE,FALSE,FALSE,host_present_in_system,host appears in canonical WHO disease-pathogen-host backbone; role-specific reservoir/amplifier/incidental/dead-end evidence not assessed,low,TRUE,medium_ecology_triage
West Nile fever,Orthoflavivirus nilense,Orthoflavivirus nilense,11082,Vanellus vanellus,100859,aves,charadriiformes,charadriidae,TRUE,TRUE,prototype,in_gibb_etal=TRUE; in_empres_i=TRUE; deferred_broad_vesiculovirus=FALSE,Orthoflavivirus nilense,West Nile fever,Antibodies,VIRION,1,FALSE,FALSE,TRUE,FALSE,FALSE,FALSE,host_present_in_system,host appears in canonical WHO disease-pathogen-host backbone; role-specific reservoir/amplifier/incidental/dead-end evidence not assessed,low,TRUE,medium_ecology_triage
West Nile fever,Orthoflavivirus nilense,Orthoflavivirus nilense,11082,Ciconia ciconia,8928,aves,ciconiiformes,ciconiidae,TRUE,TRUE,prototype,in_gibb_etal=TRUE; in_empres_i=TRUE; deferred_broad_vesiculovirus=FALSE,Orthoflavivirus nilense,West Nile fever,Isolation/Observation,VIRION,1,FALSE,FALSE,TRUE,FALSE,FALSE,FALSE,host_present_in_system,host appears in canonical WHO disease-pathogen-host backbone; role-specific reservoir/amplifier/incidental/dead-end evidence not assessed,low,TRUE,medium_ecology_triage
West Nile fever,Orthoflavivirus nilense,Orthoflavivirus nilense,11082; 3048448,Columba livia,8932,aves,columbiformes,columbidae,TRUE,TRUE,prototype,in_gibb_etal=TRUE; in_empres_i=TRUE; deferred_broad_vesiculovirus=FALSE,Orthoflavivirus nilense,West Nile fever,Isolation/Observation; Not specified; PCR/Sequencing; PCR/Sequencing,VIRION,2,FALSE,FALSE,TRUE,FALSE,FALSE,FALSE,host_present_in_system,host appears in canonical WHO disease-pathogen-host backbone; role-specific reservoir/amplifier/incidental/dead-end evidence not assessed,low,TRUE,medium_ecology_triage
West Nile fever,Orthoflavivirus nilense,Orthoflavivirus nilense,3048448,Columba palumbus,8934,aves,columbiformes,columbidae,TRUE,TRUE,prototype,in_gibb_etal=TRUE; in_empres_i=TRUE; deferred_broad_vesiculovirus=FALSE,Orthoflavivirus nilense,West Nile fever,PCR/Sequencing,VIRION,1,FALSE,FALSE,TRUE,FALSE,FALSE,FALSE,host_present_in_system,host appears in canonical WHO disease-pathogen-host backbone; role-specific reservoir/amplifier/incidental/dead-end evidence not assessed,low,TRUE,medium_ecology_triage
West Nile fever,Orthoflavivirus nilense,Orthoflavivirus nilense,3048448,Oena capensis,115679,aves,columbiformes,columbidae,TRUE,TRUE,prototype,in_gibb_etal=TRUE; in_empres_i=TRUE; deferred_broad_vesiculovirus=FALSE,Orthoflavivirus nilense,West Nile fever,PCR/Sequencing,VIRION,1,FALSE,FALSE,TRUE,FALSE,FALSE,FALSE,host_present_in_system,host appears in canonical WHO disease-pathogen-host backbone; role-specific reservoir/amplifier/incidental/dead-end evidence not assessed,low,TRUE,medium_ecology_triage
West Nile fever,Orthoflavivirus nilense,Orthoflavivirus nilense,3048448,Streptopelia capicola,135634,aves,columbiformes,columbidae,TRUE,TRUE,prototype,in_gibb_etal=TRUE; in_empres_i=TRUE; deferred_broad_vesiculovirus=FALSE,Orthoflavivirus nilense,West Nile fever,PCR/Sequencing,VIRION,1,FALSE,FALSE,TRUE,FALSE,FALSE,FALSE,host_present_in_system,host appears in canonical WHO disease-pathogen-host backbone; role-specific reservoir/amplifier/incidental/dead-end evidence not assessed,low,TRUE,medium_ecology_triage
West Nile fever,Orthoflavivirus nilense,Orthoflavivirus nilense,3048448,Streptopelia decaocto,177147,aves,columbiformes,columbidae,TRUE,TRUE,prototype,in_gibb_etal=TRUE; in_empres_i=TRUE; deferred_broad_vesiculovirus=FALSE,Orthoflavivirus nilense,West Nile fever,PCR/Sequencing,VIRION,1,FALSE,FALSE,TRUE,FALSE,FALSE,FALSE,host_present_in_system,host appears in canonical WHO disease-pathogen-host backbone; role-specific reservoir/amplifier/incidental/dead-end evidence not assessed,low,TRUE,medium_ecology_triage
West Nile fever,Orthoflavivirus nilense,Orthoflavivirus nilense,11082; 3048448,Zenaida macroura,47245,aves,columbiformes,columbidae,TRUE,TRUE,prototype,in_gibb_etal=TRUE; in_empres_i=TRUE; deferred_broad_vesiculovirus=FALSE,Orthoflavivirus nilense,West Nile fever,Isolation/Observation; PCR/Sequencing; PCR/Sequencing,VIRION,2,FALSE,FALSE,TRUE,FALSE,FALSE,FALSE,host_present_in_system,host appears in canonical WHO disease-pathogen-host backbone; role-specific reservoir/amplifier/incidental/dead-end evidence not assessed,low,TRUE,medium_ecology_triage
West Nile fever,Orthoflavivirus nilense,Orthoflavivirus nilense,3048448,Cuculus canorus,55661,aves,cuculiformes,cuculidae,TRUE,TRUE,prototype,in_gibb_etal=TRUE; in_empres_i=TRUE; deferred_broad_vesiculovirus=FALSE,Orthoflavivirus nilense,West Nile fever,PCR/Sequencing,VIRION,1,FALSE,FALSE,TRUE,FALSE,FALSE,FALSE,host_present_in_system,host appears in canonical WHO disease-pathogen-host backbone; role-specific reservoir/amplifier/incidental/dead-end evidence not assessed,low,TRUE,medium_ecology_triage
West Nile fever,Orthoflavivirus nilense,Orthoflavivirus nilense,11082; 3048448,Falco columbarius,8953,aves,falconiformes,falconidae,TRUE,TRUE,prototype,in_gibb_etal=TRUE; in_empres_i=TRUE; deferred_broad_vesiculovirus=FALSE,Orthoflavivirus nilense,West Nile fever,Isolation/Observation; PCR/Sequencing; PCR/Sequencing,VIRION,2,FALSE,FALSE,TRUE,FALSE,FALSE,FALSE,host_present_in_system,host appears in canonical WHO disease-pathogen-host backbone; role-specific reservoir/amplifier/incidental/dead-end evidence not assessed,low,TRUE,medium_ecology_triage
West Nile fever,Orthoflavivirus nilense,Orthoflavivirus nilense,3048448,Falco peregrinus,8954,aves,falconiformes,falconidae,TRUE,TRUE,prototype,in_gibb_etal=TRUE; in_empres_i=TRUE; deferred_broad_vesiculovirus=FALSE,Orthoflavivirus nilense,West Nile fever,PCR/Sequencing,VIRION,1,FALSE,FALSE,TRUE,FALSE,FALSE,FALSE,host_present_in_system,host appears in canonical WHO disease-pathogen-host backbone; role-specific reservoir/amplifier/incidental/dead-end evidence not assessed,low,TRUE,medium_ecology_triage
West Nile fever,Orthoflavivirus nilense,Orthoflavivirus nilense,11082; 3048448,Falco punctatus,148596,aves,falconiformes,falconidae,TRUE,TRUE,prototype,in_gibb_etal=TRUE; in_empres_i=TRUE; deferred_broad_vesiculovirus=FALSE,Orthoflavivirus nilense,West Nile fever,Isolation/Observation; PCR/Sequencing; PCR/Sequencing,VIRION,2,FALSE,FALSE,TRUE,FALSE,FALSE,FALSE,host_present_in_system,host appears in canonical WHO disease-pathogen-host backbone; role-specific reservoir/amplifier/incidental/dead-end evidence not assessed,low,TRUE,medium_ecology_triage
West Nile fever,Orthoflavivirus nilense,Orthoflavivirus nilense,11082; 3048448,Falco sparverius,56350,aves,falconiformes,falconidae,TRUE,TRUE,prototype,in_gibb_etal=TRUE; in_empres_i=TRUE; deferred_broad_vesiculovirus=FALSE,Orthoflavivirus nilense,West Nile fever,Isolation/Observation; PCR/Sequencing; PCR/Sequencing,VIRION,2,FALSE,FALSE,TRUE,FALSE,FALSE,FALSE,host_present_in_system,host appears in canonical WHO disease-pathogen-host backbone; role-specific reservoir/amplifier/incidental/dead-end evidence not assessed,low,TRUE,medium_ecology_triage
West Nile fever,Orthoflavivirus nilense,Orthoflavivirus nilense,11082; 3048448,Falco tinnunculus,100819,aves,falconiformes,falconidae,TRUE,TRUE,prototype,in_gibb_etal=TRUE; in_empres_i=TRUE; deferred_broad_vesiculovirus=FALSE,Orthoflavivirus nilense,West Nile fever,Antibodies; PCR/Sequencing,VIRION,2,FALSE,FALSE,TRUE,FALSE,FALSE,FALSE,host_present_in_system,host appears in canonical WHO disease-pathogen-host backbone; role-specific reservoir/amplifier/incidental/dead-end evidence not assessed,low,TRUE,medium_ecology_triage
West Nile fever,Orthoflavivirus nilense,Orthoflavivirus nilense,11082,Alectoris graeca,40178,aves,galliformes,phasianidae,TRUE,TRUE,prototype,in_gibb_etal=TRUE; in_empres_i=TRUE; deferred_broad_vesiculovirus=FALSE,Orthoflavivirus nilense,West Nile fever,PCR/Sequencing,VIRION,1,FALSE,FALSE,TRUE,FALSE,FALSE,FALSE,host_present_in_system,host appears in canonical WHO disease-pathogen-host backbone; role-specific reservoir/amplifier/incidental/dead-end evidence not assessed,low,TRUE,medium_ecology_triage
West Nile fever,Orthoflavivirus nilense,Orthoflavivirus nilense,3048448,Alectoris rufa,9079,aves,galliformes,phasianidae,TRUE,TRUE,prototype,in_gibb_etal=TRUE; in_empres_i=TRUE; deferred_broad_vesiculovirus=FALSE,Orthoflavivirus nilense,West Nile fever,PCR/Sequencing,VIRION,1,FALSE,FALSE,TRUE,FALSE,FALSE,FALSE,host_present_in_system,host appears in canonical WHO disease-pathogen-host backbone; role-specific reservoir/amplifier/incidental/dead-end evidence not assessed,low,TRUE,medium_ecology_triage
West Nile fever,Orthoflavivirus nilense,Orthoflavivirus nilense,11082; 3048448,Bonasa umbellus,9000,aves,galliformes,phasianidae,TRUE,TRUE,prototype,in_gibb_etal=TRUE; in_empres_i=TRUE; deferred_broad_vesiculovirus=FALSE,Orthoflavivirus nilense,West Nile fever,Isolation/Observation; PCR/Sequencing; PCR/Sequencing,VIRION,2,FALSE,FALSE,TRUE,FALSE,FALSE,FALSE,host_present_in_system,host appears in canonical WHO disease-pathogen-host backbone; role-specific reservoir/amplifier/incidental/dead-end evidence not assessed,low,TRUE,medium_ecology_triage
West Nile fever,Orthoflavivirus nilense,Orthoflavivirus nilense,11082,Centrocercus urophasianus,9002,aves,galliformes,phasianidae,TRUE,TRUE,prototype,in_gibb_etal=TRUE; in_empres_i=TRUE; deferred_broad_vesiculovirus=FALSE,Orthoflavivirus nilense,West Nile fever,Isolation/Observation,VIRION,1,FALSE,FALSE,TRUE,FALSE,FALSE,FALSE,host_present_in_system,host appears in canonical WHO disease-pathogen-host backbone; role-specific reservoir/amplifier/incidental/dead-end evidence not assessed,low,TRUE,medium_ecology_triage
West Nile fever,Orthoflavivirus nilense,Orthoflavivirus nilense,11082,Lophophorus impejanus,9040,aves,galliformes,phasianidae,TRUE,TRUE,prototype,in_gibb_etal=TRUE; in_empres_i=TRUE; deferred_broad_vesiculovirus=FALSE,Orthoflavivirus nilense,West Nile fever,PCR/Sequencing,VIRION,1,FALSE,FALSE,TRUE,FALSE,FALSE,FALSE,host_present_in_system,host appears in canonical WHO disease-pathogen-host backbone; role-specific reservoir/amplifier/incidental/dead-end evidence not assessed,low,TRUE,medium_ecology_triage
West Nile fever,Orthoflavivirus nilense,Orthoflavivirus nilense,11082; 3048448,Meleagris gallopavo,9103,aves,galliformes,phasianidae,TRUE,TRUE,prototype,in_gibb_etal=TRUE; in_empres_i=TRUE; deferred_broad_vesiculovirus=FALSE,Orthoflavivirus nilense,West Nile fever,Isolation/Observation; PCR/Sequencing,VIRION,2,FALSE,FALSE,TRUE,FALSE,FALSE,FALSE,host_present_in_system,host appears in canonical WHO disease-pathogen-host backbone; role-specific reservoir/amplifier/incidental/dead-end evidence not assessed,low,TRUE,medium_ecology_triage
West Nile fever,Orthoflavivirus nilense,Orthoflavivirus nilense,11082; 3048448,Phasianus colchicus,9054,aves,galliformes,phasianidae,TRUE,TRUE,prototype,in_gibb_etal=TRUE; in_empres_i=TRUE; deferred_broad_vesiculovirus=FALSE,Orthoflavivirus nilense,West Nile fever,Isolation/Observation; PCR/Sequencing,VIRION,2,FALSE,FALSE,TRUE,FALSE,FALSE,FALSE,host_present_in_system,host appears in canonical WHO disease-pathogen-host backbone; role-specific reservoir/amplifier/incidental/dead-end evidence not assessed,low,TRUE,medium_ecology_triage
West Nile fever,Orthoflavivirus nilense,Orthoflavivirus nilense,11082,Fulica atra,9121,aves,gruiformes,rallidae,TRUE,TRUE,prototype,in_gibb_etal=TRUE; in_empres_i=TRUE; deferred_broad_vesiculovirus=FALSE,Orthoflavivirus nilense,West Nile fever,Antibodies,VIRION,1,FALSE,FALSE,TRUE,FALSE,FALSE,FALSE,host_present_in_system,host appears in canonical WHO disease-pathogen-host backbone; role-specific reservoir/amplifier/incidental/dead-end evidence not assessed,low,TRUE,medium_ecology_triage
West Nile fever,Orthoflavivirus nilense,Orthoflavivirus nilense,3048448,Rallus aquaticus,54496,aves,gruiformes,rallidae,TRUE,TRUE,prototype,in_gibb_etal=TRUE; in_empres_i=TRUE; deferred_broad_vesiculovirus=FALSE,Orthoflavivirus nilense,West Nile fever,PCR/Sequencing,VIRION,1,FALSE,FALSE,TRUE,FALSE,FALSE,FALSE,host_present_in_system,host appears in canonical WHO disease-pathogen-host backbone; role-specific reservoir/amplifier/incidental/dead-end evidence not assessed,low,TRUE,medium_ecology_triage
West Nile fever,Orthoflavivirus nilense,Orthoflavivirus nilense,3048448,Acrocephalus dumetorum,68474,aves,passeriformes,acrocephalidae,TRUE,TRUE,prototype,in_gibb_etal=TRUE; in_empres_i=TRUE; deferred_broad_vesiculovirus=FALSE,Orthoflavivirus nilense,West Nile fever,PCR/Sequencing,VIRION,1,FALSE,FALSE,TRUE,FALSE,FALSE,FALSE,host_present_in_system,host appears in canonical WHO disease-pathogen-host backbone; role-specific reservoir/amplifier/incidental/dead-end evidence not assessed,low,TRUE,medium_ecology_triage
West Nile fever,Orthoflavivirus nilense,Orthoflavivirus nilense,3048448,Aegithalos caudatus,73327,aves,passeriformes,aegithalidae,TRUE,TRUE,prototype,in_gibb_etal=TRUE; in_empres_i=TRUE; deferred_broad_vesiculovirus=FALSE,Orthoflavivirus nilense,West Nile fever,PCR/Sequencing,VIRION,1,FALSE,FALSE,TRUE,FALSE,FALSE,FALSE,host_present_in_system,host appears in canonical WHO disease-pathogen-host backbone; role-specific reservoir/amplifier/incidental/dead-end evidence not assessed,low,TRUE,medium_ecology_triage
West Nile fever,Orthoflavivirus nilense,Orthoflavivirus nilense,11082; 3048448,Agelaius phoeniceus,39638,aves,passeriformes,icteridae,TRUE,TRUE,prototype,in_gibb_etal=TRUE; in_empres_i=TRUE; deferred_broad_vesiculovirus=FALSE,Orthoflavivirus nilense,West Nile fever,Isolation/Observation; PCR/Sequencing; PCR/Sequencing,VIRION,2,FALSE,FALSE,TRUE,FALSE,FALSE,FALSE,host_present_in_system,host appears in canonical WHO disease-pathogen-host backbone; role-specific reservoir/amplifier/incidental/dead-end evidence not assessed,low,TRUE,medium_ecology_triage
West Nile fever,Orthoflavivirus nilense,Orthoflavivirus nilense,3048448,Aphelocoma californica,142466,aves,passeriformes,corvidae,TRUE,TRUE,prototype,in_gibb_etal=TRUE; in_empres_i=TRUE; deferred_broad_vesiculovirus=FALSE,Orthoflavivirus nilense,West Nile fever,PCR/Sequencing,VIRION,1,FALSE,FALSE,TRUE,FALSE,FALSE,FALSE,host_present_in_system,host appears in canonical WHO disease-pathogen-host backbone; role-specific reservoir/amplifier/incidental/dead-end evidence not assessed,low,TRUE,medium_ecology_triage
West Nile fever,Orthoflavivirus nilense,Orthoflavivirus nilense,3048448,Baeolophus bicolor,88114,aves,passeriformes,paridae,TRUE,TRUE,prototype,in_gibb_etal=TRUE; in_empres_i=TRUE; deferred_broad_vesiculovirus=FALSE,Orthoflavivirus nilense,West Nile fever,PCR/Sequencing,VIRION,1,FALSE,FALSE,TRUE,FALSE,FALSE,FALSE,host_present_in_system,host appears in canonical WHO disease-pathogen-host backbone; role-specific reservoir/amplifier/incidental/dead-end evidence not assessed,low,TRUE,medium_ecology_triage
West Nile fever,Orthoflavivirus nilense,Orthoflavivirus nilense,3048448,Baeolophus inornatus,142467,aves,passeriformes,paridae,TRUE,TRUE,prototype,in_gibb_etal=TRUE; in_empres_i=TRUE; deferred_broad_vesiculovirus=FALSE,Orthoflavivirus nilense,West Nile fever,PCR/Sequencing,VIRION,1,FALSE,FALSE,TRUE,FALSE,FALSE,FALSE,host_present_in_system,host appears in canonical WHO disease-pathogen-host backbone; role-specific reservoir/amplifier/incidental/dead-end evidence not assessed,low,TRUE,medium_ecology_triage
West Nile fever,Orthoflavivirus nilense,Orthoflavivirus nilense,3048448,Bombycilla garrulus,125297,aves,passeriformes,bombycillidae,TRUE,TRUE,prototype,in_gibb_etal=TRUE; in_empres_i=TRUE; deferred_broad_vesiculovirus=FALSE,Orthoflavivirus nilense,West Nile fever,PCR/Sequencing,VIRION,1,FALSE,FALSE,TRUE,FALSE,FALSE,FALSE,host_present_in_system,host appears in canonical WHO disease-pathogen-host backbone; role-specific reservoir/amplifier/incidental/dead-end evidence not assessed,low,TRUE,medium_ecology_triage
West Nile fever,Orthoflavivirus nilense,Orthoflavivirus nilense,11082; 3048448,Cardinalis cardinalis,98964,aves,passeriformes,cardinalidae,TRUE,TRUE,prototype,in_gibb_etal=TRUE; in_empres_i=TRUE; deferred_broad_vesiculovirus=FALSE,Orthoflavivirus nilense,West Nile fever,Isolation/Observation; PCR/Sequencing,VIRION,2,FALSE,FALSE,TRUE,FALSE,FALSE,FALSE,host_present_in_system,host appears in canonical WHO disease-pathogen-host backbone; role-specific reservoir/amplifier/incidental/dead-end evidence not assessed,low,TRUE,medium_ecology_triage
West Nile fever,Orthoflavivirus nilense,Orthoflavivirus nilense,11082; 3048448,Corvus brachyrhynchos,85066,aves,passeriformes,corvidae,TRUE,TRUE,prototype,in_gibb_etal=TRUE; in_empres_i=TRUE; deferred_broad_vesiculovirus=FALSE,Orthoflavivirus nilense,West Nile fever,Isolation/Observation; PCR/Sequencing; PCR/Sequencing,VIRION,2,FALSE,FALSE,TRUE,FALSE,FALSE,FALSE,host_present_in_system,host appears in canonical WHO disease-pathogen-host backbone; role-specific reservoir/amplifier/incidental/dead-end evidence not assessed,low,TRUE,medium_ecology_triage
West Nile fever,Orthoflavivirus nilense,Orthoflavivirus nilense,11082; 3048448,Corvus corax,56781,aves,passeriformes,corvidae,TRUE,TRUE,prototype,in_gibb_etal=TRUE; in_empres_i=TRUE; deferred_broad_vesiculovirus=FALSE,Orthoflavivirus nilense,West Nile fever,PCR/Sequencing,VIRION,2,FALSE,FALSE,TRUE,FALSE,FALSE,FALSE,host_present_in_system,host appears in canonical WHO disease-pathogen-host backbone; role-specific reservoir/amplifier/incidental/dead-end evidence not assessed,low,TRUE,medium_ecology_triage
West Nile fever,Orthoflavivirus nilense,Orthoflavivirus nilense,11082; 3048448,Corvus corone,30422,aves,passeriformes,corvidae,TRUE,TRUE,prototype,in_gibb_etal=TRUE; in_empres_i=TRUE; deferred_broad_vesiculovirus=FALSE,Orthoflavivirus nilense,West Nile fever,Isolation/Observation; PCR/Sequencing; PCR/Sequencing,VIRION,2,FALSE,FALSE,TRUE,FALSE,FALSE,FALSE,host_present_in_system,host appears in canonical WHO disease-pathogen-host backbone; role-specific reservoir/amplifier/incidental/dead-end evidence not assessed,low,TRUE,medium_ecology_triage
West Nile fever,Orthoflavivirus nilense,Orthoflavivirus nilense,11082; 3048448,Corvus frugilegus,75140,aves,passeriformes,corvidae,TRUE,TRUE,prototype,in_gibb_etal=TRUE; in_empres_i=TRUE; deferred_broad_vesiculovirus=FALSE,Orthoflavivirus nilense,West Nile fever,Isolation/Observation; PCR/Sequencing; PCR/Sequencing,VIRION,2,FALSE,FALSE,TRUE,FALSE,FALSE,FALSE,host_present_in_system,host appears in canonical WHO disease-pathogen-host backbone; role-specific reservoir/amplifier/incidental/dead-end evidence not assessed,low,TRUE,medium_ecology_triage
West Nile fever,Orthoflavivirus nilense,Orthoflavivirus nilense,11082; 3048448,Corvus ossifragus,349685,aves,passeriformes,corvidae,TRUE,TRUE,prototype,in_gibb_etal=TRUE; in_empres_i=TRUE; deferred_broad_vesiculovirus=FALSE,Orthoflavivirus nilense,West Nile fever,Isolation/Observation; PCR/Sequencing,VIRION,2,FALSE,FALSE,TRUE,FALSE,FALSE,FALSE,host_present_in_system,host appears in canonical WHO disease-pathogen-host backbone; role-specific reservoir/amplifier/incidental/dead-end evidence not assessed,low,TRUE,medium_ecology_triage
West Nile fever,Orthoflavivirus nilense,Orthoflavivirus nilense,3048448,Curruca conspicillata,216227,aves,passeriformes,sylviidae,TRUE,TRUE,prototype,in_gibb_etal=TRUE; in_empres_i=TRUE; deferred_broad_vesiculovirus=FALSE,Orthoflavivirus nilense,West Nile fever,PCR/Sequencing,VIRION,1,FALSE,FALSE,TRUE,FALSE,FALSE,FALSE,host_present_in_system,host appears in canonical WHO disease-pathogen-host backbone; role-specific reservoir/amplifier/incidental/dead-end evidence not assessed,low,TRUE,medium_ecology_triage
West Nile fever,Orthoflavivirus nilense,Orthoflavivirus nilense,3048448,Cyanistes caeruleus,156563,aves,passeriformes,paridae,TRUE,TRUE,prototype,in_gibb_etal=TRUE; in_empres_i=TRUE; deferred_broad_vesiculovirus=FALSE,Orthoflavivirus nilense,West Nile fever,PCR/Sequencing,VIRION,1,FALSE,FALSE,TRUE,FALSE,FALSE,FALSE,host_present_in_system,host appears in canonical WHO disease-pathogen-host backbone; role-specific reservoir/amplifier/incidental/dead-end evidence not assessed,low,TRUE,medium_ecology_triage
West Nile fever,Orthoflavivirus nilense,Orthoflavivirus nilense,11082; 3048448,Cyanocitta cristata,28727,aves,passeriformes,corvidae,TRUE,TRUE,prototype,in_gibb_etal=TRUE; in_empres_i=TRUE; deferred_broad_vesiculovirus=FALSE,Orthoflavivirus nilense,West Nile fever,Isolation/Observation; PCR/Sequencing; PCR/Sequencing,VIRION,2,FALSE,FALSE,TRUE,FALSE,FALSE,FALSE,host_present_in_system,host appears in canonical WHO disease-pathogen-host backbone; role-specific reservoir/amplifier/incidental/dead-end evidence not assessed,low,TRUE,medium_ecology_triage
West Nile fever,Orthoflavivirus nilense,Orthoflavivirus nilense,11082; 3048448,Euphagus cyanocephalus,84817,aves,passeriformes,icteridae,TRUE,TRUE,prototype,in_gibb_etal=TRUE; in_empres_i=TRUE; deferred_broad_vesiculovirus=FALSE,Orthoflavivirus nilense,West Nile fever,Isolation/Observation; PCR/Sequencing,VIRION,2,FALSE,FALSE,TRUE,FALSE,FALSE,FALSE,host_present_in_system,host appears in canonical WHO disease-pathogen-host backbone; role-specific reservoir/amplifier/incidental/dead-end evidence not assessed,low,TRUE,medium_ecology_triage
West Nile fever,Orthoflavivirus nilense,Orthoflavivirus nilense,11082; 3048448,Garrulus glandarius,56783,aves,passeriformes,corvidae,TRUE,TRUE,prototype,in_gibb_etal=TRUE; in_empres_i=TRUE; deferred_broad_vesiculovirus=FALSE,Orthoflavivirus nilense,West Nile fever,Isolation/Observation; PCR/Sequencing; PCR/Sequencing,VIRION,2,FALSE,FALSE,TRUE,FALSE,FALSE,FALSE,host_present_in_system,host appears in canonical WHO disease-pathogen-host backbone; role-specific reservoir/amplifier/incidental/dead-end evidence not assessed,low,TRUE,medium_ecology_triage
West Nile fever,Orthoflavivirus nilense,Orthoflavivirus nilense,11082; 3048448,Haemorhous mexicanus,30427,aves,passeriformes,fringillidae,TRUE,TRUE,prototype,in_gibb_etal=TRUE; in_empres_i=TRUE; deferred_broad_vesiculovirus=FALSE,Orthoflavivirus nilense,West Nile fever,Isolation/Observation; Not specified; PCR/Sequencing; PCR/Sequencing,VIRION,2,FALSE,FALSE,TRUE,FALSE,FALSE,FALSE,host_present_in_system,host appears in canonical WHO disease-pathogen-host backbone; role-specific reservoir/amplifier/incidental/dead-end evidence not assessed,low,TRUE,medium_ecology_triage
West Nile fever,Orthoflavivirus nilense,Orthoflavivirus nilense,3048448,Hirundo rustica,43150,aves,passeriformes,hirundinidae,TRUE,TRUE,prototype,in_gibb_etal=TRUE; in_empres_i=TRUE; deferred_broad_vesiculovirus=FALSE,Orthoflavivirus nilense,West Nile fever,PCR/Sequencing,VIRION,1,FALSE,FALSE,TRUE,FALSE,FALSE,FALSE,host_present_in_system,host appears in canonical WHO disease-pathogen-host backbone; role-specific reservoir/amplifier/incidental/dead-end evidence not assessed,low,TRUE,medium_ecology_triage
West Nile fever,Orthoflavivirus nilense,Orthoflavivirus nilense,11082; 3048448,Hylocichla mustelina,172420,aves,passeriformes,turdidae,TRUE,TRUE,prototype,in_gibb_etal=TRUE; in_empres_i=TRUE; deferred_broad_vesiculovirus=FALSE,Orthoflavivirus nilense,West Nile fever,Isolation/Observation; PCR/Sequencing,VIRION,2,FALSE,FALSE,TRUE,FALSE,FALSE,FALSE,host_present_in_system,host appears in canonical WHO disease-pathogen-host backbone; role-specific reservoir/amplifier/incidental/dead-end evidence not assessed,low,TRUE,medium_ecology_triage
West Nile fever,Orthoflavivirus nilense,Orthoflavivirus nilense,11082; 3048448,Lanius ludovicianus,28713,aves,passeriformes,laniidae,TRUE,TRUE,prototype,in_gibb_etal=TRUE; in_empres_i=TRUE; deferred_broad_vesiculovirus=FALSE,Orthoflavivirus nilense,West Nile fever,Isolation/Observation; PCR/Sequencing,VIRION,2,FALSE,FALSE,TRUE,FALSE,FALSE,FALSE,host_present_in_system,host appears in canonical WHO disease-pathogen-host backbone; role-specific reservoir/amplifier/incidental/dead-end evidence not assessed,low,TRUE,medium_ecology_triage
West Nile fever,Orthoflavivirus nilense,Orthoflavivirus nilense,3048448,Locustella naevia,260105,aves,passeriformes,locustellidae,TRUE,TRUE,prototype,in_gibb_etal=TRUE; in_empres_i=TRUE; deferred_broad_vesiculovirus=FALSE,Orthoflavivirus nilense,West Nile fever,PCR/Sequencing,VIRION,1,FALSE,FALSE,TRUE,FALSE,FALSE,FALSE,host_present_in_system,host appears in canonical WHO disease-pathogen-host backbone; role-specific reservoir/amplifier/incidental/dead-end evidence not assessed,low,TRUE,medium_ecology_triage
West Nile fever,Orthoflavivirus nilense,Orthoflavivirus nilense,11082; 3048448,Mimus polyglottos,60713,aves,passeriformes,mimidae,TRUE,TRUE,prototype,in_gibb_etal=TRUE; in_empres_i=TRUE; deferred_broad_vesiculovirus=FALSE,Orthoflavivirus nilense,West Nile fever,Isolation/Observation; PCR/Sequencing; PCR/Sequencing,VIRION,2,FALSE,FALSE,TRUE,FALSE,FALSE,FALSE,host_present_in_system,host appears in canonical WHO disease-pathogen-host backbone; role-specific reservoir/amplifier/incidental/dead-end evidence not assessed,low,TRUE,medium_ecology_triage
West Nile fever,Orthoflavivirus nilense,Orthoflavivirus nilense,11082; 3048448,Molothrus ater,84834,aves,passeriformes,icteridae,TRUE,TRUE,prototype,in_gibb_etal=TRUE; in_empres_i=TRUE; deferred_broad_vesiculovirus=FALSE,Orthoflavivirus nilense,West Nile fever,Isolation/Observation; PCR/Sequencing; PCR/Sequencing,VIRION,2,FALSE,FALSE,TRUE,FALSE,FALSE,FALSE,host_present_in_system,host appears in canonical WHO disease-pathogen-host backbone; role-specific reservoir/amplifier/incidental/dead-end evidence not assessed,low,TRUE,medium_ecology_triage
West Nile fever,Orthoflavivirus nilense,Orthoflavivirus nilense,3048448,Oriolus flavocinctus,449354,aves,passeriformes,oriolidae,TRUE,TRUE,prototype,in_gibb_etal=TRUE; in_empres_i=TRUE; deferred_broad_vesiculovirus=FALSE,Orthoflavivirus nilense,West Nile fever,PCR/Sequencing,VIRION,1,FALSE,FALSE,TRUE,FALSE,FALSE,FALSE,host_present_in_system,host appears in canonical WHO disease-pathogen-host backbone; role-specific reservoir/amplifier/incidental/dead-end evidence not assessed,low,TRUE,medium_ecology_triage
West Nile fever,Orthoflavivirus nilense,Orthoflavivirus nilense,3048448,Parus major,9157,aves,passeriformes,paridae,TRUE,TRUE,prototype,in_gibb_etal=TRUE; in_empres_i=TRUE; deferred_broad_vesiculovirus=FALSE,Orthoflavivirus nilense,West Nile fever,PCR/Sequencing,VIRION,1,FALSE,FALSE,TRUE,FALSE,FALSE,FALSE,host_present_in_system,host appears in canonical WHO disease-pathogen-host backbone; role-specific reservoir/amplifier/incidental/dead-end evidence not assessed,low,TRUE,medium_ecology_triage
West Nile fever,Orthoflavivirus nilense,Orthoflavivirus nilense,11082; 3048448,Passer domesticus,48849,aves,passeriformes,passeridae,TRUE,TRUE,prototype,in_gibb_etal=TRUE; in_empres_i=TRUE; deferred_broad_vesiculovirus=FALSE,Orthoflavivirus nilense,West Nile fever,Isolation/Observation; PCR/Sequencing; PCR/Sequencing,VIRION,2,FALSE,FALSE,TRUE,FALSE,FALSE,FALSE,host_present_in_system,host appears in canonical WHO disease-pathogen-host backbone; role-specific reservoir/amplifier/incidental/dead-end evidence not assessed,low,TRUE,medium_ecology_triage
West Nile fever,Orthoflavivirus nilense,Orthoflavivirus nilense,3048448,Pheucticus melanocephalus,371919,aves,passeriformes,cardinalidae,TRUE,TRUE,prototype,in_gibb_etal=TRUE; in_empres_i=TRUE; deferred_broad_vesiculovirus=FALSE,Orthoflavivirus nilense,West Nile fever,PCR/Sequencing,VIRION,1,FALSE,FALSE,TRUE,FALSE,FALSE,FALSE,host_present_in_system,host appears in canonical WHO disease-pathogen-host backbone; role-specific reservoir/amplifier/incidental/dead-end evidence not assessed,low,TRUE,medium_ecology_triage
West Nile fever,Orthoflavivirus nilense,Orthoflavivirus nilense,3048448,Phylloscopus collybita,48150,aves,passeriformes,phylloscopidae,TRUE,TRUE,prototype,in_gibb_etal=TRUE; in_empres_i=TRUE; deferred_broad_vesiculovirus=FALSE,Orthoflavivirus nilense,West Nile fever,PCR/Sequencing,VIRION,1,FALSE,FALSE,TRUE,FALSE,FALSE,FALSE,host_present_in_system,host appears in canonical WHO disease-pathogen-host backbone; role-specific reservoir/amplifier/incidental/dead-end evidence not assessed,low,TRUE,medium_ecology_triage
West Nile fever,Orthoflavivirus nilense,Orthoflavivirus nilense,3048448,Pica hudsonia,158052,aves,passeriformes,corvidae,TRUE,TRUE,prototype,in_gibb_etal=TRUE; in_empres_i=TRUE; deferred_broad_vesiculovirus=FALSE,Orthoflavivirus nilense,West Nile fever,PCR/Sequencing,VIRION,1,FALSE,FALSE,TRUE,FALSE,FALSE,FALSE,host_present_in_system,host appears in canonical WHO disease-pathogen-host backbone; role-specific reservoir/amplifier/incidental/dead-end evidence not assessed,low,TRUE,medium_ecology_triage
West Nile fever,Orthoflavivirus nilense,Orthoflavivirus nilense,11082; 3048448,Pica pica,34924,aves,passeriformes,corvidae,TRUE,TRUE,prototype,in_gibb_etal=TRUE; in_empres_i=TRUE; deferred_broad_vesiculovirus=FALSE,Orthoflavivirus nilense,West Nile fever,Isolation/Observation; PCR/Sequencing; PCR/Sequencing,VIRION,2,FALSE,FALSE,TRUE,FALSE,FALSE,FALSE,host_present_in_system,host appears in canonical WHO disease-pathogen-host backbone; role-specific reservoir/amplifier/incidental/dead-end evidence not assessed,low,TRUE,medium_ecology_triage
West Nile fever,Orthoflavivirus nilense,Orthoflavivirus nilense,11082; 3048448,Poecile atricapillus,48891,aves,passeriformes,paridae,TRUE,TRUE,prototype,in_gibb_etal=TRUE; in_empres_i=TRUE; deferred_broad_vesiculovirus=FALSE,Orthoflavivirus nilense,West Nile fever,Isolation/Observation; PCR/Sequencing; PCR/Sequencing,VIRION,2,FALSE,FALSE,TRUE,FALSE,FALSE,FALSE,host_present_in_system,host appears in canonical WHO disease-pathogen-host backbone; role-specific reservoir/amplifier/incidental/dead-end evidence not assessed,low,TRUE,medium_ecology_triage
West Nile fever,Orthoflavivirus nilense,Orthoflavivirus nilense,11082; 3048448,Poecile carolinensis,48892,aves,passeriformes,paridae,TRUE,TRUE,prototype,in_gibb_etal=TRUE; in_empres_i=TRUE; deferred_broad_vesiculovirus=FALSE,Orthoflavivirus nilense,West Nile fever,Isolation/Observation; PCR/Sequencing,VIRION,2,FALSE,FALSE,TRUE,FALSE,FALSE,FALSE,host_present_in_system,host appears in canonical WHO disease-pathogen-host backbone; role-specific reservoir/amplifier/incidental/dead-end evidence not assessed,low,TRUE,medium_ecology_triage
West Nile fever,Orthoflavivirus nilense,Orthoflavivirus nilense,3048448,Prunella modularis,181117,aves,passeriformes,prunellidae,TRUE,TRUE,prototype,in_gibb_etal=TRUE; in_empres_i=TRUE; deferred_broad_vesiculovirus=FALSE,Orthoflavivirus nilense,West Nile fever,PCR/Sequencing,VIRION,1,FALSE,FALSE,TRUE,FALSE,FALSE,FALSE,host_present_in_system,host appears in canonical WHO disease-pathogen-host backbone; role-specific reservoir/amplifier/incidental/dead-end evidence not assessed,low,TRUE,medium_ecology_triage
West Nile fever,Orthoflavivirus nilense,Orthoflavivirus nilense,3048448,Pyrrhocorax graculus,56789,aves,passeriformes,corvidae,TRUE,TRUE,prototype,in_gibb_etal=TRUE; in_empres_i=TRUE; deferred_broad_vesiculovirus=FALSE,Orthoflavivirus nilense,West Nile fever,PCR/Sequencing,VIRION,1,FALSE,FALSE,TRUE,FALSE,FALSE,FALSE,host_present_in_system,host appears in canonical WHO disease-pathogen-host backbone; role-specific reservoir/amplifier/incidental/dead-end evidence not assessed,low,TRUE,medium_ecology_triage
West Nile fever,Orthoflavivirus nilense,Orthoflavivirus nilense,3048448,Quelea quelea,187445,aves,passeriformes,ploceidae,TRUE,TRUE,prototype,in_gibb_etal=TRUE; in_empres_i=TRUE; deferred_broad_vesiculovirus=FALSE,Orthoflavivirus nilense,West Nile fever,PCR/Sequencing,VIRION,1,FALSE,FALSE,TRUE,FALSE,FALSE,FALSE,host_present_in_system,host appears in canonical WHO disease-pathogen-host backbone; role-specific reservoir/amplifier/incidental/dead-end evidence not assessed,low,TRUE,medium_ecology_triage
West Nile fever,Orthoflavivirus nilense,Orthoflavivirus nilense,11082; 3048448,Quiscalus major,84780,aves,passeriformes,icteridae,TRUE,TRUE,prototype,in_gibb_etal=TRUE; in_empres_i=TRUE; deferred_broad_vesiculovirus=FALSE,Orthoflavivirus nilense,West Nile fever,Isolation/Observation; PCR/Sequencing,VIRION,2,FALSE,FALSE,TRUE,FALSE,FALSE,FALSE,host_present_in_system,host appears in canonical WHO disease-pathogen-host backbone; role-specific reservoir/amplifier/incidental/dead-end evidence not assessed,low,TRUE,medium_ecology_triage
West Nile fever,Orthoflavivirus nilense,Orthoflavivirus nilense,11082; 3048448,Quiscalus quiscula,84782,aves,passeriformes,icteridae,TRUE,TRUE,prototype,in_gibb_etal=TRUE; in_empres_i=TRUE; deferred_broad_vesiculovirus=FALSE,Orthoflavivirus nilense,West Nile fever,Isolation/Observation; PCR/Sequencing; PCR/Sequencing,VIRION,2,FALSE,FALSE,TRUE,FALSE,FALSE,FALSE,host_present_in_system,host appears in canonical WHO disease-pathogen-host backbone; role-specific reservoir/amplifier/incidental/dead-end evidence not assessed,low,TRUE,medium_ecology_triage
West Nile fever,Orthoflavivirus nilense,Orthoflavivirus nilense,3048448,Serinus canaria,9135,aves,passeriformes,fringillidae,TRUE,TRUE,prototype,in_gibb_etal=TRUE; in_empres_i=TRUE; deferred_broad_vesiculovirus=FALSE,Orthoflavivirus nilense,West Nile fever,PCR/Sequencing,VIRION,1,FALSE,FALSE,TRUE,FALSE,FALSE,FALSE,host_present_in_system,host appears in canonical WHO disease-pathogen-host backbone; role-specific reservoir/amplifier/incidental/dead-end evidence not assessed,low,TRUE,medium_ecology_triage
West Nile fever,Orthoflavivirus nilense,Orthoflavivirus nilense,3048448,Spinus tristis,54773,aves,passeriformes,fringillidae,TRUE,TRUE,prototype,in_gibb_etal=TRUE; in_empres_i=TRUE; deferred_broad_vesiculovirus=FALSE,Orthoflavivirus nilense,West Nile fever,PCR/Sequencing,VIRION,1,FALSE,FALSE,TRUE,FALSE,FALSE,FALSE,host_present_in_system,host appears in canonical WHO disease-pathogen-host backbone; role-specific reservoir/amplifier/incidental/dead-end evidence not assessed,low,TRUE,medium_ecology_triage
West Nile fever,Orthoflavivirus nilense,Orthoflavivirus nilense,11082; 3048448,Sturnus vulgaris,9172,aves,passeriformes,sturnidae,TRUE,TRUE,prototype,in_gibb_etal=TRUE; in_empres_i=TRUE; deferred_broad_vesiculovirus=FALSE,Orthoflavivirus nilense,West Nile fever,Antibodies; PCR/Sequencing,VIRION,2,FALSE,FALSE,TRUE,FALSE,FALSE,FALSE,host_present_in_system,host appears in canonical WHO disease-pathogen-host backbone; role-specific reservoir/amplifier/incidental/dead-end evidence not assessed,low,TRUE,medium_ecology_triage
West Nile fever,Orthoflavivirus nilense,Orthoflavivirus nilense,3048448,Sylvia atricapilla,48155,aves,passeriformes,sylviidae,TRUE,TRUE,prototype,in_gibb_etal=TRUE; in_empres_i=TRUE; deferred_broad_vesiculovirus=FALSE,Orthoflavivirus nilense,West Nile fever,PCR/Sequencing,VIRION,1,FALSE,FALSE,TRUE,FALSE,FALSE,FALSE,host_present_in_system,host appears in canonical WHO disease-pathogen-host backbone; role-specific reservoir/amplifier/incidental/dead-end evidence not assessed,low,TRUE,medium_ecology_triage
West Nile fever,Orthoflavivirus nilense,Orthoflavivirus nilense,11082; 3048448,Toxostoma rufum,58210,aves,passeriformes,mimidae,TRUE,TRUE,prototype,in_gibb_etal=TRUE; in_empres_i=TRUE; deferred_broad_vesiculovirus=FALSE,Orthoflavivirus nilense,West Nile fever,Isolation/Observation; PCR/Sequencing,VIRION,2,FALSE,FALSE,TRUE,FALSE,FALSE,FALSE,host_present_in_system,host appears in canonical WHO disease-pathogen-host backbone; role-specific reservoir/amplifier/incidental/dead-end evidence not assessed,low,TRUE,medium_ecology_triage
West Nile fever,Orthoflavivirus nilense,Orthoflavivirus nilense,11082; 3048448,Turdus merula,9187,aves,passeriformes,turdidae,TRUE,TRUE,prototype,in_gibb_etal=TRUE; in_empres_i=TRUE; deferred_broad_vesiculovirus=FALSE,Orthoflavivirus nilense,West Nile fever,Isolation/Observation; PCR/Sequencing; PCR/Sequencing,VIRION,2,FALSE,FALSE,TRUE,FALSE,FALSE,FALSE,host_present_in_system,host appears in canonical WHO disease-pathogen-host backbone; role-specific reservoir/amplifier/incidental/dead-end evidence not assessed,low,TRUE,medium_ecology_triage
West Nile fever,Orthoflavivirus nilense,Orthoflavivirus nilense,11082; 3048448,Turdus migratorius,9188,aves,passeriformes,turdidae,TRUE,TRUE,prototype,in_gibb_etal=TRUE; in_empres_i=TRUE; deferred_broad_vesiculovirus=FALSE,Orthoflavivirus nilense,West Nile fever,Isolation/Observation; Not specified; PCR/Sequencing; PCR/Sequencing,VIRION,2,FALSE,FALSE,TRUE,FALSE,FALSE,FALSE,host_present_in_system,host appears in canonical WHO disease-pathogen-host backbone; role-specific reservoir/amplifier/incidental/dead-end evidence not assessed,low,TRUE,medium_ecology_triage
West Nile fever,Orthoflavivirus nilense,Orthoflavivirus nilense,3048448,Turdus philomelos,127946,aves,passeriformes,turdidae,TRUE,TRUE,prototype,in_gibb_etal=TRUE; in_empres_i=TRUE; deferred_broad_vesiculovirus=FALSE,Orthoflavivirus nilense,West Nile fever,PCR/Sequencing,VIRION,1,FALSE,FALSE,TRUE,FALSE,FALSE,FALSE,host_present_in_system,host appears in canonical WHO disease-pathogen-host backbone; role-specific reservoir/amplifier/incidental/dead-end evidence not assessed,low,TRUE,medium_ecology_triage
West Nile fever,Orthoflavivirus nilense,Orthoflavivirus nilense,3048448,Ardea cinerea,30390,aves,pelecaniformes,ardeidae,TRUE,TRUE,prototype,in_gibb_etal=TRUE; in_empres_i=TRUE; deferred_broad_vesiculovirus=FALSE,Orthoflavivirus nilense,West Nile fever,PCR/Sequencing,VIRION,1,FALSE,FALSE,TRUE,FALSE,FALSE,FALSE,host_present_in_system,host appears in canonical WHO disease-pathogen-host backbone; role-specific reservoir/amplifier/incidental/dead-end evidence not assessed,low,TRUE,medium_ecology_triage
West Nile fever,Orthoflavivirus nilense,Orthoflavivirus nilense,11082; 3048448,Bubulcus ibis,110668,aves,pelecaniformes,ardeidae,TRUE,TRUE,prototype,in_gibb_etal=TRUE; in_empres_i=TRUE; deferred_broad_vesiculovirus=FALSE,Orthoflavivirus nilense,West Nile fever,Antibodies; PCR/Sequencing; PCR/Sequencing,VIRION,2,FALSE,FALSE,TRUE,FALSE,FALSE,FALSE,host_present_in_system,host appears in canonical WHO disease-pathogen-host backbone; role-specific reservoir/amplifier/incidental/dead-end evidence not assessed,low,TRUE,medium_ecology_triage
West Nile fever,Orthoflavivirus nilense,Orthoflavivirus nilense,11082,Egretta caerulea,110682,aves,pelecaniformes,ardeidae,TRUE,TRUE,prototype,in_gibb_etal=TRUE; in_empres_i=TRUE; deferred_broad_vesiculovirus=FALSE,Orthoflavivirus nilense,West Nile fever,Isolation/Observation,VIRION,1,FALSE,FALSE,TRUE,FALSE,FALSE,FALSE,host_present_in_system,host appears in canonical WHO disease-pathogen-host backbone; role-specific reservoir/amplifier/incidental/dead-end evidence not assessed,low,TRUE,medium_ecology_triage
West Nile fever,Orthoflavivirus nilense,Orthoflavivirus nilense,3048448,Egretta garzetta,188379,aves,pelecaniformes,ardeidae,TRUE,TRUE,prototype,in_gibb_etal=TRUE; in_empres_i=TRUE; deferred_broad_vesiculovirus=FALSE,Orthoflavivirus nilense,West Nile fever,PCR/Sequencing,VIRION,1,FALSE,FALSE,TRUE,FALSE,FALSE,FALSE,host_present_in_system,host appears in canonical WHO disease-pathogen-host backbone; role-specific reservoir/amplifier/incidental/dead-end evidence not assessed,low,TRUE,medium_ecology_triage
West Nile fever,Orthoflavivirus nilense,Orthoflavivirus nilense,11082; 3048448,Pelecanus erythrorhynchos,33618,aves,pelecaniformes,pelecanidae,TRUE,TRUE,prototype,in_gibb_etal=TRUE; in_empres_i=TRUE; deferred_broad_vesiculovirus=FALSE,Orthoflavivirus nilense,West Nile fever,Isolation/Observation; PCR/Sequencing,VIRION,2,FALSE,FALSE,TRUE,FALSE,FALSE,FALSE,host_present_in_system,host appears in canonical WHO disease-pathogen-host backbone; role-specific reservoir/amplifier/incidental/dead-end evidence not assessed,low,TRUE,medium_ecology_triage
West Nile fever,Orthoflavivirus nilense,Orthoflavivirus nilense,3048448,Pelecanus occidentalis,37043,aves,pelecaniformes,pelecanidae,TRUE,TRUE,prototype,in_gibb_etal=TRUE; in_empres_i=TRUE; deferred_broad_vesiculovirus=FALSE,Orthoflavivirus nilense,West Nile fever,PCR/Sequencing,VIRION,1,FALSE,FALSE,TRUE,FALSE,FALSE,FALSE,host_present_in_system,host appears in canonical WHO disease-pathogen-host backbone; role-specific reservoir/amplifier/incidental/dead-end evidence not assessed,low,TRUE,medium_ecology_triage
West Nile fever,Orthoflavivirus nilense,Orthoflavivirus nilense,3048448,Phoenicoparrus andinus,704177,aves,phoenicopteriformes,phoenicopteridae,TRUE,TRUE,prototype,in_gibb_etal=TRUE; in_empres_i=TRUE; deferred_broad_vesiculovirus=FALSE,Orthoflavivirus nilense,West Nile fever,PCR/Sequencing,VIRION,1,FALSE,FALSE,TRUE,FALSE,FALSE,FALSE,host_present_in_system,host appears in canonical WHO disease-pathogen-host backbone; role-specific reservoir/amplifier/incidental/dead-end evidence not assessed,low,TRUE,medium_ecology_triage
West Nile fever,Orthoflavivirus nilense,Orthoflavivirus nilense,3048448,Phoenicopterus chilensis,117000,aves,phoenicopteriformes,phoenicopteridae,TRUE,TRUE,prototype,in_gibb_etal=TRUE; in_empres_i=TRUE; deferred_broad_vesiculovirus=FALSE,Orthoflavivirus nilense,West Nile fever,PCR/Sequencing,VIRION,1,FALSE,FALSE,TRUE,FALSE,FALSE,FALSE,host_present_in_system,host appears in canonical WHO disease-pathogen-host backbone; role-specific reservoir/amplifier/incidental/dead-end evidence not assessed,low,TRUE,medium_ecology_triage
West Nile fever,Orthoflavivirus nilense,Orthoflavivirus nilense,3048448,Phoenicopterus roseus,435638,aves,phoenicopteriformes,phoenicopteridae,TRUE,TRUE,prototype,in_gibb_etal=TRUE; in_empres_i=TRUE; deferred_broad_vesiculovirus=FALSE,Orthoflavivirus nilense,West Nile fever,PCR/Sequencing,VIRION,1,FALSE,FALSE,TRUE,FALSE,FALSE,FALSE,host_present_in_system,host appears in canonical WHO disease-pathogen-host backbone; role-specific reservoir/amplifier/incidental/dead-end evidence not assessed,low,TRUE,medium_ecology_triage
West Nile fever,Orthoflavivirus nilense,Orthoflavivirus nilense,11082; 3048448,Phoenicopterus ruber,9217,aves,phoenicopteriformes,phoenicopteridae,TRUE,TRUE,prototype,in_gibb_etal=TRUE; in_empres_i=TRUE; deferred_broad_vesiculovirus=FALSE,Orthoflavivirus nilense,West Nile fever,Isolation/Observation; PCR/Sequencing,VIRION,2,FALSE,FALSE,TRUE,FALSE,FALSE,FALSE,host_present_in_system,host appears in canonical WHO disease-pathogen-host backbone; role-specific reservoir/amplifier/incidental/dead-end evidence not assessed,low,TRUE,medium_ecology_triage
West Nile fever,Orthoflavivirus nilense,Orthoflavivirus nilense,11082; 3048448,Colaptes auratus,51355,aves,piciformes,picidae,TRUE,TRUE,prototype,in_gibb_etal=TRUE; in_empres_i=TRUE; deferred_broad_vesiculovirus=FALSE,Orthoflavivirus nilense,West Nile fever,Isolation/Observation; PCR/Sequencing; PCR/Sequencing,VIRION,2,FALSE,FALSE,TRUE,FALSE,FALSE,FALSE,host_present_in_system,host appears in canonical WHO disease-pathogen-host backbone; role-specific reservoir/amplifier/incidental/dead-end evidence not assessed,low,TRUE,medium_ecology_triage
West Nile fever,Orthoflavivirus nilense,Orthoflavivirus nilense,3048448,Podiceps cristatus,345573,aves,podicipediformes,podicipedidae,TRUE,TRUE,prototype,in_gibb_etal=TRUE; in_empres_i=TRUE; deferred_broad_vesiculovirus=FALSE,Orthoflavivirus nilense,West Nile fever,PCR/Sequencing,VIRION,1,FALSE,FALSE,TRUE,FALSE,FALSE,FALSE,host_present_in_system,host appears in canonical WHO disease-pathogen-host backbone; role-specific reservoir/amplifier/incidental/dead-end evidence not assessed,low,TRUE,medium_ecology_triage
West Nile fever,Orthoflavivirus nilense,Orthoflavivirus nilense,11082,Podiceps nigricollis,85099,aves,podicipediformes,podicipedidae,TRUE,TRUE,prototype,in_gibb_etal=TRUE; in_empres_i=TRUE; deferred_broad_vesiculovirus=FALSE,Orthoflavivirus nilense,West Nile fever,Isolation/Observation,VIRION,1,FALSE,FALSE,TRUE,FALSE,FALSE,FALSE,host_present_in_system,host appears in canonical WHO disease-pathogen-host backbone; role-specific reservoir/amplifier/incidental/dead-end evidence not assessed,low,TRUE,medium_ecology_triage
West Nile fever,Orthoflavivirus nilense,Orthoflavivirus nilense,3048448,Coracopsis vasa,176022,aves,psittaciformes,psittacidae,TRUE,TRUE,prototype,in_gibb_etal=TRUE; in_empres_i=TRUE; deferred_broad_vesiculovirus=FALSE,Orthoflavivirus nilense,West Nile fever,PCR/Sequencing,VIRION,1,FALSE,FALSE,TRUE,FALSE,FALSE,FALSE,host_present_in_system,host appears in canonical WHO disease-pathogen-host backbone; role-specific reservoir/amplifier/incidental/dead-end evidence not assessed,low,TRUE,medium_ecology_triage
West Nile fever,Orthoflavivirus nilense,Orthoflavivirus nilense,3048448,Lathamus discolor,678569,aves,psittaciformes,psittacidae,TRUE,TRUE,prototype,in_gibb_etal=TRUE; in_empres_i=TRUE; deferred_broad_vesiculovirus=FALSE,Orthoflavivirus nilense,West Nile fever,PCR/Sequencing,VIRION,1,FALSE,FALSE,TRUE,FALSE,FALSE,FALSE,host_present_in_system,host appears in canonical WHO disease-pathogen-host backbone; role-specific reservoir/amplifier/incidental/dead-end evidence not assessed,low,TRUE,medium_ecology_triage
West Nile fever,Orthoflavivirus nilense,Orthoflavivirus nilense,3048448,Nestor notabilis,176057,aves,psittaciformes,strigopidae,TRUE,TRUE,prototype,in_gibb_etal=TRUE; in_empres_i=TRUE; deferred_broad_vesiculovirus=FALSE,Orthoflavivirus nilense,West Nile fever,PCR/Sequencing,VIRION,1,FALSE,FALSE,TRUE,FALSE,FALSE,FALSE,host_present_in_system,host appears in canonical WHO disease-pathogen-host backbone; role-specific reservoir/amplifier/incidental/dead-end evidence not assessed,low,TRUE,medium_ecology_triage
West Nile fever,Orthoflavivirus nilense,Orthoflavivirus nilense,3048448,Trichoglossus haematodus,176049,aves,psittaciformes,psittacidae,TRUE,TRUE,prototype,in_gibb_etal=TRUE; in_empres_i=TRUE; deferred_broad_vesiculovirus=FALSE,Orthoflavivirus nilense,West Nile fever,PCR/Sequencing,VIRION,1,FALSE,FALSE,TRUE,FALSE,FALSE,FALSE,host_present_in_system,host appears in canonical WHO disease-pathogen-host backbone; role-specific reservoir/amplifier/incidental/dead-end evidence not assessed,low,TRUE,medium_ecology_triage
West Nile fever,Orthoflavivirus nilense,Orthoflavivirus nilense,3048448,Trichoglossus moluccanus,1549204,aves,psittaciformes,psittacidae,TRUE,TRUE,prototype,in_gibb_etal=TRUE; in_empres_i=TRUE; deferred_broad_vesiculovirus=FALSE,Orthoflavivirus nilense,West Nile fever,PCR/Sequencing,VIRION,1,FALSE,FALSE,TRUE,FALSE,FALSE,FALSE,host_present_in_system,host appears in canonical WHO disease-pathogen-host backbone; role-specific reservoir/amplifier/incidental/dead-end evidence not assessed,low,TRUE,medium_ecology_triage
West Nile fever,Orthoflavivirus nilense,Orthoflavivirus nilense,3048448,Spheniscus humboldti,9240,aves,sphenisciformes,spheniscidae,TRUE,TRUE,prototype,in_gibb_etal=TRUE; in_empres_i=TRUE; deferred_broad_vesiculovirus=FALSE,Orthoflavivirus nilense,West Nile fever,PCR/Sequencing,VIRION,1,FALSE,FALSE,TRUE,FALSE,FALSE,FALSE,host_present_in_system,host appears in canonical WHO disease-pathogen-host backbone; role-specific reservoir/amplifier/incidental/dead-end evidence not assessed,low,TRUE,medium_ecology_triage
West Nile fever,Orthoflavivirus nilense,Orthoflavivirus nilense,11082; 3048448,Asio flammeus,56267,aves,strigiformes,strigidae,TRUE,TRUE,prototype,in_gibb_etal=TRUE; in_empres_i=TRUE; deferred_broad_vesiculovirus=FALSE,Orthoflavivirus nilense,West Nile fever,Isolation/Observation; PCR/Sequencing,VIRION,2,FALSE,FALSE,TRUE,FALSE,FALSE,FALSE,host_present_in_system,host appears in canonical WHO disease-pathogen-host backbone; role-specific reservoir/amplifier/incidental/dead-end evidence not assessed,low,TRUE,medium_ecology_triage
West Nile fever,Orthoflavivirus nilense,Orthoflavivirus nilense,3048448,Asio otus,111810,aves,strigiformes,strigidae,TRUE,TRUE,prototype,in_gibb_etal=TRUE; in_empres_i=TRUE; deferred_broad_vesiculovirus=FALSE,Orthoflavivirus nilense,West Nile fever,PCR/Sequencing,VIRION,1,FALSE,FALSE,TRUE,FALSE,FALSE,FALSE,host_present_in_system,host appears in canonical WHO disease-pathogen-host backbone; role-specific reservoir/amplifier/incidental/dead-end evidence not assessed,low,TRUE,medium_ecology_triage
West Nile fever,Orthoflavivirus nilense,Orthoflavivirus nilense,11082; 3048448,Athene noctua,126797,aves,strigiformes,strigidae,TRUE,TRUE,prototype,in_gibb_etal=TRUE; in_empres_i=TRUE; deferred_broad_vesiculovirus=FALSE,Orthoflavivirus nilense,West Nile fever,Isolation/Observation; PCR/Sequencing; PCR/Sequencing,VIRION,2,FALSE,FALSE,TRUE,FALSE,FALSE,FALSE,host_present_in_system,host appears in canonical WHO disease-pathogen-host backbone; role-specific reservoir/amplifier/incidental/dead-end evidence not assessed,low,TRUE,medium_ecology_triage
West Nile fever,Orthoflavivirus nilense,Orthoflavivirus nilense,11082; 3048448,Bubo scandiacus,371907,aves,strigiformes,strigidae,TRUE,TRUE,prototype,in_gibb_etal=TRUE; in_empres_i=TRUE; deferred_broad_vesiculovirus=FALSE,Orthoflavivirus nilense,West Nile fever,PCR/Sequencing,VIRION,2,FALSE,FALSE,TRUE,FALSE,FALSE,FALSE,host_present_in_system,host appears in canonical WHO disease-pathogen-host backbone; role-specific reservoir/amplifier/incidental/dead-end evidence not assessed,low,TRUE,medium_ecology_triage
West Nile fever,Orthoflavivirus nilense,Orthoflavivirus nilense,11082; 3048448,Bubo virginianus,56268,aves,strigiformes,strigidae,TRUE,TRUE,prototype,in_gibb_etal=TRUE; in_empres_i=TRUE; deferred_broad_vesiculovirus=FALSE,Orthoflavivirus nilense,West Nile fever,Isolation/Observation; PCR/Sequencing; PCR/Sequencing,VIRION,2,FALSE,FALSE,TRUE,FALSE,FALSE,FALSE,host_present_in_system,host appears in canonical WHO disease-pathogen-host backbone; role-specific reservoir/amplifier/incidental/dead-end evidence not assessed,low,TRUE,medium_ecology_triage
West Nile fever,Orthoflavivirus nilense,Orthoflavivirus nilense,3048448,Strix aluco,111821,aves,strigiformes,strigidae,TRUE,TRUE,prototype,in_gibb_etal=TRUE; in_empres_i=TRUE; deferred_broad_vesiculovirus=FALSE,Orthoflavivirus nilense,West Nile fever,PCR/Sequencing,VIRION,1,FALSE,FALSE,TRUE,FALSE,FALSE,FALSE,host_present_in_system,host appears in canonical WHO disease-pathogen-host backbone; role-specific reservoir/amplifier/incidental/dead-end evidence not assessed,low,TRUE,medium_ecology_triage
West Nile fever,Orthoflavivirus nilense,Orthoflavivirus nilense,3048448,Strix nebulosa,126836,aves,strigiformes,strigidae,TRUE,TRUE,prototype,in_gibb_etal=TRUE; in_empres_i=TRUE; deferred_broad_vesiculovirus=FALSE,Orthoflavivirus nilense,West Nile fever,PCR/Sequencing,VIRION,1,FALSE,FALSE,TRUE,FALSE,FALSE,FALSE,host_present_in_system,host appears in canonical WHO disease-pathogen-host backbone; role-specific reservoir/amplifier/incidental/dead-end evidence not assessed,low,TRUE,medium_ecology_triage
West Nile fever,Orthoflavivirus nilense,Orthoflavivirus nilense,3048448,Strix nebulosa,507975,aves,strigiformes,strigidae,TRUE,TRUE,prototype,in_gibb_etal=TRUE; in_empres_i=TRUE; deferred_broad_vesiculovirus=FALSE,Orthoflavivirus nilense,West Nile fever,PCR/Sequencing,VIRION,1,FALSE,FALSE,TRUE,FALSE,FALSE,FALSE,host_present_in_system,host appears in canonical WHO disease-pathogen-host backbone; role-specific reservoir/amplifier/incidental/dead-end evidence not assessed,low,TRUE,medium_ecology_triage
West Nile fever,Orthoflavivirus nilense,Orthoflavivirus nilense,11082,Strix varia,57075,aves,strigiformes,strigidae,TRUE,TRUE,prototype,in_gibb_etal=TRUE; in_empres_i=TRUE; deferred_broad_vesiculovirus=FALSE,Orthoflavivirus nilense,West Nile fever,PCR/Sequencing,VIRION,1,FALSE,FALSE,TRUE,FALSE,FALSE,FALSE,host_present_in_system,host appears in canonical WHO disease-pathogen-host backbone; role-specific reservoir/amplifier/incidental/dead-end evidence not assessed,low,TRUE,medium_ecology_triage
West Nile fever,Orthoflavivirus nilense,Orthoflavivirus nilense,3048448,Tyto alba,56313,aves,strigiformes,tytonidae,TRUE,TRUE,prototype,in_gibb_etal=TRUE; in_empres_i=TRUE; deferred_broad_vesiculovirus=FALSE,Orthoflavivirus nilense,West Nile fever,PCR/Sequencing,VIRION,1,FALSE,FALSE,TRUE,FALSE,FALSE,FALSE,host_present_in_system,host appears in canonical WHO disease-pathogen-host backbone; role-specific reservoir/amplifier/incidental/dead-end evidence not assessed,low,TRUE,medium_ecology_triage
West Nile fever,Orthoflavivirus nilense,Orthoflavivirus nilense,11082; 3048448,Phalacrocorax carbo,9209,aves,suliformes,phalacrocoracidae,TRUE,TRUE,prototype,in_gibb_etal=TRUE; in_empres_i=TRUE; deferred_broad_vesiculovirus=FALSE,Orthoflavivirus nilense,West Nile fever,Isolation/Observation; PCR/Sequencing; PCR/Sequencing,VIRION,2,FALSE,FALSE,TRUE,FALSE,FALSE,FALSE,host_present_in_system,host appears in canonical WHO disease-pathogen-host backbone; role-specific reservoir/amplifier/incidental/dead-end evidence not assessed,low,TRUE,medium_ecology_triage
West Nile fever,Orthoflavivirus nilense,Orthoflavivirus nilense,11082,Eidolon helvum,77214,mammalia,chiroptera,pteropodidae,TRUE,TRUE,prototype,in_gibb_etal=TRUE; in_empres_i=TRUE; deferred_broad_vesiculovirus=FALSE,Orthoflavivirus nilense,West Nile fever,Antibodies,VIRION,1,FALSE,FALSE,FALSE,FALSE,TRUE,FALSE,host_present_in_system,host appears in canonical WHO disease-pathogen-host backbone; role-specific reservoir/amplifier/incidental/dead-end evidence not assessed,low,TRUE,medium_ecology_triage
West Nile fever,Orthoflavivirus nilense,Orthoflavivirus nilense,11082,Eptesicus fuscus,29078,mammalia,chiroptera,vespertilionidae,TRUE,TRUE,prototype,in_gibb_etal=TRUE; in_empres_i=TRUE; deferred_broad_vesiculovirus=FALSE,Orthoflavivirus nilense,West Nile fever,Antibodies,VIRION,1,FALSE,FALSE,FALSE,FALSE,TRUE,FALSE,host_present_in_system,host appears in canonical WHO disease-pathogen-host backbone; role-specific reservoir/amplifier/incidental/dead-end evidence not assessed,low,TRUE,medium_ecology_triage
West Nile fever,Orthoflavivirus nilense,Orthoflavivirus nilense,11082,Mops pumilus,242384,mammalia,chiroptera,molossidae,TRUE,TRUE,prototype,in_gibb_etal=TRUE; in_empres_i=TRUE; deferred_broad_vesiculovirus=FALSE,Orthoflavivirus nilense,West Nile fever,Antibodies,VIRION,1,FALSE,FALSE,FALSE,FALSE,TRUE,FALSE,host_present_in_system,host appears in canonical WHO disease-pathogen-host backbone; role-specific reservoir/amplifier/incidental/dead-end evidence not assessed,low,TRUE,medium_ecology_triage
West Nile fever,Orthoflavivirus nilense,Orthoflavivirus nilense,11082,Pipistrellus hesperidus,294653,mammalia,chiroptera,vespertilionidae,TRUE,TRUE,prototype,in_gibb_etal=TRUE; in_empres_i=TRUE; deferred_broad_vesiculovirus=FALSE,Orthoflavivirus nilense,West Nile fever,Antibodies,VIRION,1,FALSE,FALSE,FALSE,FALSE,TRUE,FALSE,host_present_in_system,host appears in canonical WHO disease-pathogen-host backbone; role-specific reservoir/amplifier/incidental/dead-end evidence not assessed,low,TRUE,medium_ecology_triage
West Nile fever,Orthoflavivirus nilense,Orthoflavivirus nilense,11082,Pteropus alecto,9402,mammalia,chiroptera,pteropodidae,TRUE,TRUE,prototype,in_gibb_etal=TRUE; in_empres_i=TRUE; deferred_broad_vesiculovirus=FALSE,Orthoflavivirus nilense,West Nile fever,Antibodies,VIRION,1,FALSE,FALSE,FALSE,FALSE,TRUE,FALSE,host_present_in_system,host appears in canonical WHO disease-pathogen-host backbone; role-specific reservoir/amplifier/incidental/dead-end evidence not assessed,low,TRUE,medium_ecology_triage
West Nile fever,Orthoflavivirus nilense,Orthoflavivirus nilense,11082,Rousettus aegyptiacus,9407,mammalia,chiroptera,pteropodidae,TRUE,TRUE,prototype,in_gibb_etal=TRUE; in_empres_i=TRUE; deferred_broad_vesiculovirus=FALSE,Orthoflavivirus nilense,West Nile fever,Antibodies,VIRION,1,FALSE,FALSE,FALSE,FALSE,TRUE,FALSE,host_present_in_system,host appears in canonical WHO disease-pathogen-host backbone; role-specific reservoir/amplifier/incidental/dead-end evidence not assessed,low,TRUE,medium_ecology_triage
West Nile fever,Orthoflavivirus nilense,Orthoflavivirus nilense,11082; 3048448,Rousettus leschenaultii,9408,mammalia,chiroptera,pteropodidae,TRUE,TRUE,prototype,in_gibb_etal=TRUE; in_empres_i=TRUE; deferred_broad_vesiculovirus=FALSE,Orthoflavivirus nilense,West Nile fever,Isolation/Observation; Not specified; PCR/Sequencing; PCR/Sequencing,VIRION,2,FALSE,FALSE,FALSE,FALSE,TRUE,FALSE,host_present_in_system,host appears in canonical WHO disease-pathogen-host backbone; role-specific reservoir/amplifier/incidental/dead-end evidence not assessed,low,TRUE,medium_ecology_triage
West Nile fever,Orthoflavivirus nilense,Orthoflavivirus nilense,11082,Tadarida brasiliensis,9438,mammalia,chiroptera,molossidae,TRUE,TRUE,prototype,in_gibb_etal=TRUE; in_empres_i=TRUE; deferred_broad_vesiculovirus=FALSE,Orthoflavivirus nilense,West Nile fever,Antibodies,VIRION,1,FALSE,FALSE,FALSE,FALSE,TRUE,FALSE,host_present_in_system,host appears in canonical WHO disease-pathogen-host backbone; role-specific reservoir/amplifier/incidental/dead-end evidence not assessed,low,TRUE,medium_ecology_triage
West Nile fever,Orthoflavivirus nilense,Orthoflavivirus nilense,11082,Cercocebus atys,9531,mammalia,primates,cercopithecidae,TRUE,TRUE,prototype,in_gibb_etal=TRUE; in_empres_i=TRUE; deferred_broad_vesiculovirus=FALSE,Orthoflavivirus nilense,West Nile fever,Antibodies,VIRION,1,FALSE,FALSE,FALSE,FALSE,FALSE,TRUE,host_present_in_system,host appears in canonical WHO disease-pathogen-host backbone; role-specific reservoir/amplifier/incidental/dead-end evidence not assessed,low,TRUE,medium_ecology_triage
West Nile fever,Orthoflavivirus nilense,Orthoflavivirus nilense,11082,Erythrocebus patas,9538,mammalia,primates,cercopithecidae,TRUE,TRUE,prototype,in_gibb_etal=TRUE; in_empres_i=TRUE; deferred_broad_vesiculovirus=FALSE,Orthoflavivirus nilense,West Nile fever,Antibodies,VIRION,1,FALSE,FALSE,FALSE,FALSE,FALSE,TRUE,host_present_in_system,host appears in canonical WHO disease-pathogen-host backbone; role-specific reservoir/amplifier/incidental/dead-end evidence not assessed,low,TRUE,medium_ecology_triage
West Nile fever,Orthoflavivirus nilense,Orthoflavivirus nilense,11082,Macaca fuscata,9542,mammalia,primates,cercopithecidae,TRUE,TRUE,prototype,in_gibb_etal=TRUE; in_empres_i=TRUE; deferred_broad_vesiculovirus=FALSE,Orthoflavivirus nilense,West Nile fever,Antibodies,VIRION,1,FALSE,FALSE,FALSE,FALSE,FALSE,TRUE,host_present_in_system,host appears in canonical WHO disease-pathogen-host backbone; role-specific reservoir/amplifier/incidental/dead-end evidence not assessed,low,TRUE,medium_ecology_triage
West Nile fever,Orthoflavivirus nilense,Orthoflavivirus nilense,11082,Macaca mulatta,9544,mammalia,primates,cercopithecidae,TRUE,TRUE,prototype,in_gibb_etal=TRUE; in_empres_i=TRUE; deferred_broad_vesiculovirus=FALSE,Orthoflavivirus nilense,West Nile fever,Antibodies,VIRION,1,FALSE,FALSE,FALSE,FALSE,FALSE,TRUE,host_present_in_system,host appears in canonical WHO disease-pathogen-host backbone; role-specific reservoir/amplifier/incidental/dead-end evidence not assessed,low,TRUE,medium_ecology_triage
West Nile fever,Orthoflavivirus nilense,Orthoflavivirus nilense,11082,Macaca nemestrina,9545,mammalia,primates,cercopithecidae,TRUE,TRUE,prototype,in_gibb_etal=TRUE; in_empres_i=TRUE; deferred_broad_vesiculovirus=FALSE,Orthoflavivirus nilense,West Nile fever,Antibodies,VIRION,1,FALSE,FALSE,FALSE,FALSE,FALSE,TRUE,host_present_in_system,host appears in canonical WHO disease-pathogen-host backbone; role-specific reservoir/amplifier/incidental/dead-end evidence not assessed,low,TRUE,medium_ecology_triage
West Nile fever,Orthoflavivirus nilense,Orthoflavivirus nilense,11082,Macaca sylvanus,9546,mammalia,primates,cercopithecidae,TRUE,TRUE,prototype,in_gibb_etal=TRUE; in_empres_i=TRUE; deferred_broad_vesiculovirus=FALSE,Orthoflavivirus nilense,West Nile fever,Isolation/Observation,VIRION,1,FALSE,FALSE,FALSE,FALSE,FALSE,TRUE,host_present_in_system,host appears in canonical WHO disease-pathogen-host backbone; role-specific reservoir/amplifier/incidental/dead-end evidence not assessed,low,TRUE,medium_ecology_triage
West Nile fever,Orthoflavivirus nilense,Orthoflavivirus nilense,11082,Pan troglodytes,9598,mammalia,primates,hominidae,TRUE,TRUE,prototype,in_gibb_etal=TRUE; in_empres_i=TRUE; deferred_broad_vesiculovirus=FALSE,Orthoflavivirus nilense,West Nile fever,Antibodies; Not specified,VIRION,1,FALSE,FALSE,FALSE,FALSE,FALSE,TRUE,host_present_in_system,host appears in canonical WHO disease-pathogen-host backbone; role-specific reservoir/amplifier/incidental/dead-end evidence not assessed,low,TRUE,medium_ecology_triage
West Nile fever,Orthoflavivirus nilense,Orthoflavivirus nilense,11082,Apodemus sylvaticus,10129,mammalia,rodentia,muridae,TRUE,TRUE,prototype,in_gibb_etal=TRUE; in_empres_i=TRUE; deferred_broad_vesiculovirus=FALSE,Orthoflavivirus nilense,West Nile fever,Antibodies,VIRION,1,FALSE,FALSE,FALSE,TRUE,FALSE,FALSE,host_present_in_system,host appears in canonical WHO disease-pathogen-host backbone; role-specific reservoir/amplifier/incidental/dead-end evidence not assessed,low,TRUE,medium_ecology_triage
West Nile fever,Orthoflavivirus nilense,Orthoflavivirus nilense,11082,Arvicanthis niloticus,61156,mammalia,rodentia,muridae,TRUE,TRUE,prototype,in_gibb_etal=TRUE; in_empres_i=TRUE; deferred_broad_vesiculovirus=FALSE,Orthoflavivirus nilense,West Nile fever,Isolation/Observation,VIRION,1,FALSE,FALSE,FALSE,TRUE,FALSE,FALSE,host_present_in_system,host appears in canonical WHO disease-pathogen-host backbone; role-specific reservoir/amplifier/incidental/dead-end evidence not assessed,low,TRUE,medium_ecology_triage
West Nile fever,Orthoflavivirus nilense,Orthoflavivirus nilense,11082,Lophuromys sikapusi,83535,mammalia,rodentia,muridae,TRUE,TRUE,prototype,in_gibb_etal=TRUE; in_empres_i=TRUE; deferred_broad_vesiculovirus=FALSE,Orthoflavivirus nilense,West Nile fever,Antibodies,VIRION,1,FALSE,FALSE,FALSE,TRUE,FALSE,FALSE,host_present_in_system,host appears in canonical WHO disease-pathogen-host backbone; role-specific reservoir/amplifier/incidental/dead-end evidence not assessed,low,TRUE,medium_ecology_triage
West Nile fever,Orthoflavivirus nilense,Orthoflavivirus nilense,11082,Marmota monax,9995,mammalia,rodentia,sciuridae,TRUE,TRUE,prototype,in_gibb_etal=TRUE; in_empres_i=TRUE; deferred_broad_vesiculovirus=FALSE,Orthoflavivirus nilense,West Nile fever,Antibodies,VIRION,1,FALSE,FALSE,FALSE,TRUE,FALSE,FALSE,host_present_in_system,host appears in canonical WHO disease-pathogen-host backbone; role-specific reservoir/amplifier/incidental/dead-end evidence not assessed,low,TRUE,medium_ecology_triage
West Nile fever,Orthoflavivirus nilense,Orthoflavivirus nilense,3048448,Mastomys erythroleucus,41268,mammalia,rodentia,muridae,TRUE,TRUE,prototype,in_gibb_etal=TRUE; in_empres_i=TRUE; deferred_broad_vesiculovirus=FALSE,Orthoflavivirus nilense,West Nile fever,PCR/Sequencing,VIRION,1,FALSE,FALSE,FALSE,TRUE,FALSE,FALSE,host_present_in_system,host appears in canonical WHO disease-pathogen-host backbone; role-specific reservoir/amplifier/incidental/dead-end evidence not assessed,low,TRUE,medium_ecology_triage
West Nile fever,Orthoflavivirus nilense,Orthoflavivirus nilense,11082; 3048448,Mesocricetus auratus,10036,mammalia,rodentia,cricetidae,TRUE,TRUE,prototype,in_gibb_etal=TRUE; in_empres_i=TRUE; deferred_broad_vesiculovirus=FALSE,Orthoflavivirus nilense,West Nile fever,Isolation/Observation; Not specified; PCR/Sequencing; PCR/Sequencing,VIRION,2,FALSE,FALSE,FALSE,TRUE,FALSE,FALSE,host_present_in_system,host appears in canonical WHO disease-pathogen-host backbone; role-specific reservoir/amplifier/incidental/dead-end evidence not assessed,low,TRUE,medium_ecology_triage
West Nile fever,Orthoflavivirus nilense,Orthoflavivirus nilense,11082,Microtus arvalis,47230,mammalia,rodentia,cricetidae,TRUE,TRUE,prototype,in_gibb_etal=TRUE; in_empres_i=TRUE; deferred_broad_vesiculovirus=FALSE,Orthoflavivirus nilense,West Nile fever,Antibodies,VIRION,1,FALSE,FALSE,FALSE,TRUE,FALSE,FALSE,host_present_in_system,host appears in canonical WHO disease-pathogen-host backbone; role-specific reservoir/amplifier/incidental/dead-end evidence not assessed,low,TRUE,medium_ecology_triage
West Nile fever,Orthoflavivirus nilense,Orthoflavivirus nilense,11082; 3048448,Mus musculus,10090,mammalia,rodentia,muridae,TRUE,TRUE,prototype,in_gibb_etal=TRUE; in_empres_i=TRUE; deferred_broad_vesiculovirus=FALSE,Orthoflavivirus nilense,West Nile fever,Isolation/Observation; Not specified; PCR/Sequencing; PCR/Sequencing,VIRION,2,FALSE,FALSE,FALSE,TRUE,FALSE,FALSE,host_present_in_system,host appears in canonical WHO disease-pathogen-host backbone; role-specific reservoir/amplifier/incidental/dead-end evidence not assessed,low,TRUE,medium_ecology_triage
West Nile fever,Orthoflavivirus nilense,Orthoflavivirus nilense,11082,Peromyscus leucopus,10041,mammalia,rodentia,cricetidae,TRUE,TRUE,prototype,in_gibb_etal=TRUE; in_empres_i=TRUE; deferred_broad_vesiculovirus=FALSE,Orthoflavivirus nilense,West Nile fever,Antibodies,VIRION,1,FALSE,FALSE,FALSE,TRUE,FALSE,FALSE,host_present_in_system,host appears in canonical WHO disease-pathogen-host backbone; role-specific reservoir/amplifier/incidental/dead-end evidence not assessed,low,TRUE,medium_ecology_triage
West Nile fever,Orthoflavivirus nilense,Orthoflavivirus nilense,11082,Rattus norvegicus,10116,mammalia,rodentia,muridae,TRUE,TRUE,prototype,in_gibb_etal=TRUE; in_empres_i=TRUE; deferred_broad_vesiculovirus=FALSE,Orthoflavivirus nilense,West Nile fever,Antibodies,VIRION,1,FALSE,FALSE,FALSE,TRUE,FALSE,FALSE,host_present_in_system,host appears in canonical WHO disease-pathogen-host backbone; role-specific reservoir/amplifier/incidental/dead-end evidence not assessed,low,TRUE,medium_ecology_triage
West Nile fever,Orthoflavivirus nilense,Orthoflavivirus nilense,11082,Rattus rattus,10117,mammalia,rodentia,muridae,TRUE,TRUE,prototype,in_gibb_etal=TRUE; in_empres_i=TRUE; deferred_broad_vesiculovirus=FALSE,Orthoflavivirus nilense,West Nile fever,Antibodies,VIRION,1,FALSE,FALSE,FALSE,TRUE,FALSE,FALSE,host_present_in_system,host appears in canonical WHO disease-pathogen-host backbone; role-specific reservoir/amplifier/incidental/dead-end evidence not assessed,low,TRUE,medium_ecology_triage
West Nile fever,Orthoflavivirus nilense,Orthoflavivirus nilense,11082; 3048448,Sciurus carolinensis,30640,mammalia,rodentia,sciuridae,TRUE,TRUE,prototype,in_gibb_etal=TRUE; in_empres_i=TRUE; deferred_broad_vesiculovirus=FALSE,Orthoflavivirus nilense,West Nile fever,Antibodies; PCR/Sequencing; PCR/Sequencing,VIRION,2,FALSE,FALSE,FALSE,TRUE,FALSE,FALSE,host_present_in_system,host appears in canonical WHO disease-pathogen-host backbone; role-specific reservoir/amplifier/incidental/dead-end evidence not assessed,low,TRUE,medium_ecology_triage
West Nile fever,Orthoflavivirus nilense,Orthoflavivirus nilense,11082; 3048448,Sciurus niger,34861,mammalia,rodentia,sciuridae,TRUE,TRUE,prototype,in_gibb_etal=TRUE; in_empres_i=TRUE; deferred_broad_vesiculovirus=FALSE,Orthoflavivirus nilense,West Nile fever,Antibodies; PCR/Sequencing; PCR/Sequencing,VIRION,2,FALSE,FALSE,FALSE,TRUE,FALSE,FALSE,host_present_in_system,host appears in canonical WHO disease-pathogen-host backbone; role-specific reservoir/amplifier/incidental/dead-end evidence not assessed,low,TRUE,medium_ecology_triage
West Nile fever,Orthoflavivirus nilense,Orthoflavivirus nilense,11082,Sigmodon hispidus,42415,mammalia,rodentia,cricetidae,TRUE,TRUE,prototype,in_gibb_etal=TRUE; in_empres_i=TRUE; deferred_broad_vesiculovirus=FALSE,Orthoflavivirus nilense,West Nile fever,Antibodies,VIRION,1,FALSE,FALSE,FALSE,TRUE,FALSE,FALSE,host_present_in_system,host appears in canonical WHO disease-pathogen-host backbone; role-specific reservoir/amplifier/incidental/dead-end evidence not assessed,low,TRUE,medium_ecology_triage
West Nile fever,Orthoflavivirus nilense,Orthoflavivirus nilense,11082; 3048448,Homo sapiens,9606,,,,TRUE,TRUE,prototype,in_gibb_etal=TRUE; in_empres_i=TRUE; deferred_broad_vesiculovirus=FALSE,Orthoflavivirus nilense,West Nile fever,Isolation/Observation; Not specified; PCR/Sequencing; PCR/Sequencing,VIRION,2,TRUE,FALSE,,,,,host_present_in_system,host appears in canonical WHO disease-pathogen-host backbone; role-specific reservoir/amplifier/incidental/dead-end evidence not assessed,low,TRUE,medium_human_triage
West Nile fever,Orthoflavivirus nilense,Orthoflavivirus nilense,11082; 3048448,Pelophylax ridibundus,8406,amphibia,anura,ranidae,TRUE,TRUE,prototype,in_gibb_etal=TRUE; in_empres_i=TRUE; deferred_broad_vesiculovirus=FALSE,Orthoflavivirus nilense,West Nile fever,Isolation/Observation; PCR/Sequencing; PCR/Sequencing,VIRION,2,FALSE,FALSE,FALSE,FALSE,FALSE,FALSE,host_present_in_system,host appears in canonical WHO disease-pathogen-host backbone; role-specific reservoir/amplifier/incidental/dead-end evidence not assessed,low,TRUE,standard_review
West Nile fever,Orthoflavivirus nilense,Orthoflavivirus nilense,11082,Capreolus capreolus,9858,mammalia,artiodactyla,cervidae,TRUE,TRUE,prototype,in_gibb_etal=TRUE; in_empres_i=TRUE; deferred_broad_vesiculovirus=FALSE,Orthoflavivirus nilense,West Nile fever,Antibodies,VIRION,1,FALSE,FALSE,FALSE,FALSE,FALSE,FALSE,host_present_in_system,host appears in canonical WHO disease-pathogen-host backbone; role-specific reservoir/amplifier/incidental/dead-end evidence not assessed,low,TRUE,standard_review
West Nile fever,Orthoflavivirus nilense,Orthoflavivirus nilense,11082,Cervus elaphus,9860,mammalia,artiodactyla,cervidae,TRUE,TRUE,prototype,in_gibb_etal=TRUE; in_empres_i=TRUE; deferred_broad_vesiculovirus=FALSE,Orthoflavivirus nilense,West Nile fever,Antibodies,VIRION,1,FALSE,FALSE,FALSE,FALSE,FALSE,FALSE,host_present_in_system,host appears in canonical WHO disease-pathogen-host backbone; role-specific reservoir/amplifier/incidental/dead-end evidence not assessed,low,TRUE,standard_review
West Nile fever,Orthoflavivirus nilense,Orthoflavivirus nilense,11082,Odocoileus virginianus,9874,mammalia,artiodactyla,cervidae,TRUE,TRUE,prototype,in_gibb_etal=TRUE; in_empres_i=TRUE; deferred_broad_vesiculovirus=FALSE,Orthoflavivirus nilense,West Nile fever,Antibodies; PCR/Sequencing,VIRION,1,FALSE,FALSE,FALSE,FALSE,FALSE,FALSE,host_present_in_system,host appears in canonical WHO disease-pathogen-host backbone; role-specific reservoir/amplifier/incidental/dead-end evidence not assessed,low,TRUE,standard_review
West Nile fever,Orthoflavivirus nilense,Orthoflavivirus nilense,11082; 3048448,Orcinus orca,9733,mammalia,artiodactyla,delphinidae,TRUE,TRUE,prototype,in_gibb_etal=TRUE; in_empres_i=TRUE; deferred_broad_vesiculovirus=FALSE,Orthoflavivirus nilense,West Nile fever,PCR/Sequencing,VIRION,2,FALSE,FALSE,FALSE,FALSE,FALSE,FALSE,host_present_in_system,host appears in canonical WHO disease-pathogen-host backbone; role-specific reservoir/amplifier/incidental/dead-end evidence not assessed,low,TRUE,standard_review
West Nile fever,Orthoflavivirus nilense,Orthoflavivirus nilense,3048448,Syncerus caffer,9970,mammalia,artiodactyla,bovidae,TRUE,TRUE,prototype,in_gibb_etal=TRUE; in_empres_i=TRUE; deferred_broad_vesiculovirus=FALSE,Orthoflavivirus nilense,West Nile fever,PCR/Sequencing,VIRION,1,FALSE,FALSE,FALSE,FALSE,FALSE,FALSE,host_present_in_system,host appears in canonical WHO disease-pathogen-host backbone; role-specific reservoir/amplifier/incidental/dead-end evidence not assessed,low,TRUE,standard_review
West Nile fever,Orthoflavivirus nilense,Orthoflavivirus nilense,11082,Ailurus fulgens,9649,mammalia,carnivora,ailuridae,TRUE,TRUE,prototype,in_gibb_etal=TRUE; in_empres_i=TRUE; deferred_broad_vesiculovirus=FALSE,Orthoflavivirus nilense,West Nile fever,Antibodies,VIRION,1,FALSE,FALSE,FALSE,FALSE,FALSE,FALSE,host_present_in_system,host appears in canonical WHO disease-pathogen-host backbone; role-specific reservoir/amplifier/incidental/dead-end evidence not assessed,low,TRUE,standard_review
West Nile fever,Orthoflavivirus nilense,Orthoflavivirus nilense,11082,Canis latrans,9614,mammalia,carnivora,canidae,TRUE,TRUE,prototype,in_gibb_etal=TRUE; in_empres_i=TRUE; deferred_broad_vesiculovirus=FALSE,Orthoflavivirus nilense,West Nile fever,Antibodies,VIRION,1,FALSE,FALSE,FALSE,FALSE,FALSE,FALSE,host_present_in_system,host appears in canonical WHO disease-pathogen-host backbone; role-specific reservoir/amplifier/incidental/dead-end evidence not assessed,low,TRUE,standard_review
West Nile fever,Orthoflavivirus nilense,Orthoflavivirus nilense,11082,Canis lupus,9612,mammalia,carnivora,canidae,TRUE,TRUE,prototype,in_gibb_etal=TRUE; in_empres_i=TRUE; deferred_broad_vesiculovirus=FALSE,Orthoflavivirus nilense,West Nile fever,Not specified; PCR/Sequencing,VIRION,1,FALSE,FALSE,FALSE,FALSE,FALSE,FALSE,host_present_in_system,host appears in canonical WHO disease-pathogen-host backbone; role-specific reservoir/amplifier/incidental/dead-end evidence not assessed,low,TRUE,standard_review
West Nile fever,Orthoflavivirus nilense,Orthoflavivirus nilense,3048448,Canis lupus,9615,mammalia,carnivora,canidae,TRUE,TRUE,prototype,in_gibb_etal=TRUE; in_empres_i=TRUE; deferred_broad_vesiculovirus=FALSE,Orthoflavivirus nilense,West Nile fever,PCR/Sequencing,VIRION,1,FALSE,FALSE,FALSE,FALSE,FALSE,FALSE,host_present_in_system,host appears in canonical WHO disease-pathogen-host backbone; role-specific reservoir/amplifier/incidental/dead-end evidence not assessed,low,TRUE,standard_review
West Nile fever,Orthoflavivirus nilense,Orthoflavivirus nilense,11082; 3048448,Mephitis mephitis,30548,mammalia,carnivora,mephitidae,TRUE,TRUE,prototype,in_gibb_etal=TRUE; in_empres_i=TRUE; deferred_broad_vesiculovirus=FALSE,Orthoflavivirus nilense,West Nile fever,Antibodies; Isolation/Observation; PCR/Sequencing; PCR/Sequencing,VIRION,2,FALSE,FALSE,FALSE,FALSE,FALSE,FALSE,host_present_in_system,host appears in canonical WHO disease-pathogen-host backbone; role-specific reservoir/amplifier/incidental/dead-end evidence not assessed,low,TRUE,standard_review
West Nile fever,Orthoflavivirus nilense,Orthoflavivirus nilense,11082; 3048448,Panthera leo,9689,mammalia,carnivora,felidae,TRUE,TRUE,prototype,in_gibb_etal=TRUE; in_empres_i=TRUE; deferred_broad_vesiculovirus=FALSE,Orthoflavivirus nilense,West Nile fever,Antibodies; PCR/Sequencing,VIRION,2,FALSE,FALSE,FALSE,FALSE,FALSE,FALSE,host_present_in_system,host appears in canonical WHO disease-pathogen-host backbone; role-specific reservoir/amplifier/incidental/dead-end evidence not assessed,low,TRUE,standard_review
West Nile fever,Orthoflavivirus nilense,Orthoflavivirus nilense,11082,Panthera tigris,9694,mammalia,carnivora,felidae,TRUE,TRUE,prototype,in_gibb_etal=TRUE; in_empres_i=TRUE; deferred_broad_vesiculovirus=FALSE,Orthoflavivirus nilense,West Nile fever,Antibodies,VIRION,1,FALSE,FALSE,FALSE,FALSE,FALSE,FALSE,host_present_in_system,host appears in canonical WHO disease-pathogen-host backbone; role-specific reservoir/amplifier/incidental/dead-end evidence not assessed,low,TRUE,standard_review
West Nile fever,Orthoflavivirus nilense,Orthoflavivirus nilense,11082,Panthera uncia,29064,mammalia,carnivora,felidae,TRUE,TRUE,prototype,in_gibb_etal=TRUE; in_empres_i=TRUE; deferred_broad_vesiculovirus=FALSE,Orthoflavivirus nilense,West Nile fever,Antibodies,VIRION,1,FALSE,FALSE,FALSE,FALSE,FALSE,FALSE,host_present_in_system,host appears in canonical WHO disease-pathogen-host backbone; role-specific reservoir/amplifier/incidental/dead-end evidence not assessed,low,TRUE,standard_review
West Nile fever,Orthoflavivirus nilense,Orthoflavivirus nilense,11082; 3048448,Phoca vitulina,9720,mammalia,carnivora,phocidae,TRUE,TRUE,prototype,in_gibb_etal=TRUE; in_empres_i=TRUE; deferred_broad_vesiculovirus=FALSE,Orthoflavivirus nilense,West Nile fever,Antibodies; PCR/Sequencing,VIRION,2,FALSE,FALSE,FALSE,FALSE,FALSE,FALSE,host_present_in_system,host appears in canonical WHO disease-pathogen-host backbone; role-specific reservoir/amplifier/incidental/dead-end evidence not assessed,low,TRUE,standard_review
West Nile fever,Orthoflavivirus nilense,Orthoflavivirus nilense,11082,Procyon lotor,9654,mammalia,carnivora,procyonidae,TRUE,TRUE,prototype,in_gibb_etal=TRUE; in_empres_i=TRUE; deferred_broad_vesiculovirus=FALSE,Orthoflavivirus nilense,West Nile fever,Antibodies,VIRION,1,FALSE,FALSE,FALSE,FALSE,FALSE,FALSE,host_present_in_system,host appears in canonical WHO disease-pathogen-host backbone; role-specific reservoir/amplifier/incidental/dead-end evidence not assessed,low,TRUE,standard_review
West Nile fever,Orthoflavivirus nilense,Orthoflavivirus nilense,11082,Puma concolor,9696,mammalia,carnivora,felidae,TRUE,TRUE,prototype,in_gibb_etal=TRUE; in_empres_i=TRUE; deferred_broad_vesiculovirus=FALSE,Orthoflavivirus nilense,West Nile fever,Antibodies,VIRION,1,FALSE,FALSE,FALSE,FALSE,FALSE,FALSE,host_present_in_system,host appears in canonical WHO disease-pathogen-host backbone; role-specific reservoir/amplifier/incidental/dead-end evidence not assessed,low,TRUE,standard_review
West Nile fever,Orthoflavivirus nilense,Orthoflavivirus nilense,11082,Ursus americanus,9643,mammalia,carnivora,ursidae,TRUE,TRUE,prototype,in_gibb_etal=TRUE; in_empres_i=TRUE; deferred_broad_vesiculovirus=FALSE,Orthoflavivirus nilense,West Nile fever,Antibodies,VIRION,1,FALSE,FALSE,FALSE,FALSE,FALSE,FALSE,host_present_in_system,host appears in canonical WHO disease-pathogen-host backbone; role-specific reservoir/amplifier/incidental/dead-end evidence not assessed,low,TRUE,standard_review
West Nile fever,Orthoflavivirus nilense,Orthoflavivirus nilense,11082,Ursus arctos,9644,mammalia,carnivora,ursidae,TRUE,TRUE,prototype,in_gibb_etal=TRUE; in_empres_i=TRUE; deferred_broad_vesiculovirus=FALSE,Orthoflavivirus nilense,West Nile fever,Antibodies; Isolation/Observation,VIRION,1,FALSE,FALSE,FALSE,FALSE,FALSE,FALSE,host_present_in_system,host appears in canonical WHO disease-pathogen-host backbone; role-specific reservoir/amplifier/incidental/dead-end evidence not assessed,low,TRUE,standard_review
West Nile fever,Orthoflavivirus nilense,Orthoflavivirus nilense,11082,Ursus maritimus,29073,mammalia,carnivora,ursidae,TRUE,TRUE,prototype,in_gibb_etal=TRUE; in_empres_i=TRUE; deferred_broad_vesiculovirus=FALSE,Orthoflavivirus nilense,West Nile fever,PCR/Sequencing,VIRION,1,FALSE,FALSE,FALSE,FALSE,FALSE,FALSE,host_present_in_system,host appears in canonical WHO disease-pathogen-host backbone; role-specific reservoir/amplifier/incidental/dead-end evidence not assessed,low,TRUE,standard_review
West Nile fever,Orthoflavivirus nilense,Orthoflavivirus nilense,11082,Vulpes vulpes,9627,mammalia,carnivora,canidae,TRUE,TRUE,prototype,in_gibb_etal=TRUE; in_empres_i=TRUE; deferred_broad_vesiculovirus=FALSE,Orthoflavivirus nilense,West Nile fever,Antibodies,VIRION,1,FALSE,FALSE,FALSE,FALSE,FALSE,FALSE,host_present_in_system,host appears in canonical WHO disease-pathogen-host backbone; role-specific reservoir/amplifier/incidental/dead-end evidence not assessed,low,TRUE,standard_review
West Nile fever,Orthoflavivirus nilense,Orthoflavivirus nilense,11082,Didelphis virginiana,9267,mammalia,didelphimorphia,didelphidae,TRUE,TRUE,prototype,in_gibb_etal=TRUE; in_empres_i=TRUE; deferred_broad_vesiculovirus=FALSE,Orthoflavivirus nilense,West Nile fever,Antibodies,VIRION,1,FALSE,FALSE,FALSE,FALSE,FALSE,FALSE,host_present_in_system,host appears in canonical WHO disease-pathogen-host backbone; role-specific reservoir/amplifier/incidental/dead-end evidence not assessed,low,TRUE,standard_review
West Nile fever,Orthoflavivirus nilense,Orthoflavivirus nilense,11082,Crocidura russula,36802,mammalia,eulipotyphla,soricidae,TRUE,TRUE,prototype,in_gibb_etal=TRUE; in_empres_i=TRUE; deferred_broad_vesiculovirus=FALSE,Orthoflavivirus nilense,West Nile fever,Antibodies,VIRION,1,FALSE,FALSE,FALSE,FALSE,FALSE,FALSE,host_present_in_system,host appears in canonical WHO disease-pathogen-host backbone; role-specific reservoir/amplifier/incidental/dead-end evidence not assessed,low,TRUE,standard_review
West Nile fever,Orthoflavivirus nilense,Orthoflavivirus nilense,11082,Lepus europaeus,9983,mammalia,lagomorpha,leporidae,TRUE,TRUE,prototype,in_gibb_etal=TRUE; in_empres_i=TRUE; deferred_broad_vesiculovirus=FALSE,Orthoflavivirus nilense,West Nile fever,Antibodies,VIRION,1,FALSE,FALSE,FALSE,FALSE,FALSE,FALSE,host_present_in_system,host appears in canonical WHO disease-pathogen-host backbone; role-specific reservoir/amplifier/incidental/dead-end evidence not assessed,low,TRUE,standard_review
West Nile fever,Orthoflavivirus nilense,Orthoflavivirus nilense,11082,Oryctolagus cuniculus,9986,mammalia,lagomorpha,leporidae,TRUE,TRUE,prototype,in_gibb_etal=TRUE; in_empres_i=TRUE; deferred_broad_vesiculovirus=FALSE,Orthoflavivirus nilense,West Nile fever,Antibodies,VIRION,1,FALSE,FALSE,FALSE,FALSE,FALSE,FALSE,host_present_in_system,host appears in canonical WHO disease-pathogen-host backbone; role-specific reservoir/amplifier/incidental/dead-end evidence not assessed,low,TRUE,standard_review
West Nile fever,Orthoflavivirus nilense,Orthoflavivirus nilense,11082; 3048448,Equus asinus,9793,mammalia,perissodactyla,equidae,TRUE,TRUE,prototype,in_gibb_etal=TRUE; in_empres_i=TRUE; deferred_broad_vesiculovirus=FALSE,Orthoflavivirus nilense,West Nile fever,Antibodies; PCR/Sequencing,VIRION,2,FALSE,FALSE,FALSE,FALSE,FALSE,FALSE,host_present_in_system,host appears in canonical WHO disease-pathogen-host backbone; role-specific reservoir/amplifier/incidental/dead-end evidence not assessed,low,TRUE,standard_review
West Nile fever,Orthoflavivirus nilense,Orthoflavivirus nilense,11082,Alligator mississippiensis,8496,reptilia,crocodylia,alligatoridae,TRUE,TRUE,prototype,in_gibb_etal=TRUE; in_empres_i=TRUE; deferred_broad_vesiculovirus=FALSE,Orthoflavivirus nilense,West Nile fever,PCR/Sequencing,VIRION,1,FALSE,FALSE,FALSE,FALSE,FALSE,FALSE,host_present_in_system,host appears in canonical WHO disease-pathogen-host backbone; role-specific reservoir/amplifier/incidental/dead-end evidence not assessed,low,TRUE,standard_review
West Nile fever,Orthoflavivirus nilense,Orthoflavivirus nilense,11082; 3048448,Crocodylus moreletii,184237,reptilia,crocodylia,crocodylidae,TRUE,TRUE,prototype,in_gibb_etal=TRUE; in_empres_i=TRUE; deferred_broad_vesiculovirus=FALSE,Orthoflavivirus nilense,West Nile fever,Isolation/Observation; PCR/Sequencing,VIRION,2,FALSE,FALSE,FALSE,FALSE,FALSE,FALSE,host_present_in_system,host appears in canonical WHO disease-pathogen-host backbone; role-specific reservoir/amplifier/incidental/dead-end evidence not assessed,low,TRUE,standard_review
West Nile fever,Orthoflavivirus nilense,Orthoflavivirus nilense,3048448,Crocodylus niloticus,8501,reptilia,crocodylia,crocodylidae,TRUE,TRUE,prototype,in_gibb_etal=TRUE; in_empres_i=TRUE; deferred_broad_vesiculovirus=FALSE,Orthoflavivirus nilense,West Nile fever,PCR/Sequencing,VIRION,1,FALSE,FALSE,FALSE,FALSE,FALSE,FALSE,host_present_in_system,host appears in canonical WHO disease-pathogen-host backbone; role-specific reservoir/amplifier/incidental/dead-end evidence not assessed,low,TRUE,standard_review
West Nile fever,Orthoflavivirus nilense,Orthoflavivirus nilense,3048448,Crocodylus porosus,8502,reptilia,crocodylia,crocodylidae,TRUE,TRUE,prototype,in_gibb_etal=TRUE; in_empres_i=TRUE; deferred_broad_vesiculovirus=FALSE,Orthoflavivirus nilense,West Nile fever,PCR/Sequencing,VIRION,1,FALSE,FALSE,FALSE,FALSE,FALSE,FALSE,host_present_in_system,host appears in canonical WHO disease-pathogen-host backbone; role-specific reservoir/amplifier/incidental/dead-end evidence not assessed,low,TRUE,standard_review
West Nile fever,Orthoflavivirus nilense,Orthoflavivirus nilense,11082; 3048448,Astur gentilis,8957,,,,TRUE,TRUE,prototype,in_gibb_etal=TRUE; in_empres_i=TRUE; deferred_broad_vesiculovirus=FALSE,Orthoflavivirus nilense,West Nile fever,Isolation/Observation; PCR/Sequencing; PCR/Sequencing,VIRION,2,FALSE,FALSE,,,,,host_present_in_system,host appears in canonical WHO disease-pathogen-host backbone; role-specific reservoir/amplifier/incidental/dead-end evidence not assessed,low,TRUE,standard_review
West Nile fever,Orthoflavivirus nilense,Orthoflavivirus nilense,11082; 3048448,Butorides virescens,110671,,,,TRUE,TRUE,prototype,in_gibb_etal=TRUE; in_empres_i=TRUE; deferred_broad_vesiculovirus=FALSE,Orthoflavivirus nilense,West Nile fever,Isolation/Observation; PCR/Sequencing; PCR/Sequencing,VIRION,2,FALSE,FALSE,,,,,host_present_in_system,host appears in canonical WHO disease-pathogen-host backbone; role-specific reservoir/amplifier/incidental/dead-end evidence not assessed,low,TRUE,standard_review
West Nile fever,Orthoflavivirus nilense,Orthoflavivirus nilense,11082; 3048448,Chroicocephalus ridibundus,1192867,,,,TRUE,TRUE,prototype,in_gibb_etal=TRUE; in_empres_i=TRUE; deferred_broad_vesiculovirus=FALSE,Orthoflavivirus nilense,West Nile fever,Isolation/Observation; PCR/Sequencing,VIRION,2,FALSE,FALSE,,,,,host_present_in_system,host appears in canonical WHO disease-pathogen-host backbone; role-specific reservoir/amplifier/incidental/dead-end evidence not assessed,low,TRUE,standard_review
West Nile fever,Orthoflavivirus nilense,Orthoflavivirus nilense,11082; 3048448,Coloeus monedula,30423,,,,TRUE,TRUE,prototype,in_gibb_etal=TRUE; in_empres_i=TRUE; deferred_broad_vesiculovirus=FALSE,Orthoflavivirus nilense,West Nile fever,Antibodies; PCR/Sequencing,VIRION,2,FALSE,FALSE,,,,,host_present_in_system,host appears in canonical WHO disease-pathogen-host backbone; role-specific reservoir/amplifier/incidental/dead-end evidence not assessed,low,TRUE,standard_review
West Nile fever,Orthoflavivirus nilense,Orthoflavivirus nilense,11082; 3048448,Corvus cornix,181096,,,,TRUE,TRUE,prototype,in_gibb_etal=TRUE; in_empres_i=TRUE; deferred_broad_vesiculovirus=FALSE,Orthoflavivirus nilense,West Nile fever,Isolation/Observation; PCR/Sequencing; PCR/Sequencing,VIRION,2,FALSE,FALSE,,,,,host_present_in_system,host appears in canonical WHO disease-pathogen-host backbone; role-specific reservoir/amplifier/incidental/dead-end evidence not assessed,low,TRUE,standard_review
West Nile fever,Orthoflavivirus nilense,Orthoflavivirus nilense,11082,Curruca nisoria,216220,,,,TRUE,TRUE,prototype,in_gibb_etal=TRUE; in_empres_i=TRUE; deferred_broad_vesiculovirus=FALSE,Orthoflavivirus nilense,West Nile fever,Isolation/Observation,VIRION,1,FALSE,FALSE,,,,,host_present_in_system,host appears in canonical WHO disease-pathogen-host backbone; role-specific reservoir/amplifier/incidental/dead-end evidence not assessed,low,TRUE,standard_review
West Nile fever,Orthoflavivirus nilense,Orthoflavivirus nilense,3048448,Giraffa giraffa,439325,,,,TRUE,TRUE,prototype,in_gibb_etal=TRUE; in_empres_i=TRUE; deferred_broad_vesiculovirus=FALSE,Orthoflavivirus nilense,West Nile fever,PCR/Sequencing,VIRION,1,FALSE,FALSE,,,,,host_present_in_system,host appears in canonical WHO disease-pathogen-host backbone; role-specific reservoir/amplifier/incidental/dead-end evidence not assessed,low,TRUE,standard_review
West Nile fever,Orthoflavivirus nilense,Orthoflavivirus nilense,11082; 3048448,Ichthyaetus leucophthalmus,328043,,,,TRUE,TRUE,prototype,in_gibb_etal=TRUE; in_empres_i=TRUE; deferred_broad_vesiculovirus=FALSE,Orthoflavivirus nilense,West Nile fever,PCR/Sequencing,VIRION,2,FALSE,FALSE,,,,,host_present_in_system,host appears in canonical WHO disease-pathogen-host backbone; role-specific reservoir/amplifier/incidental/dead-end evidence not assessed,low,TRUE,standard_review
West Nile fever,Orthoflavivirus nilense,Orthoflavivirus nilense,11082,Myodes glareolus,447135,,,,TRUE,TRUE,prototype,in_gibb_etal=TRUE; in_empres_i=TRUE; deferred_broad_vesiculovirus=FALSE,Orthoflavivirus nilense,West Nile fever,Antibodies,VIRION,1,FALSE,FALSE,,,,,host_present_in_system,host appears in canonical WHO disease-pathogen-host backbone; role-specific reservoir/amplifier/incidental/dead-end evidence not assessed,low,TRUE,standard_review
West Nile fever,Orthoflavivirus nilense,Orthoflavivirus nilense,11082; 3048448,Nannopterum auritum,56069,,,,TRUE,TRUE,prototype,in_gibb_etal=TRUE; in_empres_i=TRUE; deferred_broad_vesiculovirus=FALSE,Orthoflavivirus nilense,West Nile fever,Isolation/Observation; PCR/Sequencing,VIRION,2,FALSE,FALSE,,,,,host_present_in_system,host appears in canonical WHO disease-pathogen-host backbone; role-specific reservoir/amplifier/incidental/dead-end evidence not assessed,low,TRUE,standard_review
West Nile fever,Orthoflavivirus nilense,Orthoflavivirus nilense,3048448,Passer,2705460,,,,TRUE,TRUE,prototype,in_gibb_etal=TRUE; in_empres_i=TRUE; deferred_broad_vesiculovirus=FALSE,Orthoflavivirus nilense,West Nile fever,PCR/Sequencing,VIRION,1,FALSE,FALSE,,,,,host_present_in_system,host appears in canonical WHO disease-pathogen-host backbone; role-specific reservoir/amplifier/incidental/dead-end evidence not assessed,low,TRUE,standard_review
West Nile fever,Orthoflavivirus nilense,Orthoflavivirus nilense,3048448,Phoenicopterus,2729511,,,,TRUE,TRUE,prototype,in_gibb_etal=TRUE; in_empres_i=TRUE; deferred_broad_vesiculovirus=FALSE,Orthoflavivirus nilense,West Nile fever,PCR/Sequencing,VIRION,1,FALSE,FALSE,,,,,host_present_in_system,host appears in canonical WHO disease-pathogen-host backbone; role-specific reservoir/amplifier/incidental/dead-end evidence not assessed,low,TRUE,standard_review
West Nile fever,Orthoflavivirus nilense,Orthoflavivirus nilense,3048448,Pica nuttalli,114087,,,,TRUE,TRUE,prototype,in_gibb_etal=TRUE; in_empres_i=TRUE; deferred_broad_vesiculovirus=FALSE,Orthoflavivirus nilense,West Nile fever,PCR/Sequencing,VIRION,1,FALSE,FALSE,,,,,host_present_in_system,host appears in canonical WHO disease-pathogen-host backbone; role-specific reservoir/amplifier/incidental/dead-end evidence not assessed,low,TRUE,standard_review
West Nile fever,Orthoflavivirus nilense,Orthoflavivirus nilense,3048448,Vicugna pacos,30538,,,,TRUE,TRUE,prototype,in_gibb_etal=TRUE; in_empres_i=TRUE; deferred_broad_vesiculovirus=FALSE,Orthoflavivirus nilense,West Nile fever,PCR/Sequencing,VIRION,1,FALSE,FALSE,,,,,host_present_in_system,host appears in canonical WHO disease-pathogen-host backbone; role-specific reservoir/amplifier/incidental/dead-end evidence not assessed,low,TRUE,standard_review
West Nile fever,Orthoflavivirus nilense,Orthoflavivirus nilense,11082,acomys cahirinus,10068,,,,TRUE,TRUE,prototype,in_gibb_etal=TRUE; in_empres_i=TRUE; deferred_broad_vesiculovirus=FALSE,Orthoflavivirus nilense,West Nile fever,Antibodies,VIRION,1,FALSE,FALSE,,,,,host_present_in_system,host appears in canonical WHO disease-pathogen-host backbone; role-specific reservoir/amplifier/incidental/dead-end evidence not assessed,low,TRUE,standard_review
West Nile fever,Orthoflavivirus nilense,Orthoflavivirus nilense,11082,acomys dimidiatus,60744,,,,TRUE,TRUE,prototype,in_gibb_etal=TRUE; in_empres_i=TRUE; deferred_broad_vesiculovirus=FALSE,Orthoflavivirus nilense,West Nile fever,Antibodies,VIRION,1,FALSE,FALSE,,,,,host_present_in_system,host appears in canonical WHO disease-pathogen-host backbone; role-specific reservoir/amplifier/incidental/dead-end evidence not assessed,low,TRUE,standard_review
West Nile fever,Orthoflavivirus nilense,Orthoflavivirus nilense,11082,aethomys kaiseri,253247,,,,TRUE,TRUE,prototype,in_gibb_etal=TRUE; in_empres_i=TRUE; deferred_broad_vesiculovirus=FALSE,Orthoflavivirus nilense,West Nile fever,Antibodies,VIRION,1,FALSE,FALSE,,,,,host_present_in_system,host appears in canonical WHO disease-pathogen-host backbone; role-specific reservoir/amplifier/incidental/dead-end evidence not assessed,low,TRUE,standard_review
West Nile fever,Orthoflavivirus nilense,Orthoflavivirus nilense,11082,alcedo atthis,36245,,,,TRUE,TRUE,prototype,in_gibb_etal=TRUE; in_empres_i=TRUE; deferred_broad_vesiculovirus=FALSE,Orthoflavivirus nilense,West Nile fever,Antibodies,VIRION,1,FALSE,FALSE,,,,,host_present_in_system,host appears in canonical WHO disease-pathogen-host backbone; role-specific reservoir/amplifier/incidental/dead-end evidence not assessed,low,TRUE,standard_review
West Nile fever,Orthoflavivirus nilense,Orthoflavivirus nilense,11082,babyrousa babyrussa,41806,,,,TRUE,TRUE,prototype,in_gibb_etal=TRUE; in_empres_i=TRUE; deferred_broad_vesiculovirus=FALSE,Orthoflavivirus nilense,West Nile fever,Antibodies,VIRION,1,FALSE,FALSE,,,,,host_present_in_system,host appears in canonical WHO disease-pathogen-host backbone; role-specific reservoir/amplifier/incidental/dead-end evidence not assessed,low,TRUE,standard_review
West Nile fever,Orthoflavivirus nilense,Orthoflavivirus nilense,11082,burhinus oedicnemus,85105,,,,TRUE,TRUE,prototype,in_gibb_etal=TRUE; in_empres_i=TRUE; deferred_broad_vesiculovirus=FALSE,Orthoflavivirus nilense,West Nile fever,Antibodies,VIRION,1,FALSE,FALSE,,,,,host_present_in_system,host appears in canonical WHO disease-pathogen-host backbone; role-specific reservoir/amplifier/incidental/dead-end evidence not assessed,low,TRUE,standard_review
West Nile fever,Orthoflavivirus nilense,Orthoflavivirus nilense,11082,cercopithecus nictitans,36228,,,,TRUE,TRUE,prototype,in_gibb_etal=TRUE; in_empres_i=TRUE; deferred_broad_vesiculovirus=FALSE,Orthoflavivirus nilense,West Nile fever,Antibodies,VIRION,1,FALSE,FALSE,,,,,host_present_in_system,host appears in canonical WHO disease-pathogen-host backbone; role-specific reservoir/amplifier/incidental/dead-end evidence not assessed,low,TRUE,standard_review
West Nile fever,Orthoflavivirus nilense,Orthoflavivirus nilense,11082,clamator glandarius,78203,,,,TRUE,TRUE,prototype,in_gibb_etal=TRUE; in_empres_i=TRUE; deferred_broad_vesiculovirus=FALSE,Orthoflavivirus nilense,West Nile fever,Antibodies,VIRION,1,FALSE,FALSE,,,,,host_present_in_system,host appears in canonical WHO disease-pathogen-host backbone; role-specific reservoir/amplifier/incidental/dead-end evidence not assessed,low,TRUE,standard_review
West Nile fever,Orthoflavivirus nilense,Orthoflavivirus nilense,3048448,corvus tristis,1196314,,,,TRUE,TRUE,prototype,in_gibb_etal=TRUE; in_empres_i=TRUE; deferred_broad_vesiculovirus=FALSE,Orthoflavivirus nilense,West Nile fever,PCR/Sequencing,VIRION,1,FALSE,FALSE,,,,,host_present_in_system,host appears in canonical WHO disease-pathogen-host backbone; role-specific reservoir/amplifier/incidental/dead-end evidence not assessed,low,TRUE,standard_review
West Nile fever,Orthoflavivirus nilense,Orthoflavivirus nilense,11082,crocidura olivieri,214449,,,,TRUE,TRUE,prototype,in_gibb_etal=TRUE; in_empres_i=TRUE; deferred_broad_vesiculovirus=FALSE,Orthoflavivirus nilense,West Nile fever,Antibodies,VIRION,1,FALSE,FALSE,,,,,host_present_in_system,host appears in canonical WHO disease-pathogen-host backbone; role-specific reservoir/amplifier/incidental/dead-end evidence not assessed,low,TRUE,standard_review
West Nile fever,Orthoflavivirus nilense,Orthoflavivirus nilense,11082,ctenodactylus gundi,10166,,,,TRUE,TRUE,prototype,in_gibb_etal=TRUE; in_empres_i=TRUE; deferred_broad_vesiculovirus=FALSE,Orthoflavivirus nilense,West Nile fever,Antibodies,VIRION,1,FALSE,FALSE,,,,,host_present_in_system,host appears in canonical WHO disease-pathogen-host backbone; role-specific reservoir/amplifier/incidental/dead-end evidence not assessed,low,TRUE,standard_review
West Nile fever,Orthoflavivirus nilense,Orthoflavivirus nilense,11082,dama dama,30532,,,,TRUE,TRUE,prototype,in_gibb_etal=TRUE; in_empres_i=TRUE; deferred_broad_vesiculovirus=FALSE,Orthoflavivirus nilense,West Nile fever,Antibodies,VIRION,1,FALSE,FALSE,,,,,host_present_in_system,host appears in canonical WHO disease-pathogen-host backbone; role-specific reservoir/amplifier/incidental/dead-end evidence not assessed,low,TRUE,standard_review
West Nile fever,Orthoflavivirus nilense,Orthoflavivirus nilense,11082,dasymys incomtus,71173,,,,TRUE,TRUE,prototype,in_gibb_etal=TRUE; in_empres_i=TRUE; deferred_broad_vesiculovirus=FALSE,Orthoflavivirus nilense,West Nile fever,Antibodies,VIRION,1,FALSE,FALSE,,,,,host_present_in_system,host appears in canonical WHO disease-pathogen-host backbone; role-specific reservoir/amplifier/incidental/dead-end evidence not assessed,low,TRUE,standard_review
West Nile fever,Orthoflavivirus nilense,Orthoflavivirus nilense,11082,dipodillus dasyurus,723804,,,,TRUE,TRUE,prototype,in_gibb_etal=TRUE; in_empres_i=TRUE; deferred_broad_vesiculovirus=FALSE,Orthoflavivirus nilense,West Nile fever,Antibodies,VIRION,1,FALSE,FALSE,,,,,host_present_in_system,host appears in canonical WHO disease-pathogen-host backbone; role-specific reservoir/amplifier/incidental/dead-end evidence not assessed,low,TRUE,standard_review
West Nile fever,Orthoflavivirus nilense,Orthoflavivirus nilense,11082,elephas maximus,9783,,,,TRUE,TRUE,prototype,in_gibb_etal=TRUE; in_empres_i=TRUE; deferred_broad_vesiculovirus=FALSE,Orthoflavivirus nilense,West Nile fever,Antibodies,VIRION,1,FALSE,FALSE,,,,,host_present_in_system,host appears in canonical WHO disease-pathogen-host backbone; role-specific reservoir/amplifier/incidental/dead-end evidence not assessed,low,TRUE,standard_review
West Nile fever,Orthoflavivirus nilense,Orthoflavivirus nilense,11082,emberiza calandra,460200,,,,TRUE,TRUE,prototype,in_gibb_etal=TRUE; in_empres_i=TRUE; deferred_broad_vesiculovirus=FALSE,Orthoflavivirus nilense,West Nile fever,Antibodies,VIRION,1,FALSE,FALSE,,,,,host_present_in_system,host appears in canonical WHO disease-pathogen-host backbone; role-specific reservoir/amplifier/incidental/dead-end evidence not assessed,low,TRUE,standard_review
West Nile fever,Orthoflavivirus nilense,Orthoflavivirus nilense,11082,eulemur fulvus,13515,,,,TRUE,TRUE,prototype,in_gibb_etal=TRUE; in_empres_i=TRUE; deferred_broad_vesiculovirus=FALSE,Orthoflavivirus nilense,West Nile fever,Antibodies,VIRION,1,FALSE,FALSE,,,,,host_present_in_system,host appears in canonical WHO disease-pathogen-host backbone; role-specific reservoir/amplifier/incidental/dead-end evidence not assessed,low,TRUE,standard_review
West Nile fever,Orthoflavivirus nilense,Orthoflavivirus nilense,11082,galagoides demidoff,89672,,,,TRUE,TRUE,prototype,in_gibb_etal=TRUE; in_empres_i=TRUE; deferred_broad_vesiculovirus=FALSE,Orthoflavivirus nilense,West Nile fever,Antibodies,VIRION,1,FALSE,FALSE,,,,,host_present_in_system,host appears in canonical WHO disease-pathogen-host backbone; role-specific reservoir/amplifier/incidental/dead-end evidence not assessed,low,TRUE,standard_review
West Nile fever,Orthoflavivirus nilense,Orthoflavivirus nilense,11082,gerbillus pyramidum,298882,,,,TRUE,TRUE,prototype,in_gibb_etal=TRUE; in_empres_i=TRUE; deferred_broad_vesiculovirus=FALSE,Orthoflavivirus nilense,West Nile fever,Antibodies,VIRION,1,FALSE,FALSE,,,,,host_present_in_system,host appears in canonical WHO disease-pathogen-host backbone; role-specific reservoir/amplifier/incidental/dead-end evidence not assessed,low,TRUE,standard_review
West Nile fever,Orthoflavivirus nilense,Orthoflavivirus nilense,3048448,giraffa camelopardalis,9894,,,,TRUE,TRUE,prototype,in_gibb_etal=TRUE; in_empres_i=TRUE; deferred_broad_vesiculovirus=FALSE,Orthoflavivirus nilense,West Nile fever,PCR/Sequencing,VIRION,1,FALSE,FALSE,,,,,host_present_in_system,host appears in canonical WHO disease-pathogen-host backbone; role-specific reservoir/amplifier/incidental/dead-end evidence not assessed,low,TRUE,standard_review
West Nile fever,Orthoflavivirus nilense,Orthoflavivirus nilense,11082,hesperosciurus griseus,53278,,,,TRUE,TRUE,prototype,in_gibb_etal=TRUE; in_empres_i=TRUE; deferred_broad_vesiculovirus=FALSE,Orthoflavivirus nilense,West Nile fever,Antibodies,VIRION,1,FALSE,FALSE,,,,,host_present_in_system,host appears in canonical WHO disease-pathogen-host backbone; role-specific reservoir/amplifier/incidental/dead-end evidence not assessed,low,TRUE,standard_review
West Nile fever,Orthoflavivirus nilense,Orthoflavivirus nilense,11082,lemur catta,9447,,,,TRUE,TRUE,prototype,in_gibb_etal=TRUE; in_empres_i=TRUE; deferred_broad_vesiculovirus=FALSE,Orthoflavivirus nilense,West Nile fever,Antibodies,VIRION,1,FALSE,FALSE,,,,,host_present_in_system,host appears in canonical WHO disease-pathogen-host backbone; role-specific reservoir/amplifier/incidental/dead-end evidence not assessed,low,TRUE,standard_review
West Nile fever,Orthoflavivirus nilense,Orthoflavivirus nilense,11082,lepilemur edwardsi,122230,,,,TRUE,TRUE,prototype,in_gibb_etal=TRUE; in_empres_i=TRUE; deferred_broad_vesiculovirus=FALSE,Orthoflavivirus nilense,West Nile fever,Antibodies,VIRION,1,FALSE,FALSE,,,,,host_present_in_system,host appears in canonical WHO disease-pathogen-host backbone; role-specific reservoir/amplifier/incidental/dead-end evidence not assessed,low,TRUE,standard_review
West Nile fever,Orthoflavivirus nilense,Orthoflavivirus nilense,11082,lepilemur mustelinus,9453,,,,TRUE,TRUE,prototype,in_gibb_etal=TRUE; in_empres_i=TRUE; deferred_broad_vesiculovirus=FALSE,Orthoflavivirus nilense,West Nile fever,Antibodies,VIRION,1,FALSE,FALSE,,,,,host_present_in_system,host appears in canonical WHO disease-pathogen-host backbone; role-specific reservoir/amplifier/incidental/dead-end evidence not assessed,low,TRUE,standard_review
West Nile fever,Orthoflavivirus nilense,Orthoflavivirus nilense,11082,lepus californicus,48087,,,,TRUE,TRUE,prototype,in_gibb_etal=TRUE; in_empres_i=TRUE; deferred_broad_vesiculovirus=FALSE,Orthoflavivirus nilense,West Nile fever,Antibodies,VIRION,1,FALSE,FALSE,,,,,host_present_in_system,host appears in canonical WHO disease-pathogen-host backbone; role-specific reservoir/amplifier/incidental/dead-end evidence not assessed,low,TRUE,standard_review
West Nile fever,Orthoflavivirus nilense,Orthoflavivirus nilense,11082,macaca sinica,9552,,,,TRUE,TRUE,prototype,in_gibb_etal=TRUE; in_empres_i=TRUE; deferred_broad_vesiculovirus=FALSE,Orthoflavivirus nilense,West Nile fever,Antibodies,VIRION,1,FALSE,FALSE,,,,,host_present_in_system,host appears in canonical WHO disease-pathogen-host backbone; role-specific reservoir/amplifier/incidental/dead-end evidence not assessed,low,TRUE,standard_review
West Nile fever,Orthoflavivirus nilense,Orthoflavivirus nilense,11082,microtus guentheri,269655,,,,TRUE,TRUE,prototype,in_gibb_etal=TRUE; in_empres_i=TRUE; deferred_broad_vesiculovirus=FALSE,Orthoflavivirus nilense,West Nile fever,Antibodies,VIRION,1,FALSE,FALSE,,,,,host_present_in_system,host appears in canonical WHO disease-pathogen-host backbone; role-specific reservoir/amplifier/incidental/dead-end evidence not assessed,low,TRUE,standard_review
West Nile fever,Orthoflavivirus nilense,Orthoflavivirus nilense,11082,millardia meltada,121583,,,,TRUE,TRUE,prototype,in_gibb_etal=TRUE; in_empres_i=TRUE; deferred_broad_vesiculovirus=FALSE,Orthoflavivirus nilense,West Nile fever,Antibodies,VIRION,1,FALSE,FALSE,,,,,host_present_in_system,host appears in canonical WHO disease-pathogen-host backbone; role-specific reservoir/amplifier/incidental/dead-end evidence not assessed,low,TRUE,standard_review
West Nile fever,Orthoflavivirus nilense,Orthoflavivirus nilense,11082,mops condylurus,258863,,,,TRUE,TRUE,prototype,in_gibb_etal=TRUE; in_empres_i=TRUE; deferred_broad_vesiculovirus=FALSE,Orthoflavivirus nilense,West Nile fever,Antibodies,VIRION,1,FALSE,FALSE,,,,,host_present_in_system,host appears in canonical WHO disease-pathogen-host backbone; role-specific reservoir/amplifier/incidental/dead-end evidence not assessed,low,TRUE,standard_review
West Nile fever,Orthoflavivirus nilense,Orthoflavivirus nilense,11082,myotis lucifugus,59463,,,,TRUE,TRUE,prototype,in_gibb_etal=TRUE; in_empres_i=TRUE; deferred_broad_vesiculovirus=FALSE,Orthoflavivirus nilense,West Nile fever,Antibodies,VIRION,1,FALSE,FALSE,,,,,host_present_in_system,host appears in canonical WHO disease-pathogen-host backbone; role-specific reservoir/amplifier/incidental/dead-end evidence not assessed,low,TRUE,standard_review
West Nile fever,Orthoflavivirus nilense,Orthoflavivirus nilense,11082,myotis septentrionalis,258941,,,,TRUE,TRUE,prototype,in_gibb_etal=TRUE; in_empres_i=TRUE; deferred_broad_vesiculovirus=FALSE,Orthoflavivirus nilense,West Nile fever,Antibodies,VIRION,1,FALSE,FALSE,,,,,host_present_in_system,host appears in canonical WHO disease-pathogen-host backbone; role-specific reservoir/amplifier/incidental/dead-end evidence not assessed,low,TRUE,standard_review
West Nile fever,Orthoflavivirus nilense,Orthoflavivirus nilense,11082,neophron percnopterus,33608,,,,TRUE,TRUE,prototype,in_gibb_etal=TRUE; in_empres_i=TRUE; deferred_broad_vesiculovirus=FALSE,Orthoflavivirus nilense,West Nile fever,Antibodies,VIRION,1,FALSE,FALSE,,,,,host_present_in_system,host appears in canonical WHO disease-pathogen-host backbone; role-specific reservoir/amplifier/incidental/dead-end evidence not assessed,low,TRUE,standard_review
West Nile fever,Orthoflavivirus nilense,Orthoflavivirus nilense,11082,oreamnos americanus,34873,,,,TRUE,TRUE,prototype,in_gibb_etal=TRUE; in_empres_i=TRUE; deferred_broad_vesiculovirus=FALSE,Orthoflavivirus nilense,West Nile fever,Antibodies,VIRION,1,FALSE,FALSE,,,,,host_present_in_system,host appears in canonical WHO disease-pathogen-host backbone; role-specific reservoir/amplifier/incidental/dead-end evidence not assessed,low,TRUE,standard_review
West Nile fever,Orthoflavivirus nilense,Orthoflavivirus nilense,11082,perodicticus potto,9472,,,,TRUE,TRUE,prototype,in_gibb_etal=TRUE; in_empres_i=TRUE; deferred_broad_vesiculovirus=FALSE,Orthoflavivirus nilense,West Nile fever,Antibodies,VIRION,1,FALSE,FALSE,,,,,host_present_in_system,host appears in canonical WHO disease-pathogen-host backbone; role-specific reservoir/amplifier/incidental/dead-end evidence not assessed,low,TRUE,standard_review
West Nile fever,Orthoflavivirus nilense,Orthoflavivirus nilense,11082,propithecus coquereli,379532,,,,TRUE,TRUE,prototype,in_gibb_etal=TRUE; in_empres_i=TRUE; deferred_broad_vesiculovirus=FALSE,Orthoflavivirus nilense,West Nile fever,Antibodies,VIRION,1,FALSE,FALSE,,,,,host_present_in_system,host appears in canonical WHO disease-pathogen-host backbone; role-specific reservoir/amplifier/incidental/dead-end evidence not assessed,low,TRUE,standard_review
West Nile fever,Orthoflavivirus nilense,Orthoflavivirus nilense,11082,propithecus verreauxi,34825,,,,TRUE,TRUE,prototype,in_gibb_etal=TRUE; in_empres_i=TRUE; deferred_broad_vesiculovirus=FALSE,Orthoflavivirus nilense,West Nile fever,Antibodies,VIRION,1,FALSE,FALSE,,,,,host_present_in_system,host appears in canonical WHO disease-pathogen-host backbone; role-specific reservoir/amplifier/incidental/dead-end evidence not assessed,low,TRUE,standard_review
West Nile fever,Orthoflavivirus nilense,Orthoflavivirus nilense,11082,pteropus rufus,196297,,,,TRUE,TRUE,prototype,in_gibb_etal=TRUE; in_empres_i=TRUE; deferred_broad_vesiculovirus=FALSE,Orthoflavivirus nilense,West Nile fever,Antibodies,VIRION,1,FALSE,FALSE,,,,,host_present_in_system,host appears in canonical WHO disease-pathogen-host backbone; role-specific reservoir/amplifier/incidental/dead-end evidence not assessed,low,TRUE,standard_review
West Nile fever,Orthoflavivirus nilense,Orthoflavivirus nilense,11082,pteropus scapulatus,94117,,,,TRUE,TRUE,prototype,in_gibb_etal=TRUE; in_empres_i=TRUE; deferred_broad_vesiculovirus=FALSE,Orthoflavivirus nilense,West Nile fever,Antibodies,VIRION,1,FALSE,FALSE,,,,,host_present_in_system,host appears in canonical WHO disease-pathogen-host backbone; role-specific reservoir/amplifier/incidental/dead-end evidence not assessed,low,TRUE,standard_review
West Nile fever,Orthoflavivirus nilense,Orthoflavivirus nilense,11082,rangifer tarandus,9870,,,,TRUE,TRUE,prototype,in_gibb_etal=TRUE; in_empres_i=TRUE; deferred_broad_vesiculovirus=FALSE,Orthoflavivirus nilense,West Nile fever,Antibodies,VIRION,1,FALSE,FALSE,,,,,host_present_in_system,host appears in canonical WHO disease-pathogen-host backbone; role-specific reservoir/amplifier/incidental/dead-end evidence not assessed,low,TRUE,standard_review
West Nile fever,Orthoflavivirus nilense,Orthoflavivirus nilense,11082,rhinoceros unicornis,9809,,,,TRUE,TRUE,prototype,in_gibb_etal=TRUE; in_empres_i=TRUE; deferred_broad_vesiculovirus=FALSE,Orthoflavivirus nilense,West Nile fever,Antibodies,VIRION,1,FALSE,FALSE,,,,,host_present_in_system,host appears in canonical WHO disease-pathogen-host backbone; role-specific reservoir/amplifier/incidental/dead-end evidence not assessed,low,TRUE,standard_review
West Nile fever,Orthoflavivirus nilense,Orthoflavivirus nilense,11082,sekeetamys calurus,298884,,,,TRUE,TRUE,prototype,in_gibb_etal=TRUE; in_empres_i=TRUE; deferred_broad_vesiculovirus=FALSE,Orthoflavivirus nilense,West Nile fever,Antibodies,VIRION,1,FALSE,FALSE,,,,,host_present_in_system,host appears in canonical WHO disease-pathogen-host backbone; role-specific reservoir/amplifier/incidental/dead-end evidence not assessed,low,TRUE,standard_review
West Nile fever,Orthoflavivirus nilense,Orthoflavivirus nilense,11082,spermophilus citellus,9997,,,,TRUE,TRUE,prototype,in_gibb_etal=TRUE; in_empres_i=TRUE; deferred_broad_vesiculovirus=FALSE,Orthoflavivirus nilense,West Nile fever,Antibodies,VIRION,1,FALSE,FALSE,,,,,host_present_in_system,host appears in canonical WHO disease-pathogen-host backbone; role-specific reservoir/amplifier/incidental/dead-end evidence not assessed,low,TRUE,standard_review
West Nile fever,Orthoflavivirus nilense,Orthoflavivirus nilense,11082,talpa romana,52886,,,,TRUE,TRUE,prototype,in_gibb_etal=TRUE; in_empres_i=TRUE; deferred_broad_vesiculovirus=FALSE,Orthoflavivirus nilense,West Nile fever,Antibodies,VIRION,1,FALSE,FALSE,,,,,host_present_in_system,host appears in canonical WHO disease-pathogen-host backbone; role-specific reservoir/amplifier/incidental/dead-end evidence not assessed,low,TRUE,standard_review
West Nile fever,Orthoflavivirus nilense,Orthoflavivirus nilense,11082,tamias striatus,45474,,,,TRUE,TRUE,prototype,in_gibb_etal=TRUE; in_empres_i=TRUE; deferred_broad_vesiculovirus=FALSE,Orthoflavivirus nilense,West Nile fever,Antibodies,VIRION,1,FALSE,FALSE,,,,,host_present_in_system,host appears in canonical WHO disease-pathogen-host backbone; role-specific reservoir/amplifier/incidental/dead-end evidence not assessed,low,TRUE,standard_review
West Nile fever,Orthoflavivirus nilense,Orthoflavivirus nilense,11082,tamiasciurus hudsonicus,10009,,,,TRUE,TRUE,prototype,in_gibb_etal=TRUE; in_empres_i=TRUE; deferred_broad_vesiculovirus=FALSE,Orthoflavivirus nilense,West Nile fever,Antibodies,VIRION,1,FALSE,FALSE,,,,,host_present_in_system,host appears in canonical WHO disease-pathogen-host backbone; role-specific reservoir/amplifier/incidental/dead-end evidence not assessed,low,TRUE,standard_review
West Nile fever,Orthoflavivirus nilense,Orthoflavivirus nilense,11082,tatera indica,186471,,,,TRUE,TRUE,prototype,in_gibb_etal=TRUE; in_empres_i=TRUE; deferred_broad_vesiculovirus=FALSE,Orthoflavivirus nilense,West Nile fever,Antibodies,VIRION,1,FALSE,FALSE,,,,,host_present_in_system,host appears in canonical WHO disease-pathogen-host backbone; role-specific reservoir/amplifier/incidental/dead-end evidence not assessed,low,TRUE,standard_review
West Nile fever,Orthoflavivirus nilense,Orthoflavivirus nilense,11082,thallomys nigricauda,371826,,,,TRUE,TRUE,prototype,in_gibb_etal=TRUE; in_empres_i=TRUE; deferred_broad_vesiculovirus=FALSE,Orthoflavivirus nilense,West Nile fever,Antibodies,VIRION,1,FALSE,FALSE,,,,,host_present_in_system,host appears in canonical WHO disease-pathogen-host backbone; role-specific reservoir/amplifier/incidental/dead-end evidence not assessed,low,TRUE,standard_review
West Nile fever,Orthoflavivirus nilense,Orthoflavivirus nilense,11082,tringa ochropus,261960,,,,TRUE,TRUE,prototype,in_gibb_etal=TRUE; in_empres_i=TRUE; deferred_broad_vesiculovirus=FALSE,Orthoflavivirus nilense,West Nile fever,Antibodies,VIRION,1,FALSE,FALSE,,,,,host_present_in_system,host appears in canonical WHO disease-pathogen-host backbone; role-specific reservoir/amplifier/incidental/dead-end evidence not assessed,low,TRUE,standard_review
West Nile fever,Orthoflavivirus nilense,Orthoflavivirus nilense,11082,zapus hudsonius,160400,,,,TRUE,TRUE,prototype,in_gibb_etal=TRUE; in_empres_i=TRUE; deferred_broad_vesiculovirus=FALSE,Orthoflavivirus nilense,West Nile fever,Antibodies,VIRION,1,FALSE,FALSE,,,,,host_present_in_system,host appears in canonical WHO disease-pathogen-host backbone; role-specific reservoir/amplifier/incidental/dead-end evidence not assessed,low,TRUE,standard_review
Yellow fever,Orthoflavivirus flavi,Orthoflavivirus flavi,11089,Artibeus jamaicensis,9417,mammalia,chiroptera,phyllostomidae,TRUE,FALSE,priority,in_gibb_etal=TRUE; in_empres_i=FALSE; deferred_broad_vesiculovirus=FALSE,Orthoflavivirus flavi,Yellow fever,Antibodies,VIRION,1,FALSE,FALSE,FALSE,FALSE,TRUE,FALSE,host_present_in_system,host appears in canonical WHO disease-pathogen-host backbone; role-specific reservoir/amplifier/incidental/dead-end evidence not assessed,low,TRUE,medium_ecology_triage
Yellow fever,Orthoflavivirus flavi,Orthoflavivirus flavi,11089,Artibeus lituratus,27634,mammalia,chiroptera,phyllostomidae,TRUE,FALSE,priority,in_gibb_etal=TRUE; in_empres_i=FALSE; deferred_broad_vesiculovirus=FALSE,Orthoflavivirus flavi,Yellow fever,Antibodies,VIRION,1,FALSE,FALSE,FALSE,FALSE,TRUE,FALSE,host_present_in_system,host appears in canonical WHO disease-pathogen-host backbone; role-specific reservoir/amplifier/incidental/dead-end evidence not assessed,low,TRUE,medium_ecology_triage
Yellow fever,Orthoflavivirus flavi,Orthoflavivirus flavi,11089,Carollia perspicillata,40233,mammalia,chiroptera,phyllostomidae,TRUE,FALSE,priority,in_gibb_etal=TRUE; in_empres_i=FALSE; deferred_broad_vesiculovirus=FALSE,Orthoflavivirus flavi,Yellow fever,Antibodies,VIRION,1,FALSE,FALSE,FALSE,FALSE,TRUE,FALSE,host_present_in_system,host appears in canonical WHO disease-pathogen-host backbone; role-specific reservoir/amplifier/incidental/dead-end evidence not assessed,low,TRUE,medium_ecology_triage
Yellow fever,Orthoflavivirus flavi,Orthoflavivirus flavi,11089,Glossophaga soricina,27638,mammalia,chiroptera,phyllostomidae,TRUE,FALSE,priority,in_gibb_etal=TRUE; in_empres_i=FALSE; deferred_broad_vesiculovirus=FALSE,Orthoflavivirus flavi,Yellow fever,Antibodies,VIRION,1,FALSE,FALSE,FALSE,FALSE,TRUE,FALSE,host_present_in_system,host appears in canonical WHO disease-pathogen-host backbone; role-specific reservoir/amplifier/incidental/dead-end evidence not assessed,low,TRUE,medium_ecology_triage
Yellow fever,Orthoflavivirus flavi,Orthoflavivirus flavi,11089,Molossus molossus,27622,mammalia,chiroptera,molossidae,TRUE,FALSE,priority,in_gibb_etal=TRUE; in_empres_i=FALSE; deferred_broad_vesiculovirus=FALSE,Orthoflavivirus flavi,Yellow fever,Antibodies,VIRION,1,FALSE,FALSE,FALSE,FALSE,TRUE,FALSE,host_present_in_system,host appears in canonical WHO disease-pathogen-host backbone; role-specific reservoir/amplifier/incidental/dead-end evidence not assessed,low,TRUE,medium_ecology_triage
Yellow fever,Orthoflavivirus flavi,Orthoflavivirus flavi,11089,Molossus rufus,124751,mammalia,chiroptera,molossidae,TRUE,FALSE,priority,in_gibb_etal=TRUE; in_empres_i=FALSE; deferred_broad_vesiculovirus=FALSE,Orthoflavivirus flavi,Yellow fever,Antibodies,VIRION,1,FALSE,FALSE,FALSE,FALSE,TRUE,FALSE,host_present_in_system,host appears in canonical WHO disease-pathogen-host backbone; role-specific reservoir/amplifier/incidental/dead-end evidence not assessed,low,TRUE,medium_ecology_triage
Yellow fever,Orthoflavivirus flavi,Orthoflavivirus flavi,11089; 3046277,Alouatta caraya,9502,mammalia,primates,atelidae,TRUE,FALSE,priority,in_gibb_etal=TRUE; in_empres_i=FALSE; deferred_broad_vesiculovirus=FALSE,Orthoflavivirus flavi,Yellow fever,Antibodies; Isolation/Observation; Not specified; PCR/Sequencing; PCR/Sequencing,VIRION,2,FALSE,FALSE,FALSE,FALSE,FALSE,TRUE,host_present_in_system,host appears in canonical WHO disease-pathogen-host backbone; role-specific reservoir/amplifier/incidental/dead-end evidence not assessed,low,TRUE,medium_ecology_triage
Yellow fever,Orthoflavivirus flavi,Orthoflavivirus flavi,11089; 3046277,Alouatta guariba,182256,mammalia,primates,atelidae,TRUE,FALSE,priority,in_gibb_etal=TRUE; in_empres_i=FALSE; deferred_broad_vesiculovirus=FALSE,Orthoflavivirus flavi,Yellow fever,Isolation/Observation; Not specified; PCR/Sequencing,VIRION,2,FALSE,FALSE,FALSE,FALSE,FALSE,TRUE,host_present_in_system,host appears in canonical WHO disease-pathogen-host backbone; role-specific reservoir/amplifier/incidental/dead-end evidence not assessed,low,TRUE,medium_ecology_triage
Yellow fever,Orthoflavivirus flavi,Orthoflavivirus flavi,3046277,Alouatta guariba,183328,mammalia,primates,atelidae,TRUE,FALSE,priority,in_gibb_etal=TRUE; in_empres_i=FALSE; deferred_broad_vesiculovirus=FALSE,Orthoflavivirus flavi,Yellow fever,PCR/Sequencing,VIRION,1,FALSE,FALSE,FALSE,FALSE,FALSE,TRUE,host_present_in_system,host appears in canonical WHO disease-pathogen-host backbone; role-specific reservoir/amplifier/incidental/dead-end evidence not assessed,low,TRUE,medium_ecology_triage
Yellow fever,Orthoflavivirus flavi,Orthoflavivirus flavi,11089; 3046277,Alouatta sara,121123,mammalia,primates,atelidae,TRUE,FALSE,priority,in_gibb_etal=TRUE; in_empres_i=FALSE; deferred_broad_vesiculovirus=FALSE,Orthoflavivirus flavi,Yellow fever,PCR/Sequencing,VIRION,2,FALSE,FALSE,FALSE,FALSE,FALSE,TRUE,host_present_in_system,host appears in canonical WHO disease-pathogen-host backbone; role-specific reservoir/amplifier/incidental/dead-end evidence not assessed,low,TRUE,medium_ecology_triage
Yellow fever,Orthoflavivirus flavi,Orthoflavivirus flavi,11089; 3046277,Alouatta seniculus,9503,mammalia,primates,atelidae,TRUE,FALSE,priority,in_gibb_etal=TRUE; in_empres_i=FALSE; deferred_broad_vesiculovirus=FALSE,Orthoflavivirus flavi,Yellow fever,Antibodies; Isolation/Observation; PCR/Sequencing; PCR/Sequencing,VIRION,2,FALSE,FALSE,FALSE,FALSE,FALSE,TRUE,host_present_in_system,host appears in canonical WHO disease-pathogen-host backbone; role-specific reservoir/amplifier/incidental/dead-end evidence not assessed,low,TRUE,medium_ecology_triage
Yellow fever,Orthoflavivirus flavi,Orthoflavivirus flavi,11089,Ateles geoffroyi,9509,mammalia,primates,atelidae,TRUE,FALSE,priority,in_gibb_etal=TRUE; in_empres_i=FALSE; deferred_broad_vesiculovirus=FALSE,Orthoflavivirus flavi,Yellow fever,Antibodies,VIRION,1,FALSE,FALSE,FALSE,FALSE,FALSE,TRUE,host_present_in_system,host appears in canonical WHO disease-pathogen-host backbone; role-specific reservoir/amplifier/incidental/dead-end evidence not assessed,low,TRUE,medium_ecology_triage
Yellow fever,Orthoflavivirus flavi,Orthoflavivirus flavi,3046277,Callicebus nigrifrons,867334,mammalia,primates,pitheciidae,TRUE,FALSE,priority,in_gibb_etal=TRUE; in_empres_i=FALSE; deferred_broad_vesiculovirus=FALSE,Orthoflavivirus flavi,Yellow fever,PCR/Sequencing,VIRION,1,FALSE,FALSE,FALSE,FALSE,FALSE,TRUE,host_present_in_system,host appears in canonical WHO disease-pathogen-host backbone; role-specific reservoir/amplifier/incidental/dead-end evidence not assessed,low,TRUE,medium_ecology_triage
Yellow fever,Orthoflavivirus flavi,Orthoflavivirus flavi,3046277,Callicebus personatus,70814,mammalia,primates,pitheciidae,TRUE,FALSE,priority,in_gibb_etal=TRUE; in_empres_i=FALSE; deferred_broad_vesiculovirus=FALSE,Orthoflavivirus flavi,Yellow fever,PCR/Sequencing,VIRION,1,FALSE,FALSE,FALSE,FALSE,FALSE,TRUE,host_present_in_system,host appears in canonical WHO disease-pathogen-host backbone; role-specific reservoir/amplifier/incidental/dead-end evidence not assessed,low,TRUE,medium_ecology_triage
Yellow fever,Orthoflavivirus flavi,Orthoflavivirus flavi,3046277,Callithrix geoffroyi,52231,mammalia,primates,callitrichidae,TRUE,FALSE,priority,in_gibb_etal=TRUE; in_empres_i=FALSE; deferred_broad_vesiculovirus=FALSE,Orthoflavivirus flavi,Yellow fever,PCR/Sequencing,VIRION,1,FALSE,FALSE,FALSE,FALSE,FALSE,TRUE,host_present_in_system,host appears in canonical WHO disease-pathogen-host backbone; role-specific reservoir/amplifier/incidental/dead-end evidence not assessed,low,TRUE,medium_ecology_triage
Yellow fever,Orthoflavivirus flavi,Orthoflavivirus flavi,11089,Callithrix jacchus,9483,mammalia,primates,callitrichidae,TRUE,FALSE,priority,in_gibb_etal=TRUE; in_empres_i=FALSE; deferred_broad_vesiculovirus=FALSE,Orthoflavivirus flavi,Yellow fever,Antibodies,VIRION,1,FALSE,FALSE,FALSE,FALSE,FALSE,TRUE,host_present_in_system,host appears in canonical WHO disease-pathogen-host backbone; role-specific reservoir/amplifier/incidental/dead-end evidence not assessed,low,TRUE,medium_ecology_triage
Yellow fever,Orthoflavivirus flavi,Orthoflavivirus flavi,11089; 3046277,Callithrix penicillata,57378,mammalia,primates,callitrichidae,TRUE,FALSE,priority,in_gibb_etal=TRUE; in_empres_i=FALSE; deferred_broad_vesiculovirus=FALSE,Orthoflavivirus flavi,Yellow fever,Antibodies; Isolation/Observation; PCR/Sequencing,VIRION,2,FALSE,FALSE,FALSE,FALSE,FALSE,TRUE,host_present_in_system,host appears in canonical WHO disease-pathogen-host backbone; role-specific reservoir/amplifier/incidental/dead-end evidence not assessed,low,TRUE,medium_ecology_triage
Yellow fever,Orthoflavivirus flavi,Orthoflavivirus flavi,11089,Cercopithecus ascanius,36223,mammalia,primates,cercopithecidae,TRUE,FALSE,priority,in_gibb_etal=TRUE; in_empres_i=FALSE; deferred_broad_vesiculovirus=FALSE,Orthoflavivirus flavi,Yellow fever,Antibodies; Not specified,VIRION,1,FALSE,FALSE,FALSE,FALSE,FALSE,TRUE,host_present_in_system,host appears in canonical WHO disease-pathogen-host backbone; role-specific reservoir/amplifier/incidental/dead-end evidence not assessed,low,TRUE,medium_ecology_triage
Yellow fever,Orthoflavivirus flavi,Orthoflavivirus flavi,11089,Chlorocebus aethiops,9534,mammalia,primates,cercopithecidae,TRUE,FALSE,priority,in_gibb_etal=TRUE; in_empres_i=FALSE; deferred_broad_vesiculovirus=FALSE,Orthoflavivirus flavi,Yellow fever,Antibodies; Isolation/Observation; Not specified,VIRION,1,FALSE,FALSE,FALSE,FALSE,FALSE,TRUE,host_present_in_system,host appears in canonical WHO disease-pathogen-host backbone; role-specific reservoir/amplifier/incidental/dead-end evidence not assessed,low,TRUE,medium_ecology_triage
Yellow fever,Orthoflavivirus flavi,Orthoflavivirus flavi,11089,Colobus guereza,33548,mammalia,primates,cercopithecidae,TRUE,FALSE,priority,in_gibb_etal=TRUE; in_empres_i=FALSE; deferred_broad_vesiculovirus=FALSE,Orthoflavivirus flavi,Yellow fever,Antibodies,VIRION,1,FALSE,FALSE,FALSE,FALSE,FALSE,TRUE,host_present_in_system,host appears in canonical WHO disease-pathogen-host backbone; role-specific reservoir/amplifier/incidental/dead-end evidence not assessed,low,TRUE,medium_ecology_triage
Yellow fever,Orthoflavivirus flavi,Orthoflavivirus flavi,11089; 3046277,Erythrocebus patas,9538,mammalia,primates,cercopithecidae,TRUE,FALSE,priority,in_gibb_etal=TRUE; in_empres_i=FALSE; deferred_broad_vesiculovirus=FALSE,Orthoflavivirus flavi,Yellow fever,Isolation/Observation; Not specified; PCR/Sequencing; PCR/Sequencing,VIRION,2,FALSE,FALSE,FALSE,FALSE,FALSE,TRUE,host_present_in_system,host appears in canonical WHO disease-pathogen-host backbone; role-specific reservoir/amplifier/incidental/dead-end evidence not assessed,low,TRUE,medium_ecology_triage
Yellow fever,Orthoflavivirus flavi,Orthoflavivirus flavi,11089; 3046277,Macaca mulatta,9544,mammalia,primates,cercopithecidae,TRUE,FALSE,priority,in_gibb_etal=TRUE; in_empres_i=FALSE; deferred_broad_vesiculovirus=FALSE,Orthoflavivirus flavi,Yellow fever,Antibodies; PCR/Sequencing,VIRION,2,FALSE,FALSE,FALSE,FALSE,FALSE,TRUE,host_present_in_system,host appears in canonical WHO disease-pathogen-host backbone; role-specific reservoir/amplifier/incidental/dead-end evidence not assessed,low,TRUE,medium_ecology_triage
Yellow fever,Orthoflavivirus flavi,Orthoflavivirus flavi,11089,Macaca sylvanus,9546,mammalia,primates,cercopithecidae,TRUE,FALSE,priority,in_gibb_etal=TRUE; in_empres_i=FALSE; deferred_broad_vesiculovirus=FALSE,Orthoflavivirus flavi,Yellow fever,Not specified,VIRION,1,FALSE,FALSE,FALSE,FALSE,FALSE,TRUE,host_present_in_system,host appears in canonical WHO disease-pathogen-host backbone; role-specific reservoir/amplifier/incidental/dead-end evidence not assessed,low,TRUE,medium_ecology_triage
Yellow fever,Orthoflavivirus flavi,Orthoflavivirus flavi,11089,Pan troglodytes,9598,mammalia,primates,hominidae,TRUE,FALSE,priority,in_gibb_etal=TRUE; in_empres_i=FALSE; deferred_broad_vesiculovirus=FALSE,Orthoflavivirus flavi,Yellow fever,Antibodies,VIRION,1,FALSE,FALSE,FALSE,FALSE,FALSE,TRUE,host_present_in_system,host appears in canonical WHO disease-pathogen-host backbone; role-specific reservoir/amplifier/incidental/dead-end evidence not assessed,low,TRUE,medium_ecology_triage
Yellow fever,Orthoflavivirus flavi,Orthoflavivirus flavi,11089,Papio cynocephalus,9556,mammalia,primates,cercopithecidae,TRUE,FALSE,priority,in_gibb_etal=TRUE; in_empres_i=FALSE; deferred_broad_vesiculovirus=FALSE,Orthoflavivirus flavi,Yellow fever,Antibodies,VIRION,1,FALSE,FALSE,FALSE,FALSE,FALSE,TRUE,host_present_in_system,host appears in canonical WHO disease-pathogen-host backbone; role-specific reservoir/amplifier/incidental/dead-end evidence not assessed,low,TRUE,medium_ecology_triage
Yellow fever,Orthoflavivirus flavi,Orthoflavivirus flavi,11089; 3046277,Saguinus midas,30586,mammalia,primates,callitrichidae,TRUE,FALSE,priority,in_gibb_etal=TRUE; in_empres_i=FALSE; deferred_broad_vesiculovirus=FALSE,Orthoflavivirus flavi,Yellow fever,Antibodies; PCR/Sequencing,VIRION,2,FALSE,FALSE,FALSE,FALSE,FALSE,TRUE,host_present_in_system,host appears in canonical WHO disease-pathogen-host backbone; role-specific reservoir/amplifier/incidental/dead-end evidence not assessed,low,TRUE,medium_ecology_triage
Yellow fever,Orthoflavivirus flavi,Orthoflavivirus flavi,11089,Saimiri sciureus,9521,mammalia,primates,cebidae,TRUE,FALSE,priority,in_gibb_etal=TRUE; in_empres_i=FALSE; deferred_broad_vesiculovirus=FALSE,Orthoflavivirus flavi,Yellow fever,Antibodies; Not specified,VIRION,1,FALSE,FALSE,FALSE,FALSE,FALSE,TRUE,host_present_in_system,host appears in canonical WHO disease-pathogen-host backbone; role-specific reservoir/amplifier/incidental/dead-end evidence not assessed,low,TRUE,medium_ecology_triage
Yellow fever,Orthoflavivirus flavi,Orthoflavivirus flavi,11089; 3046277,Sapajus apella,9515,mammalia,primates,cebidae,TRUE,FALSE,priority,in_gibb_etal=TRUE; in_empres_i=FALSE; deferred_broad_vesiculovirus=FALSE,Orthoflavivirus flavi,Yellow fever,Antibodies; PCR/Sequencing,VIRION,2,FALSE,FALSE,FALSE,FALSE,FALSE,TRUE,host_present_in_system,host appears in canonical WHO disease-pathogen-host backbone; role-specific reservoir/amplifier/incidental/dead-end evidence not assessed,low,TRUE,medium_ecology_triage
Yellow fever,Orthoflavivirus flavi,Orthoflavivirus flavi,3046277,Sapajus libidinosus,1126382,mammalia,primates,cebidae,TRUE,FALSE,priority,in_gibb_etal=TRUE; in_empres_i=FALSE; deferred_broad_vesiculovirus=FALSE,Orthoflavivirus flavi,Yellow fever,PCR/Sequencing,VIRION,1,FALSE,FALSE,FALSE,FALSE,FALSE,TRUE,host_present_in_system,host appears in canonical WHO disease-pathogen-host backbone; role-specific reservoir/amplifier/incidental/dead-end evidence not assessed,low,TRUE,medium_ecology_triage
Yellow fever,Orthoflavivirus flavi,Orthoflavivirus flavi,11089,Mesocricetus auratus,10036,mammalia,rodentia,cricetidae,TRUE,FALSE,priority,in_gibb_etal=TRUE; in_empres_i=FALSE; deferred_broad_vesiculovirus=FALSE,Orthoflavivirus flavi,Yellow fever,Not specified,VIRION,1,FALSE,FALSE,FALSE,TRUE,FALSE,FALSE,host_present_in_system,host appears in canonical WHO disease-pathogen-host backbone; role-specific reservoir/amplifier/incidental/dead-end evidence not assessed,low,TRUE,medium_ecology_triage
Yellow fever,Orthoflavivirus flavi,Orthoflavivirus flavi,11089; 3046277,Homo sapiens,9606,,,,TRUE,FALSE,priority,in_gibb_etal=TRUE; in_empres_i=FALSE; deferred_broad_vesiculovirus=FALSE,Orthoflavivirus flavi,Yellow fever,Isolation/Observation; Not specified; PCR/Sequencing; PCR/Sequencing,VIRION,2,TRUE,FALSE,,,,,host_present_in_system,host appears in canonical WHO disease-pathogen-host backbone; role-specific reservoir/amplifier/incidental/dead-end evidence not assessed,low,TRUE,medium_human_triage
Yellow fever,Orthoflavivirus flavi,Orthoflavivirus flavi,11089,Bradypus tridactylus,9354,mammalia,pilosa,bradypodidae,TRUE,FALSE,priority,in_gibb_etal=TRUE; in_empres_i=FALSE; deferred_broad_vesiculovirus=FALSE,Orthoflavivirus flavi,Yellow fever,Antibodies,VIRION,1,FALSE,FALSE,FALSE,FALSE,FALSE,FALSE,host_present_in_system,host appears in canonical WHO disease-pathogen-host backbone; role-specific reservoir/amplifier/incidental/dead-end evidence not assessed,low,TRUE,standard_review
Yellow fever,Orthoflavivirus flavi,Orthoflavivirus flavi,3046277,Alouatta,9501,,,,TRUE,FALSE,priority,in_gibb_etal=TRUE; in_empres_i=FALSE; deferred_broad_vesiculovirus=FALSE,Orthoflavivirus flavi,Yellow fever,PCR/Sequencing,VIRION,1,FALSE,FALSE,,,,,host_present_in_system,host appears in canonical WHO disease-pathogen-host backbone; role-specific reservoir/amplifier/incidental/dead-end evidence not assessed,low,TRUE,standard_review
Yellow fever,Orthoflavivirus flavi,Orthoflavivirus flavi,3046277,Aotus azarae,30591,,,,TRUE,FALSE,priority,in_gibb_etal=TRUE; in_empres_i=FALSE; deferred_broad_vesiculovirus=FALSE,Orthoflavivirus flavi,Yellow fever,PCR/Sequencing,VIRION,1,FALSE,FALSE,,,,,host_present_in_system,host appears in canonical WHO disease-pathogen-host backbone; role-specific reservoir/amplifier/incidental/dead-end evidence not assessed,low,TRUE,standard_review
Yellow fever,Orthoflavivirus flavi,Orthoflavivirus flavi,3046277,Callicebus,116962,,,,TRUE,FALSE,priority,in_gibb_etal=TRUE; in_empres_i=FALSE; deferred_broad_vesiculovirus=FALSE,Orthoflavivirus flavi,Yellow fever,PCR/Sequencing,VIRION,1,FALSE,FALSE,,,,,host_present_in_system,host appears in canonical WHO disease-pathogen-host backbone; role-specific reservoir/amplifier/incidental/dead-end evidence not assessed,low,TRUE,standard_review
Yellow fever,Orthoflavivirus flavi,Orthoflavivirus flavi,3046277,Callithrix,9485,,,,TRUE,FALSE,priority,in_gibb_etal=TRUE; in_empres_i=FALSE; deferred_broad_vesiculovirus=FALSE,Orthoflavivirus flavi,Yellow fever,PCR/Sequencing,VIRION,1,FALSE,FALSE,,,,,host_present_in_system,host appears in canonical WHO disease-pathogen-host backbone; role-specific reservoir/amplifier/incidental/dead-end evidence not assessed,low,TRUE,standard_review
Yellow fever,Orthoflavivirus flavi,Orthoflavivirus flavi,3046277,Cebus,9517,,,,TRUE,FALSE,priority,in_gibb_etal=TRUE; in_empres_i=FALSE; deferred_broad_vesiculovirus=FALSE,Orthoflavivirus flavi,Yellow fever,PCR/Sequencing,VIRION,1,FALSE,FALSE,,,,,host_present_in_system,host appears in canonical WHO disease-pathogen-host backbone; role-specific reservoir/amplifier/incidental/dead-end evidence not assessed,low,TRUE,standard_review
Yellow fever,Orthoflavivirus flavi,Orthoflavivirus flavi,3046277,Sapajus,1874197,,,,TRUE,FALSE,priority,in_gibb_etal=TRUE; in_empres_i=FALSE; deferred_broad_vesiculovirus=FALSE,Orthoflavivirus flavi,Yellow fever,PCR/Sequencing,VIRION,1,FALSE,FALSE,,,,,host_present_in_system,host appears in canonical WHO disease-pathogen-host backbone; role-specific reservoir/amplifier/incidental/dead-end evidence not assessed,low,TRUE,standard_review
Yellow fever,Orthoflavivirus flavi,Orthoflavivirus flavi,11089,alouatta belzebul,30590,,,,TRUE,FALSE,priority,in_gibb_etal=TRUE; in_empres_i=FALSE; deferred_broad_vesiculovirus=FALSE,Orthoflavivirus flavi,Yellow fever,Antibodies,VIRION,1,FALSE,FALSE,,,,,host_present_in_system,host appears in canonical WHO disease-pathogen-host backbone; role-specific reservoir/amplifier/incidental/dead-end evidence not assessed,low,TRUE,standard_review
Yellow fever,Orthoflavivirus flavi,Orthoflavivirus flavi,11089,alouatta palliata,30589,,,,TRUE,FALSE,priority,in_gibb_etal=TRUE; in_empres_i=FALSE; deferred_broad_vesiculovirus=FALSE,Orthoflavivirus flavi,Yellow fever,Antibodies,VIRION,1,FALSE,FALSE,,,,,host_present_in_system,host appears in canonical WHO disease-pathogen-host backbone; role-specific reservoir/amplifier/incidental/dead-end evidence not assessed,low,TRUE,standard_review
Yellow fever,Orthoflavivirus flavi,Orthoflavivirus flavi,11089,alouatta pigra,182253,,,,TRUE,FALSE,priority,in_gibb_etal=TRUE; in_empres_i=FALSE; deferred_broad_vesiculovirus=FALSE,Orthoflavivirus flavi,Yellow fever,Antibodies,VIRION,1,FALSE,FALSE,,,,,host_present_in_system,host appears in canonical WHO disease-pathogen-host backbone; role-specific reservoir/amplifier/incidental/dead-end evidence not assessed,low,TRUE,standard_review
Yellow fever,Orthoflavivirus flavi,Orthoflavivirus flavi,11089,aotus trivirgatus,9505,,,,TRUE,FALSE,priority,in_gibb_etal=TRUE; in_empres_i=FALSE; deferred_broad_vesiculovirus=FALSE,Orthoflavivirus flavi,Yellow fever,Antibodies,VIRION,1,FALSE,FALSE,,,,,host_present_in_system,host appears in canonical WHO disease-pathogen-host backbone; role-specific reservoir/amplifier/incidental/dead-end evidence not assessed,low,TRUE,standard_review
Yellow fever,Orthoflavivirus flavi,Orthoflavivirus flavi,11089,artibeus cinereus,40224,,,,TRUE,FALSE,priority,in_gibb_etal=TRUE; in_empres_i=FALSE; deferred_broad_vesiculovirus=FALSE,Orthoflavivirus flavi,Yellow fever,Antibodies,VIRION,1,FALSE,FALSE,,,,,host_present_in_system,host appears in canonical WHO disease-pathogen-host backbone; role-specific reservoir/amplifier/incidental/dead-end evidence not assessed,low,TRUE,standard_review
Yellow fever,Orthoflavivirus flavi,Orthoflavivirus flavi,11089,ateles paniscus,9510,,,,TRUE,FALSE,priority,in_gibb_etal=TRUE; in_empres_i=FALSE; deferred_broad_vesiculovirus=FALSE,Orthoflavivirus flavi,Yellow fever,Antibodies,VIRION,1,FALSE,FALSE,,,,,host_present_in_system,host appears in canonical WHO disease-pathogen-host backbone; role-specific reservoir/amplifier/incidental/dead-end evidence not assessed,low,TRUE,standard_review
Yellow fever,Orthoflavivirus flavi,Orthoflavivirus flavi,3046277,callitrichinae sp.,38020,,,,TRUE,FALSE,priority,in_gibb_etal=TRUE; in_empres_i=FALSE; deferred_broad_vesiculovirus=FALSE,Orthoflavivirus flavi,Yellow fever,PCR/Sequencing,VIRION,1,FALSE,FALSE,,,,,host_present_in_system,host appears in canonical WHO disease-pathogen-host backbone; role-specific reservoir/amplifier/incidental/dead-end evidence not assessed,low,TRUE,standard_review
Yellow fever,Orthoflavivirus flavi,Orthoflavivirus flavi,11089,cercopithecus diana,36224,,,,TRUE,FALSE,priority,in_gibb_etal=TRUE; in_empres_i=FALSE; deferred_broad_vesiculovirus=FALSE,Orthoflavivirus flavi,Yellow fever,Not specified,VIRION,1,FALSE,FALSE,,,,,host_present_in_system,host appears in canonical WHO disease-pathogen-host backbone; role-specific reservoir/amplifier/incidental/dead-end evidence not assessed,low,TRUE,standard_review
Yellow fever,Orthoflavivirus flavi,Orthoflavivirus flavi,11089,cercopithecus mona,36226,,,,TRUE,FALSE,priority,in_gibb_etal=TRUE; in_empres_i=FALSE; deferred_broad_vesiculovirus=FALSE,Orthoflavivirus flavi,Yellow fever,Antibodies; Not specified,VIRION,1,FALSE,FALSE,,,,,host_present_in_system,host appears in canonical WHO disease-pathogen-host backbone; role-specific reservoir/amplifier/incidental/dead-end evidence not assessed,low,TRUE,standard_review
Yellow fever,Orthoflavivirus flavi,Orthoflavivirus flavi,11089,cercopithecus nictitans,36228,,,,TRUE,FALSE,priority,in_gibb_etal=TRUE; in_empres_i=FALSE; deferred_broad_vesiculovirus=FALSE,Orthoflavivirus flavi,Yellow fever,Not specified,VIRION,1,FALSE,FALSE,,,,,host_present_in_system,host appears in canonical WHO disease-pathogen-host backbone; role-specific reservoir/amplifier/incidental/dead-end evidence not assessed,low,TRUE,standard_review
Yellow fever,Orthoflavivirus flavi,Orthoflavivirus flavi,11089,choloepus didactylus,27675,,,,TRUE,FALSE,priority,in_gibb_etal=TRUE; in_empres_i=FALSE; deferred_broad_vesiculovirus=FALSE,Orthoflavivirus flavi,Yellow fever,Antibodies,VIRION,1,FALSE,FALSE,,,,,host_present_in_system,host appears in canonical WHO disease-pathogen-host backbone; role-specific reservoir/amplifier/incidental/dead-end evidence not assessed,low,TRUE,standard_review
Yellow fever,Orthoflavivirus flavi,Orthoflavivirus flavi,11089,colobus polykomos,9572,,,,TRUE,FALSE,priority,in_gibb_etal=TRUE; in_empres_i=FALSE; deferred_broad_vesiculovirus=FALSE,Orthoflavivirus flavi,Yellow fever,Antibodies; Not specified,VIRION,1,FALSE,FALSE,,,,,host_present_in_system,host appears in canonical WHO disease-pathogen-host backbone; role-specific reservoir/amplifier/incidental/dead-end evidence not assessed,low,TRUE,standard_review
Yellow fever,Orthoflavivirus flavi,Orthoflavivirus flavi,11089,cyclopes didactylus,84074,,,,TRUE,FALSE,priority,in_gibb_etal=TRUE; in_empres_i=FALSE; deferred_broad_vesiculovirus=FALSE,Orthoflavivirus flavi,Yellow fever,Antibodies,VIRION,1,FALSE,FALSE,,,,,host_present_in_system,host appears in canonical WHO disease-pathogen-host backbone; role-specific reservoir/amplifier/incidental/dead-end evidence not assessed,low,TRUE,standard_review
Yellow fever,Orthoflavivirus flavi,Orthoflavivirus flavi,11089,dasyprocta leporina,42152,,,,TRUE,FALSE,priority,in_gibb_etal=TRUE; in_empres_i=FALSE; deferred_broad_vesiculovirus=FALSE,Orthoflavivirus flavi,Yellow fever,Antibodies,VIRION,1,FALSE,FALSE,,,,,host_present_in_system,host appears in canonical WHO disease-pathogen-host backbone; role-specific reservoir/amplifier/incidental/dead-end evidence not assessed,low,TRUE,standard_review
Yellow fever,Orthoflavivirus flavi,Orthoflavivirus flavi,11089,dicotyles tajacu,9829,,,,TRUE,FALSE,priority,in_gibb_etal=TRUE; in_empres_i=FALSE; deferred_broad_vesiculovirus=FALSE,Orthoflavivirus flavi,Yellow fever,Antibodies,VIRION,1,FALSE,FALSE,,,,,host_present_in_system,host appears in canonical WHO disease-pathogen-host backbone; role-specific reservoir/amplifier/incidental/dead-end evidence not assessed,low,TRUE,standard_review
Yellow fever,Orthoflavivirus flavi,Orthoflavivirus flavi,11089,eira barbara,204263,,,,TRUE,FALSE,priority,in_gibb_etal=TRUE; in_empres_i=FALSE; deferred_broad_vesiculovirus=FALSE,Orthoflavivirus flavi,Yellow fever,Antibodies,VIRION,1,FALSE,FALSE,,,,,host_present_in_system,host appears in canonical WHO disease-pathogen-host backbone; role-specific reservoir/amplifier/incidental/dead-end evidence not assessed,low,TRUE,standard_review
Yellow fever,Orthoflavivirus flavi,Orthoflavivirus flavi,11089,euoticus elegantulus,261736,,,,TRUE,FALSE,priority,in_gibb_etal=TRUE; in_empres_i=FALSE; deferred_broad_vesiculovirus=FALSE,Orthoflavivirus flavi,Yellow fever,Antibodies,VIRION,1,FALSE,FALSE,,,,,host_present_in_system,host appears in canonical WHO disease-pathogen-host backbone; role-specific reservoir/amplifier/incidental/dead-end evidence not assessed,low,TRUE,standard_review
Yellow fever,Orthoflavivirus flavi,Orthoflavivirus flavi,11089,galago senegalensis,9465,,,,TRUE,FALSE,priority,in_gibb_etal=TRUE; in_empres_i=FALSE; deferred_broad_vesiculovirus=FALSE,Orthoflavivirus flavi,Yellow fever,Antibodies,VIRION,1,FALSE,FALSE,,,,,host_present_in_system,host appears in canonical WHO disease-pathogen-host backbone; role-specific reservoir/amplifier/incidental/dead-end evidence not assessed,low,TRUE,standard_review
Yellow fever,Orthoflavivirus flavi,Orthoflavivirus flavi,11089,leontopithecus chrysomelas,57374,,,,TRUE,FALSE,priority,in_gibb_etal=TRUE; in_empres_i=FALSE; deferred_broad_vesiculovirus=FALSE,Orthoflavivirus flavi,Yellow fever,Antibodies,VIRION,1,FALSE,FALSE,,,,,host_present_in_system,host appears in canonical WHO disease-pathogen-host backbone; role-specific reservoir/amplifier/incidental/dead-end evidence not assessed,low,TRUE,standard_review
Yellow fever,Orthoflavivirus flavi,Orthoflavivirus flavi,11089,lophocebus albigena,75567,,,,TRUE,FALSE,priority,in_gibb_etal=TRUE; in_empres_i=FALSE; deferred_broad_vesiculovirus=FALSE,Orthoflavivirus flavi,Yellow fever,Antibodies,VIRION,1,FALSE,FALSE,,,,,host_present_in_system,host appears in canonical WHO disease-pathogen-host backbone; role-specific reservoir/amplifier/incidental/dead-end evidence not assessed,low,TRUE,standard_review
Yellow fever,Orthoflavivirus flavi,Orthoflavivirus flavi,11089,mico argentatus,9482,,,,TRUE,FALSE,priority,in_gibb_etal=TRUE; in_empres_i=FALSE; deferred_broad_vesiculovirus=FALSE,Orthoflavivirus flavi,Yellow fever,Antibodies,VIRION,1,FALSE,FALSE,,,,,host_present_in_system,host appears in canonical WHO disease-pathogen-host backbone; role-specific reservoir/amplifier/incidental/dead-end evidence not assessed,low,TRUE,standard_review
Yellow fever,Orthoflavivirus flavi,Orthoflavivirus flavi,11089,mico leucippe,2592806,,,,TRUE,FALSE,priority,in_gibb_etal=TRUE; in_empres_i=FALSE; deferred_broad_vesiculovirus=FALSE,Orthoflavivirus flavi,Yellow fever,Antibodies,VIRION,1,FALSE,FALSE,,,,,host_present_in_system,host appears in canonical WHO disease-pathogen-host backbone; role-specific reservoir/amplifier/incidental/dead-end evidence not assessed,low,TRUE,standard_review
Yellow fever,Orthoflavivirus flavi,Orthoflavivirus flavi,11089,otolemur crassicaudatus,9463,,,,TRUE,FALSE,priority,in_gibb_etal=TRUE; in_empres_i=FALSE; deferred_broad_vesiculovirus=FALSE,Orthoflavivirus flavi,Yellow fever,Antibodies,VIRION,1,FALSE,FALSE,,,,,host_present_in_system,host appears in canonical WHO disease-pathogen-host backbone; role-specific reservoir/amplifier/incidental/dead-end evidence not assessed,low,TRUE,standard_review
Yellow fever,Orthoflavivirus flavi,Orthoflavivirus flavi,11089,papio anubis,9555,,,,TRUE,FALSE,priority,in_gibb_etal=TRUE; in_empres_i=FALSE; deferred_broad_vesiculovirus=FALSE,Orthoflavivirus flavi,Yellow fever,Antibodies,VIRION,1,FALSE,FALSE,,,,,host_present_in_system,host appears in canonical WHO disease-pathogen-host backbone; role-specific reservoir/amplifier/incidental/dead-end evidence not assessed,low,TRUE,standard_review
Yellow fever,Orthoflavivirus flavi,Orthoflavivirus flavi,11089,phyllostomus hastatus,9423,,,,TRUE,FALSE,priority,in_gibb_etal=TRUE; in_empres_i=FALSE; deferred_broad_vesiculovirus=FALSE,Orthoflavivirus flavi,Yellow fever,Antibodies,VIRION,1,FALSE,FALSE,,,,,host_present_in_system,host appears in canonical WHO disease-pathogen-host backbone; role-specific reservoir/amplifier/incidental/dead-end evidence not assessed,low,TRUE,standard_review
Yellow fever,Orthoflavivirus flavi,Orthoflavivirus flavi,11089,piliocolobus badius,164648,,,,TRUE,FALSE,priority,in_gibb_etal=TRUE; in_empres_i=FALSE; deferred_broad_vesiculovirus=FALSE,Orthoflavivirus flavi,Yellow fever,Antibodies; Not specified,VIRION,1,FALSE,FALSE,,,,,host_present_in_system,host appears in canonical WHO disease-pathogen-host backbone; role-specific reservoir/amplifier/incidental/dead-end evidence not assessed,low,TRUE,standard_review
Yellow fever,Orthoflavivirus flavi,Orthoflavivirus flavi,11089,pithecia pithecia,43777,,,,TRUE,FALSE,priority,in_gibb_etal=TRUE; in_empres_i=FALSE; deferred_broad_vesiculovirus=FALSE,Orthoflavivirus flavi,Yellow fever,Antibodies,VIRION,1,FALSE,FALSE,,,,,host_present_in_system,host appears in canonical WHO disease-pathogen-host backbone; role-specific reservoir/amplifier/incidental/dead-end evidence not assessed,low,TRUE,standard_review
Yellow fever,Orthoflavivirus flavi,Orthoflavivirus flavi,11089,platyrrhinus helleri,27658,,,,TRUE,FALSE,priority,in_gibb_etal=TRUE; in_empres_i=FALSE; deferred_broad_vesiculovirus=FALSE,Orthoflavivirus flavi,Yellow fever,Antibodies,VIRION,1,FALSE,FALSE,,,,,host_present_in_system,host appears in canonical WHO disease-pathogen-host backbone; role-specific reservoir/amplifier/incidental/dead-end evidence not assessed,low,TRUE,standard_review
Yellow fever,Orthoflavivirus flavi,Orthoflavivirus flavi,11089,potos flavus,29067,,,,TRUE,FALSE,priority,in_gibb_etal=TRUE; in_empres_i=FALSE; deferred_broad_vesiculovirus=FALSE,Orthoflavivirus flavi,Yellow fever,Antibodies,VIRION,1,FALSE,FALSE,,,,,host_present_in_system,host appears in canonical WHO disease-pathogen-host backbone; role-specific reservoir/amplifier/incidental/dead-end evidence not assessed,low,TRUE,standard_review
Yellow fever,Orthoflavivirus flavi,Orthoflavivirus flavi,11089,pteronotus davyi,94956,,,,TRUE,FALSE,priority,in_gibb_etal=TRUE; in_empres_i=FALSE; deferred_broad_vesiculovirus=FALSE,Orthoflavivirus flavi,Yellow fever,Antibodies,VIRION,1,FALSE,FALSE,,,,,host_present_in_system,host appears in canonical WHO disease-pathogen-host backbone; role-specific reservoir/amplifier/incidental/dead-end evidence not assessed,low,TRUE,standard_review
Yellow fever,Orthoflavivirus flavi,Orthoflavivirus flavi,11089,pteronotus parnellii,59476,,,,TRUE,FALSE,priority,in_gibb_etal=TRUE; in_empres_i=FALSE; deferred_broad_vesiculovirus=FALSE,Orthoflavivirus flavi,Yellow fever,Antibodies,VIRION,1,FALSE,FALSE,,,,,host_present_in_system,host appears in canonical WHO disease-pathogen-host backbone; role-specific reservoir/amplifier/incidental/dead-end evidence not assessed,low,TRUE,standard_review
Yellow fever,Orthoflavivirus flavi,Orthoflavivirus flavi,11089,saguinus geoffroyi,43778,,,,TRUE,FALSE,priority,in_gibb_etal=TRUE; in_empres_i=FALSE; deferred_broad_vesiculovirus=FALSE,Orthoflavivirus flavi,Yellow fever,Antibodies,VIRION,1,FALSE,FALSE,,,,,host_present_in_system,host appears in canonical WHO disease-pathogen-host backbone; role-specific reservoir/amplifier/incidental/dead-end evidence not assessed,low,TRUE,standard_review
Yellow fever,Orthoflavivirus flavi,Orthoflavivirus flavi,11089,saimiri oerstedii,70928,,,,TRUE,FALSE,priority,in_gibb_etal=TRUE; in_empres_i=FALSE; deferred_broad_vesiculovirus=FALSE,Orthoflavivirus flavi,Yellow fever,Antibodies,VIRION,1,FALSE,FALSE,,,,,host_present_in_system,host appears in canonical WHO disease-pathogen-host backbone; role-specific reservoir/amplifier/incidental/dead-end evidence not assessed,low,TRUE,standard_review
Yellow fever,Orthoflavivirus flavi,Orthoflavivirus flavi,11089,sapajus xanthosternos,174599,,,,TRUE,FALSE,priority,in_gibb_etal=TRUE; in_empres_i=FALSE; deferred_broad_vesiculovirus=FALSE,Orthoflavivirus flavi,Yellow fever,Antibodies,VIRION,1,FALSE,FALSE,,,,,host_present_in_system,host appears in canonical WHO disease-pathogen-host backbone; role-specific reservoir/amplifier/incidental/dead-end evidence not assessed,low,TRUE,standard_review
Yellow fever,Orthoflavivirus flavi,Orthoflavivirus flavi,11089,tamandua tetradactyla,48850,,,,TRUE,FALSE,priority,in_gibb_etal=TRUE; in_empres_i=FALSE; deferred_broad_vesiculovirus=FALSE,Orthoflavivirus flavi,Yellow fever,Antibodies,VIRION,1,FALSE,FALSE,,,,,host_present_in_system,host appears in canonical WHO disease-pathogen-host backbone; role-specific reservoir/amplifier/incidental/dead-end evidence not assessed,low,TRUE,standard_review
Zika virus disease,Orthoflavivirus zikaense,Orthoflavivirus zikaense,3048459,Artibeus jamaicensis,9417,mammalia,chiroptera,phyllostomidae,TRUE,FALSE,both,in_gibb_etal=TRUE; in_empres_i=FALSE; deferred_broad_vesiculovirus=FALSE,Orthoflavivirus zikaense,Zika virus disease,PCR/Sequencing,VIRION,1,FALSE,FALSE,FALSE,FALSE,TRUE,FALSE,host_present_in_system,host appears in canonical WHO disease-pathogen-host backbone; role-specific reservoir/amplifier/incidental/dead-end evidence not assessed,low,TRUE,medium_ecology_triage
Zika virus disease,Orthoflavivirus zikaense,Orthoflavivirus zikaense,3048459,Artibeus planirostris,40230,mammalia,chiroptera,phyllostomidae,TRUE,FALSE,both,in_gibb_etal=TRUE; in_empres_i=FALSE; deferred_broad_vesiculovirus=FALSE,Orthoflavivirus zikaense,Zika virus disease,PCR/Sequencing,VIRION,1,FALSE,FALSE,FALSE,FALSE,TRUE,FALSE,host_present_in_system,host appears in canonical WHO disease-pathogen-host backbone; role-specific reservoir/amplifier/incidental/dead-end evidence not assessed,low,TRUE,medium_ecology_triage
Zika virus disease,Orthoflavivirus zikaense,Orthoflavivirus zikaense,3048459; 64320,Eidolon helvum,77214,mammalia,chiroptera,pteropodidae,TRUE,FALSE,both,in_gibb_etal=TRUE; in_empres_i=FALSE; deferred_broad_vesiculovirus=FALSE,Orthoflavivirus zikaense,Zika virus disease,Antibodies; PCR/Sequencing,VIRION,2,FALSE,FALSE,FALSE,FALSE,TRUE,FALSE,host_present_in_system,host appears in canonical WHO disease-pathogen-host backbone; role-specific reservoir/amplifier/incidental/dead-end evidence not assessed,low,TRUE,medium_ecology_triage
Zika virus disease,Orthoflavivirus zikaense,Orthoflavivirus zikaense,3048459,Epomophorus labiatus,903567,mammalia,chiroptera,pteropodidae,TRUE,FALSE,both,in_gibb_etal=TRUE; in_empres_i=FALSE; deferred_broad_vesiculovirus=FALSE,Orthoflavivirus zikaense,Zika virus disease,PCR/Sequencing,VIRION,1,FALSE,FALSE,FALSE,FALSE,TRUE,FALSE,host_present_in_system,host appears in canonical WHO disease-pathogen-host backbone; role-specific reservoir/amplifier/incidental/dead-end evidence not assessed,low,TRUE,medium_ecology_triage
Zika virus disease,Orthoflavivirus zikaense,Orthoflavivirus zikaense,3048459,Rousettus aegyptiacus,9407,mammalia,chiroptera,pteropodidae,TRUE,FALSE,both,in_gibb_etal=TRUE; in_empres_i=FALSE; deferred_broad_vesiculovirus=FALSE,Orthoflavivirus zikaense,Zika virus disease,PCR/Sequencing,VIRION,1,FALSE,FALSE,FALSE,FALSE,TRUE,FALSE,host_present_in_system,host appears in canonical WHO disease-pathogen-host backbone; role-specific reservoir/amplifier/incidental/dead-end evidence not assessed,low,TRUE,medium_ecology_triage
Zika virus disease,Orthoflavivirus zikaense,Orthoflavivirus zikaense,3048459,Sturnira parvidens,196700,mammalia,chiroptera,phyllostomidae,TRUE,FALSE,both,in_gibb_etal=TRUE; in_empres_i=FALSE; deferred_broad_vesiculovirus=FALSE,Orthoflavivirus zikaense,Zika virus disease,PCR/Sequencing,VIRION,1,FALSE,FALSE,FALSE,FALSE,TRUE,FALSE,host_present_in_system,host appears in canonical WHO disease-pathogen-host backbone; role-specific reservoir/amplifier/incidental/dead-end evidence not assessed,low,TRUE,medium_ecology_triage
Zika virus disease,Orthoflavivirus zikaense,Orthoflavivirus zikaense,3048459,Alouatta guariba,182256,mammalia,primates,atelidae,TRUE,FALSE,both,in_gibb_etal=TRUE; in_empres_i=FALSE; deferred_broad_vesiculovirus=FALSE,Orthoflavivirus zikaense,Zika virus disease,PCR/Sequencing,VIRION,1,FALSE,FALSE,FALSE,FALSE,FALSE,TRUE,host_present_in_system,host appears in canonical WHO disease-pathogen-host backbone; role-specific reservoir/amplifier/incidental/dead-end evidence not assessed,low,TRUE,medium_ecology_triage
Zika virus disease,Orthoflavivirus zikaense,Orthoflavivirus zikaense,3048459,Callithrix jacchus,9483,mammalia,primates,callitrichidae,TRUE,FALSE,both,in_gibb_etal=TRUE; in_empres_i=FALSE; deferred_broad_vesiculovirus=FALSE,Orthoflavivirus zikaense,Zika virus disease,PCR/Sequencing,VIRION,1,FALSE,FALSE,FALSE,FALSE,FALSE,TRUE,host_present_in_system,host appears in canonical WHO disease-pathogen-host backbone; role-specific reservoir/amplifier/incidental/dead-end evidence not assessed,low,TRUE,medium_ecology_triage
Zika virus disease,Orthoflavivirus zikaense,Orthoflavivirus zikaense,3048459,Chlorocebus aethiops,9534,mammalia,primates,cercopithecidae,TRUE,FALSE,both,in_gibb_etal=TRUE; in_empres_i=FALSE; deferred_broad_vesiculovirus=FALSE,Orthoflavivirus zikaense,Zika virus disease,PCR/Sequencing,VIRION,1,FALSE,FALSE,FALSE,FALSE,FALSE,TRUE,host_present_in_system,host appears in canonical WHO disease-pathogen-host backbone; role-specific reservoir/amplifier/incidental/dead-end evidence not assessed,low,TRUE,medium_ecology_triage
Zika virus disease,Orthoflavivirus zikaense,Orthoflavivirus zikaense,3048459; 64320,Macaca mulatta,9544,mammalia,primates,cercopithecidae,TRUE,FALSE,both,in_gibb_etal=TRUE; in_empres_i=FALSE; deferred_broad_vesiculovirus=FALSE,Orthoflavivirus zikaense,Zika virus disease,Isolation/Observation; PCR/Sequencing,VIRION,2,FALSE,FALSE,FALSE,FALSE,FALSE,TRUE,host_present_in_system,host appears in canonical WHO disease-pathogen-host backbone; role-specific reservoir/amplifier/incidental/dead-end evidence not assessed,low,TRUE,medium_ecology_triage
Zika virus disease,Orthoflavivirus zikaense,Orthoflavivirus zikaense,64320,Pan troglodytes,9598,mammalia,primates,hominidae,TRUE,FALSE,both,in_gibb_etal=TRUE; in_empres_i=FALSE; deferred_broad_vesiculovirus=FALSE,Orthoflavivirus zikaense,Zika virus disease,Not specified,VIRION,1,FALSE,FALSE,FALSE,FALSE,FALSE,TRUE,host_present_in_system,host appears in canonical WHO disease-pathogen-host backbone; role-specific reservoir/amplifier/incidental/dead-end evidence not assessed,low,TRUE,medium_ecology_triage
Zika virus disease,Orthoflavivirus zikaense,Orthoflavivirus zikaense,64320,Pongo pygmaeus,9600,mammalia,primates,hominidae,TRUE,FALSE,both,in_gibb_etal=TRUE; in_empres_i=FALSE; deferred_broad_vesiculovirus=FALSE,Orthoflavivirus zikaense,Zika virus disease,Antibodies,VIRION,1,FALSE,FALSE,FALSE,FALSE,FALSE,TRUE,host_present_in_system,host appears in canonical WHO disease-pathogen-host backbone; role-specific reservoir/amplifier/incidental/dead-end evidence not assessed,low,TRUE,medium_ecology_triage
Zika virus disease,Orthoflavivirus zikaense,Orthoflavivirus zikaense,3048459,Sapajus libidinosus,1126382,mammalia,primates,cebidae,TRUE,FALSE,both,in_gibb_etal=TRUE; in_empres_i=FALSE; deferred_broad_vesiculovirus=FALSE,Orthoflavivirus zikaense,Zika virus disease,PCR/Sequencing,VIRION,1,FALSE,FALSE,FALSE,FALSE,FALSE,TRUE,host_present_in_system,host appears in canonical WHO disease-pathogen-host backbone; role-specific reservoir/amplifier/incidental/dead-end evidence not assessed,low,TRUE,medium_ecology_triage
Zika virus disease,Orthoflavivirus zikaense,Orthoflavivirus zikaense,3048459,Mus musculus,10090,mammalia,rodentia,muridae,TRUE,FALSE,both,in_gibb_etal=TRUE; in_empres_i=FALSE; deferred_broad_vesiculovirus=FALSE,Orthoflavivirus zikaense,Zika virus disease,PCR/Sequencing,VIRION,1,FALSE,FALSE,FALSE,TRUE,FALSE,FALSE,host_present_in_system,host appears in canonical WHO disease-pathogen-host backbone; role-specific reservoir/amplifier/incidental/dead-end evidence not assessed,low,TRUE,medium_ecology_triage
Zika virus disease,Orthoflavivirus zikaense,Orthoflavivirus zikaense,3048459,Rattus norvegicus,10116,mammalia,rodentia,muridae,TRUE,FALSE,both,in_gibb_etal=TRUE; in_empres_i=FALSE; deferred_broad_vesiculovirus=FALSE,Orthoflavivirus zikaense,Zika virus disease,PCR/Sequencing,VIRION,1,FALSE,FALSE,FALSE,TRUE,FALSE,FALSE,host_present_in_system,host appears in canonical WHO disease-pathogen-host backbone; role-specific reservoir/amplifier/incidental/dead-end evidence not assessed,low,TRUE,medium_ecology_triage
Zika virus disease,Orthoflavivirus zikaense,Orthoflavivirus zikaense,3048459; 64320,Homo sapiens,9606,,,,TRUE,FALSE,both,in_gibb_etal=TRUE; in_empres_i=FALSE; deferred_broad_vesiculovirus=FALSE,Orthoflavivirus zikaense,Zika virus disease,Isolation/Observation; Not specified; PCR/Sequencing; PCR/Sequencing,VIRION,2,TRUE,FALSE,,,,,host_present_in_system,host appears in canonical WHO disease-pathogen-host backbone; role-specific reservoir/amplifier/incidental/dead-end evidence not assessed,low,TRUE,medium_human_triage
Zika virus disease,Orthoflavivirus zikaense,Orthoflavivirus zikaense,3048459,Suncus murinus,9378,mammalia,eulipotyphla,soricidae,TRUE,FALSE,both,in_gibb_etal=TRUE; in_empres_i=FALSE; deferred_broad_vesiculovirus=FALSE,Orthoflavivirus zikaense,Zika virus disease,PCR/Sequencing,VIRION,1,FALSE,FALSE,FALSE,FALSE,FALSE,FALSE,host_present_in_system,host appears in canonical WHO disease-pathogen-host backbone; role-specific reservoir/amplifier/incidental/dead-end evidence not assessed,low,TRUE,standard_review
Zika virus disease,Orthoflavivirus zikaense,Orthoflavivirus zikaense,3048459,Callithrix,9485,,,,TRUE,FALSE,both,in_gibb_etal=TRUE; in_empres_i=FALSE; deferred_broad_vesiculovirus=FALSE,Orthoflavivirus zikaense,Zika virus disease,PCR/Sequencing,VIRION,1,FALSE,FALSE,,,,,host_present_in_system,host appears in canonical WHO disease-pathogen-host backbone; role-specific reservoir/amplifier/incidental/dead-end evidence not assessed,low,TRUE,standard_review
Zika virus disease,Orthoflavivirus zikaense,Orthoflavivirus zikaense,3048459,Glossophaga mutica,2994998,,,,TRUE,FALSE,both,in_gibb_etal=TRUE; in_empres_i=FALSE; deferred_broad_vesiculovirus=FALSE,Orthoflavivirus zikaense,Zika virus disease,PCR/Sequencing,VIRION,1,FALSE,FALSE,,,,,host_present_in_system,host appears in canonical WHO disease-pathogen-host backbone; role-specific reservoir/amplifier/incidental/dead-end evidence not assessed,low,TRUE,standard_review
Zika virus disease,Orthoflavivirus zikaense,Orthoflavivirus zikaense,3048459,Molossus nigricans,2997257,,,,TRUE,FALSE,both,in_gibb_etal=TRUE; in_empres_i=FALSE; deferred_broad_vesiculovirus=FALSE,Orthoflavivirus zikaense,Zika virus disease,PCR/Sequencing,VIRION,1,FALSE,FALSE,,,,,host_present_in_system,host appears in canonical WHO disease-pathogen-host backbone; role-specific reservoir/amplifier/incidental/dead-end evidence not assessed,low,TRUE,standard_review
Zika virus disease,Orthoflavivirus zikaense,Orthoflavivirus zikaense,64320,mops condylurus,258863,,,,TRUE,FALSE,both,in_gibb_etal=TRUE; in_empres_i=FALSE; deferred_broad_vesiculovirus=FALSE,Orthoflavivirus zikaense,Zika virus disease,Antibodies,VIRION,1,FALSE,FALSE,,,,,host_present_in_system,host appears in canonical WHO disease-pathogen-host backbone; role-specific reservoir/amplifier/incidental/dead-end evidence not assessed,low,TRUE,standard_review
