disease_name,species_name,tax_id,species_role,disease_has_vector_rows,in_current_role_review_scope,in_gibb_etal,in_empres_i,priority_prototype_status,source_pathogens,host_class,host_order,host_family,host_detection_method,host_role_assignment,host_role_confidence,host_role_needs_manual_review,host_role_assignment_status,vector_group,vector_taxon_rank,vector_join_key,vector_role_assignment,vector_role_confidence,vector_role_needs_manual_review,vector_role_assignment_status,has_disease_vector_evidence,has_host_vector_evidence,has_competence_evidence,best_evidence_level,best_evidence_basis,vector_record_sources,bites_humans,bites_humans_basis,vector_competence_status,transmission_demonstrated,natural_infection_reported,vector_role_hint,uncertainty_reason,taxonomy_caution
Argentine hemorrhagic fever,Akodon azarae,29095,host,FALSE,TRUE,TRUE,FALSE,prototype,Mammarenavirus juninense,mammalia,rodentia,cricetidae,Isolation/Observation,host_presence_only,low,TRUE,candidate_only,,,,,,,,FALSE,FALSE,FALSE,,,,,,,,,,,FALSE
Argentine hemorrhagic fever,Calomys,160457,host,FALSE,TRUE,TRUE,FALSE,prototype,Mammarenavirus juninense,,,,PCR/Sequencing,host_presence_only,low,TRUE,candidate_only,,,,,,,,FALSE,FALSE,FALSE,,,,,,,,,,,FALSE
Argentine hemorrhagic fever,Calomys laucha,56211,host,FALSE,TRUE,TRUE,FALSE,prototype,Mammarenavirus juninense,mammalia,rodentia,cricetidae,Isolation/Observation; PCR/Sequencing,host_presence_only,low,TRUE,candidate_only,,,,,,,,FALSE,FALSE,FALSE,,,,,,,,,,,FALSE
Argentine hemorrhagic fever,Calomys musculinus,56212,host,FALSE,TRUE,TRUE,FALSE,prototype,Mammarenavirus juninense,mammalia,rodentia,cricetidae,Isolation/Observation; PCR/Sequencing,reservoir_host,high,FALSE,draft_source_backed,,,,,,,,FALSE,FALSE,FALSE,,,,,,,,,,,FALSE
Argentine hemorrhagic fever,Homo sapiens,9606,host,FALSE,TRUE,TRUE,FALSE,prototype,Mammarenavirus juninense,,,,Isolation/Observation; Not specified; PCR/Sequencing,incidental_host,high,FALSE,draft_source_backed,,,,,,,,FALSE,FALSE,FALSE,,,,,,,,,,,FALSE
Argentine hemorrhagic fever,Mus musculus,10090,host,FALSE,TRUE,TRUE,FALSE,prototype,Mammarenavirus juninense,mammalia,rodentia,muridae,Antibodies; Isolation/Observation,host_presence_only,low,TRUE,candidate_only,,,,,,,,FALSE,FALSE,FALSE,,,,,,,,,,,FALSE
Argentine hemorrhagic fever,Necromys obscurus,399317,host,FALSE,TRUE,TRUE,FALSE,prototype,Mammarenavirus juninense,mammalia,rodentia,cricetidae,Isolation/Observation,host_presence_only,low,TRUE,candidate_only,,,,,,,,FALSE,FALSE,FALSE,,,,,,,,,,,FALSE
Argentine hemorrhagic fever,Oligoryzomys flavescens,218824,host,FALSE,TRUE,TRUE,FALSE,prototype,Mammarenavirus juninense,mammalia,rodentia,cricetidae,Isolation/Observation; PCR/Sequencing,host_presence_only,low,TRUE,candidate_only,,,,,,,,FALSE,FALSE,FALSE,,,,,,,,,,,FALSE
Argentine hemorrhagic fever,galictis cuja,470561,host,FALSE,TRUE,TRUE,FALSE,prototype,Mammarenavirus juninense,,,,Antibodies,host_presence_only,low,TRUE,candidate_only,,,,,,,,FALSE,FALSE,FALSE,,,,,,,,,,,FALSE
Argentine hemorrhagic fever,oxymycterus rufus,56230,host,FALSE,TRUE,TRUE,FALSE,prototype,Mammarenavirus juninense,,,,Antibodies,host_presence_only,low,TRUE,candidate_only,,,,,,,,FALSE,FALSE,FALSE,,,,,,,,,,,FALSE
Borna disease (encephalitis),Anas platyrhynchos,8839,host,FALSE,FALSE,FALSE,FALSE,prototype,Orthobornavirus bornaense,aves,anseriformes,anatidae,PCR/Sequencing,host_presence_only,low,TRUE,candidate_only,,,,,,,,FALSE,FALSE,FALSE,,,,,,,,,,,FALSE
Borna disease (encephalitis),Bos taurus,9913,host,FALSE,FALSE,FALSE,FALSE,prototype,Orthobornavirus bornaense,mammalia,artiodactyla,bovidae,PCR/Sequencing,host_presence_only,low,TRUE,candidate_only,,,,,,,,FALSE,FALSE,FALSE,,,,,,,,,,,FALSE
Borna disease (encephalitis),Canis lupus,9615,host,FALSE,FALSE,FALSE,FALSE,prototype,Orthobornavirus bornaense,mammalia,carnivora,canidae,PCR/Sequencing,host_presence_only,low,TRUE,candidate_only,,,,,,,,FALSE,FALSE,FALSE,,,,,,,,,,,FALSE
Borna disease (encephalitis),Castor fiber,331605,host,FALSE,FALSE,FALSE,FALSE,prototype,Orthobornavirus bornaense,mammalia,rodentia,castoridae,PCR/Sequencing,host_presence_only,low,TRUE,candidate_only,,,,,,,,FALSE,FALSE,FALSE,,,,,,,,,,,FALSE
Borna disease (encephalitis),Coloeus monedula,30423,host,FALSE,FALSE,FALSE,FALSE,prototype,Orthobornavirus bornaense,,,,PCR/Sequencing,host_presence_only,low,TRUE,candidate_only,,,,,,,,FALSE,FALSE,FALSE,,,,,,,,,,,FALSE
Borna disease (encephalitis),Crocidura leucodon,109474,host,FALSE,FALSE,FALSE,FALSE,prototype,Orthobornavirus bornaense,mammalia,eulipotyphla,soricidae,PCR/Sequencing,host_presence_only,low,TRUE,candidate_only,,,,,,,,FALSE,FALSE,FALSE,,,,,,,,,,,FALSE
Borna disease (encephalitis),Crocidura russula,36802,host,FALSE,FALSE,FALSE,FALSE,prototype,Orthobornavirus bornaense,mammalia,eulipotyphla,soricidae,PCR/Sequencing,host_presence_only,low,TRUE,candidate_only,,,,,,,,FALSE,FALSE,FALSE,,,,,,,,,,,FALSE
Borna disease (encephalitis),Equus asinus,9793,host,FALSE,FALSE,FALSE,FALSE,prototype,Orthobornavirus bornaense,mammalia,perissodactyla,equidae,PCR/Sequencing,host_presence_only,low,TRUE,candidate_only,,,,,,,,FALSE,FALSE,FALSE,,,,,,,,,,,FALSE
Borna disease (encephalitis),Equus caballus,9796,host,FALSE,FALSE,FALSE,FALSE,prototype,Orthobornavirus bornaense,mammalia,perissodactyla,equidae,PCR/Sequencing,host_presence_only,low,TRUE,candidate_only,,,,,,,,FALSE,FALSE,FALSE,,,,,,,,,,,FALSE
Borna disease (encephalitis),Equus ferus,1114792,host,FALSE,FALSE,FALSE,FALSE,prototype,Orthobornavirus bornaense,mammalia,perissodactyla,equidae,PCR/Sequencing,host_presence_only,low,TRUE,candidate_only,,,,,,,,FALSE,FALSE,FALSE,,,,,,,,,,,FALSE
Borna disease (encephalitis),Erinaceus europaeus,9365,host,FALSE,FALSE,FALSE,FALSE,prototype,Orthobornavirus bornaense,mammalia,eulipotyphla,erinaceidae,PCR/Sequencing,host_presence_only,low,TRUE,candidate_only,,,,,,,,FALSE,FALSE,FALSE,,,,,,,,,,,FALSE
Borna disease (encephalitis),Felis catus,9685,host,FALSE,FALSE,FALSE,FALSE,prototype,Orthobornavirus bornaense,mammalia,carnivora,felidae,PCR/Sequencing,host_presence_only,low,TRUE,candidate_only,,,,,,,,FALSE,FALSE,FALSE,,,,,,,,,,,FALSE
Borna disease (encephalitis),Hexaprotodon liberiensis,56798,host,FALSE,FALSE,FALSE,FALSE,prototype,Orthobornavirus bornaense,,,,PCR/Sequencing,host_presence_only,low,TRUE,candidate_only,,,,,,,,FALSE,FALSE,FALSE,,,,,,,,,,,FALSE
Borna disease (encephalitis),Homo sapiens,9606,host,FALSE,FALSE,FALSE,FALSE,prototype,Orthobornavirus bornaense,,,,PCR/Sequencing,host_presence_only,low,TRUE,candidate_only,,,,,,,,FALSE,FALSE,FALSE,,,,,,,,,,,FALSE
Borna disease (encephalitis),Lama glama,9844,host,FALSE,FALSE,FALSE,FALSE,prototype,Orthobornavirus bornaense,,,,PCR/Sequencing,host_presence_only,low,TRUE,candidate_only,,,,,,,,FALSE,FALSE,FALSE,,,,,,,,,,,FALSE
Borna disease (encephalitis),Macaca fuscata,9542,host,FALSE,FALSE,FALSE,FALSE,prototype,Orthobornavirus bornaense,mammalia,primates,cercopithecidae,PCR/Sequencing,host_presence_only,low,TRUE,candidate_only,,,,,,,,FALSE,FALSE,FALSE,,,,,,,,,,,FALSE
Borna disease (encephalitis),Oryctolagus cuniculus,9986,host,FALSE,FALSE,FALSE,FALSE,prototype,Orthobornavirus bornaense,mammalia,lagomorpha,leporidae,PCR/Sequencing,host_presence_only,low,TRUE,candidate_only,,,,,,,,FALSE,FALSE,FALSE,,,,,,,,,,,FALSE
Borna disease (encephalitis),Ovis aries,9940,host,FALSE,FALSE,FALSE,FALSE,prototype,Orthobornavirus bornaense,mammalia,artiodactyla,bovidae,PCR/Sequencing,host_presence_only,low,TRUE,candidate_only,,,,,,,,FALSE,FALSE,FALSE,,,,,,,,,,,FALSE
Borna disease (encephalitis),Procyon lotor,9654,host,FALSE,FALSE,FALSE,FALSE,prototype,Orthobornavirus bornaense,mammalia,carnivora,procyonidae,PCR/Sequencing,host_presence_only,low,TRUE,candidate_only,,,,,,,,FALSE,FALSE,FALSE,,,,,,,,,,,FALSE
Borna disease (encephalitis),Sorex araneus,42254,host,FALSE,FALSE,FALSE,FALSE,prototype,Orthobornavirus bornaense,mammalia,eulipotyphla,soricidae,PCR/Sequencing,host_presence_only,low,TRUE,candidate_only,,,,,,,,FALSE,FALSE,FALSE,,,,,,,,,,,FALSE
Borna disease (encephalitis),Vicugna pacos,30538,host,FALSE,FALSE,FALSE,FALSE,prototype,Orthobornavirus bornaense,,,,PCR/Sequencing,host_presence_only,low,TRUE,candidate_only,,,,,,,,FALSE,FALSE,FALSE,,,,,,,,,,,FALSE
Borna disease (encephalitis),Vulpes vulpes,9627,host,FALSE,FALSE,FALSE,FALSE,prototype,Orthobornavirus bornaense,mammalia,carnivora,canidae,PCR/Sequencing,host_presence_only,low,TRUE,candidate_only,,,,,,,,FALSE,FALSE,FALSE,,,,,,,,,,,FALSE
Borna disease (encephalitis),crocidura suaveolens,52631,host,FALSE,FALSE,FALSE,FALSE,prototype,Orthobornavirus bornaense,,,,PCR/Sequencing,host_presence_only,low,TRUE,candidate_only,,,,,,,,FALSE,FALSE,FALSE,,,,,,,,,,,FALSE
Chikungunya fever,aedes aegypti,,vector,TRUE,TRUE,TRUE,FALSE,both,Alphavirus chikungunya,,,,,,,,,mosquito,species,aedes aegypti,main_vector,high,FALSE,draft_source_backed,TRUE,TRUE,TRUE,confirmed,review,lit_review,TRUE,blood_meal,competent,yes,,,,FALSE
Chikungunya fever,aedes africanus,,vector,TRUE,TRUE,TRUE,FALSE,both,Alphavirus chikungunya,,,,,,,,,mosquito,species,aedes africanus,,,,,TRUE,TRUE,FALSE,probable,review,lit_review,TRUE,blood_meal,,,,,,FALSE
Chikungunya fever,aedes albopictus,,vector,TRUE,TRUE,TRUE,FALSE,both,Alphavirus chikungunya,,,,,,,,,mosquito,species,aedes albopictus,main_vector,high,FALSE,draft_source_backed,TRUE,TRUE,TRUE,confirmed,review,lit_review,TRUE,blood_meal,competent,yes,,,,FALSE
Chikungunya fever,aedes fulgens,,vector,TRUE,TRUE,TRUE,FALSE,both,Alphavirus chikungunya,,,,,,,,,mosquito,species,aedes fulgens,,,,,TRUE,FALSE,TRUE,candidate,review,lit_review,,,competent,yes,,,,FALSE
Chikungunya fever,aedes furcifer,,vector,TRUE,TRUE,TRUE,FALSE,both,Alphavirus chikungunya,,,,,,,,,mosquito,species,aedes furcifer,,,,,TRUE,FALSE,TRUE,candidate,review,lit_review,,,competent,yes,,sylvatic_vector,,FALSE
Chikungunya fever,aedes furcifer taylori,,vector,TRUE,TRUE,TRUE,FALSE,both,Alphavirus chikungunya,,,,,,,,,mosquito,infraspecific,aedes furcifer taylori,,,,,TRUE,FALSE,FALSE,probable,review,lit_review,,,,,,,,FALSE
Chikungunya fever,aedes hensilli,,vector,TRUE,TRUE,TRUE,FALSE,both,Alphavirus chikungunya,,,,,,,,,mosquito,species,aedes hensilli,epidemic_vector,medium,TRUE,draft_source_backed,TRUE,FALSE,TRUE,probable,review,lit_review,,,unclear,,no,,no_transmission_demonstrated,FALSE
Chikungunya fever,aedes luteocephalus,,vector,TRUE,TRUE,TRUE,FALSE,both,Alphavirus chikungunya,,,,,,,,,mosquito,species,aedes luteocephalus,,,,,TRUE,FALSE,FALSE,probable,review,lit_review,,,,,,,,FALSE
Chikungunya fever,aedes notoscriptus,,vector,TRUE,TRUE,TRUE,FALSE,both,Alphavirus chikungunya,,,,,,,,,mosquito,species,aedes notoscriptus,,,,,TRUE,TRUE,TRUE,candidate,lab,lit_review,TRUE,blood_meal,competent,yes,,,,FALSE
Chikungunya fever,aedes procax,,vector,TRUE,TRUE,TRUE,FALSE,both,Alphavirus chikungunya,,,,,,,,,mosquito,species,aedes procax,,,,,TRUE,FALSE,TRUE,probable,lab,lit_review,FALSE,,competent,yes,,,,FALSE
Chikungunya fever,aedes togoi,,vector,TRUE,TRUE,TRUE,FALSE,both,Alphavirus chikungunya,,,,,,,,,mosquito,species,aedes togoi,,,,,TRUE,FALSE,FALSE,candidate,review,lit_review,,,,,,,,FALSE
Chikungunya fever,aedes triseriatus,,vector,TRUE,TRUE,TRUE,FALSE,both,Alphavirus chikungunya,,,,,,,,,mosquito,species,aedes triseriatus,,,,,TRUE,TRUE,FALSE,candidate,review,lit_review,TRUE,blood_meal,,,,,,FALSE
Chikungunya fever,aedes vexans,,vector,TRUE,TRUE,TRUE,FALSE,both,Alphavirus chikungunya,,,,,,,,,mosquito,species,aedes vexans,,,,,TRUE,TRUE,FALSE,candidate,review,lit_review,TRUE,blood_meal,,,,,,FALSE
Chikungunya fever,aedes vigilax,,vector,TRUE,TRUE,TRUE,FALSE,both,Alphavirus chikungunya,,,,,,,,,mosquito,species,aedes vigilax,,,,,TRUE,TRUE,TRUE,probable,lab,lit_review,TRUE,blood_meal,competent,yes,,,,FALSE
Chikungunya fever,aedes vittatus,,vector,TRUE,TRUE,TRUE,FALSE,both,Alphavirus chikungunya,,,,,,,,,mosquito,species,aedes vittatus,,,,,TRUE,TRUE,TRUE,candidate,review,lit_review,TRUE,blood_meal,competent,yes,,,,FALSE
Chikungunya fever,coquillettidia linealis,,vector,TRUE,TRUE,TRUE,FALSE,both,Alphavirus chikungunya,,,,,,,,,mosquito,species,coquillettidia linealis,,,,,TRUE,TRUE,TRUE,probable,lab,lit_review,TRUE,blood_meal,competent,yes,,,,FALSE
Chikungunya fever,culex annulirostris,,vector,TRUE,TRUE,TRUE,FALSE,both,Alphavirus chikungunya,,,,,,,,,mosquito,species,culex annulirostris,,,,,TRUE,TRUE,TRUE,weak,lab,lit_review,TRUE,blood_meal,competent,yes,,,low_competence_or_efficiency,FALSE
Chikungunya fever,culex sitiens,,vector,TRUE,TRUE,TRUE,FALSE,both,Alphavirus chikungunya,,,,,,,,,mosquito,species,culex sitiens,,,,,TRUE,TRUE,TRUE,weak,lab,lit_review,TRUE,blood_meal,competent,yes,,,low_competence_or_efficiency,FALSE
Chikungunya fever,eretmapodites chrysogaster,,vector,TRUE,TRUE,TRUE,FALSE,both,Alphavirus chikungunya,,,,,,,,,mosquito,species,eretmapodites chrysogaster,,,,,TRUE,FALSE,TRUE,candidate,review,lit_review,,,competent,yes,,,,FALSE
Chikungunya fever,opifex fuscus,,vector,TRUE,TRUE,TRUE,FALSE,both,Alphavirus chikungunya,,,,,,,,,mosquito,species,opifex fuscus,,,,,TRUE,FALSE,TRUE,candidate,review,lit_review,,,competent,yes,,,,FALSE
Chikungunya fever,verrallina funerea,,vector,TRUE,TRUE,TRUE,FALSE,both,Alphavirus chikungunya,,,,,,,,,mosquito,species,verrallina funerea,,,,,TRUE,TRUE,TRUE,candidate,lab,lit_review,TRUE,blood_meal,competent,yes,,,,FALSE
Chikungunya fever,Artibeus jamaicensis,9417,host,TRUE,TRUE,TRUE,FALSE,both,Alphavirus chikungunya,mammalia,chiroptera,phyllostomidae,PCR/Sequencing,host_presence_only,low,TRUE,candidate_only,,,,,,,,FALSE,FALSE,FALSE,,,,,,,,,,,FALSE
Chikungunya fever,Cercopithecus ascanius,36223,host,TRUE,TRUE,TRUE,FALSE,both,Alphavirus chikungunya,mammalia,primates,cercopithecidae,Antibodies; Not specified,host_presence_only,low,TRUE,candidate_only,,,,,,,,FALSE,FALSE,FALSE,,,,,,,,,,,FALSE
Chikungunya fever,Chlorocebus aethiops,9534,host,TRUE,TRUE,TRUE,FALSE,both,Alphavirus chikungunya,mammalia,primates,cercopithecidae,Isolation/Observation; Not specified,host_presence_only,low,TRUE,candidate_only,,,,,,,,FALSE,FALSE,FALSE,,,,,,,,,,,FALSE
Chikungunya fever,Dermanura phaeotis,40229,host,TRUE,TRUE,TRUE,FALSE,both,Alphavirus chikungunya,mammalia,chiroptera,phyllostomidae,PCR/Sequencing,host_presence_only,low,TRUE,candidate_only,,,,,,,,FALSE,FALSE,FALSE,,,,,,,,,,,FALSE
Chikungunya fever,Erythrocebus patas,9538,host,TRUE,TRUE,TRUE,FALSE,both,Alphavirus chikungunya,mammalia,primates,cercopithecidae,Isolation/Observation,amplifying_host,medium,TRUE,draft_source_backed,,,,,,,,FALSE,FALSE,FALSE,,,,,,,,,,,FALSE
Chikungunya fever,Glossophaga mutica,2994998,host,TRUE,TRUE,TRUE,FALSE,both,Alphavirus chikungunya,,,,PCR/Sequencing,host_presence_only,low,TRUE,candidate_only,,,,,,,,FALSE,FALSE,FALSE,,,,,,,,,,,FALSE
Chikungunya fever,Gorilla gorilla,9593,host,TRUE,TRUE,TRUE,FALSE,both,Alphavirus chikungunya,mammalia,primates,hominidae,Antibodies,host_presence_only,low,TRUE,candidate_only,,,,,,,,FALSE,FALSE,FALSE,,,,,,,,,,,FALSE
Chikungunya fever,Hipposideros caffer,302402,host,TRUE,TRUE,TRUE,FALSE,both,Alphavirus chikungunya,mammalia,chiroptera,hipposideridae,Isolation/Observation,host_presence_only,low,TRUE,candidate_only,,,,,,,,FALSE,FALSE,FALSE,,,,,,,,,,,FALSE
Chikungunya fever,Homo sapiens,9606,host,TRUE,TRUE,TRUE,FALSE,both,Alphavirus chikungunya,,,,Isolation/Observation; Not specified; PCR/Sequencing,amplifying_host,high,FALSE,draft_source_backed,,,,,,,,FALSE,FALSE,FALSE,,,,,,,,,,,FALSE
Chikungunya fever,Macaca fascicularis,9541,host,TRUE,TRUE,TRUE,FALSE,both,Alphavirus chikungunya,mammalia,primates,cercopithecidae,Antibodies; PCR/Sequencing,host_presence_only,low,TRUE,candidate_only,,,,,,,,FALSE,FALSE,FALSE,,,,,,,,,,,FALSE
Chikungunya fever,Macaca mulatta,9544,host,TRUE,TRUE,TRUE,FALSE,both,Alphavirus chikungunya,mammalia,primates,cercopithecidae,Antibodies,host_presence_only,low,TRUE,candidate_only,,,,,,,,FALSE,FALSE,FALSE,,,,,,,,,,,FALSE
Chikungunya fever,Mastomys natalensis,10112,host,TRUE,TRUE,TRUE,FALSE,both,Alphavirus chikungunya,mammalia,rodentia,muridae,Antibodies,host_presence_only,low,TRUE,candidate_only,,,,,,,,FALSE,FALSE,FALSE,,,,,,,,,,,FALSE
Chikungunya fever,Molossus nigricans,2997257,host,TRUE,TRUE,TRUE,FALSE,both,Alphavirus chikungunya,,,,PCR/Sequencing,host_presence_only,low,TRUE,candidate_only,,,,,,,,FALSE,FALSE,FALSE,,,,,,,,,,,FALSE
Chikungunya fever,Mops pumilus,242384,host,TRUE,TRUE,TRUE,FALSE,both,Alphavirus chikungunya,mammalia,chiroptera,molossidae,Isolation/Observation,host_presence_only,low,TRUE,candidate_only,,,,,,,,FALSE,FALSE,FALSE,,,,,,,,,,,FALSE
Chikungunya fever,Mus musculus,10090,host,TRUE,TRUE,TRUE,FALSE,both,Alphavirus chikungunya,mammalia,rodentia,muridae,Isolation/Observation; PCR/Sequencing,host_presence_only,low,TRUE,candidate_only,,,,,,,,FALSE,FALSE,FALSE,,,,,,,,,,,FALSE
Chikungunya fever,Pan troglodytes,9598,host,TRUE,TRUE,TRUE,FALSE,both,Alphavirus chikungunya,mammalia,primates,hominidae,Antibodies; Not specified,host_presence_only,low,TRUE,candidate_only,,,,,,,,FALSE,FALSE,FALSE,,,,,,,,,,,FALSE
Chikungunya fever,Papio hamadryas,9557,host,TRUE,TRUE,TRUE,FALSE,both,Alphavirus chikungunya,mammalia,primates,cercopithecidae,Antibodies; PCR/Sequencing,host_presence_only,low,TRUE,candidate_only,,,,,,,,FALSE,FALSE,FALSE,,,,,,,,,,,FALSE
Chikungunya fever,Papio papio,100937,host,TRUE,TRUE,TRUE,FALSE,both,Alphavirus chikungunya,mammalia,primates,cercopithecidae,Isolation/Observation,amplifying_host,medium,TRUE,draft_source_backed,,,,,,,,FALSE,FALSE,FALSE,,,,,,,,,,,FALSE
Chikungunya fever,Papio ursinus,36229,host,TRUE,TRUE,TRUE,FALSE,both,Alphavirus chikungunya,mammalia,primates,cercopithecidae,Antibodies; Not specified,host_presence_only,low,TRUE,candidate_only,,,,,,,,FALSE,FALSE,FALSE,,,,,,,,,,,FALSE
Chikungunya fever,Passer luteus,58821,host,TRUE,TRUE,TRUE,FALSE,both,Alphavirus chikungunya,aves,passeriformes,passeridae,Isolation/Observation,host_presence_only,low,TRUE,candidate_only,,,,,,,,FALSE,FALSE,FALSE,,,,,,,,,,,FALSE
Chikungunya fever,Peropteryx macrotis,249015,host,TRUE,TRUE,TRUE,FALSE,both,Alphavirus chikungunya,mammalia,chiroptera,emballonuridae,PCR/Sequencing,host_presence_only,low,TRUE,candidate_only,,,,,,,,FALSE,FALSE,FALSE,,,,,,,,,,,FALSE
Chikungunya fever,Rattus rattus,10117,host,TRUE,TRUE,TRUE,FALSE,both,Alphavirus chikungunya,mammalia,rodentia,muridae,Antibodies,host_presence_only,low,TRUE,candidate_only,,,,,,,,FALSE,FALSE,FALSE,,,,,,,,,,,FALSE
Chikungunya fever,Rousettus aegyptiacus,9407,host,TRUE,TRUE,TRUE,FALSE,both,Alphavirus chikungunya,mammalia,chiroptera,pteropodidae,Isolation/Observation,host_presence_only,low,TRUE,candidate_only,,,,,,,,FALSE,FALSE,FALSE,,,,,,,,,,,FALSE
Chikungunya fever,Rousettus leschenaultii,9408,host,TRUE,TRUE,TRUE,FALSE,both,Alphavirus chikungunya,mammalia,chiroptera,pteropodidae,Isolation/Observation,host_presence_only,low,TRUE,candidate_only,,,,,,,,FALSE,FALSE,FALSE,,,,,,,,,,,FALSE
Chikungunya fever,Scotophilus kuhlii,153297,host,TRUE,TRUE,TRUE,FALSE,both,Alphavirus chikungunya,mammalia,chiroptera,vespertilionidae,Isolation/Observation,host_presence_only,low,TRUE,candidate_only,,,,,,,,FALSE,FALSE,FALSE,,,,,,,,,,,FALSE
Chikungunya fever,Sturnira parvidens,196700,host,TRUE,TRUE,TRUE,FALSE,both,Alphavirus chikungunya,mammalia,chiroptera,phyllostomidae,PCR/Sequencing,host_presence_only,low,TRUE,candidate_only,,,,,,,,FALSE,FALSE,FALSE,,,,,,,,,,,FALSE
Chikungunya fever,Xerus erythropus,327507,host,TRUE,TRUE,TRUE,FALSE,both,Alphavirus chikungunya,mammalia,rodentia,sciuridae,Isolation/Observation,host_presence_only,low,TRUE,candidate_only,,,,,,,,FALSE,FALSE,FALSE,,,,,,,,,,,FALSE
Chikungunya fever,chlorocebus pygerythrus,60710,host,TRUE,TRUE,TRUE,FALSE,both,Alphavirus chikungunya,,,,Antibodies,host_presence_only,low,TRUE,candidate_only,,,,,,,,FALSE,FALSE,FALSE,,,,,,,,,,,FALSE
Chikungunya fever,eulemur fulvus,13515,host,TRUE,TRUE,TRUE,FALSE,both,Alphavirus chikungunya,,,,Antibodies,host_presence_only,low,TRUE,candidate_only,,,,,,,,FALSE,FALSE,FALSE,,,,,,,,,,,FALSE
Chikungunya fever,galago senegalensis,9465,host,TRUE,TRUE,TRUE,FALSE,both,Alphavirus chikungunya,,,,Antibodies; Not specified,host_presence_only,low,TRUE,candidate_only,,,,,,,,FALSE,FALSE,FALSE,,,,,,,,,,,FALSE
Crimean-Congo hemorrhagic fever,amblyomma lepidum,,vector,TRUE,TRUE,TRUE,TRUE,both,Orthonairovirus haemorrhagiae,,,,,,,,,tick,species,amblyomma lepidum,,,,,TRUE,TRUE,TRUE,candidate,review,lit_review,FALSE,,unclear,,,,,FALSE
Crimean-Congo hemorrhagic fever,amblyomma variegatum,,vector,TRUE,TRUE,TRUE,TRUE,both,Orthonairovirus haemorrhagiae,,,,,,,,,tick,species,amblyomma variegatum,,,,,TRUE,TRUE,TRUE,confirmed,review,lit_review,TRUE,on_host_occurrence,competent,,,,,FALSE
Crimean-Congo hemorrhagic fever,dermacentor marginatus,,vector,TRUE,TRUE,TRUE,TRUE,both,Orthonairovirus haemorrhagiae,,,,,,,,,tick,species,dermacentor marginatus,,,,,TRUE,TRUE,TRUE,candidate,review,lit_review,TRUE,on_host_occurrence,unclear,,,candidate_vector,limited_or_indirect_support,FALSE
Crimean-Congo hemorrhagic fever,dermacentor niveus,,vector,TRUE,TRUE,TRUE,TRUE,both,Orthonairovirus haemorrhagiae,,,,,,,,,tick,species,dermacentor niveus,,,,,TRUE,TRUE,FALSE,candidate,review,lit_review,TRUE,on_host_occurrence,,,,,,FALSE
Crimean-Congo hemorrhagic fever,dermacentor nuttalli,,vector,TRUE,TRUE,TRUE,TRUE,both,Orthonairovirus haemorrhagiae,,,,,,,,,tick,species,dermacentor nuttalli,,,,,TRUE,TRUE,TRUE,candidate,review,lit_review,FALSE,,unclear,,,candidate_vector,,FALSE
Crimean-Congo hemorrhagic fever,haemaphysalis concinna,,vector,TRUE,TRUE,TRUE,TRUE,both,Orthonairovirus haemorrhagiae,,,,,,,,,tick,species,haemaphysalis concinna,,,,,TRUE,TRUE,FALSE,candidate,review,lit_review,TRUE,on_host_occurrence,,,,,,FALSE
Crimean-Congo hemorrhagic fever,haemaphysalis inermis,,vector,TRUE,TRUE,TRUE,TRUE,both,Orthonairovirus haemorrhagiae,,,,,,,,,tick,species,haemaphysalis inermis,,,,,TRUE,FALSE,FALSE,candidate,review,lit_review,,,,,,,,FALSE
Crimean-Congo hemorrhagic fever,haemaphysalis parva,,vector,TRUE,TRUE,TRUE,TRUE,both,Orthonairovirus haemorrhagiae,,,,,,,,,tick,species,haemaphysalis parva,,,,,TRUE,TRUE,FALSE,candidate,review,lit_review,TRUE,on_host_occurrence,,,,,,FALSE
Crimean-Congo hemorrhagic fever,haemaphysalis punctata,,vector,TRUE,TRUE,TRUE,TRUE,both,Orthonairovirus haemorrhagiae,,,,,,,,,tick,species,haemaphysalis punctata,,,,,TRUE,TRUE,TRUE,candidate,review,lit_review,TRUE,on_host_occurrence,unclear,,,candidate_vector,field_detection_only,FALSE
Crimean-Congo hemorrhagic fever,haemaphysalis sulcata,,vector,TRUE,TRUE,TRUE,TRUE,both,Orthonairovirus haemorrhagiae,,,,,,,,,tick,species,haemaphysalis sulcata,,,,,TRUE,TRUE,FALSE,candidate,review,lit_review,TRUE,on_host_occurrence,,,,,,FALSE
Crimean-Congo hemorrhagic fever,hyalomma aegyptium,,vector,TRUE,TRUE,TRUE,TRUE,both,Orthonairovirus haemorrhagiae,,,,,,,,,tick,species,hyalomma aegyptium,,,,,TRUE,TRUE,TRUE,confirmed,review,EFSA; lit_review,TRUE,on_host_occurrence,competent,,,,field_detection_only,FALSE
Crimean-Congo hemorrhagic fever,hyalomma anatolicum,,vector,TRUE,TRUE,TRUE,TRUE,both,Orthonairovirus haemorrhagiae,,,,,,,,,tick,species,hyalomma anatolicum,main_vector,medium,TRUE,draft_source_backed,TRUE,TRUE,TRUE,confirmed,review,EFSA; lit_review,TRUE,on_host_occurrence,competent,,,candidate_vector|primary_vector,,FALSE
Crimean-Congo hemorrhagic fever,hyalomma asiaticum,,vector,TRUE,TRUE,TRUE,TRUE,both,Orthonairovirus haemorrhagiae,,,,,,,,,tick,species,hyalomma asiaticum,,,,,TRUE,FALSE,TRUE,confirmed,review,EFSA; lit_review,,,competent,,,primary_vector,,FALSE
Crimean-Congo hemorrhagic fever,hyalomma asiaticum kozlovi,,vector,TRUE,TRUE,TRUE,TRUE,both,Orthonairovirus haemorrhagiae,,,,,,,,,tick,infraspecific,hyalomma asiaticum kozlovi,,,,,TRUE,FALSE,FALSE,confirmed,review,lit_review,,,,,,,,FALSE
Crimean-Congo hemorrhagic fever,hyalomma detritum,,vector,TRUE,TRUE,TRUE,TRUE,both,Orthonairovirus haemorrhagiae,,,,,,,,,tick,species,hyalomma detritum,,,,,TRUE,FALSE,FALSE,confirmed,review,lit_review,,,,,,,,FALSE
Crimean-Congo hemorrhagic fever,hyalomma dromedarii,,vector,TRUE,TRUE,TRUE,TRUE,both,Orthonairovirus haemorrhagiae,,,,,,,,,tick,species,hyalomma dromedarii,,,,,TRUE,TRUE,TRUE,confirmed,review,lit_review,TRUE,on_host_occurrence,competent,,,candidate_vector|primary_vector,field_detection_only,FALSE
Crimean-Congo hemorrhagic fever,hyalomma excavatum,,vector,TRUE,TRUE,TRUE,TRUE,both,Orthonairovirus haemorrhagiae,,,,,,,,,tick,species,hyalomma excavatum,,,,,TRUE,TRUE,TRUE,confirmed,review,lit_review,TRUE,on_host_occurrence,competent,,,candidate_vector,,FALSE
Crimean-Congo hemorrhagic fever,hyalomma impeltatum,,vector,TRUE,TRUE,TRUE,TRUE,both,Orthonairovirus haemorrhagiae,,,,,,,,,tick,species,hyalomma impeltatum,,,,,TRUE,TRUE,TRUE,confirmed,review,lit_review,TRUE,on_host_occurrence,competent,yes,,primary_vector,,FALSE
Crimean-Congo hemorrhagic fever,hyalomma impressum,,vector,TRUE,TRUE,TRUE,TRUE,both,Orthonairovirus haemorrhagiae,,,,,,,,,tick,species,hyalomma impressum,,,,,TRUE,TRUE,FALSE,probable,review,lit_review,TRUE,on_host_occurrence,,,,,,FALSE
Crimean-Congo hemorrhagic fever,hyalomma isaaci,,vector,TRUE,TRUE,TRUE,TRUE,both,Orthonairovirus haemorrhagiae,,,,,,,,,tick,species,hyalomma isaaci,,,,,TRUE,TRUE,FALSE,candidate,review,lit_review,TRUE,on_host_occurrence,,,,,,FALSE
Crimean-Congo hemorrhagic fever,hyalomma lusitanicum,,vector,TRUE,TRUE,TRUE,TRUE,both,Orthonairovirus haemorrhagiae,,,,,,,,,tick,species,hyalomma lusitanicum,enzootic_maintenance_vector,medium,TRUE,draft_source_backed,TRUE,TRUE,TRUE,probable,review,lit_review,TRUE,on_host_occurrence,unclear,,,candidate_vector,,FALSE
Crimean-Congo hemorrhagic fever,hyalomma marginatum,,vector,TRUE,TRUE,TRUE,TRUE,both,Orthonairovirus haemorrhagiae,,,,,,,,,tick,species,hyalomma marginatum,main_vector,high,TRUE,draft_source_backed,TRUE,TRUE,TRUE,confirmed,review,EFSA; lit_review,TRUE,on_host_occurrence,competent,,,primary_vector,,FALSE
Crimean-Congo hemorrhagic fever,hyalomma nitidum,,vector,TRUE,TRUE,TRUE,TRUE,both,Orthonairovirus haemorrhagiae,,,,,,,,,tick,species,hyalomma nitidum,,,,,TRUE,FALSE,FALSE,probable,review,lit_review,,,,,,,,FALSE
Crimean-Congo hemorrhagic fever,hyalomma onatoli,,vector,TRUE,TRUE,TRUE,TRUE,both,Orthonairovirus haemorrhagiae,,,,,,,,,tick,species,hyalomma onatoli,,,,,TRUE,FALSE,TRUE,candidate,review,lit_review,,,unclear,,,,spelling_or_ocr_issue,TRUE
Crimean-Congo hemorrhagic fever,hyalomma rufipes,,vector,TRUE,TRUE,TRUE,TRUE,both,Orthonairovirus haemorrhagiae,,,,,,,,,tick,species,hyalomma rufipes,main_vector,medium,TRUE,draft_source_backed,TRUE,TRUE,TRUE,confirmed,review,lit_review,TRUE,on_host_occurrence,competent,mixed,,primary_vector,field_detection_only,FALSE
Crimean-Congo hemorrhagic fever,hyalomma schulzei,,vector,TRUE,TRUE,TRUE,TRUE,both,Orthonairovirus haemorrhagiae,,,,,,,,,tick,species,hyalomma schulzei,,,,,TRUE,FALSE,TRUE,confirmed,review,lit_review,,,competent,,,,,FALSE
Crimean-Congo hemorrhagic fever,hyalomma scupense,,vector,TRUE,TRUE,TRUE,TRUE,both,Orthonairovirus haemorrhagiae,,,,,,,,,tick,species,hyalomma scupense,,,,,TRUE,TRUE,TRUE,probable,review,lit_review,TRUE,on_host_occurrence,unclear,,,candidate_vector,,FALSE
Crimean-Congo hemorrhagic fever,hyalomma spp,,vector,TRUE,TRUE,TRUE,TRUE,both,Orthonairovirus haemorrhagiae,,,,,,,,,tick,genus_only,hyalomma spp,principal_vector_genus,high,TRUE,draft_source_backed,TRUE,FALSE,TRUE,confirmed,review,lit_review,,,competent,,,primary_vector,taxon_level_not_specific,FALSE
Crimean-Congo hemorrhagic fever,hyalomma truncatum,,vector,TRUE,TRUE,TRUE,TRUE,both,Orthonairovirus haemorrhagiae,,,,,,,,,tick,species,hyalomma truncatum,,,,,TRUE,TRUE,TRUE,confirmed,review,lit_review,TRUE,on_host_occurrence,competent,yes,,primary_vector,field_detection_only,FALSE
Crimean-Congo hemorrhagic fever,hyalomma turanicum,,vector,TRUE,TRUE,TRUE,TRUE,both,Orthonairovirus haemorrhagiae,,,,,,,,,tick,species,hyalomma turanicum,,,,,TRUE,TRUE,TRUE,confirmed,review,lit_review,TRUE,on_host_occurrence,competent,,,primary_vector,field_detection_only,FALSE
Crimean-Congo hemorrhagic fever,ixodes ricinus,,vector,TRUE,TRUE,TRUE,TRUE,both,Orthonairovirus haemorrhagiae,,,,,,,,,tick,species,ixodes ricinus,,,,,TRUE,TRUE,TRUE,candidate,review,lit_review,TRUE,on_host_occurrence,unclear,,,,limited_or_indirect_support,FALSE
Crimean-Congo hemorrhagic fever,ornithodoros lahorensis,,vector,TRUE,TRUE,TRUE,TRUE,both,Orthonairovirus haemorrhagiae,,,,,,,,,tick,species,ornithodoros lahorensis,,,,,TRUE,FALSE,FALSE,candidate,review,lit_review,,,,,,,,FALSE
Crimean-Congo hemorrhagic fever,rhipicephalus annulatus,,vector,TRUE,TRUE,TRUE,TRUE,both,Orthonairovirus haemorrhagiae,,,,,,,,,tick,species,rhipicephalus annulatus,,,,,TRUE,TRUE,TRUE,candidate,review,lit_review,TRUE,on_host_occurrence,unclear,,,,field_detection_only,FALSE
Crimean-Congo hemorrhagic fever,rhipicephalus appendiculatus,,vector,TRUE,TRUE,TRUE,TRUE,both,Orthonairovirus haemorrhagiae,,,,,,,,,tick,species,rhipicephalus appendiculatus,,,,,TRUE,TRUE,FALSE,candidate,review,lit_review,TRUE,on_host_occurrence,,,,,,FALSE
Crimean-Congo hemorrhagic fever,rhipicephalus boophilus annulatus,,vector,TRUE,TRUE,TRUE,TRUE,both,Orthonairovirus haemorrhagiae,,,,,,,,,tick,infraspecific,rhipicephalus boophilus annulatus,,,,,TRUE,FALSE,FALSE,candidate,review,lit_review,,,,,,,,FALSE
Crimean-Congo hemorrhagic fever,rhipicephalus boophilus decoloratus,,vector,TRUE,TRUE,TRUE,TRUE,both,Orthonairovirus haemorrhagiae,,,,,,,,,tick,infraspecific,rhipicephalus boophilus decoloratus,,,,,TRUE,FALSE,FALSE,candidate,review,lit_review,,,,,,,,FALSE
Crimean-Congo hemorrhagic fever,rhipicephalus bursa,,vector,TRUE,TRUE,TRUE,TRUE,both,Orthonairovirus haemorrhagiae,,,,,,,,,tick,species,rhipicephalus bursa,,,,,TRUE,TRUE,TRUE,confirmed,review,lit_review,TRUE,on_host_occurrence,competent,,yes,candidate_vector,field_detection_only,FALSE
Crimean-Congo hemorrhagic fever,rhipicephalus decoloratus,,vector,TRUE,TRUE,TRUE,TRUE,both,Orthonairovirus haemorrhagiae,,,,,,,,,tick,species,rhipicephalus decoloratus,,,,,TRUE,TRUE,FALSE,candidate,review,lit_review,FALSE,,,,,,,FALSE
Crimean-Congo hemorrhagic fever,rhipicephalus evertsi,,vector,TRUE,TRUE,TRUE,TRUE,both,Orthonairovirus haemorrhagiae,,,,,,,,,tick,species,rhipicephalus evertsi,,,,,TRUE,TRUE,TRUE,candidate,review,lit_review,FALSE,,unclear,no,,,field_detection_only,TRUE
Crimean-Congo hemorrhagic fever,rhipicephalus evertsi evertsi,,vector,TRUE,TRUE,TRUE,TRUE,both,Orthonairovirus haemorrhagiae,,,,,,,,,tick,infraspecific,rhipicephalus evertsi evertsi,,,,,TRUE,FALSE,TRUE,candidate,review,lit_review,,,unclear,,,,field_detection_only,FALSE
Crimean-Congo hemorrhagic fever,rhipicephalus geigyi,,vector,TRUE,TRUE,TRUE,TRUE,both,Orthonairovirus haemorrhagiae,,,,,,,,,tick,species,rhipicephalus geigyi,,,,,TRUE,TRUE,FALSE,candidate,review,lit_review,FALSE,,,,,,,FALSE
Crimean-Congo hemorrhagic fever,rhipicephalus guilhoni,,vector,TRUE,TRUE,TRUE,TRUE,both,Orthonairovirus haemorrhagiae,,,,,,,,,tick,species,rhipicephalus guilhoni,,,,,TRUE,TRUE,FALSE,candidate,review,lit_review,FALSE,,,,,,,FALSE
Crimean-Congo hemorrhagic fever,rhipicephalus microplus,,vector,TRUE,TRUE,TRUE,TRUE,both,Orthonairovirus haemorrhagiae,,,,,,,,,tick,species,rhipicephalus microplus,,,,,TRUE,TRUE,FALSE,candidate,review,lit_review,FALSE,,,,,,,FALSE
Crimean-Congo hemorrhagic fever,rhipicephalus pulchellus,,vector,TRUE,TRUE,TRUE,TRUE,both,Orthonairovirus haemorrhagiae,,,,,,,,,tick,species,rhipicephalus pulchellus,,,,,TRUE,TRUE,TRUE,candidate,review,lit_review,TRUE,on_host_occurrence,unclear,,,,,FALSE
Crimean-Congo hemorrhagic fever,rhipicephalus pumilio,,vector,TRUE,TRUE,TRUE,TRUE,both,Orthonairovirus haemorrhagiae,,,,,,,,,tick,species,rhipicephalus pumilio,,,,,TRUE,FALSE,TRUE,candidate,review,lit_review,,,unclear,,,,field_detection_only,FALSE
Crimean-Congo hemorrhagic fever,rhipicephalus rossicus,,vector,TRUE,TRUE,TRUE,TRUE,both,Orthonairovirus haemorrhagiae,,,,,,,,,tick,species,rhipicephalus rossicus,,,,,TRUE,TRUE,TRUE,candidate,review,lit_review,FALSE,,unclear,,,,field_detection_only,FALSE
Crimean-Congo hemorrhagic fever,rhipicephalus sanguineus,,vector,TRUE,TRUE,TRUE,TRUE,both,Orthonairovirus haemorrhagiae,,,,,,,,,tick,species,rhipicephalus sanguineus,,,,,TRUE,TRUE,TRUE,candidate,review,lit_review,TRUE,on_host_occurrence,mixed,mixed,mixed,,field_detection_only|mixed_or_debated_evidence,FALSE
Crimean-Congo hemorrhagic fever,rhipicephalus spp,,vector,TRUE,TRUE,TRUE,TRUE,both,Orthonairovirus haemorrhagiae,,,,,,,,,tick,genus_only,rhipicephalus spp,,,,,TRUE,FALSE,FALSE,candidate,review,lit_review,,,,,,,,FALSE
Crimean-Congo hemorrhagic fever,rhipicephalus turanicus,,vector,TRUE,TRUE,TRUE,TRUE,both,Orthonairovirus haemorrhagiae,,,,,,,,,tick,species,rhipicephalus turanicus,,,,,TRUE,TRUE,TRUE,candidate,review,lit_review,TRUE,on_host_occurrence,unclear,,,,field_detection_only,FALSE
Crimean-Congo hemorrhagic fever,Antidorcas marsupialis,59523,host,TRUE,TRUE,TRUE,TRUE,both,Orthonairovirus haemorrhagiae,mammalia,artiodactyla,bovidae,Antibodies,host_presence_only,low,TRUE,candidate_only,,,,,,,,FALSE,FALSE,FALSE,,,,,,,,,,,FALSE
Crimean-Congo hemorrhagic fever,Atelerix albiventris,9368,host,TRUE,TRUE,TRUE,TRUE,both,Orthonairovirus haemorrhagiae,mammalia,eulipotyphla,erinaceidae,Isolation/Observation,host_presence_only,low,TRUE,candidate_only,,,,,,,,FALSE,FALSE,FALSE,,,,,,,,,,,FALSE
Crimean-Congo hemorrhagic fever,Bos taurus,9913,host,TRUE,TRUE,TRUE,TRUE,both,Orthonairovirus haemorrhagiae,mammalia,artiodactyla,bovidae,Isolation/Observation; Not specified; PCR/Sequencing,host_presence_only,low,TRUE,candidate_only,,,,,,,,FALSE,FALSE,FALSE,,,,,,,,,,,FALSE
Crimean-Congo hemorrhagic fever,Bubalus bubalis,89462,host,TRUE,TRUE,TRUE,TRUE,both,Orthonairovirus haemorrhagiae,mammalia,artiodactyla,bovidae,Antibodies; PCR/Sequencing,host_presence_only,low,TRUE,candidate_only,,,,,,,,FALSE,FALSE,FALSE,,,,,,,,,,,FALSE
Crimean-Congo hemorrhagic fever,Camelus bactrianus,9837,host,TRUE,TRUE,TRUE,TRUE,both,Orthonairovirus haemorrhagiae,,,,Antibodies,host_presence_only,low,TRUE,candidate_only,,,,,,,,FALSE,FALSE,FALSE,,,,,,,,,,,FALSE
Crimean-Congo hemorrhagic fever,Camelus dromedarius,9838,host,TRUE,TRUE,TRUE,TRUE,both,Orthonairovirus haemorrhagiae,mammalia,artiodactyla,camelidae,Antibodies; PCR/Sequencing,host_presence_only,low,TRUE,candidate_only,,,,,,,,FALSE,FALSE,FALSE,,,,,,,,,,,FALSE
Crimean-Congo hemorrhagic fever,Canis lupus,9612,host,TRUE,TRUE,TRUE,TRUE,both,Orthonairovirus haemorrhagiae,mammalia,carnivora,canidae,Antibodies,host_presence_only,low,TRUE,candidate_only,,,,,,,,FALSE,FALSE,FALSE,,,,,,,,,,,FALSE
Crimean-Congo hemorrhagic fever,Capra hircus,9925,host,TRUE,TRUE,TRUE,TRUE,both,Orthonairovirus haemorrhagiae,mammalia,artiodactyla,bovidae,Isolation/Observation; Not specified; PCR/Sequencing,host_presence_only,low,TRUE,candidate_only,,,,,,,,FALSE,FALSE,FALSE,,,,,,,,,,,FALSE
Crimean-Congo hemorrhagic fever,Capricornis milneedwardsii,1073286,host,TRUE,TRUE,TRUE,TRUE,both,Orthonairovirus haemorrhagiae,,,,PCR/Sequencing,host_presence_only,low,TRUE,candidate_only,,,,,,,,FALSE,FALSE,FALSE,,,,,,,,,,,FALSE
Crimean-Congo hemorrhagic fever,Ceratotherium simum,9807,host,TRUE,TRUE,TRUE,TRUE,both,Orthonairovirus haemorrhagiae,mammalia,perissodactyla,rhinocerotidae,Antibodies,host_presence_only,low,TRUE,candidate_only,,,,,,,,FALSE,FALSE,FALSE,,,,,,,,,,,FALSE
Crimean-Congo hemorrhagic fever,Equus asinus,9793,host,TRUE,TRUE,TRUE,TRUE,both,Orthonairovirus haemorrhagiae,mammalia,perissodactyla,equidae,Antibodies,host_presence_only,low,TRUE,candidate_only,,,,,,,,FALSE,FALSE,FALSE,,,,,,,,,,,FALSE
Crimean-Congo hemorrhagic fever,Equus caballus,9796,host,TRUE,TRUE,TRUE,TRUE,both,Orthonairovirus haemorrhagiae,mammalia,perissodactyla,equidae,Antibodies,host_presence_only,low,TRUE,candidate_only,,,,,,,,FALSE,FALSE,FALSE,,,,,,,,,,,FALSE
Crimean-Congo hemorrhagic fever,Homo sapiens,9606,host,TRUE,TRUE,TRUE,TRUE,both,Orthonairovirus haemorrhagiae,,,,Isolation/Observation; Not specified; PCR/Sequencing,incidental_host,high,FALSE,draft_source_backed,,,,,,,,FALSE,FALSE,FALSE,,,,,,,,,,,FALSE
Crimean-Congo hemorrhagic fever,Lepus europaeus,9983,host,TRUE,TRUE,TRUE,TRUE,both,Orthonairovirus haemorrhagiae,mammalia,lagomorpha,leporidae,Isolation/Observation,host_presence_only,low,TRUE,candidate_only,,,,,,,,FALSE,FALSE,FALSE,,,,,,,,,,,FALSE
Crimean-Congo hemorrhagic fever,Lycaon pictus,9622,host,TRUE,TRUE,TRUE,TRUE,both,Orthonairovirus haemorrhagiae,mammalia,carnivora,canidae,Antibodies,host_presence_only,low,TRUE,candidate_only,,,,,,,,FALSE,FALSE,FALSE,,,,,,,,,,,FALSE
Crimean-Congo hemorrhagic fever,Mus musculus,10090,host,TRUE,TRUE,TRUE,TRUE,both,Orthonairovirus haemorrhagiae,mammalia,rodentia,muridae,PCR/Sequencing,host_presence_only,low,TRUE,candidate_only,,,,,,,,FALSE,FALSE,FALSE,,,,,,,,,,,FALSE
Crimean-Congo hemorrhagic fever,Numida meleagris,8996,host,TRUE,TRUE,TRUE,TRUE,both,Orthonairovirus haemorrhagiae,aves,galliformes,numididae,Antibodies,host_presence_only,low,TRUE,candidate_only,,,,,,,,FALSE,FALSE,FALSE,,,,,,,,,,,FALSE
Crimean-Congo hemorrhagic fever,Nyctalus noctula,51300,host,TRUE,TRUE,TRUE,TRUE,both,Orthonairovirus haemorrhagiae,mammalia,chiroptera,vespertilionidae,Antibodies,host_presence_only,low,TRUE,candidate_only,,,,,,,,FALSE,FALSE,FALSE,,,,,,,,,,,FALSE
Crimean-Congo hemorrhagic fever,Ovis aries,9940,host,TRUE,TRUE,TRUE,TRUE,both,Orthonairovirus haemorrhagiae,mammalia,artiodactyla,bovidae,Antibodies; Not specified; PCR/Sequencing,host_presence_only,low,TRUE,candidate_only,,,,,,,,FALSE,FALSE,FALSE,,,,,,,,,,,FALSE
Crimean-Congo hemorrhagic fever,Rattus norvegicus,10116,host,TRUE,TRUE,TRUE,TRUE,both,Orthonairovirus haemorrhagiae,mammalia,rodentia,muridae,Antibodies; PCR/Sequencing,host_presence_only,low,TRUE,candidate_only,,,,,,,,FALSE,FALSE,FALSE,,,,,,,,,,,FALSE
Crimean-Congo hemorrhagic fever,Rattus rattus,10117,host,TRUE,TRUE,TRUE,TRUE,both,Orthonairovirus haemorrhagiae,mammalia,rodentia,muridae,Antibodies; PCR/Sequencing,host_presence_only,low,TRUE,candidate_only,,,,,,,,FALSE,FALSE,FALSE,,,,,,,,,,,FALSE
Crimean-Congo hemorrhagic fever,Struthio camelus,8801,host,TRUE,TRUE,TRUE,TRUE,both,Orthonairovirus haemorrhagiae,aves,struthioniformes,struthionidae,Antibodies,host_presence_only,low,TRUE,candidate_only,,,,,,,,FALSE,FALSE,FALSE,,,,,,,,,,,FALSE
Crimean-Congo hemorrhagic fever,Suricata suricatta,37032,host,TRUE,TRUE,TRUE,TRUE,both,Orthonairovirus haemorrhagiae,mammalia,carnivora,herpestidae,Antibodies,host_presence_only,low,TRUE,candidate_only,,,,,,,,FALSE,FALSE,FALSE,,,,,,,,,,,FALSE
Crimean-Congo hemorrhagic fever,Syncerus caffer,9970,host,TRUE,TRUE,TRUE,TRUE,both,Orthonairovirus haemorrhagiae,mammalia,artiodactyla,bovidae,Antibodies,host_presence_only,low,TRUE,candidate_only,,,,,,,,FALSE,FALSE,FALSE,,,,,,,,,,,FALSE
Crimean-Congo hemorrhagic fever,Testudo graeca,86975,host,TRUE,TRUE,TRUE,TRUE,both,Orthonairovirus haemorrhagiae,reptilia,testudines,testudinidae,PCR/Sequencing,host_presence_only,low,TRUE,candidate_only,,,,,,,,FALSE,FALSE,FALSE,,,,,,,,,,,FALSE
Crimean-Congo hemorrhagic fever,Vulpes vulpes,9627,host,TRUE,TRUE,TRUE,TRUE,both,Orthonairovirus haemorrhagiae,mammalia,carnivora,canidae,Antibodies,host_presence_only,low,TRUE,candidate_only,,,,,,,,FALSE,FALSE,FALSE,,,,,,,,,,,FALSE
Crimean-Congo hemorrhagic fever,aepyceros melampus,9897,host,TRUE,TRUE,TRUE,TRUE,both,Orthonairovirus haemorrhagiae,,,,Antibodies,host_presence_only,low,TRUE,candidate_only,,,,,,,,FALSE,FALSE,FALSE,,,,,,,,,,,FALSE
Crimean-Congo hemorrhagic fever,alcelaphus buselaphus,59517,host,TRUE,TRUE,TRUE,TRUE,both,Orthonairovirus haemorrhagiae,,,,Antibodies,host_presence_only,low,TRUE,candidate_only,,,,,,,,FALSE,FALSE,FALSE,,,,,,,,,,,FALSE
Crimean-Congo hemorrhagic fever,damaliscus pygargus,9931,host,TRUE,TRUE,TRUE,TRUE,both,Orthonairovirus haemorrhagiae,,,,Antibodies,host_presence_only,low,TRUE,candidate_only,,,,,,,,FALSE,FALSE,FALSE,,,,,,,,,,,FALSE
Crimean-Congo hemorrhagic fever,diceros bicornis,9805,host,TRUE,TRUE,TRUE,TRUE,both,Orthonairovirus haemorrhagiae,,,,Antibodies,host_presence_only,low,TRUE,candidate_only,,,,,,,,FALSE,FALSE,FALSE,,,,,,,,,,,FALSE
Crimean-Congo hemorrhagic fever,equus quagga,89252,host,TRUE,TRUE,TRUE,TRUE,both,Orthonairovirus haemorrhagiae,,,,Antibodies,host_presence_only,low,TRUE,candidate_only,,,,,,,,FALSE,FALSE,FALSE,,,,,,,,,,,FALSE
Crimean-Congo hemorrhagic fever,gerbilliscus brantsii,410299,host,TRUE,TRUE,TRUE,TRUE,both,Orthonairovirus haemorrhagiae,,,,Antibodies,host_presence_only,low,TRUE,candidate_only,,,,,,,,FALSE,FALSE,FALSE,,,,,,,,,,,FALSE
Crimean-Congo hemorrhagic fever,gerbilliscus leucogaster,410302,host,TRUE,TRUE,TRUE,TRUE,both,Orthonairovirus haemorrhagiae,,,,Antibodies,host_presence_only,low,TRUE,candidate_only,,,,,,,,FALSE,FALSE,FALSE,,,,,,,,,,,FALSE
Crimean-Congo hemorrhagic fever,giraffa camelopardalis,9894,host,TRUE,TRUE,TRUE,TRUE,both,Orthonairovirus haemorrhagiae,,,,Antibodies,host_presence_only,low,TRUE,candidate_only,,,,,,,,FALSE,FALSE,FALSE,,,,,,,,,,,FALSE
Crimean-Congo hemorrhagic fever,hemiechinus auritus,217708,host,TRUE,TRUE,TRUE,TRUE,both,Orthonairovirus haemorrhagiae,,,,Antibodies,host_presence_only,low,TRUE,candidate_only,,,,,,,,FALSE,FALSE,FALSE,,,,,,,,,,,FALSE
Crimean-Congo hemorrhagic fever,hippotragus niger,37189,host,TRUE,TRUE,TRUE,TRUE,both,Orthonairovirus haemorrhagiae,,,,Antibodies,host_presence_only,low,TRUE,candidate_only,,,,,,,,FALSE,FALSE,FALSE,,,,,,,,,,,FALSE
Crimean-Congo hemorrhagic fever,hystrix africaeaustralis,10138,host,TRUE,TRUE,TRUE,TRUE,both,Orthonairovirus haemorrhagiae,,,,Antibodies,host_presence_only,low,TRUE,candidate_only,,,,,,,,FALSE,FALSE,FALSE,,,,,,,,,,,FALSE
Crimean-Congo hemorrhagic fever,kobus ellipsiprymnus,9962,host,TRUE,TRUE,TRUE,TRUE,both,Orthonairovirus haemorrhagiae,,,,Antibodies,host_presence_only,low,TRUE,candidate_only,,,,,,,,FALSE,FALSE,FALSE,,,,,,,,,,,FALSE
Crimean-Congo hemorrhagic fever,lepus capensis,9981,host,TRUE,TRUE,TRUE,TRUE,both,Orthonairovirus haemorrhagiae,,,,Antibodies,host_presence_only,low,TRUE,candidate_only,,,,,,,,FALSE,FALSE,FALSE,,,,,,,,,,,FALSE
Crimean-Congo hemorrhagic fever,lepus saxatilis,63224,host,TRUE,TRUE,TRUE,TRUE,both,Orthonairovirus haemorrhagiae,,,,Antibodies,host_presence_only,low,TRUE,candidate_only,,,,,,,,FALSE,FALSE,FALSE,,,,,,,,,,,FALSE
Crimean-Congo hemorrhagic fever,loxodonta africana,9785,host,TRUE,TRUE,TRUE,TRUE,both,Orthonairovirus haemorrhagiae,,,,Antibodies,host_presence_only,low,TRUE,candidate_only,,,,,,,,FALSE,FALSE,FALSE,,,,,,,,,,,FALSE
Crimean-Congo hemorrhagic fever,mastomys coucha,35658,host,TRUE,TRUE,TRUE,TRUE,both,Orthonairovirus haemorrhagiae,,,,Antibodies,host_presence_only,low,TRUE,candidate_only,,,,,,,,FALSE,FALSE,FALSE,,,,,,,,,,,FALSE
Crimean-Congo hemorrhagic fever,meriones crassus,298887,host,TRUE,TRUE,TRUE,TRUE,both,Orthonairovirus haemorrhagiae,,,,Antibodies,host_presence_only,low,TRUE,candidate_only,,,,,,,,FALSE,FALSE,FALSE,,,,,,,,,,,FALSE
Crimean-Congo hemorrhagic fever,micaelamys namaquensis,472707,host,TRUE,TRUE,TRUE,TRUE,both,Orthonairovirus haemorrhagiae,,,,Antibodies,host_presence_only,low,TRUE,candidate_only,,,,,,,,FALSE,FALSE,FALSE,,,,,,,,,,,FALSE
Crimean-Congo hemorrhagic fever,myotis blythii,109482,host,TRUE,TRUE,TRUE,TRUE,both,Orthonairovirus haemorrhagiae,,,,Antibodies,host_presence_only,low,TRUE,candidate_only,,,,,,,,FALSE,FALSE,FALSE,,,,,,,,,,,FALSE
Crimean-Congo hemorrhagic fever,oryx gazella,9958,host,TRUE,TRUE,TRUE,TRUE,both,Orthonairovirus haemorrhagiae,,,,Antibodies,host_presence_only,low,TRUE,candidate_only,,,,,,,,FALSE,FALSE,FALSE,,,,,,,,,,,FALSE
Crimean-Congo hemorrhagic fever,pedetes capensis,10023,host,TRUE,TRUE,TRUE,TRUE,both,Orthonairovirus haemorrhagiae,,,,Antibodies,host_presence_only,low,TRUE,candidate_only,,,,,,,,FALSE,FALSE,FALSE,,,,,,,,,,,FALSE
Crimean-Congo hemorrhagic fever,phacochoerus aethiopicus,85517,host,TRUE,TRUE,TRUE,TRUE,both,Orthonairovirus haemorrhagiae,,,,Antibodies,host_presence_only,low,TRUE,candidate_only,,,,,,,,FALSE,FALSE,FALSE,,,,,,,,,,,FALSE
Crimean-Congo hemorrhagic fever,redunca arundinum,59554,host,TRUE,TRUE,TRUE,TRUE,both,Orthonairovirus haemorrhagiae,,,,Antibodies,host_presence_only,low,TRUE,candidate_only,,,,,,,,FALSE,FALSE,FALSE,,,,,,,,,,,FALSE
Crimean-Congo hemorrhagic fever,redunca fulvorufula,59555,host,TRUE,TRUE,TRUE,TRUE,both,Orthonairovirus haemorrhagiae,,,,Antibodies,host_presence_only,low,TRUE,candidate_only,,,,,,,,FALSE,FALSE,FALSE,,,,,,,,,,,FALSE
Crimean-Congo hemorrhagic fever,rhabdomys pumilio,121573,host,TRUE,TRUE,TRUE,TRUE,both,Orthonairovirus haemorrhagiae,,,,Antibodies,host_presence_only,low,TRUE,candidate_only,,,,,,,,FALSE,FALSE,FALSE,,,,,,,,,,,FALSE
Crimean-Congo hemorrhagic fever,sylvicapra grimmia,119562,host,TRUE,TRUE,TRUE,TRUE,both,Orthonairovirus haemorrhagiae,,,,Antibodies,host_presence_only,low,TRUE,candidate_only,,,,,,,,FALSE,FALSE,FALSE,,,,,,,,,,,FALSE
Crimean-Congo hemorrhagic fever,tatera indica,186471,host,TRUE,TRUE,TRUE,TRUE,both,Orthonairovirus haemorrhagiae,,,,Antibodies,host_presence_only,low,TRUE,candidate_only,,,,,,,,FALSE,FALSE,FALSE,,,,,,,,,,,FALSE
Crimean-Congo hemorrhagic fever,testudo horsfieldii,101699,host,TRUE,TRUE,TRUE,TRUE,both,Orthonairovirus haemorrhagiae,,,,Antibodies,host_presence_only,low,TRUE,candidate_only,,,,,,,,FALSE,FALSE,FALSE,,,,,,,,,,,FALSE
Crimean-Congo hemorrhagic fever,tragelaphus angasii,66437,host,TRUE,TRUE,TRUE,TRUE,both,Orthonairovirus haemorrhagiae,,,,Antibodies,host_presence_only,low,TRUE,candidate_only,,,,,,,,FALSE,FALSE,FALSE,,,,,,,,,,,FALSE
Crimean-Congo hemorrhagic fever,tragelaphus oryx,9945,host,TRUE,TRUE,TRUE,TRUE,both,Orthonairovirus haemorrhagiae,,,,Antibodies,host_presence_only,low,TRUE,candidate_only,,,,,,,,FALSE,FALSE,FALSE,,,,,,,,,,,FALSE
Crimean-Congo hemorrhagic fever,tragelaphus strepsiceros,9946,host,TRUE,TRUE,TRUE,TRUE,both,Orthonairovirus haemorrhagiae,,,,Antibodies,host_presence_only,low,TRUE,candidate_only,,,,,,,,FALSE,FALSE,FALSE,,,,,,,,,,,FALSE
Crimean-Congo hemorrhagic fever,xerus inauris,234690,host,TRUE,TRUE,TRUE,TRUE,both,Orthonairovirus haemorrhagiae,,,,Antibodies,host_presence_only,low,TRUE,candidate_only,,,,,,,,FALSE,FALSE,FALSE,,,,,,,,,,,FALSE
Dengue,aedes aegypti,,vector,TRUE,TRUE,TRUE,FALSE,both,Orthoflavivirus denguei,,,,,,,,,mosquito,species,aedes aegypti,primary_vector,high,FALSE,draft_source_backed,TRUE,TRUE,TRUE,confirmed,review,lit_review,TRUE,blood_meal,mixed,mixed,yes,primary_vector|urban_vector,temperature_dependent,FALSE
Dengue,aedes albopictus,,vector,TRUE,TRUE,TRUE,FALSE,both,Orthoflavivirus denguei,,,,,,,,,mosquito,species,aedes albopictus,candidate_vector,medium,TRUE,draft_needs_review,TRUE,TRUE,TRUE,confirmed,review,lit_review,TRUE,blood_meal,mixed,mixed,yes,primary_vector|secondary_vector,temperature_dependent,FALSE
Dengue,aedes cretinus,,vector,TRUE,TRUE,TRUE,FALSE,both,Orthoflavivirus denguei,,,,,,,,,mosquito,species,aedes cretinus,,,,,TRUE,FALSE,TRUE,candidate,review,lit_review,,,unclear,,,,,FALSE
Dengue,aedes furcifer,,vector,TRUE,TRUE,TRUE,FALSE,both,Orthoflavivirus denguei,,,,,,,,,mosquito,species,aedes furcifer,sylvatic_vector,medium,TRUE,draft_source_backed,TRUE,FALSE,TRUE,confirmed,review,lit_review,,,mixed,,,primary_vector,,FALSE
Dengue,aedes hensilli,,vector,TRUE,TRUE,TRUE,FALSE,both,Orthoflavivirus denguei,,,,,,,,,mosquito,species,aedes hensilli,,,,,TRUE,FALSE,FALSE,weak,field+lab,lit_review,,,,,,,,FALSE
Dengue,aedes japonicus,,vector,TRUE,TRUE,TRUE,FALSE,both,Orthoflavivirus denguei,,,,,,,,,mosquito,species,aedes japonicus,,,,,TRUE,TRUE,TRUE,candidate,review,lit_review,TRUE,blood_meal,competent,,,,,FALSE
Dengue,aedes luteocephalus,,vector,TRUE,TRUE,TRUE,FALSE,both,Orthoflavivirus denguei,,,,,,,,,mosquito,species,aedes luteocephalus,sylvatic_vector,medium,TRUE,draft_source_backed,TRUE,FALSE,TRUE,confirmed,review,lit_review,,,mixed,,,primary_vector,,FALSE
Dengue,aedes malayensis,,vector,TRUE,TRUE,TRUE,FALSE,both,Orthoflavivirus denguei,,,,,,,,,mosquito,species,aedes malayensis,,,,,TRUE,FALSE,TRUE,confirmed,review,lit_review,,,competent,,,candidate_vector,,FALSE
Dengue,aedes mediovittatus,,vector,TRUE,TRUE,TRUE,FALSE,both,Orthoflavivirus denguei,,,,,,,,,mosquito,species,aedes mediovittatus,,,,,TRUE,FALSE,TRUE,probable,lab,lit_review,FALSE,,mixed,yes,,candidate_vector,,FALSE
Dengue,aedes niveus,,vector,TRUE,TRUE,TRUE,FALSE,both,Orthoflavivirus denguei,,,,,,,,,mosquito,species,aedes niveus,,,,,TRUE,FALSE,TRUE,probable,review,lit_review,,,unclear,,,secondary_vector,,FALSE
Dengue,aedes polynesiensis,,vector,TRUE,TRUE,TRUE,FALSE,both,Orthoflavivirus denguei,,,,,,,,,mosquito,species,aedes polynesiensis,epidemic_vector,medium,TRUE,draft_source_backed,TRUE,FALSE,TRUE,confirmed,review,lit_review,,,competent,yes,,primary_vector|secondary_vector,,FALSE
Dengue,aedes pseudoscutellaris,,vector,TRUE,TRUE,TRUE,FALSE,both,Orthoflavivirus denguei,,,,,,,,,mosquito,species,aedes pseudoscutellaris,,,,,TRUE,FALSE,TRUE,candidate,review,lit_review,,,unclear,,,,,FALSE
Dengue,aedes scutellaris,,vector,TRUE,TRUE,TRUE,FALSE,both,Orthoflavivirus denguei,,,,,,,,,mosquito,species,aedes scutellaris,,,,,TRUE,FALSE,TRUE,candidate,review,lit_review,,,unclear,,,candidate_vector,,FALSE
Dengue,aedes taylori,,vector,TRUE,TRUE,TRUE,FALSE,both,Orthoflavivirus denguei,,,,,,,,,mosquito,species,aedes taylori,sylvatic_vector,medium,TRUE,draft_source_backed,TRUE,TRUE,TRUE,confirmed,review,lit_review,TRUE,blood_meal,mixed,,,primary_vector,,FALSE
Dengue,aedes vittatus,,vector,TRUE,TRUE,TRUE,FALSE,both,Orthoflavivirus denguei,,,,,,,,,mosquito,species,aedes vittatus,,,,,TRUE,TRUE,TRUE,confirmed,review,lit_review,TRUE,blood_meal,mixed,,,primary_vector,,FALSE
Dengue,culex quinquefasciatus,,vector,TRUE,TRUE,TRUE,FALSE,both,Orthoflavivirus denguei,,,,,,,,,mosquito,species,culex quinquefasciatus,,,,,TRUE,TRUE,TRUE,weak,review,lit_review,TRUE,blood_meal,not_competent,,yes,,,FALSE
Dengue,Artibeus jamaicensis,9417,host,TRUE,TRUE,TRUE,FALSE,both,Orthoflavivirus denguei,mammalia,chiroptera,phyllostomidae,Antibodies; PCR/Sequencing,host_presence_only,low,TRUE,candidate_only,,,,,,,,FALSE,FALSE,FALSE,,,,,,,,,,,FALSE
Dengue,Artibeus lituratus,27634,host,TRUE,TRUE,TRUE,FALSE,both,Orthoflavivirus denguei,mammalia,chiroptera,phyllostomidae,Antibodies,host_presence_only,low,TRUE,candidate_only,,,,,,,,FALSE,FALSE,FALSE,,,,,,,,,,,FALSE
Dengue,Callithrix penicillata,57378,host,TRUE,TRUE,TRUE,FALSE,both,Orthoflavivirus denguei,mammalia,primates,callitrichidae,PCR/Sequencing,host_presence_only,low,TRUE,candidate_only,,,,,,,,FALSE,FALSE,FALSE,,,,,,,,,,,FALSE
Dengue,Caluromys philander,70610,host,TRUE,TRUE,TRUE,FALSE,both,Orthoflavivirus denguei,mammalia,didelphimorphia,didelphidae,PCR/Sequencing,host_presence_only,low,TRUE,candidate_only,,,,,,,,FALSE,FALSE,FALSE,,,,,,,,,,,FALSE
Dengue,Canis lupus,9615,host,TRUE,TRUE,TRUE,FALSE,both,Orthoflavivirus denguei,mammalia,carnivora,canidae,PCR/Sequencing,host_presence_only,low,TRUE,candidate_only,,,,,,,,FALSE,FALSE,FALSE,,,,,,,,,,,FALSE
Dengue,Carollia brevicauda,138695,host,TRUE,TRUE,TRUE,FALSE,both,Orthoflavivirus denguei,mammalia,chiroptera,phyllostomidae,PCR/Sequencing,host_presence_only,low,TRUE,candidate_only,,,,,,,,FALSE,FALSE,FALSE,,,,,,,,,,,FALSE
Dengue,Carollia perspicillata,40233,host,TRUE,TRUE,TRUE,FALSE,both,Orthoflavivirus denguei,mammalia,chiroptera,phyllostomidae,Antibodies; PCR/Sequencing,host_presence_only,low,TRUE,candidate_only,,,,,,,,FALSE,FALSE,FALSE,,,,,,,,,,,FALSE
Dengue,Chlorocebus aethiops,9534,host,TRUE,TRUE,TRUE,FALSE,both,Orthoflavivirus denguei,mammalia,primates,cercopithecidae,PCR/Sequencing,host_presence_only,low,TRUE,candidate_only,,,,,,,,FALSE,FALSE,FALSE,,,,,,,,,,,FALSE
Dengue,Cynopterus brachyotis,58060,host,TRUE,TRUE,TRUE,FALSE,both,Orthoflavivirus denguei,mammalia,chiroptera,pteropodidae,Antibodies,host_presence_only,low,TRUE,candidate_only,,,,,,,,FALSE,FALSE,FALSE,,,,,,,,,,,FALSE
Dengue,Dermanura phaeotis,40229,host,TRUE,TRUE,TRUE,FALSE,both,Orthoflavivirus denguei,mammalia,chiroptera,phyllostomidae,PCR/Sequencing,host_presence_only,low,TRUE,candidate_only,,,,,,,,FALSE,FALSE,FALSE,,,,,,,,,,,FALSE
Dengue,Desmodus rotundus,9430,host,TRUE,TRUE,TRUE,FALSE,both,Orthoflavivirus denguei,mammalia,chiroptera,phyllostomidae,Antibodies,host_presence_only,low,TRUE,candidate_only,,,,,,,,FALSE,FALSE,FALSE,,,,,,,,,,,FALSE
Dengue,Didelphis marsupialis,9268,host,TRUE,TRUE,TRUE,FALSE,both,Orthoflavivirus denguei,mammalia,didelphimorphia,didelphidae,PCR/Sequencing,host_presence_only,low,TRUE,candidate_only,,,,,,,,FALSE,FALSE,FALSE,,,,,,,,,,,FALSE
Dengue,Erythrocebus patas,9538,host,TRUE,TRUE,TRUE,FALSE,both,Orthoflavivirus denguei,mammalia,primates,cercopithecidae,Isolation/Observation,host_presence_only,low,TRUE,candidate_only,,,,,,,,FALSE,FALSE,FALSE,,,,,,,,,,,FALSE
Dengue,Glossophaga mutica,2994998,host,TRUE,TRUE,TRUE,FALSE,both,Orthoflavivirus denguei,,,,PCR/Sequencing,host_presence_only,low,TRUE,candidate_only,,,,,,,,FALSE,FALSE,FALSE,,,,,,,,,,,FALSE
Dengue,Glossophaga soricina,27638,host,TRUE,TRUE,TRUE,FALSE,both,Orthoflavivirus denguei,mammalia,chiroptera,phyllostomidae,PCR/Sequencing,host_presence_only,low,TRUE,candidate_only,,,,,,,,FALSE,FALSE,FALSE,,,,,,,,,,,FALSE
Dengue,Homo sapiens,9606,host,TRUE,TRUE,TRUE,FALSE,both,Orthoflavivirus denguei,,,,Isolation/Observation; Not specified; PCR/Sequencing,amplifying_host,high,FALSE,draft_source_backed,,,,,,,,FALSE,FALSE,FALSE,,,,,,,,,,,FALSE
Dengue,Hylaeamys megacephalus,89099,host,TRUE,TRUE,TRUE,FALSE,both,Orthoflavivirus denguei,mammalia,rodentia,cricetidae,PCR/Sequencing,host_presence_only,low,TRUE,candidate_only,,,,,,,,FALSE,FALSE,FALSE,,,,,,,,,,,FALSE
Dengue,Macaca fascicularis,9541,host,TRUE,TRUE,TRUE,FALSE,both,Orthoflavivirus denguei,mammalia,primates,cercopithecidae,Antibodies; Isolation/Observation; PCR/Sequencing,host_presence_only,low,TRUE,candidate_only,,,,,,,,FALSE,FALSE,FALSE,,,,,,,,,,,FALSE
Dengue,Macaca nemestrina,9545,host,TRUE,TRUE,TRUE,FALSE,both,Orthoflavivirus denguei,mammalia,primates,cercopithecidae,PCR/Sequencing,host_presence_only,low,TRUE,candidate_only,,,,,,,,FALSE,FALSE,FALSE,,,,,,,,,,,FALSE
Dengue,Marmosa demerarae,42719,host,TRUE,TRUE,TRUE,FALSE,both,Orthoflavivirus denguei,mammalia,didelphimorphia,didelphidae,PCR/Sequencing,host_presence_only,low,TRUE,candidate_only,,,,,,,,FALSE,FALSE,FALSE,,,,,,,,,,,FALSE
Dengue,Marmosa murina,126295,host,TRUE,TRUE,TRUE,FALSE,both,Orthoflavivirus denguei,mammalia,didelphimorphia,didelphidae,PCR/Sequencing,host_presence_only,low,TRUE,candidate_only,,,,,,,,FALSE,FALSE,FALSE,,,,,,,,,,,FALSE
Dengue,Marmosops parvidens,126298,host,TRUE,TRUE,TRUE,FALSE,both,Orthoflavivirus denguei,mammalia,didelphimorphia,didelphidae,PCR/Sequencing,host_presence_only,low,TRUE,candidate_only,,,,,,,,FALSE,FALSE,FALSE,,,,,,,,,,,FALSE
Dengue,Mesomys hispidus,30627,host,TRUE,TRUE,TRUE,FALSE,both,Orthoflavivirus denguei,mammalia,rodentia,echimyidae,PCR/Sequencing,host_presence_only,low,TRUE,candidate_only,,,,,,,,FALSE,FALSE,FALSE,,,,,,,,,,,FALSE
Dengue,Molossus molossus,27622,host,TRUE,TRUE,TRUE,FALSE,both,Orthoflavivirus denguei,mammalia,chiroptera,molossidae,Antibodies,host_presence_only,low,TRUE,candidate_only,,,,,,,,FALSE,FALSE,FALSE,,,,,,,,,,,FALSE
Dengue,Molossus nigricans,2997257,host,TRUE,TRUE,TRUE,FALSE,both,Orthoflavivirus denguei,,,,PCR/Sequencing,host_presence_only,low,TRUE,candidate_only,,,,,,,,FALSE,FALSE,FALSE,,,,,,,,,,,FALSE
Dengue,Molossus pretiosus,1982945,host,TRUE,TRUE,TRUE,FALSE,both,Orthoflavivirus denguei,mammalia,chiroptera,molossidae,PCR/Sequencing,host_presence_only,low,TRUE,candidate_only,,,,,,,,FALSE,FALSE,FALSE,,,,,,,,,,,FALSE
Dengue,Molossus rufus,124751,host,TRUE,TRUE,TRUE,FALSE,both,Orthoflavivirus denguei,mammalia,chiroptera,molossidae,Antibodies; PCR/Sequencing,host_presence_only,low,TRUE,candidate_only,,,,,,,,FALSE,FALSE,FALSE,,,,,,,,,,,FALSE
Dengue,Molossus sinaloae,58076,host,TRUE,TRUE,TRUE,FALSE,both,Orthoflavivirus denguei,mammalia,chiroptera,molossidae,PCR/Sequencing,host_presence_only,low,TRUE,candidate_only,,,,,,,,FALSE,FALSE,FALSE,,,,,,,,,,,FALSE
Dengue,Mus musculus,10090,host,TRUE,TRUE,TRUE,FALSE,both,Orthoflavivirus denguei,mammalia,rodentia,muridae,Not specified; PCR/Sequencing,host_presence_only,low,TRUE,candidate_only,,,,,,,,FALSE,FALSE,FALSE,,,,,,,,,,,FALSE
Dengue,Myotis nigricans,153286,host,TRUE,TRUE,TRUE,FALSE,both,Orthoflavivirus denguei,mammalia,chiroptera,vespertilionidae,PCR/Sequencing,host_presence_only,low,TRUE,candidate_only,,,,,,,,FALSE,FALSE,FALSE,,,,,,,,,,,FALSE
Dengue,Natalus stramineus,155040,host,TRUE,TRUE,TRUE,FALSE,both,Orthoflavivirus denguei,mammalia,chiroptera,natalidae,PCR/Sequencing,host_presence_only,low,TRUE,candidate_only,,,,,,,,FALSE,FALSE,FALSE,,,,,,,,,,,FALSE
Dengue,Philander opossum,9272,host,TRUE,TRUE,TRUE,FALSE,both,Orthoflavivirus denguei,mammalia,didelphimorphia,didelphidae,PCR/Sequencing,host_presence_only,low,TRUE,candidate_only,,,,,,,,FALSE,FALSE,FALSE,,,,,,,,,,,FALSE
Dengue,Phyllostomus discolor,89673,host,TRUE,TRUE,TRUE,FALSE,both,Orthoflavivirus denguei,mammalia,chiroptera,phyllostomidae,PCR/Sequencing,host_presence_only,low,TRUE,candidate_only,,,,,,,,FALSE,FALSE,FALSE,,,,,,,,,,,FALSE
Dengue,Pongo pygmaeus,9600,host,TRUE,TRUE,TRUE,FALSE,both,Orthoflavivirus denguei,mammalia,primates,hominidae,Antibodies,host_presence_only,low,TRUE,candidate_only,,,,,,,,FALSE,FALSE,FALSE,,,,,,,,,,,FALSE
Dengue,Proechimys cuvieri,128106,host,TRUE,TRUE,TRUE,FALSE,both,Orthoflavivirus denguei,mammalia,rodentia,echimyidae,PCR/Sequencing,host_presence_only,low,TRUE,candidate_only,,,,,,,,FALSE,FALSE,FALSE,,,,,,,,,,,FALSE
Dengue,Proechimys guyannensis,128105,host,TRUE,TRUE,TRUE,FALSE,both,Orthoflavivirus denguei,mammalia,rodentia,echimyidae,PCR/Sequencing,host_presence_only,low,TRUE,candidate_only,,,,,,,,FALSE,FALSE,FALSE,,,,,,,,,,,FALSE
Dengue,Pteropus alecto,9402,host,TRUE,TRUE,TRUE,FALSE,both,Orthoflavivirus denguei,mammalia,chiroptera,pteropodidae,Antibodies,host_presence_only,low,TRUE,candidate_only,,,,,,,,FALSE,FALSE,FALSE,,,,,,,,,,,FALSE
Dengue,Rhogeessa tumida,153299,host,TRUE,TRUE,TRUE,FALSE,both,Orthoflavivirus denguei,mammalia,chiroptera,vespertilionidae,PCR/Sequencing,host_presence_only,low,TRUE,candidate_only,,,,,,,,FALSE,FALSE,FALSE,,,,,,,,,,,FALSE
Dengue,Rousettus leschenaultii,9408,host,TRUE,TRUE,TRUE,FALSE,both,Orthoflavivirus denguei,mammalia,chiroptera,pteropodidae,PCR/Sequencing,host_presence_only,low,TRUE,candidate_only,,,,,,,,FALSE,FALSE,FALSE,,,,,,,,,,,FALSE
Dengue,Scotophilus kuhlii,153297,host,TRUE,TRUE,TRUE,FALSE,both,Orthoflavivirus denguei,mammalia,chiroptera,vespertilionidae,Antibodies,host_presence_only,low,TRUE,candidate_only,,,,,,,,FALSE,FALSE,FALSE,,,,,,,,,,,FALSE
Dengue,Sturnira lilium,27660,host,TRUE,TRUE,TRUE,FALSE,both,Orthoflavivirus denguei,mammalia,chiroptera,phyllostomidae,Antibodies,host_presence_only,low,TRUE,candidate_only,,,,,,,,FALSE,FALSE,FALSE,,,,,,,,,,,FALSE
Dengue,Sturnira parvidens,196700,host,TRUE,TRUE,TRUE,FALSE,both,Orthoflavivirus denguei,mammalia,chiroptera,phyllostomidae,PCR/Sequencing,host_presence_only,low,TRUE,candidate_only,,,,,,,,FALSE,FALSE,FALSE,,,,,,,,,,,FALSE
Dengue,Trachypithecus cristatus,122765,host,TRUE,TRUE,TRUE,FALSE,both,Orthoflavivirus denguei,mammalia,primates,cercopithecidae,PCR/Sequencing,host_presence_only,low,TRUE,candidate_only,,,,,,,,FALSE,FALSE,FALSE,,,,,,,,,,,FALSE
Dengue,Trachypithecus obscurus,54181,host,TRUE,TRUE,TRUE,FALSE,both,Orthoflavivirus denguei,mammalia,primates,cercopithecidae,Isolation/Observation,host_presence_only,low,TRUE,candidate_only,,,,,,,,FALSE,FALSE,FALSE,,,,,,,,,,,FALSE
Dengue,Tupaia glis,9395,host,TRUE,TRUE,TRUE,FALSE,both,Orthoflavivirus denguei,mammalia,scandentia,tupaiidae,PCR/Sequencing,host_presence_only,low,TRUE,candidate_only,,,,,,,,FALSE,FALSE,FALSE,,,,,,,,,,,FALSE
Dengue,anoura geoffroyi,148021,host,TRUE,TRUE,TRUE,FALSE,both,Orthoflavivirus denguei,,,,Antibodies,host_presence_only,low,TRUE,candidate_only,,,,,,,,FALSE,FALSE,FALSE,,,,,,,,,,,FALSE
Dengue,artibeus cinereus,40224,host,TRUE,TRUE,TRUE,FALSE,both,Orthoflavivirus denguei,,,,Antibodies,host_presence_only,low,TRUE,candidate_only,,,,,,,,FALSE,FALSE,FALSE,,,,,,,,,,,FALSE
Dengue,dasyprocta leporina,42152,host,TRUE,TRUE,TRUE,FALSE,both,Orthoflavivirus denguei,,,,Antibodies,host_presence_only,low,TRUE,candidate_only,,,,,,,,FALSE,FALSE,FALSE,,,,,,,,,,,FALSE
Dengue,macaca sinica,9552,host,TRUE,TRUE,TRUE,FALSE,both,Orthoflavivirus denguei,,,,Antibodies,host_presence_only,low,TRUE,candidate_only,,,,,,,,FALSE,FALSE,FALSE,,,,,,,,,,,FALSE
Dengue,phyllostomus hastatus,9423,host,TRUE,TRUE,TRUE,FALSE,both,Orthoflavivirus denguei,,,,Antibodies,host_presence_only,low,TRUE,candidate_only,,,,,,,,FALSE,FALSE,FALSE,,,,,,,,,,,FALSE
Dengue,pteronotus davyi,94956,host,TRUE,TRUE,TRUE,FALSE,both,Orthoflavivirus denguei,,,,Antibodies,host_presence_only,low,TRUE,candidate_only,,,,,,,,FALSE,FALSE,FALSE,,,,,,,,,,,FALSE
Dengue,pteronotus parnellii,59476,host,TRUE,TRUE,TRUE,FALSE,both,Orthoflavivirus denguei,,,,Antibodies,host_presence_only,low,TRUE,candidate_only,,,,,,,,FALSE,FALSE,FALSE,,,,,,,,,,,FALSE
Dengue,pteropus scapulatus,94117,host,TRUE,TRUE,TRUE,FALSE,both,Orthoflavivirus denguei,,,,Antibodies,host_presence_only,low,TRUE,candidate_only,,,,,,,,FALSE,FALSE,FALSE,,,,,,,,,,,FALSE
Ebola virus disease,Cavia porcellus,10141,host,FALSE,TRUE,TRUE,TRUE,both,Orthoebolavirus zairense,mammalia,rodentia,caviidae,PCR/Sequencing,host_presence_only,low,TRUE,candidate_only,,,,,,,,FALSE,FALSE,FALSE,,,,,,,,,,,FALSE
Ebola virus disease,Cephalophus callipygus,129223,host,FALSE,TRUE,TRUE,TRUE,both,Orthoebolavirus zairense,,,,PCR/Sequencing,host_presence_only,low,TRUE,candidate_only,,,,,,,,FALSE,FALSE,FALSE,,,,,,,,,,,FALSE
Ebola virus disease,Eidolon helvum,77214,host,FALSE,TRUE,TRUE,TRUE,both,Orthoebolavirus zairense,mammalia,chiroptera,pteropodidae,Antibodies; PCR/Sequencing,host_presence_only,low,TRUE,candidate_only,,,,,,,,FALSE,FALSE,FALSE,,,,,,,,,,,FALSE
Ebola virus disease,Epomophorus pusillus,2853157,host,FALSE,TRUE,TRUE,TRUE,both,Orthoebolavirus zairense,mammalia,chiroptera,pteropodidae,Antibodies; PCR/Sequencing,host_presence_only,low,TRUE,candidate_only,,,,,,,,FALSE,FALSE,FALSE,,,,,,,,,,,FALSE
Ebola virus disease,Epomops franqueti,77231,host,FALSE,TRUE,TRUE,TRUE,both,Orthoebolavirus zairense,mammalia,chiroptera,pteropodidae,PCR/Sequencing,host_presence_only,low,TRUE,candidate_only,,,,,,,,FALSE,FALSE,FALSE,,,,,,,,,,,FALSE
Ebola virus disease,Gorilla beringei,499232,host,FALSE,TRUE,TRUE,TRUE,both,Orthoebolavirus zairense,mammalia,primates,hominidae,PCR/Sequencing,host_presence_only,low,TRUE,candidate_only,,,,,,,,FALSE,FALSE,FALSE,,,,,,,,,,,FALSE
Ebola virus disease,Gorilla gorilla,9593,host,FALSE,TRUE,TRUE,TRUE,both,Orthoebolavirus zairense,mammalia,primates,hominidae,Isolation/Observation; Not specified; PCR/Sequencing,spillover_host,medium,TRUE,draft_source_backed,,,,,,,,FALSE,FALSE,FALSE,,,,,,,,,,,FALSE
Ebola virus disease,Homo sapiens,9606,host,FALSE,TRUE,TRUE,TRUE,both,Orthoebolavirus zairense,,,,Isolation/Observation; Not specified; PCR/Sequencing,amplifying_host,high,FALSE,draft_source_backed,,,,,,,,FALSE,FALSE,FALSE,,,,,,,,,,,FALSE
Ebola virus disease,Hypsignathus monstrosus,448084,host,FALSE,TRUE,TRUE,TRUE,both,Orthoebolavirus zairense,mammalia,chiroptera,pteropodidae,PCR/Sequencing,host_presence_only,low,TRUE,candidate_only,,,,,,,,FALSE,FALSE,FALSE,,,,,,,,,,,FALSE
Ebola virus disease,Macaca fascicularis,9541,host,FALSE,TRUE,TRUE,TRUE,both,Orthoebolavirus zairense,mammalia,primates,cercopithecidae,PCR/Sequencing,host_presence_only,low,TRUE,candidate_only,,,,,,,,FALSE,FALSE,FALSE,,,,,,,,,,,FALSE
Ebola virus disease,Macaca mulatta,9544,host,FALSE,TRUE,TRUE,TRUE,both,Orthoebolavirus zairense,mammalia,primates,cercopithecidae,PCR/Sequencing,host_presence_only,low,TRUE,candidate_only,,,,,,,,FALSE,FALSE,FALSE,,,,,,,,,,,FALSE
Ebola virus disease,Mus setulosus,10102,host,FALSE,TRUE,TRUE,TRUE,both,Orthoebolavirus zairense,mammalia,rodentia,muridae,PCR/Sequencing,host_presence_only,low,TRUE,candidate_only,,,,,,,,FALSE,FALSE,FALSE,,,,,,,,,,,FALSE
Ebola virus disease,Myonycteris torquata,77243,host,FALSE,TRUE,TRUE,TRUE,both,Orthoebolavirus zairense,mammalia,chiroptera,pteropodidae,Antibodies; PCR/Sequencing,host_presence_only,low,TRUE,candidate_only,,,,,,,,FALSE,FALSE,FALSE,,,,,,,,,,,FALSE
Ebola virus disease,Pan troglodytes,9598,host,FALSE,TRUE,TRUE,TRUE,both,Orthoebolavirus zairense,mammalia,primates,hominidae,Antibodies; Isolation/Observation; PCR/Sequencing,spillover_host,medium,TRUE,draft_source_backed,,,,,,,,FALSE,FALSE,FALSE,,,,,,,,,,,FALSE
Ebola virus disease,Pongo pygmaeus,9600,host,FALSE,TRUE,TRUE,TRUE,both,Orthoebolavirus zairense,mammalia,primates,hominidae,Antibodies,host_presence_only,low,TRUE,candidate_only,,,,,,,,FALSE,FALSE,FALSE,,,,,,,,,,,FALSE
Ebola virus disease,Rousettus aegyptiacus,9407,host,FALSE,TRUE,TRUE,TRUE,both,Orthoebolavirus zairense,mammalia,chiroptera,pteropodidae,Antibodies; PCR/Sequencing,host_presence_only,low,TRUE,candidate_only,,,,,,,,FALSE,FALSE,FALSE,,,,,,,,,,,FALSE
Ebola virus disease,Rousettus leschenaultii,9408,host,FALSE,TRUE,TRUE,TRUE,both,Orthoebolavirus zairense,mammalia,chiroptera,pteropodidae,Antibodies,host_presence_only,low,TRUE,candidate_only,,,,,,,,FALSE,FALSE,FALSE,,,,,,,,,,,FALSE
Ebola virus disease,Sylvisorex ollula,128151,host,FALSE,TRUE,TRUE,TRUE,both,Orthoebolavirus zairense,mammalia,eulipotyphla,soricidae,PCR/Sequencing,host_presence_only,low,TRUE,candidate_only,,,,,,,,FALSE,FALSE,FALSE,,,,,,,,,,,FALSE
Ebola virus disease,mops condylurus,258863,host,FALSE,TRUE,TRUE,TRUE,both,Orthoebolavirus zairense,,,,Antibodies,host_presence_only,low,TRUE,candidate_only,,,,,,,,FALSE,FALSE,FALSE,,,,,,,,,,,FALSE
Hantavirus pulmonary syndrome,Homo sapiens,9606,host,FALSE,FALSE,FALSE,FALSE,both,Orthohantavirus sinnombreense,,,,Isolation/Observation; Not specified; PCR/Sequencing,host_presence_only,low,TRUE,candidate_only,,,,,,,,FALSE,FALSE,FALSE,,,,,,,,,,,FALSE
Hantavirus pulmonary syndrome,Mus musculus,10090,host,FALSE,FALSE,FALSE,FALSE,both,Orthohantavirus sinnombreense,mammalia,rodentia,muridae,PCR/Sequencing,host_presence_only,low,TRUE,candidate_only,,,,,,,,FALSE,FALSE,FALSE,,,,,,,,,,,FALSE
Hantavirus pulmonary syndrome,Neotoma lepida,56216,host,FALSE,FALSE,FALSE,FALSE,both,Orthohantavirus sinnombreense,mammalia,rodentia,cricetidae,Antibodies; PCR/Sequencing,host_presence_only,low,TRUE,candidate_only,,,,,,,,FALSE,FALSE,FALSE,,,,,,,,,,,FALSE
Hantavirus pulmonary syndrome,Peromyscus attwateri,97206,host,FALSE,FALSE,FALSE,FALSE,both,Orthohantavirus sinnombreense,mammalia,rodentia,cricetidae,PCR/Sequencing,host_presence_only,low,TRUE,candidate_only,,,,,,,,FALSE,FALSE,FALSE,,,,,,,,,,,FALSE
Hantavirus pulmonary syndrome,Peromyscus beatae,99538,host,FALSE,FALSE,FALSE,FALSE,both,Orthohantavirus sinnombreense,mammalia,rodentia,cricetidae,PCR/Sequencing,host_presence_only,low,TRUE,candidate_only,,,,,,,,FALSE,FALSE,FALSE,,,,,,,,,,,FALSE
Hantavirus pulmonary syndrome,Peromyscus boylii,56316,host,FALSE,FALSE,FALSE,FALSE,both,Orthohantavirus sinnombreense,mammalia,rodentia,cricetidae,Antibodies; PCR/Sequencing,host_presence_only,low,TRUE,candidate_only,,,,,,,,FALSE,FALSE,FALSE,,,,,,,,,,,FALSE
Hantavirus pulmonary syndrome,Peromyscus californicus,42520,host,FALSE,FALSE,FALSE,FALSE,both,Orthohantavirus sinnombreense,mammalia,rodentia,cricetidae,Antibodies; PCR/Sequencing,host_presence_only,low,TRUE,candidate_only,,,,,,,,FALSE,FALSE,FALSE,,,,,,,,,,,FALSE
Hantavirus pulmonary syndrome,Peromyscus eremicus,42410,host,FALSE,FALSE,FALSE,FALSE,both,Orthohantavirus sinnombreense,mammalia,rodentia,cricetidae,Antibodies; PCR/Sequencing,host_presence_only,low,TRUE,candidate_only,,,,,,,,FALSE,FALSE,FALSE,,,,,,,,,,,FALSE
Hantavirus pulmonary syndrome,Peromyscus leucopus,10041,host,FALSE,FALSE,FALSE,FALSE,both,Orthohantavirus sinnombreense,mammalia,rodentia,cricetidae,Antibodies; Isolation/Observation; Not specified; PCR/Sequencing,host_presence_only,low,TRUE,candidate_only,,,,,,,,FALSE,FALSE,FALSE,,,,,,,,,,,FALSE
Hantavirus pulmonary syndrome,Peromyscus maniculatus,10042,host,FALSE,FALSE,FALSE,FALSE,both,Orthohantavirus sinnombreense,mammalia,rodentia,cricetidae,Isolation/Observation; PCR/Sequencing,host_presence_only,low,TRUE,candidate_only,,,,,,,,FALSE,FALSE,FALSE,,,,,,,,,,,FALSE
Hantavirus pulmonary syndrome,Peromyscus pectoralis,97213,host,FALSE,FALSE,FALSE,FALSE,both,Orthohantavirus sinnombreense,mammalia,rodentia,cricetidae,PCR/Sequencing,host_presence_only,low,TRUE,candidate_only,,,,,,,,FALSE,FALSE,FALSE,,,,,,,,,,,FALSE
Hantavirus pulmonary syndrome,Peromyscus truei,89101,host,FALSE,FALSE,FALSE,FALSE,both,Orthohantavirus sinnombreense,mammalia,rodentia,cricetidae,Antibodies; PCR/Sequencing,host_presence_only,low,TRUE,candidate_only,,,,,,,,FALSE,FALSE,FALSE,,,,,,,,,,,FALSE
Hantavirus pulmonary syndrome,Reithrodontomys fulvescens,56213,host,FALSE,FALSE,FALSE,FALSE,both,Orthohantavirus sinnombreense,mammalia,rodentia,cricetidae,PCR/Sequencing,host_presence_only,low,TRUE,candidate_only,,,,,,,,FALSE,FALSE,FALSE,,,,,,,,,,,FALSE
Hantavirus pulmonary syndrome,Reithrodontomys megalotis,44234,host,FALSE,FALSE,FALSE,FALSE,both,Orthohantavirus sinnombreense,mammalia,rodentia,cricetidae,Antibodies; PCR/Sequencing,host_presence_only,low,TRUE,candidate_only,,,,,,,,FALSE,FALSE,FALSE,,,,,,,,,,,FALSE
Hantavirus pulmonary syndrome,Sigmodon hispidus,42415,host,FALSE,FALSE,FALSE,FALSE,both,Orthohantavirus sinnombreense,mammalia,rodentia,cricetidae,Antibodies,host_presence_only,low,TRUE,candidate_only,,,,,,,,FALSE,FALSE,FALSE,,,,,,,,,,,FALSE
Hantavirus pulmonary syndrome,Tamias minimus,45468,host,FALSE,FALSE,FALSE,FALSE,both,Orthohantavirus sinnombreense,,,,Antibodies; PCR/Sequencing,host_presence_only,low,TRUE,candidate_only,,,,,,,,FALSE,FALSE,FALSE,,,,,,,,,,,FALSE
Hantavirus pulmonary syndrome,Zygodontomys brevicauda,157541,host,FALSE,FALSE,FALSE,FALSE,both,Orthohantavirus sinnombreense,mammalia,rodentia,cricetidae,Antibodies,host_presence_only,low,TRUE,candidate_only,,,,,,,,FALSE,FALSE,FALSE,,,,,,,,,,,FALSE
Hantavirus pulmonary syndrome,callospermophilus lateralis,76772,host,FALSE,FALSE,FALSE,FALSE,both,Orthohantavirus sinnombreense,,,,Antibodies,host_presence_only,low,TRUE,candidate_only,,,,,,,,FALSE,FALSE,FALSE,,,,,,,,,,,FALSE
Hantavirus pulmonary syndrome,chaetodipus hispidus,38665,host,FALSE,FALSE,FALSE,FALSE,both,Orthohantavirus sinnombreense,,,,Antibodies,host_presence_only,low,TRUE,candidate_only,,,,,,,,FALSE,FALSE,FALSE,,,,,,,,,,,FALSE
Hantavirus pulmonary syndrome,clethrionomys gapperi,473866,host,FALSE,FALSE,FALSE,FALSE,both,Orthohantavirus sinnombreense,,,,Antibodies,host_presence_only,low,TRUE,candidate_only,,,,,,,,FALSE,FALSE,FALSE,,,,,,,,,,,FALSE
Hantavirus pulmonary syndrome,microtus californicus,100895,host,FALSE,FALSE,FALSE,FALSE,both,Orthohantavirus sinnombreense,,,,Antibodies,host_presence_only,low,TRUE,candidate_only,,,,,,,,FALSE,FALSE,FALSE,,,,,,,,,,,FALSE
Hantavirus pulmonary syndrome,microtus montanus,88450,host,FALSE,FALSE,FALSE,FALSE,both,Orthohantavirus sinnombreense,,,,Antibodies; PCR/Sequencing,host_presence_only,low,TRUE,candidate_only,,,,,,,,FALSE,FALSE,FALSE,,,,,,,,,,,FALSE
Hantavirus pulmonary syndrome,microtus ochrogaster,79684,host,FALSE,FALSE,FALSE,FALSE,both,Orthohantavirus sinnombreense,,,,Antibodies,host_presence_only,low,TRUE,candidate_only,,,,,,,,FALSE,FALSE,FALSE,,,,,,,,,,,FALSE
Hantavirus pulmonary syndrome,microtus pennsylvanicus,10058,host,FALSE,FALSE,FALSE,FALSE,both,Orthohantavirus sinnombreense,,,,Antibodies,host_presence_only,low,TRUE,candidate_only,,,,,,,,FALSE,FALSE,FALSE,,,,,,,,,,,FALSE
Hantavirus pulmonary syndrome,oligoryzomys fulvescens,218825,host,FALSE,FALSE,FALSE,FALSE,both,Orthohantavirus sinnombreense,,,,Antibodies,host_presence_only,low,TRUE,candidate_only,,,,,,,,FALSE,FALSE,FALSE,,,,,,,,,,,FALSE
Hantavirus pulmonary syndrome,oryzomys palustris,37020,host,FALSE,FALSE,FALSE,FALSE,both,Orthohantavirus sinnombreense,,,,Antibodies,host_presence_only,low,TRUE,candidate_only,,,,,,,,FALSE,FALSE,FALSE,,,,,,,,,,,FALSE
Hantavirus pulmonary syndrome,peromyscus sonoriensis,2746888,host,FALSE,FALSE,FALSE,FALSE,both,Orthohantavirus sinnombreense,,,,PCR/Sequencing,host_presence_only,low,TRUE,candidate_only,,,,,,,,FALSE,FALSE,FALSE,,,,,,,,,,,FALSE
Hantavirus pulmonary syndrome,tamias amoenus,64679,host,FALSE,FALSE,FALSE,FALSE,both,Orthohantavirus sinnombreense,,,,Antibodies,host_presence_only,low,TRUE,candidate_only,,,,,,,,FALSE,FALSE,FALSE,,,,,,,,,,,FALSE
Hemorrhagic fever with renal syndrome (Hantaan virus),Alexandromys fortis,100897,host,FALSE,TRUE,TRUE,FALSE,priority,Orthohantavirus hantanense,mammalia,rodentia,cricetidae,PCR/Sequencing,host_presence_only,low,TRUE,candidate_only,,,,,,,,FALSE,FALSE,FALSE,,,,,,,,,,,FALSE
Hemorrhagic fever with renal syndrome (Hantaan virus),Apodemus agrarius,39030,host,FALSE,TRUE,TRUE,FALSE,priority,Orthohantavirus hantanense,mammalia,rodentia,muridae,Isolation/Observation; Not specified; PCR/Sequencing,reservoir_host,high,FALSE,draft_source_backed,,,,,,,,FALSE,FALSE,FALSE,,,,,,,,,,,FALSE
Hemorrhagic fever with renal syndrome (Hantaan virus),Apodemus chejuensis,754351,host,FALSE,TRUE,TRUE,FALSE,priority,Orthohantavirus hantanense,,,,PCR/Sequencing,host_presence_only,low,TRUE,candidate_only,,,,,,,,FALSE,FALSE,FALSE,,,,,,,,,,,FALSE
Hemorrhagic fever with renal syndrome (Hantaan virus),Apodemus peninsulae,105297,host,FALSE,TRUE,TRUE,FALSE,priority,Orthohantavirus hantanense,mammalia,rodentia,muridae,Isolation/Observation; PCR/Sequencing,host_presence_only,low,TRUE,candidate_only,,,,,,,,FALSE,FALSE,FALSE,,,,,,,,,,,FALSE
Hemorrhagic fever with renal syndrome (Hantaan virus),Bandicota indica,456472,host,FALSE,TRUE,TRUE,FALSE,priority,Orthohantavirus hantanense,mammalia,rodentia,muridae,Antibodies,host_presence_only,low,TRUE,candidate_only,,,,,,,,FALSE,FALSE,FALSE,,,,,,,,,,,FALSE
Hemorrhagic fever with renal syndrome (Hantaan virus),Clethrionomys rutilus,537920,host,FALSE,TRUE,TRUE,FALSE,priority,Orthohantavirus hantanense,mammalia,rodentia,cricetidae,PCR/Sequencing,host_presence_only,low,TRUE,candidate_only,,,,,,,,FALSE,FALSE,FALSE,,,,,,,,,,,FALSE
Hemorrhagic fever with renal syndrome (Hantaan virus),Cnephaeus,3371021,host,FALSE,TRUE,TRUE,FALSE,priority,Orthohantavirus hantanense,,,,Isolation/Observation,host_presence_only,low,TRUE,candidate_only,,,,,,,,FALSE,FALSE,FALSE,,,,,,,,,,,FALSE
Hemorrhagic fever with renal syndrome (Hantaan virus),Cricetulus barabensis,10029,host,FALSE,TRUE,TRUE,FALSE,priority,Orthohantavirus hantanense,,,,PCR/Sequencing,host_presence_only,low,TRUE,candidate_only,,,,,,,,FALSE,FALSE,FALSE,,,,,,,,,,,FALSE
Hemorrhagic fever with renal syndrome (Hantaan virus),Crocidura russula,36802,host,FALSE,TRUE,TRUE,FALSE,priority,Orthohantavirus hantanense,mammalia,eulipotyphla,soricidae,PCR/Sequencing,host_presence_only,low,TRUE,candidate_only,,,,,,,,FALSE,FALSE,FALSE,,,,,,,,,,,FALSE
Hemorrhagic fever with renal syndrome (Hantaan virus),Homo sapiens,9606,host,FALSE,TRUE,TRUE,FALSE,priority,Orthohantavirus hantanense,,,,Antibodies; Isolation/Observation; Not specified; PCR/Sequencing,incidental_host,high,FALSE,draft_source_backed,,,,,,,,FALSE,FALSE,FALSE,,,,,,,,,,,FALSE
Hemorrhagic fever with renal syndrome (Hantaan virus),Micromys minutus,13151,host,FALSE,TRUE,TRUE,FALSE,priority,Orthohantavirus hantanense,mammalia,rodentia,muridae,Antibodies; PCR/Sequencing,host_presence_only,low,TRUE,candidate_only,,,,,,,,FALSE,FALSE,FALSE,,,,,,,,,,,FALSE
Hemorrhagic fever with renal syndrome (Hantaan virus),Mus musculus,10090,host,FALSE,TRUE,TRUE,FALSE,priority,Orthohantavirus hantanense,mammalia,rodentia,muridae,Not specified; PCR/Sequencing,host_presence_only,low,TRUE,candidate_only,,,,,,,,FALSE,FALSE,FALSE,,,,,,,,,,,FALSE
Hemorrhagic fever with renal syndrome (Hantaan virus),Myospalax psilurus,146129,host,FALSE,TRUE,TRUE,FALSE,priority,Orthohantavirus hantanense,mammalia,rodentia,spalacidae,PCR/Sequencing,host_presence_only,low,TRUE,candidate_only,,,,,,,,FALSE,FALSE,FALSE,,,,,,,,,,,FALSE
Hemorrhagic fever with renal syndrome (Hantaan virus),Niviventer,1571109,host,FALSE,TRUE,TRUE,FALSE,priority,Orthohantavirus hantanense,,,,PCR/Sequencing,host_presence_only,low,TRUE,candidate_only,,,,,,,,FALSE,FALSE,FALSE,,,,,,,,,,,FALSE
Hemorrhagic fever with renal syndrome (Hantaan virus),Niviventer confucianus,248811,host,FALSE,TRUE,TRUE,FALSE,priority,Orthohantavirus hantanense,mammalia,rodentia,muridae,Isolation/Observation; PCR/Sequencing,host_presence_only,low,TRUE,candidate_only,,,,,,,,FALSE,FALSE,FALSE,,,,,,,,,,,FALSE
Hemorrhagic fever with renal syndrome (Hantaan virus),Peromyscus californicus,42520,host,FALSE,TRUE,TRUE,FALSE,priority,Orthohantavirus hantanense,mammalia,rodentia,cricetidae,Antibodies,host_presence_only,low,TRUE,candidate_only,,,,,,,,FALSE,FALSE,FALSE,,,,,,,,,,,FALSE
Hemorrhagic fever with renal syndrome (Hantaan virus),Peromyscus maniculatus,10042,host,FALSE,TRUE,TRUE,FALSE,priority,Orthohantavirus hantanense,mammalia,rodentia,cricetidae,Antibodies,host_presence_only,low,TRUE,candidate_only,,,,,,,,FALSE,FALSE,FALSE,,,,,,,,,,,FALSE
Hemorrhagic fever with renal syndrome (Hantaan virus),Rattus losea,69075,host,FALSE,TRUE,TRUE,FALSE,priority,Orthohantavirus hantanense,mammalia,rodentia,muridae,PCR/Sequencing,host_presence_only,low,TRUE,candidate_only,,,,,,,,FALSE,FALSE,FALSE,,,,,,,,,,,FALSE
Hemorrhagic fever with renal syndrome (Hantaan virus),Rattus nitidus,508668,host,FALSE,TRUE,TRUE,FALSE,priority,Orthohantavirus hantanense,mammalia,rodentia,muridae,Isolation/Observation; PCR/Sequencing,host_presence_only,low,TRUE,candidate_only,,,,,,,,FALSE,FALSE,FALSE,,,,,,,,,,,FALSE
Hemorrhagic fever with renal syndrome (Hantaan virus),Rattus norvegicus,10116,host,FALSE,TRUE,TRUE,FALSE,priority,Orthohantavirus hantanense,mammalia,rodentia,muridae,Isolation/Observation; Not specified; PCR/Sequencing,host_presence_only,low,TRUE,candidate_only,,,,,,,,FALSE,FALSE,FALSE,,,,,,,,,,,FALSE
Hemorrhagic fever with renal syndrome (Hantaan virus),Rattus rattus,10117,host,FALSE,TRUE,TRUE,FALSE,priority,Orthohantavirus hantanense,mammalia,rodentia,muridae,Isolation/Observation; Not specified,host_presence_only,low,TRUE,candidate_only,,,,,,,,FALSE,FALSE,FALSE,,,,,,,,,,,FALSE
Hemorrhagic fever with renal syndrome (Hantaan virus),Rattus tanezumi,35732,host,FALSE,TRUE,TRUE,FALSE,priority,Orthohantavirus hantanense,mammalia,rodentia,muridae,PCR/Sequencing,host_presence_only,low,TRUE,candidate_only,,,,,,,,FALSE,FALSE,FALSE,,,,,,,,,,,FALSE
Hemorrhagic fever with renal syndrome (Hantaan virus),Rhinolophus ferrumequinum,59479,host,FALSE,TRUE,TRUE,FALSE,priority,Orthohantavirus hantanense,mammalia,chiroptera,rhinolophidae,Isolation/Observation; PCR/Sequencing,host_presence_only,low,TRUE,candidate_only,,,,,,,,FALSE,FALSE,FALSE,,,,,,,,,,,FALSE
Hemorrhagic fever with renal syndrome (Hantaan virus),Tscherskia triton,329627,host,FALSE,TRUE,TRUE,FALSE,priority,Orthohantavirus hantanense,mammalia,rodentia,cricetidae,PCR/Sequencing,host_presence_only,low,TRUE,candidate_only,,,,,,,,FALSE,FALSE,FALSE,,,,,,,,,,,FALSE
Hemorrhagic fever with renal syndrome (Hantaan virus),bandicota bengalensis,69079,host,FALSE,TRUE,TRUE,FALSE,priority,Orthohantavirus hantanense,,,,Antibodies,host_presence_only,low,TRUE,candidate_only,,,,,,,,FALSE,FALSE,FALSE,,,,,,,,,,,FALSE
Hemorrhagic fever with renal syndrome (Hantaan virus),crocidura lasiura,167043,host,FALSE,TRUE,TRUE,FALSE,priority,Orthohantavirus hantanense,,,,Antibodies,host_presence_only,low,TRUE,candidate_only,,,,,,,,FALSE,FALSE,FALSE,,,,,,,,,,,FALSE
Hemorrhagic fever with renal syndrome (Hantaan virus),neotoma cinerea,105147,host,FALSE,TRUE,TRUE,FALSE,priority,Orthohantavirus hantanense,,,,Antibodies,host_presence_only,low,TRUE,candidate_only,,,,,,,,FALSE,FALSE,FALSE,,,,,,,,,,,FALSE
Hemorrhagic fever with renal syndrome (Hantaan virus),neotoma mexicana,105149,host,FALSE,TRUE,TRUE,FALSE,priority,Orthohantavirus hantanense,,,,Antibodies,host_presence_only,low,TRUE,candidate_only,,,,,,,,FALSE,FALSE,FALSE,,,,,,,,,,,FALSE
Hemorrhagic fever with renal syndrome (Hantaan virus),peromyscus difficilis,97207,host,FALSE,TRUE,TRUE,FALSE,priority,Orthohantavirus hantanense,,,,Antibodies,host_presence_only,low,TRUE,candidate_only,,,,,,,,FALSE,FALSE,FALSE,,,,,,,,,,,FALSE
Hemorrhagic fever with renal syndrome (Hantaan virus),rattus exulans,34854,host,FALSE,TRUE,TRUE,FALSE,priority,Orthohantavirus hantanense,,,,Antibodies,host_presence_only,low,TRUE,candidate_only,,,,,,,,FALSE,FALSE,FALSE,,,,,,,,,,,FALSE
Hepatitis E,Alces alces,9852,host,FALSE,FALSE,FALSE,FALSE,prototype,Paslahepevirus balayani genotype 3,mammalia,artiodactyla,cervidae,PCR/Sequencing,host_presence_only,low,TRUE,candidate_only,,,,,,,,FALSE,FALSE,FALSE,,,,,,,,,,,FALSE
Hepatitis E,Balearica pavonina,30414,host,FALSE,FALSE,FALSE,FALSE,prototype,Paslahepevirus balayani genotype 3,aves,gruiformes,gruidae,PCR/Sequencing,host_presence_only,low,TRUE,candidate_only,,,,,,,,FALSE,FALSE,FALSE,,,,,,,,,,,FALSE
Hepatitis E,Bandicota indica,456472,host,FALSE,FALSE,FALSE,FALSE,prototype,Paslahepevirus balayani genotype 3,mammalia,rodentia,muridae,PCR/Sequencing,host_presence_only,low,TRUE,candidate_only,,,,,,,,FALSE,FALSE,FALSE,,,,,,,,,,,FALSE
Hepatitis E,Bos grunniens,30521,host,FALSE,FALSE,FALSE,FALSE,prototype,Paslahepevirus balayani genotype 3,,,,Isolation/Observation,host_presence_only,low,TRUE,candidate_only,,,,,,,,FALSE,FALSE,FALSE,,,,,,,,,,,FALSE
Hepatitis E,Bos taurus,9913,host,FALSE,FALSE,FALSE,FALSE,prototype,Paslahepevirus balayani genotype 3,mammalia,artiodactyla,bovidae,Antibodies; Not specified; PCR/Sequencing,host_presence_only,low,TRUE,candidate_only,,,,,,,,FALSE,FALSE,FALSE,,,,,,,,,,,FALSE
Hepatitis E,Camelus bactrianus,9837,host,FALSE,FALSE,FALSE,FALSE,prototype,Paslahepevirus balayani genotype 3,,,,PCR/Sequencing,host_presence_only,low,TRUE,candidate_only,,,,,,,,FALSE,FALSE,FALSE,,,,,,,,,,,FALSE
Hepatitis E,Camelus dromedarius,9838,host,FALSE,FALSE,FALSE,FALSE,prototype,Paslahepevirus balayani genotype 3,mammalia,artiodactyla,camelidae,Isolation/Observation; PCR/Sequencing,host_presence_only,low,TRUE,candidate_only,,,,,,,,FALSE,FALSE,FALSE,,,,,,,,,,,FALSE
Hepatitis E,Canis lupus,9612,host,FALSE,FALSE,FALSE,FALSE,prototype,Paslahepevirus balayani genotype 3,mammalia,carnivora,canidae,Antibodies,host_presence_only,low,TRUE,candidate_only,,,,,,,,FALSE,FALSE,FALSE,,,,,,,,,,,FALSE
Hepatitis E,Capra hircus,9925,host,FALSE,FALSE,FALSE,FALSE,prototype,Paslahepevirus balayani genotype 3,mammalia,artiodactyla,bovidae,Antibodies; PCR/Sequencing,host_presence_only,low,TRUE,candidate_only,,,,,,,,FALSE,FALSE,FALSE,,,,,,,,,,,FALSE
Hepatitis E,Capreolus capreolus,9858,host,FALSE,FALSE,FALSE,FALSE,prototype,Paslahepevirus balayani genotype 3,mammalia,artiodactyla,cervidae,PCR/Sequencing,host_presence_only,low,TRUE,candidate_only,,,,,,,,FALSE,FALSE,FALSE,,,,,,,,,,,FALSE
Hepatitis E,Cervus elaphus,9860,host,FALSE,FALSE,FALSE,FALSE,prototype,Paslahepevirus balayani genotype 3,mammalia,artiodactyla,cervidae,Antibodies; PCR/Sequencing,host_presence_only,low,TRUE,candidate_only,,,,,,,,FALSE,FALSE,FALSE,,,,,,,,,,,FALSE
Hepatitis E,Cervus nippon,223998,host,FALSE,FALSE,FALSE,FALSE,prototype,Paslahepevirus balayani genotype 3,mammalia,artiodactyla,cervidae,PCR/Sequencing,host_presence_only,low,TRUE,candidate_only,,,,,,,,FALSE,FALSE,FALSE,,,,,,,,,,,FALSE
Hepatitis E,Cervus nippon,92867,host,FALSE,FALSE,FALSE,FALSE,prototype,Paslahepevirus balayani genotype 3,mammalia,artiodactyla,cervidae,PCR/Sequencing,host_presence_only,low,TRUE,candidate_only,,,,,,,,FALSE,FALSE,FALSE,,,,,,,,,,,FALSE
Hepatitis E,Cervus nippon,9863,host,FALSE,FALSE,FALSE,FALSE,prototype,Paslahepevirus balayani genotype 3,mammalia,artiodactyla,cervidae,Antibodies; PCR/Sequencing,host_presence_only,low,TRUE,candidate_only,,,,,,,,FALSE,FALSE,FALSE,,,,,,,,,,,FALSE
Hepatitis E,Egretta garzetta,188379,host,FALSE,FALSE,FALSE,FALSE,prototype,Paslahepevirus balayani genotype 3,aves,pelecaniformes,ardeidae,PCR/Sequencing,host_presence_only,low,TRUE,candidate_only,,,,,,,,FALSE,FALSE,FALSE,,,,,,,,,,,FALSE
Hepatitis E,Equus caballus,9796,host,FALSE,FALSE,FALSE,FALSE,prototype,Paslahepevirus balayani genotype 3,mammalia,perissodactyla,equidae,Not specified; PCR/Sequencing,host_presence_only,low,TRUE,candidate_only,,,,,,,,FALSE,FALSE,FALSE,,,,,,,,,,,FALSE
Hepatitis E,Equus przewalskii,9798,host,FALSE,FALSE,FALSE,FALSE,prototype,Paslahepevirus balayani genotype 3,,,,Antibodies,host_presence_only,low,TRUE,candidate_only,,,,,,,,FALSE,FALSE,FALSE,,,,,,,,,,,FALSE
Hepatitis E,Felis catus,9685,host,FALSE,FALSE,FALSE,FALSE,prototype,Paslahepevirus balayani genotype 3,mammalia,carnivora,felidae,Antibodies,host_presence_only,low,TRUE,candidate_only,,,,,,,,FALSE,FALSE,FALSE,,,,,,,,,,,FALSE
Hepatitis E,Gallus gallus,9031,host,FALSE,FALSE,FALSE,FALSE,prototype,Paslahepevirus balayani genotype 3,aves,galliformes,phasianidae,Not specified; PCR/Sequencing,host_presence_only,low,TRUE,candidate_only,,,,,,,,FALSE,FALSE,FALSE,,,,,,,,,,,FALSE
Hepatitis E,Homo sapiens,9606,host,FALSE,FALSE,FALSE,FALSE,prototype,Paslahepevirus balayani genotype 3,,,,Antibodies; Isolation/Observation; Not specified; PCR/Sequencing,host_presence_only,low,TRUE,candidate_only,,,,,,,,FALSE,FALSE,FALSE,,,,,,,,,,,FALSE
Hepatitis E,Hydrochoerus hydrochaeris,10149,host,FALSE,FALSE,FALSE,FALSE,prototype,Paslahepevirus balayani genotype 3,mammalia,rodentia,caviidae,PCR/Sequencing,host_presence_only,low,TRUE,candidate_only,,,,,,,,FALSE,FALSE,FALSE,,,,,,,,,,,FALSE
Hepatitis E,Hystrix cristata,10137,host,FALSE,FALSE,FALSE,FALSE,prototype,Paslahepevirus balayani genotype 3,mammalia,rodentia,hystricidae,PCR/Sequencing,host_presence_only,low,TRUE,candidate_only,,,,,,,,FALSE,FALSE,FALSE,,,,,,,,,,,FALSE
Hepatitis E,Lama glama,9844,host,FALSE,FALSE,FALSE,FALSE,prototype,Paslahepevirus balayani genotype 3,,,,Antibodies,host_presence_only,low,TRUE,candidate_only,,,,,,,,FALSE,FALSE,FALSE,,,,,,,,,,,FALSE
Hepatitis E,Lophura nycthemera,9046,host,FALSE,FALSE,FALSE,FALSE,prototype,Paslahepevirus balayani genotype 3,aves,galliformes,phasianidae,Antibodies; PCR/Sequencing,host_presence_only,low,TRUE,candidate_only,,,,,,,,FALSE,FALSE,FALSE,,,,,,,,,,,FALSE
Hepatitis E,Lynx lynx,13125,host,FALSE,FALSE,FALSE,FALSE,prototype,Paslahepevirus balayani genotype 3,mammalia,carnivora,felidae,Antibodies,host_presence_only,low,TRUE,candidate_only,,,,,,,,FALSE,FALSE,FALSE,,,,,,,,,,,FALSE
Hepatitis E,Macaca fascicularis,9541,host,FALSE,FALSE,FALSE,FALSE,prototype,Paslahepevirus balayani genotype 3,mammalia,primates,cercopithecidae,PCR/Sequencing,host_presence_only,low,TRUE,candidate_only,,,,,,,,FALSE,FALSE,FALSE,,,,,,,,,,,FALSE
Hepatitis E,Macaca fuscata,9542,host,FALSE,FALSE,FALSE,FALSE,prototype,Paslahepevirus balayani genotype 3,mammalia,primates,cercopithecidae,Antibodies; PCR/Sequencing,host_presence_only,low,TRUE,candidate_only,,,,,,,,FALSE,FALSE,FALSE,,,,,,,,,,,FALSE
Hepatitis E,Macaca mulatta,9544,host,FALSE,FALSE,FALSE,FALSE,prototype,Paslahepevirus balayani genotype 3,mammalia,primates,cercopithecidae,PCR/Sequencing,host_presence_only,low,TRUE,candidate_only,,,,,,,,FALSE,FALSE,FALSE,,,,,,,,,,,FALSE
Hepatitis E,Mus musculus,10090,host,FALSE,FALSE,FALSE,FALSE,prototype,Paslahepevirus balayani genotype 3,mammalia,rodentia,muridae,Antibodies; PCR/Sequencing,host_presence_only,low,TRUE,candidate_only,,,,,,,,FALSE,FALSE,FALSE,,,,,,,,,,,FALSE
Hepatitis E,Mus spretus,10096,host,FALSE,FALSE,FALSE,FALSE,prototype,Paslahepevirus balayani genotype 3,mammalia,rodentia,muridae,PCR/Sequencing,host_presence_only,low,TRUE,candidate_only,,,,,,,,FALSE,FALSE,FALSE,,,,,,,,,,,FALSE
Hepatitis E,Mustela lutreola,9666,host,FALSE,FALSE,FALSE,FALSE,prototype,Paslahepevirus balayani genotype 3,mammalia,carnivora,mustelidae,PCR/Sequencing,host_presence_only,low,TRUE,candidate_only,,,,,,,,FALSE,FALSE,FALSE,,,,,,,,,,,FALSE
Hepatitis E,Neofelis nebulosa,61452,host,FALSE,FALSE,FALSE,FALSE,prototype,Paslahepevirus balayani genotype 3,mammalia,carnivora,felidae,PCR/Sequencing,host_presence_only,low,TRUE,candidate_only,,,,,,,,FALSE,FALSE,FALSE,,,,,,,,,,,FALSE
Hepatitis E,Neogale vison,452646,host,FALSE,FALSE,FALSE,FALSE,prototype,Paslahepevirus balayani genotype 3,mammalia,carnivora,mustelidae,PCR/Sequencing,host_presence_only,low,TRUE,candidate_only,,,,,,,,FALSE,FALSE,FALSE,,,,,,,,,,,FALSE
Hepatitis E,Niviventer niviventer,83757,host,FALSE,FALSE,FALSE,FALSE,prototype,Paslahepevirus balayani genotype 3,mammalia,rodentia,muridae,PCR/Sequencing,host_presence_only,low,TRUE,candidate_only,,,,,,,,FALSE,FALSE,FALSE,,,,,,,,,,,FALSE
Hepatitis E,Nyctereutes procyonoides,34880,host,FALSE,FALSE,FALSE,FALSE,prototype,Paslahepevirus balayani genotype 3,mammalia,carnivora,canidae,PCR/Sequencing,host_presence_only,low,TRUE,candidate_only,,,,,,,,FALSE,FALSE,FALSE,,,,,,,,,,,FALSE
Hepatitis E,Oryctolagus cuniculus,9986,host,FALSE,FALSE,FALSE,FALSE,prototype,Paslahepevirus balayani genotype 3,mammalia,lagomorpha,leporidae,Not specified; PCR/Sequencing,host_presence_only,low,TRUE,candidate_only,,,,,,,,FALSE,FALSE,FALSE,,,,,,,,,,,FALSE
Hepatitis E,Ovis aries,9940,host,FALSE,FALSE,FALSE,FALSE,prototype,Paslahepevirus balayani genotype 3,mammalia,artiodactyla,bovidae,Antibodies; Not specified; PCR/Sequencing,host_presence_only,low,TRUE,candidate_only,,,,,,,,FALSE,FALSE,FALSE,,,,,,,,,,,FALSE
Hepatitis E,Paguma larvata,9675,host,FALSE,FALSE,FALSE,FALSE,prototype,Paslahepevirus balayani genotype 3,mammalia,carnivora,viverridae,PCR/Sequencing,host_presence_only,low,TRUE,candidate_only,,,,,,,,FALSE,FALSE,FALSE,,,,,,,,,,,FALSE
Hepatitis E,Pan troglodytes,9598,host,FALSE,FALSE,FALSE,FALSE,prototype,Paslahepevirus balayani genotype 3,mammalia,primates,hominidae,Isolation/Observation,host_presence_only,low,TRUE,candidate_only,,,,,,,,FALSE,FALSE,FALSE,,,,,,,,,,,FALSE
Hepatitis E,Panthera tigris,9694,host,FALSE,FALSE,FALSE,FALSE,prototype,Paslahepevirus balayani genotype 3,mammalia,carnivora,felidae,PCR/Sequencing,host_presence_only,low,TRUE,candidate_only,,,,,,,,FALSE,FALSE,FALSE,,,,,,,,,,,FALSE
Hepatitis E,Peromyscus boylii,56316,host,FALSE,FALSE,FALSE,FALSE,prototype,Paslahepevirus balayani genotype 3,mammalia,rodentia,cricetidae,Antibodies,host_presence_only,low,TRUE,candidate_only,,,,,,,,FALSE,FALSE,FALSE,,,,,,,,,,,FALSE
Hepatitis E,Peromyscus eremicus,42410,host,FALSE,FALSE,FALSE,FALSE,prototype,Paslahepevirus balayani genotype 3,mammalia,rodentia,cricetidae,Antibodies,host_presence_only,low,TRUE,candidate_only,,,,,,,,FALSE,FALSE,FALSE,,,,,,,,,,,FALSE
Hepatitis E,Peromyscus leucopus,10041,host,FALSE,FALSE,FALSE,FALSE,prototype,Paslahepevirus balayani genotype 3,mammalia,rodentia,cricetidae,Antibodies,host_presence_only,low,TRUE,candidate_only,,,,,,,,FALSE,FALSE,FALSE,,,,,,,,,,,FALSE
Hepatitis E,Peromyscus maniculatus,10042,host,FALSE,FALSE,FALSE,FALSE,prototype,Paslahepevirus balayani genotype 3,mammalia,rodentia,cricetidae,Antibodies,host_presence_only,low,TRUE,candidate_only,,,,,,,,FALSE,FALSE,FALSE,,,,,,,,,,,FALSE
Hepatitis E,Rattus losea,69075,host,FALSE,FALSE,FALSE,FALSE,prototype,Paslahepevirus balayani genotype 3,mammalia,rodentia,muridae,PCR/Sequencing,host_presence_only,low,TRUE,candidate_only,,,,,,,,FALSE,FALSE,FALSE,,,,,,,,,,,FALSE
Hepatitis E,Rattus norvegicus,10116,host,FALSE,FALSE,FALSE,FALSE,prototype,Paslahepevirus balayani genotype 3,mammalia,rodentia,muridae,Antibodies; Not specified; PCR/Sequencing,host_presence_only,low,TRUE,candidate_only,,,,,,,,FALSE,FALSE,FALSE,,,,,,,,,,,FALSE
Hepatitis E,Rattus rattus,10117,host,FALSE,FALSE,FALSE,FALSE,prototype,Paslahepevirus balayani genotype 3,mammalia,rodentia,muridae,Antibodies; PCR/Sequencing,host_presence_only,low,TRUE,candidate_only,,,,,,,,FALSE,FALSE,FALSE,,,,,,,,,,,FALSE
Hepatitis E,Rattus rattus,796024,host,FALSE,FALSE,FALSE,FALSE,prototype,Paslahepevirus balayani genotype 3,mammalia,rodentia,muridae,PCR/Sequencing,host_presence_only,low,TRUE,candidate_only,,,,,,,,FALSE,FALSE,FALSE,,,,,,,,,,,FALSE
Hepatitis E,Rattus tanezumi,35732,host,FALSE,FALSE,FALSE,FALSE,prototype,Paslahepevirus balayani genotype 3,mammalia,rodentia,muridae,Antibodies; PCR/Sequencing,host_presence_only,low,TRUE,candidate_only,,,,,,,,FALSE,FALSE,FALSE,,,,,,,,,,,FALSE
Hepatitis E,Rattus tiomanicus,83755,host,FALSE,FALSE,FALSE,FALSE,prototype,Paslahepevirus balayani genotype 3,mammalia,rodentia,muridae,PCR/Sequencing,host_presence_only,low,TRUE,candidate_only,,,,,,,,FALSE,FALSE,FALSE,,,,,,,,,,,FALSE
Hepatitis E,Sigmodon hispidus,42415,host,FALSE,FALSE,FALSE,FALSE,prototype,Paslahepevirus balayani genotype 3,mammalia,rodentia,cricetidae,Antibodies,host_presence_only,low,TRUE,candidate_only,,,,,,,,FALSE,FALSE,FALSE,,,,,,,,,,,FALSE
Hepatitis E,Suncus murinus,9378,host,FALSE,FALSE,FALSE,FALSE,prototype,Paslahepevirus balayani genotype 3,mammalia,eulipotyphla,soricidae,PCR/Sequencing,host_presence_only,low,TRUE,candidate_only,,,,,,,,FALSE,FALSE,FALSE,,,,,,,,,,,FALSE
Hepatitis E,Sundamys muelleri,83761,host,FALSE,FALSE,FALSE,FALSE,prototype,Paslahepevirus balayani genotype 3,mammalia,rodentia,muridae,PCR/Sequencing,host_presence_only,low,TRUE,candidate_only,,,,,,,,FALSE,FALSE,FALSE,,,,,,,,,,,FALSE
Hepatitis E,Sus scrofa,1611880,host,FALSE,FALSE,FALSE,FALSE,prototype,Paslahepevirus balayani genotype 3,mammalia,artiodactyla,suidae,PCR/Sequencing,host_presence_only,low,TRUE,candidate_only,,,,,,,,FALSE,FALSE,FALSE,,,,,,,,,,,FALSE
Hepatitis E,Sus scrofa,375578,host,FALSE,FALSE,FALSE,FALSE,prototype,Paslahepevirus balayani genotype 3,mammalia,artiodactyla,suidae,PCR/Sequencing,host_presence_only,low,TRUE,candidate_only,,,,,,,,FALSE,FALSE,FALSE,,,,,,,,,,,FALSE
Hepatitis E,Sus scrofa,9823,host,FALSE,FALSE,FALSE,FALSE,prototype,Paslahepevirus balayani genotype 3,mammalia,artiodactyla,suidae,Antibodies; Isolation/Observation; Not specified; PCR/Sequencing,host_presence_only,low,TRUE,candidate_only,,,,,,,,FALSE,FALSE,FALSE,,,,,,,,,,,FALSE
Hepatitis E,Sus scrofa,9825,host,FALSE,FALSE,FALSE,FALSE,prototype,Paslahepevirus balayani genotype 3,mammalia,artiodactyla,suidae,PCR/Sequencing,host_presence_only,low,TRUE,candidate_only,,,,,,,,FALSE,FALSE,FALSE,,,,,,,,,,,FALSE
Hepatitis E,Ursus thibetanus,9642,host,FALSE,FALSE,FALSE,FALSE,prototype,Paslahepevirus balayani genotype 3,mammalia,carnivora,ursidae,PCR/Sequencing,host_presence_only,low,TRUE,candidate_only,,,,,,,,FALSE,FALSE,FALSE,,,,,,,,,,,FALSE
Hepatitis E,Urva javanica,140016,host,FALSE,FALSE,FALSE,FALSE,prototype,Paslahepevirus balayani genotype 3,mammalia,carnivora,herpestidae,PCR/Sequencing,host_presence_only,low,TRUE,candidate_only,,,,,,,,FALSE,FALSE,FALSE,,,,,,,,,,,FALSE
Hepatitis E,balearica regulorum,925459,host,FALSE,FALSE,FALSE,FALSE,prototype,Paslahepevirus balayani genotype 3,,,,Antibodies,host_presence_only,low,TRUE,candidate_only,,,,,,,,FALSE,FALSE,FALSE,,,,,,,,,,,FALSE
Hepatitis E,bandicota bengalensis,69079,host,FALSE,FALSE,FALSE,FALSE,prototype,Paslahepevirus balayani genotype 3,,,,Antibodies,host_presence_only,low,TRUE,candidate_only,,,,,,,,FALSE,FALSE,FALSE,,,,,,,,,,,FALSE
Hepatitis E,bison bison,9901,host,FALSE,FALSE,FALSE,FALSE,prototype,Paslahepevirus balayani genotype 3,,,,Antibodies,host_presence_only,low,TRUE,candidate_only,,,,,,,,FALSE,FALSE,FALSE,,,,,,,,,,,FALSE
Hepatitis E,clethrionomys gapperi,473866,host,FALSE,FALSE,FALSE,FALSE,prototype,Paslahepevirus balayani genotype 3,,,,Antibodies,host_presence_only,low,TRUE,candidate_only,,,,,,,,FALSE,FALSE,FALSE,,,,,,,,,,,FALSE
Hepatitis E,dama dama,30532,host,FALSE,FALSE,FALSE,FALSE,prototype,Paslahepevirus balayani genotype 3,,,,Antibodies,host_presence_only,low,TRUE,candidate_only,,,,,,,,FALSE,FALSE,FALSE,,,,,,,,,,,FALSE
Hepatitis E,elaphodus cephalophus,109298,host,FALSE,FALSE,FALSE,FALSE,prototype,Paslahepevirus balayani genotype 3,,,,Antibodies,host_presence_only,low,TRUE,candidate_only,,,,,,,,FALSE,FALSE,FALSE,,,,,,,,,,,FALSE
Hepatitis E,giraffa camelopardalis,9894,host,FALSE,FALSE,FALSE,FALSE,prototype,Paslahepevirus balayani genotype 3,,,,Antibodies,host_presence_only,low,TRUE,candidate_only,,,,,,,,FALSE,FALSE,FALSE,,,,,,,,,,,FALSE
Hepatitis E,muntiacus reevesi,9886,host,FALSE,FALSE,FALSE,FALSE,prototype,Paslahepevirus balayani genotype 3,,,,Antibodies,host_presence_only,low,TRUE,candidate_only,,,,,,,,FALSE,FALSE,FALSE,,,,,,,,,,,FALSE
Hepatitis E,neotoma albigula,42408,host,FALSE,FALSE,FALSE,FALSE,prototype,Paslahepevirus balayani genotype 3,,,,Antibodies,host_presence_only,low,TRUE,candidate_only,,,,,,,,FALSE,FALSE,FALSE,,,,,,,,,,,FALSE
Hepatitis E,neotoma mexicana,105149,host,FALSE,FALSE,FALSE,FALSE,prototype,Paslahepevirus balayani genotype 3,,,,Antibodies,host_presence_only,low,TRUE,candidate_only,,,,,,,,FALSE,FALSE,FALSE,,,,,,,,,,,FALSE
Hepatitis E,neotoma micropus,105150,host,FALSE,FALSE,FALSE,FALSE,prototype,Paslahepevirus balayani genotype 3,,,,Antibodies,host_presence_only,low,TRUE,candidate_only,,,,,,,,FALSE,FALSE,FALSE,,,,,,,,,,,FALSE
Hepatitis E,oryzomys palustris,37020,host,FALSE,FALSE,FALSE,FALSE,prototype,Paslahepevirus balayani genotype 3,,,,Antibodies,host_presence_only,low,TRUE,candidate_only,,,,,,,,FALSE,FALSE,FALSE,,,,,,,,,,,FALSE
Hepatitis E,rattus exulans,34854,host,FALSE,FALSE,FALSE,FALSE,prototype,Paslahepevirus balayani genotype 3,,,,Antibodies,host_presence_only,low,TRUE,candidate_only,,,,,,,,FALSE,FALSE,FALSE,,,,,,,,,,,FALSE
Hepatitis E,rattus pyctoris,583359,host,FALSE,FALSE,FALSE,FALSE,prototype,Paslahepevirus balayani genotype 3,,,,Antibodies,host_presence_only,low,TRUE,candidate_only,,,,,,,,FALSE,FALSE,FALSE,,,,,,,,,,,FALSE
Hepatitis E,rucervus duvaucelii,43328,host,FALSE,FALSE,FALSE,FALSE,prototype,Paslahepevirus balayani genotype 3,,,,Antibodies,host_presence_only,low,TRUE,candidate_only,,,,,,,,FALSE,FALSE,FALSE,,,,,,,,,,,FALSE
Influenza (H5N1 avian influenza),Accipiter cooperii,261198,host,FALSE,TRUE,TRUE,TRUE,both,Alphainfluenzavirus influenzae (H5N1),aves,accipitriformes,accipitridae,Isolation/Observation; PCR/Sequencing,host_presence_only,low,TRUE,candidate_only,,,,,,,,FALSE,FALSE,FALSE,,,,,,,,,,,FALSE
Influenza (H5N1 avian influenza),Accipiter nisus,211598,host,FALSE,TRUE,TRUE,TRUE,both,Alphainfluenzavirus influenzae (H5N1),aves,accipitriformes,accipitridae,PCR/Sequencing,host_presence_only,low,TRUE,candidate_only,,,,,,,,FALSE,FALSE,FALSE,,,,,,,,,,,FALSE
Influenza (H5N1 avian influenza),Accipiter striatus,56330,host,FALSE,TRUE,TRUE,TRUE,both,Alphainfluenzavirus influenzae (H5N1),aves,accipitriformes,accipitridae,PCR/Sequencing,host_presence_only,low,TRUE,candidate_only,,,,,,,,FALSE,FALSE,FALSE,,,,,,,,,,,FALSE
Influenza (H5N1 avian influenza),Accipiter trivirgatus,210844,host,FALSE,TRUE,TRUE,TRUE,both,Alphainfluenzavirus influenzae (H5N1),aves,accipitriformes,accipitridae,PCR/Sequencing,host_presence_only,low,TRUE,candidate_only,,,,,,,,FALSE,FALSE,FALSE,,,,,,,,,,,FALSE
Influenza (H5N1 avian influenza),Acerodon celebensis,58057,host,FALSE,TRUE,TRUE,TRUE,both,Alphainfluenzavirus influenzae (H5N1),mammalia,chiroptera,pteropodidae,PCR/Sequencing,host_presence_only,low,TRUE,candidate_only,,,,,,,,FALSE,FALSE,FALSE,,,,,,,,,,,FALSE
Influenza (H5N1 avian influenza),Acinonyx jubatus,32536,host,FALSE,TRUE,TRUE,TRUE,both,Alphainfluenzavirus influenzae (H5N1),mammalia,carnivora,felidae,PCR/Sequencing,host_presence_only,low,TRUE,candidate_only,,,,,,,,FALSE,FALSE,FALSE,,,,,,,,,,,FALSE
Influenza (H5N1 avian influenza),Aechmophorus occidentalis,57236,host,FALSE,TRUE,TRUE,TRUE,both,Alphainfluenzavirus influenzae (H5N1),aves,podicipediformes,podicipedidae,PCR/Sequencing,host_presence_only,low,TRUE,candidate_only,,,,,,,,FALSE,FALSE,FALSE,,,,,,,,,,,FALSE
Influenza (H5N1 avian influenza),Aegypius monachus,8959,host,FALSE,TRUE,TRUE,TRUE,both,Alphainfluenzavirus influenzae (H5N1),aves,accipitriformes,accipitridae,PCR/Sequencing,host_presence_only,low,TRUE,candidate_only,,,,,,,,FALSE,FALSE,FALSE,,,,,,,,,,,FALSE
Influenza (H5N1 avian influenza),Agropsar sturninus,2675479,host,FALSE,TRUE,TRUE,TRUE,both,Alphainfluenzavirus influenzae (H5N1),aves,passeriformes,sturnidae,PCR/Sequencing,host_presence_only,low,TRUE,candidate_only,,,,,,,,FALSE,FALSE,FALSE,,,,,,,,,,,FALSE
Influenza (H5N1 avian influenza),Ailuropoda melanoleuca,9646,host,FALSE,TRUE,TRUE,TRUE,both,Alphainfluenzavirus influenzae (H5N1),mammalia,carnivora,ursidae,PCR/Sequencing,host_presence_only,low,TRUE,candidate_only,,,,,,,,FALSE,FALSE,FALSE,,,,,,,,,,,FALSE
Influenza (H5N1 avian influenza),Aix galericulata,8832,host,FALSE,TRUE,TRUE,TRUE,both,Alphainfluenzavirus influenzae (H5N1),aves,anseriformes,anatidae,PCR/Sequencing,host_presence_only,low,TRUE,candidate_only,,,,,,,,FALSE,FALSE,FALSE,,,,,,,,,,,FALSE
Influenza (H5N1 avian influenza),Aix sponsa,8833,host,FALSE,TRUE,TRUE,TRUE,both,Alphainfluenzavirus influenzae (H5N1),aves,anseriformes,anatidae,Isolation/Observation; PCR/Sequencing,host_presence_only,low,TRUE,candidate_only,,,,,,,,FALSE,FALSE,FALSE,,,,,,,,,,,FALSE
Influenza (H5N1 avian influenza),Alca torda,28689,host,FALSE,TRUE,TRUE,TRUE,both,Alphainfluenzavirus influenzae (H5N1),aves,charadriiformes,alcidae,PCR/Sequencing,host_presence_only,low,TRUE,candidate_only,,,,,,,,FALSE,FALSE,FALSE,,,,,,,,,,,FALSE
Influenza (H5N1 avian influenza),Alectoris barbara,40177,host,FALSE,TRUE,TRUE,TRUE,both,Alphainfluenzavirus influenzae (H5N1),aves,galliformes,phasianidae,PCR/Sequencing,host_presence_only,low,TRUE,candidate_only,,,,,,,,FALSE,FALSE,FALSE,,,,,,,,,,,FALSE
Influenza (H5N1 avian influenza),Alectoris chukar,9078,host,FALSE,TRUE,TRUE,TRUE,both,Alphainfluenzavirus influenzae (H5N1),aves,galliformes,phasianidae,Isolation/Observation; PCR/Sequencing,host_presence_only,low,TRUE,candidate_only,,,,,,,,FALSE,FALSE,FALSE,,,,,,,,,,,FALSE
Influenza (H5N1 avian influenza),Alligator sinensis,38654,host,FALSE,TRUE,TRUE,TRUE,both,Alphainfluenzavirus influenzae (H5N1),reptilia,crocodylia,alligatoridae,PCR/Sequencing,host_presence_only,low,TRUE,candidate_only,,,,,,,,FALSE,FALSE,FALSE,,,,,,,,,,,FALSE
Influenza (H5N1 avian influenza),Alopochen aegyptiaca,30382,host,FALSE,TRUE,TRUE,TRUE,both,Alphainfluenzavirus influenzae (H5N1),aves,anseriformes,anatidae,PCR/Sequencing,host_presence_only,low,TRUE,candidate_only,,,,,,,,FALSE,FALSE,FALSE,,,,,,,,,,,FALSE
Influenza (H5N1 avian influenza),Amazona albifrons,241569,host,FALSE,TRUE,TRUE,TRUE,both,Alphainfluenzavirus influenzae (H5N1),aves,psittaciformes,psittacidae,PCR/Sequencing,host_presence_only,low,TRUE,candidate_only,,,,,,,,FALSE,FALSE,FALSE,,,,,,,,,,,FALSE
Influenza (H5N1 avian influenza),Amazona autumnalis,151759,host,FALSE,TRUE,TRUE,TRUE,both,Alphainfluenzavirus influenzae (H5N1),aves,psittaciformes,psittacidae,Isolation/Observation,host_presence_only,low,TRUE,candidate_only,,,,,,,,FALSE,FALSE,FALSE,,,,,,,,,,,FALSE
Influenza (H5N1 avian influenza),Amazona oratrix,152276,host,FALSE,TRUE,TRUE,TRUE,both,Alphainfluenzavirus influenzae (H5N1),aves,psittaciformes,psittacidae,PCR/Sequencing,host_presence_only,low,TRUE,candidate_only,,,,,,,,FALSE,FALSE,FALSE,,,,,,,,,,,FALSE
Influenza (H5N1 avian influenza),Amazonetta brasiliensis,75867,host,FALSE,TRUE,TRUE,TRUE,both,Alphainfluenzavirus influenzae (H5N1),aves,anseriformes,anatidae,PCR/Sequencing,host_presence_only,low,TRUE,candidate_only,,,,,,,,FALSE,FALSE,FALSE,,,,,,,,,,,FALSE
Influenza (H5N1 avian influenza),Anas,42806,host,FALSE,TRUE,TRUE,TRUE,both,Alphainfluenzavirus influenzae (H5N1),,,,PCR/Sequencing,host_presence_only,low,TRUE,candidate_only,,,,,,,,FALSE,FALSE,FALSE,,,,,,,,,,,FALSE
Influenza (H5N1 avian influenza),Anas acuta,28680,host,FALSE,TRUE,TRUE,TRUE,both,Alphainfluenzavirus influenzae (H5N1),aves,anseriformes,anatidae,Isolation/Observation; PCR/Sequencing,host_presence_only,low,TRUE,candidate_only,,,,,,,,FALSE,FALSE,FALSE,,,,,,,,,,,FALSE
Influenza (H5N1 avian influenza),Anas capensis,8837,host,FALSE,TRUE,TRUE,TRUE,both,Alphainfluenzavirus influenzae (H5N1),aves,anseriformes,anatidae,PCR/Sequencing,host_presence_only,low,TRUE,candidate_only,,,,,,,,FALSE,FALSE,FALSE,,,,,,,,,,,FALSE
Influenza (H5N1 avian influenza),Anas carolinensis,75836,host,FALSE,TRUE,TRUE,TRUE,both,Alphainfluenzavirus influenzae (H5N1),aves,anseriformes,anatidae,PCR/Sequencing,host_presence_only,low,TRUE,candidate_only,,,,,,,,FALSE,FALSE,FALSE,,,,,,,,,,,FALSE
Influenza (H5N1 avian influenza),Anas castanea,45631,host,FALSE,TRUE,TRUE,TRUE,both,Alphainfluenzavirus influenzae (H5N1),aves,anseriformes,anatidae,PCR/Sequencing,host_presence_only,low,TRUE,candidate_only,,,,,,,,FALSE,FALSE,FALSE,,,,,,,,,,,FALSE
Influenza (H5N1 avian influenza),Anas crecca,75839,host,FALSE,TRUE,TRUE,TRUE,both,Alphainfluenzavirus influenzae (H5N1),aves,anseriformes,anatidae,Antibodies; PCR/Sequencing,host_presence_only,low,TRUE,candidate_only,,,,,,,,FALSE,FALSE,FALSE,,,,,,,,,,,FALSE
Influenza (H5N1 avian influenza),Anas diazi,75841,host,FALSE,TRUE,TRUE,TRUE,both,Alphainfluenzavirus influenzae (H5N1),,,,PCR/Sequencing,host_presence_only,low,TRUE,candidate_only,,,,,,,,FALSE,FALSE,FALSE,,,,,,,,,,,FALSE
Influenza (H5N1 avian influenza),Anas erythrorhyncha,75843,host,FALSE,TRUE,TRUE,TRUE,both,Alphainfluenzavirus influenzae (H5N1),aves,anseriformes,anatidae,PCR/Sequencing,host_presence_only,low,TRUE,candidate_only,,,,,,,,FALSE,FALSE,FALSE,,,,,,,,,,,FALSE
Influenza (H5N1 avian influenza),Anas flavirostris,75845,host,FALSE,TRUE,TRUE,TRUE,both,Alphainfluenzavirus influenzae (H5N1),aves,anseriformes,anatidae,PCR/Sequencing,host_presence_only,low,TRUE,candidate_only,,,,,,,,FALSE,FALSE,FALSE,,,,,,,,,,,FALSE
Influenza (H5N1 avian influenza),Anas fulvigula,75846,host,FALSE,TRUE,TRUE,TRUE,both,Alphainfluenzavirus influenzae (H5N1),aves,anseriformes,anatidae,PCR/Sequencing,host_presence_only,low,TRUE,candidate_only,,,,,,,,FALSE,FALSE,FALSE,,,,,,,,,,,FALSE
Influenza (H5N1 avian influenza),Anas georgica,75847,host,FALSE,TRUE,TRUE,TRUE,both,Alphainfluenzavirus influenzae (H5N1),aves,anseriformes,anatidae,PCR/Sequencing,host_presence_only,low,TRUE,candidate_only,,,,,,,,FALSE,FALSE,FALSE,,,,,,,,,,,FALSE
Influenza (H5N1 avian influenza),Anas gracilis,45630,host,FALSE,TRUE,TRUE,TRUE,both,Alphainfluenzavirus influenzae (H5N1),aves,anseriformes,anatidae,PCR/Sequencing,host_presence_only,low,TRUE,candidate_only,,,,,,,,FALSE,FALSE,FALSE,,,,,,,,,,,FALSE
Influenza (H5N1 avian influenza),Anas platyrhynchos,8839,host,FALSE,TRUE,TRUE,TRUE,both,Alphainfluenzavirus influenzae (H5N1),aves,anseriformes,anatidae,Isolation/Observation; Not specified; PCR/Sequencing,host_presence_only,low,TRUE,candidate_only,,,,,,,,FALSE,FALSE,FALSE,,,,,,,,,,,FALSE
Influenza (H5N1 avian influenza),Anas platyrhynchos,8840,host,FALSE,TRUE,TRUE,TRUE,both,Alphainfluenzavirus influenzae (H5N1),aves,anseriformes,anatidae,PCR/Sequencing,host_presence_only,low,TRUE,candidate_only,,,,,,,,FALSE,FALSE,FALSE,,,,,,,,,,,FALSE
Influenza (H5N1 avian influenza),Anas poecilorhyncha,75854,host,FALSE,TRUE,TRUE,TRUE,both,Alphainfluenzavirus influenzae (H5N1),aves,anseriformes,anatidae,Isolation/Observation; PCR/Sequencing,host_presence_only,low,TRUE,candidate_only,,,,,,,,FALSE,FALSE,FALSE,,,,,,,,,,,FALSE
Influenza (H5N1 avian influenza),Anas rubripes,75857,host,FALSE,TRUE,TRUE,TRUE,both,Alphainfluenzavirus influenzae (H5N1),aves,anseriformes,anatidae,Isolation/Observation; PCR/Sequencing,host_presence_only,low,TRUE,candidate_only,,,,,,,,FALSE,FALSE,FALSE,,,,,,,,,,,FALSE
Influenza (H5N1 avian influenza),Anas superciliosa,45632,host,FALSE,TRUE,TRUE,TRUE,both,Alphainfluenzavirus influenzae (H5N1),aves,anseriformes,anatidae,PCR/Sequencing,host_presence_only,low,TRUE,candidate_only,,,,,,,,FALSE,FALSE,FALSE,,,,,,,,,,,FALSE
Influenza (H5N1 avian influenza),Anas undulata,75862,host,FALSE,TRUE,TRUE,TRUE,both,Alphainfluenzavirus influenzae (H5N1),aves,anseriformes,anatidae,PCR/Sequencing,host_presence_only,low,TRUE,candidate_only,,,,,,,,FALSE,FALSE,FALSE,,,,,,,,,,,FALSE
Influenza (H5N1 avian influenza),Anas zonorhyncha,75864,host,FALSE,TRUE,TRUE,TRUE,both,Alphainfluenzavirus influenzae (H5N1),aves,anseriformes,anatidae,PCR/Sequencing,host_presence_only,low,TRUE,candidate_only,,,,,,,,FALSE,FALSE,FALSE,,,,,,,,,,,FALSE
Influenza (H5N1 avian influenza),Anastomus oscitans,1706835,host,FALSE,TRUE,TRUE,TRUE,both,Alphainfluenzavirus influenzae (H5N1),aves,ciconiiformes,ciconiidae,PCR/Sequencing,host_presence_only,low,TRUE,candidate_only,,,,,,,,FALSE,FALSE,FALSE,,,,,,,,,,,FALSE
Influenza (H5N1 avian influenza),Anatidae,1867944,host,FALSE,TRUE,TRUE,TRUE,both,Alphainfluenzavirus influenzae (H5N1),,,,PCR/Sequencing,host_presence_only,low,TRUE,candidate_only,,,,,,,,FALSE,FALSE,FALSE,,,,,,,,,,,FALSE
Influenza (H5N1 avian influenza),Anous tenuirostris,297803,host,FALSE,TRUE,TRUE,TRUE,both,Alphainfluenzavirus influenzae (H5N1),aves,charadriiformes,laridae,PCR/Sequencing,host_presence_only,low,TRUE,candidate_only,,,,,,,,FALSE,FALSE,FALSE,,,,,,,,,,,FALSE
Influenza (H5N1 avian influenza),Anser,8847,host,FALSE,TRUE,TRUE,TRUE,both,Alphainfluenzavirus influenzae (H5N1),,,,PCR/Sequencing,host_presence_only,low,TRUE,candidate_only,,,,,,,,FALSE,FALSE,FALSE,,,,,,,,,,,FALSE
Influenza (H5N1 avian influenza),Anser albifrons,50365,host,FALSE,TRUE,TRUE,TRUE,both,Alphainfluenzavirus influenzae (H5N1),aves,anseriformes,anatidae,Isolation/Observation; PCR/Sequencing,host_presence_only,low,TRUE,candidate_only,,,,,,,,FALSE,FALSE,FALSE,,,,,,,,,,,FALSE
Influenza (H5N1 avian influenza),Anser anser,8843,host,FALSE,TRUE,TRUE,TRUE,both,Alphainfluenzavirus influenzae (H5N1),aves,anseriformes,anatidae,Isolation/Observation; Not specified; PCR/Sequencing,host_presence_only,low,TRUE,candidate_only,,,,,,,,FALSE,FALSE,FALSE,,,,,,,,,,,FALSE
Influenza (H5N1 avian influenza),Anser brachyrhynchus,132585,host,FALSE,TRUE,TRUE,TRUE,both,Alphainfluenzavirus influenzae (H5N1),aves,anseriformes,anatidae,PCR/Sequencing,host_presence_only,low,TRUE,candidate_only,,,,,,,,FALSE,FALSE,FALSE,,,,,,,,,,,FALSE
Influenza (H5N1 avian influenza),Anser caerulescens,440516,host,FALSE,TRUE,TRUE,TRUE,both,Alphainfluenzavirus influenzae (H5N1),aves,anseriformes,anatidae,PCR/Sequencing,host_presence_only,low,TRUE,candidate_only,,,,,,,,FALSE,FALSE,FALSE,,,,,,,,,,,FALSE
Influenza (H5N1 avian influenza),Anser caerulescens,70340,host,FALSE,TRUE,TRUE,TRUE,both,Alphainfluenzavirus influenzae (H5N1),aves,anseriformes,anatidae,PCR/Sequencing,host_presence_only,low,TRUE,candidate_only,,,,,,,,FALSE,FALSE,FALSE,,,,,,,,,,,FALSE
Influenza (H5N1 avian influenza),Anser caerulescens,8849,host,FALSE,TRUE,TRUE,TRUE,both,Alphainfluenzavirus influenzae (H5N1),aves,anseriformes,anatidae,Isolation/Observation; PCR/Sequencing,host_presence_only,low,TRUE,candidate_only,,,,,,,,FALSE,FALSE,FALSE,,,,,,,,,,,FALSE
Influenza (H5N1 avian influenza),Anser canagicus,107021,host,FALSE,TRUE,TRUE,TRUE,both,Alphainfluenzavirus influenzae (H5N1),aves,anseriformes,anatidae,PCR/Sequencing,host_presence_only,low,TRUE,candidate_only,,,,,,,,FALSE,FALSE,FALSE,,,,,,,,,,,FALSE
Influenza (H5N1 avian influenza),Anser cygnoides,8845,host,FALSE,TRUE,TRUE,TRUE,both,Alphainfluenzavirus influenzae (H5N1),,,,PCR/Sequencing,host_presence_only,low,TRUE,candidate_only,,,,,,,,FALSE,FALSE,FALSE,,,,,,,,,,,FALSE
Influenza (H5N1 avian influenza),Anser erythropus,132586,host,FALSE,TRUE,TRUE,TRUE,both,Alphainfluenzavirus influenzae (H5N1),aves,anseriformes,anatidae,PCR/Sequencing,host_presence_only,low,TRUE,candidate_only,,,,,,,,FALSE,FALSE,FALSE,,,,,,,,,,,FALSE
Influenza (H5N1 avian influenza),Anser fabalis,132587,host,FALSE,TRUE,TRUE,TRUE,both,Alphainfluenzavirus influenzae (H5N1),aves,anseriformes,anatidae,PCR/Sequencing,host_presence_only,low,TRUE,candidate_only,,,,,,,,FALSE,FALSE,FALSE,,,,,,,,,,,FALSE
Influenza (H5N1 avian influenza),Anser indicus,8846,host,FALSE,TRUE,TRUE,TRUE,both,Alphainfluenzavirus influenzae (H5N1),aves,anseriformes,anatidae,Isolation/Observation; PCR/Sequencing,host_presence_only,low,TRUE,candidate_only,,,,,,,,FALSE,FALSE,FALSE,,,,,,,,,,,FALSE
Influenza (H5N1 avian influenza),Anser rossii,56281,host,FALSE,TRUE,TRUE,TRUE,both,Alphainfluenzavirus influenzae (H5N1),aves,anseriformes,anatidae,PCR/Sequencing,host_presence_only,low,TRUE,candidate_only,,,,,,,,FALSE,FALSE,FALSE,,,,,,,,,,,FALSE
Influenza (H5N1 avian influenza),Anthropoides virgo,9111,host,FALSE,TRUE,TRUE,TRUE,both,Alphainfluenzavirus influenzae (H5N1),aves,gruiformes,gruidae,PCR/Sequencing,host_presence_only,low,TRUE,candidate_only,,,,,,,,FALSE,FALSE,FALSE,,,,,,,,,,,FALSE
Influenza (H5N1 avian influenza),Antigone canadensis,1977160,host,FALSE,TRUE,TRUE,TRUE,both,Alphainfluenzavirus influenzae (H5N1),,,,PCR/Sequencing,host_presence_only,low,TRUE,candidate_only,,,,,,,,FALSE,FALSE,FALSE,,,,,,,,,,,FALSE
Influenza (H5N1 avian influenza),Antigone vipio,2717088,host,FALSE,TRUE,TRUE,TRUE,both,Alphainfluenzavirus influenzae (H5N1),,,,PCR/Sequencing,host_presence_only,low,TRUE,candidate_only,,,,,,,,FALSE,FALSE,FALSE,,,,,,,,,,,FALSE
Influenza (H5N1 avian influenza),Aquila chrysaetos,8962,host,FALSE,TRUE,TRUE,TRUE,both,Alphainfluenzavirus influenzae (H5N1),aves,accipitriformes,accipitridae,PCR/Sequencing,host_presence_only,low,TRUE,candidate_only,,,,,,,,FALSE,FALSE,FALSE,,,,,,,,,,,FALSE
Influenza (H5N1 avian influenza),Aquila fasciata,252784,host,FALSE,TRUE,TRUE,TRUE,both,Alphainfluenzavirus influenzae (H5N1),aves,accipitriformes,accipitridae,PCR/Sequencing,host_presence_only,low,TRUE,candidate_only,,,,,,,,FALSE,FALSE,FALSE,,,,,,,,,,,FALSE
Influenza (H5N1 avian influenza),Arctocephalus australis,161928,host,FALSE,TRUE,TRUE,TRUE,both,Alphainfluenzavirus influenzae (H5N1),mammalia,carnivora,otariidae,Antibodies; PCR/Sequencing,host_presence_only,low,TRUE,candidate_only,,,,,,,,FALSE,FALSE,FALSE,,,,,,,,,,,FALSE
Influenza (H5N1 avian influenza),Arctocephalus gazella,37190,host,FALSE,TRUE,TRUE,TRUE,both,Alphainfluenzavirus influenzae (H5N1),mammalia,carnivora,otariidae,PCR/Sequencing,host_presence_only,low,TRUE,candidate_only,,,,,,,,FALSE,FALSE,FALSE,,,,,,,,,,,FALSE
Influenza (H5N1 avian influenza),Ardea alba,110620,host,FALSE,TRUE,TRUE,TRUE,both,Alphainfluenzavirus influenzae (H5N1),aves,pelecaniformes,ardeidae,PCR/Sequencing,host_presence_only,low,TRUE,candidate_only,,,,,,,,FALSE,FALSE,FALSE,,,,,,,,,,,FALSE
Influenza (H5N1 avian influenza),Ardea cinerea,30390,host,FALSE,TRUE,TRUE,TRUE,both,Alphainfluenzavirus influenzae (H5N1),aves,pelecaniformes,ardeidae,PCR/Sequencing,host_presence_only,low,TRUE,candidate_only,,,,,,,,FALSE,FALSE,FALSE,,,,,,,,,,,FALSE
Influenza (H5N1 avian influenza),Ardea herodias,56072,host,FALSE,TRUE,TRUE,TRUE,both,Alphainfluenzavirus influenzae (H5N1),aves,pelecaniformes,ardeidae,PCR/Sequencing,host_presence_only,low,TRUE,candidate_only,,,,,,,,FALSE,FALSE,FALSE,,,,,,,,,,,FALSE
Influenza (H5N1 avian influenza),Ardea purpurea,188373,host,FALSE,TRUE,TRUE,TRUE,both,Alphainfluenzavirus influenzae (H5N1),aves,pelecaniformes,ardeidae,PCR/Sequencing,host_presence_only,low,TRUE,candidate_only,,,,,,,,FALSE,FALSE,FALSE,,,,,,,,,,,FALSE
Influenza (H5N1 avian influenza),Ardenna gravis,37051,host,FALSE,TRUE,TRUE,TRUE,both,Alphainfluenzavirus influenzae (H5N1),aves,procellariiformes,procellariidae,PCR/Sequencing,host_presence_only,low,TRUE,candidate_only,,,,,,,,FALSE,FALSE,FALSE,,,,,,,,,,,FALSE
Influenza (H5N1 avian influenza),Ardenna pacifica,48683,host,FALSE,TRUE,TRUE,TRUE,both,Alphainfluenzavirus influenzae (H5N1),aves,procellariiformes,procellariidae,Antibodies; PCR/Sequencing,host_presence_only,low,TRUE,candidate_only,,,,,,,,FALSE,FALSE,FALSE,,,,,,,,,,,FALSE
Influenza (H5N1 avian influenza),Ardeola bacchus,188375,host,FALSE,TRUE,TRUE,TRUE,both,Alphainfluenzavirus influenzae (H5N1),aves,pelecaniformes,ardeidae,PCR/Sequencing,host_presence_only,low,TRUE,candidate_only,,,,,,,,FALSE,FALSE,FALSE,,,,,,,,,,,FALSE
Influenza (H5N1 avian influenza),Arenaria interpres,54971,host,FALSE,TRUE,TRUE,TRUE,both,Alphainfluenzavirus influenzae (H5N1),aves,charadriiformes,scolopacidae,PCR/Sequencing,host_presence_only,low,TRUE,candidate_only,,,,,,,,FALSE,FALSE,FALSE,,,,,,,,,,,FALSE
Influenza (H5N1 avian influenza),Arenaria melanocephala,279931,host,FALSE,TRUE,TRUE,TRUE,both,Alphainfluenzavirus influenzae (H5N1),aves,charadriiformes,scolopacidae,PCR/Sequencing,host_presence_only,low,TRUE,candidate_only,,,,,,,,FALSE,FALSE,FALSE,,,,,,,,,,,FALSE
Influenza (H5N1 avian influenza),Artibeus lituratus,27634,host,FALSE,TRUE,TRUE,TRUE,both,Alphainfluenzavirus influenzae (H5N1),mammalia,chiroptera,phyllostomidae,PCR/Sequencing,host_presence_only,low,TRUE,candidate_only,,,,,,,,FALSE,FALSE,FALSE,,,,,,,,,,,FALSE
Influenza (H5N1 avian influenza),Artibeus obscurus,40228,host,FALSE,TRUE,TRUE,TRUE,both,Alphainfluenzavirus influenzae (H5N1),mammalia,chiroptera,phyllostomidae,PCR/Sequencing,host_presence_only,low,TRUE,candidate_only,,,,,,,,FALSE,FALSE,FALSE,,,,,,,,,,,FALSE
Influenza (H5N1 avian influenza),Artibeus planirostris,40230,host,FALSE,TRUE,TRUE,TRUE,both,Alphainfluenzavirus influenzae (H5N1),mammalia,chiroptera,phyllostomidae,PCR/Sequencing,host_presence_only,low,TRUE,candidate_only,,,,,,,,FALSE,FALSE,FALSE,,,,,,,,,,,FALSE
Influenza (H5N1 avian influenza),Asio flammeus,56267,host,FALSE,TRUE,TRUE,TRUE,both,Alphainfluenzavirus influenzae (H5N1),aves,strigiformes,strigidae,PCR/Sequencing,host_presence_only,low,TRUE,candidate_only,,,,,,,,FALSE,FALSE,FALSE,,,,,,,,,,,FALSE
Influenza (H5N1 avian influenza),Asio otus,111810,host,FALSE,TRUE,TRUE,TRUE,both,Alphainfluenzavirus influenzae (H5N1),aves,strigiformes,strigidae,PCR/Sequencing,host_presence_only,low,TRUE,candidate_only,,,,,,,,FALSE,FALSE,FALSE,,,,,,,,,,,FALSE
Influenza (H5N1 avian influenza),Astur gentilis,258924,host,FALSE,TRUE,TRUE,TRUE,both,Alphainfluenzavirus influenzae (H5N1),,,,PCR/Sequencing,host_presence_only,low,TRUE,candidate_only,,,,,,,,FALSE,FALSE,FALSE,,,,,,,,,,,FALSE
Influenza (H5N1 avian influenza),Astur gentilis,8957,host,FALSE,TRUE,TRUE,TRUE,both,Alphainfluenzavirus influenzae (H5N1),,,,PCR/Sequencing,host_presence_only,low,TRUE,candidate_only,,,,,,,,FALSE,FALSE,FALSE,,,,,,,,,,,FALSE
Influenza (H5N1 avian influenza),Athene cunicularia,194338,host,FALSE,TRUE,TRUE,TRUE,both,Alphainfluenzavirus influenzae (H5N1),aves,strigiformes,strigidae,PCR/Sequencing,host_presence_only,low,TRUE,candidate_only,,,,,,,,FALSE,FALSE,FALSE,,,,,,,,,,,FALSE
Influenza (H5N1 avian influenza),Athene noctua,126797,host,FALSE,TRUE,TRUE,TRUE,both,Alphainfluenzavirus influenzae (H5N1),aves,strigiformes,strigidae,PCR/Sequencing,host_presence_only,low,TRUE,candidate_only,,,,,,,,FALSE,FALSE,FALSE,,,,,,,,,,,FALSE
Influenza (H5N1 avian influenza),Aythya affinis,189533,host,FALSE,TRUE,TRUE,TRUE,both,Alphainfluenzavirus influenzae (H5N1),aves,anseriformes,anatidae,PCR/Sequencing,host_presence_only,low,TRUE,candidate_only,,,,,,,,FALSE,FALSE,FALSE,,,,,,,,,,,FALSE
Influenza (H5N1 avian influenza),Aythya americana,30385,host,FALSE,TRUE,TRUE,TRUE,both,Alphainfluenzavirus influenzae (H5N1),aves,anseriformes,anatidae,PCR/Sequencing,host_presence_only,low,TRUE,candidate_only,,,,,,,,FALSE,FALSE,FALSE,,,,,,,,,,,FALSE
Influenza (H5N1 avian influenza),Aythya baeri,1177618,host,FALSE,TRUE,TRUE,TRUE,both,Alphainfluenzavirus influenzae (H5N1),aves,anseriformes,anatidae,PCR/Sequencing,host_presence_only,low,TRUE,candidate_only,,,,,,,,FALSE,FALSE,FALSE,,,,,,,,,,,FALSE
Influenza (H5N1 avian influenza),Aythya collaris,189535,host,FALSE,TRUE,TRUE,TRUE,both,Alphainfluenzavirus influenzae (H5N1),aves,anseriformes,anatidae,PCR/Sequencing,host_presence_only,low,TRUE,candidate_only,,,,,,,,FALSE,FALSE,FALSE,,,,,,,,,,,FALSE
Influenza (H5N1 avian influenza),Aythya ferina,219593,host,FALSE,TRUE,TRUE,TRUE,both,Alphainfluenzavirus influenzae (H5N1),aves,anseriformes,anatidae,PCR/Sequencing,host_presence_only,low,TRUE,candidate_only,,,,,,,,FALSE,FALSE,FALSE,,,,,,,,,,,FALSE
Influenza (H5N1 avian influenza),Aythya fuligula,219594,host,FALSE,TRUE,TRUE,TRUE,both,Alphainfluenzavirus influenzae (H5N1),aves,anseriformes,anatidae,PCR/Sequencing,host_presence_only,low,TRUE,candidate_only,,,,,,,,FALSE,FALSE,FALSE,,,,,,,,,,,FALSE
Influenza (H5N1 avian influenza),Aythya marila,189534,host,FALSE,TRUE,TRUE,TRUE,both,Alphainfluenzavirus influenzae (H5N1),aves,anseriformes,anatidae,PCR/Sequencing,host_presence_only,low,TRUE,candidate_only,,,,,,,,FALSE,FALSE,FALSE,,,,,,,,,,,FALSE
Influenza (H5N1 avian influenza),Aythya nyroca,197939,host,FALSE,TRUE,TRUE,TRUE,both,Alphainfluenzavirus influenzae (H5N1),aves,anseriformes,anatidae,PCR/Sequencing,host_presence_only,low,TRUE,candidate_only,,,,,,,,FALSE,FALSE,FALSE,,,,,,,,,,,FALSE
Influenza (H5N1 avian influenza),Aythya valisineria,110915,host,FALSE,TRUE,TRUE,TRUE,both,Alphainfluenzavirus influenzae (H5N1),aves,anseriformes,anatidae,PCR/Sequencing,host_presence_only,low,TRUE,candidate_only,,,,,,,,FALSE,FALSE,FALSE,,,,,,,,,,,FALSE
Influenza (H5N1 avian influenza),Balaenoptera acutorostrata,9767,host,FALSE,TRUE,TRUE,TRUE,both,Alphainfluenzavirus influenzae (H5N1),mammalia,artiodactyla,balaenopteridae,Antibodies; Isolation/Observation,host_presence_only,low,TRUE,candidate_only,,,,,,,,FALSE,FALSE,FALSE,,,,,,,,,,,FALSE
Influenza (H5N1 avian influenza),Bombycilla cedrorum,161648,host,FALSE,TRUE,TRUE,TRUE,both,Alphainfluenzavirus influenzae (H5N1),aves,passeriformes,bombycillidae,PCR/Sequencing,host_presence_only,low,TRUE,candidate_only,,,,,,,,FALSE,FALSE,FALSE,,,,,,,,,,,FALSE
Influenza (H5N1 avian influenza),Bonasa umbellus,9000,host,FALSE,TRUE,TRUE,TRUE,both,Alphainfluenzavirus influenzae (H5N1),aves,galliformes,phasianidae,PCR/Sequencing,host_presence_only,low,TRUE,candidate_only,,,,,,,,FALSE,FALSE,FALSE,,,,,,,,,,,FALSE
Influenza (H5N1 avian influenza),Bos grunniens,30521,host,FALSE,TRUE,TRUE,TRUE,both,Alphainfluenzavirus influenzae (H5N1),,,,Antibodies; PCR/Sequencing,host_presence_only,low,TRUE,candidate_only,,,,,,,,FALSE,FALSE,FALSE,,,,,,,,,,,FALSE
Influenza (H5N1 avian influenza),Bos taurus,9913,host,FALSE,TRUE,TRUE,TRUE,both,Alphainfluenzavirus influenzae (H5N1),mammalia,artiodactyla,bovidae,Antibodies; PCR/Sequencing,susceptible_host_only,medium,TRUE,draft_needs_review,,,,,,,,FALSE,FALSE,FALSE,,,,,,,,,,,FALSE
Influenza (H5N1 avian influenza),Branta bernicla,184712,host,FALSE,TRUE,TRUE,TRUE,both,Alphainfluenzavirus influenzae (H5N1),aves,anseriformes,anatidae,PCR/Sequencing,host_presence_only,low,TRUE,candidate_only,,,,,,,,FALSE,FALSE,FALSE,,,,,,,,,,,FALSE
Influenza (H5N1 avian influenza),Branta canadensis,8853,host,FALSE,TRUE,TRUE,TRUE,both,Alphainfluenzavirus influenzae (H5N1),aves,anseriformes,anatidae,Isolation/Observation; PCR/Sequencing,host_presence_only,low,TRUE,candidate_only,,,,,,,,FALSE,FALSE,FALSE,,,,,,,,,,,FALSE
Influenza (H5N1 avian influenza),Branta hutchinsii,371860,host,FALSE,TRUE,TRUE,TRUE,both,Alphainfluenzavirus influenzae (H5N1),aves,anseriformes,anatidae,PCR/Sequencing,host_presence_only,low,TRUE,candidate_only,,,,,,,,FALSE,FALSE,FALSE,,,,,,,,,,,FALSE
Influenza (H5N1 avian influenza),Branta leucopsis,184711,host,FALSE,TRUE,TRUE,TRUE,both,Alphainfluenzavirus influenzae (H5N1),aves,anseriformes,anatidae,PCR/Sequencing,host_presence_only,low,TRUE,candidate_only,,,,,,,,FALSE,FALSE,FALSE,,,,,,,,,,,FALSE
Influenza (H5N1 avian influenza),Bubalus bubalis,89462,host,FALSE,TRUE,TRUE,TRUE,both,Alphainfluenzavirus influenzae (H5N1),mammalia,artiodactyla,bovidae,Antibodies,host_presence_only,low,TRUE,candidate_only,,,,,,,,FALSE,FALSE,FALSE,,,,,,,,,,,FALSE
Influenza (H5N1 avian influenza),Bubo bubo,30461,host,FALSE,TRUE,TRUE,TRUE,both,Alphainfluenzavirus influenzae (H5N1),aves,strigiformes,strigidae,PCR/Sequencing,host_presence_only,low,TRUE,candidate_only,,,,,,,,FALSE,FALSE,FALSE,,,,,,,,,,,FALSE
Influenza (H5N1 avian influenza),Bubo scandiacus,371907,host,FALSE,TRUE,TRUE,TRUE,both,Alphainfluenzavirus influenzae (H5N1),aves,strigiformes,strigidae,Isolation/Observation; PCR/Sequencing,host_presence_only,low,TRUE,candidate_only,,,,,,,,FALSE,FALSE,FALSE,,,,,,,,,,,FALSE
Influenza (H5N1 avian influenza),Bubo virginianus,56268,host,FALSE,TRUE,TRUE,TRUE,both,Alphainfluenzavirus influenzae (H5N1),aves,strigiformes,strigidae,PCR/Sequencing,host_presence_only,low,TRUE,candidate_only,,,,,,,,FALSE,FALSE,FALSE,,,,,,,,,,,FALSE
Influenza (H5N1 avian influenza),Bubulcus ibis,110668,host,FALSE,TRUE,TRUE,TRUE,both,Alphainfluenzavirus influenzae (H5N1),aves,pelecaniformes,ardeidae,PCR/Sequencing,host_presence_only,low,TRUE,candidate_only,,,,,,,,FALSE,FALSE,FALSE,,,,,,,,,,,FALSE
Influenza (H5N1 avian influenza),Bucephala albeola,279934,host,FALSE,TRUE,TRUE,TRUE,both,Alphainfluenzavirus influenzae (H5N1),aves,anseriformes,anatidae,PCR/Sequencing,host_presence_only,low,TRUE,candidate_only,,,,,,,,FALSE,FALSE,FALSE,,,,,,,,,,,FALSE
Influenza (H5N1 avian influenza),Bucephala clangula,107022,host,FALSE,TRUE,TRUE,TRUE,both,Alphainfluenzavirus influenzae (H5N1),aves,anseriformes,anatidae,PCR/Sequencing,host_presence_only,low,TRUE,candidate_only,,,,,,,,FALSE,FALSE,FALSE,,,,,,,,,,,FALSE
Influenza (H5N1 avian influenza),Burhinus grallarius,585466,host,FALSE,TRUE,TRUE,TRUE,both,Alphainfluenzavirus influenzae (H5N1),aves,charadriiformes,burhinidae,PCR/Sequencing,host_presence_only,low,TRUE,candidate_only,,,,,,,,FALSE,FALSE,FALSE,,,,,,,,,,,FALSE
Influenza (H5N1 avian influenza),Butastur indicus,335207,host,FALSE,TRUE,TRUE,TRUE,both,Alphainfluenzavirus influenzae (H5N1),aves,accipitriformes,accipitridae,PCR/Sequencing,host_presence_only,low,TRUE,candidate_only,,,,,,,,FALSE,FALSE,FALSE,,,,,,,,,,,FALSE
Influenza (H5N1 avian influenza),Buteo buteo,30397,host,FALSE,TRUE,TRUE,TRUE,both,Alphainfluenzavirus influenzae (H5N1),aves,accipitriformes,accipitridae,PCR/Sequencing,host_presence_only,low,TRUE,candidate_only,,,,,,,,FALSE,FALSE,FALSE,,,,,,,,,,,FALSE
Influenza (H5N1 avian influenza),Buteo jamaicensis,56263,host,FALSE,TRUE,TRUE,TRUE,both,Alphainfluenzavirus influenzae (H5N1),aves,accipitriformes,accipitridae,Isolation/Observation; PCR/Sequencing,host_presence_only,low,TRUE,candidate_only,,,,,,,,FALSE,FALSE,FALSE,,,,,,,,,,,FALSE
Influenza (H5N1 avian influenza),Buteo japonicus,224669,host,FALSE,TRUE,TRUE,TRUE,both,Alphainfluenzavirus influenzae (H5N1),aves,accipitriformes,accipitridae,PCR/Sequencing,host_presence_only,low,TRUE,candidate_only,,,,,,,,FALSE,FALSE,FALSE,,,,,,,,,,,FALSE
Influenza (H5N1 avian influenza),Buteo lagopus,115229,host,FALSE,TRUE,TRUE,TRUE,both,Alphainfluenzavirus influenzae (H5N1),aves,accipitriformes,accipitridae,PCR/Sequencing,host_presence_only,low,TRUE,candidate_only,,,,,,,,FALSE,FALSE,FALSE,,,,,,,,,,,FALSE
Influenza (H5N1 avian influenza),Buteo lineatus,223475,host,FALSE,TRUE,TRUE,TRUE,both,Alphainfluenzavirus influenzae (H5N1),aves,accipitriformes,accipitridae,PCR/Sequencing,host_presence_only,low,TRUE,candidate_only,,,,,,,,FALSE,FALSE,FALSE,,,,,,,,,,,FALSE
Influenza (H5N1 avian influenza),Buteo platypterus,218281,host,FALSE,TRUE,TRUE,TRUE,both,Alphainfluenzavirus influenzae (H5N1),aves,accipitriformes,accipitridae,PCR/Sequencing,host_presence_only,low,TRUE,candidate_only,,,,,,,,FALSE,FALSE,FALSE,,,,,,,,,,,FALSE
Influenza (H5N1 avian influenza),Buteo regalis,223441,host,FALSE,TRUE,TRUE,TRUE,both,Alphainfluenzavirus influenzae (H5N1),aves,accipitriformes,accipitridae,PCR/Sequencing,host_presence_only,low,TRUE,candidate_only,,,,,,,,FALSE,FALSE,FALSE,,,,,,,,,,,FALSE
Influenza (H5N1 avian influenza),Buteo rufofuscus,223437,host,FALSE,TRUE,TRUE,TRUE,both,Alphainfluenzavirus influenzae (H5N1),aves,accipitriformes,accipitridae,PCR/Sequencing,host_presence_only,low,TRUE,candidate_only,,,,,,,,FALSE,FALSE,FALSE,,,,,,,,,,,FALSE
Influenza (H5N1 avian influenza),Buteo swainsoni,156757,host,FALSE,TRUE,TRUE,TRUE,both,Alphainfluenzavirus influenzae (H5N1),aves,accipitriformes,accipitridae,PCR/Sequencing,host_presence_only,low,TRUE,candidate_only,,,,,,,,FALSE,FALSE,FALSE,,,,,,,,,,,FALSE
Influenza (H5N1 avian influenza),Buteogallus urubitinga,223497,host,FALSE,TRUE,TRUE,TRUE,both,Alphainfluenzavirus influenzae (H5N1),aves,accipitriformes,accipitridae,PCR/Sequencing,host_presence_only,low,TRUE,candidate_only,,,,,,,,FALSE,FALSE,FALSE,,,,,,,,,,,FALSE
Influenza (H5N1 avian influenza),Butorides striata,433628,host,FALSE,TRUE,TRUE,TRUE,both,Alphainfluenzavirus influenzae (H5N1),aves,pelecaniformes,ardeidae,PCR/Sequencing,host_presence_only,low,TRUE,candidate_only,,,,,,,,FALSE,FALSE,FALSE,,,,,,,,,,,FALSE
Influenza (H5N1 avian influenza),Butorides virescens,110671,host,FALSE,TRUE,TRUE,TRUE,both,Alphainfluenzavirus influenzae (H5N1),,,,PCR/Sequencing,host_presence_only,low,TRUE,candidate_only,,,,,,,,FALSE,FALSE,FALSE,,,,,,,,,,,FALSE
Influenza (H5N1 avian influenza),Caiman latirostris,190476,host,FALSE,TRUE,TRUE,TRUE,both,Alphainfluenzavirus influenzae (H5N1),reptilia,crocodylia,alligatoridae,PCR/Sequencing,host_presence_only,low,TRUE,candidate_only,,,,,,,,FALSE,FALSE,FALSE,,,,,,,,,,,FALSE
Influenza (H5N1 avian influenza),Cairina moschata,8855,host,FALSE,TRUE,TRUE,TRUE,both,Alphainfluenzavirus influenzae (H5N1),aves,anseriformes,anatidae,PCR/Sequencing,host_presence_only,low,TRUE,candidate_only,,,,,,,,FALSE,FALSE,FALSE,,,,,,,,,,,FALSE
Influenza (H5N1 avian influenza),Calidris acuminata,192723,host,FALSE,TRUE,TRUE,TRUE,both,Alphainfluenzavirus influenzae (H5N1),aves,charadriiformes,scolopacidae,PCR/Sequencing,host_presence_only,low,TRUE,candidate_only,,,,,,,,FALSE,FALSE,FALSE,,,,,,,,,,,FALSE
Influenza (H5N1 avian influenza),Calidris alba,279936,host,FALSE,TRUE,TRUE,TRUE,both,Alphainfluenzavirus influenzae (H5N1),aves,charadriiformes,scolopacidae,PCR/Sequencing,host_presence_only,low,TRUE,candidate_only,,,,,,,,FALSE,FALSE,FALSE,,,,,,,,,,,FALSE
Influenza (H5N1 avian influenza),Calidris alpina,8919,host,FALSE,TRUE,TRUE,TRUE,both,Alphainfluenzavirus influenzae (H5N1),aves,charadriiformes,scolopacidae,PCR/Sequencing,host_presence_only,low,TRUE,candidate_only,,,,,,,,FALSE,FALSE,FALSE,,,,,,,,,,,FALSE
Influenza (H5N1 avian influenza),Calidris canutus,227173,host,FALSE,TRUE,TRUE,TRUE,both,Alphainfluenzavirus influenzae (H5N1),aves,charadriiformes,scolopacidae,PCR/Sequencing,host_presence_only,low,TRUE,candidate_only,,,,,,,,FALSE,FALSE,FALSE,,,,,,,,,,,FALSE
Influenza (H5N1 avian influenza),Calidris fuscicollis,279940,host,FALSE,TRUE,TRUE,TRUE,both,Alphainfluenzavirus influenzae (H5N1),aves,charadriiformes,scolopacidae,PCR/Sequencing,host_presence_only,low,TRUE,candidate_only,,,,,,,,FALSE,FALSE,FALSE,,,,,,,,,,,FALSE
Influenza (H5N1 avian influenza),Calidris mauri,279941,host,FALSE,TRUE,TRUE,TRUE,both,Alphainfluenzavirus influenzae (H5N1),aves,charadriiformes,scolopacidae,PCR/Sequencing,host_presence_only,low,TRUE,candidate_only,,,,,,,,FALSE,FALSE,FALSE,,,,,,,,,,,FALSE
Influenza (H5N1 avian influenza),Calidris minutilla,279935,host,FALSE,TRUE,TRUE,TRUE,both,Alphainfluenzavirus influenzae (H5N1),aves,charadriiformes,scolopacidae,PCR/Sequencing,host_presence_only,low,TRUE,candidate_only,,,,,,,,FALSE,FALSE,FALSE,,,,,,,,,,,FALSE
Influenza (H5N1 avian influenza),Calidris pusilla,279961,host,FALSE,TRUE,TRUE,TRUE,both,Alphainfluenzavirus influenzae (H5N1),aves,charadriiformes,scolopacidae,PCR/Sequencing,host_presence_only,low,TRUE,candidate_only,,,,,,,,FALSE,FALSE,FALSE,,,,,,,,,,,FALSE
Influenza (H5N1 avian influenza),Calidris ruficollis,272047,host,FALSE,TRUE,TRUE,TRUE,both,Alphainfluenzavirus influenzae (H5N1),aves,charadriiformes,scolopacidae,PCR/Sequencing,host_presence_only,low,TRUE,candidate_only,,,,,,,,FALSE,FALSE,FALSE,,,,,,,,,,,FALSE
Influenza (H5N1 avian influenza),Callonetta leucophrys,75871,host,FALSE,TRUE,TRUE,TRUE,both,Alphainfluenzavirus influenzae (H5N1),aves,anseriformes,anatidae,PCR/Sequencing,host_presence_only,low,TRUE,candidate_only,,,,,,,,FALSE,FALSE,FALSE,,,,,,,,,,,FALSE
Influenza (H5N1 avian influenza),Camelus bactrianus,9837,host,FALSE,TRUE,TRUE,TRUE,both,Alphainfluenzavirus influenzae (H5N1),,,,PCR/Sequencing,host_presence_only,low,TRUE,candidate_only,,,,,,,,FALSE,FALSE,FALSE,,,,,,,,,,,FALSE
Influenza (H5N1 avian influenza),Camelus dromedarius,9838,host,FALSE,TRUE,TRUE,TRUE,both,Alphainfluenzavirus influenzae (H5N1),mammalia,artiodactyla,camelidae,PCR/Sequencing,host_presence_only,low,TRUE,candidate_only,,,,,,,,FALSE,FALSE,FALSE,,,,,,,,,,,FALSE
Influenza (H5N1 avian influenza),Canis lupus,9612,host,FALSE,TRUE,TRUE,TRUE,both,Alphainfluenzavirus influenzae (H5N1),mammalia,carnivora,canidae,PCR/Sequencing,host_presence_only,low,TRUE,candidate_only,,,,,,,,FALSE,FALSE,FALSE,,,,,,,,,,,FALSE
Influenza (H5N1 avian influenza),Canis lupus,9615,host,FALSE,TRUE,TRUE,TRUE,both,Alphainfluenzavirus influenzae (H5N1),mammalia,carnivora,canidae,PCR/Sequencing,host_presence_only,low,TRUE,candidate_only,,,,,,,,FALSE,FALSE,FALSE,,,,,,,,,,,FALSE
Influenza (H5N1 avian influenza),Capra hircus,9925,host,FALSE,TRUE,TRUE,TRUE,both,Alphainfluenzavirus influenzae (H5N1),mammalia,artiodactyla,bovidae,Antibodies; PCR/Sequencing,host_presence_only,low,TRUE,candidate_only,,,,,,,,FALSE,FALSE,FALSE,,,,,,,,,,,FALSE
Influenza (H5N1 avian influenza),Caracara plancus,8951,host,FALSE,TRUE,TRUE,TRUE,both,Alphainfluenzavirus influenzae (H5N1),aves,falconiformes,falconidae,PCR/Sequencing,host_presence_only,low,TRUE,candidate_only,,,,,,,,FALSE,FALSE,FALSE,,,,,,,,,,,FALSE
Influenza (H5N1 avian influenza),Cathartes aura,43455,host,FALSE,TRUE,TRUE,TRUE,both,Alphainfluenzavirus influenzae (H5N1),aves,cathartiformes,cathartidae,PCR/Sequencing,host_presence_only,low,TRUE,candidate_only,,,,,,,,FALSE,FALSE,FALSE,,,,,,,,,,,FALSE
Influenza (H5N1 avian influenza),Catharus fuscescens,159581,host,FALSE,TRUE,TRUE,TRUE,both,Alphainfluenzavirus influenzae (H5N1),aves,passeriformes,turdidae,PCR/Sequencing,host_presence_only,low,TRUE,candidate_only,,,,,,,,FALSE,FALSE,FALSE,,,,,,,,,,,FALSE
Influenza (H5N1 avian influenza),Catharus guttatus,9185,host,FALSE,TRUE,TRUE,TRUE,both,Alphainfluenzavirus influenzae (H5N1),aves,passeriformes,turdidae,PCR/Sequencing,host_presence_only,low,TRUE,candidate_only,,,,,,,,FALSE,FALSE,FALSE,,,,,,,,,,,FALSE
Influenza (H5N1 avian influenza),Catharus ustulatus,91951,host,FALSE,TRUE,TRUE,TRUE,both,Alphainfluenzavirus influenzae (H5N1),aves,passeriformes,turdidae,PCR/Sequencing,host_presence_only,low,TRUE,candidate_only,,,,,,,,FALSE,FALSE,FALSE,,,,,,,,,,,FALSE
Influenza (H5N1 avian influenza),Cephalorhynchus eutropia,27608,host,FALSE,TRUE,TRUE,TRUE,both,Alphainfluenzavirus influenzae (H5N1),mammalia,artiodactyla,delphinidae,PCR/Sequencing,host_presence_only,low,TRUE,candidate_only,,,,,,,,FALSE,FALSE,FALSE,,,,,,,,,,,FALSE
Influenza (H5N1 avian influenza),Cercopithecus ascanius,36223,host,FALSE,TRUE,TRUE,TRUE,both,Alphainfluenzavirus influenzae (H5N1),mammalia,primates,cercopithecidae,Antibodies,host_presence_only,low,TRUE,candidate_only,,,,,,,,FALSE,FALSE,FALSE,,,,,,,,,,,FALSE
Influenza (H5N1 avian influenza),Cercopithecus mitis kandti,1137481,host,FALSE,TRUE,TRUE,TRUE,both,Alphainfluenzavirus influenzae (H5N1),,,,PCR/Sequencing,host_presence_only,low,TRUE,candidate_only,,,,,,,,FALSE,FALSE,FALSE,,,,,,,,,,,FALSE
Influenza (H5N1 avian influenza),Cereopsis novaehollandiae,8858,host,FALSE,TRUE,TRUE,TRUE,both,Alphainfluenzavirus influenzae (H5N1),aves,anseriformes,anatidae,PCR/Sequencing,host_presence_only,low,TRUE,candidate_only,,,,,,,,FALSE,FALSE,FALSE,,,,,,,,,,,FALSE
Influenza (H5N1 avian influenza),Chenonetta jubata,45644,host,FALSE,TRUE,TRUE,TRUE,both,Alphainfluenzavirus influenzae (H5N1),aves,anseriformes,anatidae,PCR/Sequencing,host_presence_only,low,TRUE,candidate_only,,,,,,,,FALSE,FALSE,FALSE,,,,,,,,,,,FALSE
Influenza (H5N1 avian influenza),Chlamydotis undulata,172680,host,FALSE,TRUE,TRUE,TRUE,both,Alphainfluenzavirus influenzae (H5N1),aves,otidiformes,otididae,PCR/Sequencing,host_presence_only,low,TRUE,candidate_only,,,,,,,,FALSE,FALSE,FALSE,,,,,,,,,,,FALSE
Influenza (H5N1 avian influenza),Chlidonias hybrida,297805,host,FALSE,TRUE,TRUE,TRUE,both,Alphainfluenzavirus influenzae (H5N1),aves,charadriiformes,laridae,PCR/Sequencing,host_presence_only,low,TRUE,candidate_only,,,,,,,,FALSE,FALSE,FALSE,,,,,,,,,,,FALSE
Influenza (H5N1 avian influenza),Chlidonias leucopterus,297806,host,FALSE,TRUE,TRUE,TRUE,both,Alphainfluenzavirus influenzae (H5N1),aves,charadriiformes,laridae,PCR/Sequencing,host_presence_only,low,TRUE,candidate_only,,,,,,,,FALSE,FALSE,FALSE,,,,,,,,,,,FALSE
Influenza (H5N1 avian influenza),Chloephaga picta,8861,host,FALSE,TRUE,TRUE,TRUE,both,Alphainfluenzavirus influenzae (H5N1),aves,anseriformes,anatidae,PCR/Sequencing,host_presence_only,low,TRUE,candidate_only,,,,,,,,FALSE,FALSE,FALSE,,,,,,,,,,,FALSE
Influenza (H5N1 avian influenza),Chloris chloris,37601,host,FALSE,TRUE,TRUE,TRUE,both,Alphainfluenzavirus influenzae (H5N1),aves,passeriformes,fringillidae,PCR/Sequencing,host_presence_only,low,TRUE,candidate_only,,,,,,,,FALSE,FALSE,FALSE,,,,,,,,,,,FALSE
Influenza (H5N1 avian influenza),Chroicocephalus brunnicephalus,2772041,host,FALSE,TRUE,TRUE,TRUE,both,Alphainfluenzavirus influenzae (H5N1),,,,PCR/Sequencing,host_presence_only,low,TRUE,candidate_only,,,,,,,,FALSE,FALSE,FALSE,,,,,,,,,,,FALSE
Influenza (H5N1 avian influenza),Chroicocephalus cirrocephalus,1192863,host,FALSE,TRUE,TRUE,TRUE,both,Alphainfluenzavirus influenzae (H5N1),,,,PCR/Sequencing,host_presence_only,low,TRUE,candidate_only,,,,,,,,FALSE,FALSE,FALSE,,,,,,,,,,,FALSE
Influenza (H5N1 avian influenza),Chroicocephalus genei,1569666,host,FALSE,TRUE,TRUE,TRUE,both,Alphainfluenzavirus influenzae (H5N1),,,,PCR/Sequencing,host_presence_only,low,TRUE,candidate_only,,,,,,,,FALSE,FALSE,FALSE,,,,,,,,,,,FALSE
Influenza (H5N1 avian influenza),Chroicocephalus maculipennis,287016,host,FALSE,TRUE,TRUE,TRUE,both,Alphainfluenzavirus influenzae (H5N1),,,,PCR/Sequencing,host_presence_only,low,TRUE,candidate_only,,,,,,,,FALSE,FALSE,FALSE,,,,,,,,,,,FALSE
Influenza (H5N1 avian influenza),Chroicocephalus novaehollandiae,2547444,host,FALSE,TRUE,TRUE,TRUE,both,Alphainfluenzavirus influenzae (H5N1),,,,PCR/Sequencing,host_presence_only,low,TRUE,candidate_only,,,,,,,,FALSE,FALSE,FALSE,,,,,,,,,,,FALSE
Influenza (H5N1 avian influenza),Chroicocephalus philadelphia,3149563,host,FALSE,TRUE,TRUE,TRUE,both,Alphainfluenzavirus influenzae (H5N1),,,,PCR/Sequencing,host_presence_only,low,TRUE,candidate_only,,,,,,,,FALSE,FALSE,FALSE,,,,,,,,,,,FALSE
Influenza (H5N1 avian influenza),Chroicocephalus ridibundus,1192867,host,FALSE,TRUE,TRUE,TRUE,both,Alphainfluenzavirus influenzae (H5N1),,,,Isolation/Observation; PCR/Sequencing,host_presence_only,low,TRUE,candidate_only,,,,,,,,FALSE,FALSE,FALSE,,,,,,,,,,,FALSE
Influenza (H5N1 avian influenza),Chrotogale owstoni,94184,host,FALSE,TRUE,TRUE,TRUE,both,Alphainfluenzavirus influenzae (H5N1),mammalia,carnivora,viverridae,Isolation/Observation,host_presence_only,low,TRUE,candidate_only,,,,,,,,FALSE,FALSE,FALSE,,,,,,,,,,,FALSE
Influenza (H5N1 avian influenza),Chrysolophus pictus,9089,host,FALSE,TRUE,TRUE,TRUE,both,Alphainfluenzavirus influenzae (H5N1),aves,galliformes,phasianidae,PCR/Sequencing,host_presence_only,low,TRUE,candidate_only,,,,,,,,FALSE,FALSE,FALSE,,,,,,,,,,,FALSE
Influenza (H5N1 avian influenza),Ciconia ciconia,8928,host,FALSE,TRUE,TRUE,TRUE,both,Alphainfluenzavirus influenzae (H5N1),aves,ciconiiformes,ciconiidae,PCR/Sequencing,host_presence_only,low,TRUE,candidate_only,,,,,,,,FALSE,FALSE,FALSE,,,,,,,,,,,FALSE
Influenza (H5N1 avian influenza),Circus aeruginosus,8964,host,FALSE,TRUE,TRUE,TRUE,both,Alphainfluenzavirus influenzae (H5N1),aves,accipitriformes,accipitridae,PCR/Sequencing,host_presence_only,low,TRUE,candidate_only,,,,,,,,FALSE,FALSE,FALSE,,,,,,,,,,,FALSE
Influenza (H5N1 avian influenza),Circus hudsonius,2709557,host,FALSE,TRUE,TRUE,TRUE,both,Alphainfluenzavirus influenzae (H5N1),aves,accipitriformes,accipitridae,PCR/Sequencing,host_presence_only,low,TRUE,candidate_only,,,,,,,,FALSE,FALSE,FALSE,,,,,,,,,,,FALSE
Influenza (H5N1 avian influenza),Clangula hyemalis,197941,host,FALSE,TRUE,TRUE,TRUE,both,Alphainfluenzavirus influenzae (H5N1),aves,anseriformes,anatidae,PCR/Sequencing,host_presence_only,low,TRUE,candidate_only,,,,,,,,FALSE,FALSE,FALSE,,,,,,,,,,,FALSE
Influenza (H5N1 avian influenza),Coccycua minuta,1118526,host,FALSE,TRUE,TRUE,TRUE,both,Alphainfluenzavirus influenzae (H5N1),aves,cuculiformes,cuculidae,PCR/Sequencing,host_presence_only,low,TRUE,candidate_only,,,,,,,,FALSE,FALSE,FALSE,,,,,,,,,,,FALSE
Influenza (H5N1 avian influenza),Coloeus monedula,30423,host,FALSE,TRUE,TRUE,TRUE,both,Alphainfluenzavirus influenzae (H5N1),,,,PCR/Sequencing,host_presence_only,low,TRUE,candidate_only,,,,,,,,FALSE,FALSE,FALSE,,,,,,,,,,,FALSE
Influenza (H5N1 avian influenza),Columba,8933,host,FALSE,TRUE,TRUE,TRUE,both,Alphainfluenzavirus influenzae (H5N1),,,,PCR/Sequencing,host_presence_only,low,TRUE,candidate_only,,,,,,,,FALSE,FALSE,FALSE,,,,,,,,,,,FALSE
Influenza (H5N1 avian influenza),Columba guinea,135627,host,FALSE,TRUE,TRUE,TRUE,both,Alphainfluenzavirus influenzae (H5N1),aves,columbiformes,columbidae,PCR/Sequencing,host_presence_only,low,TRUE,candidate_only,,,,,,,,FALSE,FALSE,FALSE,,,,,,,,,,,FALSE
Influenza (H5N1 avian influenza),Columba livia,8932,host,FALSE,TRUE,TRUE,TRUE,both,Alphainfluenzavirus influenzae (H5N1),aves,columbiformes,columbidae,Isolation/Observation; Not specified; PCR/Sequencing,host_presence_only,low,TRUE,candidate_only,,,,,,,,FALSE,FALSE,FALSE,,,,,,,,,,,FALSE
Influenza (H5N1 avian influenza),Contopus sordidulus,183522,host,FALSE,TRUE,TRUE,TRUE,both,Alphainfluenzavirus influenzae (H5N1),aves,passeriformes,tyrannidae,PCR/Sequencing,host_presence_only,low,TRUE,candidate_only,,,,,,,,FALSE,FALSE,FALSE,,,,,,,,,,,FALSE
Influenza (H5N1 avian influenza),Copsychus saularis,343929,host,FALSE,TRUE,TRUE,TRUE,both,Alphainfluenzavirus influenzae (H5N1),aves,passeriformes,muscicapidae,PCR/Sequencing,host_presence_only,low,TRUE,candidate_only,,,,,,,,FALSE,FALSE,FALSE,,,,,,,,,,,FALSE
Influenza (H5N1 avian influenza),Coragyps atratus,33614,host,FALSE,TRUE,TRUE,TRUE,both,Alphainfluenzavirus influenzae (H5N1),aves,cathartiformes,cathartidae,PCR/Sequencing,host_presence_only,low,TRUE,candidate_only,,,,,,,,FALSE,FALSE,FALSE,,,,,,,,,,,FALSE
Influenza (H5N1 avian influenza),Corvus brachyrhynchos,85066,host,FALSE,TRUE,TRUE,TRUE,both,Alphainfluenzavirus influenzae (H5N1),aves,passeriformes,corvidae,PCR/Sequencing,host_presence_only,low,TRUE,candidate_only,,,,,,,,FALSE,FALSE,FALSE,,,,,,,,,,,FALSE
Influenza (H5N1 avian influenza),Corvus caurinus,279967,host,FALSE,TRUE,TRUE,TRUE,both,Alphainfluenzavirus influenzae (H5N1),aves,passeriformes,corvidae,PCR/Sequencing,host_presence_only,low,TRUE,candidate_only,,,,,,,,FALSE,FALSE,FALSE,,,,,,,,,,,FALSE
Influenza (H5N1 avian influenza),Corvus corax,56781,host,FALSE,TRUE,TRUE,TRUE,both,Alphainfluenzavirus influenzae (H5N1),aves,passeriformes,corvidae,PCR/Sequencing,host_presence_only,low,TRUE,candidate_only,,,,,,,,FALSE,FALSE,FALSE,,,,,,,,,,,FALSE
Influenza (H5N1 avian influenza),Corvus frugilegus,75140,host,FALSE,TRUE,TRUE,TRUE,both,Alphainfluenzavirus influenzae (H5N1),aves,passeriformes,corvidae,PCR/Sequencing,host_presence_only,low,TRUE,candidate_only,,,,,,,,FALSE,FALSE,FALSE,,,,,,,,,,,FALSE
Influenza (H5N1 avian influenza),Corvus macrorhynchos,36249,host,FALSE,TRUE,TRUE,TRUE,both,Alphainfluenzavirus influenzae (H5N1),aves,passeriformes,corvidae,PCR/Sequencing,host_presence_only,low,TRUE,candidate_only,,,,,,,,FALSE,FALSE,FALSE,,,,,,,,,,,FALSE
Influenza (H5N1 avian influenza),Corvus ossifragus,349685,host,FALSE,TRUE,TRUE,TRUE,both,Alphainfluenzavirus influenzae (H5N1),aves,passeriformes,corvidae,PCR/Sequencing,host_presence_only,low,TRUE,candidate_only,,,,,,,,FALSE,FALSE,FALSE,,,,,,,,,,,FALSE
Influenza (H5N1 avian influenza),Corvus splendens,701737,host,FALSE,TRUE,TRUE,TRUE,both,Alphainfluenzavirus influenzae (H5N1),aves,passeriformes,corvidae,PCR/Sequencing,host_presence_only,low,TRUE,candidate_only,,,,,,,,FALSE,FALSE,FALSE,,,,,,,,,,,FALSE
Influenza (H5N1 avian influenza),Coscoroba coscoroba,8863,host,FALSE,TRUE,TRUE,TRUE,both,Alphainfluenzavirus influenzae (H5N1),aves,anseriformes,anatidae,PCR/Sequencing,host_presence_only,low,TRUE,candidate_only,,,,,,,,FALSE,FALSE,FALSE,,,,,,,,,,,FALSE
Influenza (H5N1 avian influenza),Coturnix coturnix,9091,host,FALSE,TRUE,TRUE,TRUE,both,Alphainfluenzavirus influenzae (H5N1),aves,galliformes,phasianidae,Isolation/Observation; PCR/Sequencing,host_presence_only,low,TRUE,candidate_only,,,,,,,,FALSE,FALSE,FALSE,,,,,,,,,,,FALSE
Influenza (H5N1 avian influenza),Coturnix japonica,93934,host,FALSE,TRUE,TRUE,TRUE,both,Alphainfluenzavirus influenzae (H5N1),aves,galliformes,phasianidae,PCR/Sequencing,host_presence_only,low,TRUE,candidate_only,,,,,,,,FALSE,FALSE,FALSE,,,,,,,,,,,FALSE
Influenza (H5N1 avian influenza),Crocodylus niloticus,8501,host,FALSE,TRUE,TRUE,TRUE,both,Alphainfluenzavirus influenzae (H5N1),reptilia,crocodylia,crocodylidae,PCR/Sequencing,host_presence_only,low,TRUE,candidate_only,,,,,,,,FALSE,FALSE,FALSE,,,,,,,,,,,FALSE
Influenza (H5N1 avian influenza),Cyanocitta cristata,28727,host,FALSE,TRUE,TRUE,TRUE,both,Alphainfluenzavirus influenzae (H5N1),aves,passeriformes,corvidae,PCR/Sequencing,host_presence_only,low,TRUE,candidate_only,,,,,,,,FALSE,FALSE,FALSE,,,,,,,,,,,FALSE
Influenza (H5N1 avian influenza),Cygnus atratus,8868,host,FALSE,TRUE,TRUE,TRUE,both,Alphainfluenzavirus influenzae (H5N1),aves,anseriformes,anatidae,PCR/Sequencing,host_presence_only,low,TRUE,candidate_only,,,,,,,,FALSE,FALSE,FALSE,,,,,,,,,,,FALSE
Influenza (H5N1 avian influenza),Cygnus buccinator,48397,host,FALSE,TRUE,TRUE,TRUE,both,Alphainfluenzavirus influenzae (H5N1),aves,anseriformes,anatidae,PCR/Sequencing,host_presence_only,low,TRUE,candidate_only,,,,,,,,FALSE,FALSE,FALSE,,,,,,,,,,,FALSE
Influenza (H5N1 avian influenza),Cygnus columbianus,110926,host,FALSE,TRUE,TRUE,TRUE,both,Alphainfluenzavirus influenzae (H5N1),aves,anseriformes,anatidae,Antibodies; PCR/Sequencing,host_presence_only,low,TRUE,candidate_only,,,,,,,,FALSE,FALSE,FALSE,,,,,,,,,,,FALSE
Influenza (H5N1 avian influenza),Cygnus columbianus,1450144,host,FALSE,TRUE,TRUE,TRUE,both,Alphainfluenzavirus influenzae (H5N1),aves,anseriformes,anatidae,PCR/Sequencing,host_presence_only,low,TRUE,candidate_only,,,,,,,,FALSE,FALSE,FALSE,,,,,,,,,,,FALSE
Influenza (H5N1 avian influenza),Cygnus columbianus bewickii,541010,host,FALSE,TRUE,TRUE,TRUE,both,Alphainfluenzavirus influenzae (H5N1),,,,PCR/Sequencing,host_presence_only,low,TRUE,candidate_only,,,,,,,,FALSE,FALSE,FALSE,,,,,,,,,,,FALSE
Influenza (H5N1 avian influenza),Cygnus cygnus,219595,host,FALSE,TRUE,TRUE,TRUE,both,Alphainfluenzavirus influenzae (H5N1),aves,anseriformes,anatidae,Isolation/Observation; PCR/Sequencing,host_presence_only,low,TRUE,candidate_only,,,,,,,,FALSE,FALSE,FALSE,,,,,,,,,,,FALSE
Influenza (H5N1 avian influenza),Cygnus melancoryphus,41691,host,FALSE,TRUE,TRUE,TRUE,both,Alphainfluenzavirus influenzae (H5N1),aves,anseriformes,anatidae,PCR/Sequencing,host_presence_only,low,TRUE,candidate_only,,,,,,,,FALSE,FALSE,FALSE,,,,,,,,,,,FALSE
Influenza (H5N1 avian influenza),Cygnus olor,8869,host,FALSE,TRUE,TRUE,TRUE,both,Alphainfluenzavirus influenzae (H5N1),aves,anseriformes,anatidae,Isolation/Observation; PCR/Sequencing,host_presence_only,low,TRUE,candidate_only,,,,,,,,FALSE,FALSE,FALSE,,,,,,,,,,,FALSE
Influenza (H5N1 avian influenza),Cypseloides niger,46500,host,FALSE,TRUE,TRUE,TRUE,both,Alphainfluenzavirus influenzae (H5N1),aves,caprimulgiformes,apodidae,PCR/Sequencing,host_presence_only,low,TRUE,candidate_only,,,,,,,,FALSE,FALSE,FALSE,,,,,,,,,,,FALSE
Influenza (H5N1 avian influenza),Delphinus delphis,9728,host,FALSE,TRUE,TRUE,TRUE,both,Alphainfluenzavirus influenzae (H5N1),mammalia,artiodactyla,delphinidae,PCR/Sequencing,host_presence_only,low,TRUE,candidate_only,,,,,,,,FALSE,FALSE,FALSE,,,,,,,,,,,FALSE
Influenza (H5N1 avian influenza),Dendrocygna autumnalis,8873,host,FALSE,TRUE,TRUE,TRUE,both,Alphainfluenzavirus influenzae (H5N1),aves,anseriformes,anatidae,PCR/Sequencing,host_presence_only,low,TRUE,candidate_only,,,,,,,,FALSE,FALSE,FALSE,,,,,,,,,,,FALSE
Influenza (H5N1 avian influenza),Dendrocygna eytoni,8875,host,FALSE,TRUE,TRUE,TRUE,both,Alphainfluenzavirus influenzae (H5N1),aves,anseriformes,anatidae,PCR/Sequencing,host_presence_only,low,TRUE,candidate_only,,,,,,,,FALSE,FALSE,FALSE,,,,,,,,,,,FALSE
Influenza (H5N1 avian influenza),Dendrocygna javanica,60182,host,FALSE,TRUE,TRUE,TRUE,both,Alphainfluenzavirus influenzae (H5N1),aves,anseriformes,anatidae,PCR/Sequencing,host_presence_only,low,TRUE,candidate_only,,,,,,,,FALSE,FALSE,FALSE,,,,,,,,,,,FALSE
Influenza (H5N1 avian influenza),Dendrocygna viduata,8876,host,FALSE,TRUE,TRUE,TRUE,both,Alphainfluenzavirus influenzae (H5N1),aves,anseriformes,anatidae,PCR/Sequencing,host_presence_only,low,TRUE,candidate_only,,,,,,,,FALSE,FALSE,FALSE,,,,,,,,,,,FALSE
Influenza (H5N1 avian influenza),Didelphis virginiana,9267,host,FALSE,TRUE,TRUE,TRUE,both,Alphainfluenzavirus influenzae (H5N1),mammalia,didelphimorphia,didelphidae,PCR/Sequencing,host_presence_only,low,TRUE,candidate_only,,,,,,,,FALSE,FALSE,FALSE,,,,,,,,,,,FALSE
Influenza (H5N1 avian influenza),Dromaius novaehollandiae,8790,host,FALSE,TRUE,TRUE,TRUE,both,Alphainfluenzavirus influenzae (H5N1),aves,struthioniformes,casuariidae,PCR/Sequencing,host_presence_only,low,TRUE,candidate_only,,,,,,,,FALSE,FALSE,FALSE,,,,,,,,,,,FALSE
Influenza (H5N1 avian influenza),Drymotoxeres pucheranii,761979,host,FALSE,TRUE,TRUE,TRUE,both,Alphainfluenzavirus influenzae (H5N1),aves,passeriformes,furnariidae,PCR/Sequencing,host_presence_only,low,TRUE,candidate_only,,,,,,,,FALSE,FALSE,FALSE,,,,,,,,,,,FALSE
Influenza (H5N1 avian influenza),Egretta garzetta,188379,host,FALSE,TRUE,TRUE,TRUE,both,Alphainfluenzavirus influenzae (H5N1),aves,pelecaniformes,ardeidae,PCR/Sequencing,host_presence_only,low,TRUE,candidate_only,,,,,,,,FALSE,FALSE,FALSE,,,,,,,,,,,FALSE
Influenza (H5N1 avian influenza),Egretta thula,110681,host,FALSE,TRUE,TRUE,TRUE,both,Alphainfluenzavirus influenzae (H5N1),aves,pelecaniformes,ardeidae,PCR/Sequencing,host_presence_only,low,TRUE,candidate_only,,,,,,,,FALSE,FALSE,FALSE,,,,,,,,,,,FALSE
Influenza (H5N1 avian influenza),Eidolon helvum,77214,host,FALSE,TRUE,TRUE,TRUE,both,Alphainfluenzavirus influenzae (H5N1),mammalia,chiroptera,pteropodidae,PCR/Sequencing,host_presence_only,low,TRUE,candidate_only,,,,,,,,FALSE,FALSE,FALSE,,,,,,,,,,,FALSE
Influenza (H5N1 avian influenza),Emberiza spodocephala,125294,host,FALSE,TRUE,TRUE,TRUE,both,Alphainfluenzavirus influenzae (H5N1),aves,passeriformes,emberizidae,PCR/Sequencing,host_presence_only,low,TRUE,candidate_only,,,,,,,,FALSE,FALSE,FALSE,,,,,,,,,,,FALSE
Influenza (H5N1 avian influenza),Empidonax alnorum,209618,host,FALSE,TRUE,TRUE,TRUE,both,Alphainfluenzavirus influenzae (H5N1),aves,passeriformes,tyrannidae,PCR/Sequencing,host_presence_only,low,TRUE,candidate_only,,,,,,,,FALSE,FALSE,FALSE,,,,,,,,,,,FALSE
Influenza (H5N1 avian influenza),Empidonax difficilis,183525,host,FALSE,TRUE,TRUE,TRUE,both,Alphainfluenzavirus influenzae (H5N1),aves,passeriformes,tyrannidae,PCR/Sequencing,host_presence_only,low,TRUE,candidate_only,,,,,,,,FALSE,FALSE,FALSE,,,,,,,,,,,FALSE
Influenza (H5N1 avian influenza),Enicognathus leptorhynchus,345190,host,FALSE,TRUE,TRUE,TRUE,both,Alphainfluenzavirus influenzae (H5N1),aves,psittaciformes,psittacidae,PCR/Sequencing,host_presence_only,low,TRUE,candidate_only,,,,,,,,FALSE,FALSE,FALSE,,,,,,,,,,,FALSE
Influenza (H5N1 avian influenza),Equus,46122,host,FALSE,TRUE,TRUE,TRUE,both,Alphainfluenzavirus influenzae (H5N1),,,,PCR/Sequencing,host_presence_only,low,TRUE,candidate_only,,,,,,,,FALSE,FALSE,FALSE,,,,,,,,,,,FALSE
Influenza (H5N1 avian influenza),Equus asinus,9793,host,FALSE,TRUE,TRUE,TRUE,both,Alphainfluenzavirus influenzae (H5N1),mammalia,perissodactyla,equidae,PCR/Sequencing,host_presence_only,low,TRUE,candidate_only,,,,,,,,FALSE,FALSE,FALSE,,,,,,,,,,,FALSE
Influenza (H5N1 avian influenza),Equus caballus,9796,host,FALSE,TRUE,TRUE,TRUE,both,Alphainfluenzavirus influenzae (H5N1),mammalia,perissodactyla,equidae,Isolation/Observation; PCR/Sequencing,host_presence_only,low,TRUE,candidate_only,,,,,,,,FALSE,FALSE,FALSE,,,,,,,,,,,FALSE
Influenza (H5N1 avian influenza),Equus ferus,1114792,host,FALSE,TRUE,TRUE,TRUE,both,Alphainfluenzavirus influenzae (H5N1),mammalia,perissodactyla,equidae,PCR/Sequencing,host_presence_only,low,TRUE,candidate_only,,,,,,,,FALSE,FALSE,FALSE,,,,,,,,,,,FALSE
Influenza (H5N1 avian influenza),Equus przewalskii,9798,host,FALSE,TRUE,TRUE,TRUE,both,Alphainfluenzavirus influenzae (H5N1),,,,PCR/Sequencing,host_presence_only,low,TRUE,candidate_only,,,,,,,,FALSE,FALSE,FALSE,,,,,,,,,,,FALSE
Influenza (H5N1 avian influenza),Eupodotis senegalensis,89385,host,FALSE,TRUE,TRUE,TRUE,both,Alphainfluenzavirus influenzae (H5N1),aves,otidiformes,otididae,PCR/Sequencing,host_presence_only,low,TRUE,candidate_only,,,,,,,,FALSE,FALSE,FALSE,,,,,,,,,,,FALSE
Influenza (H5N1 avian influenza),Falco cherrug,345164,host,FALSE,TRUE,TRUE,TRUE,both,Alphainfluenzavirus influenzae (H5N1),aves,falconiformes,falconidae,Isolation/Observation; PCR/Sequencing,host_presence_only,low,TRUE,candidate_only,,,,,,,,FALSE,FALSE,FALSE,,,,,,,,,,,FALSE
Influenza (H5N1 avian influenza),Falco naumanni,148594,host,FALSE,TRUE,TRUE,TRUE,both,Alphainfluenzavirus influenzae (H5N1),aves,falconiformes,falconidae,PCR/Sequencing,host_presence_only,low,TRUE,candidate_only,,,,,,,,FALSE,FALSE,FALSE,,,,,,,,,,,FALSE
Influenza (H5N1 avian influenza),Falco peregrinus,8954,host,FALSE,TRUE,TRUE,TRUE,both,Alphainfluenzavirus influenzae (H5N1),aves,falconiformes,falconidae,PCR/Sequencing,host_presence_only,low,TRUE,candidate_only,,,,,,,,FALSE,FALSE,FALSE,,,,,,,,,,,FALSE
Influenza (H5N1 avian influenza),Falco rusticolus,120794,host,FALSE,TRUE,TRUE,TRUE,both,Alphainfluenzavirus influenzae (H5N1),aves,falconiformes,falconidae,PCR/Sequencing,host_presence_only,low,TRUE,candidate_only,,,,,,,,FALSE,FALSE,FALSE,,,,,,,,,,,FALSE
Influenza (H5N1 avian influenza),Falco sparverius,56350,host,FALSE,TRUE,TRUE,TRUE,both,Alphainfluenzavirus influenzae (H5N1),aves,falconiformes,falconidae,PCR/Sequencing,host_presence_only,low,TRUE,candidate_only,,,,,,,,FALSE,FALSE,FALSE,,,,,,,,,,,FALSE
Influenza (H5N1 avian influenza),Falco tinnunculus,100819,host,FALSE,TRUE,TRUE,TRUE,both,Alphainfluenzavirus influenzae (H5N1),aves,falconiformes,falconidae,PCR/Sequencing,host_presence_only,low,TRUE,candidate_only,,,,,,,,FALSE,FALSE,FALSE,,,,,,,,,,,FALSE
Influenza (H5N1 avian influenza),Felis catus,9685,host,FALSE,TRUE,TRUE,TRUE,both,Alphainfluenzavirus influenzae (H5N1),mammalia,carnivora,felidae,Isolation/Observation; PCR/Sequencing,susceptible_host_only,medium,TRUE,draft_source_backed,,,,,,,,FALSE,FALSE,FALSE,,,,,,,,,,,FALSE
Influenza (H5N1 avian influenza),Francolinus pintadeanus,472989,host,FALSE,TRUE,TRUE,TRUE,both,Alphainfluenzavirus influenzae (H5N1),aves,galliformes,phasianidae,PCR/Sequencing,host_presence_only,low,TRUE,candidate_only,,,,,,,,FALSE,FALSE,FALSE,,,,,,,,,,,FALSE
Influenza (H5N1 avian influenza),Fratercula arctica,28701,host,FALSE,TRUE,TRUE,TRUE,both,Alphainfluenzavirus influenzae (H5N1),aves,charadriiformes,alcidae,PCR/Sequencing,host_presence_only,low,TRUE,candidate_only,,,,,,,,FALSE,FALSE,FALSE,,,,,,,,,,,FALSE
Influenza (H5N1 avian influenza),Fratercula corniculata,28702,host,FALSE,TRUE,TRUE,TRUE,both,Alphainfluenzavirus influenzae (H5N1),aves,charadriiformes,alcidae,PCR/Sequencing,host_presence_only,low,TRUE,candidate_only,,,,,,,,FALSE,FALSE,FALSE,,,,,,,,,,,FALSE
Influenza (H5N1 avian influenza),Fregata magnificens,37042,host,FALSE,TRUE,TRUE,TRUE,both,Alphainfluenzavirus influenzae (H5N1),aves,suliformes,fregatidae,PCR/Sequencing,host_presence_only,low,TRUE,candidate_only,,,,,,,,FALSE,FALSE,FALSE,,,,,,,,,,,FALSE
Influenza (H5N1 avian influenza),Fringilla montifringilla,36255,host,FALSE,TRUE,TRUE,TRUE,both,Alphainfluenzavirus influenzae (H5N1),aves,passeriformes,fringillidae,PCR/Sequencing,host_presence_only,low,TRUE,candidate_only,,,,,,,,FALSE,FALSE,FALSE,,,,,,,,,,,FALSE
Influenza (H5N1 avian influenza),Fulica americana,81903,host,FALSE,TRUE,TRUE,TRUE,both,Alphainfluenzavirus influenzae (H5N1),aves,gruiformes,rallidae,PCR/Sequencing,host_presence_only,low,TRUE,candidate_only,,,,,,,,FALSE,FALSE,FALSE,,,,,,,,,,,FALSE
Influenza (H5N1 avian influenza),Fulica armillata,555254,host,FALSE,TRUE,TRUE,TRUE,both,Alphainfluenzavirus influenzae (H5N1),aves,gruiformes,rallidae,PCR/Sequencing,host_presence_only,low,TRUE,candidate_only,,,,,,,,FALSE,FALSE,FALSE,,,,,,,,,,,FALSE
Influenza (H5N1 avian influenza),Fulica atra,9121,host,FALSE,TRUE,TRUE,TRUE,both,Alphainfluenzavirus influenzae (H5N1),aves,gruiformes,rallidae,Antibodies; PCR/Sequencing,host_presence_only,low,TRUE,candidate_only,,,,,,,,FALSE,FALSE,FALSE,,,,,,,,,,,FALSE
Influenza (H5N1 avian influenza),Fulica rufifrons,555257,host,FALSE,TRUE,TRUE,TRUE,both,Alphainfluenzavirus influenzae (H5N1),aves,gruiformes,rallidae,PCR/Sequencing,host_presence_only,low,TRUE,candidate_only,,,,,,,,FALSE,FALSE,FALSE,,,,,,,,,,,FALSE
Influenza (H5N1 avian influenza),Fulmarus glacialis,30455,host,FALSE,TRUE,TRUE,TRUE,both,Alphainfluenzavirus influenzae (H5N1),aves,procellariiformes,procellariidae,PCR/Sequencing,host_presence_only,low,TRUE,candidate_only,,,,,,,,FALSE,FALSE,FALSE,,,,,,,,,,,FALSE
Influenza (H5N1 avian influenza),Gallicrex cinerea,261967,host,FALSE,TRUE,TRUE,TRUE,both,Alphainfluenzavirus influenzae (H5N1),aves,gruiformes,rallidae,PCR/Sequencing,host_presence_only,low,TRUE,candidate_only,,,,,,,,FALSE,FALSE,FALSE,,,,,,,,,,,FALSE
Influenza (H5N1 avian influenza),Gallinago gallinago,107377,host,FALSE,TRUE,TRUE,TRUE,both,Alphainfluenzavirus influenzae (H5N1),aves,charadriiformes,scolopacidae,PCR/Sequencing,host_presence_only,low,TRUE,candidate_only,,,,,,,,FALSE,FALSE,FALSE,,,,,,,,,,,FALSE
Influenza (H5N1 avian influenza),Gallinula chloropus,9123,host,FALSE,TRUE,TRUE,TRUE,both,Alphainfluenzavirus influenzae (H5N1),aves,gruiformes,rallidae,PCR/Sequencing,host_presence_only,low,TRUE,candidate_only,,,,,,,,FALSE,FALSE,FALSE,,,,,,,,,,,FALSE
Influenza (H5N1 avian influenza),Gallus gallus,9031,host,FALSE,TRUE,TRUE,TRUE,both,Alphainfluenzavirus influenzae (H5N1),aves,galliformes,phasianidae,Isolation/Observation; Not specified; PCR/Sequencing,amplifying_host,medium,TRUE,draft_needs_review,,,,,,,,FALSE,FALSE,FALSE,,,,,,,,,,,FALSE
Influenza (H5N1 avian influenza),Garrulax canorus,238855,host,FALSE,TRUE,TRUE,TRUE,both,Alphainfluenzavirus influenzae (H5N1),aves,passeriformes,leiotrichidae,PCR/Sequencing,host_presence_only,low,TRUE,candidate_only,,,,,,,,FALSE,FALSE,FALSE,,,,,,,,,,,FALSE
Influenza (H5N1 avian influenza),Gavia immer,37039,host,FALSE,TRUE,TRUE,TRUE,both,Alphainfluenzavirus influenzae (H5N1),aves,gaviiformes,gaviidae,PCR/Sequencing,host_presence_only,low,TRUE,candidate_only,,,,,,,,FALSE,FALSE,FALSE,,,,,,,,,,,FALSE
Influenza (H5N1 avian influenza),Geopelia placida,471127,host,FALSE,TRUE,TRUE,TRUE,both,Alphainfluenzavirus influenzae (H5N1),aves,columbiformes,columbidae,PCR/Sequencing,host_presence_only,low,TRUE,candidate_only,,,,,,,,FALSE,FALSE,FALSE,,,,,,,,,,,FALSE
Influenza (H5N1 avian influenza),Geothlypis tolmiei,142474,host,FALSE,TRUE,TRUE,TRUE,both,Alphainfluenzavirus influenzae (H5N1),aves,passeriformes,parulidae,PCR/Sequencing,host_presence_only,low,TRUE,candidate_only,,,,,,,,FALSE,FALSE,FALSE,,,,,,,,,,,FALSE
Influenza (H5N1 avian influenza),Globicephala melas,9731,host,FALSE,TRUE,TRUE,TRUE,both,Alphainfluenzavirus influenzae (H5N1),mammalia,artiodactyla,delphinidae,Isolation/Observation; PCR/Sequencing,host_presence_only,low,TRUE,candidate_only,,,,,,,,FALSE,FALSE,FALSE,,,,,,,,,,,FALSE
Influenza (H5N1 avian influenza),Gracula religiosa,116992,host,FALSE,TRUE,TRUE,TRUE,both,Alphainfluenzavirus influenzae (H5N1),aves,passeriformes,sturnidae,PCR/Sequencing,host_presence_only,low,TRUE,candidate_only,,,,,,,,FALSE,FALSE,FALSE,,,,,,,,,,,FALSE
Influenza (H5N1 avian influenza),Grus japonensis,30415,host,FALSE,TRUE,TRUE,TRUE,both,Alphainfluenzavirus influenzae (H5N1),aves,gruiformes,gruidae,PCR/Sequencing,host_presence_only,low,TRUE,candidate_only,,,,,,,,FALSE,FALSE,FALSE,,,,,,,,,,,FALSE
Influenza (H5N1 avian influenza),Grus monacha,40818,host,FALSE,TRUE,TRUE,TRUE,both,Alphainfluenzavirus influenzae (H5N1),aves,gruiformes,gruidae,PCR/Sequencing,host_presence_only,low,TRUE,candidate_only,,,,,,,,FALSE,FALSE,FALSE,,,,,,,,,,,FALSE
Influenza (H5N1 avian influenza),Grus nigricollis,40817,host,FALSE,TRUE,TRUE,TRUE,both,Alphainfluenzavirus influenzae (H5N1),aves,gruiformes,gruidae,PCR/Sequencing,host_presence_only,low,TRUE,candidate_only,,,,,,,,FALSE,FALSE,FALSE,,,,,,,,,,,FALSE
Influenza (H5N1 avian influenza),Gymnogyps californianus,33616,host,FALSE,TRUE,TRUE,TRUE,both,Alphainfluenzavirus influenzae (H5N1),aves,cathartiformes,cathartidae,PCR/Sequencing,host_presence_only,low,TRUE,candidate_only,,,,,,,,FALSE,FALSE,FALSE,,,,,,,,,,,FALSE
Influenza (H5N1 avian influenza),Gyps fulvus,36247,host,FALSE,TRUE,TRUE,TRUE,both,Alphainfluenzavirus influenzae (H5N1),aves,accipitriformes,accipitridae,PCR/Sequencing,host_presence_only,low,TRUE,candidate_only,,,,,,,,FALSE,FALSE,FALSE,,,,,,,,,,,FALSE
Influenza (H5N1 avian influenza),Haematopus ater,185689,host,FALSE,TRUE,TRUE,TRUE,both,Alphainfluenzavirus influenzae (H5N1),aves,charadriiformes,haematopodidae,PCR/Sequencing,host_presence_only,low,TRUE,candidate_only,,,,,,,,FALSE,FALSE,FALSE,,,,,,,,,,,FALSE
Influenza (H5N1 avian influenza),Haematopus moquini,2587770,host,FALSE,TRUE,TRUE,TRUE,both,Alphainfluenzavirus influenzae (H5N1),aves,charadriiformes,haematopodidae,PCR/Sequencing,host_presence_only,low,TRUE,candidate_only,,,,,,,,FALSE,FALSE,FALSE,,,,,,,,,,,FALSE
Influenza (H5N1 avian influenza),Haematopus palliatus,279960,host,FALSE,TRUE,TRUE,TRUE,both,Alphainfluenzavirus influenzae (H5N1),aves,charadriiformes,haematopodidae,PCR/Sequencing,host_presence_only,low,TRUE,candidate_only,,,,,,,,FALSE,FALSE,FALSE,,,,,,,,,,,FALSE
Influenza (H5N1 avian influenza),Haliaeetus albicilla,8969,host,FALSE,TRUE,TRUE,TRUE,both,Alphainfluenzavirus influenzae (H5N1),aves,accipitriformes,accipitridae,PCR/Sequencing,host_presence_only,low,TRUE,candidate_only,,,,,,,,FALSE,FALSE,FALSE,,,,,,,,,,,FALSE
Influenza (H5N1 avian influenza),Haliaeetus leucocephalus,52644,host,FALSE,TRUE,TRUE,TRUE,both,Alphainfluenzavirus influenzae (H5N1),aves,accipitriformes,accipitridae,Isolation/Observation; PCR/Sequencing,host_presence_only,low,TRUE,candidate_only,,,,,,,,FALSE,FALSE,FALSE,,,,,,,,,,,FALSE
Influenza (H5N1 avian influenza),Haliaeetus pelagicus,52647,host,FALSE,TRUE,TRUE,TRUE,both,Alphainfluenzavirus influenzae (H5N1),aves,accipitriformes,accipitridae,PCR/Sequencing,host_presence_only,low,TRUE,candidate_only,,,,,,,,FALSE,FALSE,FALSE,,,,,,,,,,,FALSE
Influenza (H5N1 avian influenza),Halichoerus grypus,9711,host,FALSE,TRUE,TRUE,TRUE,both,Alphainfluenzavirus influenzae (H5N1),mammalia,carnivora,phocidae,PCR/Sequencing,host_presence_only,low,TRUE,candidate_only,,,,,,,,FALSE,FALSE,FALSE,,,,,,,,,,,FALSE
Influenza (H5N1 avian influenza),Heteronetta atricapilla,555264,host,FALSE,TRUE,TRUE,TRUE,both,Alphainfluenzavirus influenzae (H5N1),aves,anseriformes,anatidae,PCR/Sequencing,host_presence_only,low,TRUE,candidate_only,,,,,,,,FALSE,FALSE,FALSE,,,,,,,,,,,FALSE
Influenza (H5N1 avian influenza),Himantopus himantopus,225398,host,FALSE,TRUE,TRUE,TRUE,both,Alphainfluenzavirus influenzae (H5N1),aves,charadriiformes,recurvirostridae,PCR/Sequencing,host_presence_only,low,TRUE,candidate_only,,,,,,,,FALSE,FALSE,FALSE,,,,,,,,,,,FALSE
Influenza (H5N1 avian influenza),Himantopus himantopus,507595,host,FALSE,TRUE,TRUE,TRUE,both,Alphainfluenzavirus influenzae (H5N1),aves,charadriiformes,recurvirostridae,PCR/Sequencing,host_presence_only,low,TRUE,candidate_only,,,,,,,,FALSE,FALSE,FALSE,,,,,,,,,,,FALSE
Influenza (H5N1 avian influenza),Himantopus mexicanus,227231,host,FALSE,TRUE,TRUE,TRUE,both,Alphainfluenzavirus influenzae (H5N1),,,,PCR/Sequencing,host_presence_only,low,TRUE,candidate_only,,,,,,,,FALSE,FALSE,FALSE,,,,,,,,,,,FALSE
Influenza (H5N1 avian influenza),Hirundo rustica,43150,host,FALSE,TRUE,TRUE,TRUE,both,Alphainfluenzavirus influenzae (H5N1),aves,passeriformes,hirundinidae,PCR/Sequencing,host_presence_only,low,TRUE,candidate_only,,,,,,,,FALSE,FALSE,FALSE,,,,,,,,,,,FALSE
Influenza (H5N1 avian influenza),Histrionicus histrionicus,68165,host,FALSE,TRUE,TRUE,TRUE,both,Alphainfluenzavirus influenzae (H5N1),aves,anseriformes,anatidae,PCR/Sequencing,host_presence_only,low,TRUE,candidate_only,,,,,,,,FALSE,FALSE,FALSE,,,,,,,,,,,FALSE
Influenza (H5N1 avian influenza),Homo sapiens,9606,host,FALSE,TRUE,TRUE,TRUE,both,Alphainfluenzavirus influenzae (H5N1),,,,Isolation/Observation; Not specified; PCR/Sequencing,incidental_host,high,FALSE,draft_source_backed,,,,,,,,FALSE,FALSE,FALSE,,,,,,,,,,,FALSE
Influenza (H5N1 avian influenza),Hydroprogne caspia,425641,host,FALSE,TRUE,TRUE,TRUE,both,Alphainfluenzavirus influenzae (H5N1),aves,charadriiformes,laridae,PCR/Sequencing,host_presence_only,low,TRUE,candidate_only,,,,,,,,FALSE,FALSE,FALSE,,,,,,,,,,,FALSE
Influenza (H5N1 avian influenza),Ichthyaetus ichthyaetus,126702,host,FALSE,TRUE,TRUE,TRUE,both,Alphainfluenzavirus influenzae (H5N1),,,,PCR/Sequencing,host_presence_only,low,TRUE,candidate_only,,,,,,,,FALSE,FALSE,FALSE,,,,,,,,,,,FALSE
Influenza (H5N1 avian influenza),Ichthyaetus melanocephalus,1288290,host,FALSE,TRUE,TRUE,TRUE,both,Alphainfluenzavirus influenzae (H5N1),,,,PCR/Sequencing,host_presence_only,low,TRUE,candidate_only,,,,,,,,FALSE,FALSE,FALSE,,,,,,,,,,,FALSE
Influenza (H5N1 avian influenza),Icteria virens,135437,host,FALSE,TRUE,TRUE,TRUE,both,Alphainfluenzavirus influenzae (H5N1),aves,passeriformes,icteridae,PCR/Sequencing,host_presence_only,low,TRUE,candidate_only,,,,,,,,FALSE,FALSE,FALSE,,,,,,,,,,,FALSE
Influenza (H5N1 avian influenza),Ixobrychus eurhythmus,670346,host,FALSE,TRUE,TRUE,TRUE,both,Alphainfluenzavirus influenzae (H5N1),aves,pelecaniformes,ardeidae,PCR/Sequencing,host_presence_only,low,TRUE,candidate_only,,,,,,,,FALSE,FALSE,FALSE,,,,,,,,,,,FALSE
Influenza (H5N1 avian influenza),Junco hyemalis,40217,host,FALSE,TRUE,TRUE,TRUE,both,Alphainfluenzavirus influenzae (H5N1),aves,passeriformes,passerellidae,PCR/Sequencing,host_presence_only,low,TRUE,candidate_only,,,,,,,,FALSE,FALSE,FALSE,,,,,,,,,,,FALSE
Influenza (H5N1 avian influenza),Lagenorhynchus acutus,3371109,host,FALSE,TRUE,TRUE,TRUE,both,Alphainfluenzavirus influenzae (H5N1),,,,PCR/Sequencing,host_presence_only,low,TRUE,candidate_only,,,,,,,,FALSE,FALSE,FALSE,,,,,,,,,,,FALSE
Influenza (H5N1 avian influenza),Lanius schach,276763,host,FALSE,TRUE,TRUE,TRUE,both,Alphainfluenzavirus influenzae (H5N1),aves,passeriformes,laniidae,PCR/Sequencing,host_presence_only,low,TRUE,candidate_only,,,,,,,,FALSE,FALSE,FALSE,,,,,,,,,,,FALSE
Influenza (H5N1 avian influenza),Larosterna inca,297811,host,FALSE,TRUE,TRUE,TRUE,both,Alphainfluenzavirus influenzae (H5N1),aves,charadriiformes,laridae,PCR/Sequencing,host_presence_only,low,TRUE,candidate_only,,,,,,,,FALSE,FALSE,FALSE,,,,,,,,,,,FALSE
Influenza (H5N1 avian influenza),Larus argentatus,35669,host,FALSE,TRUE,TRUE,TRUE,both,Alphainfluenzavirus influenzae (H5N1),aves,charadriiformes,laridae,Antibodies; PCR/Sequencing,host_presence_only,low,TRUE,candidate_only,,,,,,,,FALSE,FALSE,FALSE,,,,,,,,,,,FALSE
Influenza (H5N1 avian influenza),Larus armenicus,119635,host,FALSE,TRUE,TRUE,TRUE,both,Alphainfluenzavirus influenzae (H5N1),aves,charadriiformes,laridae,PCR/Sequencing,host_presence_only,low,TRUE,candidate_only,,,,,,,,FALSE,FALSE,FALSE,,,,,,,,,,,FALSE
Influenza (H5N1 avian influenza),Larus belcheri,328041,host,FALSE,TRUE,TRUE,TRUE,both,Alphainfluenzavirus influenzae (H5N1),aves,charadriiformes,laridae,PCR/Sequencing,host_presence_only,low,TRUE,candidate_only,,,,,,,,FALSE,FALSE,FALSE,,,,,,,,,,,FALSE
Influenza (H5N1 avian influenza),Larus cachinnans,119609,host,FALSE,TRUE,TRUE,TRUE,both,Alphainfluenzavirus influenzae (H5N1),aves,charadriiformes,laridae,PCR/Sequencing,host_presence_only,low,TRUE,candidate_only,,,,,,,,FALSE,FALSE,FALSE,,,,,,,,,,,FALSE
Influenza (H5N1 avian influenza),Larus californicus,126681,host,FALSE,TRUE,TRUE,TRUE,both,Alphainfluenzavirus influenzae (H5N1),aves,charadriiformes,laridae,PCR/Sequencing,host_presence_only,low,TRUE,candidate_only,,,,,,,,FALSE,FALSE,FALSE,,,,,,,,,,,FALSE
Influenza (H5N1 avian influenza),Larus canus,28681,host,FALSE,TRUE,TRUE,TRUE,both,Alphainfluenzavirus influenzae (H5N1),aves,charadriiformes,laridae,Antibodies; PCR/Sequencing,host_presence_only,low,TRUE,candidate_only,,,,,,,,FALSE,FALSE,FALSE,,,,,,,,,,,FALSE
Influenza (H5N1 avian influenza),Larus crassirostris,179808,host,FALSE,TRUE,TRUE,TRUE,both,Alphainfluenzavirus influenzae (H5N1),aves,charadriiformes,laridae,Antibodies; PCR/Sequencing,host_presence_only,low,TRUE,candidate_only,,,,,,,,FALSE,FALSE,FALSE,,,,,,,,,,,FALSE
Influenza (H5N1 avian influenza),Larus delawarensis,126683,host,FALSE,TRUE,TRUE,TRUE,both,Alphainfluenzavirus influenzae (H5N1),aves,charadriiformes,laridae,Antibodies; PCR/Sequencing,host_presence_only,low,TRUE,candidate_only,,,,,,,,FALSE,FALSE,FALSE,,,,,,,,,,,FALSE
Influenza (H5N1 avian influenza),Larus dominicanus,37036,host,FALSE,TRUE,TRUE,TRUE,both,Alphainfluenzavirus influenzae (H5N1),aves,charadriiformes,laridae,PCR/Sequencing,host_presence_only,low,TRUE,candidate_only,,,,,,,,FALSE,FALSE,FALSE,,,,,,,,,,,FALSE
Influenza (H5N1 avian influenza),Larus fuscus,8915,host,FALSE,TRUE,TRUE,TRUE,both,Alphainfluenzavirus influenzae (H5N1),aves,charadriiformes,laridae,PCR/Sequencing,host_presence_only,low,TRUE,candidate_only,,,,,,,,FALSE,FALSE,FALSE,,,,,,,,,,,FALSE
Influenza (H5N1 avian influenza),Larus glaucescens,119606,host,FALSE,TRUE,TRUE,TRUE,both,Alphainfluenzavirus influenzae (H5N1),aves,charadriiformes,laridae,PCR/Sequencing,host_presence_only,low,TRUE,candidate_only,,,,,,,,FALSE,FALSE,FALSE,,,,,,,,,,,FALSE
Influenza (H5N1 avian influenza),Larus glaucoides,118194,host,FALSE,TRUE,TRUE,TRUE,both,Alphainfluenzavirus influenzae (H5N1),aves,charadriiformes,laridae,PCR/Sequencing,host_presence_only,low,TRUE,candidate_only,,,,,,,,FALSE,FALSE,FALSE,,,,,,,,,,,FALSE
Influenza (H5N1 avian influenza),Larus glaucoides thayeri,126718,host,FALSE,TRUE,TRUE,TRUE,both,Alphainfluenzavirus influenzae (H5N1),,,,PCR/Sequencing,host_presence_only,low,TRUE,candidate_only,,,,,,,,FALSE,FALSE,FALSE,,,,,,,,,,,FALSE
Influenza (H5N1 avian influenza),Larus hyperboreus,119637,host,FALSE,TRUE,TRUE,TRUE,both,Alphainfluenzavirus influenzae (H5N1),aves,charadriiformes,laridae,PCR/Sequencing,host_presence_only,low,TRUE,candidate_only,,,,,,,,FALSE,FALSE,FALSE,,,,,,,,,,,FALSE
Influenza (H5N1 avian influenza),Larus marinus,8912,host,FALSE,TRUE,TRUE,TRUE,both,Alphainfluenzavirus influenzae (H5N1),aves,charadriiformes,laridae,PCR/Sequencing,host_presence_only,low,TRUE,candidate_only,,,,,,,,FALSE,FALSE,FALSE,,,,,,,,,,,FALSE
Influenza (H5N1 avian influenza),Larus michahellis,119627,host,FALSE,TRUE,TRUE,TRUE,both,Alphainfluenzavirus influenzae (H5N1),aves,charadriiformes,laridae,PCR/Sequencing,host_presence_only,low,TRUE,candidate_only,,,,,,,,FALSE,FALSE,FALSE,,,,,,,,,,,FALSE
Influenza (H5N1 avian influenza),Larus occidentalis,126713,host,FALSE,TRUE,TRUE,TRUE,both,Alphainfluenzavirus influenzae (H5N1),aves,charadriiformes,laridae,PCR/Sequencing,host_presence_only,low,TRUE,candidate_only,,,,,,,,FALSE,FALSE,FALSE,,,,,,,,,,,FALSE
Influenza (H5N1 avian influenza),Larus schistisagus,119607,host,FALSE,TRUE,TRUE,TRUE,both,Alphainfluenzavirus influenzae (H5N1),aves,charadriiformes,laridae,PCR/Sequencing,host_presence_only,low,TRUE,candidate_only,,,,,,,,FALSE,FALSE,FALSE,,,,,,,,,,,FALSE
Influenza (H5N1 avian influenza),Larus smithsonianus,243888,host,FALSE,TRUE,TRUE,TRUE,both,Alphainfluenzavirus influenzae (H5N1),aves,charadriiformes,laridae,PCR/Sequencing,host_presence_only,low,TRUE,candidate_only,,,,,,,,FALSE,FALSE,FALSE,,,,,,,,,,,FALSE
Influenza (H5N1 avian influenza),Larus vegae,119608,host,FALSE,TRUE,TRUE,TRUE,both,Alphainfluenzavirus influenzae (H5N1),,,,PCR/Sequencing,host_presence_only,low,TRUE,candidate_only,,,,,,,,FALSE,FALSE,FALSE,,,,,,,,,,,FALSE
Influenza (H5N1 avian influenza),Leiothrix argentauris,201335,host,FALSE,TRUE,TRUE,TRUE,both,Alphainfluenzavirus influenzae (H5N1),aves,passeriformes,leiotrichidae,PCR/Sequencing,host_presence_only,low,TRUE,candidate_only,,,,,,,,FALSE,FALSE,FALSE,,,,,,,,,,,FALSE
Influenza (H5N1 avian influenza),Leiothrix lutea,36275,host,FALSE,TRUE,TRUE,TRUE,both,Alphainfluenzavirus influenzae (H5N1),aves,passeriformes,leiotrichidae,PCR/Sequencing,host_presence_only,low,TRUE,candidate_only,,,,,,,,FALSE,FALSE,FALSE,,,,,,,,,,,FALSE
Influenza (H5N1 avian influenza),Leopardus geoffroyi,46844,host,FALSE,TRUE,TRUE,TRUE,both,Alphainfluenzavirus influenzae (H5N1),mammalia,carnivora,felidae,PCR/Sequencing,host_presence_only,low,TRUE,candidate_only,,,,,,,,FALSE,FALSE,FALSE,,,,,,,,,,,FALSE
Influenza (H5N1 avian influenza),Leptailurus serval,61405,host,FALSE,TRUE,TRUE,TRUE,both,Alphainfluenzavirus influenzae (H5N1),mammalia,carnivora,felidae,PCR/Sequencing,host_presence_only,low,TRUE,candidate_only,,,,,,,,FALSE,FALSE,FALSE,,,,,,,,,,,FALSE
Influenza (H5N1 avian influenza),Leptoptilos crumenifer,3150064,host,FALSE,TRUE,TRUE,TRUE,both,Alphainfluenzavirus influenzae (H5N1),,,,PCR/Sequencing,host_presence_only,low,TRUE,candidate_only,,,,,,,,FALSE,FALSE,FALSE,,,,,,,,,,,FALSE
Influenza (H5N1 avian influenza),Leucocarbo bougainvilliorum,146616,host,FALSE,TRUE,TRUE,TRUE,both,Alphainfluenzavirus influenzae (H5N1),,,,PCR/Sequencing,host_presence_only,low,TRUE,candidate_only,,,,,,,,FALSE,FALSE,FALSE,,,,,,,,,,,FALSE
Influenza (H5N1 avian influenza),Leucocarbo georgianus,732180,host,FALSE,TRUE,TRUE,TRUE,both,Alphainfluenzavirus influenzae (H5N1),,,,PCR/Sequencing,host_presence_only,low,TRUE,candidate_only,,,,,,,,FALSE,FALSE,FALSE,,,,,,,,,,,FALSE
Influenza (H5N1 avian influenza),Leucophaeus atricilla,126679,host,FALSE,TRUE,TRUE,TRUE,both,Alphainfluenzavirus influenzae (H5N1),,,,PCR/Sequencing,host_presence_only,low,TRUE,candidate_only,,,,,,,,FALSE,FALSE,FALSE,,,,,,,,,,,FALSE
Influenza (H5N1 avian influenza),Leucophaeus modestus,1471025,host,FALSE,TRUE,TRUE,TRUE,both,Alphainfluenzavirus influenzae (H5N1),,,,PCR/Sequencing,host_presence_only,low,TRUE,candidate_only,,,,,,,,FALSE,FALSE,FALSE,,,,,,,,,,,FALSE
Influenza (H5N1 avian influenza),Leucophaeus pipixcan,690715,host,FALSE,TRUE,TRUE,TRUE,both,Alphainfluenzavirus influenzae (H5N1),,,,PCR/Sequencing,host_presence_only,low,TRUE,candidate_only,,,,,,,,FALSE,FALSE,FALSE,,,,,,,,,,,FALSE
Influenza (H5N1 avian influenza),Leucophaeus scoresbii,328019,host,FALSE,TRUE,TRUE,TRUE,both,Alphainfluenzavirus influenzae (H5N1),,,,PCR/Sequencing,host_presence_only,low,TRUE,candidate_only,,,,,,,,FALSE,FALSE,FALSE,,,,,,,,,,,FALSE
Influenza (H5N1 avian influenza),Limnodromus griseus,279949,host,FALSE,TRUE,TRUE,TRUE,both,Alphainfluenzavirus influenzae (H5N1),aves,charadriiformes,scolopacidae,PCR/Sequencing,host_presence_only,low,TRUE,candidate_only,,,,,,,,FALSE,FALSE,FALSE,,,,,,,,,,,FALSE
Influenza (H5N1 avian influenza),Limosa limosa,161680,host,FALSE,TRUE,TRUE,TRUE,both,Alphainfluenzavirus influenzae (H5N1),aves,charadriiformes,scolopacidae,PCR/Sequencing,host_presence_only,low,TRUE,candidate_only,,,,,,,,FALSE,FALSE,FALSE,,,,,,,,,,,FALSE
Influenza (H5N1 avian influenza),Linaria flavirostris,90717,host,FALSE,TRUE,TRUE,TRUE,both,Alphainfluenzavirus influenzae (H5N1),aves,passeriformes,fringillidae,PCR/Sequencing,host_presence_only,low,TRUE,candidate_only,,,,,,,,FALSE,FALSE,FALSE,,,,,,,,,,,FALSE
Influenza (H5N1 avian influenza),Lonchura atricapilla,1036803,host,FALSE,TRUE,TRUE,TRUE,both,Alphainfluenzavirus influenzae (H5N1),aves,passeriformes,estrildidae,PCR/Sequencing,host_presence_only,low,TRUE,candidate_only,,,,,,,,FALSE,FALSE,FALSE,,,,,,,,,,,FALSE
Influenza (H5N1 avian influenza),Lonchura punctulata,414892,host,FALSE,TRUE,TRUE,TRUE,both,Alphainfluenzavirus influenzae (H5N1),aves,passeriformes,estrildidae,PCR/Sequencing,host_presence_only,low,TRUE,candidate_only,,,,,,,,FALSE,FALSE,FALSE,,,,,,,,,,,FALSE
Influenza (H5N1 avian influenza),Lonchura striata,40157,host,FALSE,TRUE,TRUE,TRUE,both,Alphainfluenzavirus influenzae (H5N1),aves,passeriformes,estrildidae,PCR/Sequencing,host_presence_only,low,TRUE,candidate_only,,,,,,,,FALSE,FALSE,FALSE,,,,,,,,,,,FALSE
Influenza (H5N1 avian influenza),Lontra felina,76718,host,FALSE,TRUE,TRUE,TRUE,both,Alphainfluenzavirus influenzae (H5N1),mammalia,carnivora,mustelidae,PCR/Sequencing,host_presence_only,low,TRUE,candidate_only,,,,,,,,FALSE,FALSE,FALSE,,,,,,,,,,,FALSE
Influenza (H5N1 avian influenza),Lontra provocax,366500,host,FALSE,TRUE,TRUE,TRUE,both,Alphainfluenzavirus influenzae (H5N1),mammalia,carnivora,mustelidae,PCR/Sequencing,host_presence_only,low,TRUE,candidate_only,,,,,,,,FALSE,FALSE,FALSE,,,,,,,,,,,FALSE
Influenza (H5N1 avian influenza),Lophodytes cucullatus,279951,host,FALSE,TRUE,TRUE,TRUE,both,Alphainfluenzavirus influenzae (H5N1),aves,anseriformes,anatidae,PCR/Sequencing,host_presence_only,low,TRUE,candidate_only,,,,,,,,FALSE,FALSE,FALSE,,,,,,,,,,,FALSE
Influenza (H5N1 avian influenza),Lophura ignita,9044,host,FALSE,TRUE,TRUE,TRUE,both,Alphainfluenzavirus influenzae (H5N1),aves,galliformes,phasianidae,PCR/Sequencing,host_presence_only,low,TRUE,candidate_only,,,,,,,,FALSE,FALSE,FALSE,,,,,,,,,,,FALSE
Influenza (H5N1 avian influenza),Lophura leucomelanos,140445,host,FALSE,TRUE,TRUE,TRUE,both,Alphainfluenzavirus influenzae (H5N1),aves,galliformes,phasianidae,Isolation/Observation; PCR/Sequencing,host_presence_only,low,TRUE,candidate_only,,,,,,,,FALSE,FALSE,FALSE,,,,,,,,,,,FALSE
Influenza (H5N1 avian influenza),Lophura nycthemera,9046,host,FALSE,TRUE,TRUE,TRUE,both,Alphainfluenzavirus influenzae (H5N1),aves,galliformes,phasianidae,PCR/Sequencing,host_presence_only,low,TRUE,candidate_only,,,,,,,,FALSE,FALSE,FALSE,,,,,,,,,,,FALSE
Influenza (H5N1 avian influenza),Lynx rufus,61384,host,FALSE,TRUE,TRUE,TRUE,both,Alphainfluenzavirus influenzae (H5N1),mammalia,carnivora,felidae,PCR/Sequencing,host_presence_only,low,TRUE,candidate_only,,,,,,,,FALSE,FALSE,FALSE,,,,,,,,,,,FALSE
Influenza (H5N1 avian influenza),Macaca,9549,host,FALSE,TRUE,TRUE,TRUE,both,Alphainfluenzavirus influenzae (H5N1),,,,PCR/Sequencing,host_presence_only,low,TRUE,candidate_only,,,,,,,,FALSE,FALSE,FALSE,,,,,,,,,,,FALSE
Influenza (H5N1 avian influenza),Macaca fascicularis,9541,host,FALSE,TRUE,TRUE,TRUE,both,Alphainfluenzavirus influenzae (H5N1),mammalia,primates,cercopithecidae,Antibodies,host_presence_only,low,TRUE,candidate_only,,,,,,,,FALSE,FALSE,FALSE,,,,,,,,,,,FALSE
Influenza (H5N1 avian influenza),Macaca mulatta,9544,host,FALSE,TRUE,TRUE,TRUE,both,Alphainfluenzavirus influenzae (H5N1),mammalia,primates,cercopithecidae,Antibodies,host_presence_only,low,TRUE,candidate_only,,,,,,,,FALSE,FALSE,FALSE,,,,,,,,,,,FALSE
Influenza (H5N1 avian influenza),Macaca nemestrina,9545,host,FALSE,TRUE,TRUE,TRUE,both,Alphainfluenzavirus influenzae (H5N1),mammalia,primates,cercopithecidae,Antibodies,host_presence_only,low,TRUE,candidate_only,,,,,,,,FALSE,FALSE,FALSE,,,,,,,,,,,FALSE
Influenza (H5N1 avian influenza),Macaca sylvanus,9546,host,FALSE,TRUE,TRUE,TRUE,both,Alphainfluenzavirus influenzae (H5N1),mammalia,primates,cercopithecidae,Antibodies,host_presence_only,low,TRUE,candidate_only,,,,,,,,FALSE,FALSE,FALSE,,,,,,,,,,,FALSE
Influenza (H5N1 avian influenza),Malacorhynchus membranaceus,45646,host,FALSE,TRUE,TRUE,TRUE,both,Alphainfluenzavirus influenzae (H5N1),aves,anseriformes,anatidae,PCR/Sequencing,host_presence_only,low,TRUE,candidate_only,,,,,,,,FALSE,FALSE,FALSE,,,,,,,,,,,FALSE
Influenza (H5N1 avian influenza),Mareca americana,75832,host,FALSE,TRUE,TRUE,TRUE,both,Alphainfluenzavirus influenzae (H5N1),aves,anseriformes,anatidae,Isolation/Observation; PCR/Sequencing,host_presence_only,low,TRUE,candidate_only,,,,,,,,FALSE,FALSE,FALSE,,,,,,,,,,,FALSE
Influenza (H5N1 avian influenza),Mareca falcata,75844,host,FALSE,TRUE,TRUE,TRUE,both,Alphainfluenzavirus influenzae (H5N1),aves,anseriformes,anatidae,PCR/Sequencing,host_presence_only,low,TRUE,candidate_only,,,,,,,,FALSE,FALSE,FALSE,,,,,,,,,,,FALSE
Influenza (H5N1 avian influenza),Mareca penelope,8838,host,FALSE,TRUE,TRUE,TRUE,both,Alphainfluenzavirus influenzae (H5N1),aves,anseriformes,anatidae,Isolation/Observation; PCR/Sequencing,host_presence_only,low,TRUE,candidate_only,,,,,,,,FALSE,FALSE,FALSE,,,,,,,,,,,FALSE
Influenza (H5N1 avian influenza),Mareca sibilatrix,75858,host,FALSE,TRUE,TRUE,TRUE,both,Alphainfluenzavirus influenzae (H5N1),aves,anseriformes,anatidae,PCR/Sequencing,host_presence_only,low,TRUE,candidate_only,,,,,,,,FALSE,FALSE,FALSE,,,,,,,,,,,FALSE
Influenza (H5N1 avian influenza),Mareca strepera,75861,host,FALSE,TRUE,TRUE,TRUE,both,Alphainfluenzavirus influenzae (H5N1),aves,anseriformes,anatidae,Isolation/Observation; PCR/Sequencing,host_presence_only,low,TRUE,candidate_only,,,,,,,,FALSE,FALSE,FALSE,,,,,,,,,,,FALSE
Influenza (H5N1 avian influenza),Marmaronetta angustirostris,75875,host,FALSE,TRUE,TRUE,TRUE,both,Alphainfluenzavirus influenzae (H5N1),aves,anseriformes,anatidae,PCR/Sequencing,host_presence_only,low,TRUE,candidate_only,,,,,,,,FALSE,FALSE,FALSE,,,,,,,,,,,FALSE
Influenza (H5N1 avian influenza),Martes foina,9659,host,FALSE,TRUE,TRUE,TRUE,both,Alphainfluenzavirus influenzae (H5N1),mammalia,carnivora,mustelidae,Isolation/Observation; PCR/Sequencing,host_presence_only,low,TRUE,candidate_only,,,,,,,,FALSE,FALSE,FALSE,,,,,,,,,,,FALSE
Influenza (H5N1 avian influenza),Megascops choliba,507958,host,FALSE,TRUE,TRUE,TRUE,both,Alphainfluenzavirus influenzae (H5N1),aves,strigiformes,strigidae,PCR/Sequencing,host_presence_only,low,TRUE,candidate_only,,,,,,,,FALSE,FALSE,FALSE,,,,,,,,,,,FALSE
Influenza (H5N1 avian influenza),Melanitta americana,1581554,host,FALSE,TRUE,TRUE,TRUE,both,Alphainfluenzavirus influenzae (H5N1),aves,anseriformes,anatidae,PCR/Sequencing,host_presence_only,low,TRUE,candidate_only,,,,,,,,FALSE,FALSE,FALSE,,,,,,,,,,,FALSE
Influenza (H5N1 avian influenza),Melanitta fusca,371864,host,FALSE,TRUE,TRUE,TRUE,both,Alphainfluenzavirus influenzae (H5N1),aves,anseriformes,anatidae,PCR/Sequencing,host_presence_only,low,TRUE,candidate_only,,,,,,,,FALSE,FALSE,FALSE,,,,,,,,,,,FALSE
Influenza (H5N1 avian influenza),Melanitta nigra,198027,host,FALSE,TRUE,TRUE,TRUE,both,Alphainfluenzavirus influenzae (H5N1),aves,anseriformes,anatidae,PCR/Sequencing,host_presence_only,low,TRUE,candidate_only,,,,,,,,FALSE,FALSE,FALSE,,,,,,,,,,,FALSE
Influenza (H5N1 avian influenza),Melanitta perspicillata,371863,host,FALSE,TRUE,TRUE,TRUE,both,Alphainfluenzavirus influenzae (H5N1),aves,anseriformes,anatidae,PCR/Sequencing,host_presence_only,low,TRUE,candidate_only,,,,,,,,FALSE,FALSE,FALSE,,,,,,,,,,,FALSE
Influenza (H5N1 avian influenza),Meleagris gallopavo,9103,host,FALSE,TRUE,TRUE,TRUE,both,Alphainfluenzavirus influenzae (H5N1),aves,galliformes,phasianidae,Isolation/Observation; PCR/Sequencing,host_presence_only,low,TRUE,candidate_only,,,,,,,,FALSE,FALSE,FALSE,,,,,,,,,,,FALSE
Influenza (H5N1 avian influenza),Meles leucurus,702266,host,FALSE,TRUE,TRUE,TRUE,both,Alphainfluenzavirus influenzae (H5N1),mammalia,carnivora,mustelidae,PCR/Sequencing,host_presence_only,low,TRUE,candidate_only,,,,,,,,FALSE,FALSE,FALSE,,,,,,,,,,,FALSE
Influenza (H5N1 avian influenza),Melospiza melodia,44397,host,FALSE,TRUE,TRUE,TRUE,both,Alphainfluenzavirus influenzae (H5N1),aves,passeriformes,passerellidae,PCR/Sequencing,host_presence_only,low,TRUE,candidate_only,,,,,,,,FALSE,FALSE,FALSE,,,,,,,,,,,FALSE
Influenza (H5N1 avian influenza),Melursus ursinus,9636,host,FALSE,TRUE,TRUE,TRUE,both,Alphainfluenzavirus influenzae (H5N1),mammalia,carnivora,ursidae,PCR/Sequencing,host_presence_only,low,TRUE,candidate_only,,,,,,,,FALSE,FALSE,FALSE,,,,,,,,,,,FALSE
Influenza (H5N1 avian influenza),Mephitis mephitis,30548,host,FALSE,TRUE,TRUE,TRUE,both,Alphainfluenzavirus influenzae (H5N1),mammalia,carnivora,mephitidae,PCR/Sequencing,host_presence_only,low,TRUE,candidate_only,,,,,,,,FALSE,FALSE,FALSE,,,,,,,,,,,FALSE
Influenza (H5N1 avian influenza),Mergellus albellus,107026,host,FALSE,TRUE,TRUE,TRUE,both,Alphainfluenzavirus influenzae (H5N1),aves,anseriformes,anatidae,PCR/Sequencing,host_presence_only,low,TRUE,candidate_only,,,,,,,,FALSE,FALSE,FALSE,,,,,,,,,,,FALSE
Influenza (H5N1 avian influenza),Mergus merganser,8880,host,FALSE,TRUE,TRUE,TRUE,both,Alphainfluenzavirus influenzae (H5N1),aves,anseriformes,anatidae,PCR/Sequencing,host_presence_only,low,TRUE,candidate_only,,,,,,,,FALSE,FALSE,FALSE,,,,,,,,,,,FALSE
Influenza (H5N1 avian influenza),Merops apiaster,265611,host,FALSE,TRUE,TRUE,TRUE,both,Alphainfluenzavirus influenzae (H5N1),aves,coraciiformes,meropidae,PCR/Sequencing,host_presence_only,low,TRUE,candidate_only,,,,,,,,FALSE,FALSE,FALSE,,,,,,,,,,,FALSE
Influenza (H5N1 avian influenza),Microcarbo coronatus,1523041,host,FALSE,TRUE,TRUE,TRUE,both,Alphainfluenzavirus influenzae (H5N1),aves,suliformes,phalacrocoracidae,PCR/Sequencing,host_presence_only,low,TRUE,candidate_only,,,,,,,,FALSE,FALSE,FALSE,,,,,,,,,,,FALSE
Influenza (H5N1 avian influenza),Microcarbo niger,1517963,host,FALSE,TRUE,TRUE,TRUE,both,Alphainfluenzavirus influenzae (H5N1),aves,suliformes,phalacrocoracidae,PCR/Sequencing,host_presence_only,low,TRUE,candidate_only,,,,,,,,FALSE,FALSE,FALSE,,,,,,,,,,,FALSE
Influenza (H5N1 avian influenza),Milvago chimango,357707,host,FALSE,TRUE,TRUE,TRUE,both,Alphainfluenzavirus influenzae (H5N1),,,,PCR/Sequencing,host_presence_only,low,TRUE,candidate_only,,,,,,,,FALSE,FALSE,FALSE,,,,,,,,,,,FALSE
Influenza (H5N1 avian influenza),Milvus migrans,52810,host,FALSE,TRUE,TRUE,TRUE,both,Alphainfluenzavirus influenzae (H5N1),aves,accipitriformes,accipitridae,PCR/Sequencing,host_presence_only,low,TRUE,candidate_only,,,,,,,,FALSE,FALSE,FALSE,,,,,,,,,,,FALSE
Influenza (H5N1 avian influenza),Mirounga angustirostris,9716,host,FALSE,TRUE,TRUE,TRUE,both,Alphainfluenzavirus influenzae (H5N1),mammalia,carnivora,phocidae,PCR/Sequencing,host_presence_only,low,TRUE,candidate_only,,,,,,,,FALSE,FALSE,FALSE,,,,,,,,,,,FALSE
Influenza (H5N1 avian influenza),Mirounga leonina,9715,host,FALSE,TRUE,TRUE,TRUE,both,Alphainfluenzavirus influenzae (H5N1),mammalia,carnivora,phocidae,PCR/Sequencing,host_presence_only,low,TRUE,candidate_only,,,,,,,,FALSE,FALSE,FALSE,,,,,,,,,,,FALSE
Influenza (H5N1 avian influenza),Montifringilla henrici,2557930,host,FALSE,TRUE,TRUE,TRUE,both,Alphainfluenzavirus influenzae (H5N1),aves,passeriformes,passeridae,PCR/Sequencing,host_presence_only,low,TRUE,candidate_only,,,,,,,,FALSE,FALSE,FALSE,,,,,,,,,,,FALSE
Influenza (H5N1 avian influenza),Morus bassanus,37578,host,FALSE,TRUE,TRUE,TRUE,both,Alphainfluenzavirus influenzae (H5N1),aves,suliformes,sulidae,PCR/Sequencing,host_presence_only,low,TRUE,candidate_only,,,,,,,,FALSE,FALSE,FALSE,,,,,,,,,,,FALSE
Influenza (H5N1 avian influenza),Motacilla alba,45807,host,FALSE,TRUE,TRUE,TRUE,both,Alphainfluenzavirus influenzae (H5N1),aves,passeriformes,motacillidae,PCR/Sequencing,host_presence_only,low,TRUE,candidate_only,,,,,,,,FALSE,FALSE,FALSE,,,,,,,,,,,FALSE
Influenza (H5N1 avian influenza),Mus musculus,10090,host,FALSE,TRUE,TRUE,TRUE,both,Alphainfluenzavirus influenzae (H5N1),mammalia,rodentia,muridae,PCR/Sequencing,host_presence_only,low,TRUE,candidate_only,,,,,,,,FALSE,FALSE,FALSE,,,,,,,,,,,FALSE
Influenza (H5N1 avian influenza),Mustela,30549,host,FALSE,TRUE,TRUE,TRUE,both,Alphainfluenzavirus influenzae (H5N1),,,,PCR/Sequencing,host_presence_only,low,TRUE,candidate_only,,,,,,,,FALSE,FALSE,FALSE,,,,,,,,,,,FALSE
Influenza (H5N1 avian influenza),Mustela erminea,36723,host,FALSE,TRUE,TRUE,TRUE,both,Alphainfluenzavirus influenzae (H5N1),mammalia,carnivora,mustelidae,PCR/Sequencing,host_presence_only,low,TRUE,candidate_only,,,,,,,,FALSE,FALSE,FALSE,,,,,,,,,,,FALSE
Influenza (H5N1 avian influenza),Mustela lutreola,9666,host,FALSE,TRUE,TRUE,TRUE,both,Alphainfluenzavirus influenzae (H5N1),mammalia,carnivora,mustelidae,PCR/Sequencing,host_presence_only,low,TRUE,candidate_only,,,,,,,,FALSE,FALSE,FALSE,,,,,,,,,,,FALSE
Influenza (H5N1 avian influenza),Mustela nigripes,77151,host,FALSE,TRUE,TRUE,TRUE,both,Alphainfluenzavirus influenzae (H5N1),mammalia,carnivora,mustelidae,PCR/Sequencing,host_presence_only,low,TRUE,candidate_only,,,,,,,,FALSE,FALSE,FALSE,,,,,,,,,,,FALSE
Influenza (H5N1 avian influenza),Mustela putorius,9668,host,FALSE,TRUE,TRUE,TRUE,both,Alphainfluenzavirus influenzae (H5N1),mammalia,carnivora,mustelidae,PCR/Sequencing,host_presence_only,low,TRUE,candidate_only,,,,,,,,FALSE,FALSE,FALSE,,,,,,,,,,,FALSE
Influenza (H5N1 avian influenza),Mustela putorius,9669,host,FALSE,TRUE,TRUE,TRUE,both,Alphainfluenzavirus influenzae (H5N1),mammalia,carnivora,mustelidae,PCR/Sequencing,host_presence_only,low,TRUE,candidate_only,,,,,,,,FALSE,FALSE,FALSE,,,,,,,,,,,FALSE
Influenza (H5N1 avian influenza),Myiopsitta monachus,176066,host,FALSE,TRUE,TRUE,TRUE,both,Alphainfluenzavirus influenzae (H5N1),aves,psittaciformes,psittacidae,PCR/Sequencing,host_presence_only,low,TRUE,candidate_only,,,,,,,,FALSE,FALSE,FALSE,,,,,,,,,,,FALSE
Influenza (H5N1 avian influenza),Myrmecophaga tridactyla,71006,host,FALSE,TRUE,TRUE,TRUE,both,Alphainfluenzavirus influenzae (H5N1),mammalia,pilosa,myrmecophagidae,PCR/Sequencing,host_presence_only,low,TRUE,candidate_only,,,,,,,,FALSE,FALSE,FALSE,,,,,,,,,,,FALSE
Influenza (H5N1 avian influenza),Nannopterum auritum,56069,host,FALSE,TRUE,TRUE,TRUE,both,Alphainfluenzavirus influenzae (H5N1),,,,PCR/Sequencing,host_presence_only,low,TRUE,candidate_only,,,,,,,,FALSE,FALSE,FALSE,,,,,,,,,,,FALSE
Influenza (H5N1 avian influenza),Nannopterum brasilianum,37046,host,FALSE,TRUE,TRUE,TRUE,both,Alphainfluenzavirus influenzae (H5N1),,,,PCR/Sequencing,host_presence_only,low,TRUE,candidate_only,,,,,,,,FALSE,FALSE,FALSE,,,,,,,,,,,FALSE
Influenza (H5N1 avian influenza),Nasua nasua,9651,host,FALSE,TRUE,TRUE,TRUE,both,Alphainfluenzavirus influenzae (H5N1),mammalia,carnivora,procyonidae,PCR/Sequencing,host_presence_only,low,TRUE,candidate_only,,,,,,,,FALSE,FALSE,FALSE,,,,,,,,,,,FALSE
Influenza (H5N1 avian influenza),Necrosyrtes monachus,30399,host,FALSE,TRUE,TRUE,TRUE,both,Alphainfluenzavirus influenzae (H5N1),aves,accipitriformes,accipitridae,PCR/Sequencing,host_presence_only,low,TRUE,candidate_only,,,,,,,,FALSE,FALSE,FALSE,,,,,,,,,,,FALSE
Influenza (H5N1 avian influenza),Neofelis nebulosa,61452,host,FALSE,TRUE,TRUE,TRUE,both,Alphainfluenzavirus influenzae (H5N1),mammalia,carnivora,felidae,PCR/Sequencing,host_presence_only,low,TRUE,candidate_only,,,,,,,,FALSE,FALSE,FALSE,,,,,,,,,,,FALSE
Influenza (H5N1 avian influenza),Neogale vison,452646,host,FALSE,TRUE,TRUE,TRUE,both,Alphainfluenzavirus influenzae (H5N1),mammalia,carnivora,mustelidae,Isolation/Observation; PCR/Sequencing,host_presence_only,low,TRUE,candidate_only,,,,,,,,FALSE,FALSE,FALSE,,,,,,,,,,,FALSE
Influenza (H5N1 avian influenza),Netta peposaca,541013,host,FALSE,TRUE,TRUE,TRUE,both,Alphainfluenzavirus influenzae (H5N1),aves,anseriformes,anatidae,PCR/Sequencing,host_presence_only,low,TRUE,candidate_only,,,,,,,,FALSE,FALSE,FALSE,,,,,,,,,,,FALSE
Influenza (H5N1 avian influenza),Netta rufina,30387,host,FALSE,TRUE,TRUE,TRUE,both,Alphainfluenzavirus influenzae (H5N1),aves,anseriformes,anatidae,PCR/Sequencing,host_presence_only,low,TRUE,candidate_only,,,,,,,,FALSE,FALSE,FALSE,,,,,,,,,,,FALSE
Influenza (H5N1 avian influenza),Nisaetus cirrhatus,252795,host,FALSE,TRUE,TRUE,TRUE,both,Alphainfluenzavirus influenzae (H5N1),aves,accipitriformes,accipitridae,Isolation/Observation,host_presence_only,low,TRUE,candidate_only,,,,,,,,FALSE,FALSE,FALSE,,,,,,,,,,,FALSE
Influenza (H5N1 avian influenza),Nisaetus nipalensis,214438,host,FALSE,TRUE,TRUE,TRUE,both,Alphainfluenzavirus influenzae (H5N1),aves,accipitriformes,accipitridae,PCR/Sequencing,host_presence_only,low,TRUE,candidate_only,,,,,,,,FALSE,FALSE,FALSE,,,,,,,,,,,FALSE
Influenza (H5N1 avian influenza),Numenius arquata,31919,host,FALSE,TRUE,TRUE,TRUE,both,Alphainfluenzavirus influenzae (H5N1),aves,charadriiformes,scolopacidae,PCR/Sequencing,host_presence_only,low,TRUE,candidate_only,,,,,,,,FALSE,FALSE,FALSE,,,,,,,,,,,FALSE
Influenza (H5N1 avian influenza),Numenius phaeopus,161676,host,FALSE,TRUE,TRUE,TRUE,both,Alphainfluenzavirus influenzae (H5N1),aves,charadriiformes,scolopacidae,PCR/Sequencing,host_presence_only,low,TRUE,candidate_only,,,,,,,,FALSE,FALSE,FALSE,,,,,,,,,,,FALSE
Influenza (H5N1 avian influenza),Numida meleagris,8996,host,FALSE,TRUE,TRUE,TRUE,both,Alphainfluenzavirus influenzae (H5N1),aves,galliformes,numididae,Isolation/Observation; PCR/Sequencing,host_presence_only,low,TRUE,candidate_only,,,,,,,,FALSE,FALSE,FALSE,,,,,,,,,,,FALSE
Influenza (H5N1 avian influenza),Numididae,8997,host,FALSE,TRUE,TRUE,TRUE,both,Alphainfluenzavirus influenzae (H5N1),,,,PCR/Sequencing,host_presence_only,low,TRUE,candidate_only,,,,,,,,FALSE,FALSE,FALSE,,,,,,,,,,,FALSE
Influenza (H5N1 avian influenza),Nyctalus noctula,51300,host,FALSE,TRUE,TRUE,TRUE,both,Alphainfluenzavirus influenzae (H5N1),mammalia,chiroptera,vespertilionidae,Isolation/Observation,host_presence_only,low,TRUE,candidate_only,,,,,,,,FALSE,FALSE,FALSE,,,,,,,,,,,FALSE
Influenza (H5N1 avian influenza),Nyctereutes procyonoides,34880,host,FALSE,TRUE,TRUE,TRUE,both,Alphainfluenzavirus influenzae (H5N1),mammalia,carnivora,canidae,PCR/Sequencing,host_presence_only,low,TRUE,candidate_only,,,,,,,,FALSE,FALSE,FALSE,,,,,,,,,,,FALSE
Influenza (H5N1 avian influenza),Nycticorax nycticorax,8901,host,FALSE,TRUE,TRUE,TRUE,both,Alphainfluenzavirus influenzae (H5N1),aves,pelecaniformes,ardeidae,PCR/Sequencing,host_presence_only,low,TRUE,candidate_only,,,,,,,,FALSE,FALSE,FALSE,,,,,,,,,,,FALSE
Influenza (H5N1 avian influenza),Ochotona curzoniae,130825,host,FALSE,TRUE,TRUE,TRUE,both,Alphainfluenzavirus influenzae (H5N1),mammalia,lagomorpha,ochotonidae,PCR/Sequencing,host_presence_only,low,TRUE,candidate_only,,,,,,,,FALSE,FALSE,FALSE,,,,,,,,,,,FALSE
Influenza (H5N1 avian influenza),Oenanthe isabellina,358819,host,FALSE,TRUE,TRUE,TRUE,both,Alphainfluenzavirus influenzae (H5N1),aves,passeriformes,muscicapidae,PCR/Sequencing,host_presence_only,low,TRUE,candidate_only,,,,,,,,FALSE,FALSE,FALSE,,,,,,,,,,,FALSE
Influenza (H5N1 avian influenza),Ondatra zibethicus,10060,host,FALSE,TRUE,TRUE,TRUE,both,Alphainfluenzavirus influenzae (H5N1),mammalia,rodentia,cricetidae,PCR/Sequencing,host_presence_only,low,TRUE,candidate_only,,,,,,,,FALSE,FALSE,FALSE,,,,,,,,,,,FALSE
Influenza (H5N1 avian influenza),Onychoprion fuscatus,425648,host,FALSE,TRUE,TRUE,TRUE,both,Alphainfluenzavirus influenzae (H5N1),aves,charadriiformes,laridae,PCR/Sequencing,host_presence_only,low,TRUE,candidate_only,,,,,,,,FALSE,FALSE,FALSE,,,,,,,,,,,FALSE
Influenza (H5N1 avian influenza),Ortalis vetula,8984,host,FALSE,TRUE,TRUE,TRUE,both,Alphainfluenzavirus influenzae (H5N1),aves,galliformes,cracidae,PCR/Sequencing,host_presence_only,low,TRUE,candidate_only,,,,,,,,FALSE,FALSE,FALSE,,,,,,,,,,,FALSE
Influenza (H5N1 avian influenza),Otaria byronia,161932,host,FALSE,TRUE,TRUE,TRUE,both,Alphainfluenzavirus influenzae (H5N1),mammalia,carnivora,otariidae,PCR/Sequencing,host_presence_only,low,TRUE,candidate_only,,,,,,,,FALSE,FALSE,FALSE,,,,,,,,,,,FALSE
Influenza (H5N1 avian influenza),Otis tarda,73107,host,FALSE,TRUE,TRUE,TRUE,both,Alphainfluenzavirus influenzae (H5N1),aves,otidiformes,otididae,PCR/Sequencing,host_presence_only,low,TRUE,candidate_only,,,,,,,,FALSE,FALSE,FALSE,,,,,,,,,,,FALSE
Influenza (H5N1 avian influenza),Oxyura jamaicensis,8884,host,FALSE,TRUE,TRUE,TRUE,both,Alphainfluenzavirus influenzae (H5N1),aves,anseriformes,anatidae,PCR/Sequencing,host_presence_only,low,TRUE,candidate_only,,,,,,,,FALSE,FALSE,FALSE,,,,,,,,,,,FALSE
Influenza (H5N1 avian influenza),Paguma larvata,9675,host,FALSE,TRUE,TRUE,TRUE,both,Alphainfluenzavirus influenzae (H5N1),mammalia,carnivora,viverridae,PCR/Sequencing,host_presence_only,low,TRUE,candidate_only,,,,,,,,FALSE,FALSE,FALSE,,,,,,,,,,,FALSE
Influenza (H5N1 avian influenza),Paleosuchus trigonatus,38658,host,FALSE,TRUE,TRUE,TRUE,both,Alphainfluenzavirus influenzae (H5N1),reptilia,crocodylia,alligatoridae,PCR/Sequencing,host_presence_only,low,TRUE,candidate_only,,,,,,,,FALSE,FALSE,FALSE,,,,,,,,,,,FALSE
Influenza (H5N1 avian influenza),Pandion haliaetus,56262,host,FALSE,TRUE,TRUE,TRUE,both,Alphainfluenzavirus influenzae (H5N1),aves,accipitriformes,pandionidae,PCR/Sequencing,host_presence_only,low,TRUE,candidate_only,,,,,,,,FALSE,FALSE,FALSE,,,,,,,,,,,FALSE
Influenza (H5N1 avian influenza),Panthera leo,9689,host,FALSE,TRUE,TRUE,TRUE,both,Alphainfluenzavirus influenzae (H5N1),mammalia,carnivora,felidae,PCR/Sequencing,host_presence_only,low,TRUE,candidate_only,,,,,,,,FALSE,FALSE,FALSE,,,,,,,,,,,FALSE
Influenza (H5N1 avian influenza),Panthera pardus,9691,host,FALSE,TRUE,TRUE,TRUE,both,Alphainfluenzavirus influenzae (H5N1),mammalia,carnivora,felidae,PCR/Sequencing,host_presence_only,low,TRUE,candidate_only,,,,,,,,FALSE,FALSE,FALSE,,,,,,,,,,,FALSE
Influenza (H5N1 avian influenza),Panthera tigris,74535,host,FALSE,TRUE,TRUE,TRUE,both,Alphainfluenzavirus influenzae (H5N1),mammalia,carnivora,felidae,PCR/Sequencing,host_presence_only,low,TRUE,candidate_only,,,,,,,,FALSE,FALSE,FALSE,,,,,,,,,,,FALSE
Influenza (H5N1 avian influenza),Panthera tigris,9694,host,FALSE,TRUE,TRUE,TRUE,both,Alphainfluenzavirus influenzae (H5N1),mammalia,carnivora,felidae,PCR/Sequencing,host_presence_only,low,TRUE,candidate_only,,,,,,,,FALSE,FALSE,FALSE,,,,,,,,,,,FALSE
Influenza (H5N1 avian influenza),Papio cynocephalus,9556,host,FALSE,TRUE,TRUE,TRUE,both,Alphainfluenzavirus influenzae (H5N1),mammalia,primates,cercopithecidae,Antibodies,host_presence_only,low,TRUE,candidate_only,,,,,,,,FALSE,FALSE,FALSE,,,,,,,,,,,FALSE
Influenza (H5N1 avian influenza),Parabuteo unicinctus,223492,host,FALSE,TRUE,TRUE,TRUE,both,Alphainfluenzavirus influenzae (H5N1),aves,accipitriformes,accipitridae,PCR/Sequencing,host_presence_only,low,TRUE,candidate_only,,,,,,,,FALSE,FALSE,FALSE,,,,,,,,,,,FALSE
Influenza (H5N1 avian influenza),Parkesia noveboracensis,182947,host,FALSE,TRUE,TRUE,TRUE,both,Alphainfluenzavirus influenzae (H5N1),aves,passeriformes,parulidae,PCR/Sequencing,host_presence_only,low,TRUE,candidate_only,,,,,,,,FALSE,FALSE,FALSE,,,,,,,,,,,FALSE
Influenza (H5N1 avian influenza),Parus major,9157,host,FALSE,TRUE,TRUE,TRUE,both,Alphainfluenzavirus influenzae (H5N1),aves,passeriformes,paridae,PCR/Sequencing,host_presence_only,low,TRUE,candidate_only,,,,,,,,FALSE,FALSE,FALSE,,,,,,,,,,,FALSE
Influenza (H5N1 avian influenza),Passer domesticus,48849,host,FALSE,TRUE,TRUE,TRUE,both,Alphainfluenzavirus influenzae (H5N1),aves,passeriformes,passeridae,PCR/Sequencing,host_presence_only,low,TRUE,candidate_only,,,,,,,,FALSE,FALSE,FALSE,,,,,,,,,,,FALSE
Influenza (H5N1 avian influenza),Passer montanus,9160,host,FALSE,TRUE,TRUE,TRUE,both,Alphainfluenzavirus influenzae (H5N1),aves,passeriformes,passeridae,Isolation/Observation; PCR/Sequencing,host_presence_only,low,TRUE,candidate_only,,,,,,,,FALSE,FALSE,FALSE,,,,,,,,,,,FALSE
Influenza (H5N1 avian influenza),Passerella iliaca,44389,host,FALSE,TRUE,TRUE,TRUE,both,Alphainfluenzavirus influenzae (H5N1),aves,passeriformes,passerellidae,PCR/Sequencing,host_presence_only,low,TRUE,candidate_only,,,,,,,,FALSE,FALSE,FALSE,,,,,,,,,,,FALSE
Influenza (H5N1 avian influenza),Pavo cristatus,9049,host,FALSE,TRUE,TRUE,TRUE,both,Alphainfluenzavirus influenzae (H5N1),aves,galliformes,phasianidae,PCR/Sequencing,host_presence_only,low,TRUE,candidate_only,,,,,,,,FALSE,FALSE,FALSE,,,,,,,,,,,FALSE
Influenza (H5N1 avian influenza),Pavo muticus,9050,host,FALSE,TRUE,TRUE,TRUE,both,Alphainfluenzavirus influenzae (H5N1),aves,galliformes,phasianidae,PCR/Sequencing,host_presence_only,low,TRUE,candidate_only,,,,,,,,FALSE,FALSE,FALSE,,,,,,,,,,,FALSE
Influenza (H5N1 avian influenza),Pekania pennanti,76720,host,FALSE,TRUE,TRUE,TRUE,both,Alphainfluenzavirus influenzae (H5N1),,,,PCR/Sequencing,host_presence_only,low,TRUE,candidate_only,,,,,,,,FALSE,FALSE,FALSE,,,,,,,,,,,FALSE
Influenza (H5N1 avian influenza),Pelecanus crispus,36300,host,FALSE,TRUE,TRUE,TRUE,both,Alphainfluenzavirus influenzae (H5N1),aves,pelecaniformes,pelecanidae,PCR/Sequencing,host_presence_only,low,TRUE,candidate_only,,,,,,,,FALSE,FALSE,FALSE,,,,,,,,,,,FALSE
Influenza (H5N1 avian influenza),Pelecanus erythrorhynchos,33618,host,FALSE,TRUE,TRUE,TRUE,both,Alphainfluenzavirus influenzae (H5N1),aves,pelecaniformes,pelecanidae,PCR/Sequencing,host_presence_only,low,TRUE,candidate_only,,,,,,,,FALSE,FALSE,FALSE,,,,,,,,,,,FALSE
Influenza (H5N1 avian influenza),Pelecanus occidentalis,37043,host,FALSE,TRUE,TRUE,TRUE,both,Alphainfluenzavirus influenzae (H5N1),aves,pelecaniformes,pelecanidae,PCR/Sequencing,host_presence_only,low,TRUE,candidate_only,,,,,,,,FALSE,FALSE,FALSE,,,,,,,,,,,FALSE
Influenza (H5N1 avian influenza),Pelecanus thagus,1108811,host,FALSE,TRUE,TRUE,TRUE,both,Alphainfluenzavirus influenzae (H5N1),aves,pelecaniformes,pelecanidae,PCR/Sequencing,host_presence_only,low,TRUE,candidate_only,,,,,,,,FALSE,FALSE,FALSE,,,,,,,,,,,FALSE
Influenza (H5N1 avian influenza),Phalacrocorax capensis,146614,host,FALSE,TRUE,TRUE,TRUE,both,Alphainfluenzavirus influenzae (H5N1),aves,suliformes,phalacrocoracidae,PCR/Sequencing,host_presence_only,low,TRUE,candidate_only,,,,,,,,FALSE,FALSE,FALSE,,,,,,,,,,,FALSE
Influenza (H5N1 avian influenza),Phalacrocorax carbo,9209,host,FALSE,TRUE,TRUE,TRUE,both,Alphainfluenzavirus influenzae (H5N1),aves,suliformes,phalacrocoracidae,Isolation/Observation; PCR/Sequencing,host_presence_only,low,TRUE,candidate_only,,,,,,,,FALSE,FALSE,FALSE,,,,,,,,,,,FALSE
Influenza (H5N1 avian influenza),Phalaropus lobatus,240204,host,FALSE,TRUE,TRUE,TRUE,both,Alphainfluenzavirus influenzae (H5N1),,,,PCR/Sequencing,host_presence_only,low,TRUE,candidate_only,,,,,,,,FALSE,FALSE,FALSE,,,,,,,,,,,FALSE
Influenza (H5N1 avian influenza),Phasianus colchicus,9054,host,FALSE,TRUE,TRUE,TRUE,both,Alphainfluenzavirus influenzae (H5N1),aves,galliformes,phasianidae,PCR/Sequencing,host_presence_only,low,TRUE,candidate_only,,,,,,,,FALSE,FALSE,FALSE,,,,,,,,,,,FALSE
Influenza (H5N1 avian influenza),Phoca vitulina,9720,host,FALSE,TRUE,TRUE,TRUE,both,Alphainfluenzavirus influenzae (H5N1),mammalia,carnivora,phocidae,Antibodies; Isolation/Observation; PCR/Sequencing,host_presence_only,low,TRUE,candidate_only,,,,,,,,FALSE,FALSE,FALSE,,,,,,,,,,,FALSE
Influenza (H5N1 avian influenza),Phocoena spinipinnis,27614,host,FALSE,TRUE,TRUE,TRUE,both,Alphainfluenzavirus influenzae (H5N1),mammalia,artiodactyla,phocoenidae,PCR/Sequencing,host_presence_only,low,TRUE,candidate_only,,,,,,,,FALSE,FALSE,FALSE,,,,,,,,,,,FALSE
Influenza (H5N1 avian influenza),Phoenicopterus chilensis,117000,host,FALSE,TRUE,TRUE,TRUE,both,Alphainfluenzavirus influenzae (H5N1),aves,phoenicopteriformes,phoenicopteridae,PCR/Sequencing,host_presence_only,low,TRUE,candidate_only,,,,,,,,FALSE,FALSE,FALSE,,,,,,,,,,,FALSE
Influenza (H5N1 avian influenza),Phoenicopterus roseus,435638,host,FALSE,TRUE,TRUE,TRUE,both,Alphainfluenzavirus influenzae (H5N1),aves,phoenicopteriformes,phoenicopteridae,PCR/Sequencing,host_presence_only,low,TRUE,candidate_only,,,,,,,,FALSE,FALSE,FALSE,,,,,,,,,,,FALSE
Influenza (H5N1 avian influenza),Phoenicopterus ruber,9217,host,FALSE,TRUE,TRUE,TRUE,both,Alphainfluenzavirus influenzae (H5N1),aves,phoenicopteriformes,phoenicopteridae,PCR/Sequencing,host_presence_only,low,TRUE,candidate_only,,,,,,,,FALSE,FALSE,FALSE,,,,,,,,,,,FALSE
Influenza (H5N1 avian influenza),Pica hudsonia,158052,host,FALSE,TRUE,TRUE,TRUE,both,Alphainfluenzavirus influenzae (H5N1),aves,passeriformes,corvidae,PCR/Sequencing,host_presence_only,low,TRUE,candidate_only,,,,,,,,FALSE,FALSE,FALSE,,,,,,,,,,,FALSE
Influenza (H5N1 avian influenza),Pica pica,34924,host,FALSE,TRUE,TRUE,TRUE,both,Alphainfluenzavirus influenzae (H5N1),aves,passeriformes,corvidae,PCR/Sequencing,host_presence_only,low,TRUE,candidate_only,,,,,,,,FALSE,FALSE,FALSE,,,,,,,,,,,FALSE
Influenza (H5N1 avian influenza),Pionus menstruus,13214,host,FALSE,TRUE,TRUE,TRUE,both,Alphainfluenzavirus influenzae (H5N1),aves,psittaciformes,psittacidae,PCR/Sequencing,host_presence_only,low,TRUE,candidate_only,,,,,,,,FALSE,FALSE,FALSE,,,,,,,,,,,FALSE
Influenza (H5N1 avian influenza),Pipistrellus kuhlii,59472,host,FALSE,TRUE,TRUE,TRUE,both,Alphainfluenzavirus influenzae (H5N1),mammalia,chiroptera,vespertilionidae,PCR/Sequencing,host_presence_only,low,TRUE,candidate_only,,,,,,,,FALSE,FALSE,FALSE,,,,,,,,,,,FALSE
Influenza (H5N1 avian influenza),Piranga ludoviciana,63520,host,FALSE,TRUE,TRUE,TRUE,both,Alphainfluenzavirus influenzae (H5N1),aves,passeriformes,cardinalidae,PCR/Sequencing,host_presence_only,low,TRUE,candidate_only,,,,,,,,FALSE,FALSE,FALSE,,,,,,,,,,,FALSE
Influenza (H5N1 avian influenza),Plectropterus gambensis,658924,host,FALSE,TRUE,TRUE,TRUE,both,Alphainfluenzavirus influenzae (H5N1),aves,anseriformes,anatidae,PCR/Sequencing,host_presence_only,low,TRUE,candidate_only,,,,,,,,FALSE,FALSE,FALSE,,,,,,,,,,,FALSE
Influenza (H5N1 avian influenza),Plegadis chihi,302533,host,FALSE,TRUE,TRUE,TRUE,both,Alphainfluenzavirus influenzae (H5N1),aves,pelecaniformes,threskiornithidae,PCR/Sequencing,host_presence_only,low,TRUE,candidate_only,,,,,,,,FALSE,FALSE,FALSE,,,,,,,,,,,FALSE
Influenza (H5N1 avian influenza),Plegadis falcinellus,52788,host,FALSE,TRUE,TRUE,TRUE,both,Alphainfluenzavirus influenzae (H5N1),aves,pelecaniformes,threskiornithidae,PCR/Sequencing,host_presence_only,low,TRUE,candidate_only,,,,,,,,FALSE,FALSE,FALSE,,,,,,,,,,,FALSE
Influenza (H5N1 avian influenza),Pluvialis dominica,240205,host,FALSE,TRUE,TRUE,TRUE,both,Alphainfluenzavirus influenzae (H5N1),aves,charadriiformes,charadriidae,PCR/Sequencing,host_presence_only,low,TRUE,candidate_only,,,,,,,,FALSE,FALSE,FALSE,,,,,,,,,,,FALSE
Influenza (H5N1 avian influenza),Pluvialis fulva,371922,host,FALSE,TRUE,TRUE,TRUE,both,Alphainfluenzavirus influenzae (H5N1),aves,charadriiformes,charadriidae,PCR/Sequencing,host_presence_only,low,TRUE,candidate_only,,,,,,,,FALSE,FALSE,FALSE,,,,,,,,,,,FALSE
Influenza (H5N1 avian influenza),Pluvialis squatarola,171273,host,FALSE,TRUE,TRUE,TRUE,both,Alphainfluenzavirus influenzae (H5N1),aves,charadriiformes,charadriidae,PCR/Sequencing,host_presence_only,low,TRUE,candidate_only,,,,,,,,FALSE,FALSE,FALSE,,,,,,,,,,,FALSE
Influenza (H5N1 avian influenza),Podargus strigoides,8905,host,FALSE,TRUE,TRUE,TRUE,both,Alphainfluenzavirus influenzae (H5N1),aves,caprimulgiformes,podargidae,PCR/Sequencing,host_presence_only,low,TRUE,candidate_only,,,,,,,,FALSE,FALSE,FALSE,,,,,,,,,,,FALSE
Influenza (H5N1 avian influenza),Podiceps auritus,37050,host,FALSE,TRUE,TRUE,TRUE,both,Alphainfluenzavirus influenzae (H5N1),aves,podicipediformes,podicipedidae,PCR/Sequencing,host_presence_only,low,TRUE,candidate_only,,,,,,,,FALSE,FALSE,FALSE,,,,,,,,,,,FALSE
Influenza (H5N1 avian influenza),Podiceps cristatus,345573,host,FALSE,TRUE,TRUE,TRUE,both,Alphainfluenzavirus influenzae (H5N1),aves,podicipediformes,podicipedidae,PCR/Sequencing,host_presence_only,low,TRUE,candidate_only,,,,,,,,FALSE,FALSE,FALSE,,,,,,,,,,,FALSE
Influenza (H5N1 avian influenza),Podiceps grisegena,80367,host,FALSE,TRUE,TRUE,TRUE,both,Alphainfluenzavirus influenzae (H5N1),aves,podicipediformes,podicipedidae,PCR/Sequencing,host_presence_only,low,TRUE,candidate_only,,,,,,,,FALSE,FALSE,FALSE,,,,,,,,,,,FALSE
Influenza (H5N1 avian influenza),Podiceps major,555330,host,FALSE,TRUE,TRUE,TRUE,both,Alphainfluenzavirus influenzae (H5N1),aves,podicipediformes,podicipedidae,PCR/Sequencing,host_presence_only,low,TRUE,candidate_only,,,,,,,,FALSE,FALSE,FALSE,,,,,,,,,,,FALSE
Influenza (H5N1 avian influenza),Polysticta stelleri,234623,host,FALSE,TRUE,TRUE,TRUE,both,Alphainfluenzavirus influenzae (H5N1),aves,anseriformes,anatidae,PCR/Sequencing,host_presence_only,low,TRUE,candidate_only,,,,,,,,FALSE,FALSE,FALSE,,,,,,,,,,,FALSE
Influenza (H5N1 avian influenza),Procellaria aequinoctialis,53665,host,FALSE,TRUE,TRUE,TRUE,both,Alphainfluenzavirus influenzae (H5N1),aves,procellariiformes,procellariidae,PCR/Sequencing,host_presence_only,low,TRUE,candidate_only,,,,,,,,FALSE,FALSE,FALSE,,,,,,,,,,,FALSE
Influenza (H5N1 avian influenza),Procyon lotor,9654,host,FALSE,TRUE,TRUE,TRUE,both,Alphainfluenzavirus influenzae (H5N1),mammalia,carnivora,procyonidae,Antibodies; PCR/Sequencing,host_presence_only,low,TRUE,candidate_only,,,,,,,,FALSE,FALSE,FALSE,,,,,,,,,,,FALSE
Influenza (H5N1 avian influenza),Pteropus alecto,9402,host,FALSE,TRUE,TRUE,TRUE,both,Alphainfluenzavirus influenzae (H5N1),mammalia,chiroptera,pteropodidae,PCR/Sequencing,host_presence_only,low,TRUE,candidate_only,,,,,,,,FALSE,FALSE,FALSE,,,,,,,,,,,FALSE
Influenza (H5N1 avian influenza),Puma concolor,9696,host,FALSE,TRUE,TRUE,TRUE,both,Alphainfluenzavirus influenzae (H5N1),mammalia,carnivora,felidae,PCR/Sequencing,host_presence_only,low,TRUE,candidate_only,,,,,,,,FALSE,FALSE,FALSE,,,,,,,,,,,FALSE
Influenza (H5N1 avian influenza),Pusa caspica,693431,host,FALSE,TRUE,TRUE,TRUE,both,Alphainfluenzavirus influenzae (H5N1),mammalia,carnivora,phocidae,Antibodies; PCR/Sequencing,host_presence_only,low,TRUE,candidate_only,,,,,,,,FALSE,FALSE,FALSE,,,,,,,,,,,FALSE
Influenza (H5N1 avian influenza),Pygoscelis adeliae,9238,host,FALSE,TRUE,TRUE,TRUE,both,Alphainfluenzavirus influenzae (H5N1),aves,sphenisciformes,spheniscidae,PCR/Sequencing,host_presence_only,low,TRUE,candidate_only,,,,,,,,FALSE,FALSE,FALSE,,,,,,,,,,,FALSE
Influenza (H5N1 avian influenza),Pygoscelis antarcticus,79643,host,FALSE,TRUE,TRUE,TRUE,both,Alphainfluenzavirus influenzae (H5N1),aves,sphenisciformes,spheniscidae,PCR/Sequencing,host_presence_only,low,TRUE,candidate_only,,,,,,,,FALSE,FALSE,FALSE,,,,,,,,,,,FALSE
Influenza (H5N1 avian influenza),Pygoscelis papua,30457,host,FALSE,TRUE,TRUE,TRUE,both,Alphainfluenzavirus influenzae (H5N1),aves,sphenisciformes,spheniscidae,PCR/Sequencing,host_presence_only,low,TRUE,candidate_only,,,,,,,,FALSE,FALSE,FALSE,,,,,,,,,,,FALSE
Influenza (H5N1 avian influenza),Quiscalus mexicanus,64278,host,FALSE,TRUE,TRUE,TRUE,both,Alphainfluenzavirus influenzae (H5N1),aves,passeriformes,icteridae,PCR/Sequencing,host_presence_only,low,TRUE,candidate_only,,,,,,,,FALSE,FALSE,FALSE,,,,,,,,,,,FALSE
Influenza (H5N1 avian influenza),Quiscalus quiscula,84782,host,FALSE,TRUE,TRUE,TRUE,both,Alphainfluenzavirus influenzae (H5N1),aves,passeriformes,icteridae,PCR/Sequencing,host_presence_only,low,TRUE,candidate_only,,,,,,,,FALSE,FALSE,FALSE,,,,,,,,,,,FALSE
Influenza (H5N1 avian influenza),Rattus norvegicus,10116,host,FALSE,TRUE,TRUE,TRUE,both,Alphainfluenzavirus influenzae (H5N1),mammalia,rodentia,muridae,PCR/Sequencing,host_presence_only,low,TRUE,candidate_only,,,,,,,,FALSE,FALSE,FALSE,,,,,,,,,,,FALSE
Influenza (H5N1 avian influenza),Regulus satrapa,13245,host,FALSE,TRUE,TRUE,TRUE,both,Alphainfluenzavirus influenzae (H5N1),aves,passeriformes,regulidae,PCR/Sequencing,host_presence_only,low,TRUE,candidate_only,,,,,,,,FALSE,FALSE,FALSE,,,,,,,,,,,FALSE
Influenza (H5N1 avian influenza),Rhynchotus rufescens,30466,host,FALSE,TRUE,TRUE,TRUE,both,Alphainfluenzavirus influenzae (H5N1),aves,struthioniformes,tinamidae,PCR/Sequencing,host_presence_only,low,TRUE,candidate_only,,,,,,,,FALSE,FALSE,FALSE,,,,,,,,,,,FALSE
Influenza (H5N1 avian influenza),Rissa tridactyla,75485,host,FALSE,TRUE,TRUE,TRUE,both,Alphainfluenzavirus influenzae (H5N1),aves,charadriiformes,laridae,PCR/Sequencing,host_presence_only,low,TRUE,candidate_only,,,,,,,,FALSE,FALSE,FALSE,,,,,,,,,,,FALSE
Influenza (H5N1 avian influenza),Rousettus aegyptiacus,9407,host,FALSE,TRUE,TRUE,TRUE,both,Alphainfluenzavirus influenzae (H5N1),mammalia,chiroptera,pteropodidae,PCR/Sequencing,host_presence_only,low,TRUE,candidate_only,,,,,,,,FALSE,FALSE,FALSE,,,,,,,,,,,FALSE
Influenza (H5N1 avian influenza),Rousettus amplexicaudatus,58083,host,FALSE,TRUE,TRUE,TRUE,both,Alphainfluenzavirus influenzae (H5N1),mammalia,chiroptera,pteropodidae,PCR/Sequencing,host_presence_only,low,TRUE,candidate_only,,,,,,,,FALSE,FALSE,FALSE,,,,,,,,,,,FALSE
Influenza (H5N1 avian influenza),Rousettus leschenaultii,9408,host,FALSE,TRUE,TRUE,TRUE,both,Alphainfluenzavirus influenzae (H5N1),mammalia,chiroptera,pteropodidae,Antibodies,host_presence_only,low,TRUE,candidate_only,,,,,,,,FALSE,FALSE,FALSE,,,,,,,,,,,FALSE
Influenza (H5N1 avian influenza),Rynchops niger,227184,host,FALSE,TRUE,TRUE,TRUE,both,Alphainfluenzavirus influenzae (H5N1),aves,charadriiformes,laridae,PCR/Sequencing,host_presence_only,low,TRUE,candidate_only,,,,,,,,FALSE,FALSE,FALSE,,,,,,,,,,,FALSE
Influenza (H5N1 avian influenza),Sarkidiornis sylvicola,1577981,host,FALSE,TRUE,TRUE,TRUE,both,Alphainfluenzavirus influenzae (H5N1),aves,anseriformes,anatidae,PCR/Sequencing,host_presence_only,low,TRUE,candidate_only,,,,,,,,FALSE,FALSE,FALSE,,,,,,,,,,,FALSE
Influenza (H5N1 avian influenza),Saxicola torquatus,230656,host,FALSE,TRUE,TRUE,TRUE,both,Alphainfluenzavirus influenzae (H5N1),aves,passeriformes,muscicapidae,PCR/Sequencing,host_presence_only,low,TRUE,candidate_only,,,,,,,,FALSE,FALSE,FALSE,,,,,,,,,,,FALSE
Influenza (H5N1 avian influenza),Scolopax minor,56299,host,FALSE,TRUE,TRUE,TRUE,both,Alphainfluenzavirus influenzae (H5N1),aves,charadriiformes,scolopacidae,PCR/Sequencing,host_presence_only,low,TRUE,candidate_only,,,,,,,,FALSE,FALSE,FALSE,,,,,,,,,,,FALSE
Influenza (H5N1 avian influenza),Scolopax rusticola,100826,host,FALSE,TRUE,TRUE,TRUE,both,Alphainfluenzavirus influenzae (H5N1),aves,charadriiformes,scolopacidae,PCR/Sequencing,host_presence_only,low,TRUE,candidate_only,,,,,,,,FALSE,FALSE,FALSE,,,,,,,,,,,FALSE
Influenza (H5N1 avian influenza),Semnopithecus entellus,88029,host,FALSE,TRUE,TRUE,TRUE,both,Alphainfluenzavirus influenzae (H5N1),mammalia,primates,cercopithecidae,Antibodies,host_presence_only,low,TRUE,candidate_only,,,,,,,,FALSE,FALSE,FALSE,,,,,,,,,,,FALSE
Influenza (H5N1 avian influenza),Setophaga auduboni,1037455,host,FALSE,TRUE,TRUE,TRUE,both,Alphainfluenzavirus influenzae (H5N1),aves,passeriformes,parulidae,PCR/Sequencing,host_presence_only,low,TRUE,candidate_only,,,,,,,,FALSE,FALSE,FALSE,,,,,,,,,,,FALSE
Influenza (H5N1 avian influenza),Sibirionetta formosa,56278,host,FALSE,TRUE,TRUE,TRUE,both,Alphainfluenzavirus influenzae (H5N1),aves,anseriformes,anatidae,PCR/Sequencing,host_presence_only,low,TRUE,candidate_only,,,,,,,,FALSE,FALSE,FALSE,,,,,,,,,,,FALSE
Influenza (H5N1 avian influenza),Somateria fischeri,50367,host,FALSE,TRUE,TRUE,TRUE,both,Alphainfluenzavirus influenzae (H5N1),aves,anseriformes,anatidae,PCR/Sequencing,host_presence_only,low,TRUE,candidate_only,,,,,,,,FALSE,FALSE,FALSE,,,,,,,,,,,FALSE
Influenza (H5N1 avian influenza),Somateria mollissima,76058,host,FALSE,TRUE,TRUE,TRUE,both,Alphainfluenzavirus influenzae (H5N1),aves,anseriformes,anatidae,PCR/Sequencing,host_presence_only,low,TRUE,candidate_only,,,,,,,,FALSE,FALSE,FALSE,,,,,,,,,,,FALSE
Influenza (H5N1 avian influenza),Somateria spectabilis,203439,host,FALSE,TRUE,TRUE,TRUE,both,Alphainfluenzavirus influenzae (H5N1),aves,anseriformes,anatidae,PCR/Sequencing,host_presence_only,low,TRUE,candidate_only,,,,,,,,FALSE,FALSE,FALSE,,,,,,,,,,,FALSE
Influenza (H5N1 avian influenza),Spatula clypeata,75838,host,FALSE,TRUE,TRUE,TRUE,both,Alphainfluenzavirus influenzae (H5N1),aves,anseriformes,anatidae,Isolation/Observation; PCR/Sequencing,host_presence_only,low,TRUE,candidate_only,,,,,,,,FALSE,FALSE,FALSE,,,,,,,,,,,FALSE
Influenza (H5N1 avian influenza),Spatula cyanoptera,75840,host,FALSE,TRUE,TRUE,TRUE,both,Alphainfluenzavirus influenzae (H5N1),aves,anseriformes,anatidae,PCR/Sequencing,host_presence_only,low,TRUE,candidate_only,,,,,,,,FALSE,FALSE,FALSE,,,,,,,,,,,FALSE
Influenza (H5N1 avian influenza),Spatula discors,75842,host,FALSE,TRUE,TRUE,TRUE,both,Alphainfluenzavirus influenzae (H5N1),aves,anseriformes,anatidae,Isolation/Observation; PCR/Sequencing,host_presence_only,low,TRUE,candidate_only,,,,,,,,FALSE,FALSE,FALSE,,,,,,,,,,,FALSE
Influenza (H5N1 avian influenza),Spatula platalea,75853,host,FALSE,TRUE,TRUE,TRUE,both,Alphainfluenzavirus influenzae (H5N1),aves,anseriformes,anatidae,PCR/Sequencing,host_presence_only,low,TRUE,candidate_only,,,,,,,,FALSE,FALSE,FALSE,,,,,,,,,,,FALSE
Influenza (H5N1 avian influenza),Spatula querquedula,75856,host,FALSE,TRUE,TRUE,TRUE,both,Alphainfluenzavirus influenzae (H5N1),aves,anseriformes,anatidae,PCR/Sequencing,host_presence_only,low,TRUE,candidate_only,,,,,,,,FALSE,FALSE,FALSE,,,,,,,,,,,FALSE
Influenza (H5N1 avian influenza),Spatula versicolor,75863,host,FALSE,TRUE,TRUE,TRUE,both,Alphainfluenzavirus influenzae (H5N1),aves,anseriformes,anatidae,PCR/Sequencing,host_presence_only,low,TRUE,candidate_only,,,,,,,,FALSE,FALSE,FALSE,,,,,,,,,,,FALSE
Influenza (H5N1 avian influenza),Spheniscus demersus,92683,host,FALSE,TRUE,TRUE,TRUE,both,Alphainfluenzavirus influenzae (H5N1),aves,sphenisciformes,spheniscidae,PCR/Sequencing,host_presence_only,low,TRUE,candidate_only,,,,,,,,FALSE,FALSE,FALSE,,,,,,,,,,,FALSE
Influenza (H5N1 avian influenza),Spheniscus humboldti,9240,host,FALSE,TRUE,TRUE,TRUE,both,Alphainfluenzavirus influenzae (H5N1),aves,sphenisciformes,spheniscidae,PCR/Sequencing,host_presence_only,low,TRUE,candidate_only,,,,,,,,FALSE,FALSE,FALSE,,,,,,,,,,,FALSE
Influenza (H5N1 avian influenza),Spilopelia chinensis,115700,host,FALSE,TRUE,TRUE,TRUE,both,Alphainfluenzavirus influenzae (H5N1),aves,columbiformes,columbidae,PCR/Sequencing,host_presence_only,low,TRUE,candidate_only,,,,,,,,FALSE,FALSE,FALSE,,,,,,,,,,,FALSE
Influenza (H5N1 avian influenza),Spodiopsar sericeus,3151063,host,FALSE,TRUE,TRUE,TRUE,both,Alphainfluenzavirus influenzae (H5N1),aves,passeriformes,sturnidae,PCR/Sequencing,host_presence_only,low,TRUE,candidate_only,,,,,,,,FALSE,FALSE,FALSE,,,,,,,,,,,FALSE
Influenza (H5N1 avian influenza),Stercorarius antarcticus,54054,host,FALSE,TRUE,TRUE,TRUE,both,Alphainfluenzavirus influenzae (H5N1),,,,PCR/Sequencing,host_presence_only,low,TRUE,candidate_only,,,,,,,,FALSE,FALSE,FALSE,,,,,,,,,,,FALSE
Influenza (H5N1 avian influenza),Stercorarius maccormicki,395889,host,FALSE,TRUE,TRUE,TRUE,both,Alphainfluenzavirus influenzae (H5N1),,,,PCR/Sequencing,host_presence_only,low,TRUE,candidate_only,,,,,,,,FALSE,FALSE,FALSE,,,,,,,,,,,FALSE
Influenza (H5N1 avian influenza),Sterna hirundinacea,227186,host,FALSE,TRUE,TRUE,TRUE,both,Alphainfluenzavirus influenzae (H5N1),aves,charadriiformes,laridae,PCR/Sequencing,host_presence_only,low,TRUE,candidate_only,,,,,,,,FALSE,FALSE,FALSE,,,,,,,,,,,FALSE
Influenza (H5N1 avian influenza),Sterna hirundo,108405,host,FALSE,TRUE,TRUE,TRUE,both,Alphainfluenzavirus influenzae (H5N1),aves,charadriiformes,laridae,Isolation/Observation; PCR/Sequencing,host_presence_only,low,TRUE,candidate_only,,,,,,,,FALSE,FALSE,FALSE,,,,,,,,,,,FALSE
Influenza (H5N1 avian influenza),Sterna paradisaea,279953,host,FALSE,TRUE,TRUE,TRUE,both,Alphainfluenzavirus influenzae (H5N1),aves,charadriiformes,laridae,PCR/Sequencing,host_presence_only,low,TRUE,candidate_only,,,,,,,,FALSE,FALSE,FALSE,,,,,,,,,,,FALSE
Influenza (H5N1 avian influenza),Sterna vittata,297828,host,FALSE,TRUE,TRUE,TRUE,both,Alphainfluenzavirus influenzae (H5N1),aves,charadriiformes,laridae,PCR/Sequencing,host_presence_only,low,TRUE,candidate_only,,,,,,,,FALSE,FALSE,FALSE,,,,,,,,,,,FALSE
Influenza (H5N1 avian influenza),Sternula albifrons,507597,host,FALSE,TRUE,TRUE,TRUE,both,Alphainfluenzavirus influenzae (H5N1),aves,charadriiformes,laridae,PCR/Sequencing,host_presence_only,low,TRUE,candidate_only,,,,,,,,FALSE,FALSE,FALSE,,,,,,,,,,,FALSE
Influenza (H5N1 avian influenza),Streptopelia decaocto,177147,host,FALSE,TRUE,TRUE,TRUE,both,Alphainfluenzavirus influenzae (H5N1),aves,columbiformes,columbidae,PCR/Sequencing,host_presence_only,low,TRUE,candidate_only,,,,,,,,FALSE,FALSE,FALSE,,,,,,,,,,,FALSE
Influenza (H5N1 avian influenza),Strix aluco,111821,host,FALSE,TRUE,TRUE,TRUE,both,Alphainfluenzavirus influenzae (H5N1),aves,strigiformes,strigidae,PCR/Sequencing,host_presence_only,low,TRUE,candidate_only,,,,,,,,FALSE,FALSE,FALSE,,,,,,,,,,,FALSE
Influenza (H5N1 avian influenza),Strix nebulosa,126836,host,FALSE,TRUE,TRUE,TRUE,both,Alphainfluenzavirus influenzae (H5N1),aves,strigiformes,strigidae,PCR/Sequencing,host_presence_only,low,TRUE,candidate_only,,,,,,,,FALSE,FALSE,FALSE,,,,,,,,,,,FALSE
Influenza (H5N1 avian influenza),Strix uralensis,36305,host,FALSE,TRUE,TRUE,TRUE,both,Alphainfluenzavirus influenzae (H5N1),aves,strigiformes,strigidae,PCR/Sequencing,host_presence_only,low,TRUE,candidate_only,,,,,,,,FALSE,FALSE,FALSE,,,,,,,,,,,FALSE
Influenza (H5N1 avian influenza),Struthio camelus,8801,host,FALSE,TRUE,TRUE,TRUE,both,Alphainfluenzavirus influenzae (H5N1),aves,struthioniformes,struthionidae,Isolation/Observation; Not specified; PCR/Sequencing,host_presence_only,low,TRUE,candidate_only,,,,,,,,FALSE,FALSE,FALSE,,,,,,,,,,,FALSE
Influenza (H5N1 avian influenza),Sturnira lilium,27660,host,FALSE,TRUE,TRUE,TRUE,both,Alphainfluenzavirus influenzae (H5N1),mammalia,chiroptera,phyllostomidae,PCR/Sequencing,host_presence_only,low,TRUE,candidate_only,,,,,,,,FALSE,FALSE,FALSE,,,,,,,,,,,FALSE
Influenza (H5N1 avian influenza),Sturnus vulgaris,9172,host,FALSE,TRUE,TRUE,TRUE,both,Alphainfluenzavirus influenzae (H5N1),aves,passeriformes,sturnidae,PCR/Sequencing,host_presence_only,low,TRUE,candidate_only,,,,,,,,FALSE,FALSE,FALSE,,,,,,,,,,,FALSE
Influenza (H5N1 avian influenza),Sula leucogaster,57661,host,FALSE,TRUE,TRUE,TRUE,both,Alphainfluenzavirus influenzae (H5N1),aves,suliformes,sulidae,PCR/Sequencing,host_presence_only,low,TRUE,candidate_only,,,,,,,,FALSE,FALSE,FALSE,,,,,,,,,,,FALSE
Influenza (H5N1 avian influenza),Sula variegata,57663,host,FALSE,TRUE,TRUE,TRUE,both,Alphainfluenzavirus influenzae (H5N1),aves,suliformes,sulidae,PCR/Sequencing,host_presence_only,low,TRUE,candidate_only,,,,,,,,FALSE,FALSE,FALSE,,,,,,,,,,,FALSE
Influenza (H5N1 avian influenza),Suncus murinus,9378,host,FALSE,TRUE,TRUE,TRUE,both,Alphainfluenzavirus influenzae (H5N1),mammalia,eulipotyphla,soricidae,PCR/Sequencing,host_presence_only,low,TRUE,candidate_only,,,,,,,,FALSE,FALSE,FALSE,,,,,,,,,,,FALSE
Influenza (H5N1 avian influenza),Suricata suricatta,37032,host,FALSE,TRUE,TRUE,TRUE,both,Alphainfluenzavirus influenzae (H5N1),mammalia,carnivora,herpestidae,PCR/Sequencing,host_presence_only,low,TRUE,candidate_only,,,,,,,,FALSE,FALSE,FALSE,,,,,,,,,,,FALSE
Influenza (H5N1 avian influenza),Sus scrofa,415978,host,FALSE,TRUE,TRUE,TRUE,both,Alphainfluenzavirus influenzae (H5N1),mammalia,artiodactyla,suidae,PCR/Sequencing,host_presence_only,low,TRUE,candidate_only,,,,,,,,FALSE,FALSE,FALSE,,,,,,,,,,,FALSE
Influenza (H5N1 avian influenza),Sus scrofa,9823,host,FALSE,TRUE,TRUE,TRUE,both,Alphainfluenzavirus influenzae (H5N1),mammalia,artiodactyla,suidae,Antibodies; Isolation/Observation; Not specified; PCR/Sequencing,host_presence_only,low,TRUE,candidate_only,,,,,,,,FALSE,FALSE,FALSE,,,,,,,,,,,FALSE
Influenza (H5N1 avian influenza),Sus scrofa,9825,host,FALSE,TRUE,TRUE,TRUE,both,Alphainfluenzavirus influenzae (H5N1),mammalia,artiodactyla,suidae,PCR/Sequencing,host_presence_only,low,TRUE,candidate_only,,,,,,,,FALSE,FALSE,FALSE,,,,,,,,,,,FALSE
Influenza (H5N1 avian influenza),Syrrhaptes paradoxus,302527,host,FALSE,TRUE,TRUE,TRUE,both,Alphainfluenzavirus influenzae (H5N1),aves,pterocliformes,pteroclidae,PCR/Sequencing,host_presence_only,low,TRUE,candidate_only,,,,,,,,FALSE,FALSE,FALSE,,,,,,,,,,,FALSE
Influenza (H5N1 avian influenza),Tachybaptus ruficollis,100828,host,FALSE,TRUE,TRUE,TRUE,both,Alphainfluenzavirus influenzae (H5N1),aves,podicipediformes,podicipedidae,PCR/Sequencing,host_presence_only,low,TRUE,candidate_only,,,,,,,,FALSE,FALSE,FALSE,,,,,,,,,,,FALSE
Influenza (H5N1 avian influenza),Tadorna ferruginea,45639,host,FALSE,TRUE,TRUE,TRUE,both,Alphainfluenzavirus influenzae (H5N1),aves,anseriformes,anatidae,Isolation/Observation; PCR/Sequencing,host_presence_only,low,TRUE,candidate_only,,,,,,,,FALSE,FALSE,FALSE,,,,,,,,,,,FALSE
Influenza (H5N1 avian influenza),Tadorna tadorna,75865,host,FALSE,TRUE,TRUE,TRUE,both,Alphainfluenzavirus influenzae (H5N1),aves,anseriformes,anatidae,Isolation/Observation; PCR/Sequencing,host_presence_only,low,TRUE,candidate_only,,,,,,,,FALSE,FALSE,FALSE,,,,,,,,,,,FALSE
Influenza (H5N1 avian influenza),Tadorna tadornoides,45638,host,FALSE,TRUE,TRUE,TRUE,both,Alphainfluenzavirus influenzae (H5N1),aves,anseriformes,anatidae,PCR/Sequencing,host_presence_only,low,TRUE,candidate_only,,,,,,,,FALSE,FALSE,FALSE,,,,,,,,,,,FALSE
Influenza (H5N1 avian influenza),Taphozous perforatus,1381355,host,FALSE,TRUE,TRUE,TRUE,both,Alphainfluenzavirus influenzae (H5N1),mammalia,chiroptera,emballonuridae,PCR/Sequencing,host_presence_only,low,TRUE,candidate_only,,,,,,,,FALSE,FALSE,FALSE,,,,,,,,,,,FALSE
Influenza (H5N1 avian influenza),Thalasseus elegans,297817,host,FALSE,TRUE,TRUE,TRUE,both,Alphainfluenzavirus influenzae (H5N1),aves,charadriiformes,laridae,PCR/Sequencing,host_presence_only,low,TRUE,candidate_only,,,,,,,,FALSE,FALSE,FALSE,,,,,,,,,,,FALSE
Influenza (H5N1 avian influenza),Thalasseus maximus,555356,host,FALSE,TRUE,TRUE,TRUE,both,Alphainfluenzavirus influenzae (H5N1),aves,charadriiformes,laridae,PCR/Sequencing,host_presence_only,low,TRUE,candidate_only,,,,,,,,FALSE,FALSE,FALSE,,,,,,,,,,,FALSE
Influenza (H5N1 avian influenza),Thalasseus sandvicensis,126723,host,FALSE,TRUE,TRUE,TRUE,both,Alphainfluenzavirus influenzae (H5N1),aves,charadriiformes,laridae,PCR/Sequencing,host_presence_only,low,TRUE,candidate_only,,,,,,,,FALSE,FALSE,FALSE,,,,,,,,,,,FALSE
Influenza (H5N1 avian influenza),Threskiornis aethiopicus,100858,host,FALSE,TRUE,TRUE,TRUE,both,Alphainfluenzavirus influenzae (H5N1),aves,pelecaniformes,threskiornithidae,PCR/Sequencing,host_presence_only,low,TRUE,candidate_only,,,,,,,,FALSE,FALSE,FALSE,,,,,,,,,,,FALSE
Influenza (H5N1 avian influenza),Thryomanes bewickii,241536,host,FALSE,TRUE,TRUE,TRUE,both,Alphainfluenzavirus influenzae (H5N1),aves,passeriformes,troglodytidae,PCR/Sequencing,host_presence_only,low,TRUE,candidate_only,,,,,,,,FALSE,FALSE,FALSE,,,,,,,,,,,FALSE
Influenza (H5N1 avian influenza),Tringa glareola,171269,host,FALSE,TRUE,TRUE,TRUE,both,Alphainfluenzavirus influenzae (H5N1),aves,charadriiformes,scolopacidae,PCR/Sequencing,host_presence_only,low,TRUE,candidate_only,,,,,,,,FALSE,FALSE,FALSE,,,,,,,,,,,FALSE
Influenza (H5N1 avian influenza),Tringa semipalmata,507600,host,FALSE,TRUE,TRUE,TRUE,both,Alphainfluenzavirus influenzae (H5N1),aves,charadriiformes,scolopacidae,PCR/Sequencing,host_presence_only,low,TRUE,candidate_only,,,,,,,,FALSE,FALSE,FALSE,,,,,,,,,,,FALSE
Influenza (H5N1 avian influenza),Tringa totanus,171271,host,FALSE,TRUE,TRUE,TRUE,both,Alphainfluenzavirus influenzae (H5N1),aves,charadriiformes,scolopacidae,PCR/Sequencing,host_presence_only,low,TRUE,candidate_only,,,,,,,,FALSE,FALSE,FALSE,,,,,,,,,,,FALSE
Influenza (H5N1 avian influenza),Turdus merula,9187,host,FALSE,TRUE,TRUE,TRUE,both,Alphainfluenzavirus influenzae (H5N1),aves,passeriformes,turdidae,PCR/Sequencing,host_presence_only,low,TRUE,candidate_only,,,,,,,,FALSE,FALSE,FALSE,,,,,,,,,,,FALSE
Influenza (H5N1 avian influenza),Turdus migratorius,9188,host,FALSE,TRUE,TRUE,TRUE,both,Alphainfluenzavirus influenzae (H5N1),aves,passeriformes,turdidae,PCR/Sequencing,host_presence_only,low,TRUE,candidate_only,,,,,,,,FALSE,FALSE,FALSE,,,,,,,,,,,FALSE
Influenza (H5N1 avian influenza),Turdus pilaris,357736,host,FALSE,TRUE,TRUE,TRUE,both,Alphainfluenzavirus influenzae (H5N1),aves,passeriformes,turdidae,PCR/Sequencing,host_presence_only,low,TRUE,candidate_only,,,,,,,,FALSE,FALSE,FALSE,,,,,,,,,,,FALSE
Influenza (H5N1 avian influenza),Tursiops truncatus,9739,host,FALSE,TRUE,TRUE,TRUE,both,Alphainfluenzavirus influenzae (H5N1),mammalia,artiodactyla,delphinidae,PCR/Sequencing,host_presence_only,low,TRUE,candidate_only,,,,,,,,FALSE,FALSE,FALSE,,,,,,,,,,,FALSE
Influenza (H5N1 avian influenza),Tyto alba,56313,host,FALSE,TRUE,TRUE,TRUE,both,Alphainfluenzavirus influenzae (H5N1),aves,strigiformes,tytonidae,PCR/Sequencing,host_presence_only,low,TRUE,candidate_only,,,,,,,,FALSE,FALSE,FALSE,,,,,,,,,,,FALSE
Influenza (H5N1 avian influenza),Tyto furcata,507989,host,FALSE,TRUE,TRUE,TRUE,both,Alphainfluenzavirus influenzae (H5N1),,,,PCR/Sequencing,host_presence_only,low,TRUE,candidate_only,,,,,,,,FALSE,FALSE,FALSE,,,,,,,,,,,FALSE
Influenza (H5N1 avian influenza),Uria aalge,13746,host,FALSE,TRUE,TRUE,TRUE,both,Alphainfluenzavirus influenzae (H5N1),aves,charadriiformes,alcidae,PCR/Sequencing,host_presence_only,low,TRUE,candidate_only,,,,,,,,FALSE,FALSE,FALSE,,,,,,,,,,,FALSE
Influenza (H5N1 avian influenza),Uria lomvia,28711,host,FALSE,TRUE,TRUE,TRUE,both,Alphainfluenzavirus influenzae (H5N1),aves,charadriiformes,alcidae,PCR/Sequencing,host_presence_only,low,TRUE,candidate_only,,,,,,,,FALSE,FALSE,FALSE,,,,,,,,,,,FALSE
Influenza (H5N1 avian influenza),Urocissa erythroryncha,56796,host,FALSE,TRUE,TRUE,TRUE,both,Alphainfluenzavirus influenzae (H5N1),aves,passeriformes,corvidae,PCR/Sequencing,host_presence_only,low,TRUE,candidate_only,,,,,,,,FALSE,FALSE,FALSE,,,,,,,,,,,FALSE
Influenza (H5N1 avian influenza),Ursus americanus,9643,host,FALSE,TRUE,TRUE,TRUE,both,Alphainfluenzavirus influenzae (H5N1),mammalia,carnivora,ursidae,PCR/Sequencing,host_presence_only,low,TRUE,candidate_only,,,,,,,,FALSE,FALSE,FALSE,,,,,,,,,,,FALSE
Influenza (H5N1 avian influenza),Ursus arctos,9644,host,FALSE,TRUE,TRUE,TRUE,both,Alphainfluenzavirus influenzae (H5N1),mammalia,carnivora,ursidae,PCR/Sequencing,host_presence_only,low,TRUE,candidate_only,,,,,,,,FALSE,FALSE,FALSE,,,,,,,,,,,FALSE
Influenza (H5N1 avian influenza),Ursus maritimus,29073,host,FALSE,TRUE,TRUE,TRUE,both,Alphainfluenzavirus influenzae (H5N1),mammalia,carnivora,ursidae,PCR/Sequencing,host_presence_only,low,TRUE,candidate_only,,,,,,,,FALSE,FALSE,FALSE,,,,,,,,,,,FALSE
Influenza (H5N1 avian influenza),Vanellus chilensis,50404,host,FALSE,TRUE,TRUE,TRUE,both,Alphainfluenzavirus influenzae (H5N1),aves,charadriiformes,charadriidae,PCR/Sequencing,host_presence_only,low,TRUE,candidate_only,,,,,,,,FALSE,FALSE,FALSE,,,,,,,,,,,FALSE
Influenza (H5N1 avian influenza),Vanellus spinosus,8909,host,FALSE,TRUE,TRUE,TRUE,both,Alphainfluenzavirus influenzae (H5N1),aves,charadriiformes,charadriidae,PCR/Sequencing,host_presence_only,low,TRUE,candidate_only,,,,,,,,FALSE,FALSE,FALSE,,,,,,,,,,,FALSE
Influenza (H5N1 avian influenza),Vanellus vanellus,100859,host,FALSE,TRUE,TRUE,TRUE,both,Alphainfluenzavirus influenzae (H5N1),aves,charadriiformes,charadriidae,PCR/Sequencing,host_presence_only,low,TRUE,candidate_only,,,,,,,,FALSE,FALSE,FALSE,,,,,,,,,,,FALSE
Influenza (H5N1 avian influenza),Vicugna pacos,30538,host,FALSE,TRUE,TRUE,TRUE,both,Alphainfluenzavirus influenzae (H5N1),,,,PCR/Sequencing,host_presence_only,low,TRUE,candidate_only,,,,,,,,FALSE,FALSE,FALSE,,,,,,,,,,,FALSE
Influenza (H5N1 avian influenza),Vulpes vulpes,9627,host,FALSE,TRUE,TRUE,TRUE,both,Alphainfluenzavirus influenzae (H5N1),mammalia,carnivora,canidae,PCR/Sequencing,host_presence_only,low,TRUE,candidate_only,,,,,,,,FALSE,FALSE,FALSE,,,,,,,,,,,FALSE
Influenza (H5N1 avian influenza),Xema sabini,128050,host,FALSE,TRUE,TRUE,TRUE,both,Alphainfluenzavirus influenzae (H5N1),aves,charadriiformes,laridae,PCR/Sequencing,host_presence_only,low,TRUE,candidate_only,,,,,,,,FALSE,FALSE,FALSE,,,,,,,,,,,FALSE
Influenza (H5N1 avian influenza),Zalophus californianus,9704,host,FALSE,TRUE,TRUE,TRUE,both,Alphainfluenzavirus influenzae (H5N1),mammalia,carnivora,otariidae,PCR/Sequencing,host_presence_only,low,TRUE,candidate_only,,,,,,,,FALSE,FALSE,FALSE,,,,,,,,,,,FALSE
Influenza (H5N1 avian influenza),Zenaida asiatica,93382,host,FALSE,TRUE,TRUE,TRUE,both,Alphainfluenzavirus influenzae (H5N1),aves,columbiformes,columbidae,PCR/Sequencing,host_presence_only,low,TRUE,candidate_only,,,,,,,,FALSE,FALSE,FALSE,,,,,,,,,,,FALSE
Influenza (H5N1 avian influenza),Zoothera dauma,36288,host,FALSE,TRUE,TRUE,TRUE,both,Alphainfluenzavirus influenzae (H5N1),aves,passeriformes,turdidae,PCR/Sequencing,host_presence_only,low,TRUE,candidate_only,,,,,,,,FALSE,FALSE,FALSE,,,,,,,,,,,FALSE
Influenza (H5N1 avian influenza),Zosterops japonicus,36299,host,FALSE,TRUE,TRUE,TRUE,both,Alphainfluenzavirus influenzae (H5N1),aves,passeriformes,zosteropidae,PCR/Sequencing,host_presence_only,low,TRUE,candidate_only,,,,,,,,FALSE,FALSE,FALSE,,,,,,,,,,,FALSE
Influenza (H5N1 avian influenza),actitis hypoleucos,320702,host,FALSE,TRUE,TRUE,TRUE,both,Alphainfluenzavirus influenzae (H5N1),,,,PCR/Sequencing,host_presence_only,low,TRUE,candidate_only,,,,,,,,FALSE,FALSE,FALSE,,,,,,,,,,,FALSE
Influenza (H5N1 avian influenza),anarhynchus collaris,50395,host,FALSE,TRUE,TRUE,TRUE,both,Alphainfluenzavirus influenzae (H5N1),,,,PCR/Sequencing,host_presence_only,low,TRUE,candidate_only,,,,,,,,FALSE,FALSE,FALSE,,,,,,,,,,,FALSE
Influenza (H5N1 avian influenza),anarhynchus nivosus,985688,host,FALSE,TRUE,TRUE,TRUE,both,Alphainfluenzavirus influenzae (H5N1),,,,PCR/Sequencing,host_presence_only,low,TRUE,candidate_only,,,,,,,,FALSE,FALSE,FALSE,,,,,,,,,,,FALSE
Influenza (H5N1 avian influenza),anourosorex squamipes,127560,host,FALSE,TRUE,TRUE,TRUE,both,Alphainfluenzavirus influenzae (H5N1),,,,PCR/Sequencing,host_presence_only,low,TRUE,candidate_only,,,,,,,,FALSE,FALSE,FALSE,,,,,,,,,,,FALSE
Influenza (H5N1 avian influenza),anous stolidus,297802,host,FALSE,TRUE,TRUE,TRUE,both,Alphainfluenzavirus influenzae (H5N1),,,,PCR/Sequencing,host_presence_only,low,TRUE,candidate_only,,,,,,,,FALSE,FALSE,FALSE,,,,,,,,,,,FALSE
Influenza (H5N1 avian influenza),aptenodytes patagonicus,9234,host,FALSE,TRUE,TRUE,TRUE,both,Alphainfluenzavirus influenzae (H5N1),,,,PCR/Sequencing,host_presence_only,low,TRUE,candidate_only,,,,,,,,FALSE,FALSE,FALSE,,,,,,,,,,,FALSE
Influenza (H5N1 avian influenza),callorhinus ursinus,34884,host,FALSE,TRUE,TRUE,TRUE,both,Alphainfluenzavirus influenzae (H5N1),,,,Antibodies,host_presence_only,low,TRUE,candidate_only,,,,,,,,FALSE,FALSE,FALSE,,,,,,,,,,,FALSE
Influenza (H5N1 avian influenza),chloris sinica,1897774,host,FALSE,TRUE,TRUE,TRUE,both,Alphainfluenzavirus influenzae (H5N1),,,,PCR/Sequencing,host_presence_only,low,TRUE,candidate_only,,,,,,,,FALSE,FALSE,FALSE,,,,,,,,,,,FALSE
Influenza (H5N1 avian influenza),crocidura lasiura,167043,host,FALSE,TRUE,TRUE,TRUE,both,Alphainfluenzavirus influenzae (H5N1),,,,PCR/Sequencing,host_presence_only,low,TRUE,candidate_only,,,,,,,,FALSE,FALSE,FALSE,,,,,,,,,,,FALSE
Influenza (H5N1 avian influenza),crocidura shantungensis,183721,host,FALSE,TRUE,TRUE,TRUE,both,Alphainfluenzavirus influenzae (H5N1),,,,PCR/Sequencing,host_presence_only,low,TRUE,candidate_only,,,,,,,,FALSE,FALSE,FALSE,,,,,,,,,,,FALSE
Influenza (H5N1 avian influenza),cynopterus sphinx,9400,host,FALSE,TRUE,TRUE,TRUE,both,Alphainfluenzavirus influenzae (H5N1),,,,Antibodies,host_presence_only,low,TRUE,candidate_only,,,,,,,,FALSE,FALSE,FALSE,,,,,,,,,,,FALSE
Influenza (H5N1 avian influenza),cystophora cristata,39293,host,FALSE,TRUE,TRUE,TRUE,both,Alphainfluenzavirus influenzae (H5N1),,,,Antibodies,host_presence_only,low,TRUE,candidate_only,,,,,,,,FALSE,FALSE,FALSE,,,,,,,,,,,FALSE
Influenza (H5N1 avian influenza),delphinapterus leucas,9749,host,FALSE,TRUE,TRUE,TRUE,both,Alphainfluenzavirus influenzae (H5N1),,,,Antibodies,host_presence_only,low,TRUE,candidate_only,,,,,,,,FALSE,FALSE,FALSE,,,,,,,,,,,FALSE
Influenza (H5N1 avian influenza),furnarius rufus,81886,host,FALSE,TRUE,TRUE,TRUE,both,Alphainfluenzavirus influenzae (H5N1),,,,PCR/Sequencing,host_presence_only,low,TRUE,candidate_only,,,,,,,,FALSE,FALSE,FALSE,,,,,,,,,,,FALSE
Influenza (H5N1 avian influenza),grus americana,9117,host,FALSE,TRUE,TRUE,TRUE,both,Alphainfluenzavirus influenzae (H5N1),,,,PCR/Sequencing,host_presence_only,low,TRUE,candidate_only,,,,,,,,FALSE,FALSE,FALSE,,,,,,,,,,,FALSE
Influenza (H5N1 avian influenza),larus brachyrhynchus,666865,host,FALSE,TRUE,TRUE,TRUE,both,Alphainfluenzavirus influenzae (H5N1),,,,PCR/Sequencing,host_presence_only,low,TRUE,candidate_only,,,,,,,,FALSE,FALSE,FALSE,,,,,,,,,,,FALSE
Influenza (H5N1 avian influenza),larus mongolicus,119967,host,FALSE,TRUE,TRUE,TRUE,both,Alphainfluenzavirus influenzae (H5N1),,,,PCR/Sequencing,host_presence_only,low,TRUE,candidate_only,,,,,,,,FALSE,FALSE,FALSE,,,,,,,,,,,FALSE
Influenza (H5N1 avian influenza),larus sp.,3435965,host,FALSE,TRUE,TRUE,TRUE,both,Alphainfluenzavirus influenzae (H5N1),,,,PCR/Sequencing,host_presence_only,low,TRUE,candidate_only,,,,,,,,FALSE,FALSE,FALSE,,,,,,,,,,,FALSE
Influenza (H5N1 avian influenza),lobodon carcinophaga,101849,host,FALSE,TRUE,TRUE,TRUE,both,Alphainfluenzavirus influenzae (H5N1),,,,PCR/Sequencing,host_presence_only,low,TRUE,candidate_only,,,,,,,,FALSE,FALSE,FALSE,,,,,,,,,,,FALSE
Influenza (H5N1 avian influenza),lyroderma lyra,3371112,host,FALSE,TRUE,TRUE,TRUE,both,Alphainfluenzavirus influenzae (H5N1),,,,Antibodies,host_presence_only,low,TRUE,candidate_only,,,,,,,,FALSE,FALSE,FALSE,,,,,,,,,,,FALSE
Influenza (H5N1 avian influenza),macaca arctoides,9540,host,FALSE,TRUE,TRUE,TRUE,both,Alphainfluenzavirus influenzae (H5N1),,,,Antibodies,host_presence_only,low,TRUE,candidate_only,,,,,,,,FALSE,FALSE,FALSE,,,,,,,,,,,FALSE
Influenza (H5N1 avian influenza),macronectes giganteus,37057,host,FALSE,TRUE,TRUE,TRUE,both,Alphainfluenzavirus influenzae (H5N1),,,,PCR/Sequencing,host_presence_only,low,TRUE,candidate_only,,,,,,,,FALSE,FALSE,FALSE,,,,,,,,,,,FALSE
Influenza (H5N1 avian influenza),milvus milvus,43518,host,FALSE,TRUE,TRUE,TRUE,both,Alphainfluenzavirus influenzae (H5N1),,,,PCR/Sequencing,host_presence_only,low,TRUE,candidate_only,,,,,,,,FALSE,FALSE,FALSE,,,,,,,,,,,FALSE
Influenza (H5N1 avian influenza),odobenus rosmarus,9707,host,FALSE,TRUE,TRUE,TRUE,both,Alphainfluenzavirus influenzae (H5N1),,,,Antibodies,host_presence_only,low,TRUE,candidate_only,,,,,,,,FALSE,FALSE,FALSE,,,,,,,,,,,FALSE
Influenza (H5N1 avian influenza),phoca groenlandica,39089,host,FALSE,TRUE,TRUE,TRUE,both,Alphainfluenzavirus influenzae (H5N1),,,,Antibodies,host_presence_only,low,TRUE,candidate_only,,,,,,,,FALSE,FALSE,FALSE,,,,,,,,,,,FALSE
Influenza (H5N1 avian influenza),phocoenoides dalli,9744,host,FALSE,TRUE,TRUE,TRUE,both,Alphainfluenzavirus influenzae (H5N1),,,,Antibodies,host_presence_only,low,TRUE,candidate_only,,,,,,,,FALSE,FALSE,FALSE,,,,,,,,,,,FALSE
Influenza (H5N1 avian influenza),pipistrellus ceylonicus,1081694,host,FALSE,TRUE,TRUE,TRUE,both,Alphainfluenzavirus influenzae (H5N1),,,,Antibodies,host_presence_only,low,TRUE,candidate_only,,,,,,,,FALSE,FALSE,FALSE,,,,,,,,,,,FALSE
Influenza (H5N1 avian influenza),pusa hispida,9718,host,FALSE,TRUE,TRUE,TRUE,both,Alphainfluenzavirus influenzae (H5N1),,,,Antibodies,host_presence_only,low,TRUE,candidate_only,,,,,,,,FALSE,FALSE,FALSE,,,,,,,,,,,FALSE
Influenza (H5N1 avian influenza),pusa sibirica,9719,host,FALSE,TRUE,TRUE,TRUE,both,Alphainfluenzavirus influenzae (H5N1),,,,Antibodies,host_presence_only,low,TRUE,candidate_only,,,,,,,,FALSE,FALSE,FALSE,,,,,,,,,,,FALSE
Influenza (H5N1 avian influenza),spilopelia senegalensis,135635,host,FALSE,TRUE,TRUE,TRUE,both,Alphainfluenzavirus influenzae (H5N1),,,,PCR/Sequencing,host_presence_only,low,TRUE,candidate_only,,,,,,,,FALSE,FALSE,FALSE,,,,,,,,,,,FALSE
Influenza (H5N1 avian influenza),stercorarius antarcticus,555350,host,FALSE,TRUE,TRUE,TRUE,both,Alphainfluenzavirus influenzae (H5N1),,,,PCR/Sequencing,host_presence_only,low,TRUE,candidate_only,,,,,,,,FALSE,FALSE,FALSE,,,,,,,,,,,FALSE
Influenza (H5N1 avian influenza),stercorarius chilensis,54052,host,FALSE,TRUE,TRUE,TRUE,both,Alphainfluenzavirus influenzae (H5N1),,,,PCR/Sequencing,host_presence_only,low,TRUE,candidate_only,,,,,,,,FALSE,FALSE,FALSE,,,,,,,,,,,FALSE
Influenza (H5N1 avian influenza),theristicus caudatus,399597,host,FALSE,TRUE,TRUE,TRUE,both,Alphainfluenzavirus influenzae (H5N1),,,,PCR/Sequencing,host_presence_only,low,TRUE,candidate_only,,,,,,,,FALSE,FALSE,FALSE,,,,,,,,,,,FALSE
Influenza (H5N1 avian influenza),ursus sp.,9641,host,FALSE,TRUE,TRUE,TRUE,both,Alphainfluenzavirus influenzae (H5N1),,,,PCR/Sequencing,host_presence_only,low,TRUE,candidate_only,,,,,,,,FALSE,FALSE,FALSE,,,,,,,,,,,FALSE
Influenza (H7N9 avian influenza),Accipiter cooperii,261198,host,FALSE,,,,,,aves,accipitriformes,accipitridae,Isolation/Observation; PCR/Sequencing,host_presence_only,low,TRUE,candidate_only,,,,,,,,FALSE,FALSE,FALSE,,,,,,,,,,,FALSE
Influenza (H7N9 avian influenza),Accipiter nisus,211598,host,FALSE,,,,,,aves,accipitriformes,accipitridae,PCR/Sequencing,host_presence_only,low,TRUE,candidate_only,,,,,,,,FALSE,FALSE,FALSE,,,,,,,,,,,FALSE
Influenza (H7N9 avian influenza),Accipiter striatus,56330,host,FALSE,,,,,,aves,accipitriformes,accipitridae,PCR/Sequencing,host_presence_only,low,TRUE,candidate_only,,,,,,,,FALSE,FALSE,FALSE,,,,,,,,,,,FALSE
Influenza (H7N9 avian influenza),Accipiter trivirgatus,210844,host,FALSE,,,,,,aves,accipitriformes,accipitridae,PCR/Sequencing,host_presence_only,low,TRUE,candidate_only,,,,,,,,FALSE,FALSE,FALSE,,,,,,,,,,,FALSE
Influenza (H7N9 avian influenza),Acerodon celebensis,58057,host,FALSE,,,,,,mammalia,chiroptera,pteropodidae,PCR/Sequencing,host_presence_only,low,TRUE,candidate_only,,,,,,,,FALSE,FALSE,FALSE,,,,,,,,,,,FALSE
Influenza (H7N9 avian influenza),Acinonyx jubatus,32536,host,FALSE,,,,,,mammalia,carnivora,felidae,PCR/Sequencing,host_presence_only,low,TRUE,candidate_only,,,,,,,,FALSE,FALSE,FALSE,,,,,,,,,,,FALSE
Influenza (H7N9 avian influenza),Aechmophorus occidentalis,57236,host,FALSE,,,,,,aves,podicipediformes,podicipedidae,PCR/Sequencing,host_presence_only,low,TRUE,candidate_only,,,,,,,,FALSE,FALSE,FALSE,,,,,,,,,,,FALSE
Influenza (H7N9 avian influenza),Aegypius monachus,8959,host,FALSE,,,,,,aves,accipitriformes,accipitridae,PCR/Sequencing,host_presence_only,low,TRUE,candidate_only,,,,,,,,FALSE,FALSE,FALSE,,,,,,,,,,,FALSE
Influenza (H7N9 avian influenza),Agropsar sturninus,2675479,host,FALSE,,,,,,aves,passeriformes,sturnidae,PCR/Sequencing,host_presence_only,low,TRUE,candidate_only,,,,,,,,FALSE,FALSE,FALSE,,,,,,,,,,,FALSE
Influenza (H7N9 avian influenza),Ailuropoda melanoleuca,9646,host,FALSE,,,,,,mammalia,carnivora,ursidae,PCR/Sequencing,host_presence_only,low,TRUE,candidate_only,,,,,,,,FALSE,FALSE,FALSE,,,,,,,,,,,FALSE
Influenza (H7N9 avian influenza),Aix galericulata,8832,host,FALSE,,,,,,aves,anseriformes,anatidae,PCR/Sequencing,host_presence_only,low,TRUE,candidate_only,,,,,,,,FALSE,FALSE,FALSE,,,,,,,,,,,FALSE
Influenza (H7N9 avian influenza),Aix sponsa,8833,host,FALSE,,,,,,aves,anseriformes,anatidae,Isolation/Observation; PCR/Sequencing,host_presence_only,low,TRUE,candidate_only,,,,,,,,FALSE,FALSE,FALSE,,,,,,,,,,,FALSE
Influenza (H7N9 avian influenza),Alca torda,28689,host,FALSE,,,,,,aves,charadriiformes,alcidae,PCR/Sequencing,host_presence_only,low,TRUE,candidate_only,,,,,,,,FALSE,FALSE,FALSE,,,,,,,,,,,FALSE
Influenza (H7N9 avian influenza),Alectoris barbara,40177,host,FALSE,,,,,,aves,galliformes,phasianidae,PCR/Sequencing,host_presence_only,low,TRUE,candidate_only,,,,,,,,FALSE,FALSE,FALSE,,,,,,,,,,,FALSE
Influenza (H7N9 avian influenza),Alectoris chukar,9078,host,FALSE,,,,,,aves,galliformes,phasianidae,Isolation/Observation; PCR/Sequencing,host_presence_only,low,TRUE,candidate_only,,,,,,,,FALSE,FALSE,FALSE,,,,,,,,,,,FALSE
Influenza (H7N9 avian influenza),Alligator sinensis,38654,host,FALSE,,,,,,reptilia,crocodylia,alligatoridae,PCR/Sequencing,host_presence_only,low,TRUE,candidate_only,,,,,,,,FALSE,FALSE,FALSE,,,,,,,,,,,FALSE
Influenza (H7N9 avian influenza),Alopochen aegyptiaca,30382,host,FALSE,,,,,,aves,anseriformes,anatidae,PCR/Sequencing,host_presence_only,low,TRUE,candidate_only,,,,,,,,FALSE,FALSE,FALSE,,,,,,,,,,,FALSE
Influenza (H7N9 avian influenza),Amazona albifrons,241569,host,FALSE,,,,,,aves,psittaciformes,psittacidae,PCR/Sequencing,host_presence_only,low,TRUE,candidate_only,,,,,,,,FALSE,FALSE,FALSE,,,,,,,,,,,FALSE
Influenza (H7N9 avian influenza),Amazona autumnalis,151759,host,FALSE,,,,,,aves,psittaciformes,psittacidae,Isolation/Observation,host_presence_only,low,TRUE,candidate_only,,,,,,,,FALSE,FALSE,FALSE,,,,,,,,,,,FALSE
Influenza (H7N9 avian influenza),Amazona oratrix,152276,host,FALSE,,,,,,aves,psittaciformes,psittacidae,PCR/Sequencing,host_presence_only,low,TRUE,candidate_only,,,,,,,,FALSE,FALSE,FALSE,,,,,,,,,,,FALSE
Influenza (H7N9 avian influenza),Amazonetta brasiliensis,75867,host,FALSE,,,,,,aves,anseriformes,anatidae,PCR/Sequencing,host_presence_only,low,TRUE,candidate_only,,,,,,,,FALSE,FALSE,FALSE,,,,,,,,,,,FALSE
Influenza (H7N9 avian influenza),Anas,42806,host,FALSE,,,,,,,,,PCR/Sequencing,host_presence_only,low,TRUE,candidate_only,,,,,,,,FALSE,FALSE,FALSE,,,,,,,,,,,FALSE
Influenza (H7N9 avian influenza),Anas acuta,28680,host,FALSE,,,,,,aves,anseriformes,anatidae,Isolation/Observation; PCR/Sequencing,host_presence_only,low,TRUE,candidate_only,,,,,,,,FALSE,FALSE,FALSE,,,,,,,,,,,FALSE
Influenza (H7N9 avian influenza),Anas capensis,8837,host,FALSE,,,,,,aves,anseriformes,anatidae,PCR/Sequencing,host_presence_only,low,TRUE,candidate_only,,,,,,,,FALSE,FALSE,FALSE,,,,,,,,,,,FALSE
Influenza (H7N9 avian influenza),Anas carolinensis,75836,host,FALSE,,,,,,aves,anseriformes,anatidae,PCR/Sequencing,host_presence_only,low,TRUE,candidate_only,,,,,,,,FALSE,FALSE,FALSE,,,,,,,,,,,FALSE
Influenza (H7N9 avian influenza),Anas castanea,45631,host,FALSE,,,,,,aves,anseriformes,anatidae,PCR/Sequencing,host_presence_only,low,TRUE,candidate_only,,,,,,,,FALSE,FALSE,FALSE,,,,,,,,,,,FALSE
Influenza (H7N9 avian influenza),Anas crecca,75839,host,FALSE,,,,,,aves,anseriformes,anatidae,Antibodies; PCR/Sequencing,host_presence_only,low,TRUE,candidate_only,,,,,,,,FALSE,FALSE,FALSE,,,,,,,,,,,FALSE
Influenza (H7N9 avian influenza),Anas diazi,75841,host,FALSE,,,,,,,,,PCR/Sequencing,host_presence_only,low,TRUE,candidate_only,,,,,,,,FALSE,FALSE,FALSE,,,,,,,,,,,FALSE
Influenza (H7N9 avian influenza),Anas erythrorhyncha,75843,host,FALSE,,,,,,aves,anseriformes,anatidae,PCR/Sequencing,host_presence_only,low,TRUE,candidate_only,,,,,,,,FALSE,FALSE,FALSE,,,,,,,,,,,FALSE
Influenza (H7N9 avian influenza),Anas flavirostris,75845,host,FALSE,,,,,,aves,anseriformes,anatidae,PCR/Sequencing,host_presence_only,low,TRUE,candidate_only,,,,,,,,FALSE,FALSE,FALSE,,,,,,,,,,,FALSE
Influenza (H7N9 avian influenza),Anas fulvigula,75846,host,FALSE,,,,,,aves,anseriformes,anatidae,PCR/Sequencing,host_presence_only,low,TRUE,candidate_only,,,,,,,,FALSE,FALSE,FALSE,,,,,,,,,,,FALSE
Influenza (H7N9 avian influenza),Anas georgica,75847,host,FALSE,,,,,,aves,anseriformes,anatidae,PCR/Sequencing,host_presence_only,low,TRUE,candidate_only,,,,,,,,FALSE,FALSE,FALSE,,,,,,,,,,,FALSE
Influenza (H7N9 avian influenza),Anas gracilis,45630,host,FALSE,,,,,,aves,anseriformes,anatidae,PCR/Sequencing,host_presence_only,low,TRUE,candidate_only,,,,,,,,FALSE,FALSE,FALSE,,,,,,,,,,,FALSE
Influenza (H7N9 avian influenza),Anas platyrhynchos,8839,host,FALSE,,,,,,aves,anseriformes,anatidae,Isolation/Observation; Not specified; PCR/Sequencing,host_presence_only,low,TRUE,candidate_only,,,,,,,,FALSE,FALSE,FALSE,,,,,,,,,,,FALSE
Influenza (H7N9 avian influenza),Anas platyrhynchos,8840,host,FALSE,,,,,,aves,anseriformes,anatidae,PCR/Sequencing,host_presence_only,low,TRUE,candidate_only,,,,,,,,FALSE,FALSE,FALSE,,,,,,,,,,,FALSE
Influenza (H7N9 avian influenza),Anas poecilorhyncha,75854,host,FALSE,,,,,,aves,anseriformes,anatidae,Isolation/Observation; PCR/Sequencing,host_presence_only,low,TRUE,candidate_only,,,,,,,,FALSE,FALSE,FALSE,,,,,,,,,,,FALSE
Influenza (H7N9 avian influenza),Anas rubripes,75857,host,FALSE,,,,,,aves,anseriformes,anatidae,Isolation/Observation; PCR/Sequencing,host_presence_only,low,TRUE,candidate_only,,,,,,,,FALSE,FALSE,FALSE,,,,,,,,,,,FALSE
Influenza (H7N9 avian influenza),Anas superciliosa,45632,host,FALSE,,,,,,aves,anseriformes,anatidae,PCR/Sequencing,host_presence_only,low,TRUE,candidate_only,,,,,,,,FALSE,FALSE,FALSE,,,,,,,,,,,FALSE
Influenza (H7N9 avian influenza),Anas undulata,75862,host,FALSE,,,,,,aves,anseriformes,anatidae,PCR/Sequencing,host_presence_only,low,TRUE,candidate_only,,,,,,,,FALSE,FALSE,FALSE,,,,,,,,,,,FALSE
Influenza (H7N9 avian influenza),Anas zonorhyncha,75864,host,FALSE,,,,,,aves,anseriformes,anatidae,PCR/Sequencing,host_presence_only,low,TRUE,candidate_only,,,,,,,,FALSE,FALSE,FALSE,,,,,,,,,,,FALSE
Influenza (H7N9 avian influenza),Anastomus oscitans,1706835,host,FALSE,,,,,,aves,ciconiiformes,ciconiidae,PCR/Sequencing,host_presence_only,low,TRUE,candidate_only,,,,,,,,FALSE,FALSE,FALSE,,,,,,,,,,,FALSE
Influenza (H7N9 avian influenza),Anatidae,1867944,host,FALSE,,,,,,,,,PCR/Sequencing,host_presence_only,low,TRUE,candidate_only,,,,,,,,FALSE,FALSE,FALSE,,,,,,,,,,,FALSE
Influenza (H7N9 avian influenza),Anous tenuirostris,297803,host,FALSE,,,,,,aves,charadriiformes,laridae,PCR/Sequencing,host_presence_only,low,TRUE,candidate_only,,,,,,,,FALSE,FALSE,FALSE,,,,,,,,,,,FALSE
Influenza (H7N9 avian influenza),Anser,8847,host,FALSE,,,,,,,,,PCR/Sequencing,host_presence_only,low,TRUE,candidate_only,,,,,,,,FALSE,FALSE,FALSE,,,,,,,,,,,FALSE
Influenza (H7N9 avian influenza),Anser albifrons,50365,host,FALSE,,,,,,aves,anseriformes,anatidae,Isolation/Observation; PCR/Sequencing,host_presence_only,low,TRUE,candidate_only,,,,,,,,FALSE,FALSE,FALSE,,,,,,,,,,,FALSE
Influenza (H7N9 avian influenza),Anser anser,8843,host,FALSE,,,,,,aves,anseriformes,anatidae,Isolation/Observation; Not specified; PCR/Sequencing,host_presence_only,low,TRUE,candidate_only,,,,,,,,FALSE,FALSE,FALSE,,,,,,,,,,,FALSE
Influenza (H7N9 avian influenza),Anser brachyrhynchus,132585,host,FALSE,,,,,,aves,anseriformes,anatidae,PCR/Sequencing,host_presence_only,low,TRUE,candidate_only,,,,,,,,FALSE,FALSE,FALSE,,,,,,,,,,,FALSE
Influenza (H7N9 avian influenza),Anser caerulescens,440516,host,FALSE,,,,,,aves,anseriformes,anatidae,PCR/Sequencing,host_presence_only,low,TRUE,candidate_only,,,,,,,,FALSE,FALSE,FALSE,,,,,,,,,,,FALSE
Influenza (H7N9 avian influenza),Anser caerulescens,70340,host,FALSE,,,,,,aves,anseriformes,anatidae,PCR/Sequencing,host_presence_only,low,TRUE,candidate_only,,,,,,,,FALSE,FALSE,FALSE,,,,,,,,,,,FALSE
Influenza (H7N9 avian influenza),Anser caerulescens,8849,host,FALSE,,,,,,aves,anseriformes,anatidae,Isolation/Observation; PCR/Sequencing,host_presence_only,low,TRUE,candidate_only,,,,,,,,FALSE,FALSE,FALSE,,,,,,,,,,,FALSE
Influenza (H7N9 avian influenza),Anser canagicus,107021,host,FALSE,,,,,,aves,anseriformes,anatidae,PCR/Sequencing,host_presence_only,low,TRUE,candidate_only,,,,,,,,FALSE,FALSE,FALSE,,,,,,,,,,,FALSE
Influenza (H7N9 avian influenza),Anser cygnoides,8845,host,FALSE,,,,,,,,,PCR/Sequencing,host_presence_only,low,TRUE,candidate_only,,,,,,,,FALSE,FALSE,FALSE,,,,,,,,,,,FALSE
Influenza (H7N9 avian influenza),Anser erythropus,132586,host,FALSE,,,,,,aves,anseriformes,anatidae,PCR/Sequencing,host_presence_only,low,TRUE,candidate_only,,,,,,,,FALSE,FALSE,FALSE,,,,,,,,,,,FALSE
Influenza (H7N9 avian influenza),Anser fabalis,132587,host,FALSE,,,,,,aves,anseriformes,anatidae,PCR/Sequencing,host_presence_only,low,TRUE,candidate_only,,,,,,,,FALSE,FALSE,FALSE,,,,,,,,,,,FALSE
Influenza (H7N9 avian influenza),Anser indicus,8846,host,FALSE,,,,,,aves,anseriformes,anatidae,Isolation/Observation; PCR/Sequencing,host_presence_only,low,TRUE,candidate_only,,,,,,,,FALSE,FALSE,FALSE,,,,,,,,,,,FALSE
Influenza (H7N9 avian influenza),Anser rossii,56281,host,FALSE,,,,,,aves,anseriformes,anatidae,PCR/Sequencing,host_presence_only,low,TRUE,candidate_only,,,,,,,,FALSE,FALSE,FALSE,,,,,,,,,,,FALSE
Influenza (H7N9 avian influenza),Anthropoides virgo,9111,host,FALSE,,,,,,aves,gruiformes,gruidae,PCR/Sequencing,host_presence_only,low,TRUE,candidate_only,,,,,,,,FALSE,FALSE,FALSE,,,,,,,,,,,FALSE
Influenza (H7N9 avian influenza),Antigone canadensis,1977160,host,FALSE,,,,,,,,,PCR/Sequencing,host_presence_only,low,TRUE,candidate_only,,,,,,,,FALSE,FALSE,FALSE,,,,,,,,,,,FALSE
Influenza (H7N9 avian influenza),Antigone vipio,2717088,host,FALSE,,,,,,,,,PCR/Sequencing,host_presence_only,low,TRUE,candidate_only,,,,,,,,FALSE,FALSE,FALSE,,,,,,,,,,,FALSE
Influenza (H7N9 avian influenza),Aquila chrysaetos,8962,host,FALSE,,,,,,aves,accipitriformes,accipitridae,PCR/Sequencing,host_presence_only,low,TRUE,candidate_only,,,,,,,,FALSE,FALSE,FALSE,,,,,,,,,,,FALSE
Influenza (H7N9 avian influenza),Aquila fasciata,252784,host,FALSE,,,,,,aves,accipitriformes,accipitridae,PCR/Sequencing,host_presence_only,low,TRUE,candidate_only,,,,,,,,FALSE,FALSE,FALSE,,,,,,,,,,,FALSE
Influenza (H7N9 avian influenza),Arctocephalus australis,161928,host,FALSE,,,,,,mammalia,carnivora,otariidae,Antibodies; PCR/Sequencing,host_presence_only,low,TRUE,candidate_only,,,,,,,,FALSE,FALSE,FALSE,,,,,,,,,,,FALSE
Influenza (H7N9 avian influenza),Arctocephalus gazella,37190,host,FALSE,,,,,,mammalia,carnivora,otariidae,PCR/Sequencing,host_presence_only,low,TRUE,candidate_only,,,,,,,,FALSE,FALSE,FALSE,,,,,,,,,,,FALSE
Influenza (H7N9 avian influenza),Ardea alba,110620,host,FALSE,,,,,,aves,pelecaniformes,ardeidae,PCR/Sequencing,host_presence_only,low,TRUE,candidate_only,,,,,,,,FALSE,FALSE,FALSE,,,,,,,,,,,FALSE
Influenza (H7N9 avian influenza),Ardea cinerea,30390,host,FALSE,,,,,,aves,pelecaniformes,ardeidae,PCR/Sequencing,host_presence_only,low,TRUE,candidate_only,,,,,,,,FALSE,FALSE,FALSE,,,,,,,,,,,FALSE
Influenza (H7N9 avian influenza),Ardea herodias,56072,host,FALSE,,,,,,aves,pelecaniformes,ardeidae,PCR/Sequencing,host_presence_only,low,TRUE,candidate_only,,,,,,,,FALSE,FALSE,FALSE,,,,,,,,,,,FALSE
Influenza (H7N9 avian influenza),Ardea purpurea,188373,host,FALSE,,,,,,aves,pelecaniformes,ardeidae,PCR/Sequencing,host_presence_only,low,TRUE,candidate_only,,,,,,,,FALSE,FALSE,FALSE,,,,,,,,,,,FALSE
Influenza (H7N9 avian influenza),Ardenna gravis,37051,host,FALSE,,,,,,aves,procellariiformes,procellariidae,PCR/Sequencing,host_presence_only,low,TRUE,candidate_only,,,,,,,,FALSE,FALSE,FALSE,,,,,,,,,,,FALSE
Influenza (H7N9 avian influenza),Ardenna pacifica,48683,host,FALSE,,,,,,aves,procellariiformes,procellariidae,Antibodies; PCR/Sequencing,host_presence_only,low,TRUE,candidate_only,,,,,,,,FALSE,FALSE,FALSE,,,,,,,,,,,FALSE
Influenza (H7N9 avian influenza),Ardeola bacchus,188375,host,FALSE,,,,,,aves,pelecaniformes,ardeidae,PCR/Sequencing,host_presence_only,low,TRUE,candidate_only,,,,,,,,FALSE,FALSE,FALSE,,,,,,,,,,,FALSE
Influenza (H7N9 avian influenza),Arenaria interpres,54971,host,FALSE,,,,,,aves,charadriiformes,scolopacidae,PCR/Sequencing,host_presence_only,low,TRUE,candidate_only,,,,,,,,FALSE,FALSE,FALSE,,,,,,,,,,,FALSE
Influenza (H7N9 avian influenza),Arenaria melanocephala,279931,host,FALSE,,,,,,aves,charadriiformes,scolopacidae,PCR/Sequencing,host_presence_only,low,TRUE,candidate_only,,,,,,,,FALSE,FALSE,FALSE,,,,,,,,,,,FALSE
Influenza (H7N9 avian influenza),Artibeus lituratus,27634,host,FALSE,,,,,,mammalia,chiroptera,phyllostomidae,PCR/Sequencing,host_presence_only,low,TRUE,candidate_only,,,,,,,,FALSE,FALSE,FALSE,,,,,,,,,,,FALSE
Influenza (H7N9 avian influenza),Artibeus obscurus,40228,host,FALSE,,,,,,mammalia,chiroptera,phyllostomidae,PCR/Sequencing,host_presence_only,low,TRUE,candidate_only,,,,,,,,FALSE,FALSE,FALSE,,,,,,,,,,,FALSE
Influenza (H7N9 avian influenza),Artibeus planirostris,40230,host,FALSE,,,,,,mammalia,chiroptera,phyllostomidae,PCR/Sequencing,host_presence_only,low,TRUE,candidate_only,,,,,,,,FALSE,FALSE,FALSE,,,,,,,,,,,FALSE
Influenza (H7N9 avian influenza),Asio flammeus,56267,host,FALSE,,,,,,aves,strigiformes,strigidae,PCR/Sequencing,host_presence_only,low,TRUE,candidate_only,,,,,,,,FALSE,FALSE,FALSE,,,,,,,,,,,FALSE
Influenza (H7N9 avian influenza),Asio otus,111810,host,FALSE,,,,,,aves,strigiformes,strigidae,PCR/Sequencing,host_presence_only,low,TRUE,candidate_only,,,,,,,,FALSE,FALSE,FALSE,,,,,,,,,,,FALSE
Influenza (H7N9 avian influenza),Astur gentilis,258924,host,FALSE,,,,,,,,,PCR/Sequencing,host_presence_only,low,TRUE,candidate_only,,,,,,,,FALSE,FALSE,FALSE,,,,,,,,,,,FALSE
Influenza (H7N9 avian influenza),Astur gentilis,8957,host,FALSE,,,,,,,,,PCR/Sequencing,host_presence_only,low,TRUE,candidate_only,,,,,,,,FALSE,FALSE,FALSE,,,,,,,,,,,FALSE
Influenza (H7N9 avian influenza),Athene cunicularia,194338,host,FALSE,,,,,,aves,strigiformes,strigidae,PCR/Sequencing,host_presence_only,low,TRUE,candidate_only,,,,,,,,FALSE,FALSE,FALSE,,,,,,,,,,,FALSE
Influenza (H7N9 avian influenza),Athene noctua,126797,host,FALSE,,,,,,aves,strigiformes,strigidae,PCR/Sequencing,host_presence_only,low,TRUE,candidate_only,,,,,,,,FALSE,FALSE,FALSE,,,,,,,,,,,FALSE
Influenza (H7N9 avian influenza),Aythya affinis,189533,host,FALSE,,,,,,aves,anseriformes,anatidae,PCR/Sequencing,host_presence_only,low,TRUE,candidate_only,,,,,,,,FALSE,FALSE,FALSE,,,,,,,,,,,FALSE
Influenza (H7N9 avian influenza),Aythya americana,30385,host,FALSE,,,,,,aves,anseriformes,anatidae,PCR/Sequencing,host_presence_only,low,TRUE,candidate_only,,,,,,,,FALSE,FALSE,FALSE,,,,,,,,,,,FALSE
Influenza (H7N9 avian influenza),Aythya baeri,1177618,host,FALSE,,,,,,aves,anseriformes,anatidae,PCR/Sequencing,host_presence_only,low,TRUE,candidate_only,,,,,,,,FALSE,FALSE,FALSE,,,,,,,,,,,FALSE
Influenza (H7N9 avian influenza),Aythya collaris,189535,host,FALSE,,,,,,aves,anseriformes,anatidae,PCR/Sequencing,host_presence_only,low,TRUE,candidate_only,,,,,,,,FALSE,FALSE,FALSE,,,,,,,,,,,FALSE
Influenza (H7N9 avian influenza),Aythya ferina,219593,host,FALSE,,,,,,aves,anseriformes,anatidae,PCR/Sequencing,host_presence_only,low,TRUE,candidate_only,,,,,,,,FALSE,FALSE,FALSE,,,,,,,,,,,FALSE
Influenza (H7N9 avian influenza),Aythya fuligula,219594,host,FALSE,,,,,,aves,anseriformes,anatidae,PCR/Sequencing,host_presence_only,low,TRUE,candidate_only,,,,,,,,FALSE,FALSE,FALSE,,,,,,,,,,,FALSE
Influenza (H7N9 avian influenza),Aythya marila,189534,host,FALSE,,,,,,aves,anseriformes,anatidae,PCR/Sequencing,host_presence_only,low,TRUE,candidate_only,,,,,,,,FALSE,FALSE,FALSE,,,,,,,,,,,FALSE
Influenza (H7N9 avian influenza),Aythya nyroca,197939,host,FALSE,,,,,,aves,anseriformes,anatidae,PCR/Sequencing,host_presence_only,low,TRUE,candidate_only,,,,,,,,FALSE,FALSE,FALSE,,,,,,,,,,,FALSE
Influenza (H7N9 avian influenza),Aythya valisineria,110915,host,FALSE,,,,,,aves,anseriformes,anatidae,PCR/Sequencing,host_presence_only,low,TRUE,candidate_only,,,,,,,,FALSE,FALSE,FALSE,,,,,,,,,,,FALSE
Influenza (H7N9 avian influenza),Balaenoptera acutorostrata,9767,host,FALSE,,,,,,mammalia,artiodactyla,balaenopteridae,Antibodies; Isolation/Observation,host_presence_only,low,TRUE,candidate_only,,,,,,,,FALSE,FALSE,FALSE,,,,,,,,,,,FALSE
Influenza (H7N9 avian influenza),Bombycilla cedrorum,161648,host,FALSE,,,,,,aves,passeriformes,bombycillidae,PCR/Sequencing,host_presence_only,low,TRUE,candidate_only,,,,,,,,FALSE,FALSE,FALSE,,,,,,,,,,,FALSE
Influenza (H7N9 avian influenza),Bonasa umbellus,9000,host,FALSE,,,,,,aves,galliformes,phasianidae,PCR/Sequencing,host_presence_only,low,TRUE,candidate_only,,,,,,,,FALSE,FALSE,FALSE,,,,,,,,,,,FALSE
Influenza (H7N9 avian influenza),Bos grunniens,30521,host,FALSE,,,,,,,,,Antibodies; PCR/Sequencing,host_presence_only,low,TRUE,candidate_only,,,,,,,,FALSE,FALSE,FALSE,,,,,,,,,,,FALSE
Influenza (H7N9 avian influenza),Bos taurus,9913,host,FALSE,,,,,,mammalia,artiodactyla,bovidae,Antibodies; PCR/Sequencing,host_presence_only,low,TRUE,candidate_only,,,,,,,,FALSE,FALSE,FALSE,,,,,,,,,,,FALSE
Influenza (H7N9 avian influenza),Branta bernicla,184712,host,FALSE,,,,,,aves,anseriformes,anatidae,PCR/Sequencing,host_presence_only,low,TRUE,candidate_only,,,,,,,,FALSE,FALSE,FALSE,,,,,,,,,,,FALSE
Influenza (H7N9 avian influenza),Branta canadensis,8853,host,FALSE,,,,,,aves,anseriformes,anatidae,Isolation/Observation; PCR/Sequencing,host_presence_only,low,TRUE,candidate_only,,,,,,,,FALSE,FALSE,FALSE,,,,,,,,,,,FALSE
Influenza (H7N9 avian influenza),Branta hutchinsii,371860,host,FALSE,,,,,,aves,anseriformes,anatidae,PCR/Sequencing,host_presence_only,low,TRUE,candidate_only,,,,,,,,FALSE,FALSE,FALSE,,,,,,,,,,,FALSE
Influenza (H7N9 avian influenza),Branta leucopsis,184711,host,FALSE,,,,,,aves,anseriformes,anatidae,PCR/Sequencing,host_presence_only,low,TRUE,candidate_only,,,,,,,,FALSE,FALSE,FALSE,,,,,,,,,,,FALSE
Influenza (H7N9 avian influenza),Bubalus bubalis,89462,host,FALSE,,,,,,mammalia,artiodactyla,bovidae,Antibodies,host_presence_only,low,TRUE,candidate_only,,,,,,,,FALSE,FALSE,FALSE,,,,,,,,,,,FALSE
Influenza (H7N9 avian influenza),Bubo bubo,30461,host,FALSE,,,,,,aves,strigiformes,strigidae,PCR/Sequencing,host_presence_only,low,TRUE,candidate_only,,,,,,,,FALSE,FALSE,FALSE,,,,,,,,,,,FALSE
Influenza (H7N9 avian influenza),Bubo scandiacus,371907,host,FALSE,,,,,,aves,strigiformes,strigidae,Isolation/Observation; PCR/Sequencing,host_presence_only,low,TRUE,candidate_only,,,,,,,,FALSE,FALSE,FALSE,,,,,,,,,,,FALSE
Influenza (H7N9 avian influenza),Bubo virginianus,56268,host,FALSE,,,,,,aves,strigiformes,strigidae,PCR/Sequencing,host_presence_only,low,TRUE,candidate_only,,,,,,,,FALSE,FALSE,FALSE,,,,,,,,,,,FALSE
Influenza (H7N9 avian influenza),Bubulcus ibis,110668,host,FALSE,,,,,,aves,pelecaniformes,ardeidae,PCR/Sequencing,host_presence_only,low,TRUE,candidate_only,,,,,,,,FALSE,FALSE,FALSE,,,,,,,,,,,FALSE
Influenza (H7N9 avian influenza),Bucephala albeola,279934,host,FALSE,,,,,,aves,anseriformes,anatidae,PCR/Sequencing,host_presence_only,low,TRUE,candidate_only,,,,,,,,FALSE,FALSE,FALSE,,,,,,,,,,,FALSE
Influenza (H7N9 avian influenza),Bucephala clangula,107022,host,FALSE,,,,,,aves,anseriformes,anatidae,PCR/Sequencing,host_presence_only,low,TRUE,candidate_only,,,,,,,,FALSE,FALSE,FALSE,,,,,,,,,,,FALSE
Influenza (H7N9 avian influenza),Burhinus grallarius,585466,host,FALSE,,,,,,aves,charadriiformes,burhinidae,PCR/Sequencing,host_presence_only,low,TRUE,candidate_only,,,,,,,,FALSE,FALSE,FALSE,,,,,,,,,,,FALSE
Influenza (H7N9 avian influenza),Butastur indicus,335207,host,FALSE,,,,,,aves,accipitriformes,accipitridae,PCR/Sequencing,host_presence_only,low,TRUE,candidate_only,,,,,,,,FALSE,FALSE,FALSE,,,,,,,,,,,FALSE
Influenza (H7N9 avian influenza),Buteo buteo,30397,host,FALSE,,,,,,aves,accipitriformes,accipitridae,PCR/Sequencing,host_presence_only,low,TRUE,candidate_only,,,,,,,,FALSE,FALSE,FALSE,,,,,,,,,,,FALSE
Influenza (H7N9 avian influenza),Buteo jamaicensis,56263,host,FALSE,,,,,,aves,accipitriformes,accipitridae,Isolation/Observation; PCR/Sequencing,host_presence_only,low,TRUE,candidate_only,,,,,,,,FALSE,FALSE,FALSE,,,,,,,,,,,FALSE
Influenza (H7N9 avian influenza),Buteo japonicus,224669,host,FALSE,,,,,,aves,accipitriformes,accipitridae,PCR/Sequencing,host_presence_only,low,TRUE,candidate_only,,,,,,,,FALSE,FALSE,FALSE,,,,,,,,,,,FALSE
Influenza (H7N9 avian influenza),Buteo lagopus,115229,host,FALSE,,,,,,aves,accipitriformes,accipitridae,PCR/Sequencing,host_presence_only,low,TRUE,candidate_only,,,,,,,,FALSE,FALSE,FALSE,,,,,,,,,,,FALSE
Influenza (H7N9 avian influenza),Buteo lineatus,223475,host,FALSE,,,,,,aves,accipitriformes,accipitridae,PCR/Sequencing,host_presence_only,low,TRUE,candidate_only,,,,,,,,FALSE,FALSE,FALSE,,,,,,,,,,,FALSE
Influenza (H7N9 avian influenza),Buteo platypterus,218281,host,FALSE,,,,,,aves,accipitriformes,accipitridae,PCR/Sequencing,host_presence_only,low,TRUE,candidate_only,,,,,,,,FALSE,FALSE,FALSE,,,,,,,,,,,FALSE
Influenza (H7N9 avian influenza),Buteo regalis,223441,host,FALSE,,,,,,aves,accipitriformes,accipitridae,PCR/Sequencing,host_presence_only,low,TRUE,candidate_only,,,,,,,,FALSE,FALSE,FALSE,,,,,,,,,,,FALSE
Influenza (H7N9 avian influenza),Buteo rufofuscus,223437,host,FALSE,,,,,,aves,accipitriformes,accipitridae,PCR/Sequencing,host_presence_only,low,TRUE,candidate_only,,,,,,,,FALSE,FALSE,FALSE,,,,,,,,,,,FALSE
Influenza (H7N9 avian influenza),Buteo swainsoni,156757,host,FALSE,,,,,,aves,accipitriformes,accipitridae,PCR/Sequencing,host_presence_only,low,TRUE,candidate_only,,,,,,,,FALSE,FALSE,FALSE,,,,,,,,,,,FALSE
Influenza (H7N9 avian influenza),Buteogallus urubitinga,223497,host,FALSE,,,,,,aves,accipitriformes,accipitridae,PCR/Sequencing,host_presence_only,low,TRUE,candidate_only,,,,,,,,FALSE,FALSE,FALSE,,,,,,,,,,,FALSE
Influenza (H7N9 avian influenza),Butorides striata,433628,host,FALSE,,,,,,aves,pelecaniformes,ardeidae,PCR/Sequencing,host_presence_only,low,TRUE,candidate_only,,,,,,,,FALSE,FALSE,FALSE,,,,,,,,,,,FALSE
Influenza (H7N9 avian influenza),Butorides virescens,110671,host,FALSE,,,,,,,,,PCR/Sequencing,host_presence_only,low,TRUE,candidate_only,,,,,,,,FALSE,FALSE,FALSE,,,,,,,,,,,FALSE
Influenza (H7N9 avian influenza),Caiman latirostris,190476,host,FALSE,,,,,,reptilia,crocodylia,alligatoridae,PCR/Sequencing,host_presence_only,low,TRUE,candidate_only,,,,,,,,FALSE,FALSE,FALSE,,,,,,,,,,,FALSE
Influenza (H7N9 avian influenza),Cairina moschata,8855,host,FALSE,,,,,,aves,anseriformes,anatidae,PCR/Sequencing,host_presence_only,low,TRUE,candidate_only,,,,,,,,FALSE,FALSE,FALSE,,,,,,,,,,,FALSE
Influenza (H7N9 avian influenza),Calidris acuminata,192723,host,FALSE,,,,,,aves,charadriiformes,scolopacidae,PCR/Sequencing,host_presence_only,low,TRUE,candidate_only,,,,,,,,FALSE,FALSE,FALSE,,,,,,,,,,,FALSE
Influenza (H7N9 avian influenza),Calidris alba,279936,host,FALSE,,,,,,aves,charadriiformes,scolopacidae,PCR/Sequencing,host_presence_only,low,TRUE,candidate_only,,,,,,,,FALSE,FALSE,FALSE,,,,,,,,,,,FALSE
Influenza (H7N9 avian influenza),Calidris alpina,8919,host,FALSE,,,,,,aves,charadriiformes,scolopacidae,PCR/Sequencing,host_presence_only,low,TRUE,candidate_only,,,,,,,,FALSE,FALSE,FALSE,,,,,,,,,,,FALSE
Influenza (H7N9 avian influenza),Calidris canutus,227173,host,FALSE,,,,,,aves,charadriiformes,scolopacidae,PCR/Sequencing,host_presence_only,low,TRUE,candidate_only,,,,,,,,FALSE,FALSE,FALSE,,,,,,,,,,,FALSE
Influenza (H7N9 avian influenza),Calidris fuscicollis,279940,host,FALSE,,,,,,aves,charadriiformes,scolopacidae,PCR/Sequencing,host_presence_only,low,TRUE,candidate_only,,,,,,,,FALSE,FALSE,FALSE,,,,,,,,,,,FALSE
Influenza (H7N9 avian influenza),Calidris mauri,279941,host,FALSE,,,,,,aves,charadriiformes,scolopacidae,PCR/Sequencing,host_presence_only,low,TRUE,candidate_only,,,,,,,,FALSE,FALSE,FALSE,,,,,,,,,,,FALSE
Influenza (H7N9 avian influenza),Calidris minutilla,279935,host,FALSE,,,,,,aves,charadriiformes,scolopacidae,PCR/Sequencing,host_presence_only,low,TRUE,candidate_only,,,,,,,,FALSE,FALSE,FALSE,,,,,,,,,,,FALSE
Influenza (H7N9 avian influenza),Calidris pusilla,279961,host,FALSE,,,,,,aves,charadriiformes,scolopacidae,PCR/Sequencing,host_presence_only,low,TRUE,candidate_only,,,,,,,,FALSE,FALSE,FALSE,,,,,,,,,,,FALSE
Influenza (H7N9 avian influenza),Calidris ruficollis,272047,host,FALSE,,,,,,aves,charadriiformes,scolopacidae,PCR/Sequencing,host_presence_only,low,TRUE,candidate_only,,,,,,,,FALSE,FALSE,FALSE,,,,,,,,,,,FALSE
Influenza (H7N9 avian influenza),Callonetta leucophrys,75871,host,FALSE,,,,,,aves,anseriformes,anatidae,PCR/Sequencing,host_presence_only,low,TRUE,candidate_only,,,,,,,,FALSE,FALSE,FALSE,,,,,,,,,,,FALSE
Influenza (H7N9 avian influenza),Camelus bactrianus,9837,host,FALSE,,,,,,,,,PCR/Sequencing,host_presence_only,low,TRUE,candidate_only,,,,,,,,FALSE,FALSE,FALSE,,,,,,,,,,,FALSE
Influenza (H7N9 avian influenza),Camelus dromedarius,9838,host,FALSE,,,,,,mammalia,artiodactyla,camelidae,PCR/Sequencing,host_presence_only,low,TRUE,candidate_only,,,,,,,,FALSE,FALSE,FALSE,,,,,,,,,,,FALSE
Influenza (H7N9 avian influenza),Canis lupus,9612,host,FALSE,,,,,,mammalia,carnivora,canidae,PCR/Sequencing,host_presence_only,low,TRUE,candidate_only,,,,,,,,FALSE,FALSE,FALSE,,,,,,,,,,,FALSE
Influenza (H7N9 avian influenza),Canis lupus,9615,host,FALSE,,,,,,mammalia,carnivora,canidae,PCR/Sequencing,host_presence_only,low,TRUE,candidate_only,,,,,,,,FALSE,FALSE,FALSE,,,,,,,,,,,FALSE
Influenza (H7N9 avian influenza),Capra hircus,9925,host,FALSE,,,,,,mammalia,artiodactyla,bovidae,Antibodies; PCR/Sequencing,host_presence_only,low,TRUE,candidate_only,,,,,,,,FALSE,FALSE,FALSE,,,,,,,,,,,FALSE
Influenza (H7N9 avian influenza),Caracara plancus,8951,host,FALSE,,,,,,aves,falconiformes,falconidae,PCR/Sequencing,host_presence_only,low,TRUE,candidate_only,,,,,,,,FALSE,FALSE,FALSE,,,,,,,,,,,FALSE
Influenza (H7N9 avian influenza),Cathartes aura,43455,host,FALSE,,,,,,aves,cathartiformes,cathartidae,PCR/Sequencing,host_presence_only,low,TRUE,candidate_only,,,,,,,,FALSE,FALSE,FALSE,,,,,,,,,,,FALSE
Influenza (H7N9 avian influenza),Catharus fuscescens,159581,host,FALSE,,,,,,aves,passeriformes,turdidae,PCR/Sequencing,host_presence_only,low,TRUE,candidate_only,,,,,,,,FALSE,FALSE,FALSE,,,,,,,,,,,FALSE
Influenza (H7N9 avian influenza),Catharus guttatus,9185,host,FALSE,,,,,,aves,passeriformes,turdidae,PCR/Sequencing,host_presence_only,low,TRUE,candidate_only,,,,,,,,FALSE,FALSE,FALSE,,,,,,,,,,,FALSE
Influenza (H7N9 avian influenza),Catharus ustulatus,91951,host,FALSE,,,,,,aves,passeriformes,turdidae,PCR/Sequencing,host_presence_only,low,TRUE,candidate_only,,,,,,,,FALSE,FALSE,FALSE,,,,,,,,,,,FALSE
Influenza (H7N9 avian influenza),Cephalorhynchus eutropia,27608,host,FALSE,,,,,,mammalia,artiodactyla,delphinidae,PCR/Sequencing,host_presence_only,low,TRUE,candidate_only,,,,,,,,FALSE,FALSE,FALSE,,,,,,,,,,,FALSE
Influenza (H7N9 avian influenza),Cercopithecus ascanius,36223,host,FALSE,,,,,,mammalia,primates,cercopithecidae,Antibodies,host_presence_only,low,TRUE,candidate_only,,,,,,,,FALSE,FALSE,FALSE,,,,,,,,,,,FALSE
Influenza (H7N9 avian influenza),Cercopithecus mitis kandti,1137481,host,FALSE,,,,,,,,,PCR/Sequencing,host_presence_only,low,TRUE,candidate_only,,,,,,,,FALSE,FALSE,FALSE,,,,,,,,,,,FALSE
Influenza (H7N9 avian influenza),Cereopsis novaehollandiae,8858,host,FALSE,,,,,,aves,anseriformes,anatidae,PCR/Sequencing,host_presence_only,low,TRUE,candidate_only,,,,,,,,FALSE,FALSE,FALSE,,,,,,,,,,,FALSE
Influenza (H7N9 avian influenza),Chenonetta jubata,45644,host,FALSE,,,,,,aves,anseriformes,anatidae,PCR/Sequencing,host_presence_only,low,TRUE,candidate_only,,,,,,,,FALSE,FALSE,FALSE,,,,,,,,,,,FALSE
Influenza (H7N9 avian influenza),Chlamydotis undulata,172680,host,FALSE,,,,,,aves,otidiformes,otididae,PCR/Sequencing,host_presence_only,low,TRUE,candidate_only,,,,,,,,FALSE,FALSE,FALSE,,,,,,,,,,,FALSE
Influenza (H7N9 avian influenza),Chlidonias hybrida,297805,host,FALSE,,,,,,aves,charadriiformes,laridae,PCR/Sequencing,host_presence_only,low,TRUE,candidate_only,,,,,,,,FALSE,FALSE,FALSE,,,,,,,,,,,FALSE
Influenza (H7N9 avian influenza),Chlidonias leucopterus,297806,host,FALSE,,,,,,aves,charadriiformes,laridae,PCR/Sequencing,host_presence_only,low,TRUE,candidate_only,,,,,,,,FALSE,FALSE,FALSE,,,,,,,,,,,FALSE
Influenza (H7N9 avian influenza),Chloephaga picta,8861,host,FALSE,,,,,,aves,anseriformes,anatidae,PCR/Sequencing,host_presence_only,low,TRUE,candidate_only,,,,,,,,FALSE,FALSE,FALSE,,,,,,,,,,,FALSE
Influenza (H7N9 avian influenza),Chloris chloris,37601,host,FALSE,,,,,,aves,passeriformes,fringillidae,PCR/Sequencing,host_presence_only,low,TRUE,candidate_only,,,,,,,,FALSE,FALSE,FALSE,,,,,,,,,,,FALSE
Influenza (H7N9 avian influenza),Chroicocephalus brunnicephalus,2772041,host,FALSE,,,,,,,,,PCR/Sequencing,host_presence_only,low,TRUE,candidate_only,,,,,,,,FALSE,FALSE,FALSE,,,,,,,,,,,FALSE
Influenza (H7N9 avian influenza),Chroicocephalus cirrocephalus,1192863,host,FALSE,,,,,,,,,PCR/Sequencing,host_presence_only,low,TRUE,candidate_only,,,,,,,,FALSE,FALSE,FALSE,,,,,,,,,,,FALSE
Influenza (H7N9 avian influenza),Chroicocephalus genei,1569666,host,FALSE,,,,,,,,,PCR/Sequencing,host_presence_only,low,TRUE,candidate_only,,,,,,,,FALSE,FALSE,FALSE,,,,,,,,,,,FALSE
Influenza (H7N9 avian influenza),Chroicocephalus maculipennis,287016,host,FALSE,,,,,,,,,PCR/Sequencing,host_presence_only,low,TRUE,candidate_only,,,,,,,,FALSE,FALSE,FALSE,,,,,,,,,,,FALSE
Influenza (H7N9 avian influenza),Chroicocephalus novaehollandiae,2547444,host,FALSE,,,,,,,,,PCR/Sequencing,host_presence_only,low,TRUE,candidate_only,,,,,,,,FALSE,FALSE,FALSE,,,,,,,,,,,FALSE
Influenza (H7N9 avian influenza),Chroicocephalus philadelphia,3149563,host,FALSE,,,,,,,,,PCR/Sequencing,host_presence_only,low,TRUE,candidate_only,,,,,,,,FALSE,FALSE,FALSE,,,,,,,,,,,FALSE
Influenza (H7N9 avian influenza),Chroicocephalus ridibundus,1192867,host,FALSE,,,,,,,,,Isolation/Observation; PCR/Sequencing,host_presence_only,low,TRUE,candidate_only,,,,,,,,FALSE,FALSE,FALSE,,,,,,,,,,,FALSE
Influenza (H7N9 avian influenza),Chrotogale owstoni,94184,host,FALSE,,,,,,mammalia,carnivora,viverridae,Isolation/Observation,host_presence_only,low,TRUE,candidate_only,,,,,,,,FALSE,FALSE,FALSE,,,,,,,,,,,FALSE
Influenza (H7N9 avian influenza),Chrysolophus pictus,9089,host,FALSE,,,,,,aves,galliformes,phasianidae,PCR/Sequencing,host_presence_only,low,TRUE,candidate_only,,,,,,,,FALSE,FALSE,FALSE,,,,,,,,,,,FALSE
Influenza (H7N9 avian influenza),Ciconia ciconia,8928,host,FALSE,,,,,,aves,ciconiiformes,ciconiidae,PCR/Sequencing,host_presence_only,low,TRUE,candidate_only,,,,,,,,FALSE,FALSE,FALSE,,,,,,,,,,,FALSE
Influenza (H7N9 avian influenza),Circus aeruginosus,8964,host,FALSE,,,,,,aves,accipitriformes,accipitridae,PCR/Sequencing,host_presence_only,low,TRUE,candidate_only,,,,,,,,FALSE,FALSE,FALSE,,,,,,,,,,,FALSE
Influenza (H7N9 avian influenza),Circus hudsonius,2709557,host,FALSE,,,,,,aves,accipitriformes,accipitridae,PCR/Sequencing,host_presence_only,low,TRUE,candidate_only,,,,,,,,FALSE,FALSE,FALSE,,,,,,,,,,,FALSE
Influenza (H7N9 avian influenza),Clangula hyemalis,197941,host,FALSE,,,,,,aves,anseriformes,anatidae,PCR/Sequencing,host_presence_only,low,TRUE,candidate_only,,,,,,,,FALSE,FALSE,FALSE,,,,,,,,,,,FALSE
Influenza (H7N9 avian influenza),Coccycua minuta,1118526,host,FALSE,,,,,,aves,cuculiformes,cuculidae,PCR/Sequencing,host_presence_only,low,TRUE,candidate_only,,,,,,,,FALSE,FALSE,FALSE,,,,,,,,,,,FALSE
Influenza (H7N9 avian influenza),Coloeus monedula,30423,host,FALSE,,,,,,,,,PCR/Sequencing,host_presence_only,low,TRUE,candidate_only,,,,,,,,FALSE,FALSE,FALSE,,,,,,,,,,,FALSE
Influenza (H7N9 avian influenza),Columba,8933,host,FALSE,,,,,,,,,PCR/Sequencing,host_presence_only,low,TRUE,candidate_only,,,,,,,,FALSE,FALSE,FALSE,,,,,,,,,,,FALSE
Influenza (H7N9 avian influenza),Columba guinea,135627,host,FALSE,,,,,,aves,columbiformes,columbidae,PCR/Sequencing,host_presence_only,low,TRUE,candidate_only,,,,,,,,FALSE,FALSE,FALSE,,,,,,,,,,,FALSE
Influenza (H7N9 avian influenza),Columba livia,8932,host,FALSE,,,,,,aves,columbiformes,columbidae,Isolation/Observation; Not specified; PCR/Sequencing,host_presence_only,low,TRUE,candidate_only,,,,,,,,FALSE,FALSE,FALSE,,,,,,,,,,,FALSE
Influenza (H7N9 avian influenza),Contopus sordidulus,183522,host,FALSE,,,,,,aves,passeriformes,tyrannidae,PCR/Sequencing,host_presence_only,low,TRUE,candidate_only,,,,,,,,FALSE,FALSE,FALSE,,,,,,,,,,,FALSE
Influenza (H7N9 avian influenza),Copsychus saularis,343929,host,FALSE,,,,,,aves,passeriformes,muscicapidae,PCR/Sequencing,host_presence_only,low,TRUE,candidate_only,,,,,,,,FALSE,FALSE,FALSE,,,,,,,,,,,FALSE
Influenza (H7N9 avian influenza),Coragyps atratus,33614,host,FALSE,,,,,,aves,cathartiformes,cathartidae,PCR/Sequencing,host_presence_only,low,TRUE,candidate_only,,,,,,,,FALSE,FALSE,FALSE,,,,,,,,,,,FALSE
Influenza (H7N9 avian influenza),Corvus brachyrhynchos,85066,host,FALSE,,,,,,aves,passeriformes,corvidae,PCR/Sequencing,host_presence_only,low,TRUE,candidate_only,,,,,,,,FALSE,FALSE,FALSE,,,,,,,,,,,FALSE
Influenza (H7N9 avian influenza),Corvus caurinus,279967,host,FALSE,,,,,,aves,passeriformes,corvidae,PCR/Sequencing,host_presence_only,low,TRUE,candidate_only,,,,,,,,FALSE,FALSE,FALSE,,,,,,,,,,,FALSE
Influenza (H7N9 avian influenza),Corvus corax,56781,host,FALSE,,,,,,aves,passeriformes,corvidae,PCR/Sequencing,host_presence_only,low,TRUE,candidate_only,,,,,,,,FALSE,FALSE,FALSE,,,,,,,,,,,FALSE
Influenza (H7N9 avian influenza),Corvus frugilegus,75140,host,FALSE,,,,,,aves,passeriformes,corvidae,PCR/Sequencing,host_presence_only,low,TRUE,candidate_only,,,,,,,,FALSE,FALSE,FALSE,,,,,,,,,,,FALSE
Influenza (H7N9 avian influenza),Corvus macrorhynchos,36249,host,FALSE,,,,,,aves,passeriformes,corvidae,PCR/Sequencing,host_presence_only,low,TRUE,candidate_only,,,,,,,,FALSE,FALSE,FALSE,,,,,,,,,,,FALSE
Influenza (H7N9 avian influenza),Corvus ossifragus,349685,host,FALSE,,,,,,aves,passeriformes,corvidae,PCR/Sequencing,host_presence_only,low,TRUE,candidate_only,,,,,,,,FALSE,FALSE,FALSE,,,,,,,,,,,FALSE
Influenza (H7N9 avian influenza),Corvus splendens,701737,host,FALSE,,,,,,aves,passeriformes,corvidae,PCR/Sequencing,host_presence_only,low,TRUE,candidate_only,,,,,,,,FALSE,FALSE,FALSE,,,,,,,,,,,FALSE
Influenza (H7N9 avian influenza),Coscoroba coscoroba,8863,host,FALSE,,,,,,aves,anseriformes,anatidae,PCR/Sequencing,host_presence_only,low,TRUE,candidate_only,,,,,,,,FALSE,FALSE,FALSE,,,,,,,,,,,FALSE
Influenza (H7N9 avian influenza),Coturnix coturnix,9091,host,FALSE,,,,,,aves,galliformes,phasianidae,Isolation/Observation; PCR/Sequencing,host_presence_only,low,TRUE,candidate_only,,,,,,,,FALSE,FALSE,FALSE,,,,,,,,,,,FALSE
Influenza (H7N9 avian influenza),Coturnix japonica,93934,host,FALSE,,,,,,aves,galliformes,phasianidae,PCR/Sequencing,host_presence_only,low,TRUE,candidate_only,,,,,,,,FALSE,FALSE,FALSE,,,,,,,,,,,FALSE
Influenza (H7N9 avian influenza),Crocodylus niloticus,8501,host,FALSE,,,,,,reptilia,crocodylia,crocodylidae,PCR/Sequencing,host_presence_only,low,TRUE,candidate_only,,,,,,,,FALSE,FALSE,FALSE,,,,,,,,,,,FALSE
Influenza (H7N9 avian influenza),Cyanocitta cristata,28727,host,FALSE,,,,,,aves,passeriformes,corvidae,PCR/Sequencing,host_presence_only,low,TRUE,candidate_only,,,,,,,,FALSE,FALSE,FALSE,,,,,,,,,,,FALSE
Influenza (H7N9 avian influenza),Cygnus atratus,8868,host,FALSE,,,,,,aves,anseriformes,anatidae,PCR/Sequencing,host_presence_only,low,TRUE,candidate_only,,,,,,,,FALSE,FALSE,FALSE,,,,,,,,,,,FALSE
Influenza (H7N9 avian influenza),Cygnus buccinator,48397,host,FALSE,,,,,,aves,anseriformes,anatidae,PCR/Sequencing,host_presence_only,low,TRUE,candidate_only,,,,,,,,FALSE,FALSE,FALSE,,,,,,,,,,,FALSE
Influenza (H7N9 avian influenza),Cygnus columbianus,110926,host,FALSE,,,,,,aves,anseriformes,anatidae,Antibodies; PCR/Sequencing,host_presence_only,low,TRUE,candidate_only,,,,,,,,FALSE,FALSE,FALSE,,,,,,,,,,,FALSE
Influenza (H7N9 avian influenza),Cygnus columbianus,1450144,host,FALSE,,,,,,aves,anseriformes,anatidae,PCR/Sequencing,host_presence_only,low,TRUE,candidate_only,,,,,,,,FALSE,FALSE,FALSE,,,,,,,,,,,FALSE
Influenza (H7N9 avian influenza),Cygnus columbianus bewickii,541010,host,FALSE,,,,,,,,,PCR/Sequencing,host_presence_only,low,TRUE,candidate_only,,,,,,,,FALSE,FALSE,FALSE,,,,,,,,,,,FALSE
Influenza (H7N9 avian influenza),Cygnus cygnus,219595,host,FALSE,,,,,,aves,anseriformes,anatidae,Isolation/Observation; PCR/Sequencing,host_presence_only,low,TRUE,candidate_only,,,,,,,,FALSE,FALSE,FALSE,,,,,,,,,,,FALSE
Influenza (H7N9 avian influenza),Cygnus melancoryphus,41691,host,FALSE,,,,,,aves,anseriformes,anatidae,PCR/Sequencing,host_presence_only,low,TRUE,candidate_only,,,,,,,,FALSE,FALSE,FALSE,,,,,,,,,,,FALSE
Influenza (H7N9 avian influenza),Cygnus olor,8869,host,FALSE,,,,,,aves,anseriformes,anatidae,Isolation/Observation; PCR/Sequencing,host_presence_only,low,TRUE,candidate_only,,,,,,,,FALSE,FALSE,FALSE,,,,,,,,,,,FALSE
Influenza (H7N9 avian influenza),Cypseloides niger,46500,host,FALSE,,,,,,aves,caprimulgiformes,apodidae,PCR/Sequencing,host_presence_only,low,TRUE,candidate_only,,,,,,,,FALSE,FALSE,FALSE,,,,,,,,,,,FALSE
Influenza (H7N9 avian influenza),Delphinus delphis,9728,host,FALSE,,,,,,mammalia,artiodactyla,delphinidae,PCR/Sequencing,host_presence_only,low,TRUE,candidate_only,,,,,,,,FALSE,FALSE,FALSE,,,,,,,,,,,FALSE
Influenza (H7N9 avian influenza),Dendrocygna autumnalis,8873,host,FALSE,,,,,,aves,anseriformes,anatidae,PCR/Sequencing,host_presence_only,low,TRUE,candidate_only,,,,,,,,FALSE,FALSE,FALSE,,,,,,,,,,,FALSE
Influenza (H7N9 avian influenza),Dendrocygna eytoni,8875,host,FALSE,,,,,,aves,anseriformes,anatidae,PCR/Sequencing,host_presence_only,low,TRUE,candidate_only,,,,,,,,FALSE,FALSE,FALSE,,,,,,,,,,,FALSE
Influenza (H7N9 avian influenza),Dendrocygna javanica,60182,host,FALSE,,,,,,aves,anseriformes,anatidae,PCR/Sequencing,host_presence_only,low,TRUE,candidate_only,,,,,,,,FALSE,FALSE,FALSE,,,,,,,,,,,FALSE
Influenza (H7N9 avian influenza),Dendrocygna viduata,8876,host,FALSE,,,,,,aves,anseriformes,anatidae,PCR/Sequencing,host_presence_only,low,TRUE,candidate_only,,,,,,,,FALSE,FALSE,FALSE,,,,,,,,,,,FALSE
Influenza (H7N9 avian influenza),Didelphis virginiana,9267,host,FALSE,,,,,,mammalia,didelphimorphia,didelphidae,PCR/Sequencing,host_presence_only,low,TRUE,candidate_only,,,,,,,,FALSE,FALSE,FALSE,,,,,,,,,,,FALSE
Influenza (H7N9 avian influenza),Dromaius novaehollandiae,8790,host,FALSE,,,,,,aves,struthioniformes,casuariidae,PCR/Sequencing,host_presence_only,low,TRUE,candidate_only,,,,,,,,FALSE,FALSE,FALSE,,,,,,,,,,,FALSE
Influenza (H7N9 avian influenza),Drymotoxeres pucheranii,761979,host,FALSE,,,,,,aves,passeriformes,furnariidae,PCR/Sequencing,host_presence_only,low,TRUE,candidate_only,,,,,,,,FALSE,FALSE,FALSE,,,,,,,,,,,FALSE
Influenza (H7N9 avian influenza),Egretta garzetta,188379,host,FALSE,,,,,,aves,pelecaniformes,ardeidae,PCR/Sequencing,host_presence_only,low,TRUE,candidate_only,,,,,,,,FALSE,FALSE,FALSE,,,,,,,,,,,FALSE
Influenza (H7N9 avian influenza),Egretta thula,110681,host,FALSE,,,,,,aves,pelecaniformes,ardeidae,PCR/Sequencing,host_presence_only,low,TRUE,candidate_only,,,,,,,,FALSE,FALSE,FALSE,,,,,,,,,,,FALSE
Influenza (H7N9 avian influenza),Eidolon helvum,77214,host,FALSE,,,,,,mammalia,chiroptera,pteropodidae,PCR/Sequencing,host_presence_only,low,TRUE,candidate_only,,,,,,,,FALSE,FALSE,FALSE,,,,,,,,,,,FALSE
Influenza (H7N9 avian influenza),Emberiza spodocephala,125294,host,FALSE,,,,,,aves,passeriformes,emberizidae,PCR/Sequencing,host_presence_only,low,TRUE,candidate_only,,,,,,,,FALSE,FALSE,FALSE,,,,,,,,,,,FALSE
Influenza (H7N9 avian influenza),Empidonax alnorum,209618,host,FALSE,,,,,,aves,passeriformes,tyrannidae,PCR/Sequencing,host_presence_only,low,TRUE,candidate_only,,,,,,,,FALSE,FALSE,FALSE,,,,,,,,,,,FALSE
Influenza (H7N9 avian influenza),Empidonax difficilis,183525,host,FALSE,,,,,,aves,passeriformes,tyrannidae,PCR/Sequencing,host_presence_only,low,TRUE,candidate_only,,,,,,,,FALSE,FALSE,FALSE,,,,,,,,,,,FALSE
Influenza (H7N9 avian influenza),Enicognathus leptorhynchus,345190,host,FALSE,,,,,,aves,psittaciformes,psittacidae,PCR/Sequencing,host_presence_only,low,TRUE,candidate_only,,,,,,,,FALSE,FALSE,FALSE,,,,,,,,,,,FALSE
Influenza (H7N9 avian influenza),Equus,46122,host,FALSE,,,,,,,,,PCR/Sequencing,host_presence_only,low,TRUE,candidate_only,,,,,,,,FALSE,FALSE,FALSE,,,,,,,,,,,FALSE
Influenza (H7N9 avian influenza),Equus asinus,9793,host,FALSE,,,,,,mammalia,perissodactyla,equidae,PCR/Sequencing,host_presence_only,low,TRUE,candidate_only,,,,,,,,FALSE,FALSE,FALSE,,,,,,,,,,,FALSE
Influenza (H7N9 avian influenza),Equus caballus,9796,host,FALSE,,,,,,mammalia,perissodactyla,equidae,Isolation/Observation; PCR/Sequencing,host_presence_only,low,TRUE,candidate_only,,,,,,,,FALSE,FALSE,FALSE,,,,,,,,,,,FALSE
Influenza (H7N9 avian influenza),Equus ferus,1114792,host,FALSE,,,,,,mammalia,perissodactyla,equidae,PCR/Sequencing,host_presence_only,low,TRUE,candidate_only,,,,,,,,FALSE,FALSE,FALSE,,,,,,,,,,,FALSE
Influenza (H7N9 avian influenza),Equus przewalskii,9798,host,FALSE,,,,,,,,,PCR/Sequencing,host_presence_only,low,TRUE,candidate_only,,,,,,,,FALSE,FALSE,FALSE,,,,,,,,,,,FALSE
Influenza (H7N9 avian influenza),Eupodotis senegalensis,89385,host,FALSE,,,,,,aves,otidiformes,otididae,PCR/Sequencing,host_presence_only,low,TRUE,candidate_only,,,,,,,,FALSE,FALSE,FALSE,,,,,,,,,,,FALSE
Influenza (H7N9 avian influenza),Falco cherrug,345164,host,FALSE,,,,,,aves,falconiformes,falconidae,Isolation/Observation; PCR/Sequencing,host_presence_only,low,TRUE,candidate_only,,,,,,,,FALSE,FALSE,FALSE,,,,,,,,,,,FALSE
Influenza (H7N9 avian influenza),Falco naumanni,148594,host,FALSE,,,,,,aves,falconiformes,falconidae,PCR/Sequencing,host_presence_only,low,TRUE,candidate_only,,,,,,,,FALSE,FALSE,FALSE,,,,,,,,,,,FALSE
Influenza (H7N9 avian influenza),Falco peregrinus,8954,host,FALSE,,,,,,aves,falconiformes,falconidae,PCR/Sequencing,host_presence_only,low,TRUE,candidate_only,,,,,,,,FALSE,FALSE,FALSE,,,,,,,,,,,FALSE
Influenza (H7N9 avian influenza),Falco rusticolus,120794,host,FALSE,,,,,,aves,falconiformes,falconidae,PCR/Sequencing,host_presence_only,low,TRUE,candidate_only,,,,,,,,FALSE,FALSE,FALSE,,,,,,,,,,,FALSE
Influenza (H7N9 avian influenza),Falco sparverius,56350,host,FALSE,,,,,,aves,falconiformes,falconidae,PCR/Sequencing,host_presence_only,low,TRUE,candidate_only,,,,,,,,FALSE,FALSE,FALSE,,,,,,,,,,,FALSE
Influenza (H7N9 avian influenza),Falco tinnunculus,100819,host,FALSE,,,,,,aves,falconiformes,falconidae,PCR/Sequencing,host_presence_only,low,TRUE,candidate_only,,,,,,,,FALSE,FALSE,FALSE,,,,,,,,,,,FALSE
Influenza (H7N9 avian influenza),Felis catus,9685,host,FALSE,,,,,,mammalia,carnivora,felidae,Isolation/Observation; PCR/Sequencing,host_presence_only,low,TRUE,candidate_only,,,,,,,,FALSE,FALSE,FALSE,,,,,,,,,,,FALSE
Influenza (H7N9 avian influenza),Francolinus pintadeanus,472989,host,FALSE,,,,,,aves,galliformes,phasianidae,PCR/Sequencing,host_presence_only,low,TRUE,candidate_only,,,,,,,,FALSE,FALSE,FALSE,,,,,,,,,,,FALSE
Influenza (H7N9 avian influenza),Fratercula arctica,28701,host,FALSE,,,,,,aves,charadriiformes,alcidae,PCR/Sequencing,host_presence_only,low,TRUE,candidate_only,,,,,,,,FALSE,FALSE,FALSE,,,,,,,,,,,FALSE
Influenza (H7N9 avian influenza),Fratercula corniculata,28702,host,FALSE,,,,,,aves,charadriiformes,alcidae,PCR/Sequencing,host_presence_only,low,TRUE,candidate_only,,,,,,,,FALSE,FALSE,FALSE,,,,,,,,,,,FALSE
Influenza (H7N9 avian influenza),Fregata magnificens,37042,host,FALSE,,,,,,aves,suliformes,fregatidae,PCR/Sequencing,host_presence_only,low,TRUE,candidate_only,,,,,,,,FALSE,FALSE,FALSE,,,,,,,,,,,FALSE
Influenza (H7N9 avian influenza),Fringilla montifringilla,36255,host,FALSE,,,,,,aves,passeriformes,fringillidae,PCR/Sequencing,host_presence_only,low,TRUE,candidate_only,,,,,,,,FALSE,FALSE,FALSE,,,,,,,,,,,FALSE
Influenza (H7N9 avian influenza),Fulica americana,81903,host,FALSE,,,,,,aves,gruiformes,rallidae,PCR/Sequencing,host_presence_only,low,TRUE,candidate_only,,,,,,,,FALSE,FALSE,FALSE,,,,,,,,,,,FALSE
Influenza (H7N9 avian influenza),Fulica armillata,555254,host,FALSE,,,,,,aves,gruiformes,rallidae,PCR/Sequencing,host_presence_only,low,TRUE,candidate_only,,,,,,,,FALSE,FALSE,FALSE,,,,,,,,,,,FALSE
Influenza (H7N9 avian influenza),Fulica atra,9121,host,FALSE,,,,,,aves,gruiformes,rallidae,Antibodies; PCR/Sequencing,host_presence_only,low,TRUE,candidate_only,,,,,,,,FALSE,FALSE,FALSE,,,,,,,,,,,FALSE
Influenza (H7N9 avian influenza),Fulica rufifrons,555257,host,FALSE,,,,,,aves,gruiformes,rallidae,PCR/Sequencing,host_presence_only,low,TRUE,candidate_only,,,,,,,,FALSE,FALSE,FALSE,,,,,,,,,,,FALSE
Influenza (H7N9 avian influenza),Fulmarus glacialis,30455,host,FALSE,,,,,,aves,procellariiformes,procellariidae,PCR/Sequencing,host_presence_only,low,TRUE,candidate_only,,,,,,,,FALSE,FALSE,FALSE,,,,,,,,,,,FALSE
Influenza (H7N9 avian influenza),Gallicrex cinerea,261967,host,FALSE,,,,,,aves,gruiformes,rallidae,PCR/Sequencing,host_presence_only,low,TRUE,candidate_only,,,,,,,,FALSE,FALSE,FALSE,,,,,,,,,,,FALSE
Influenza (H7N9 avian influenza),Gallinago gallinago,107377,host,FALSE,,,,,,aves,charadriiformes,scolopacidae,PCR/Sequencing,host_presence_only,low,TRUE,candidate_only,,,,,,,,FALSE,FALSE,FALSE,,,,,,,,,,,FALSE
Influenza (H7N9 avian influenza),Gallinula chloropus,9123,host,FALSE,,,,,,aves,gruiformes,rallidae,PCR/Sequencing,host_presence_only,low,TRUE,candidate_only,,,,,,,,FALSE,FALSE,FALSE,,,,,,,,,,,FALSE
Influenza (H7N9 avian influenza),Gallus gallus,9031,host,FALSE,,,,,,aves,galliformes,phasianidae,Isolation/Observation; Not specified; PCR/Sequencing,host_presence_only,low,TRUE,candidate_only,,,,,,,,FALSE,FALSE,FALSE,,,,,,,,,,,FALSE
Influenza (H7N9 avian influenza),Garrulax canorus,238855,host,FALSE,,,,,,aves,passeriformes,leiotrichidae,PCR/Sequencing,host_presence_only,low,TRUE,candidate_only,,,,,,,,FALSE,FALSE,FALSE,,,,,,,,,,,FALSE
Influenza (H7N9 avian influenza),Gavia immer,37039,host,FALSE,,,,,,aves,gaviiformes,gaviidae,PCR/Sequencing,host_presence_only,low,TRUE,candidate_only,,,,,,,,FALSE,FALSE,FALSE,,,,,,,,,,,FALSE
Influenza (H7N9 avian influenza),Geopelia placida,471127,host,FALSE,,,,,,aves,columbiformes,columbidae,PCR/Sequencing,host_presence_only,low,TRUE,candidate_only,,,,,,,,FALSE,FALSE,FALSE,,,,,,,,,,,FALSE
Influenza (H7N9 avian influenza),Geothlypis tolmiei,142474,host,FALSE,,,,,,aves,passeriformes,parulidae,PCR/Sequencing,host_presence_only,low,TRUE,candidate_only,,,,,,,,FALSE,FALSE,FALSE,,,,,,,,,,,FALSE
Influenza (H7N9 avian influenza),Globicephala melas,9731,host,FALSE,,,,,,mammalia,artiodactyla,delphinidae,Isolation/Observation; PCR/Sequencing,host_presence_only,low,TRUE,candidate_only,,,,,,,,FALSE,FALSE,FALSE,,,,,,,,,,,FALSE
Influenza (H7N9 avian influenza),Gracula religiosa,116992,host,FALSE,,,,,,aves,passeriformes,sturnidae,PCR/Sequencing,host_presence_only,low,TRUE,candidate_only,,,,,,,,FALSE,FALSE,FALSE,,,,,,,,,,,FALSE
Influenza (H7N9 avian influenza),Grus japonensis,30415,host,FALSE,,,,,,aves,gruiformes,gruidae,PCR/Sequencing,host_presence_only,low,TRUE,candidate_only,,,,,,,,FALSE,FALSE,FALSE,,,,,,,,,,,FALSE
Influenza (H7N9 avian influenza),Grus monacha,40818,host,FALSE,,,,,,aves,gruiformes,gruidae,PCR/Sequencing,host_presence_only,low,TRUE,candidate_only,,,,,,,,FALSE,FALSE,FALSE,,,,,,,,,,,FALSE
Influenza (H7N9 avian influenza),Grus nigricollis,40817,host,FALSE,,,,,,aves,gruiformes,gruidae,PCR/Sequencing,host_presence_only,low,TRUE,candidate_only,,,,,,,,FALSE,FALSE,FALSE,,,,,,,,,,,FALSE
Influenza (H7N9 avian influenza),Gymnogyps californianus,33616,host,FALSE,,,,,,aves,cathartiformes,cathartidae,PCR/Sequencing,host_presence_only,low,TRUE,candidate_only,,,,,,,,FALSE,FALSE,FALSE,,,,,,,,,,,FALSE
Influenza (H7N9 avian influenza),Gyps fulvus,36247,host,FALSE,,,,,,aves,accipitriformes,accipitridae,PCR/Sequencing,host_presence_only,low,TRUE,candidate_only,,,,,,,,FALSE,FALSE,FALSE,,,,,,,,,,,FALSE
Influenza (H7N9 avian influenza),Haematopus ater,185689,host,FALSE,,,,,,aves,charadriiformes,haematopodidae,PCR/Sequencing,host_presence_only,low,TRUE,candidate_only,,,,,,,,FALSE,FALSE,FALSE,,,,,,,,,,,FALSE
Influenza (H7N9 avian influenza),Haematopus moquini,2587770,host,FALSE,,,,,,aves,charadriiformes,haematopodidae,PCR/Sequencing,host_presence_only,low,TRUE,candidate_only,,,,,,,,FALSE,FALSE,FALSE,,,,,,,,,,,FALSE
Influenza (H7N9 avian influenza),Haematopus palliatus,279960,host,FALSE,,,,,,aves,charadriiformes,haematopodidae,PCR/Sequencing,host_presence_only,low,TRUE,candidate_only,,,,,,,,FALSE,FALSE,FALSE,,,,,,,,,,,FALSE
Influenza (H7N9 avian influenza),Haliaeetus albicilla,8969,host,FALSE,,,,,,aves,accipitriformes,accipitridae,PCR/Sequencing,host_presence_only,low,TRUE,candidate_only,,,,,,,,FALSE,FALSE,FALSE,,,,,,,,,,,FALSE
Influenza (H7N9 avian influenza),Haliaeetus leucocephalus,52644,host,FALSE,,,,,,aves,accipitriformes,accipitridae,Isolation/Observation; PCR/Sequencing,host_presence_only,low,TRUE,candidate_only,,,,,,,,FALSE,FALSE,FALSE,,,,,,,,,,,FALSE
Influenza (H7N9 avian influenza),Haliaeetus pelagicus,52647,host,FALSE,,,,,,aves,accipitriformes,accipitridae,PCR/Sequencing,host_presence_only,low,TRUE,candidate_only,,,,,,,,FALSE,FALSE,FALSE,,,,,,,,,,,FALSE
Influenza (H7N9 avian influenza),Halichoerus grypus,9711,host,FALSE,,,,,,mammalia,carnivora,phocidae,PCR/Sequencing,host_presence_only,low,TRUE,candidate_only,,,,,,,,FALSE,FALSE,FALSE,,,,,,,,,,,FALSE
Influenza (H7N9 avian influenza),Heteronetta atricapilla,555264,host,FALSE,,,,,,aves,anseriformes,anatidae,PCR/Sequencing,host_presence_only,low,TRUE,candidate_only,,,,,,,,FALSE,FALSE,FALSE,,,,,,,,,,,FALSE
Influenza (H7N9 avian influenza),Himantopus himantopus,225398,host,FALSE,,,,,,aves,charadriiformes,recurvirostridae,PCR/Sequencing,host_presence_only,low,TRUE,candidate_only,,,,,,,,FALSE,FALSE,FALSE,,,,,,,,,,,FALSE
Influenza (H7N9 avian influenza),Himantopus himantopus,507595,host,FALSE,,,,,,aves,charadriiformes,recurvirostridae,PCR/Sequencing,host_presence_only,low,TRUE,candidate_only,,,,,,,,FALSE,FALSE,FALSE,,,,,,,,,,,FALSE
Influenza (H7N9 avian influenza),Himantopus mexicanus,227231,host,FALSE,,,,,,,,,PCR/Sequencing,host_presence_only,low,TRUE,candidate_only,,,,,,,,FALSE,FALSE,FALSE,,,,,,,,,,,FALSE
Influenza (H7N9 avian influenza),Hirundo rustica,43150,host,FALSE,,,,,,aves,passeriformes,hirundinidae,PCR/Sequencing,host_presence_only,low,TRUE,candidate_only,,,,,,,,FALSE,FALSE,FALSE,,,,,,,,,,,FALSE
Influenza (H7N9 avian influenza),Histrionicus histrionicus,68165,host,FALSE,,,,,,aves,anseriformes,anatidae,PCR/Sequencing,host_presence_only,low,TRUE,candidate_only,,,,,,,,FALSE,FALSE,FALSE,,,,,,,,,,,FALSE
Influenza (H7N9 avian influenza),Homo sapiens,9606,host,FALSE,,,,,,,,,Isolation/Observation; Not specified; PCR/Sequencing,host_presence_only,low,TRUE,candidate_only,,,,,,,,FALSE,FALSE,FALSE,,,,,,,,,,,FALSE
Influenza (H7N9 avian influenza),Hydroprogne caspia,425641,host,FALSE,,,,,,aves,charadriiformes,laridae,PCR/Sequencing,host_presence_only,low,TRUE,candidate_only,,,,,,,,FALSE,FALSE,FALSE,,,,,,,,,,,FALSE
Influenza (H7N9 avian influenza),Ichthyaetus ichthyaetus,126702,host,FALSE,,,,,,,,,PCR/Sequencing,host_presence_only,low,TRUE,candidate_only,,,,,,,,FALSE,FALSE,FALSE,,,,,,,,,,,FALSE
Influenza (H7N9 avian influenza),Ichthyaetus melanocephalus,1288290,host,FALSE,,,,,,,,,PCR/Sequencing,host_presence_only,low,TRUE,candidate_only,,,,,,,,FALSE,FALSE,FALSE,,,,,,,,,,,FALSE
Influenza (H7N9 avian influenza),Icteria virens,135437,host,FALSE,,,,,,aves,passeriformes,icteridae,PCR/Sequencing,host_presence_only,low,TRUE,candidate_only,,,,,,,,FALSE,FALSE,FALSE,,,,,,,,,,,FALSE
Influenza (H7N9 avian influenza),Ixobrychus eurhythmus,670346,host,FALSE,,,,,,aves,pelecaniformes,ardeidae,PCR/Sequencing,host_presence_only,low,TRUE,candidate_only,,,,,,,,FALSE,FALSE,FALSE,,,,,,,,,,,FALSE
Influenza (H7N9 avian influenza),Junco hyemalis,40217,host,FALSE,,,,,,aves,passeriformes,passerellidae,PCR/Sequencing,host_presence_only,low,TRUE,candidate_only,,,,,,,,FALSE,FALSE,FALSE,,,,,,,,,,,FALSE
Influenza (H7N9 avian influenza),Lagenorhynchus acutus,3371109,host,FALSE,,,,,,,,,PCR/Sequencing,host_presence_only,low,TRUE,candidate_only,,,,,,,,FALSE,FALSE,FALSE,,,,,,,,,,,FALSE
Influenza (H7N9 avian influenza),Lanius schach,276763,host,FALSE,,,,,,aves,passeriformes,laniidae,PCR/Sequencing,host_presence_only,low,TRUE,candidate_only,,,,,,,,FALSE,FALSE,FALSE,,,,,,,,,,,FALSE
Influenza (H7N9 avian influenza),Larosterna inca,297811,host,FALSE,,,,,,aves,charadriiformes,laridae,PCR/Sequencing,host_presence_only,low,TRUE,candidate_only,,,,,,,,FALSE,FALSE,FALSE,,,,,,,,,,,FALSE
Influenza (H7N9 avian influenza),Larus argentatus,35669,host,FALSE,,,,,,aves,charadriiformes,laridae,Antibodies; PCR/Sequencing,host_presence_only,low,TRUE,candidate_only,,,,,,,,FALSE,FALSE,FALSE,,,,,,,,,,,FALSE
Influenza (H7N9 avian influenza),Larus armenicus,119635,host,FALSE,,,,,,aves,charadriiformes,laridae,PCR/Sequencing,host_presence_only,low,TRUE,candidate_only,,,,,,,,FALSE,FALSE,FALSE,,,,,,,,,,,FALSE
Influenza (H7N9 avian influenza),Larus belcheri,328041,host,FALSE,,,,,,aves,charadriiformes,laridae,PCR/Sequencing,host_presence_only,low,TRUE,candidate_only,,,,,,,,FALSE,FALSE,FALSE,,,,,,,,,,,FALSE
Influenza (H7N9 avian influenza),Larus cachinnans,119609,host,FALSE,,,,,,aves,charadriiformes,laridae,PCR/Sequencing,host_presence_only,low,TRUE,candidate_only,,,,,,,,FALSE,FALSE,FALSE,,,,,,,,,,,FALSE
Influenza (H7N9 avian influenza),Larus californicus,126681,host,FALSE,,,,,,aves,charadriiformes,laridae,PCR/Sequencing,host_presence_only,low,TRUE,candidate_only,,,,,,,,FALSE,FALSE,FALSE,,,,,,,,,,,FALSE
Influenza (H7N9 avian influenza),Larus canus,28681,host,FALSE,,,,,,aves,charadriiformes,laridae,Antibodies; PCR/Sequencing,host_presence_only,low,TRUE,candidate_only,,,,,,,,FALSE,FALSE,FALSE,,,,,,,,,,,FALSE
Influenza (H7N9 avian influenza),Larus crassirostris,179808,host,FALSE,,,,,,aves,charadriiformes,laridae,Antibodies; PCR/Sequencing,host_presence_only,low,TRUE,candidate_only,,,,,,,,FALSE,FALSE,FALSE,,,,,,,,,,,FALSE
Influenza (H7N9 avian influenza),Larus delawarensis,126683,host,FALSE,,,,,,aves,charadriiformes,laridae,Antibodies; PCR/Sequencing,host_presence_only,low,TRUE,candidate_only,,,,,,,,FALSE,FALSE,FALSE,,,,,,,,,,,FALSE
Influenza (H7N9 avian influenza),Larus dominicanus,37036,host,FALSE,,,,,,aves,charadriiformes,laridae,PCR/Sequencing,host_presence_only,low,TRUE,candidate_only,,,,,,,,FALSE,FALSE,FALSE,,,,,,,,,,,FALSE
Influenza (H7N9 avian influenza),Larus fuscus,8915,host,FALSE,,,,,,aves,charadriiformes,laridae,PCR/Sequencing,host_presence_only,low,TRUE,candidate_only,,,,,,,,FALSE,FALSE,FALSE,,,,,,,,,,,FALSE
Influenza (H7N9 avian influenza),Larus glaucescens,119606,host,FALSE,,,,,,aves,charadriiformes,laridae,PCR/Sequencing,host_presence_only,low,TRUE,candidate_only,,,,,,,,FALSE,FALSE,FALSE,,,,,,,,,,,FALSE
Influenza (H7N9 avian influenza),Larus glaucoides,118194,host,FALSE,,,,,,aves,charadriiformes,laridae,PCR/Sequencing,host_presence_only,low,TRUE,candidate_only,,,,,,,,FALSE,FALSE,FALSE,,,,,,,,,,,FALSE
Influenza (H7N9 avian influenza),Larus glaucoides thayeri,126718,host,FALSE,,,,,,,,,PCR/Sequencing,host_presence_only,low,TRUE,candidate_only,,,,,,,,FALSE,FALSE,FALSE,,,,,,,,,,,FALSE
Influenza (H7N9 avian influenza),Larus hyperboreus,119637,host,FALSE,,,,,,aves,charadriiformes,laridae,PCR/Sequencing,host_presence_only,low,TRUE,candidate_only,,,,,,,,FALSE,FALSE,FALSE,,,,,,,,,,,FALSE
Influenza (H7N9 avian influenza),Larus marinus,8912,host,FALSE,,,,,,aves,charadriiformes,laridae,PCR/Sequencing,host_presence_only,low,TRUE,candidate_only,,,,,,,,FALSE,FALSE,FALSE,,,,,,,,,,,FALSE
Influenza (H7N9 avian influenza),Larus michahellis,119627,host,FALSE,,,,,,aves,charadriiformes,laridae,PCR/Sequencing,host_presence_only,low,TRUE,candidate_only,,,,,,,,FALSE,FALSE,FALSE,,,,,,,,,,,FALSE
Influenza (H7N9 avian influenza),Larus occidentalis,126713,host,FALSE,,,,,,aves,charadriiformes,laridae,PCR/Sequencing,host_presence_only,low,TRUE,candidate_only,,,,,,,,FALSE,FALSE,FALSE,,,,,,,,,,,FALSE
Influenza (H7N9 avian influenza),Larus schistisagus,119607,host,FALSE,,,,,,aves,charadriiformes,laridae,PCR/Sequencing,host_presence_only,low,TRUE,candidate_only,,,,,,,,FALSE,FALSE,FALSE,,,,,,,,,,,FALSE
Influenza (H7N9 avian influenza),Larus smithsonianus,243888,host,FALSE,,,,,,aves,charadriiformes,laridae,PCR/Sequencing,host_presence_only,low,TRUE,candidate_only,,,,,,,,FALSE,FALSE,FALSE,,,,,,,,,,,FALSE
Influenza (H7N9 avian influenza),Larus vegae,119608,host,FALSE,,,,,,,,,PCR/Sequencing,host_presence_only,low,TRUE,candidate_only,,,,,,,,FALSE,FALSE,FALSE,,,,,,,,,,,FALSE
Influenza (H7N9 avian influenza),Leiothrix argentauris,201335,host,FALSE,,,,,,aves,passeriformes,leiotrichidae,PCR/Sequencing,host_presence_only,low,TRUE,candidate_only,,,,,,,,FALSE,FALSE,FALSE,,,,,,,,,,,FALSE
Influenza (H7N9 avian influenza),Leiothrix lutea,36275,host,FALSE,,,,,,aves,passeriformes,leiotrichidae,PCR/Sequencing,host_presence_only,low,TRUE,candidate_only,,,,,,,,FALSE,FALSE,FALSE,,,,,,,,,,,FALSE
Influenza (H7N9 avian influenza),Leopardus geoffroyi,46844,host,FALSE,,,,,,mammalia,carnivora,felidae,PCR/Sequencing,host_presence_only,low,TRUE,candidate_only,,,,,,,,FALSE,FALSE,FALSE,,,,,,,,,,,FALSE
Influenza (H7N9 avian influenza),Leptailurus serval,61405,host,FALSE,,,,,,mammalia,carnivora,felidae,PCR/Sequencing,host_presence_only,low,TRUE,candidate_only,,,,,,,,FALSE,FALSE,FALSE,,,,,,,,,,,FALSE
Influenza (H7N9 avian influenza),Leptoptilos crumenifer,3150064,host,FALSE,,,,,,,,,PCR/Sequencing,host_presence_only,low,TRUE,candidate_only,,,,,,,,FALSE,FALSE,FALSE,,,,,,,,,,,FALSE
Influenza (H7N9 avian influenza),Leucocarbo bougainvilliorum,146616,host,FALSE,,,,,,,,,PCR/Sequencing,host_presence_only,low,TRUE,candidate_only,,,,,,,,FALSE,FALSE,FALSE,,,,,,,,,,,FALSE
Influenza (H7N9 avian influenza),Leucocarbo georgianus,732180,host,FALSE,,,,,,,,,PCR/Sequencing,host_presence_only,low,TRUE,candidate_only,,,,,,,,FALSE,FALSE,FALSE,,,,,,,,,,,FALSE
Influenza (H7N9 avian influenza),Leucophaeus atricilla,126679,host,FALSE,,,,,,,,,PCR/Sequencing,host_presence_only,low,TRUE,candidate_only,,,,,,,,FALSE,FALSE,FALSE,,,,,,,,,,,FALSE
Influenza (H7N9 avian influenza),Leucophaeus modestus,1471025,host,FALSE,,,,,,,,,PCR/Sequencing,host_presence_only,low,TRUE,candidate_only,,,,,,,,FALSE,FALSE,FALSE,,,,,,,,,,,FALSE
Influenza (H7N9 avian influenza),Leucophaeus pipixcan,690715,host,FALSE,,,,,,,,,PCR/Sequencing,host_presence_only,low,TRUE,candidate_only,,,,,,,,FALSE,FALSE,FALSE,,,,,,,,,,,FALSE
Influenza (H7N9 avian influenza),Leucophaeus scoresbii,328019,host,FALSE,,,,,,,,,PCR/Sequencing,host_presence_only,low,TRUE,candidate_only,,,,,,,,FALSE,FALSE,FALSE,,,,,,,,,,,FALSE
Influenza (H7N9 avian influenza),Limnodromus griseus,279949,host,FALSE,,,,,,aves,charadriiformes,scolopacidae,PCR/Sequencing,host_presence_only,low,TRUE,candidate_only,,,,,,,,FALSE,FALSE,FALSE,,,,,,,,,,,FALSE
Influenza (H7N9 avian influenza),Limosa limosa,161680,host,FALSE,,,,,,aves,charadriiformes,scolopacidae,PCR/Sequencing,host_presence_only,low,TRUE,candidate_only,,,,,,,,FALSE,FALSE,FALSE,,,,,,,,,,,FALSE
Influenza (H7N9 avian influenza),Linaria flavirostris,90717,host,FALSE,,,,,,aves,passeriformes,fringillidae,PCR/Sequencing,host_presence_only,low,TRUE,candidate_only,,,,,,,,FALSE,FALSE,FALSE,,,,,,,,,,,FALSE
Influenza (H7N9 avian influenza),Lonchura atricapilla,1036803,host,FALSE,,,,,,aves,passeriformes,estrildidae,PCR/Sequencing,host_presence_only,low,TRUE,candidate_only,,,,,,,,FALSE,FALSE,FALSE,,,,,,,,,,,FALSE
Influenza (H7N9 avian influenza),Lonchura punctulata,414892,host,FALSE,,,,,,aves,passeriformes,estrildidae,PCR/Sequencing,host_presence_only,low,TRUE,candidate_only,,,,,,,,FALSE,FALSE,FALSE,,,,,,,,,,,FALSE
Influenza (H7N9 avian influenza),Lonchura striata,40157,host,FALSE,,,,,,aves,passeriformes,estrildidae,PCR/Sequencing,host_presence_only,low,TRUE,candidate_only,,,,,,,,FALSE,FALSE,FALSE,,,,,,,,,,,FALSE
Influenza (H7N9 avian influenza),Lontra felina,76718,host,FALSE,,,,,,mammalia,carnivora,mustelidae,PCR/Sequencing,host_presence_only,low,TRUE,candidate_only,,,,,,,,FALSE,FALSE,FALSE,,,,,,,,,,,FALSE
Influenza (H7N9 avian influenza),Lontra provocax,366500,host,FALSE,,,,,,mammalia,carnivora,mustelidae,PCR/Sequencing,host_presence_only,low,TRUE,candidate_only,,,,,,,,FALSE,FALSE,FALSE,,,,,,,,,,,FALSE
Influenza (H7N9 avian influenza),Lophodytes cucullatus,279951,host,FALSE,,,,,,aves,anseriformes,anatidae,PCR/Sequencing,host_presence_only,low,TRUE,candidate_only,,,,,,,,FALSE,FALSE,FALSE,,,,,,,,,,,FALSE
Influenza (H7N9 avian influenza),Lophura ignita,9044,host,FALSE,,,,,,aves,galliformes,phasianidae,PCR/Sequencing,host_presence_only,low,TRUE,candidate_only,,,,,,,,FALSE,FALSE,FALSE,,,,,,,,,,,FALSE
Influenza (H7N9 avian influenza),Lophura leucomelanos,140445,host,FALSE,,,,,,aves,galliformes,phasianidae,Isolation/Observation; PCR/Sequencing,host_presence_only,low,TRUE,candidate_only,,,,,,,,FALSE,FALSE,FALSE,,,,,,,,,,,FALSE
Influenza (H7N9 avian influenza),Lophura nycthemera,9046,host,FALSE,,,,,,aves,galliformes,phasianidae,PCR/Sequencing,host_presence_only,low,TRUE,candidate_only,,,,,,,,FALSE,FALSE,FALSE,,,,,,,,,,,FALSE
Influenza (H7N9 avian influenza),Lynx rufus,61384,host,FALSE,,,,,,mammalia,carnivora,felidae,PCR/Sequencing,host_presence_only,low,TRUE,candidate_only,,,,,,,,FALSE,FALSE,FALSE,,,,,,,,,,,FALSE
Influenza (H7N9 avian influenza),Macaca,9549,host,FALSE,,,,,,,,,PCR/Sequencing,host_presence_only,low,TRUE,candidate_only,,,,,,,,FALSE,FALSE,FALSE,,,,,,,,,,,FALSE
Influenza (H7N9 avian influenza),Macaca fascicularis,9541,host,FALSE,,,,,,mammalia,primates,cercopithecidae,Antibodies,host_presence_only,low,TRUE,candidate_only,,,,,,,,FALSE,FALSE,FALSE,,,,,,,,,,,FALSE
Influenza (H7N9 avian influenza),Macaca mulatta,9544,host,FALSE,,,,,,mammalia,primates,cercopithecidae,Antibodies,host_presence_only,low,TRUE,candidate_only,,,,,,,,FALSE,FALSE,FALSE,,,,,,,,,,,FALSE
Influenza (H7N9 avian influenza),Macaca nemestrina,9545,host,FALSE,,,,,,mammalia,primates,cercopithecidae,Antibodies,host_presence_only,low,TRUE,candidate_only,,,,,,,,FALSE,FALSE,FALSE,,,,,,,,,,,FALSE
Influenza (H7N9 avian influenza),Macaca sylvanus,9546,host,FALSE,,,,,,mammalia,primates,cercopithecidae,Antibodies,host_presence_only,low,TRUE,candidate_only,,,,,,,,FALSE,FALSE,FALSE,,,,,,,,,,,FALSE
Influenza (H7N9 avian influenza),Malacorhynchus membranaceus,45646,host,FALSE,,,,,,aves,anseriformes,anatidae,PCR/Sequencing,host_presence_only,low,TRUE,candidate_only,,,,,,,,FALSE,FALSE,FALSE,,,,,,,,,,,FALSE
Influenza (H7N9 avian influenza),Mareca americana,75832,host,FALSE,,,,,,aves,anseriformes,anatidae,Isolation/Observation; PCR/Sequencing,host_presence_only,low,TRUE,candidate_only,,,,,,,,FALSE,FALSE,FALSE,,,,,,,,,,,FALSE
Influenza (H7N9 avian influenza),Mareca falcata,75844,host,FALSE,,,,,,aves,anseriformes,anatidae,PCR/Sequencing,host_presence_only,low,TRUE,candidate_only,,,,,,,,FALSE,FALSE,FALSE,,,,,,,,,,,FALSE
Influenza (H7N9 avian influenza),Mareca penelope,8838,host,FALSE,,,,,,aves,anseriformes,anatidae,Isolation/Observation; PCR/Sequencing,host_presence_only,low,TRUE,candidate_only,,,,,,,,FALSE,FALSE,FALSE,,,,,,,,,,,FALSE
Influenza (H7N9 avian influenza),Mareca sibilatrix,75858,host,FALSE,,,,,,aves,anseriformes,anatidae,PCR/Sequencing,host_presence_only,low,TRUE,candidate_only,,,,,,,,FALSE,FALSE,FALSE,,,,,,,,,,,FALSE
Influenza (H7N9 avian influenza),Mareca strepera,75861,host,FALSE,,,,,,aves,anseriformes,anatidae,Isolation/Observation; PCR/Sequencing,host_presence_only,low,TRUE,candidate_only,,,,,,,,FALSE,FALSE,FALSE,,,,,,,,,,,FALSE
Influenza (H7N9 avian influenza),Marmaronetta angustirostris,75875,host,FALSE,,,,,,aves,anseriformes,anatidae,PCR/Sequencing,host_presence_only,low,TRUE,candidate_only,,,,,,,,FALSE,FALSE,FALSE,,,,,,,,,,,FALSE
Influenza (H7N9 avian influenza),Martes foina,9659,host,FALSE,,,,,,mammalia,carnivora,mustelidae,Isolation/Observation; PCR/Sequencing,host_presence_only,low,TRUE,candidate_only,,,,,,,,FALSE,FALSE,FALSE,,,,,,,,,,,FALSE
Influenza (H7N9 avian influenza),Megascops choliba,507958,host,FALSE,,,,,,aves,strigiformes,strigidae,PCR/Sequencing,host_presence_only,low,TRUE,candidate_only,,,,,,,,FALSE,FALSE,FALSE,,,,,,,,,,,FALSE
Influenza (H7N9 avian influenza),Melanitta americana,1581554,host,FALSE,,,,,,aves,anseriformes,anatidae,PCR/Sequencing,host_presence_only,low,TRUE,candidate_only,,,,,,,,FALSE,FALSE,FALSE,,,,,,,,,,,FALSE
Influenza (H7N9 avian influenza),Melanitta fusca,371864,host,FALSE,,,,,,aves,anseriformes,anatidae,PCR/Sequencing,host_presence_only,low,TRUE,candidate_only,,,,,,,,FALSE,FALSE,FALSE,,,,,,,,,,,FALSE
Influenza (H7N9 avian influenza),Melanitta nigra,198027,host,FALSE,,,,,,aves,anseriformes,anatidae,PCR/Sequencing,host_presence_only,low,TRUE,candidate_only,,,,,,,,FALSE,FALSE,FALSE,,,,,,,,,,,FALSE
Influenza (H7N9 avian influenza),Melanitta perspicillata,371863,host,FALSE,,,,,,aves,anseriformes,anatidae,PCR/Sequencing,host_presence_only,low,TRUE,candidate_only,,,,,,,,FALSE,FALSE,FALSE,,,,,,,,,,,FALSE
Influenza (H7N9 avian influenza),Meleagris gallopavo,9103,host,FALSE,,,,,,aves,galliformes,phasianidae,Isolation/Observation; PCR/Sequencing,host_presence_only,low,TRUE,candidate_only,,,,,,,,FALSE,FALSE,FALSE,,,,,,,,,,,FALSE
Influenza (H7N9 avian influenza),Meles leucurus,702266,host,FALSE,,,,,,mammalia,carnivora,mustelidae,PCR/Sequencing,host_presence_only,low,TRUE,candidate_only,,,,,,,,FALSE,FALSE,FALSE,,,,,,,,,,,FALSE
Influenza (H7N9 avian influenza),Melospiza melodia,44397,host,FALSE,,,,,,aves,passeriformes,passerellidae,PCR/Sequencing,host_presence_only,low,TRUE,candidate_only,,,,,,,,FALSE,FALSE,FALSE,,,,,,,,,,,FALSE
Influenza (H7N9 avian influenza),Melursus ursinus,9636,host,FALSE,,,,,,mammalia,carnivora,ursidae,PCR/Sequencing,host_presence_only,low,TRUE,candidate_only,,,,,,,,FALSE,FALSE,FALSE,,,,,,,,,,,FALSE
Influenza (H7N9 avian influenza),Mephitis mephitis,30548,host,FALSE,,,,,,mammalia,carnivora,mephitidae,PCR/Sequencing,host_presence_only,low,TRUE,candidate_only,,,,,,,,FALSE,FALSE,FALSE,,,,,,,,,,,FALSE
Influenza (H7N9 avian influenza),Mergellus albellus,107026,host,FALSE,,,,,,aves,anseriformes,anatidae,PCR/Sequencing,host_presence_only,low,TRUE,candidate_only,,,,,,,,FALSE,FALSE,FALSE,,,,,,,,,,,FALSE
Influenza (H7N9 avian influenza),Mergus merganser,8880,host,FALSE,,,,,,aves,anseriformes,anatidae,PCR/Sequencing,host_presence_only,low,TRUE,candidate_only,,,,,,,,FALSE,FALSE,FALSE,,,,,,,,,,,FALSE
Influenza (H7N9 avian influenza),Merops apiaster,265611,host,FALSE,,,,,,aves,coraciiformes,meropidae,PCR/Sequencing,host_presence_only,low,TRUE,candidate_only,,,,,,,,FALSE,FALSE,FALSE,,,,,,,,,,,FALSE
Influenza (H7N9 avian influenza),Microcarbo coronatus,1523041,host,FALSE,,,,,,aves,suliformes,phalacrocoracidae,PCR/Sequencing,host_presence_only,low,TRUE,candidate_only,,,,,,,,FALSE,FALSE,FALSE,,,,,,,,,,,FALSE
Influenza (H7N9 avian influenza),Microcarbo niger,1517963,host,FALSE,,,,,,aves,suliformes,phalacrocoracidae,PCR/Sequencing,host_presence_only,low,TRUE,candidate_only,,,,,,,,FALSE,FALSE,FALSE,,,,,,,,,,,FALSE
Influenza (H7N9 avian influenza),Milvago chimango,357707,host,FALSE,,,,,,,,,PCR/Sequencing,host_presence_only,low,TRUE,candidate_only,,,,,,,,FALSE,FALSE,FALSE,,,,,,,,,,,FALSE
Influenza (H7N9 avian influenza),Milvus migrans,52810,host,FALSE,,,,,,aves,accipitriformes,accipitridae,PCR/Sequencing,host_presence_only,low,TRUE,candidate_only,,,,,,,,FALSE,FALSE,FALSE,,,,,,,,,,,FALSE
Influenza (H7N9 avian influenza),Mirounga angustirostris,9716,host,FALSE,,,,,,mammalia,carnivora,phocidae,PCR/Sequencing,host_presence_only,low,TRUE,candidate_only,,,,,,,,FALSE,FALSE,FALSE,,,,,,,,,,,FALSE
Influenza (H7N9 avian influenza),Mirounga leonina,9715,host,FALSE,,,,,,mammalia,carnivora,phocidae,PCR/Sequencing,host_presence_only,low,TRUE,candidate_only,,,,,,,,FALSE,FALSE,FALSE,,,,,,,,,,,FALSE
Influenza (H7N9 avian influenza),Montifringilla henrici,2557930,host,FALSE,,,,,,aves,passeriformes,passeridae,PCR/Sequencing,host_presence_only,low,TRUE,candidate_only,,,,,,,,FALSE,FALSE,FALSE,,,,,,,,,,,FALSE
Influenza (H7N9 avian influenza),Morus bassanus,37578,host,FALSE,,,,,,aves,suliformes,sulidae,PCR/Sequencing,host_presence_only,low,TRUE,candidate_only,,,,,,,,FALSE,FALSE,FALSE,,,,,,,,,,,FALSE
Influenza (H7N9 avian influenza),Motacilla alba,45807,host,FALSE,,,,,,aves,passeriformes,motacillidae,PCR/Sequencing,host_presence_only,low,TRUE,candidate_only,,,,,,,,FALSE,FALSE,FALSE,,,,,,,,,,,FALSE
Influenza (H7N9 avian influenza),Mus musculus,10090,host,FALSE,,,,,,mammalia,rodentia,muridae,PCR/Sequencing,host_presence_only,low,TRUE,candidate_only,,,,,,,,FALSE,FALSE,FALSE,,,,,,,,,,,FALSE
Influenza (H7N9 avian influenza),Mustela,30549,host,FALSE,,,,,,,,,PCR/Sequencing,host_presence_only,low,TRUE,candidate_only,,,,,,,,FALSE,FALSE,FALSE,,,,,,,,,,,FALSE
Influenza (H7N9 avian influenza),Mustela erminea,36723,host,FALSE,,,,,,mammalia,carnivora,mustelidae,PCR/Sequencing,host_presence_only,low,TRUE,candidate_only,,,,,,,,FALSE,FALSE,FALSE,,,,,,,,,,,FALSE
Influenza (H7N9 avian influenza),Mustela lutreola,9666,host,FALSE,,,,,,mammalia,carnivora,mustelidae,PCR/Sequencing,host_presence_only,low,TRUE,candidate_only,,,,,,,,FALSE,FALSE,FALSE,,,,,,,,,,,FALSE
Influenza (H7N9 avian influenza),Mustela nigripes,77151,host,FALSE,,,,,,mammalia,carnivora,mustelidae,PCR/Sequencing,host_presence_only,low,TRUE,candidate_only,,,,,,,,FALSE,FALSE,FALSE,,,,,,,,,,,FALSE
Influenza (H7N9 avian influenza),Mustela putorius,9668,host,FALSE,,,,,,mammalia,carnivora,mustelidae,PCR/Sequencing,host_presence_only,low,TRUE,candidate_only,,,,,,,,FALSE,FALSE,FALSE,,,,,,,,,,,FALSE
Influenza (H7N9 avian influenza),Mustela putorius,9669,host,FALSE,,,,,,mammalia,carnivora,mustelidae,PCR/Sequencing,host_presence_only,low,TRUE,candidate_only,,,,,,,,FALSE,FALSE,FALSE,,,,,,,,,,,FALSE
Influenza (H7N9 avian influenza),Myiopsitta monachus,176066,host,FALSE,,,,,,aves,psittaciformes,psittacidae,PCR/Sequencing,host_presence_only,low,TRUE,candidate_only,,,,,,,,FALSE,FALSE,FALSE,,,,,,,,,,,FALSE
Influenza (H7N9 avian influenza),Myrmecophaga tridactyla,71006,host,FALSE,,,,,,mammalia,pilosa,myrmecophagidae,PCR/Sequencing,host_presence_only,low,TRUE,candidate_only,,,,,,,,FALSE,FALSE,FALSE,,,,,,,,,,,FALSE
Influenza (H7N9 avian influenza),Nannopterum auritum,56069,host,FALSE,,,,,,,,,PCR/Sequencing,host_presence_only,low,TRUE,candidate_only,,,,,,,,FALSE,FALSE,FALSE,,,,,,,,,,,FALSE
Influenza (H7N9 avian influenza),Nannopterum brasilianum,37046,host,FALSE,,,,,,,,,PCR/Sequencing,host_presence_only,low,TRUE,candidate_only,,,,,,,,FALSE,FALSE,FALSE,,,,,,,,,,,FALSE
Influenza (H7N9 avian influenza),Nasua nasua,9651,host,FALSE,,,,,,mammalia,carnivora,procyonidae,PCR/Sequencing,host_presence_only,low,TRUE,candidate_only,,,,,,,,FALSE,FALSE,FALSE,,,,,,,,,,,FALSE
Influenza (H7N9 avian influenza),Necrosyrtes monachus,30399,host,FALSE,,,,,,aves,accipitriformes,accipitridae,PCR/Sequencing,host_presence_only,low,TRUE,candidate_only,,,,,,,,FALSE,FALSE,FALSE,,,,,,,,,,,FALSE
Influenza (H7N9 avian influenza),Neofelis nebulosa,61452,host,FALSE,,,,,,mammalia,carnivora,felidae,PCR/Sequencing,host_presence_only,low,TRUE,candidate_only,,,,,,,,FALSE,FALSE,FALSE,,,,,,,,,,,FALSE
Influenza (H7N9 avian influenza),Neogale vison,452646,host,FALSE,,,,,,mammalia,carnivora,mustelidae,Isolation/Observation; PCR/Sequencing,host_presence_only,low,TRUE,candidate_only,,,,,,,,FALSE,FALSE,FALSE,,,,,,,,,,,FALSE
Influenza (H7N9 avian influenza),Netta peposaca,541013,host,FALSE,,,,,,aves,anseriformes,anatidae,PCR/Sequencing,host_presence_only,low,TRUE,candidate_only,,,,,,,,FALSE,FALSE,FALSE,,,,,,,,,,,FALSE
Influenza (H7N9 avian influenza),Netta rufina,30387,host,FALSE,,,,,,aves,anseriformes,anatidae,PCR/Sequencing,host_presence_only,low,TRUE,candidate_only,,,,,,,,FALSE,FALSE,FALSE,,,,,,,,,,,FALSE
Influenza (H7N9 avian influenza),Nisaetus cirrhatus,252795,host,FALSE,,,,,,aves,accipitriformes,accipitridae,Isolation/Observation,host_presence_only,low,TRUE,candidate_only,,,,,,,,FALSE,FALSE,FALSE,,,,,,,,,,,FALSE
Influenza (H7N9 avian influenza),Nisaetus nipalensis,214438,host,FALSE,,,,,,aves,accipitriformes,accipitridae,PCR/Sequencing,host_presence_only,low,TRUE,candidate_only,,,,,,,,FALSE,FALSE,FALSE,,,,,,,,,,,FALSE
Influenza (H7N9 avian influenza),Numenius arquata,31919,host,FALSE,,,,,,aves,charadriiformes,scolopacidae,PCR/Sequencing,host_presence_only,low,TRUE,candidate_only,,,,,,,,FALSE,FALSE,FALSE,,,,,,,,,,,FALSE
Influenza (H7N9 avian influenza),Numenius phaeopus,161676,host,FALSE,,,,,,aves,charadriiformes,scolopacidae,PCR/Sequencing,host_presence_only,low,TRUE,candidate_only,,,,,,,,FALSE,FALSE,FALSE,,,,,,,,,,,FALSE
Influenza (H7N9 avian influenza),Numida meleagris,8996,host,FALSE,,,,,,aves,galliformes,numididae,Isolation/Observation; PCR/Sequencing,host_presence_only,low,TRUE,candidate_only,,,,,,,,FALSE,FALSE,FALSE,,,,,,,,,,,FALSE
Influenza (H7N9 avian influenza),Numididae,8997,host,FALSE,,,,,,,,,PCR/Sequencing,host_presence_only,low,TRUE,candidate_only,,,,,,,,FALSE,FALSE,FALSE,,,,,,,,,,,FALSE
Influenza (H7N9 avian influenza),Nyctalus noctula,51300,host,FALSE,,,,,,mammalia,chiroptera,vespertilionidae,Isolation/Observation,host_presence_only,low,TRUE,candidate_only,,,,,,,,FALSE,FALSE,FALSE,,,,,,,,,,,FALSE
Influenza (H7N9 avian influenza),Nyctereutes procyonoides,34880,host,FALSE,,,,,,mammalia,carnivora,canidae,PCR/Sequencing,host_presence_only,low,TRUE,candidate_only,,,,,,,,FALSE,FALSE,FALSE,,,,,,,,,,,FALSE
Influenza (H7N9 avian influenza),Nycticorax nycticorax,8901,host,FALSE,,,,,,aves,pelecaniformes,ardeidae,PCR/Sequencing,host_presence_only,low,TRUE,candidate_only,,,,,,,,FALSE,FALSE,FALSE,,,,,,,,,,,FALSE
Influenza (H7N9 avian influenza),Ochotona curzoniae,130825,host,FALSE,,,,,,mammalia,lagomorpha,ochotonidae,PCR/Sequencing,host_presence_only,low,TRUE,candidate_only,,,,,,,,FALSE,FALSE,FALSE,,,,,,,,,,,FALSE
Influenza (H7N9 avian influenza),Oenanthe isabellina,358819,host,FALSE,,,,,,aves,passeriformes,muscicapidae,PCR/Sequencing,host_presence_only,low,TRUE,candidate_only,,,,,,,,FALSE,FALSE,FALSE,,,,,,,,,,,FALSE
Influenza (H7N9 avian influenza),Ondatra zibethicus,10060,host,FALSE,,,,,,mammalia,rodentia,cricetidae,PCR/Sequencing,host_presence_only,low,TRUE,candidate_only,,,,,,,,FALSE,FALSE,FALSE,,,,,,,,,,,FALSE
Influenza (H7N9 avian influenza),Onychoprion fuscatus,425648,host,FALSE,,,,,,aves,charadriiformes,laridae,PCR/Sequencing,host_presence_only,low,TRUE,candidate_only,,,,,,,,FALSE,FALSE,FALSE,,,,,,,,,,,FALSE
Influenza (H7N9 avian influenza),Ortalis vetula,8984,host,FALSE,,,,,,aves,galliformes,cracidae,PCR/Sequencing,host_presence_only,low,TRUE,candidate_only,,,,,,,,FALSE,FALSE,FALSE,,,,,,,,,,,FALSE
Influenza (H7N9 avian influenza),Otaria byronia,161932,host,FALSE,,,,,,mammalia,carnivora,otariidae,PCR/Sequencing,host_presence_only,low,TRUE,candidate_only,,,,,,,,FALSE,FALSE,FALSE,,,,,,,,,,,FALSE
Influenza (H7N9 avian influenza),Otis tarda,73107,host,FALSE,,,,,,aves,otidiformes,otididae,PCR/Sequencing,host_presence_only,low,TRUE,candidate_only,,,,,,,,FALSE,FALSE,FALSE,,,,,,,,,,,FALSE
Influenza (H7N9 avian influenza),Oxyura jamaicensis,8884,host,FALSE,,,,,,aves,anseriformes,anatidae,PCR/Sequencing,host_presence_only,low,TRUE,candidate_only,,,,,,,,FALSE,FALSE,FALSE,,,,,,,,,,,FALSE
Influenza (H7N9 avian influenza),Paguma larvata,9675,host,FALSE,,,,,,mammalia,carnivora,viverridae,PCR/Sequencing,host_presence_only,low,TRUE,candidate_only,,,,,,,,FALSE,FALSE,FALSE,,,,,,,,,,,FALSE
Influenza (H7N9 avian influenza),Paleosuchus trigonatus,38658,host,FALSE,,,,,,reptilia,crocodylia,alligatoridae,PCR/Sequencing,host_presence_only,low,TRUE,candidate_only,,,,,,,,FALSE,FALSE,FALSE,,,,,,,,,,,FALSE
Influenza (H7N9 avian influenza),Pandion haliaetus,56262,host,FALSE,,,,,,aves,accipitriformes,pandionidae,PCR/Sequencing,host_presence_only,low,TRUE,candidate_only,,,,,,,,FALSE,FALSE,FALSE,,,,,,,,,,,FALSE
Influenza (H7N9 avian influenza),Panthera leo,9689,host,FALSE,,,,,,mammalia,carnivora,felidae,PCR/Sequencing,host_presence_only,low,TRUE,candidate_only,,,,,,,,FALSE,FALSE,FALSE,,,,,,,,,,,FALSE
Influenza (H7N9 avian influenza),Panthera pardus,9691,host,FALSE,,,,,,mammalia,carnivora,felidae,PCR/Sequencing,host_presence_only,low,TRUE,candidate_only,,,,,,,,FALSE,FALSE,FALSE,,,,,,,,,,,FALSE
Influenza (H7N9 avian influenza),Panthera tigris,74535,host,FALSE,,,,,,mammalia,carnivora,felidae,PCR/Sequencing,host_presence_only,low,TRUE,candidate_only,,,,,,,,FALSE,FALSE,FALSE,,,,,,,,,,,FALSE
Influenza (H7N9 avian influenza),Panthera tigris,9694,host,FALSE,,,,,,mammalia,carnivora,felidae,PCR/Sequencing,host_presence_only,low,TRUE,candidate_only,,,,,,,,FALSE,FALSE,FALSE,,,,,,,,,,,FALSE
Influenza (H7N9 avian influenza),Papio cynocephalus,9556,host,FALSE,,,,,,mammalia,primates,cercopithecidae,Antibodies,host_presence_only,low,TRUE,candidate_only,,,,,,,,FALSE,FALSE,FALSE,,,,,,,,,,,FALSE
Influenza (H7N9 avian influenza),Parabuteo unicinctus,223492,host,FALSE,,,,,,aves,accipitriformes,accipitridae,PCR/Sequencing,host_presence_only,low,TRUE,candidate_only,,,,,,,,FALSE,FALSE,FALSE,,,,,,,,,,,FALSE
Influenza (H7N9 avian influenza),Parkesia noveboracensis,182947,host,FALSE,,,,,,aves,passeriformes,parulidae,PCR/Sequencing,host_presence_only,low,TRUE,candidate_only,,,,,,,,FALSE,FALSE,FALSE,,,,,,,,,,,FALSE
Influenza (H7N9 avian influenza),Parus major,9157,host,FALSE,,,,,,aves,passeriformes,paridae,PCR/Sequencing,host_presence_only,low,TRUE,candidate_only,,,,,,,,FALSE,FALSE,FALSE,,,,,,,,,,,FALSE
Influenza (H7N9 avian influenza),Passer domesticus,48849,host,FALSE,,,,,,aves,passeriformes,passeridae,PCR/Sequencing,host_presence_only,low,TRUE,candidate_only,,,,,,,,FALSE,FALSE,FALSE,,,,,,,,,,,FALSE
Influenza (H7N9 avian influenza),Passer montanus,9160,host,FALSE,,,,,,aves,passeriformes,passeridae,Isolation/Observation; PCR/Sequencing,host_presence_only,low,TRUE,candidate_only,,,,,,,,FALSE,FALSE,FALSE,,,,,,,,,,,FALSE
Influenza (H7N9 avian influenza),Passerella iliaca,44389,host,FALSE,,,,,,aves,passeriformes,passerellidae,PCR/Sequencing,host_presence_only,low,TRUE,candidate_only,,,,,,,,FALSE,FALSE,FALSE,,,,,,,,,,,FALSE
Influenza (H7N9 avian influenza),Pavo cristatus,9049,host,FALSE,,,,,,aves,galliformes,phasianidae,PCR/Sequencing,host_presence_only,low,TRUE,candidate_only,,,,,,,,FALSE,FALSE,FALSE,,,,,,,,,,,FALSE
Influenza (H7N9 avian influenza),Pavo muticus,9050,host,FALSE,,,,,,aves,galliformes,phasianidae,PCR/Sequencing,host_presence_only,low,TRUE,candidate_only,,,,,,,,FALSE,FALSE,FALSE,,,,,,,,,,,FALSE
Influenza (H7N9 avian influenza),Pekania pennanti,76720,host,FALSE,,,,,,,,,PCR/Sequencing,host_presence_only,low,TRUE,candidate_only,,,,,,,,FALSE,FALSE,FALSE,,,,,,,,,,,FALSE
Influenza (H7N9 avian influenza),Pelecanus crispus,36300,host,FALSE,,,,,,aves,pelecaniformes,pelecanidae,PCR/Sequencing,host_presence_only,low,TRUE,candidate_only,,,,,,,,FALSE,FALSE,FALSE,,,,,,,,,,,FALSE
Influenza (H7N9 avian influenza),Pelecanus erythrorhynchos,33618,host,FALSE,,,,,,aves,pelecaniformes,pelecanidae,PCR/Sequencing,host_presence_only,low,TRUE,candidate_only,,,,,,,,FALSE,FALSE,FALSE,,,,,,,,,,,FALSE
Influenza (H7N9 avian influenza),Pelecanus occidentalis,37043,host,FALSE,,,,,,aves,pelecaniformes,pelecanidae,PCR/Sequencing,host_presence_only,low,TRUE,candidate_only,,,,,,,,FALSE,FALSE,FALSE,,,,,,,,,,,FALSE
Influenza (H7N9 avian influenza),Pelecanus thagus,1108811,host,FALSE,,,,,,aves,pelecaniformes,pelecanidae,PCR/Sequencing,host_presence_only,low,TRUE,candidate_only,,,,,,,,FALSE,FALSE,FALSE,,,,,,,,,,,FALSE
Influenza (H7N9 avian influenza),Phalacrocorax capensis,146614,host,FALSE,,,,,,aves,suliformes,phalacrocoracidae,PCR/Sequencing,host_presence_only,low,TRUE,candidate_only,,,,,,,,FALSE,FALSE,FALSE,,,,,,,,,,,FALSE
Influenza (H7N9 avian influenza),Phalacrocorax carbo,9209,host,FALSE,,,,,,aves,suliformes,phalacrocoracidae,Isolation/Observation; PCR/Sequencing,host_presence_only,low,TRUE,candidate_only,,,,,,,,FALSE,FALSE,FALSE,,,,,,,,,,,FALSE
Influenza (H7N9 avian influenza),Phalaropus lobatus,240204,host,FALSE,,,,,,,,,PCR/Sequencing,host_presence_only,low,TRUE,candidate_only,,,,,,,,FALSE,FALSE,FALSE,,,,,,,,,,,FALSE
Influenza (H7N9 avian influenza),Phasianus colchicus,9054,host,FALSE,,,,,,aves,galliformes,phasianidae,PCR/Sequencing,host_presence_only,low,TRUE,candidate_only,,,,,,,,FALSE,FALSE,FALSE,,,,,,,,,,,FALSE
Influenza (H7N9 avian influenza),Phoca vitulina,9720,host,FALSE,,,,,,mammalia,carnivora,phocidae,Antibodies; Isolation/Observation; PCR/Sequencing,host_presence_only,low,TRUE,candidate_only,,,,,,,,FALSE,FALSE,FALSE,,,,,,,,,,,FALSE
Influenza (H7N9 avian influenza),Phocoena spinipinnis,27614,host,FALSE,,,,,,mammalia,artiodactyla,phocoenidae,PCR/Sequencing,host_presence_only,low,TRUE,candidate_only,,,,,,,,FALSE,FALSE,FALSE,,,,,,,,,,,FALSE
Influenza (H7N9 avian influenza),Phoenicopterus chilensis,117000,host,FALSE,,,,,,aves,phoenicopteriformes,phoenicopteridae,PCR/Sequencing,host_presence_only,low,TRUE,candidate_only,,,,,,,,FALSE,FALSE,FALSE,,,,,,,,,,,FALSE
Influenza (H7N9 avian influenza),Phoenicopterus roseus,435638,host,FALSE,,,,,,aves,phoenicopteriformes,phoenicopteridae,PCR/Sequencing,host_presence_only,low,TRUE,candidate_only,,,,,,,,FALSE,FALSE,FALSE,,,,,,,,,,,FALSE
Influenza (H7N9 avian influenza),Phoenicopterus ruber,9217,host,FALSE,,,,,,aves,phoenicopteriformes,phoenicopteridae,PCR/Sequencing,host_presence_only,low,TRUE,candidate_only,,,,,,,,FALSE,FALSE,FALSE,,,,,,,,,,,FALSE
Influenza (H7N9 avian influenza),Pica hudsonia,158052,host,FALSE,,,,,,aves,passeriformes,corvidae,PCR/Sequencing,host_presence_only,low,TRUE,candidate_only,,,,,,,,FALSE,FALSE,FALSE,,,,,,,,,,,FALSE
Influenza (H7N9 avian influenza),Pica pica,34924,host,FALSE,,,,,,aves,passeriformes,corvidae,PCR/Sequencing,host_presence_only,low,TRUE,candidate_only,,,,,,,,FALSE,FALSE,FALSE,,,,,,,,,,,FALSE
Influenza (H7N9 avian influenza),Pionus menstruus,13214,host,FALSE,,,,,,aves,psittaciformes,psittacidae,PCR/Sequencing,host_presence_only,low,TRUE,candidate_only,,,,,,,,FALSE,FALSE,FALSE,,,,,,,,,,,FALSE
Influenza (H7N9 avian influenza),Pipistrellus kuhlii,59472,host,FALSE,,,,,,mammalia,chiroptera,vespertilionidae,PCR/Sequencing,host_presence_only,low,TRUE,candidate_only,,,,,,,,FALSE,FALSE,FALSE,,,,,,,,,,,FALSE
Influenza (H7N9 avian influenza),Piranga ludoviciana,63520,host,FALSE,,,,,,aves,passeriformes,cardinalidae,PCR/Sequencing,host_presence_only,low,TRUE,candidate_only,,,,,,,,FALSE,FALSE,FALSE,,,,,,,,,,,FALSE
Influenza (H7N9 avian influenza),Plectropterus gambensis,658924,host,FALSE,,,,,,aves,anseriformes,anatidae,PCR/Sequencing,host_presence_only,low,TRUE,candidate_only,,,,,,,,FALSE,FALSE,FALSE,,,,,,,,,,,FALSE
Influenza (H7N9 avian influenza),Plegadis chihi,302533,host,FALSE,,,,,,aves,pelecaniformes,threskiornithidae,PCR/Sequencing,host_presence_only,low,TRUE,candidate_only,,,,,,,,FALSE,FALSE,FALSE,,,,,,,,,,,FALSE
Influenza (H7N9 avian influenza),Plegadis falcinellus,52788,host,FALSE,,,,,,aves,pelecaniformes,threskiornithidae,PCR/Sequencing,host_presence_only,low,TRUE,candidate_only,,,,,,,,FALSE,FALSE,FALSE,,,,,,,,,,,FALSE
Influenza (H7N9 avian influenza),Pluvialis dominica,240205,host,FALSE,,,,,,aves,charadriiformes,charadriidae,PCR/Sequencing,host_presence_only,low,TRUE,candidate_only,,,,,,,,FALSE,FALSE,FALSE,,,,,,,,,,,FALSE
Influenza (H7N9 avian influenza),Pluvialis fulva,371922,host,FALSE,,,,,,aves,charadriiformes,charadriidae,PCR/Sequencing,host_presence_only,low,TRUE,candidate_only,,,,,,,,FALSE,FALSE,FALSE,,,,,,,,,,,FALSE
Influenza (H7N9 avian influenza),Pluvialis squatarola,171273,host,FALSE,,,,,,aves,charadriiformes,charadriidae,PCR/Sequencing,host_presence_only,low,TRUE,candidate_only,,,,,,,,FALSE,FALSE,FALSE,,,,,,,,,,,FALSE
Influenza (H7N9 avian influenza),Podargus strigoides,8905,host,FALSE,,,,,,aves,caprimulgiformes,podargidae,PCR/Sequencing,host_presence_only,low,TRUE,candidate_only,,,,,,,,FALSE,FALSE,FALSE,,,,,,,,,,,FALSE
Influenza (H7N9 avian influenza),Podiceps auritus,37050,host,FALSE,,,,,,aves,podicipediformes,podicipedidae,PCR/Sequencing,host_presence_only,low,TRUE,candidate_only,,,,,,,,FALSE,FALSE,FALSE,,,,,,,,,,,FALSE
Influenza (H7N9 avian influenza),Podiceps cristatus,345573,host,FALSE,,,,,,aves,podicipediformes,podicipedidae,PCR/Sequencing,host_presence_only,low,TRUE,candidate_only,,,,,,,,FALSE,FALSE,FALSE,,,,,,,,,,,FALSE
Influenza (H7N9 avian influenza),Podiceps grisegena,80367,host,FALSE,,,,,,aves,podicipediformes,podicipedidae,PCR/Sequencing,host_presence_only,low,TRUE,candidate_only,,,,,,,,FALSE,FALSE,FALSE,,,,,,,,,,,FALSE
Influenza (H7N9 avian influenza),Podiceps major,555330,host,FALSE,,,,,,aves,podicipediformes,podicipedidae,PCR/Sequencing,host_presence_only,low,TRUE,candidate_only,,,,,,,,FALSE,FALSE,FALSE,,,,,,,,,,,FALSE
Influenza (H7N9 avian influenza),Polysticta stelleri,234623,host,FALSE,,,,,,aves,anseriformes,anatidae,PCR/Sequencing,host_presence_only,low,TRUE,candidate_only,,,,,,,,FALSE,FALSE,FALSE,,,,,,,,,,,FALSE
Influenza (H7N9 avian influenza),Procellaria aequinoctialis,53665,host,FALSE,,,,,,aves,procellariiformes,procellariidae,PCR/Sequencing,host_presence_only,low,TRUE,candidate_only,,,,,,,,FALSE,FALSE,FALSE,,,,,,,,,,,FALSE
Influenza (H7N9 avian influenza),Procyon lotor,9654,host,FALSE,,,,,,mammalia,carnivora,procyonidae,Antibodies; PCR/Sequencing,host_presence_only,low,TRUE,candidate_only,,,,,,,,FALSE,FALSE,FALSE,,,,,,,,,,,FALSE
Influenza (H7N9 avian influenza),Pteropus alecto,9402,host,FALSE,,,,,,mammalia,chiroptera,pteropodidae,PCR/Sequencing,host_presence_only,low,TRUE,candidate_only,,,,,,,,FALSE,FALSE,FALSE,,,,,,,,,,,FALSE
Influenza (H7N9 avian influenza),Puma concolor,9696,host,FALSE,,,,,,mammalia,carnivora,felidae,PCR/Sequencing,host_presence_only,low,TRUE,candidate_only,,,,,,,,FALSE,FALSE,FALSE,,,,,,,,,,,FALSE
Influenza (H7N9 avian influenza),Pusa caspica,693431,host,FALSE,,,,,,mammalia,carnivora,phocidae,Antibodies; PCR/Sequencing,host_presence_only,low,TRUE,candidate_only,,,,,,,,FALSE,FALSE,FALSE,,,,,,,,,,,FALSE
Influenza (H7N9 avian influenza),Pygoscelis adeliae,9238,host,FALSE,,,,,,aves,sphenisciformes,spheniscidae,PCR/Sequencing,host_presence_only,low,TRUE,candidate_only,,,,,,,,FALSE,FALSE,FALSE,,,,,,,,,,,FALSE
Influenza (H7N9 avian influenza),Pygoscelis antarcticus,79643,host,FALSE,,,,,,aves,sphenisciformes,spheniscidae,PCR/Sequencing,host_presence_only,low,TRUE,candidate_only,,,,,,,,FALSE,FALSE,FALSE,,,,,,,,,,,FALSE
Influenza (H7N9 avian influenza),Pygoscelis papua,30457,host,FALSE,,,,,,aves,sphenisciformes,spheniscidae,PCR/Sequencing,host_presence_only,low,TRUE,candidate_only,,,,,,,,FALSE,FALSE,FALSE,,,,,,,,,,,FALSE
Influenza (H7N9 avian influenza),Quiscalus mexicanus,64278,host,FALSE,,,,,,aves,passeriformes,icteridae,PCR/Sequencing,host_presence_only,low,TRUE,candidate_only,,,,,,,,FALSE,FALSE,FALSE,,,,,,,,,,,FALSE
Influenza (H7N9 avian influenza),Quiscalus quiscula,84782,host,FALSE,,,,,,aves,passeriformes,icteridae,PCR/Sequencing,host_presence_only,low,TRUE,candidate_only,,,,,,,,FALSE,FALSE,FALSE,,,,,,,,,,,FALSE
Influenza (H7N9 avian influenza),Rattus norvegicus,10116,host,FALSE,,,,,,mammalia,rodentia,muridae,PCR/Sequencing,host_presence_only,low,TRUE,candidate_only,,,,,,,,FALSE,FALSE,FALSE,,,,,,,,,,,FALSE
Influenza (H7N9 avian influenza),Regulus satrapa,13245,host,FALSE,,,,,,aves,passeriformes,regulidae,PCR/Sequencing,host_presence_only,low,TRUE,candidate_only,,,,,,,,FALSE,FALSE,FALSE,,,,,,,,,,,FALSE
Influenza (H7N9 avian influenza),Rhynchotus rufescens,30466,host,FALSE,,,,,,aves,struthioniformes,tinamidae,PCR/Sequencing,host_presence_only,low,TRUE,candidate_only,,,,,,,,FALSE,FALSE,FALSE,,,,,,,,,,,FALSE
Influenza (H7N9 avian influenza),Rissa tridactyla,75485,host,FALSE,,,,,,aves,charadriiformes,laridae,PCR/Sequencing,host_presence_only,low,TRUE,candidate_only,,,,,,,,FALSE,FALSE,FALSE,,,,,,,,,,,FALSE
Influenza (H7N9 avian influenza),Rousettus aegyptiacus,9407,host,FALSE,,,,,,mammalia,chiroptera,pteropodidae,PCR/Sequencing,host_presence_only,low,TRUE,candidate_only,,,,,,,,FALSE,FALSE,FALSE,,,,,,,,,,,FALSE
Influenza (H7N9 avian influenza),Rousettus amplexicaudatus,58083,host,FALSE,,,,,,mammalia,chiroptera,pteropodidae,PCR/Sequencing,host_presence_only,low,TRUE,candidate_only,,,,,,,,FALSE,FALSE,FALSE,,,,,,,,,,,FALSE
Influenza (H7N9 avian influenza),Rousettus leschenaultii,9408,host,FALSE,,,,,,mammalia,chiroptera,pteropodidae,Antibodies,host_presence_only,low,TRUE,candidate_only,,,,,,,,FALSE,FALSE,FALSE,,,,,,,,,,,FALSE
Influenza (H7N9 avian influenza),Rynchops niger,227184,host,FALSE,,,,,,aves,charadriiformes,laridae,PCR/Sequencing,host_presence_only,low,TRUE,candidate_only,,,,,,,,FALSE,FALSE,FALSE,,,,,,,,,,,FALSE
Influenza (H7N9 avian influenza),Sarkidiornis sylvicola,1577981,host,FALSE,,,,,,aves,anseriformes,anatidae,PCR/Sequencing,host_presence_only,low,TRUE,candidate_only,,,,,,,,FALSE,FALSE,FALSE,,,,,,,,,,,FALSE
Influenza (H7N9 avian influenza),Saxicola torquatus,230656,host,FALSE,,,,,,aves,passeriformes,muscicapidae,PCR/Sequencing,host_presence_only,low,TRUE,candidate_only,,,,,,,,FALSE,FALSE,FALSE,,,,,,,,,,,FALSE
Influenza (H7N9 avian influenza),Scolopax minor,56299,host,FALSE,,,,,,aves,charadriiformes,scolopacidae,PCR/Sequencing,host_presence_only,low,TRUE,candidate_only,,,,,,,,FALSE,FALSE,FALSE,,,,,,,,,,,FALSE
Influenza (H7N9 avian influenza),Scolopax rusticola,100826,host,FALSE,,,,,,aves,charadriiformes,scolopacidae,PCR/Sequencing,host_presence_only,low,TRUE,candidate_only,,,,,,,,FALSE,FALSE,FALSE,,,,,,,,,,,FALSE
Influenza (H7N9 avian influenza),Semnopithecus entellus,88029,host,FALSE,,,,,,mammalia,primates,cercopithecidae,Antibodies,host_presence_only,low,TRUE,candidate_only,,,,,,,,FALSE,FALSE,FALSE,,,,,,,,,,,FALSE
Influenza (H7N9 avian influenza),Setophaga auduboni,1037455,host,FALSE,,,,,,aves,passeriformes,parulidae,PCR/Sequencing,host_presence_only,low,TRUE,candidate_only,,,,,,,,FALSE,FALSE,FALSE,,,,,,,,,,,FALSE
Influenza (H7N9 avian influenza),Sibirionetta formosa,56278,host,FALSE,,,,,,aves,anseriformes,anatidae,PCR/Sequencing,host_presence_only,low,TRUE,candidate_only,,,,,,,,FALSE,FALSE,FALSE,,,,,,,,,,,FALSE
Influenza (H7N9 avian influenza),Somateria fischeri,50367,host,FALSE,,,,,,aves,anseriformes,anatidae,PCR/Sequencing,host_presence_only,low,TRUE,candidate_only,,,,,,,,FALSE,FALSE,FALSE,,,,,,,,,,,FALSE
Influenza (H7N9 avian influenza),Somateria mollissima,76058,host,FALSE,,,,,,aves,anseriformes,anatidae,PCR/Sequencing,host_presence_only,low,TRUE,candidate_only,,,,,,,,FALSE,FALSE,FALSE,,,,,,,,,,,FALSE
Influenza (H7N9 avian influenza),Somateria spectabilis,203439,host,FALSE,,,,,,aves,anseriformes,anatidae,PCR/Sequencing,host_presence_only,low,TRUE,candidate_only,,,,,,,,FALSE,FALSE,FALSE,,,,,,,,,,,FALSE
Influenza (H7N9 avian influenza),Spatula clypeata,75838,host,FALSE,,,,,,aves,anseriformes,anatidae,Isolation/Observation; PCR/Sequencing,host_presence_only,low,TRUE,candidate_only,,,,,,,,FALSE,FALSE,FALSE,,,,,,,,,,,FALSE
Influenza (H7N9 avian influenza),Spatula cyanoptera,75840,host,FALSE,,,,,,aves,anseriformes,anatidae,PCR/Sequencing,host_presence_only,low,TRUE,candidate_only,,,,,,,,FALSE,FALSE,FALSE,,,,,,,,,,,FALSE
Influenza (H7N9 avian influenza),Spatula discors,75842,host,FALSE,,,,,,aves,anseriformes,anatidae,Isolation/Observation; PCR/Sequencing,host_presence_only,low,TRUE,candidate_only,,,,,,,,FALSE,FALSE,FALSE,,,,,,,,,,,FALSE
Influenza (H7N9 avian influenza),Spatula platalea,75853,host,FALSE,,,,,,aves,anseriformes,anatidae,PCR/Sequencing,host_presence_only,low,TRUE,candidate_only,,,,,,,,FALSE,FALSE,FALSE,,,,,,,,,,,FALSE
Influenza (H7N9 avian influenza),Spatula querquedula,75856,host,FALSE,,,,,,aves,anseriformes,anatidae,PCR/Sequencing,host_presence_only,low,TRUE,candidate_only,,,,,,,,FALSE,FALSE,FALSE,,,,,,,,,,,FALSE
Influenza (H7N9 avian influenza),Spatula versicolor,75863,host,FALSE,,,,,,aves,anseriformes,anatidae,PCR/Sequencing,host_presence_only,low,TRUE,candidate_only,,,,,,,,FALSE,FALSE,FALSE,,,,,,,,,,,FALSE
Influenza (H7N9 avian influenza),Spheniscus demersus,92683,host,FALSE,,,,,,aves,sphenisciformes,spheniscidae,PCR/Sequencing,host_presence_only,low,TRUE,candidate_only,,,,,,,,FALSE,FALSE,FALSE,,,,,,,,,,,FALSE
Influenza (H7N9 avian influenza),Spheniscus humboldti,9240,host,FALSE,,,,,,aves,sphenisciformes,spheniscidae,PCR/Sequencing,host_presence_only,low,TRUE,candidate_only,,,,,,,,FALSE,FALSE,FALSE,,,,,,,,,,,FALSE
Influenza (H7N9 avian influenza),Spilopelia chinensis,115700,host,FALSE,,,,,,aves,columbiformes,columbidae,PCR/Sequencing,host_presence_only,low,TRUE,candidate_only,,,,,,,,FALSE,FALSE,FALSE,,,,,,,,,,,FALSE
Influenza (H7N9 avian influenza),Spodiopsar sericeus,3151063,host,FALSE,,,,,,aves,passeriformes,sturnidae,PCR/Sequencing,host_presence_only,low,TRUE,candidate_only,,,,,,,,FALSE,FALSE,FALSE,,,,,,,,,,,FALSE
Influenza (H7N9 avian influenza),Stercorarius antarcticus,54054,host,FALSE,,,,,,,,,PCR/Sequencing,host_presence_only,low,TRUE,candidate_only,,,,,,,,FALSE,FALSE,FALSE,,,,,,,,,,,FALSE
Influenza (H7N9 avian influenza),Stercorarius maccormicki,395889,host,FALSE,,,,,,,,,PCR/Sequencing,host_presence_only,low,TRUE,candidate_only,,,,,,,,FALSE,FALSE,FALSE,,,,,,,,,,,FALSE
Influenza (H7N9 avian influenza),Sterna hirundinacea,227186,host,FALSE,,,,,,aves,charadriiformes,laridae,PCR/Sequencing,host_presence_only,low,TRUE,candidate_only,,,,,,,,FALSE,FALSE,FALSE,,,,,,,,,,,FALSE
Influenza (H7N9 avian influenza),Sterna hirundo,108405,host,FALSE,,,,,,aves,charadriiformes,laridae,Isolation/Observation; PCR/Sequencing,host_presence_only,low,TRUE,candidate_only,,,,,,,,FALSE,FALSE,FALSE,,,,,,,,,,,FALSE
Influenza (H7N9 avian influenza),Sterna paradisaea,279953,host,FALSE,,,,,,aves,charadriiformes,laridae,PCR/Sequencing,host_presence_only,low,TRUE,candidate_only,,,,,,,,FALSE,FALSE,FALSE,,,,,,,,,,,FALSE
Influenza (H7N9 avian influenza),Sterna vittata,297828,host,FALSE,,,,,,aves,charadriiformes,laridae,PCR/Sequencing,host_presence_only,low,TRUE,candidate_only,,,,,,,,FALSE,FALSE,FALSE,,,,,,,,,,,FALSE
Influenza (H7N9 avian influenza),Sternula albifrons,507597,host,FALSE,,,,,,aves,charadriiformes,laridae,PCR/Sequencing,host_presence_only,low,TRUE,candidate_only,,,,,,,,FALSE,FALSE,FALSE,,,,,,,,,,,FALSE
Influenza (H7N9 avian influenza),Streptopelia decaocto,177147,host,FALSE,,,,,,aves,columbiformes,columbidae,PCR/Sequencing,host_presence_only,low,TRUE,candidate_only,,,,,,,,FALSE,FALSE,FALSE,,,,,,,,,,,FALSE
Influenza (H7N9 avian influenza),Strix aluco,111821,host,FALSE,,,,,,aves,strigiformes,strigidae,PCR/Sequencing,host_presence_only,low,TRUE,candidate_only,,,,,,,,FALSE,FALSE,FALSE,,,,,,,,,,,FALSE
Influenza (H7N9 avian influenza),Strix nebulosa,126836,host,FALSE,,,,,,aves,strigiformes,strigidae,PCR/Sequencing,host_presence_only,low,TRUE,candidate_only,,,,,,,,FALSE,FALSE,FALSE,,,,,,,,,,,FALSE
Influenza (H7N9 avian influenza),Strix uralensis,36305,host,FALSE,,,,,,aves,strigiformes,strigidae,PCR/Sequencing,host_presence_only,low,TRUE,candidate_only,,,,,,,,FALSE,FALSE,FALSE,,,,,,,,,,,FALSE
Influenza (H7N9 avian influenza),Struthio camelus,8801,host,FALSE,,,,,,aves,struthioniformes,struthionidae,Isolation/Observation; Not specified; PCR/Sequencing,host_presence_only,low,TRUE,candidate_only,,,,,,,,FALSE,FALSE,FALSE,,,,,,,,,,,FALSE
Influenza (H7N9 avian influenza),Sturnira lilium,27660,host,FALSE,,,,,,mammalia,chiroptera,phyllostomidae,PCR/Sequencing,host_presence_only,low,TRUE,candidate_only,,,,,,,,FALSE,FALSE,FALSE,,,,,,,,,,,FALSE
Influenza (H7N9 avian influenza),Sturnus vulgaris,9172,host,FALSE,,,,,,aves,passeriformes,sturnidae,PCR/Sequencing,host_presence_only,low,TRUE,candidate_only,,,,,,,,FALSE,FALSE,FALSE,,,,,,,,,,,FALSE
Influenza (H7N9 avian influenza),Sula leucogaster,57661,host,FALSE,,,,,,aves,suliformes,sulidae,PCR/Sequencing,host_presence_only,low,TRUE,candidate_only,,,,,,,,FALSE,FALSE,FALSE,,,,,,,,,,,FALSE
Influenza (H7N9 avian influenza),Sula variegata,57663,host,FALSE,,,,,,aves,suliformes,sulidae,PCR/Sequencing,host_presence_only,low,TRUE,candidate_only,,,,,,,,FALSE,FALSE,FALSE,,,,,,,,,,,FALSE
Influenza (H7N9 avian influenza),Suncus murinus,9378,host,FALSE,,,,,,mammalia,eulipotyphla,soricidae,PCR/Sequencing,host_presence_only,low,TRUE,candidate_only,,,,,,,,FALSE,FALSE,FALSE,,,,,,,,,,,FALSE
Influenza (H7N9 avian influenza),Suricata suricatta,37032,host,FALSE,,,,,,mammalia,carnivora,herpestidae,PCR/Sequencing,host_presence_only,low,TRUE,candidate_only,,,,,,,,FALSE,FALSE,FALSE,,,,,,,,,,,FALSE
Influenza (H7N9 avian influenza),Sus scrofa,415978,host,FALSE,,,,,,mammalia,artiodactyla,suidae,PCR/Sequencing,host_presence_only,low,TRUE,candidate_only,,,,,,,,FALSE,FALSE,FALSE,,,,,,,,,,,FALSE
Influenza (H7N9 avian influenza),Sus scrofa,9823,host,FALSE,,,,,,mammalia,artiodactyla,suidae,Antibodies; Isolation/Observation; Not specified; PCR/Sequencing,host_presence_only,low,TRUE,candidate_only,,,,,,,,FALSE,FALSE,FALSE,,,,,,,,,,,FALSE
Influenza (H7N9 avian influenza),Sus scrofa,9825,host,FALSE,,,,,,mammalia,artiodactyla,suidae,PCR/Sequencing,host_presence_only,low,TRUE,candidate_only,,,,,,,,FALSE,FALSE,FALSE,,,,,,,,,,,FALSE
Influenza (H7N9 avian influenza),Syrrhaptes paradoxus,302527,host,FALSE,,,,,,aves,pterocliformes,pteroclidae,PCR/Sequencing,host_presence_only,low,TRUE,candidate_only,,,,,,,,FALSE,FALSE,FALSE,,,,,,,,,,,FALSE
Influenza (H7N9 avian influenza),Tachybaptus ruficollis,100828,host,FALSE,,,,,,aves,podicipediformes,podicipedidae,PCR/Sequencing,host_presence_only,low,TRUE,candidate_only,,,,,,,,FALSE,FALSE,FALSE,,,,,,,,,,,FALSE
Influenza (H7N9 avian influenza),Tadorna ferruginea,45639,host,FALSE,,,,,,aves,anseriformes,anatidae,Isolation/Observation; PCR/Sequencing,host_presence_only,low,TRUE,candidate_only,,,,,,,,FALSE,FALSE,FALSE,,,,,,,,,,,FALSE
Influenza (H7N9 avian influenza),Tadorna tadorna,75865,host,FALSE,,,,,,aves,anseriformes,anatidae,Isolation/Observation; PCR/Sequencing,host_presence_only,low,TRUE,candidate_only,,,,,,,,FALSE,FALSE,FALSE,,,,,,,,,,,FALSE
Influenza (H7N9 avian influenza),Tadorna tadornoides,45638,host,FALSE,,,,,,aves,anseriformes,anatidae,PCR/Sequencing,host_presence_only,low,TRUE,candidate_only,,,,,,,,FALSE,FALSE,FALSE,,,,,,,,,,,FALSE
Influenza (H7N9 avian influenza),Taphozous perforatus,1381355,host,FALSE,,,,,,mammalia,chiroptera,emballonuridae,PCR/Sequencing,host_presence_only,low,TRUE,candidate_only,,,,,,,,FALSE,FALSE,FALSE,,,,,,,,,,,FALSE
Influenza (H7N9 avian influenza),Thalasseus elegans,297817,host,FALSE,,,,,,aves,charadriiformes,laridae,PCR/Sequencing,host_presence_only,low,TRUE,candidate_only,,,,,,,,FALSE,FALSE,FALSE,,,,,,,,,,,FALSE
Influenza (H7N9 avian influenza),Thalasseus maximus,555356,host,FALSE,,,,,,aves,charadriiformes,laridae,PCR/Sequencing,host_presence_only,low,TRUE,candidate_only,,,,,,,,FALSE,FALSE,FALSE,,,,,,,,,,,FALSE
Influenza (H7N9 avian influenza),Thalasseus sandvicensis,126723,host,FALSE,,,,,,aves,charadriiformes,laridae,PCR/Sequencing,host_presence_only,low,TRUE,candidate_only,,,,,,,,FALSE,FALSE,FALSE,,,,,,,,,,,FALSE
Influenza (H7N9 avian influenza),Threskiornis aethiopicus,100858,host,FALSE,,,,,,aves,pelecaniformes,threskiornithidae,PCR/Sequencing,host_presence_only,low,TRUE,candidate_only,,,,,,,,FALSE,FALSE,FALSE,,,,,,,,,,,FALSE
Influenza (H7N9 avian influenza),Thryomanes bewickii,241536,host,FALSE,,,,,,aves,passeriformes,troglodytidae,PCR/Sequencing,host_presence_only,low,TRUE,candidate_only,,,,,,,,FALSE,FALSE,FALSE,,,,,,,,,,,FALSE
Influenza (H7N9 avian influenza),Tringa glareola,171269,host,FALSE,,,,,,aves,charadriiformes,scolopacidae,PCR/Sequencing,host_presence_only,low,TRUE,candidate_only,,,,,,,,FALSE,FALSE,FALSE,,,,,,,,,,,FALSE
Influenza (H7N9 avian influenza),Tringa semipalmata,507600,host,FALSE,,,,,,aves,charadriiformes,scolopacidae,PCR/Sequencing,host_presence_only,low,TRUE,candidate_only,,,,,,,,FALSE,FALSE,FALSE,,,,,,,,,,,FALSE
Influenza (H7N9 avian influenza),Tringa totanus,171271,host,FALSE,,,,,,aves,charadriiformes,scolopacidae,PCR/Sequencing,host_presence_only,low,TRUE,candidate_only,,,,,,,,FALSE,FALSE,FALSE,,,,,,,,,,,FALSE
Influenza (H7N9 avian influenza),Turdus merula,9187,host,FALSE,,,,,,aves,passeriformes,turdidae,PCR/Sequencing,host_presence_only,low,TRUE,candidate_only,,,,,,,,FALSE,FALSE,FALSE,,,,,,,,,,,FALSE
Influenza (H7N9 avian influenza),Turdus migratorius,9188,host,FALSE,,,,,,aves,passeriformes,turdidae,PCR/Sequencing,host_presence_only,low,TRUE,candidate_only,,,,,,,,FALSE,FALSE,FALSE,,,,,,,,,,,FALSE
Influenza (H7N9 avian influenza),Turdus pilaris,357736,host,FALSE,,,,,,aves,passeriformes,turdidae,PCR/Sequencing,host_presence_only,low,TRUE,candidate_only,,,,,,,,FALSE,FALSE,FALSE,,,,,,,,,,,FALSE
Influenza (H7N9 avian influenza),Tursiops truncatus,9739,host,FALSE,,,,,,mammalia,artiodactyla,delphinidae,PCR/Sequencing,host_presence_only,low,TRUE,candidate_only,,,,,,,,FALSE,FALSE,FALSE,,,,,,,,,,,FALSE
Influenza (H7N9 avian influenza),Tyto alba,56313,host,FALSE,,,,,,aves,strigiformes,tytonidae,PCR/Sequencing,host_presence_only,low,TRUE,candidate_only,,,,,,,,FALSE,FALSE,FALSE,,,,,,,,,,,FALSE
Influenza (H7N9 avian influenza),Tyto furcata,507989,host,FALSE,,,,,,,,,PCR/Sequencing,host_presence_only,low,TRUE,candidate_only,,,,,,,,FALSE,FALSE,FALSE,,,,,,,,,,,FALSE
Influenza (H7N9 avian influenza),Uria aalge,13746,host,FALSE,,,,,,aves,charadriiformes,alcidae,PCR/Sequencing,host_presence_only,low,TRUE,candidate_only,,,,,,,,FALSE,FALSE,FALSE,,,,,,,,,,,FALSE
Influenza (H7N9 avian influenza),Uria lomvia,28711,host,FALSE,,,,,,aves,charadriiformes,alcidae,PCR/Sequencing,host_presence_only,low,TRUE,candidate_only,,,,,,,,FALSE,FALSE,FALSE,,,,,,,,,,,FALSE
Influenza (H7N9 avian influenza),Urocissa erythroryncha,56796,host,FALSE,,,,,,aves,passeriformes,corvidae,PCR/Sequencing,host_presence_only,low,TRUE,candidate_only,,,,,,,,FALSE,FALSE,FALSE,,,,,,,,,,,FALSE
Influenza (H7N9 avian influenza),Ursus americanus,9643,host,FALSE,,,,,,mammalia,carnivora,ursidae,PCR/Sequencing,host_presence_only,low,TRUE,candidate_only,,,,,,,,FALSE,FALSE,FALSE,,,,,,,,,,,FALSE
Influenza (H7N9 avian influenza),Ursus arctos,9644,host,FALSE,,,,,,mammalia,carnivora,ursidae,PCR/Sequencing,host_presence_only,low,TRUE,candidate_only,,,,,,,,FALSE,FALSE,FALSE,,,,,,,,,,,FALSE
Influenza (H7N9 avian influenza),Ursus maritimus,29073,host,FALSE,,,,,,mammalia,carnivora,ursidae,PCR/Sequencing,host_presence_only,low,TRUE,candidate_only,,,,,,,,FALSE,FALSE,FALSE,,,,,,,,,,,FALSE
Influenza (H7N9 avian influenza),Vanellus chilensis,50404,host,FALSE,,,,,,aves,charadriiformes,charadriidae,PCR/Sequencing,host_presence_only,low,TRUE,candidate_only,,,,,,,,FALSE,FALSE,FALSE,,,,,,,,,,,FALSE
Influenza (H7N9 avian influenza),Vanellus spinosus,8909,host,FALSE,,,,,,aves,charadriiformes,charadriidae,PCR/Sequencing,host_presence_only,low,TRUE,candidate_only,,,,,,,,FALSE,FALSE,FALSE,,,,,,,,,,,FALSE
Influenza (H7N9 avian influenza),Vanellus vanellus,100859,host,FALSE,,,,,,aves,charadriiformes,charadriidae,PCR/Sequencing,host_presence_only,low,TRUE,candidate_only,,,,,,,,FALSE,FALSE,FALSE,,,,,,,,,,,FALSE
Influenza (H7N9 avian influenza),Vicugna pacos,30538,host,FALSE,,,,,,,,,PCR/Sequencing,host_presence_only,low,TRUE,candidate_only,,,,,,,,FALSE,FALSE,FALSE,,,,,,,,,,,FALSE
Influenza (H7N9 avian influenza),Vulpes vulpes,9627,host,FALSE,,,,,,mammalia,carnivora,canidae,PCR/Sequencing,host_presence_only,low,TRUE,candidate_only,,,,,,,,FALSE,FALSE,FALSE,,,,,,,,,,,FALSE
Influenza (H7N9 avian influenza),Xema sabini,128050,host,FALSE,,,,,,aves,charadriiformes,laridae,PCR/Sequencing,host_presence_only,low,TRUE,candidate_only,,,,,,,,FALSE,FALSE,FALSE,,,,,,,,,,,FALSE
Influenza (H7N9 avian influenza),Zalophus californianus,9704,host,FALSE,,,,,,mammalia,carnivora,otariidae,PCR/Sequencing,host_presence_only,low,TRUE,candidate_only,,,,,,,,FALSE,FALSE,FALSE,,,,,,,,,,,FALSE
Influenza (H7N9 avian influenza),Zenaida asiatica,93382,host,FALSE,,,,,,aves,columbiformes,columbidae,PCR/Sequencing,host_presence_only,low,TRUE,candidate_only,,,,,,,,FALSE,FALSE,FALSE,,,,,,,,,,,FALSE
Influenza (H7N9 avian influenza),Zoothera dauma,36288,host,FALSE,,,,,,aves,passeriformes,turdidae,PCR/Sequencing,host_presence_only,low,TRUE,candidate_only,,,,,,,,FALSE,FALSE,FALSE,,,,,,,,,,,FALSE
Influenza (H7N9 avian influenza),Zosterops japonicus,36299,host,FALSE,,,,,,aves,passeriformes,zosteropidae,PCR/Sequencing,host_presence_only,low,TRUE,candidate_only,,,,,,,,FALSE,FALSE,FALSE,,,,,,,,,,,FALSE
Influenza (H7N9 avian influenza),actitis hypoleucos,320702,host,FALSE,,,,,,,,,PCR/Sequencing,host_presence_only,low,TRUE,candidate_only,,,,,,,,FALSE,FALSE,FALSE,,,,,,,,,,,FALSE
Influenza (H7N9 avian influenza),anarhynchus collaris,50395,host,FALSE,,,,,,,,,PCR/Sequencing,host_presence_only,low,TRUE,candidate_only,,,,,,,,FALSE,FALSE,FALSE,,,,,,,,,,,FALSE
Influenza (H7N9 avian influenza),anarhynchus nivosus,985688,host,FALSE,,,,,,,,,PCR/Sequencing,host_presence_only,low,TRUE,candidate_only,,,,,,,,FALSE,FALSE,FALSE,,,,,,,,,,,FALSE
Influenza (H7N9 avian influenza),anourosorex squamipes,127560,host,FALSE,,,,,,,,,PCR/Sequencing,host_presence_only,low,TRUE,candidate_only,,,,,,,,FALSE,FALSE,FALSE,,,,,,,,,,,FALSE
Influenza (H7N9 avian influenza),anous stolidus,297802,host,FALSE,,,,,,,,,PCR/Sequencing,host_presence_only,low,TRUE,candidate_only,,,,,,,,FALSE,FALSE,FALSE,,,,,,,,,,,FALSE
Influenza (H7N9 avian influenza),aptenodytes patagonicus,9234,host,FALSE,,,,,,,,,PCR/Sequencing,host_presence_only,low,TRUE,candidate_only,,,,,,,,FALSE,FALSE,FALSE,,,,,,,,,,,FALSE
Influenza (H7N9 avian influenza),callorhinus ursinus,34884,host,FALSE,,,,,,,,,Antibodies,host_presence_only,low,TRUE,candidate_only,,,,,,,,FALSE,FALSE,FALSE,,,,,,,,,,,FALSE
Influenza (H7N9 avian influenza),chloris sinica,1897774,host,FALSE,,,,,,,,,PCR/Sequencing,host_presence_only,low,TRUE,candidate_only,,,,,,,,FALSE,FALSE,FALSE,,,,,,,,,,,FALSE
Influenza (H7N9 avian influenza),crocidura lasiura,167043,host,FALSE,,,,,,,,,PCR/Sequencing,host_presence_only,low,TRUE,candidate_only,,,,,,,,FALSE,FALSE,FALSE,,,,,,,,,,,FALSE
Influenza (H7N9 avian influenza),crocidura shantungensis,183721,host,FALSE,,,,,,,,,PCR/Sequencing,host_presence_only,low,TRUE,candidate_only,,,,,,,,FALSE,FALSE,FALSE,,,,,,,,,,,FALSE
Influenza (H7N9 avian influenza),cynopterus sphinx,9400,host,FALSE,,,,,,,,,Antibodies,host_presence_only,low,TRUE,candidate_only,,,,,,,,FALSE,FALSE,FALSE,,,,,,,,,,,FALSE
Influenza (H7N9 avian influenza),cystophora cristata,39293,host,FALSE,,,,,,,,,Antibodies,host_presence_only,low,TRUE,candidate_only,,,,,,,,FALSE,FALSE,FALSE,,,,,,,,,,,FALSE
Influenza (H7N9 avian influenza),delphinapterus leucas,9749,host,FALSE,,,,,,,,,Antibodies,host_presence_only,low,TRUE,candidate_only,,,,,,,,FALSE,FALSE,FALSE,,,,,,,,,,,FALSE
Influenza (H7N9 avian influenza),furnarius rufus,81886,host,FALSE,,,,,,,,,PCR/Sequencing,host_presence_only,low,TRUE,candidate_only,,,,,,,,FALSE,FALSE,FALSE,,,,,,,,,,,FALSE
Influenza (H7N9 avian influenza),grus americana,9117,host,FALSE,,,,,,,,,PCR/Sequencing,host_presence_only,low,TRUE,candidate_only,,,,,,,,FALSE,FALSE,FALSE,,,,,,,,,,,FALSE
Influenza (H7N9 avian influenza),larus brachyrhynchus,666865,host,FALSE,,,,,,,,,PCR/Sequencing,host_presence_only,low,TRUE,candidate_only,,,,,,,,FALSE,FALSE,FALSE,,,,,,,,,,,FALSE
Influenza (H7N9 avian influenza),larus mongolicus,119967,host,FALSE,,,,,,,,,PCR/Sequencing,host_presence_only,low,TRUE,candidate_only,,,,,,,,FALSE,FALSE,FALSE,,,,,,,,,,,FALSE
Influenza (H7N9 avian influenza),larus sp.,3435965,host,FALSE,,,,,,,,,PCR/Sequencing,host_presence_only,low,TRUE,candidate_only,,,,,,,,FALSE,FALSE,FALSE,,,,,,,,,,,FALSE
Influenza (H7N9 avian influenza),lobodon carcinophaga,101849,host,FALSE,,,,,,,,,PCR/Sequencing,host_presence_only,low,TRUE,candidate_only,,,,,,,,FALSE,FALSE,FALSE,,,,,,,,,,,FALSE
Influenza (H7N9 avian influenza),lyroderma lyra,3371112,host,FALSE,,,,,,,,,Antibodies,host_presence_only,low,TRUE,candidate_only,,,,,,,,FALSE,FALSE,FALSE,,,,,,,,,,,FALSE
Influenza (H7N9 avian influenza),macaca arctoides,9540,host,FALSE,,,,,,,,,Antibodies,host_presence_only,low,TRUE,candidate_only,,,,,,,,FALSE,FALSE,FALSE,,,,,,,,,,,FALSE
Influenza (H7N9 avian influenza),macronectes giganteus,37057,host,FALSE,,,,,,,,,PCR/Sequencing,host_presence_only,low,TRUE,candidate_only,,,,,,,,FALSE,FALSE,FALSE,,,,,,,,,,,FALSE
Influenza (H7N9 avian influenza),milvus milvus,43518,host,FALSE,,,,,,,,,PCR/Sequencing,host_presence_only,low,TRUE,candidate_only,,,,,,,,FALSE,FALSE,FALSE,,,,,,,,,,,FALSE
Influenza (H7N9 avian influenza),odobenus rosmarus,9707,host,FALSE,,,,,,,,,Antibodies,host_presence_only,low,TRUE,candidate_only,,,,,,,,FALSE,FALSE,FALSE,,,,,,,,,,,FALSE
Influenza (H7N9 avian influenza),phoca groenlandica,39089,host,FALSE,,,,,,,,,Antibodies,host_presence_only,low,TRUE,candidate_only,,,,,,,,FALSE,FALSE,FALSE,,,,,,,,,,,FALSE
Influenza (H7N9 avian influenza),phocoenoides dalli,9744,host,FALSE,,,,,,,,,Antibodies,host_presence_only,low,TRUE,candidate_only,,,,,,,,FALSE,FALSE,FALSE,,,,,,,,,,,FALSE
Influenza (H7N9 avian influenza),pipistrellus ceylonicus,1081694,host,FALSE,,,,,,,,,Antibodies,host_presence_only,low,TRUE,candidate_only,,,,,,,,FALSE,FALSE,FALSE,,,,,,,,,,,FALSE
Influenza (H7N9 avian influenza),pusa hispida,9718,host,FALSE,,,,,,,,,Antibodies,host_presence_only,low,TRUE,candidate_only,,,,,,,,FALSE,FALSE,FALSE,,,,,,,,,,,FALSE
Influenza (H7N9 avian influenza),pusa sibirica,9719,host,FALSE,,,,,,,,,Antibodies,host_presence_only,low,TRUE,candidate_only,,,,,,,,FALSE,FALSE,FALSE,,,,,,,,,,,FALSE
Influenza (H7N9 avian influenza),spilopelia senegalensis,135635,host,FALSE,,,,,,,,,PCR/Sequencing,host_presence_only,low,TRUE,candidate_only,,,,,,,,FALSE,FALSE,FALSE,,,,,,,,,,,FALSE
Influenza (H7N9 avian influenza),stercorarius antarcticus,555350,host,FALSE,,,,,,,,,PCR/Sequencing,host_presence_only,low,TRUE,candidate_only,,,,,,,,FALSE,FALSE,FALSE,,,,,,,,,,,FALSE
Influenza (H7N9 avian influenza),stercorarius chilensis,54052,host,FALSE,,,,,,,,,PCR/Sequencing,host_presence_only,low,TRUE,candidate_only,,,,,,,,FALSE,FALSE,FALSE,,,,,,,,,,,FALSE
Influenza (H7N9 avian influenza),theristicus caudatus,399597,host,FALSE,,,,,,,,,PCR/Sequencing,host_presence_only,low,TRUE,candidate_only,,,,,,,,FALSE,FALSE,FALSE,,,,,,,,,,,FALSE
Influenza (H7N9 avian influenza),ursus sp.,9641,host,FALSE,,,,,,,,,PCR/Sequencing,host_presence_only,low,TRUE,candidate_only,,,,,,,,FALSE,FALSE,FALSE,,,,,,,,,,,FALSE
Lassa fever,Arvicanthis niloticus,61156,host,FALSE,TRUE,TRUE,FALSE,both,Mammarenavirus lassaense,mammalia,rodentia,muridae,Antibodies,host_presence_only,low,TRUE,candidate_only,,,,,,,,FALSE,FALSE,FALSE,,,,,,,,,,,FALSE
Lassa fever,Bandicota indica,456472,host,FALSE,TRUE,TRUE,FALSE,both,Mammarenavirus lassaense,mammalia,rodentia,muridae,Antibodies,host_presence_only,low,TRUE,candidate_only,,,,,,,,FALSE,FALSE,FALSE,,,,,,,,,,,FALSE
Lassa fever,Canis lupus,9615,host,FALSE,TRUE,TRUE,FALSE,both,Mammarenavirus lassaense,mammalia,carnivora,canidae,PCR/Sequencing,host_presence_only,low,TRUE,candidate_only,,,,,,,,FALSE,FALSE,FALSE,,,,,,,,,,,FALSE
Lassa fever,Capra hircus,9925,host,FALSE,TRUE,TRUE,FALSE,both,Mammarenavirus lassaense,mammalia,artiodactyla,bovidae,PCR/Sequencing,host_presence_only,low,TRUE,candidate_only,,,,,,,,FALSE,FALSE,FALSE,,,,,,,,,,,FALSE
Lassa fever,Cavia porcellus,10141,host,FALSE,TRUE,TRUE,FALSE,both,Mammarenavirus lassaense,mammalia,rodentia,caviidae,PCR/Sequencing,host_presence_only,low,TRUE,candidate_only,,,,,,,,FALSE,FALSE,FALSE,,,,,,,,,,,FALSE
Lassa fever,Homo sapiens,9606,host,FALSE,TRUE,TRUE,FALSE,both,Mammarenavirus lassaense,,,,Isolation/Observation; Not specified; PCR/Sequencing,amplifying_host,medium,TRUE,draft_needs_review,,,,,,,,FALSE,FALSE,FALSE,,,,,,,,,,,FALSE
Lassa fever,Hylomyscus pamfi,913014,host,FALSE,TRUE,TRUE,FALSE,both,Mammarenavirus lassaense,mammalia,rodentia,muridae,PCR/Sequencing,reservoir_host,medium,TRUE,draft_source_backed,,,,,,,,FALSE,FALSE,FALSE,,,,,,,,,,,FALSE
Lassa fever,Lophuromys sikapusi,83535,host,FALSE,TRUE,TRUE,FALSE,both,Mammarenavirus lassaense,mammalia,rodentia,muridae,PCR/Sequencing,host_presence_only,low,TRUE,candidate_only,,,,,,,,FALSE,FALSE,FALSE,,,,,,,,,,,FALSE
Lassa fever,Macaca fascicularis,9541,host,FALSE,TRUE,TRUE,FALSE,both,Mammarenavirus lassaense,mammalia,primates,cercopithecidae,Isolation/Observation,host_presence_only,low,TRUE,candidate_only,,,,,,,,FALSE,FALSE,FALSE,,,,,,,,,,,FALSE
Lassa fever,Mastomys,70830,host,FALSE,TRUE,TRUE,FALSE,both,Mammarenavirus lassaense,,,,PCR/Sequencing,host_presence_only,low,TRUE,candidate_only,,,,,,,,FALSE,FALSE,FALSE,,,,,,,,,,,FALSE
Lassa fever,Mastomys erythroleucus,41268,host,FALSE,TRUE,TRUE,FALSE,both,Mammarenavirus lassaense,mammalia,rodentia,muridae,Isolation/Observation; PCR/Sequencing,reservoir_host,medium,TRUE,draft_source_backed,,,,,,,,FALSE,FALSE,FALSE,,,,,,,,,,,FALSE
Lassa fever,Mastomys huberti,121569,host,FALSE,TRUE,TRUE,FALSE,both,Mammarenavirus lassaense,mammalia,rodentia,muridae,Isolation/Observation,host_presence_only,low,TRUE,candidate_only,,,,,,,,FALSE,FALSE,FALSE,,,,,,,,,,,FALSE
Lassa fever,Mastomys natalensis,10112,host,FALSE,TRUE,TRUE,FALSE,both,Mammarenavirus lassaense,mammalia,rodentia,muridae,Isolation/Observation; Not specified; PCR/Sequencing,reservoir_host,high,FALSE,draft_source_backed,,,,,,,,FALSE,FALSE,FALSE,,,,,,,,,,,FALSE
Lassa fever,Mus baoulei,544437,host,FALSE,TRUE,TRUE,FALSE,both,Mammarenavirus lassaense,mammalia,rodentia,muridae,PCR/Sequencing,host_presence_only,low,TRUE,candidate_only,,,,,,,,FALSE,FALSE,FALSE,,,,,,,,,,,FALSE
Lassa fever,Mus musculus,10090,host,FALSE,TRUE,TRUE,FALSE,both,Mammarenavirus lassaense,mammalia,rodentia,muridae,Antibodies,host_presence_only,low,TRUE,candidate_only,,,,,,,,FALSE,FALSE,FALSE,,,,,,,,,,,FALSE
Lassa fever,Rattus norvegicus,10116,host,FALSE,TRUE,TRUE,FALSE,both,Mammarenavirus lassaense,mammalia,rodentia,muridae,Antibodies; PCR/Sequencing,host_presence_only,low,TRUE,candidate_only,,,,,,,,FALSE,FALSE,FALSE,,,,,,,,,,,FALSE
Lassa fever,Rattus rattus,10117,host,FALSE,TRUE,TRUE,FALSE,both,Mammarenavirus lassaense,mammalia,rodentia,muridae,Antibodies; PCR/Sequencing,host_presence_only,low,TRUE,candidate_only,,,,,,,,FALSE,FALSE,FALSE,,,,,,,,,,,FALSE
Lassa fever,bandicota savilei,456473,host,FALSE,TRUE,TRUE,FALSE,both,Mammarenavirus lassaense,,,,Antibodies,host_presence_only,low,TRUE,candidate_only,,,,,,,,FALSE,FALSE,FALSE,,,,,,,,,,,FALSE
Lassa fever,praomys daltoni,10113,host,FALSE,TRUE,TRUE,FALSE,both,Mammarenavirus lassaense,,,,Antibodies,host_presence_only,low,TRUE,candidate_only,,,,,,,,FALSE,FALSE,FALSE,,,,,,,,,,,FALSE
Lassa fever,praomys rostratus,476587,host,FALSE,TRUE,TRUE,FALSE,both,Mammarenavirus lassaense,,,,Antibodies,host_presence_only,low,TRUE,candidate_only,,,,,,,,FALSE,FALSE,FALSE,,,,,,,,,,,FALSE
Lassa fever,rattus exulans,34854,host,FALSE,TRUE,TRUE,FALSE,both,Mammarenavirus lassaense,,,,Antibodies,host_presence_only,low,TRUE,candidate_only,,,,,,,,FALSE,FALSE,FALSE,,,,,,,,,,,FALSE
Lujo hemorrhagic fever,Homo sapiens,9606,host,FALSE,FALSE,FALSE,FALSE,prototype,Mammarenavirus lujoense,,,,Isolation/Observation; PCR/Sequencing,host_presence_only,low,TRUE,candidate_only,,,,,,,,FALSE,FALSE,FALSE,,,,,,,,,,,FALSE
Marburg virus disease,Cavia porcellus,10141,host,FALSE,TRUE,TRUE,TRUE,priority,Orthomarburgvirus marburgense,mammalia,rodentia,caviidae,PCR/Sequencing,host_presence_only,low,TRUE,candidate_only,,,,,,,,FALSE,FALSE,FALSE,,,,,,,,,,,FALSE
Marburg virus disease,Chlorocebus aethiops,9534,host,FALSE,TRUE,TRUE,TRUE,priority,Orthomarburgvirus marburgense,mammalia,primates,cercopithecidae,Isolation/Observation,incidental_host,medium,TRUE,draft_source_backed,,,,,,,,FALSE,FALSE,FALSE,,,,,,,,,,,FALSE
Marburg virus disease,Epomops franqueti,77231,host,FALSE,TRUE,TRUE,TRUE,priority,Orthomarburgvirus marburgense,mammalia,chiroptera,pteropodidae,Antibodies,host_presence_only,low,TRUE,candidate_only,,,,,,,,FALSE,FALSE,FALSE,,,,,,,,,,,FALSE
Marburg virus disease,Hipposideros caffer,302402,host,FALSE,TRUE,TRUE,TRUE,priority,Orthomarburgvirus marburgense,mammalia,chiroptera,hipposideridae,PCR/Sequencing,host_presence_only,low,TRUE,candidate_only,,,,,,,,FALSE,FALSE,FALSE,,,,,,,,,,,FALSE
Marburg virus disease,Homo sapiens,9606,host,FALSE,TRUE,TRUE,TRUE,priority,Orthomarburgvirus marburgense,,,,Isolation/Observation; Not specified; PCR/Sequencing,amplifying_host,high,FALSE,draft_source_backed,,,,,,,,FALSE,FALSE,FALSE,,,,,,,,,,,FALSE
Marburg virus disease,Hypsignathus monstrosus,448084,host,FALSE,TRUE,TRUE,TRUE,priority,Orthomarburgvirus marburgense,mammalia,chiroptera,pteropodidae,Antibodies,host_presence_only,low,TRUE,candidate_only,,,,,,,,FALSE,FALSE,FALSE,,,,,,,,,,,FALSE
Marburg virus disease,Mesocricetus auratus,10036,host,FALSE,TRUE,TRUE,TRUE,priority,Orthomarburgvirus marburgense,mammalia,rodentia,cricetidae,PCR/Sequencing,host_presence_only,low,TRUE,candidate_only,,,,,,,,FALSE,FALSE,FALSE,,,,,,,,,,,FALSE
Marburg virus disease,Miniopterus inflatus,221087,host,FALSE,TRUE,TRUE,TRUE,priority,Orthomarburgvirus marburgense,mammalia,chiroptera,miniopteridae,Antibodies; PCR/Sequencing,host_presence_only,low,TRUE,candidate_only,,,,,,,,FALSE,FALSE,FALSE,,,,,,,,,,,FALSE
Marburg virus disease,Mus musculus,10090,host,FALSE,TRUE,TRUE,TRUE,priority,Orthomarburgvirus marburgense,mammalia,rodentia,muridae,PCR/Sequencing,host_presence_only,low,TRUE,candidate_only,,,,,,,,FALSE,FALSE,FALSE,,,,,,,,,,,FALSE
Marburg virus disease,Pongo pygmaeus,9600,host,FALSE,TRUE,TRUE,TRUE,priority,Orthomarburgvirus marburgense,mammalia,primates,hominidae,Antibodies,host_presence_only,low,TRUE,candidate_only,,,,,,,,FALSE,FALSE,FALSE,,,,,,,,,,,FALSE
Marburg virus disease,Rhinolophus eloquens,519038,host,FALSE,TRUE,TRUE,TRUE,priority,Orthomarburgvirus marburgense,mammalia,chiroptera,rhinolophidae,Antibodies; PCR/Sequencing,host_presence_only,low,TRUE,candidate_only,,,,,,,,FALSE,FALSE,FALSE,,,,,,,,,,,FALSE
Marburg virus disease,Rousettus aegyptiacus,9407,host,FALSE,TRUE,TRUE,TRUE,priority,Orthomarburgvirus marburgense,mammalia,chiroptera,pteropodidae,Isolation/Observation; PCR/Sequencing,reservoir_host,high,FALSE,draft_source_backed,,,,,,,,FALSE,FALSE,FALSE,,,,,,,,,,,FALSE
Mpox (Monkeypox),Callithrix jacchus,9483,host,FALSE,TRUE,TRUE,TRUE,both,Orthopoxvirus monkeypox,mammalia,primates,callitrichidae,PCR/Sequencing,host_presence_only,low,TRUE,candidate_only,,,,,,,,FALSE,FALSE,FALSE,,,,,,,,,,,FALSE
Mpox (Monkeypox),Canis lupus,9615,host,FALSE,TRUE,TRUE,TRUE,both,Orthopoxvirus monkeypox,mammalia,carnivora,canidae,PCR/Sequencing,host_presence_only,low,TRUE,candidate_only,,,,,,,,FALSE,FALSE,FALSE,,,,,,,,,,,FALSE
Mpox (Monkeypox),Cercocebus atys,9531,host,FALSE,TRUE,TRUE,TRUE,both,Orthopoxvirus monkeypox,mammalia,primates,cercopithecidae,PCR/Sequencing,spillover_host,medium,TRUE,draft_source_backed,,,,,,,,FALSE,FALSE,FALSE,,,,,,,,,,,FALSE
Mpox (Monkeypox),Cercopithecus ascanius,36223,host,FALSE,TRUE,TRUE,TRUE,both,Orthopoxvirus monkeypox,mammalia,primates,cercopithecidae,Antibodies; Not specified; PCR/Sequencing,host_presence_only,low,TRUE,candidate_only,,,,,,,,FALSE,FALSE,FALSE,,,,,,,,,,,FALSE
Mpox (Monkeypox),Chlorocebus aethiops,9534,host,FALSE,TRUE,TRUE,TRUE,both,Orthopoxvirus monkeypox,mammalia,primates,cercopithecidae,Antibodies,host_presence_only,low,TRUE,candidate_only,,,,,,,,FALSE,FALSE,FALSE,,,,,,,,,,,FALSE
Mpox (Monkeypox),Cricetomys gambianus,10085,host,FALSE,TRUE,TRUE,TRUE,both,Orthopoxvirus monkeypox,mammalia,rodentia,nesomyidae,PCR/Sequencing,host_presence_only,low,TRUE,candidate_only,,,,,,,,FALSE,FALSE,FALSE,,,,,,,,,,,FALSE
Mpox (Monkeypox),Cynomys ludovicianus,45480,host,FALSE,TRUE,TRUE,TRUE,both,Orthopoxvirus monkeypox,mammalia,rodentia,sciuridae,PCR/Sequencing,amplifying_host,medium,TRUE,draft_source_backed,,,,,,,,FALSE,FALSE,FALSE,,,,,,,,,,,FALSE
Mpox (Monkeypox),Didelphis marsupialis,9268,host,FALSE,TRUE,TRUE,TRUE,both,Orthopoxvirus monkeypox,mammalia,didelphimorphia,didelphidae,Isolation/Observation,host_presence_only,low,TRUE,candidate_only,,,,,,,,FALSE,FALSE,FALSE,,,,,,,,,,,FALSE
Mpox (Monkeypox),Funisciurus anerythrus,1235483,host,FALSE,TRUE,TRUE,TRUE,both,Orthopoxvirus monkeypox,mammalia,rodentia,sciuridae,Isolation/Observation; PCR/Sequencing,host_presence_only,low,TRUE,candidate_only,,,,,,,,FALSE,FALSE,FALSE,,,,,,,,,,,FALSE
Mpox (Monkeypox),Gorilla gorilla,9593,host,FALSE,TRUE,TRUE,TRUE,both,Orthopoxvirus monkeypox,mammalia,primates,hominidae,Antibodies,host_presence_only,low,TRUE,candidate_only,,,,,,,,FALSE,FALSE,FALSE,,,,,,,,,,,FALSE
Mpox (Monkeypox),Homo sapiens,9606,host,FALSE,TRUE,TRUE,TRUE,both,Orthopoxvirus monkeypox,,,,Isolation/Observation; Not specified; PCR/Sequencing,amplifying_host,high,FALSE,draft_source_backed,,,,,,,,FALSE,FALSE,FALSE,,,,,,,,,,,FALSE
Mpox (Monkeypox),Hylobates lar,9580,host,FALSE,TRUE,TRUE,TRUE,both,Orthopoxvirus monkeypox,mammalia,primates,hylobatidae,PCR/Sequencing,host_presence_only,low,TRUE,candidate_only,,,,,,,,FALSE,FALSE,FALSE,,,,,,,,,,,FALSE
Mpox (Monkeypox),Macaca fascicularis,9541,host,FALSE,TRUE,TRUE,TRUE,both,Orthopoxvirus monkeypox,mammalia,primates,cercopithecidae,PCR/Sequencing,host_presence_only,low,TRUE,candidate_only,,,,,,,,FALSE,FALSE,FALSE,,,,,,,,,,,FALSE
Mpox (Monkeypox),Macaca mulatta,9544,host,FALSE,TRUE,TRUE,TRUE,both,Orthopoxvirus monkeypox,mammalia,primates,cercopithecidae,PCR/Sequencing,host_presence_only,low,TRUE,candidate_only,,,,,,,,FALSE,FALSE,FALSE,,,,,,,,,,,FALSE
Mpox (Monkeypox),Macaca nemestrina,9545,host,FALSE,TRUE,TRUE,TRUE,both,Orthopoxvirus monkeypox,mammalia,primates,cercopithecidae,Antibodies,host_presence_only,low,TRUE,candidate_only,,,,,,,,FALSE,FALSE,FALSE,,,,,,,,,,,FALSE
Mpox (Monkeypox),Marmota monax,9995,host,FALSE,TRUE,TRUE,TRUE,both,Orthopoxvirus monkeypox,mammalia,rodentia,sciuridae,PCR/Sequencing,host_presence_only,low,TRUE,candidate_only,,,,,,,,FALSE,FALSE,FALSE,,,,,,,,,,,FALSE
Mpox (Monkeypox),Monodelphis domestica,13616,host,FALSE,TRUE,TRUE,TRUE,both,Orthopoxvirus monkeypox,mammalia,didelphimorphia,didelphidae,PCR/Sequencing,host_presence_only,low,TRUE,candidate_only,,,,,,,,FALSE,FALSE,FALSE,,,,,,,,,,,FALSE
Mpox (Monkeypox),Myrmecophaga tridactyla,71006,host,FALSE,TRUE,TRUE,TRUE,both,Orthopoxvirus monkeypox,mammalia,pilosa,myrmecophagidae,Isolation/Observation; PCR/Sequencing,host_presence_only,low,TRUE,candidate_only,,,,,,,,FALSE,FALSE,FALSE,,,,,,,,,,,FALSE
Mpox (Monkeypox),Nasua nasua,9651,host,FALSE,TRUE,TRUE,TRUE,both,Orthopoxvirus monkeypox,mammalia,carnivora,procyonidae,Antibodies,host_presence_only,low,TRUE,candidate_only,,,,,,,,FALSE,FALSE,FALSE,,,,,,,,,,,FALSE
Mpox (Monkeypox),Pan troglodytes,37012,host,FALSE,TRUE,TRUE,TRUE,both,Orthopoxvirus monkeypox,mammalia,primates,hominidae,PCR/Sequencing,host_presence_only,low,TRUE,candidate_only,,,,,,,,FALSE,FALSE,FALSE,,,,,,,,,,,FALSE
Mpox (Monkeypox),Pan troglodytes,9598,host,FALSE,TRUE,TRUE,TRUE,both,Orthopoxvirus monkeypox,mammalia,primates,hominidae,Antibodies; Not specified; PCR/Sequencing,host_presence_only,low,TRUE,candidate_only,,,,,,,,FALSE,FALSE,FALSE,,,,,,,,,,,FALSE
Mpox (Monkeypox),Saimiri sciureus,9521,host,FALSE,TRUE,TRUE,TRUE,both,Orthopoxvirus monkeypox,mammalia,primates,cebidae,PCR/Sequencing,host_presence_only,low,TRUE,candidate_only,,,,,,,,FALSE,FALSE,FALSE,,,,,,,,,,,FALSE
Mpox (Monkeypox),Semnopithecus entellus,88029,host,FALSE,TRUE,TRUE,TRUE,both,Orthopoxvirus monkeypox,mammalia,primates,cercopithecidae,Antibodies,host_presence_only,low,TRUE,candidate_only,,,,,,,,FALSE,FALSE,FALSE,,,,,,,,,,,FALSE
Mpox (Monkeypox),Trachypithecus cristatus,122765,host,FALSE,TRUE,TRUE,TRUE,both,Orthopoxvirus monkeypox,mammalia,primates,cercopithecidae,Antibodies,host_presence_only,low,TRUE,candidate_only,,,,,,,,FALSE,FALSE,FALSE,,,,,,,,,,,FALSE
Mpox (Monkeypox),allenopithecus nigroviridis,54135,host,FALSE,TRUE,TRUE,TRUE,both,Orthopoxvirus monkeypox,,,,Antibodies; Not specified,host_presence_only,low,TRUE,candidate_only,,,,,,,,FALSE,FALSE,FALSE,,,,,,,,,,,FALSE
Mpox (Monkeypox),atherurus africanus,192881,host,FALSE,TRUE,TRUE,TRUE,both,Orthopoxvirus monkeypox,,,,Antibodies,host_presence_only,low,TRUE,candidate_only,,,,,,,,FALSE,FALSE,FALSE,,,,,,,,,,,FALSE
Mpox (Monkeypox),cercocebus galeritus,9532,host,FALSE,TRUE,TRUE,TRUE,both,Orthopoxvirus monkeypox,,,,Antibodies,host_presence_only,low,TRUE,candidate_only,,,,,,,,FALSE,FALSE,FALSE,,,,,,,,,,,FALSE
Mpox (Monkeypox),cercopithecus hamlyni,9536,host,FALSE,TRUE,TRUE,TRUE,both,Orthopoxvirus monkeypox,,,,Antibodies,host_presence_only,low,TRUE,candidate_only,,,,,,,,FALSE,FALSE,FALSE,,,,,,,,,,,FALSE
Mpox (Monkeypox),cercopithecus mona,36226,host,FALSE,TRUE,TRUE,TRUE,both,Orthopoxvirus monkeypox,,,,Antibodies,host_presence_only,low,TRUE,candidate_only,,,,,,,,FALSE,FALSE,FALSE,,,,,,,,,,,FALSE
Mpox (Monkeypox),cercopithecus nictitans,36228,host,FALSE,TRUE,TRUE,TRUE,both,Orthopoxvirus monkeypox,,,,Antibodies,host_presence_only,low,TRUE,candidate_only,,,,,,,,FALSE,FALSE,FALSE,,,,,,,,,,,FALSE
Mpox (Monkeypox),cercopithecus petaurista,100487,host,FALSE,TRUE,TRUE,TRUE,both,Orthopoxvirus monkeypox,,,,Antibodies; Not specified,host_presence_only,low,TRUE,candidate_only,,,,,,,,FALSE,FALSE,FALSE,,,,,,,,,,,FALSE
Mpox (Monkeypox),cercopithecus pogonias,102108,host,FALSE,TRUE,TRUE,TRUE,both,Orthopoxvirus monkeypox,,,,Antibodies,host_presence_only,low,TRUE,candidate_only,,,,,,,,FALSE,FALSE,FALSE,,,,,,,,,,,FALSE
Mpox (Monkeypox),chinchilla lanigera,34839,host,FALSE,TRUE,TRUE,TRUE,both,Orthopoxvirus monkeypox,,,,Antibodies,host_presence_only,low,TRUE,candidate_only,,,,,,,,FALSE,FALSE,FALSE,,,,,,,,,,,FALSE
Mpox (Monkeypox),cricetomys emini,107265,host,FALSE,TRUE,TRUE,TRUE,both,Orthopoxvirus monkeypox,,,,Antibodies,host_presence_only,low,TRUE,candidate_only,,,,,,,,FALSE,FALSE,FALSE,,,,,,,,,,,FALSE
Mpox (Monkeypox),funisciurus pyrropus,226680,host,FALSE,TRUE,TRUE,TRUE,both,Orthopoxvirus monkeypox,,,,PCR/Sequencing,host_presence_only,low,TRUE,candidate_only,,,,,,,,FALSE,FALSE,FALSE,,,,,,,,,,,FALSE
Mpox (Monkeypox),heliosciurus gambianus,1235482,host,FALSE,TRUE,TRUE,TRUE,both,Orthopoxvirus monkeypox,,,,Antibodies,host_presence_only,low,TRUE,candidate_only,,,,,,,,FALSE,FALSE,FALSE,,,,,,,,,,,FALSE
Mpox (Monkeypox),heliosciurus rufobrachium,1096448,host,FALSE,TRUE,TRUE,TRUE,both,Orthopoxvirus monkeypox,,,,Antibodies,host_presence_only,low,TRUE,candidate_only,,,,,,,,FALSE,FALSE,FALSE,,,,,,,,,,,FALSE
Mpox (Monkeypox),piliocolobus badius,164648,host,FALSE,TRUE,TRUE,TRUE,both,Orthopoxvirus monkeypox,,,,Antibodies; Not specified,host_presence_only,low,TRUE,candidate_only,,,,,,,,FALSE,FALSE,FALSE,,,,,,,,,,,FALSE
Mpox (Monkeypox),praomys jacksoni,209866,host,FALSE,TRUE,TRUE,TRUE,both,Orthopoxvirus monkeypox,,,,PCR/Sequencing,host_presence_only,low,TRUE,candidate_only,,,,,,,,FALSE,FALSE,FALSE,,,,,,,,,,,FALSE
Nipah virus disease,Bos taurus,9913,host,FALSE,TRUE,TRUE,TRUE,both,Henipavirus nipahense,mammalia,artiodactyla,bovidae,Isolation/Observation,host_presence_only,low,TRUE,candidate_only,,,,,,,,FALSE,FALSE,FALSE,,,,,,,,,,,FALSE
Nipah virus disease,Canis lupus,9612,host,FALSE,TRUE,TRUE,TRUE,both,Henipavirus nipahense,mammalia,carnivora,canidae,Not specified,host_presence_only,low,TRUE,candidate_only,,,,,,,,FALSE,FALSE,FALSE,,,,,,,,,,,FALSE
Nipah virus disease,Canis lupus,9615,host,FALSE,TRUE,TRUE,TRUE,both,Henipavirus nipahense,mammalia,carnivora,canidae,PCR/Sequencing,host_presence_only,low,TRUE,candidate_only,,,,,,,,FALSE,FALSE,FALSE,,,,,,,,,,,FALSE
Nipah virus disease,Capra hircus,9925,host,FALSE,TRUE,TRUE,TRUE,both,Henipavirus nipahense,mammalia,artiodactyla,bovidae,Isolation/Observation,host_presence_only,low,TRUE,candidate_only,,,,,,,,FALSE,FALSE,FALSE,,,,,,,,,,,FALSE
Nipah virus disease,Cynopterus brachyotis,58060,host,FALSE,TRUE,TRUE,TRUE,both,Henipavirus nipahense,mammalia,chiroptera,pteropodidae,Antibodies; Isolation/Observation,host_presence_only,low,TRUE,candidate_only,,,,,,,,FALSE,FALSE,FALSE,,,,,,,,,,,FALSE
Nipah virus disease,Eidolon helvum,77214,host,FALSE,TRUE,TRUE,TRUE,both,Henipavirus nipahense,mammalia,chiroptera,pteropodidae,Antibodies,host_presence_only,low,TRUE,candidate_only,,,,,,,,FALSE,FALSE,FALSE,,,,,,,,,,,FALSE
Nipah virus disease,Eonycteris spelaea,58065,host,FALSE,TRUE,TRUE,TRUE,both,Henipavirus nipahense,mammalia,chiroptera,pteropodidae,Antibodies; Isolation/Observation,host_presence_only,low,TRUE,candidate_only,,,,,,,,FALSE,FALSE,FALSE,,,,,,,,,,,FALSE
Nipah virus disease,Equus caballus,9796,host,FALSE,TRUE,TRUE,TRUE,both,Henipavirus nipahense,mammalia,perissodactyla,equidae,Antibodies,host_presence_only,low,TRUE,candidate_only,,,,,,,,FALSE,FALSE,FALSE,,,,,,,,,,,FALSE
Nipah virus disease,Felis catus,9685,host,FALSE,TRUE,TRUE,TRUE,both,Henipavirus nipahense,mammalia,carnivora,felidae,PCR/Sequencing,host_presence_only,low,TRUE,candidate_only,,,,,,,,FALSE,FALSE,FALSE,,,,,,,,,,,FALSE
Nipah virus disease,Hipposideros armiger,186990,host,FALSE,TRUE,TRUE,TRUE,both,Henipavirus nipahense,mammalia,chiroptera,hipposideridae,Antibodies,host_presence_only,low,TRUE,candidate_only,,,,,,,,FALSE,FALSE,FALSE,,,,,,,,,,,FALSE
Nipah virus disease,Hipposideros larvatus,175524,host,FALSE,TRUE,TRUE,TRUE,both,Henipavirus nipahense,mammalia,chiroptera,hipposideridae,Antibodies; PCR/Sequencing,host_presence_only,low,TRUE,candidate_only,,,,,,,,FALSE,FALSE,FALSE,,,,,,,,,,,FALSE
Nipah virus disease,Hipposideros pomona,334201,host,FALSE,TRUE,TRUE,TRUE,both,Henipavirus nipahense,mammalia,chiroptera,hipposideridae,Antibodies,host_presence_only,low,TRUE,candidate_only,,,,,,,,FALSE,FALSE,FALSE,,,,,,,,,,,FALSE
Nipah virus disease,Homo sapiens,9606,host,FALSE,TRUE,TRUE,TRUE,both,Henipavirus nipahense,,,,Isolation/Observation; Not specified; PCR/Sequencing,amplifying_host,medium,TRUE,draft_needs_review,,,,,,,,FALSE,FALSE,FALSE,,,,,,,,,,,FALSE
Nipah virus disease,Hypsignathus monstrosus,448084,host,FALSE,TRUE,TRUE,TRUE,both,Henipavirus nipahense,mammalia,chiroptera,pteropodidae,Antibodies,host_presence_only,low,TRUE,candidate_only,,,,,,,,FALSE,FALSE,FALSE,,,,,,,,,,,FALSE
Nipah virus disease,Mus musculus,10090,host,FALSE,TRUE,TRUE,TRUE,both,Henipavirus nipahense,mammalia,rodentia,muridae,Isolation/Observation,host_presence_only,low,TRUE,candidate_only,,,,,,,,FALSE,FALSE,FALSE,,,,,,,,,,,FALSE
Nipah virus disease,Myotis daubentonii,98922,host,FALSE,TRUE,TRUE,TRUE,both,Henipavirus nipahense,mammalia,chiroptera,vespertilionidae,Antibodies,host_presence_only,low,TRUE,candidate_only,,,,,,,,FALSE,FALSE,FALSE,,,,,,,,,,,FALSE
Nipah virus disease,Myotis pilosus,203696,host,FALSE,TRUE,TRUE,TRUE,both,Henipavirus nipahense,mammalia,chiroptera,vespertilionidae,Antibodies,host_presence_only,low,TRUE,candidate_only,,,,,,,,FALSE,FALSE,FALSE,,,,,,,,,,,FALSE
Nipah virus disease,Pteropus hypomelanus,9405,host,FALSE,TRUE,TRUE,TRUE,both,Henipavirus nipahense,mammalia,chiroptera,pteropodidae,Antibodies; Isolation/Observation; PCR/Sequencing,reservoir_host,high,TRUE,draft_source_backed,,,,,,,,FALSE,FALSE,FALSE,,,,,,,,,,,FALSE
Nipah virus disease,Pteropus lylei,166054,host,FALSE,TRUE,TRUE,TRUE,both,Henipavirus nipahense,mammalia,chiroptera,pteropodidae,Isolation/Observation; PCR/Sequencing,reservoir_host,medium,TRUE,draft_source_backed,,,,,,,,FALSE,FALSE,FALSE,,,,,,,,,,,FALSE
Nipah virus disease,Pteropus medius,143291,host,FALSE,TRUE,TRUE,TRUE,both,Henipavirus nipahense,mammalia,chiroptera,pteropodidae,PCR/Sequencing,reservoir_host,medium,TRUE,draft_source_backed,,,,,,,,FALSE,FALSE,FALSE,,,,,,,,,,,FALSE
Nipah virus disease,Pteropus vampyrus,132908,host,FALSE,TRUE,TRUE,TRUE,both,Henipavirus nipahense,mammalia,chiroptera,pteropodidae,Isolation/Observation; PCR/Sequencing,reservoir_host,high,TRUE,draft_source_backed,,,,,,,,FALSE,FALSE,FALSE,,,,,,,,,,,FALSE
Nipah virus disease,Rhinolophus affinis,59477,host,FALSE,TRUE,TRUE,TRUE,both,Henipavirus nipahense,mammalia,chiroptera,rhinolophidae,Antibodies,host_presence_only,low,TRUE,candidate_only,,,,,,,,FALSE,FALSE,FALSE,,,,,,,,,,,FALSE
Nipah virus disease,Rhinolophus sinicus,89399,host,FALSE,TRUE,TRUE,TRUE,both,Henipavirus nipahense,mammalia,chiroptera,rhinolophidae,Antibodies,host_presence_only,low,TRUE,candidate_only,,,,,,,,FALSE,FALSE,FALSE,,,,,,,,,,,FALSE
Nipah virus disease,Rousettus leschenaultii,9408,host,FALSE,TRUE,TRUE,TRUE,both,Henipavirus nipahense,mammalia,chiroptera,pteropodidae,Antibodies,host_presence_only,low,TRUE,candidate_only,,,,,,,,FALSE,FALSE,FALSE,,,,,,,,,,,FALSE
Nipah virus disease,Scotophilus kuhlii,153297,host,FALSE,TRUE,TRUE,TRUE,both,Henipavirus nipahense,mammalia,chiroptera,vespertilionidae,Antibodies,host_presence_only,low,TRUE,candidate_only,,,,,,,,FALSE,FALSE,FALSE,,,,,,,,,,,FALSE
Nipah virus disease,Sus scrofa,9823,host,FALSE,TRUE,TRUE,TRUE,both,Henipavirus nipahense,mammalia,artiodactyla,suidae,Isolation/Observation; Not specified; PCR/Sequencing,amplifying_host,high,FALSE,draft_source_backed,,,,,,,,FALSE,FALSE,FALSE,,,,,,,,,,,FALSE
Nipah virus disease,Sus scrofa,9825,host,FALSE,TRUE,TRUE,TRUE,both,Henipavirus nipahense,mammalia,artiodactyla,suidae,PCR/Sequencing,host_presence_only,low,TRUE,candidate_only,,,,,,,,FALSE,FALSE,FALSE,,,,,,,,,,,FALSE
Nipah virus disease,cynopterus sphinx,9400,host,FALSE,TRUE,TRUE,TRUE,both,Henipavirus nipahense,,,,Antibodies,host_presence_only,low,TRUE,candidate_only,,,,,,,,FALSE,FALSE,FALSE,,,,,,,,,,,FALSE
Nipah virus disease,eidolon dupreanum,58063,host,FALSE,TRUE,TRUE,TRUE,both,Henipavirus nipahense,,,,Antibodies,host_presence_only,low,TRUE,candidate_only,,,,,,,,FALSE,FALSE,FALSE,,,,,,,,,,,FALSE
Nipah virus disease,epomophorus gambianus,372077,host,FALSE,TRUE,TRUE,TRUE,both,Henipavirus nipahense,,,,Antibodies,host_presence_only,low,TRUE,candidate_only,,,,,,,,FALSE,FALSE,FALSE,,,,,,,,,,,FALSE
Nipah virus disease,pteropus pumilus,161598,host,FALSE,TRUE,TRUE,TRUE,both,Henipavirus nipahense,,,,Antibodies,host_presence_only,low,TRUE,candidate_only,,,,,,,,FALSE,FALSE,FALSE,,,,,,,,,,,FALSE
Nipah virus disease,pteropus rodricensis,77216,host,FALSE,TRUE,TRUE,TRUE,both,Henipavirus nipahense,,,,Antibodies,host_presence_only,low,TRUE,candidate_only,,,,,,,,FALSE,FALSE,FALSE,,,,,,,,,,,FALSE
Nipah virus disease,pteropus rufus,196297,host,FALSE,TRUE,TRUE,TRUE,both,Henipavirus nipahense,,,,Antibodies,host_presence_only,low,TRUE,candidate_only,,,,,,,,FALSE,FALSE,FALSE,,,,,,,,,,,FALSE
Nipah virus disease,pteropus sp.,1562770,host,FALSE,TRUE,TRUE,TRUE,both,Henipavirus nipahense,,,,PCR/Sequencing,host_presence_only,low,TRUE,candidate_only,,,,,,,,FALSE,FALSE,FALSE,,,,,,,,,,,FALSE
Oropouche fever,aedes aegypti,,vector,TRUE,TRUE,TRUE,TRUE,prototype,Orthobunyavirus oropoucheense,,,,,,,,,mosquito,species,aedes aegypti,,,,,TRUE,TRUE,TRUE,candidate,field,lit_review,TRUE,blood_meal,mixed,mixed,yes,,limited_or_indirect_support|low_competence_or_efficiency,FALSE
Oropouche fever,aedes albopictus,,vector,TRUE,TRUE,TRUE,TRUE,prototype,Orthobunyavirus oropoucheense,,,,,,,,,mosquito,species,aedes albopictus,,,,,TRUE,TRUE,TRUE,candidate,review,lit_review,TRUE,blood_meal,mixed,mixed,yes,,field_detection_only|mixed_or_debated_evidence|no_transmission_demonstrated,FALSE
Oropouche fever,aedes scapularis,,vector,TRUE,TRUE,TRUE,TRUE,prototype,Orthobunyavirus oropoucheense,,,,,,,,,mosquito,species,aedes scapularis,,,,,TRUE,TRUE,TRUE,weak,review,lit_review,TRUE,blood_meal,not_competent,no,,,no_transmission_demonstrated,FALSE
Oropouche fever,aedes serratus,,vector,TRUE,TRUE,TRUE,TRUE,prototype,Orthobunyavirus oropoucheense,,,,,,,,,mosquito,species,aedes serratus,,,,,TRUE,TRUE,TRUE,candidate; probable,review,lit_review,TRUE,blood_meal,unclear,,yes,candidate_vector|secondary_vector|sylvatic_vector,limited_or_indirect_support,FALSE
Oropouche fever,coquillettidia venezuelensis,,vector,TRUE,TRUE,TRUE,TRUE,prototype,Orthobunyavirus oropoucheense,,,,,,,,,mosquito,species,coquillettidia venezuelensis,,,,,TRUE,TRUE,TRUE,probable,review,lit_review,TRUE,blood_meal,unclear,,yes,candidate_vector|secondary_vector|sylvatic_vector,limited_or_indirect_support,FALSE
Oropouche fever,culex pipiens,,vector,TRUE,TRUE,TRUE,TRUE,prototype,Orthobunyavirus oropoucheense,,,,,,,,,mosquito,species,culex pipiens,,,,,TRUE,TRUE,TRUE,weak,lab,lit_review,TRUE,blood_meal,not_competent,no,,,no_infection_detected,FALSE
Oropouche fever,culex quinquefasciatus,,vector,TRUE,TRUE,TRUE,TRUE,prototype,Orthobunyavirus oropoucheense,,,,,,,,,mosquito,species,culex quinquefasciatus,candidate_vector,medium,TRUE,draft_needs_review,TRUE,TRUE,TRUE,probable,review,lit_review,TRUE,blood_meal,mixed,mixed,yes,candidate_vector|secondary_vector,limited_or_indirect_support|low_competence_or_efficiency,FALSE
Oropouche fever,culex tarsalis,,vector,TRUE,TRUE,TRUE,TRUE,prototype,Orthobunyavirus oropoucheense,,,,,,,,,mosquito,species,culex tarsalis,,,,,TRUE,TRUE,TRUE,candidate,review,lit_review,TRUE,blood_meal,not_competent,no,,,low_competence_or_efficiency|no_transmission_demonstrated,FALSE
Oropouche fever,culicoides,,vector,TRUE,TRUE,TRUE,TRUE,prototype,Orthobunyavirus oropoucheense,,,,,,,,,midge,genus_only,culicoides,,,,,TRUE,FALSE,TRUE,candidate,review,lit_review,,,unclear,,,candidate_vector|sylvatic_vector,taxon_level_not_specific,FALSE
Oropouche fever,culicoides insignis,,vector,TRUE,TRUE,TRUE,TRUE,prototype,Orthobunyavirus oropoucheense,,,,,,,,,midge,species,culicoides insignis,,,,,TRUE,FALSE,TRUE,candidate,review,lit_review,,,unclear,,yes,,,FALSE
Oropouche fever,culicoides paraensis,,vector,TRUE,TRUE,TRUE,TRUE,prototype,Orthobunyavirus oropoucheense,,,,,,,,,midge,species,culicoides paraensis,primary_vector,high,FALSE,draft_source_backed,TRUE,FALSE,TRUE,confirmed,review,lit_review,,,competent,yes,,primary_vector|urban_vector,,FALSE
Oropouche fever,culicoides sonorensis,,vector,TRUE,TRUE,TRUE,TRUE,prototype,Orthobunyavirus oropoucheense,,,,,,,,,midge,species,culicoides sonorensis,competent_vector_only,medium,TRUE,draft_source_backed,TRUE,FALSE,TRUE,probable,review,lit_review,,,competent,yes,,candidate_vector,,FALSE
Oropouche fever,limatus durhamii,,vector,TRUE,TRUE,TRUE,TRUE,prototype,Orthobunyavirus oropoucheense,,,,,,,,,mosquito,species,limatus durhamii,,,,,TRUE,TRUE,TRUE,weak,review,lit_review,TRUE,blood_meal,unclear,,yes,,,FALSE
Oropouche fever,ochlerotatus serratus,,vector,TRUE,TRUE,TRUE,TRUE,prototype,Orthobunyavirus oropoucheense,,,,,,,,,mosquito,species,ochlerotatus serratus,,,,,TRUE,FALSE,TRUE,candidate,review,lit_review,,,unclear,,yes,,field_detection_only,FALSE
Oropouche fever,psorophora ferox,,vector,TRUE,TRUE,TRUE,TRUE,prototype,Orthobunyavirus oropoucheense,,,,,,,,,mosquito,species,psorophora ferox,,,,,TRUE,TRUE,TRUE,weak,review,lit_review,TRUE,blood_meal,not_competent,no,,,no_transmission_demonstrated,FALSE
Oropouche fever,Artibeus lituratus,27634,host,TRUE,TRUE,TRUE,TRUE,prototype,Orthobunyavirus oropoucheense,mammalia,chiroptera,phyllostomidae,Antibodies,host_presence_only,low,TRUE,candidate_only,,,,,,,,FALSE,FALSE,FALSE,,,,,,,,,,,FALSE
Oropouche fever,Bradypus tridactylus,9354,host,TRUE,TRUE,TRUE,TRUE,prototype,Orthobunyavirus oropoucheense,mammalia,pilosa,bradypodidae,Isolation/Observation; PCR/Sequencing,host_presence_only,low,TRUE,candidate_only,,,,,,,,FALSE,FALSE,FALSE,,,,,,,,,,,FALSE
Oropouche fever,Bubalus bubalis,89462,host,TRUE,TRUE,TRUE,TRUE,prototype,Orthobunyavirus oropoucheense,mammalia,artiodactyla,bovidae,Antibodies,host_presence_only,low,TRUE,candidate_only,,,,,,,,FALSE,FALSE,FALSE,,,,,,,,,,,FALSE
Oropouche fever,Callithrix,9485,host,TRUE,TRUE,TRUE,TRUE,prototype,Orthobunyavirus oropoucheense,,,,PCR/Sequencing,host_presence_only,low,TRUE,candidate_only,,,,,,,,FALSE,FALSE,FALSE,,,,,,,,,,,FALSE
Oropouche fever,Callithrix penicillata,57378,host,TRUE,TRUE,TRUE,TRUE,prototype,Orthobunyavirus oropoucheense,mammalia,primates,callitrichidae,PCR/Sequencing,host_presence_only,low,TRUE,candidate_only,,,,,,,,FALSE,FALSE,FALSE,,,,,,,,,,,FALSE
Oropouche fever,Cebus,9517,host,TRUE,TRUE,TRUE,TRUE,prototype,Orthobunyavirus oropoucheense,,,,PCR/Sequencing,host_presence_only,low,TRUE,candidate_only,,,,,,,,FALSE,FALSE,FALSE,,,,,,,,,,,FALSE
Oropouche fever,Cebus olivaceus,37295,host,TRUE,TRUE,TRUE,TRUE,prototype,Orthobunyavirus oropoucheense,mammalia,primates,cebidae,Isolation/Observation,host_presence_only,low,TRUE,candidate_only,,,,,,,,FALSE,FALSE,FALSE,,,,,,,,,,,FALSE
Oropouche fever,Homo sapiens,9606,host,TRUE,TRUE,TRUE,TRUE,prototype,Orthobunyavirus oropoucheense,,,,Isolation/Observation; Not specified; PCR/Sequencing,amplifying_host,medium,TRUE,draft_needs_review,,,,,,,,FALSE,FALSE,FALSE,,,,,,,,,,,FALSE
Plague,aetheca wagneri,,vector,TRUE,TRUE,TRUE,FALSE,priority,Yersinia pestis,,,,,,,,,flea,species,aetheca wagneri,,,,,TRUE,FALSE,TRUE,confirmed,review,lit_review,,,competent,yes,,,,FALSE
Plague,citellophilus tesquorum,,vector,TRUE,TRUE,TRUE,FALSE,priority,Yersinia pestis,,,,,,,,,flea,species,citellophilus tesquorum,,,,,TRUE,FALSE,TRUE,probable,review,lit_review,,,mixed,,,,temperature_dependent,FALSE
Plague,citellophilus tesquorum altaicus,,vector,TRUE,TRUE,TRUE,FALSE,priority,Yersinia pestis,,,,,,,,,flea,infraspecific,citellophilus tesquorum altaicus,,,,,TRUE,FALSE,TRUE,confirmed,review,lit_review,,,mixed,yes,yes,,,FALSE
Plague,ctenocephalides felis,,vector,TRUE,TRUE,TRUE,FALSE,priority,Yersinia pestis,,,,,,,,,flea,species,ctenocephalides felis,,,,,TRUE,TRUE,TRUE,confirmed,review,lit_review,TRUE,on_host_occurrence,mixed,mixed,yes,,,TRUE
Plague,echidnophaga gallinaceus,,vector,TRUE,TRUE,TRUE,FALSE,priority,Yersinia pestis,,,,,,,,,flea,species,echidnophaga gallinaceus,,,,,TRUE,FALSE,TRUE,confirmed,review,lit_review,,,competent,yes,,,,FALSE
Plague,epitedia eumolpi,,vector,TRUE,TRUE,TRUE,FALSE,priority,Yersinia pestis,,,,,,,,,flea,species,epitedia eumolpi,,,,,TRUE,FALSE,TRUE,confirmed,review,lit_review,,,competent,yes,,,,FALSE
Plague,epitedia wenmanni,,vector,TRUE,TRUE,TRUE,FALSE,priority,Yersinia pestis,,,,,,,,,flea,species,epitedia wenmanni,,,,,TRUE,FALSE,TRUE,confirmed,review,lit_review,,,competent,yes,,,,FALSE
Plague,hoplopsyllus anomalus,,vector,TRUE,TRUE,TRUE,FALSE,priority,Yersinia pestis,,,,,,,,,flea,species,hoplopsyllus anomalus,,,,,TRUE,FALSE,TRUE,confirmed,review,lit_review,,,competent,yes,,,,FALSE
Plague,hystrichopsylla linsdalei,,vector,TRUE,TRUE,TRUE,FALSE,priority,Yersinia pestis,,,,,,,,,flea,species,hystrichopsylla linsdalei,,,,,TRUE,FALSE,TRUE,confirmed,review,lit_review,,,competent,yes,,,,FALSE
Plague,malaraeus telchinum,,vector,TRUE,TRUE,TRUE,FALSE,priority,Yersinia pestis,,,,,,,,,flea,species,malaraeus telchinum,,,,,TRUE,FALSE,TRUE,confirmed,review,lit_review,,,mixed,yes,,,,FALSE
Plague,megabothris abantis,,vector,TRUE,TRUE,TRUE,FALSE,priority,Yersinia pestis,,,,,,,,,flea,species,megabothris abantis,,,,,TRUE,TRUE,TRUE,confirmed,review,lit_review,FALSE,,competent,yes,,,,FALSE
Plague,neopsylla setosa,,vector,TRUE,TRUE,TRUE,FALSE,priority,Yersinia pestis,,,,,,,,,flea,species,neopsylla setosa,,,,,TRUE,FALSE,TRUE,probable,review,lit_review,,,unclear,,,,limited_or_indirect_support,FALSE
Plague,nosopsyllus fasciatus,,vector,TRUE,TRUE,TRUE,FALSE,priority,Yersinia pestis,,,,,,,,,flea,species,nosopsyllus fasciatus,,,,,TRUE,FALSE,TRUE,confirmed,review,lit_review,,,competent,yes,,,,FALSE
Plague,opisodasys nesiotis,,vector,TRUE,TRUE,TRUE,FALSE,priority,Yersinia pestis,,,,,,,,,flea,species,opisodasys nesiotis,,,,,TRUE,FALSE,TRUE,confirmed,review,lit_review,,,competent,yes,,,spelling_or_ocr_issue,FALSE
Plague,orchopeas sexdentatus,,vector,TRUE,TRUE,TRUE,FALSE,priority,Yersinia pestis,,,,,,,,,flea,species,orchopeas sexdentatus,,,,,TRUE,FALSE,TRUE,confirmed,review,lit_review,,,competent,yes,,,,FALSE
Plague,oropsylla bruneri,,vector,TRUE,TRUE,TRUE,FALSE,priority,Yersinia pestis,,,,,,,,,flea,species,oropsylla bruneri,,,,,TRUE,TRUE,TRUE,confirmed,review,lit_review,TRUE,on_host_occurrence,competent,yes,,,,FALSE
Plague,oropsylla hirsuta,,vector,TRUE,TRUE,TRUE,FALSE,priority,Yersinia pestis,,,,,,,,,flea,species,oropsylla hirsuta,candidate_vector,medium,TRUE,draft_source_backed,TRUE,TRUE,TRUE,confirmed,review,lit_review,FALSE,,mixed,yes,,,low_competence_or_efficiency,FALSE
Plague,oropsylla idahoensis,,vector,TRUE,TRUE,TRUE,FALSE,priority,Yersinia pestis,,,,,,,,,flea,species,oropsylla idahoensis,,,,,TRUE,FALSE,TRUE,confirmed,review,lit_review,,,mixed,yes,,,,FALSE
Plague,oropsylla labis,,vector,TRUE,TRUE,TRUE,FALSE,priority,Yersinia pestis,,,,,,,,,flea,species,oropsylla labis,,,,,TRUE,FALSE,TRUE,confirmed,review,lit_review,,,competent,yes,,,,FALSE
Plague,oropsylla montana,,vector,TRUE,TRUE,TRUE,FALSE,priority,Yersinia pestis,,,,,,,,,flea,species,oropsylla montana,primary_vector,high,TRUE,draft_source_backed,TRUE,TRUE,TRUE,confirmed,review,lit_review,FALSE,,mixed,yes,,,,FALSE
Plague,oropsylla rupestris,,vector,TRUE,TRUE,TRUE,FALSE,priority,Yersinia pestis,,,,,,,,,flea,species,oropsylla rupestris,,,,,TRUE,FALSE,TRUE,confirmed,review,lit_review,FALSE,,competent,yes,,,,FALSE
Plague,oropsylla tuberculata,,vector,TRUE,TRUE,TRUE,FALSE,priority,Yersinia pestis,,,,,,,,,flea,species,oropsylla tuberculata,,,,,TRUE,TRUE,TRUE,confirmed,review,lit_review,FALSE,,competent,yes,,,,TRUE
Plague,oropsylla tuberculata cynomuris,,vector,TRUE,TRUE,TRUE,FALSE,priority,Yersinia pestis,,,,,,,,,flea,infraspecific,oropsylla tuberculata cynomuris,,,,,TRUE,FALSE,TRUE,confirmed,review,lit_review,,,mixed,yes,,,,FALSE
Plague,paradoxopsyllus curvispinus,,vector,TRUE,TRUE,TRUE,FALSE,priority,Yersinia pestis,,,,,,,,,flea,species,paradoxopsyllus curvispinus,,,,,TRUE,FALSE,TRUE,weak,review,lit_review,,,unclear,,yes,,mixed_or_debated_evidence,FALSE
Plague,paradoxopsyllus custodis,,vector,TRUE,TRUE,TRUE,FALSE,priority,Yersinia pestis,,,,,,,,,flea,species,paradoxopsyllus custodis,,,,,TRUE,FALSE,TRUE,candidate,review,lit_review,,,unclear,,yes,epizootic_vector,,FALSE
Plague,paradoxopsyllus dashidorzhii,,vector,TRUE,TRUE,TRUE,FALSE,priority,Yersinia pestis,,,,,,,,,flea,species,paradoxopsyllus dashidorzhii,,,,,TRUE,FALSE,TRUE,confirmed,review,lit_review,,,mixed,mixed,yes,primary_vector,no_transmission_demonstrated,FALSE
Plague,paradoxopsyllus hesperius kalabukhovi,,vector,TRUE,TRUE,TRUE,FALSE,priority,Yersinia pestis,,,,,,,,,flea,infraspecific,paradoxopsyllus hesperius kalabukhovi,,,,,TRUE,FALSE,TRUE,confirmed,review,lit_review,,,unclear,,yes,secondary_vector,field_detection_only,FALSE
Plague,paradoxopsyllus repandus,,vector,TRUE,TRUE,TRUE,FALSE,priority,Yersinia pestis,,,,,,,,,flea,species,paradoxopsyllus repandus,,,,,TRUE,FALSE,TRUE,confirmed,review,lit_review,,,mixed,yes,yes,,temperature_dependent,FALSE
Plague,paradoxopsyllus scorodumovi,,vector,TRUE,TRUE,TRUE,FALSE,priority,Yersinia pestis,,,,,,,,,flea,species,paradoxopsyllus scorodumovi,,,,,TRUE,FALSE,TRUE,confirmed,review,lit_review,,,mixed,mixed,yes,primary_vector,,FALSE
Plague,paradoxopsyllus teretifrons,,vector,TRUE,TRUE,TRUE,FALSE,priority,Yersinia pestis,,,,,,,,,flea,species,paradoxopsyllus teretifrons,,,,,TRUE,FALSE,TRUE,confirmed,review,lit_review,,,mixed,yes,yes,,,FALSE
Plague,pleochaetis exilis,,vector,TRUE,TRUE,TRUE,FALSE,priority,Yersinia pestis,,,,,,,,,flea,species,pleochaetis exilis,,,,,TRUE,FALSE,TRUE,confirmed,review,lit_review,,,competent,yes,,,,FALSE
Plague,polygenis bohlsi bohlsi,,vector,TRUE,TRUE,TRUE,FALSE,priority,Yersinia pestis,,,,,,,,,flea,infraspecific,polygenis bohlsi bohlsi,,,,,TRUE,FALSE,TRUE,candidate,review,lit_review,,,unclear,,yes,,,FALSE
Plague,polygenis bohlsi jordani,,vector,TRUE,TRUE,TRUE,FALSE,priority,Yersinia pestis,,,,,,,,,flea,infraspecific,polygenis bohlsi jordani,,,,,TRUE,FALSE,TRUE,confirmed,review,lit_review,,,competent,yes,yes,,,FALSE
Plague,polygenis gwyni,,vector,TRUE,TRUE,TRUE,FALSE,priority,Yersinia pestis,,,,,,,,,flea,species,polygenis gwyni,,,,,TRUE,TRUE,TRUE,confirmed,review,lit_review,FALSE,,competent,yes,,,,FALSE
Plague,polygenis tripus,,vector,TRUE,TRUE,TRUE,FALSE,priority,Yersinia pestis,,,,,,,,,flea,species,polygenis tripus,,,,,TRUE,TRUE,TRUE,confirmed,review,lit_review,FALSE,,mixed,yes,yes,,limited_or_indirect_support,FALSE
Plague,pulex irritans,,vector,TRUE,TRUE,TRUE,FALSE,priority,Yersinia pestis,,,,,,,,,flea,species,pulex irritans,,,,,TRUE,TRUE,TRUE,confirmed,review,lit_review,FALSE,,mixed,yes,yes,,low_competence_or_efficiency,FALSE
Plague,rhadinopsylla daurica,,vector,TRUE,TRUE,TRUE,FALSE,priority,Yersinia pestis,,,,,,,,,flea,species,rhadinopsylla daurica,,,,,TRUE,FALSE,TRUE,probable,review,lit_review,,,mixed,yes,,,,FALSE
Plague,rhadinopsylla rothschildi,,vector,TRUE,TRUE,TRUE,FALSE,priority,Yersinia pestis,,,,,,,,,flea,species,rhadinopsylla rothschildi,,,,,TRUE,FALSE,TRUE,probable,review,lit_review,,,mixed,yes,,,,FALSE
Plague,thrassis acamantis,,vector,TRUE,TRUE,TRUE,FALSE,priority,Yersinia pestis,,,,,,,,,flea,species,thrassis acamantis,,,,,TRUE,FALSE,TRUE,confirmed,review,lit_review,,,competent,yes,,,,FALSE
Plague,thrassis arizonensis,,vector,TRUE,TRUE,TRUE,FALSE,priority,Yersinia pestis,,,,,,,,,flea,species,thrassis arizonensis,,,,,TRUE,FALSE,TRUE,confirmed,review,lit_review,,,competent,yes,,,,FALSE
Plague,thrassis bacchi,,vector,TRUE,TRUE,TRUE,FALSE,priority,Yersinia pestis,,,,,,,,,flea,species,thrassis bacchi,,,,,TRUE,TRUE,TRUE,confirmed,review,lit_review,FALSE,,competent,yes,,,,TRUE
Plague,thrassis fotus,,vector,TRUE,TRUE,TRUE,FALSE,priority,Yersinia pestis,,,,,,,,,flea,species,thrassis fotus,,,,,TRUE,FALSE,TRUE,confirmed,review,lit_review,,,competent,yes,,,,FALSE
Plague,thrassis francisi,,vector,TRUE,TRUE,TRUE,FALSE,priority,Yersinia pestis,,,,,,,,,flea,species,thrassis francisi,,,,,TRUE,FALSE,TRUE,confirmed,review,lit_review,,,competent,yes,,,,FALSE
Plague,thrassis pandorae,,vector,TRUE,TRUE,TRUE,FALSE,priority,Yersinia pestis,,,,,,,,,flea,species,thrassis pandorae,,,,,TRUE,FALSE,TRUE,confirmed,review,lit_review,,,competent,yes,,,,FALSE
Plague,xenopsylla astia,,vector,TRUE,TRUE,TRUE,FALSE,priority,Yersinia pestis,,,,,,,,,flea,species,xenopsylla astia,,,,,TRUE,FALSE,TRUE,probable,review,lit_review,,,mixed,yes,,,,FALSE
Plague,xenopsylla brasiliensis,,vector,TRUE,TRUE,TRUE,FALSE,priority,Yersinia pestis,,,,,,,,,flea,species,xenopsylla brasiliensis,,,,,TRUE,FALSE,TRUE,candidate,review,lit_review,,,unclear,,,,,FALSE
Plague,xenopsylla cheopis,,vector,TRUE,TRUE,TRUE,FALSE,priority,Yersinia pestis,,,,,,,,,flea,species,xenopsylla cheopis,primary_vector,high,FALSE,draft_source_backed,TRUE,TRUE,TRUE,confirmed,review,lit_review,FALSE,,competent,yes,yes,primary_vector,,FALSE
Plague,Allactaga sibirica,234626,host,TRUE,TRUE,TRUE,FALSE,priority,Yersinia pestis,,,,Isolation/Observation,host_presence_only,low,TRUE,candidate_only,,,,,,,,FALSE,FALSE,FALSE,,,,,,,,,,,FALSE
Plague,Apodemus chevrieri,129246,host,TRUE,TRUE,TRUE,FALSE,priority,Yersinia pestis,mammalia,rodentia,muridae,Isolation/Observation,host_presence_only,low,TRUE,candidate_only,,,,,,,,FALSE,FALSE,FALSE,,,,,,,,,,,FALSE
Plague,Canis lupus,9612,host,TRUE,TRUE,TRUE,FALSE,priority,Yersinia pestis,mammalia,carnivora,canidae,Not specified,host_presence_only,low,TRUE,candidate_only,,,,,,,,FALSE,FALSE,FALSE,,,,,,,,,,,FALSE
Plague,Cerradomys subflavus,37022,host,TRUE,TRUE,TRUE,FALSE,priority,Yersinia pestis,mammalia,rodentia,cricetidae,PCR/Sequencing,host_presence_only,low,TRUE,candidate_only,,,,,,,,FALSE,FALSE,FALSE,,,,,,,,,,,FALSE
Plague,Cynomys ludovicianus,45480,host,TRUE,TRUE,TRUE,FALSE,priority,Yersinia pestis,mammalia,rodentia,sciuridae,Isolation/Observation,amplifying_host,medium,TRUE,draft_source_backed,,,,,,,,FALSE,FALSE,FALSE,,,,,,,,,,,FALSE
Plague,Eothenomys miletus,259054,host,TRUE,TRUE,TRUE,FALSE,priority,Yersinia pestis,mammalia,rodentia,cricetidae,Isolation/Observation,host_presence_only,low,TRUE,candidate_only,,,,,,,,FALSE,FALSE,FALSE,,,,,,,,,,,FALSE
Plague,Felis catus,9685,host,TRUE,TRUE,TRUE,FALSE,priority,Yersinia pestis,mammalia,carnivora,felidae,Antibodies; Not specified,host_presence_only,low,TRUE,candidate_only,,,,,,,,FALSE,FALSE,FALSE,,,,,,,,,,,FALSE
Plague,Homo sapiens,9606,host,TRUE,TRUE,TRUE,FALSE,priority,Yersinia pestis,,,,Isolation/Observation; Not specified; PCR/Sequencing,incidental_host,high,FALSE,draft_source_backed,,,,,,,,FALSE,FALSE,FALSE,,,,,,,,,,,FALSE
Plague,Lasiopodomys brandtii,407171,host,TRUE,TRUE,TRUE,FALSE,priority,Yersinia pestis,mammalia,rodentia,cricetidae,Isolation/Observation,host_presence_only,low,TRUE,candidate_only,,,,,,,,FALSE,FALSE,FALSE,,,,,,,,,,,FALSE
Plague,Lynx canadensis,61383,host,TRUE,TRUE,TRUE,FALSE,priority,Yersinia pestis,mammalia,carnivora,felidae,Antibodies; Isolation/Observation,host_presence_only,low,TRUE,candidate_only,,,,,,,,FALSE,FALSE,FALSE,,,,,,,,,,,FALSE
Plague,Marmota baibacina,93157,host,TRUE,TRUE,TRUE,FALSE,priority,Yersinia pestis,mammalia,rodentia,sciuridae,Isolation/Observation; PCR/Sequencing,host_presence_only,low,TRUE,candidate_only,,,,,,,,FALSE,FALSE,FALSE,,,,,,,,,,,FALSE
Plague,Marmota caudata,71802,host,TRUE,TRUE,TRUE,FALSE,priority,Yersinia pestis,mammalia,rodentia,sciuridae,Isolation/Observation,host_presence_only,low,TRUE,candidate_only,,,,,,,,FALSE,FALSE,FALSE,,,,,,,,,,,FALSE
Plague,Marmota himalayana,93163,host,TRUE,TRUE,TRUE,FALSE,priority,Yersinia pestis,mammalia,rodentia,sciuridae,Isolation/Observation,host_presence_only,low,TRUE,candidate_only,,,,,,,,FALSE,FALSE,FALSE,,,,,,,,,,,FALSE
Plague,Marmota sibirica,93166,host,TRUE,TRUE,TRUE,FALSE,priority,Yersinia pestis,mammalia,rodentia,sciuridae,Isolation/Observation,host_presence_only,low,TRUE,candidate_only,,,,,,,,FALSE,FALSE,FALSE,,,,,,,,,,,FALSE
Plague,Meles meles,9662,host,TRUE,TRUE,TRUE,FALSE,priority,Yersinia pestis,mammalia,carnivora,mustelidae,Isolation/Observation,host_presence_only,low,TRUE,candidate_only,,,,,,,,FALSE,FALSE,FALSE,,,,,,,,,,,FALSE
Plague,Meriones meridianus,261754,host,TRUE,TRUE,TRUE,FALSE,priority,Yersinia pestis,mammalia,rodentia,muridae,Isolation/Observation,host_presence_only,low,TRUE,candidate_only,,,,,,,,FALSE,FALSE,FALSE,,,,,,,,,,,FALSE
Plague,Meriones unguiculatus,10047,host,TRUE,TRUE,TRUE,FALSE,priority,Yersinia pestis,mammalia,rodentia,muridae,Isolation/Observation,host_presence_only,low,TRUE,candidate_only,,,,,,,,FALSE,FALSE,FALSE,,,,,,,,,,,FALSE
Plague,Microtus arvalis,47230,host,TRUE,TRUE,TRUE,FALSE,priority,Yersinia pestis,mammalia,rodentia,cricetidae,Isolation/Observation,host_presence_only,low,TRUE,candidate_only,,,,,,,,FALSE,FALSE,FALSE,,,,,,,,,,,FALSE
Plague,Mus musculus,10090,host,TRUE,TRUE,TRUE,FALSE,priority,Yersinia pestis,mammalia,rodentia,muridae,Not specified,host_presence_only,low,TRUE,candidate_only,,,,,,,,FALSE,FALSE,FALSE,,,,,,,,,,,FALSE
Plague,Mustela eversmanii,77149,host,TRUE,TRUE,TRUE,FALSE,priority,Yersinia pestis,,,,Isolation/Observation,host_presence_only,low,TRUE,candidate_only,,,,,,,,FALSE,FALSE,FALSE,,,,,,,,,,,FALSE
Plague,Mustela nigripes,77151,host,TRUE,TRUE,TRUE,FALSE,priority,Yersinia pestis,mammalia,carnivora,mustelidae,Isolation/Observation,host_presence_only,low,TRUE,candidate_only,,,,,,,,FALSE,FALSE,FALSE,,,,,,,,,,,FALSE
Plague,Necromys lasiurus,30635,host,TRUE,TRUE,TRUE,FALSE,priority,Yersinia pestis,mammalia,rodentia,cricetidae,PCR/Sequencing,host_presence_only,low,TRUE,candidate_only,,,,,,,,FALSE,FALSE,FALSE,,,,,,,,,,,FALSE
Plague,Neodon fuscus,771787,host,TRUE,TRUE,TRUE,FALSE,priority,Yersinia pestis,mammalia,rodentia,cricetidae,Isolation/Observation,host_presence_only,low,TRUE,candidate_only,,,,,,,,FALSE,FALSE,FALSE,,,,,,,,,,,FALSE
Plague,Ochotona dauurica,130827,host,TRUE,TRUE,TRUE,FALSE,priority,Yersinia pestis,mammalia,lagomorpha,ochotonidae,Isolation/Observation,host_presence_only,low,TRUE,candidate_only,,,,,,,,FALSE,FALSE,FALSE,,,,,,,,,,,FALSE
Plague,Ochotona pallasi,130839,host,TRUE,TRUE,TRUE,FALSE,priority,Yersinia pestis,,,,Isolation/Observation,host_presence_only,low,TRUE,candidate_only,,,,,,,,FALSE,FALSE,FALSE,,,,,,,,,,,FALSE
Plague,Odocoileus hemionus,9872,host,TRUE,TRUE,TRUE,FALSE,priority,Yersinia pestis,mammalia,artiodactyla,cervidae,Isolation/Observation; Not specified,host_presence_only,low,TRUE,candidate_only,,,,,,,,FALSE,FALSE,FALSE,,,,,,,,,,,FALSE
Plague,Onychomys leucogaster,38668,host,TRUE,TRUE,TRUE,FALSE,priority,Yersinia pestis,mammalia,rodentia,cricetidae,Isolation/Observation,host_presence_only,low,TRUE,candidate_only,,,,,,,,FALSE,FALSE,FALSE,,,,,,,,,,,FALSE
Plague,Ovis aries,9940,host,TRUE,TRUE,TRUE,FALSE,priority,Yersinia pestis,mammalia,artiodactyla,bovidae,Isolation/Observation,host_presence_only,low,TRUE,candidate_only,,,,,,,,FALSE,FALSE,FALSE,,,,,,,,,,,FALSE
Plague,Procyon lotor,9654,host,TRUE,TRUE,TRUE,FALSE,priority,Yersinia pestis,mammalia,carnivora,procyonidae,Antibodies,host_presence_only,low,TRUE,candidate_only,,,,,,,,FALSE,FALSE,FALSE,,,,,,,,,,,FALSE
Plague,Pseudois nayaur,59542,host,TRUE,TRUE,TRUE,FALSE,priority,Yersinia pestis,mammalia,artiodactyla,bovidae,Isolation/Observation,host_presence_only,low,TRUE,candidate_only,,,,,,,,FALSE,FALSE,FALSE,,,,,,,,,,,FALSE
Plague,Puma concolor,9696,host,TRUE,TRUE,TRUE,FALSE,priority,Yersinia pestis,mammalia,carnivora,felidae,Antibodies; Isolation/Observation,host_presence_only,low,TRUE,candidate_only,,,,,,,,FALSE,FALSE,FALSE,,,,,,,,,,,FALSE
Plague,Rattus norvegicus,10116,host,TRUE,TRUE,TRUE,FALSE,priority,Yersinia pestis,mammalia,rodentia,muridae,Isolation/Observation; Not specified,host_presence_only,low,TRUE,candidate_only,,,,,,,,FALSE,FALSE,FALSE,,,,,,,,,,,FALSE
Plague,Rattus rattus,10117,host,TRUE,TRUE,TRUE,FALSE,priority,Yersinia pestis,mammalia,rodentia,muridae,Isolation/Observation; Not specified; PCR/Sequencing,host_presence_only,low,TRUE,candidate_only,,,,,,,,FALSE,FALSE,FALSE,,,,,,,,,,,FALSE
Plague,Rattus tanezumi,35732,host,TRUE,TRUE,TRUE,FALSE,priority,Yersinia pestis,mammalia,rodentia,muridae,Isolation/Observation,host_presence_only,low,TRUE,candidate_only,,,,,,,,FALSE,FALSE,FALSE,,,,,,,,,,,FALSE
Plague,Rhombomys opimus,186474,host,TRUE,TRUE,TRUE,FALSE,priority,Yersinia pestis,mammalia,rodentia,muridae,Isolation/Observation; Not specified,host_presence_only,low,TRUE,candidate_only,,,,,,,,FALSE,FALSE,FALSE,,,,,,,,,,,FALSE
Plague,Spermophilus alashanicus,99830,host,TRUE,TRUE,TRUE,FALSE,priority,Yersinia pestis,mammalia,rodentia,sciuridae,Isolation/Observation,host_presence_only,low,TRUE,candidate_only,,,,,,,,FALSE,FALSE,FALSE,,,,,,,,,,,FALSE
Plague,Spermophilus dauricus,99837,host,TRUE,TRUE,TRUE,FALSE,priority,Yersinia pestis,mammalia,rodentia,sciuridae,Isolation/Observation,host_presence_only,low,TRUE,candidate_only,,,,,,,,FALSE,FALSE,FALSE,,,,,,,,,,,FALSE
Plague,Urocitellus parryii,9999,host,TRUE,TRUE,TRUE,FALSE,priority,Yersinia pestis,mammalia,rodentia,sciuridae,Isolation/Observation,host_presence_only,low,TRUE,candidate_only,,,,,,,,FALSE,FALSE,FALSE,,,,,,,,,,,FALSE
Plague,Urocyon cinereoargenteus,55040,host,TRUE,TRUE,TRUE,FALSE,priority,Yersinia pestis,mammalia,carnivora,canidae,Antibodies; Isolation/Observation,host_presence_only,low,TRUE,candidate_only,,,,,,,,FALSE,FALSE,FALSE,,,,,,,,,,,FALSE
Plague,Ursus americanus,9643,host,TRUE,TRUE,TRUE,FALSE,priority,Yersinia pestis,mammalia,carnivora,ursidae,Antibodies; Isolation/Observation,host_presence_only,low,TRUE,candidate_only,,,,,,,,FALSE,FALSE,FALSE,,,,,,,,,,,FALSE
Plague,Vulpes vulpes,9627,host,TRUE,TRUE,TRUE,FALSE,priority,Yersinia pestis,mammalia,carnivora,canidae,Antibodies; Isolation/Observation,host_presence_only,low,TRUE,candidate_only,,,,,,,,FALSE,FALSE,FALSE,,,,,,,,,,,FALSE
Plague,bassariscus astutus,55047,host,TRUE,TRUE,TRUE,FALSE,priority,Yersinia pestis,,,,Antibodies,host_presence_only,low,TRUE,candidate_only,,,,,,,,FALSE,FALSE,FALSE,,,,,,,,,,,FALSE
Plague,canis latrans,9614,host,TRUE,TRUE,TRUE,FALSE,priority,Yersinia pestis,,,,Antibodies; Not specified,host_presence_only,low,TRUE,candidate_only,,,,,,,,FALSE,FALSE,FALSE,,,,,,,,,,,FALSE
Plague,lynx rufus,61384,host,TRUE,TRUE,TRUE,FALSE,priority,Yersinia pestis,,,,Antibodies,host_presence_only,low,TRUE,candidate_only,,,,,,,,FALSE,FALSE,FALSE,,,,,,,,,,,FALSE
Plague,martes americana,9660,host,TRUE,TRUE,TRUE,FALSE,priority,Yersinia pestis,,,,Antibodies,host_presence_only,low,TRUE,candidate_only,,,,,,,,FALSE,FALSE,FALSE,,,,,,,,,,,FALSE
Plague,mephitis mephitis,30548,host,TRUE,TRUE,TRUE,FALSE,priority,Yersinia pestis,,,,Antibodies,host_presence_only,low,TRUE,candidate_only,,,,,,,,FALSE,FALSE,FALSE,,,,,,,,,,,FALSE
Plague,mustela frenata,55048,host,TRUE,TRUE,TRUE,FALSE,priority,Yersinia pestis,,,,Antibodies,host_presence_only,low,TRUE,candidate_only,,,,,,,,FALSE,FALSE,FALSE,,,,,,,,,,,FALSE
Plague,neotoma fuscipes,105199,host,TRUE,TRUE,TRUE,FALSE,priority,Yersinia pestis,,,,Antibodies,host_presence_only,low,TRUE,candidate_only,,,,,,,,FALSE,FALSE,FALSE,,,,,,,,,,,FALSE
Plague,peromyscus maniculatus,10042,host,TRUE,TRUE,TRUE,FALSE,priority,Yersinia pestis,,,,Antibodies,host_presence_only,low,TRUE,candidate_only,,,,,,,,FALSE,FALSE,FALSE,,,,,,,,,,,FALSE
Plague,spilogale putorius,30552,host,TRUE,TRUE,TRUE,FALSE,priority,Yersinia pestis,,,,Antibodies,host_presence_only,low,TRUE,candidate_only,,,,,,,,FALSE,FALSE,FALSE,,,,,,,,,,,FALSE
Plague,taxidea taxus,30554,host,TRUE,TRUE,TRUE,FALSE,priority,Yersinia pestis,,,,Antibodies,host_presence_only,low,TRUE,candidate_only,,,,,,,,FALSE,FALSE,FALSE,,,,,,,,,,,FALSE
Plague,vulpes velox,9631,host,TRUE,TRUE,TRUE,FALSE,priority,Yersinia pestis,,,,Antibodies,host_presence_only,low,TRUE,candidate_only,,,,,,,,FALSE,FALSE,FALSE,,,,,,,,,,,FALSE
Rift Valley fever,aedes aedimorphus dentatus,,vector,TRUE,TRUE,TRUE,TRUE,prototype,Phlebovirus riftense,,,,,,,,,mosquito,infraspecific,aedes aedimorphus dentatus,,,,,TRUE,FALSE,TRUE,probable,review,lit_review,,,competent,yes,yes,,,FALSE
Rift Valley fever,aedes aedimorphus vexans arabiensis,,vector,TRUE,TRUE,TRUE,TRUE,prototype,Phlebovirus riftense,,,,,,,,,mosquito,infraspecific,aedes aedimorphus vexans arabiensis,,,,,TRUE,FALSE,TRUE,probable,review,lit_review,,,competent,yes,yes,maintenance_vector,,FALSE
Rift Valley fever,aedes aegypti,,vector,TRUE,TRUE,TRUE,TRUE,prototype,Phlebovirus riftense,,,,,,,,,mosquito,species,aedes aegypti,,,,,TRUE,TRUE,TRUE,probable,review,EFSA; lit_review,TRUE,blood_meal,mixed,mixed,yes,candidate_vector|primary_vector,field_detection_only|low_competence_or_efficiency|no_transmission_demonstrated,FALSE
Rift Valley fever,aedes africanus,,vector,TRUE,TRUE,TRUE,TRUE,prototype,Phlebovirus riftense,,,,,,,,,mosquito,species,aedes africanus,,,,,TRUE,TRUE,TRUE,weak,review,lit_review,TRUE,blood_meal,unclear,,yes,candidate_vector,,FALSE
Rift Valley fever,aedes albopictus,,vector,TRUE,TRUE,TRUE,TRUE,prototype,Phlebovirus riftense,,,,,,,,,mosquito,species,aedes albopictus,,,,,TRUE,TRUE,TRUE,probable,lab; review,EFSA; lit_review; lit_review,TRUE,blood_meal,competent,yes,,,,FALSE
Rift Valley fever,aedes atlanticus,,vector,TRUE,TRUE,TRUE,TRUE,prototype,Phlebovirus riftense,,,,,,,,,mosquito,species,aedes atlanticus,,,,,TRUE,TRUE,TRUE,candidate,review,lit_review,TRUE,blood_meal,competent,yes,,,,FALSE
Rift Valley fever,aedes calceatus,,vector,TRUE,TRUE,TRUE,TRUE,prototype,Phlebovirus riftense,,,,,,,,,mosquito,species,aedes calceatus,,,,,TRUE,FALSE,TRUE,weak,lab,lit_review,,,not_competent,no,,,no_transmission_demonstrated,FALSE
Rift Valley fever,aedes canadensis,,vector,TRUE,TRUE,TRUE,TRUE,prototype,Phlebovirus riftense,,,,,,,,,mosquito,species,aedes canadensis,,,,,TRUE,TRUE,TRUE,probable,review,lit_review,TRUE,blood_meal,competent,yes,,,,FALSE
Rift Valley fever,aedes cantator,,vector,TRUE,TRUE,TRUE,TRUE,prototype,Phlebovirus riftense,,,,,,,,,mosquito,species,aedes cantator,,,,,TRUE,TRUE,TRUE,candidate,review,lit_review,TRUE,blood_meal,competent,yes,,,,FALSE
Rift Valley fever,aedes caspius,,vector,TRUE,TRUE,TRUE,TRUE,prototype,Phlebovirus riftense,,,,,,,,,mosquito,species,aedes caspius,,,,,TRUE,TRUE,TRUE,probable,review,EFSA; lit_review,TRUE,blood_meal,competent,yes,,,,FALSE
Rift Valley fever,aedes circumluteolus,,vector,TRUE,TRUE,TRUE,TRUE,prototype,Phlebovirus riftense,,,,,,,,,mosquito,species,aedes circumluteolus,,,,,TRUE,FALSE,TRUE,confirmed; probable,review,lit_review,,,mixed,mixed,yes,maintenance_vector,field_detection_only|population_dependent,FALSE
Rift Valley fever,aedes detritus,,vector,TRUE,TRUE,TRUE,TRUE,prototype,Phlebovirus riftense,,,,,,,,,mosquito,species,aedes detritus,,,,,TRUE,TRUE,TRUE,probable,review,EFSA; lit_review,TRUE,blood_meal,competent,yes,,,,FALSE
Rift Valley fever,aedes durbanensis,,vector,TRUE,TRUE,TRUE,TRUE,prototype,Phlebovirus riftense,,,,,,,,,mosquito,species,aedes durbanensis,,,,,TRUE,FALSE,TRUE,candidate,review,EFSA; lit_review,,,unclear,,yes,,,FALSE
Rift Valley fever,aedes excrucians,,vector,TRUE,TRUE,TRUE,TRUE,prototype,Phlebovirus riftense,,,,,,,,,mosquito,species,aedes excrucians,,,,,TRUE,TRUE,TRUE,probable,review,lit_review,TRUE,blood_meal,competent,yes,,,,FALSE
Rift Valley fever,aedes japonicus japonicus,,vector,TRUE,TRUE,TRUE,TRUE,prototype,Phlebovirus riftense,,,,,,,,,mosquito,infraspecific,aedes japonicus japonicus,,,,,TRUE,FALSE,TRUE,probable,review,lit_review,,,competent,yes,,,,FALSE
Rift Valley fever,aedes mcintoshi,,vector,TRUE,TRUE,TRUE,TRUE,prototype,Phlebovirus riftense,,,,,,,,,mosquito,species,aedes mcintoshi,enzootic_maintenance_vector,medium,TRUE,draft_source_backed,TRUE,TRUE,TRUE,confirmed; probable,review,lit_review,TRUE,blood_meal,mixed,mixed,yes,maintenance_vector,field_detection_only|population_dependent,FALSE
Rift Valley fever,aedes melanimon,,vector,TRUE,TRUE,TRUE,TRUE,prototype,Phlebovirus riftense,,,,,,,,,mosquito,species,aedes melanimon,,,,,TRUE,TRUE,FALSE,candidate,efsa_appendix_g,EFSA,FALSE,,,,,,,FALSE
Rift Valley fever,aedes ochraceus,,vector,TRUE,TRUE,TRUE,TRUE,prototype,Phlebovirus riftense,,,,,,,,,mosquito,species,aedes ochraceus,,,,,TRUE,TRUE,TRUE,probable,review,lit_review,TRUE,blood_meal,unclear,,yes,,field_detection_only,FALSE
Rift Valley fever,aedes palpalis,,vector,TRUE,TRUE,TRUE,TRUE,prototype,Phlebovirus riftense,,,,,,,,,mosquito,species,aedes palpalis,,,,,TRUE,FALSE,TRUE,probable,lab,lit_review,,,competent,yes,,,,FALSE
Rift Valley fever,aedes palpalis group,,vector,TRUE,TRUE,TRUE,TRUE,prototype,Phlebovirus riftense,,,,,,,,,mosquito,group,aedes palpalis group,,,,,TRUE,FALSE,TRUE,weak,review,lit_review,,,mixed,mixed,yes,,mixed_or_debated_evidence,FALSE
Rift Valley fever,aedes pembaensis,,vector,TRUE,TRUE,TRUE,TRUE,prototype,Phlebovirus riftense,,,,,,,,,mosquito,species,aedes pembaensis,,,,,TRUE,FALSE,TRUE,probable,review,lit_review,,,unclear,,yes,,field_detection_only,FALSE
Rift Valley fever,aedes sollicitans,,vector,TRUE,TRUE,TRUE,TRUE,prototype,Phlebovirus riftense,,,,,,,,,mosquito,species,aedes sollicitans,,,,,TRUE,TRUE,TRUE,probable,review,lit_review,TRUE,blood_meal,competent,yes,,,,FALSE
Rift Valley fever,aedes spp,,vector,TRUE,TRUE,TRUE,TRUE,prototype,Phlebovirus riftense,,,,,,,,,mosquito,genus_only,aedes spp,enzootic_maintenance_vector,high,TRUE,draft_source_backed,TRUE,FALSE,TRUE,candidate,review,lit_review,,,unclear,,yes,,taxon_level_not_specific,FALSE
Rift Valley fever,aedes sudanensis,,vector,TRUE,TRUE,TRUE,TRUE,prototype,Phlebovirus riftense,,,,,,,,,mosquito,species,aedes sudanensis,,,,,TRUE,TRUE,TRUE,candidate,review,lit_review,TRUE,blood_meal,unclear,,yes,,,FALSE
Rift Valley fever,aedes taeniorhynchus,,vector,TRUE,TRUE,TRUE,TRUE,prototype,Phlebovirus riftense,,,,,,,,,mosquito,species,aedes taeniorhynchus,,,,,TRUE,TRUE,TRUE,candidate,review,lit_review,TRUE,blood_meal,competent,yes,yes,,temperature_dependent,FALSE
Rift Valley fever,aedes triseriatus,,vector,TRUE,TRUE,TRUE,TRUE,prototype,Phlebovirus riftense,,,,,,,,,mosquito,species,aedes triseriatus,,,,,TRUE,TRUE,TRUE,probable,review,lit_review,TRUE,blood_meal,competent,yes,,,,FALSE
Rift Valley fever,aedes vexans,,vector,TRUE,TRUE,TRUE,TRUE,prototype,Phlebovirus riftense,,,,,,,,,mosquito,species,aedes vexans,,,,,TRUE,TRUE,TRUE,probable,field+lab,EFSA; lit_review,TRUE,blood_meal,competent,yes,,,low_competence_or_efficiency|population_dependent,FALSE
Rift Valley fever,aedes vexans meigen,,vector,TRUE,TRUE,TRUE,TRUE,prototype,Phlebovirus riftense,,,,,,,,,mosquito,infraspecific,aedes vexans meigen,,,,,TRUE,FALSE,TRUE,probable,field+lab,lit_review,,,mixed,mixed,,,strain_dependent,FALSE
Rift Valley fever,amblyomma variegatum,,vector,TRUE,TRUE,TRUE,TRUE,prototype,Phlebovirus riftense,,,,,,,,,tick,species,amblyomma variegatum,,,,,TRUE,TRUE,TRUE,weak,review,lit_review,TRUE,on_host_occurrence,unclear,,yes,,field_detection_only,FALSE
Rift Valley fever,anopheles bradleyi crucians,,vector,TRUE,TRUE,TRUE,TRUE,prototype,Phlebovirus riftense,,,,,,,,,mosquito,infraspecific,anopheles bradleyi crucians,,,,,TRUE,FALSE,TRUE,weak,review,lit_review,,,unclear,,,,low_competence_or_efficiency,FALSE
Rift Valley fever,anopheles coustani,,vector,TRUE,TRUE,TRUE,TRUE,prototype,Phlebovirus riftense,,,,,,,,,mosquito,species,anopheles coustani,,,,,TRUE,TRUE,TRUE,candidate,review,EFSA; lit_review,TRUE,blood_meal,unclear,,yes,candidate_vector,field_detection_only|mixed_or_debated_evidence,FALSE
Rift Valley fever,anopheles funestus,,vector,TRUE,TRUE,TRUE,TRUE,prototype,Phlebovirus riftense,,,,,,,,,mosquito,species,anopheles funestus,,,,,TRUE,TRUE,TRUE,weak,review,lit_review,TRUE,blood_meal,unclear,,yes,candidate_vector,,FALSE
Rift Valley fever,anopheles gambiae,,vector,TRUE,TRUE,TRUE,TRUE,prototype,Phlebovirus riftense,,,,,,,,,mosquito,species,anopheles gambiae,,,,,TRUE,TRUE,TRUE,candidate,review,lit_review,TRUE,blood_meal,unclear,,yes,,,FALSE
Rift Valley fever,anopheles gambiae arabiensis,,vector,TRUE,TRUE,TRUE,TRUE,prototype,Phlebovirus riftense,,,,,,,,,mosquito,infraspecific,anopheles gambiae arabiensis,,,,,TRUE,FALSE,TRUE,candidate,review,lit_review,,,unclear,,yes,,field_detection_only,FALSE
Rift Valley fever,anopheles gambiae sensu lato,,vector,TRUE,TRUE,TRUE,TRUE,prototype,Phlebovirus riftense,,,,,,,,,mosquito,sensu_lato,anopheles gambiae sensu lato,,,,,TRUE,FALSE,TRUE,candidate,field,lit_review,,,unclear,,yes,,field_detection_only,FALSE
Rift Valley fever,anopheles pharoensis,,vector,TRUE,TRUE,TRUE,TRUE,prototype,Phlebovirus riftense,,,,,,,,,mosquito,species,anopheles pharoensis,,,,,TRUE,TRUE,TRUE,candidate,review,lit_review,TRUE,blood_meal,unclear,,yes,,,FALSE
Rift Valley fever,anopheles rufipes,,vector,TRUE,TRUE,TRUE,TRUE,prototype,Phlebovirus riftense,,,,,,,,,mosquito,species,anopheles rufipes,,,,,TRUE,TRUE,TRUE,weak,review,lit_review,TRUE,blood_meal,unclear,,yes,candidate_vector,,FALSE
Rift Valley fever,anopheles spp,,vector,TRUE,TRUE,TRUE,TRUE,prototype,Phlebovirus riftense,,,,,,,,,mosquito,genus_only,anopheles spp,mechanical_vector,medium,TRUE,draft_needs_review,TRUE,FALSE,TRUE,candidate,review,lit_review,,,unclear,,yes,,taxon_level_not_specific,FALSE
Rift Valley fever,anopheles squamosus,,vector,TRUE,TRUE,TRUE,TRUE,prototype,Phlebovirus riftense,,,,,,,,,mosquito,species,anopheles squamosus,,,,,TRUE,TRUE,TRUE,probable,review,lit_review,TRUE,blood_meal,unclear,,yes,candidate_vector,field_detection_only,FALSE
Rift Valley fever,anopheles ziemanni,,vector,TRUE,TRUE,TRUE,TRUE,prototype,Phlebovirus riftense,,,,,,,,,mosquito,species,anopheles ziemanni,,,,,TRUE,FALSE,TRUE,candidate,field,lit_review,,,unclear,,yes,,field_detection_only,FALSE
Rift Valley fever,coquillettidia perturbans,,vector,TRUE,TRUE,TRUE,TRUE,prototype,Phlebovirus riftense,,,,,,,,,mosquito,species,coquillettidia perturbans,,,,,TRUE,TRUE,TRUE,probable,review,lit_review,TRUE,blood_meal,competent,yes,,,,FALSE
Rift Valley fever,culex annulioris,,vector,TRUE,TRUE,TRUE,TRUE,prototype,Phlebovirus riftense,,,,,,,,,mosquito,species,culex annulioris,,,,,TRUE,TRUE,TRUE,weak,review,lit_review,TRUE,blood_meal,unclear,,yes,candidate_vector,,FALSE
Rift Valley fever,culex antennatus,,vector,TRUE,TRUE,TRUE,TRUE,prototype,Phlebovirus riftense,,,,,,,,,mosquito,species,culex antennatus,,,,,TRUE,TRUE,TRUE,candidate; confirmed,review,EFSA; lit_review; lit_review,TRUE,blood_meal,competent,yes,yes,primary_vector,low_competence_or_efficiency,FALSE
Rift Valley fever,culex bitaeniorhynchus,,vector,TRUE,TRUE,TRUE,TRUE,prototype,Phlebovirus riftense,,,,,,,,,mosquito,species,culex bitaeniorhynchus,,,,,TRUE,TRUE,TRUE,probable,review,lit_review,TRUE,blood_meal,unclear,,yes,,field_detection_only,FALSE
Rift Valley fever,culex erraticus,,vector,TRUE,TRUE,TRUE,TRUE,prototype,Phlebovirus riftense,,,,,,,,,mosquito,species,culex erraticus,,,,,TRUE,TRUE,TRUE,candidate,efsa_appendix_g,EFSA; lit_review,TRUE,blood_meal,unclear,,,,low_competence_or_efficiency,FALSE
Rift Valley fever,culex erythrothorax,,vector,TRUE,TRUE,TRUE,TRUE,prototype,Phlebovirus riftense,,,,,,,,,mosquito,species,culex erythrothorax,,,,,TRUE,FALSE,TRUE,candidate,efsa_appendix_g,EFSA; lit_review,FALSE,,unclear,,,,low_competence_or_efficiency,FALSE
Rift Valley fever,culex neavei,,vector,TRUE,TRUE,TRUE,TRUE,prototype,Phlebovirus riftense,,,,,,,,,mosquito,species,culex neavei,,,,,TRUE,TRUE,TRUE,candidate,review,lit_review,TRUE,blood_meal,unclear,,yes,,limited_or_indirect_support,FALSE
Rift Valley fever,culex nigripalpus,,vector,TRUE,TRUE,TRUE,TRUE,prototype,Phlebovirus riftense,,,,,,,,,mosquito,species,culex nigripalpus,,,,,TRUE,TRUE,TRUE,candidate,efsa_appendix_g,EFSA; lit_review,TRUE,blood_meal,not_competent,no,,,low_competence_or_efficiency,FALSE
Rift Valley fever,culex pipiens,,vector,TRUE,TRUE,TRUE,TRUE,prototype,Phlebovirus riftense,,,,,,,,,mosquito,species,culex pipiens,,,,,TRUE,TRUE,TRUE,confirmed; probable,review,EFSA; lit_review; lit_review,TRUE,blood_meal,mixed,mixed,yes,candidate_vector|primary_vector,population_dependent|temperature_dependent,FALSE
Rift Valley fever,culex pipiens biotype molestus,,vector,TRUE,TRUE,TRUE,TRUE,prototype,Phlebovirus riftense,,,,,,,,,mosquito,infraspecific,culex pipiens biotype molestus,,,,,TRUE,FALSE,FALSE,candidate,efsa_appendix_g,EFSA,,,,,,,,FALSE
Rift Valley fever,culex pipiens biotype pipiens,,vector,TRUE,TRUE,TRUE,TRUE,prototype,Phlebovirus riftense,,,,,,,,,mosquito,infraspecific,culex pipiens biotype pipiens,,,,,TRUE,FALSE,FALSE,candidate,efsa_appendix_g,EFSA,,,,,,,,FALSE
Rift Valley fever,culex pipiens biotype pipiens x biotype molestus,,vector,TRUE,TRUE,TRUE,TRUE,prototype,Phlebovirus riftense,,,,,,,,,mosquito,hybrid,culex pipiens biotype pipiens x biotype molestus,,,,,TRUE,FALSE,FALSE,candidate,efsa_appendix_g,EFSA,,,,,,,,FALSE
Rift Valley fever,culex pipiens complex,,vector,TRUE,TRUE,TRUE,TRUE,prototype,Phlebovirus riftense,,,,,,,,,mosquito,complex,culex pipiens complex,,,,,TRUE,FALSE,TRUE,candidate,field,lit_review,,,unclear,,yes,,field_detection_only,FALSE
Rift Valley fever,culex pipiens form molestus,,vector,TRUE,TRUE,TRUE,TRUE,prototype,Phlebovirus riftense,,,,,,,,,mosquito,infraspecific,culex pipiens form molestus,,,,,TRUE,FALSE,TRUE,weak,lab,lit_review,,,not_competent,no,,,,FALSE
Rift Valley fever,culex pipiens hybrid form,,vector,TRUE,TRUE,TRUE,TRUE,prototype,Phlebovirus riftense,,,,,,,,,mosquito,infraspecific,culex pipiens hybrid form,,,,,TRUE,FALSE,TRUE,probable,lab,lit_review,,,competent,yes,,,,FALSE
Rift Valley fever,culex pipiens s l,,vector,TRUE,TRUE,TRUE,TRUE,prototype,Phlebovirus riftense,,,,,,,,,mosquito,sensu_lato,culex pipiens s l,,,,,TRUE,FALSE,FALSE,candidate,efsa_appendix_g,EFSA,,,,,,,,FALSE
Rift Valley fever,culex poicilipes,,vector,TRUE,TRUE,TRUE,TRUE,prototype,Phlebovirus riftense,,,,,,,,,mosquito,species,culex poicilipes,epidemic_vector,medium,TRUE,draft_source_backed,TRUE,TRUE,TRUE,confirmed; probable,review,EFSA; lit_review; lit_review,TRUE,blood_meal,competent,yes,yes,candidate_vector,field_detection_only|mixed_or_debated_evidence,FALSE
Rift Valley fever,culex poicilipes theobald,,vector,TRUE,TRUE,TRUE,TRUE,prototype,Phlebovirus riftense,,,,,,,,,mosquito,infraspecific,culex poicilipes theobald,,,,,TRUE,FALSE,TRUE,confirmed,field+lab,lit_review,,,mixed,mixed,,,strain_dependent,FALSE
Rift Valley fever,culex quinquefasciatus,,vector,TRUE,TRUE,TRUE,TRUE,prototype,Phlebovirus riftense,,,,,,,,,mosquito,species,culex quinquefasciatus,,,,,TRUE,TRUE,TRUE,probable,review,EFSA; lit_review,TRUE,blood_meal,not_competent,no,yes,candidate_vector,field_detection_only|low_competence_or_efficiency|no_transmission_demonstrated,FALSE
Rift Valley fever,culex quinquefasciatus say,,vector,TRUE,TRUE,TRUE,TRUE,prototype,Phlebovirus riftense,,,,,,,,,mosquito,infraspecific,culex quinquefasciatus say,,,,,TRUE,FALSE,TRUE,candidate,lab,lit_review,,,mixed,mixed,,,strain_dependent,FALSE
Rift Valley fever,culex salinarius,,vector,TRUE,TRUE,TRUE,TRUE,prototype,Phlebovirus riftense,,,,,,,,,mosquito,species,culex salinarius,,,,,TRUE,TRUE,TRUE,candidate,review,lit_review,TRUE,blood_meal,competent,yes,,,,FALSE
Rift Valley fever,culex spp,,vector,TRUE,TRUE,TRUE,TRUE,prototype,Phlebovirus riftense,,,,,,,,,mosquito,genus_only,culex spp,mechanical_vector,medium,TRUE,draft_needs_review,TRUE,FALSE,TRUE,candidate,review,lit_review,,,unclear,,yes,,taxon_level_not_specific,FALSE
Rift Valley fever,culex tarsalis,,vector,TRUE,TRUE,TRUE,TRUE,prototype,Phlebovirus riftense,,,,,,,,,mosquito,species,culex tarsalis,,,,,TRUE,TRUE,TRUE,probable,review,EFSA; lit_review,TRUE,blood_meal,competent,yes,,,,FALSE
Rift Valley fever,culex territans,,vector,TRUE,TRUE,TRUE,TRUE,prototype,Phlebovirus riftense,,,,,,,,,mosquito,species,culex territans,,,,,TRUE,TRUE,TRUE,candidate,review,lit_review,FALSE,,unclear,,,,,FALSE
Rift Valley fever,culex theileri,,vector,TRUE,TRUE,TRUE,TRUE,prototype,Phlebovirus riftense,,,,,,,,,mosquito,species,culex theileri,,,,,TRUE,TRUE,TRUE,candidate; probable,review,lit_review,TRUE,blood_meal,competent,yes,yes,,,FALSE
Rift Valley fever,culex tritaeniorhynchus,,vector,TRUE,TRUE,TRUE,TRUE,prototype,Phlebovirus riftense,,,,,,,,,mosquito,species,culex tritaeniorhynchus,,,,,TRUE,TRUE,TRUE,candidate; probable,review,EFSA; lit_review; lit_review,TRUE,blood_meal,competent,yes,yes,candidate_vector,,FALSE
Rift Valley fever,culex univittatus,,vector,TRUE,TRUE,TRUE,TRUE,prototype,Phlebovirus riftense,,,,,,,,,mosquito,species,culex univittatus,,,,,TRUE,TRUE,TRUE,probable,review,lit_review,TRUE,blood_meal,unclear,,yes,candidate_vector,field_detection_only,FALSE
Rift Valley fever,culex zombaensis,,vector,TRUE,TRUE,TRUE,TRUE,prototype,Phlebovirus riftense,,,,,,,,,mosquito,species,culex zombaensis,,,,,TRUE,FALSE,TRUE,candidate,efsa_appendix_g; review,EFSA; lit_review,,,unclear,,yes,,limited_or_indirect_support,FALSE
Rift Valley fever,culiseta inornata,,vector,TRUE,TRUE,TRUE,TRUE,prototype,Phlebovirus riftense,,,,,,,,,mosquito,species,culiseta inornata,,,,,TRUE,TRUE,FALSE,candidate,efsa_appendix_g,EFSA,TRUE,blood_meal,,,,,,FALSE
Rift Valley fever,eretmapodites chrysogaster sensu lato,,vector,TRUE,TRUE,TRUE,TRUE,prototype,Phlebovirus riftense,,,,,,,,,mosquito,sensu_lato,eretmapodites chrysogaster sensu lato,,,,,TRUE,FALSE,TRUE,weak,review,lit_review,,,unclear,,yes,,limited_or_indirect_support,FALSE
Rift Valley fever,eretmapodites quinquevittatus,,vector,TRUE,TRUE,TRUE,TRUE,prototype,Phlebovirus riftense,,,,,,,,,mosquito,species,eretmapodites quinquevittatus,,,,,TRUE,FALSE,TRUE,candidate,review,lit_review,,,unclear,,yes,candidate_vector,mixed_or_debated_evidence,FALSE
Rift Valley fever,mansonia africana,,vector,TRUE,TRUE,TRUE,TRUE,prototype,Phlebovirus riftense,,,,,,,,,mosquito,species,mansonia africana,,,,,TRUE,TRUE,TRUE,probable,review,lit_review,TRUE,blood_meal,unclear,,yes,candidate_vector,field_detection_only,FALSE
Rift Valley fever,mansonia dyari,,vector,TRUE,TRUE,TRUE,TRUE,prototype,Phlebovirus riftense,,,,,,,,,mosquito,species,mansonia dyari,,,,,TRUE,FALSE,TRUE,candidate,review,lit_review,,,competent,yes,,,,FALSE
Rift Valley fever,mansonia uniformis,,vector,TRUE,TRUE,TRUE,TRUE,prototype,Phlebovirus riftense,,,,,,,,,mosquito,infraspecific,mansonia uniformis,,,,,TRUE,TRUE,TRUE,probable,review,lit_review,TRUE,blood_meal,unclear,,yes,candidate_vector,field_detection_only,TRUE
Rift Valley fever,ochlerotatus caballus,,vector,TRUE,TRUE,TRUE,TRUE,prototype,Phlebovirus riftense,,,,,,,,,mosquito,species,ochlerotatus caballus,,,,,TRUE,FALSE,TRUE,weak,review,lit_review,,,unclear,,yes,,,FALSE
Rift Valley fever,ochlerotatus juppi,,vector,TRUE,TRUE,TRUE,TRUE,prototype,Phlebovirus riftense,,,,,,,,,mosquito,species,ochlerotatus juppi,,,,,TRUE,FALSE,TRUE,weak,review,lit_review,,,unclear,,yes,,limited_or_indirect_support,FALSE
Rift Valley fever,psorophora ferox,,vector,TRUE,TRUE,TRUE,TRUE,prototype,Phlebovirus riftense,,,,,,,,,mosquito,species,psorophora ferox,,,,,TRUE,TRUE,TRUE,probable,review,lit_review,TRUE,blood_meal,competent,yes,,,,FALSE
Rift Valley fever,rhipicephalus appendiculatus,,vector,TRUE,TRUE,TRUE,TRUE,prototype,Phlebovirus riftense,,,,,,,,,tick,species,rhipicephalus appendiculatus,,,,,TRUE,TRUE,TRUE,weak,review,lit_review,TRUE,on_host_occurrence,unclear,,yes,,,FALSE
Rift Valley fever,Acinonyx jubatus,32536,host,TRUE,TRUE,TRUE,TRUE,prototype,Phlebovirus riftense,mammalia,carnivora,felidae,Antibodies,host_presence_only,low,TRUE,candidate_only,,,,,,,,FALSE,FALSE,FALSE,,,,,,,,,,,FALSE
Rift Valley fever,Antidorcas marsupialis,59523,host,TRUE,TRUE,TRUE,TRUE,prototype,Phlebovirus riftense,mammalia,artiodactyla,bovidae,PCR/Sequencing,host_presence_only,low,TRUE,candidate_only,,,,,,,,FALSE,FALSE,FALSE,,,,,,,,,,,FALSE
Rift Valley fever,Arvicanthis niloticus,61156,host,TRUE,TRUE,TRUE,TRUE,prototype,Phlebovirus riftense,mammalia,rodentia,muridae,Antibodies,host_presence_only,low,TRUE,candidate_only,,,,,,,,FALSE,FALSE,FALSE,,,,,,,,,,,FALSE
Rift Valley fever,Bos taurus,9913,host,TRUE,TRUE,TRUE,TRUE,prototype,Phlebovirus riftense,mammalia,artiodactyla,bovidae,Isolation/Observation; Not specified; PCR/Sequencing,amplifying_host,medium,TRUE,draft_source_backed,,,,,,,,FALSE,FALSE,FALSE,,,,,,,,,,,FALSE
Rift Valley fever,Bubalus bubalis,89462,host,TRUE,TRUE,TRUE,TRUE,prototype,Phlebovirus riftense,mammalia,artiodactyla,bovidae,Isolation/Observation; PCR/Sequencing,host_presence_only,low,TRUE,candidate_only,,,,,,,,FALSE,FALSE,FALSE,,,,,,,,,,,FALSE
Rift Valley fever,Camelus dromedarius,9838,host,TRUE,TRUE,TRUE,TRUE,prototype,Phlebovirus riftense,mammalia,artiodactyla,camelidae,Antibodies; Isolation/Observation; PCR/Sequencing,host_presence_only,low,TRUE,candidate_only,,,,,,,,FALSE,FALSE,FALSE,,,,,,,,,,,FALSE
Rift Valley fever,Canis mesomelas,68725,host,TRUE,TRUE,TRUE,TRUE,prototype,Phlebovirus riftense,,,,Antibodies,host_presence_only,low,TRUE,candidate_only,,,,,,,,FALSE,FALSE,FALSE,,,,,,,,,,,FALSE
Rift Valley fever,Capra hircus,9925,host,TRUE,TRUE,TRUE,TRUE,prototype,Phlebovirus riftense,mammalia,artiodactyla,bovidae,Isolation/Observation; Not specified; PCR/Sequencing,amplifying_host,high,TRUE,draft_source_backed,,,,,,,,FALSE,FALSE,FALSE,,,,,,,,,,,FALSE
Rift Valley fever,Cephalophus callipygus,129223,host,TRUE,TRUE,TRUE,TRUE,prototype,Phlebovirus riftense,,,,PCR/Sequencing,host_presence_only,low,TRUE,candidate_only,,,,,,,,FALSE,FALSE,FALSE,,,,,,,,,,,FALSE
Rift Valley fever,Ceratotherium simum,9807,host,TRUE,TRUE,TRUE,TRUE,prototype,Phlebovirus riftense,mammalia,perissodactyla,rhinocerotidae,Antibodies,host_presence_only,low,TRUE,candidate_only,,,,,,,,FALSE,FALSE,FALSE,,,,,,,,,,,FALSE
Rift Valley fever,Epomophorus pusillus,2853157,host,TRUE,TRUE,TRUE,TRUE,prototype,Phlebovirus riftense,mammalia,chiroptera,pteropodidae,Isolation/Observation; PCR/Sequencing,host_presence_only,low,TRUE,candidate_only,,,,,,,,FALSE,FALSE,FALSE,,,,,,,,,,,FALSE
Rift Valley fever,Epomops franqueti,77231,host,TRUE,TRUE,TRUE,TRUE,prototype,Phlebovirus riftense,mammalia,chiroptera,pteropodidae,Isolation/Observation,host_presence_only,low,TRUE,candidate_only,,,,,,,,FALSE,FALSE,FALSE,,,,,,,,,,,FALSE
Rift Valley fever,Equus caballus,9796,host,TRUE,TRUE,TRUE,TRUE,prototype,Phlebovirus riftense,mammalia,perissodactyla,equidae,Antibodies,host_presence_only,low,TRUE,candidate_only,,,,,,,,FALSE,FALSE,FALSE,,,,,,,,,,,FALSE
Rift Valley fever,Glauconycteris argentata,909367,host,TRUE,TRUE,TRUE,TRUE,prototype,Phlebovirus riftense,mammalia,chiroptera,vespertilionidae,Isolation/Observation,host_presence_only,low,TRUE,candidate_only,,,,,,,,FALSE,FALSE,FALSE,,,,,,,,,,,FALSE
Rift Valley fever,Hipposideros abae,249020,host,TRUE,TRUE,TRUE,TRUE,prototype,Phlebovirus riftense,mammalia,chiroptera,hipposideridae,Isolation/Observation,host_presence_only,low,TRUE,candidate_only,,,,,,,,FALSE,FALSE,FALSE,,,,,,,,,,,FALSE
Rift Valley fever,Hipposideros caffer,302402,host,TRUE,TRUE,TRUE,TRUE,prototype,Phlebovirus riftense,mammalia,chiroptera,hipposideridae,Isolation/Observation; PCR/Sequencing,host_presence_only,low,TRUE,candidate_only,,,,,,,,FALSE,FALSE,FALSE,,,,,,,,,,,FALSE
Rift Valley fever,Homo sapiens,9606,host,TRUE,TRUE,TRUE,TRUE,prototype,Phlebovirus riftense,,,,Isolation/Observation; Not specified; PCR/Sequencing,incidental_host,high,FALSE,draft_source_backed,,,,,,,,FALSE,FALSE,FALSE,,,,,,,,,,,FALSE
Rift Valley fever,Lycaon pictus,9622,host,TRUE,TRUE,TRUE,TRUE,prototype,Phlebovirus riftense,mammalia,carnivora,canidae,Antibodies,host_presence_only,low,TRUE,candidate_only,,,,,,,,FALSE,FALSE,FALSE,,,,,,,,,,,FALSE
Rift Valley fever,Mastomys erythroleucus,41268,host,TRUE,TRUE,TRUE,TRUE,prototype,Phlebovirus riftense,mammalia,rodentia,muridae,Antibodies,host_presence_only,low,TRUE,candidate_only,,,,,,,,FALSE,FALSE,FALSE,,,,,,,,,,,FALSE
Rift Valley fever,Mastomys huberti,121569,host,TRUE,TRUE,TRUE,TRUE,prototype,Phlebovirus riftense,mammalia,rodentia,muridae,Antibodies,host_presence_only,low,TRUE,candidate_only,,,,,,,,FALSE,FALSE,FALSE,,,,,,,,,,,FALSE
Rift Valley fever,Mastomys natalensis,10112,host,TRUE,TRUE,TRUE,TRUE,prototype,Phlebovirus riftense,mammalia,rodentia,muridae,Antibodies,host_presence_only,low,TRUE,candidate_only,,,,,,,,FALSE,FALSE,FALSE,,,,,,,,,,,FALSE
Rift Valley fever,Miniopterus schreibersii,9433,host,TRUE,TRUE,TRUE,TRUE,prototype,Phlebovirus riftense,mammalia,chiroptera,miniopteridae,Isolation/Observation,host_presence_only,low,TRUE,candidate_only,,,,,,,,FALSE,FALSE,FALSE,,,,,,,,,,,FALSE
Rift Valley fever,Ovis aries,9940,host,TRUE,TRUE,TRUE,TRUE,prototype,Phlebovirus riftense,mammalia,artiodactyla,bovidae,Isolation/Observation; Not specified; PCR/Sequencing,amplifying_host,high,TRUE,draft_source_backed,,,,,,,,FALSE,FALSE,FALSE,,,,,,,,,,,FALSE
Rift Valley fever,Panthera leo,9689,host,TRUE,TRUE,TRUE,TRUE,prototype,Phlebovirus riftense,mammalia,carnivora,felidae,Antibodies,host_presence_only,low,TRUE,candidate_only,,,,,,,,FALSE,FALSE,FALSE,,,,,,,,,,,FALSE
Rift Valley fever,Philantomba monticola,907742,host,TRUE,TRUE,TRUE,TRUE,prototype,Phlebovirus riftense,mammalia,artiodactyla,bovidae,PCR/Sequencing,host_presence_only,low,TRUE,candidate_only,,,,,,,,FALSE,FALSE,FALSE,,,,,,,,,,,FALSE
Rift Valley fever,Rattus rattus,10117,host,TRUE,TRUE,TRUE,TRUE,prototype,Phlebovirus riftense,mammalia,rodentia,muridae,Antibodies; Isolation/Observation; Not specified,host_presence_only,low,TRUE,candidate_only,,,,,,,,FALSE,FALSE,FALSE,,,,,,,,,,,FALSE
Rift Valley fever,Syncerus caffer,9970,host,TRUE,TRUE,TRUE,TRUE,prototype,Phlebovirus riftense,mammalia,artiodactyla,bovidae,Antibodies; Isolation/Observation; PCR/Sequencing,host_presence_only,low,TRUE,candidate_only,,,,,,,,FALSE,FALSE,FALSE,,,,,,,,,,,FALSE
Rift Valley fever,acomys cahirinus,10068,host,TRUE,TRUE,TRUE,TRUE,prototype,Phlebovirus riftense,,,,Antibodies,host_presence_only,low,TRUE,candidate_only,,,,,,,,FALSE,FALSE,FALSE,,,,,,,,,,,FALSE
Rift Valley fever,aepyceros melampus,9897,host,TRUE,TRUE,TRUE,TRUE,prototype,Phlebovirus riftense,,,,Antibodies,host_presence_only,low,TRUE,candidate_only,,,,,,,,FALSE,FALSE,FALSE,,,,,,,,,,,FALSE
Rift Valley fever,connochaetes taurinus,9927,host,TRUE,TRUE,TRUE,TRUE,prototype,Phlebovirus riftense,,,,Antibodies,host_presence_only,low,TRUE,candidate_only,,,,,,,,FALSE,FALSE,FALSE,,,,,,,,,,,FALSE
Rift Valley fever,diceros bicornis,9805,host,TRUE,TRUE,TRUE,TRUE,prototype,Phlebovirus riftense,,,,Antibodies,host_presence_only,low,TRUE,candidate_only,,,,,,,,FALSE,FALSE,FALSE,,,,,,,,,,,FALSE
Rift Valley fever,equus quagga,89252,host,TRUE,TRUE,TRUE,TRUE,prototype,Phlebovirus riftense,,,,Antibodies,host_presence_only,low,TRUE,candidate_only,,,,,,,,FALSE,FALSE,FALSE,,,,,,,,,,,FALSE
Rift Valley fever,giraffa camelopardalis,9894,host,TRUE,TRUE,TRUE,TRUE,prototype,Phlebovirus riftense,,,,Antibodies,host_presence_only,low,TRUE,candidate_only,,,,,,,,FALSE,FALSE,FALSE,,,,,,,,,,,FALSE
Rift Valley fever,hippotragus niger,37189,host,TRUE,TRUE,TRUE,TRUE,prototype,Phlebovirus riftense,,,,Antibodies,host_presence_only,low,TRUE,candidate_only,,,,,,,,FALSE,FALSE,FALSE,,,,,,,,,,,FALSE
Rift Valley fever,kobus ellipsiprymnus,9962,host,TRUE,TRUE,TRUE,TRUE,prototype,Phlebovirus riftense,,,,Antibodies,host_presence_only,low,TRUE,candidate_only,,,,,,,,FALSE,FALSE,FALSE,,,,,,,,,,,FALSE
Rift Valley fever,litocranius walleri,69311,host,TRUE,TRUE,TRUE,TRUE,prototype,Phlebovirus riftense,,,,Antibodies,host_presence_only,low,TRUE,candidate_only,,,,,,,,FALSE,FALSE,FALSE,,,,,,,,,,,FALSE
Rift Valley fever,loxodonta africana,9785,host,TRUE,TRUE,TRUE,TRUE,prototype,Phlebovirus riftense,,,,Antibodies,host_presence_only,low,TRUE,candidate_only,,,,,,,,FALSE,FALSE,FALSE,,,,,,,,,,,FALSE
Rift Valley fever,meriones crassus,298887,host,TRUE,TRUE,TRUE,TRUE,prototype,Phlebovirus riftense,,,,Antibodies,host_presence_only,low,TRUE,candidate_only,,,,,,,,FALSE,FALSE,FALSE,,,,,,,,,,,FALSE
Rift Valley fever,micaelamys namaquensis,472707,host,TRUE,TRUE,TRUE,TRUE,prototype,Phlebovirus riftense,,,,Antibodies,host_presence_only,low,TRUE,candidate_only,,,,,,,,FALSE,FALSE,FALSE,,,,,,,,,,,FALSE
Rift Valley fever,phacochoerus aethiopicus,85517,host,TRUE,TRUE,TRUE,TRUE,prototype,Phlebovirus riftense,,,,Antibodies,host_presence_only,low,TRUE,candidate_only,,,,,,,,FALSE,FALSE,FALSE,,,,,,,,,,,FALSE
Rift Valley fever,tragelaphus strepsiceros,9946,host,TRUE,TRUE,TRUE,TRUE,prototype,Phlebovirus riftense,,,,Antibodies,host_presence_only,low,TRUE,candidate_only,,,,,,,,FALSE,FALSE,FALSE,,,,,,,,,,,FALSE
Severe fever with thrombocytopenia syndrome (SFTS),amblyomma testudinarium,,vector,TRUE,FALSE,FALSE,FALSE,both,Bandavirus dabieense,,,,,,,,,tick,species,amblyomma testudinarium,,,,,TRUE,TRUE,TRUE,confirmed,field,lit_review,FALSE,,competent,yes,yes,primary_vector,field_detection_only,FALSE
Severe fever with thrombocytopenia syndrome (SFTS),dermacentor nuttalli,,vector,TRUE,FALSE,FALSE,FALSE,both,Bandavirus dabieense,,,,,,,,,tick,species,dermacentor nuttalli,,,,,TRUE,TRUE,TRUE,weak,review,lit_review,FALSE,,unclear,,yes,,field_detection_only,FALSE
Severe fever with thrombocytopenia syndrome (SFTS),dermacentor silvarum,,vector,TRUE,FALSE,FALSE,FALSE,both,Bandavirus dabieense,,,,,,,,,tick,species,dermacentor silvarum,,,,,TRUE,FALSE,TRUE,weak,lab,lit_review,,,mixed,mixed,yes,,field_detection_only,FALSE
Severe fever with thrombocytopenia syndrome (SFTS),haemaphysalis concinna,,vector,TRUE,FALSE,FALSE,FALSE,both,Bandavirus dabieense,,,,,,,,,tick,species,haemaphysalis concinna,,,,,TRUE,TRUE,TRUE,weak,review,lit_review,TRUE,on_host_occurrence,unclear,,yes,,field_detection_only,FALSE
Severe fever with thrombocytopenia syndrome (SFTS),haemaphysalis flava,,vector,TRUE,FALSE,FALSE,FALSE,both,Bandavirus dabieense,,,,,,,,,tick,species,haemaphysalis flava,competent_vector_only,medium,TRUE,draft_source_backed,TRUE,TRUE,TRUE,confirmed,review,lit_review,TRUE,on_host_occurrence,competent,yes,yes,,field_detection_only,FALSE
Severe fever with thrombocytopenia syndrome (SFTS),haemaphysalis formosensis,,vector,TRUE,FALSE,FALSE,FALSE,both,Bandavirus dabieense,,,,,,,,,tick,infraspecific,haemaphysalis formosensis,,,,,TRUE,FALSE,TRUE,candidate,field,lit_review,,,unclear,,yes,maintenance_vector,field_detection_only,FALSE
Severe fever with thrombocytopenia syndrome (SFTS),haemaphysalis hystricis,,vector,TRUE,FALSE,FALSE,FALSE,both,Bandavirus dabieense,,,,,,,,,tick,species,haemaphysalis hystricis,,,,,TRUE,FALSE,TRUE,probable,field,lit_review,,,unclear,,yes,candidate_vector,field_detection_only,FALSE
Severe fever with thrombocytopenia syndrome (SFTS),haemaphysalis japonica,,vector,TRUE,FALSE,FALSE,FALSE,both,Bandavirus dabieense,,,,,,,,,tick,species,haemaphysalis japonica,,,,,TRUE,FALSE,TRUE,weak,review,lit_review,,,unclear,,yes,,field_detection_only,FALSE
Severe fever with thrombocytopenia syndrome (SFTS),haemaphysalis longicornis,,vector,TRUE,FALSE,FALSE,FALSE,both,Bandavirus dabieense,,,,,,,,,tick,species,haemaphysalis longicornis,primary_vector,high,FALSE,draft_source_backed,TRUE,TRUE,TRUE,confirmed,review,lit_review,TRUE,on_host_occurrence,competent,yes,yes,candidate_vector|primary_vector,population_dependent,FALSE
Severe fever with thrombocytopenia syndrome (SFTS),haemaphysalis megaspinosa,,vector,TRUE,FALSE,FALSE,FALSE,both,Bandavirus dabieense,,,,,,,,,tick,species,haemaphysalis megaspinosa,,,,,TRUE,FALSE,TRUE,candidate,field,lit_review,,,unclear,,yes,maintenance_vector,field_detection_only,FALSE
Severe fever with thrombocytopenia syndrome (SFTS),hyalomma asiaticum,,vector,TRUE,FALSE,FALSE,FALSE,both,Bandavirus dabieense,,,,,,,,,tick,species,hyalomma asiaticum,,,,,TRUE,FALSE,TRUE,weak,review,lit_review,,,unclear,,yes,,field_detection_only,FALSE
Severe fever with thrombocytopenia syndrome (SFTS),ixodes nipponensis,,vector,TRUE,FALSE,FALSE,FALSE,both,Bandavirus dabieense,,,,,,,,,tick,species,ixodes nipponensis,,,,,TRUE,TRUE,TRUE,confirmed,review,lit_review,FALSE,,competent,yes,yes,,field_detection_only,FALSE
Severe fever with thrombocytopenia syndrome (SFTS),ixodes persulcatus,,vector,TRUE,FALSE,FALSE,FALSE,both,Bandavirus dabieense,,,,,,,,,tick,species,ixodes persulcatus,,,,,TRUE,FALSE,TRUE,weak,lab,lit_review,,,not_competent,no,yes,,field_detection_only|spelling_or_ocr_issue,FALSE
Severe fever with thrombocytopenia syndrome (SFTS),ixodes sinensis,,vector,TRUE,FALSE,FALSE,FALSE,both,Bandavirus dabieense,,,,,,,,,tick,species,ixodes sinensis,candidate_vector,medium,TRUE,draft_source_backed,TRUE,FALSE,TRUE,confirmed,review,lit_review,,,competent,yes,yes,,,FALSE
Severe fever with thrombocytopenia syndrome (SFTS),rhipicephalus microplus,,vector,TRUE,FALSE,FALSE,FALSE,both,Bandavirus dabieense,,,,,,,,,tick,species,rhipicephalus microplus,,,,,TRUE,TRUE,TRUE,weak,review,lit_review,FALSE,,unclear,,yes,,field_detection_only,FALSE
Severe fever with thrombocytopenia syndrome (SFTS),Acinonyx jubatus,32536,host,TRUE,FALSE,FALSE,FALSE,both,Bandavirus dabieense,mammalia,carnivora,felidae,PCR/Sequencing,host_presence_only,low,TRUE,candidate_only,,,,,,,,FALSE,FALSE,FALSE,,,,,,,,,,,FALSE
Severe fever with thrombocytopenia syndrome (SFTS),Anser,8847,host,TRUE,FALSE,FALSE,FALSE,both,Bandavirus dabieense,,,,PCR/Sequencing,host_presence_only,low,TRUE,candidate_only,,,,,,,,FALSE,FALSE,FALSE,,,,,,,,,,,FALSE
Severe fever with thrombocytopenia syndrome (SFTS),Apodemus agrarius,129305,host,TRUE,FALSE,FALSE,FALSE,both,Bandavirus dabieense,mammalia,rodentia,muridae,PCR/Sequencing,host_presence_only,low,TRUE,candidate_only,,,,,,,,FALSE,FALSE,FALSE,,,,,,,,,,,FALSE
Severe fever with thrombocytopenia syndrome (SFTS),Apodemus agrarius,39030,host,TRUE,FALSE,FALSE,FALSE,both,Bandavirus dabieense,mammalia,rodentia,muridae,PCR/Sequencing,host_presence_only,low,TRUE,candidate_only,,,,,,,,FALSE,FALSE,FALSE,,,,,,,,,,,FALSE
Severe fever with thrombocytopenia syndrome (SFTS),Bos taurus,9913,host,TRUE,FALSE,FALSE,FALSE,both,Bandavirus dabieense,mammalia,artiodactyla,bovidae,Antibodies; PCR/Sequencing,host_presence_only,low,TRUE,candidate_only,,,,,,,,FALSE,FALSE,FALSE,,,,,,,,,,,FALSE
Severe fever with thrombocytopenia syndrome (SFTS),Canis lupus,9615,host,TRUE,FALSE,FALSE,FALSE,both,Bandavirus dabieense,mammalia,carnivora,canidae,PCR/Sequencing,host_presence_only,low,TRUE,candidate_only,,,,,,,,FALSE,FALSE,FALSE,,,,,,,,,,,FALSE
Severe fever with thrombocytopenia syndrome (SFTS),Capra hircus,9925,host,TRUE,FALSE,FALSE,FALSE,both,Bandavirus dabieense,mammalia,artiodactyla,bovidae,Antibodies; PCR/Sequencing,host_presence_only,low,TRUE,candidate_only,,,,,,,,FALSE,FALSE,FALSE,,,,,,,,,,,FALSE
Severe fever with thrombocytopenia syndrome (SFTS),Cervus nippon,9863,host,TRUE,FALSE,FALSE,FALSE,both,Bandavirus dabieense,mammalia,artiodactyla,cervidae,PCR/Sequencing,host_presence_only,low,TRUE,candidate_only,,,,,,,,FALSE,FALSE,FALSE,,,,,,,,,,,FALSE
Severe fever with thrombocytopenia syndrome (SFTS),Equus caballus,9796,host,TRUE,FALSE,FALSE,FALSE,both,Bandavirus dabieense,mammalia,perissodactyla,equidae,PCR/Sequencing,host_presence_only,low,TRUE,candidate_only,,,,,,,,FALSE,FALSE,FALSE,,,,,,,,,,,FALSE
Severe fever with thrombocytopenia syndrome (SFTS),Erinaceus amurensis,757341,host,TRUE,FALSE,FALSE,FALSE,both,Bandavirus dabieense,mammalia,eulipotyphla,erinaceidae,PCR/Sequencing,amplifying_host,medium,TRUE,draft_source_backed,,,,,,,,FALSE,FALSE,FALSE,,,,,,,,,,,FALSE
Severe fever with thrombocytopenia syndrome (SFTS),Erinaceus europaeus,9365,host,TRUE,FALSE,FALSE,FALSE,both,Bandavirus dabieense,mammalia,eulipotyphla,erinaceidae,PCR/Sequencing,host_presence_only,low,TRUE,candidate_only,,,,,,,,FALSE,FALSE,FALSE,,,,,,,,,,,FALSE
Severe fever with thrombocytopenia syndrome (SFTS),Felis catus,9685,host,TRUE,FALSE,FALSE,FALSE,both,Bandavirus dabieense,mammalia,carnivora,felidae,PCR/Sequencing,host_presence_only,low,TRUE,candidate_only,,,,,,,,FALSE,FALSE,FALSE,,,,,,,,,,,FALSE
Severe fever with thrombocytopenia syndrome (SFTS),Gallus gallus,9031,host,TRUE,FALSE,FALSE,FALSE,both,Bandavirus dabieense,aves,galliformes,phasianidae,Antibodies; PCR/Sequencing,host_presence_only,low,TRUE,candidate_only,,,,,,,,FALSE,FALSE,FALSE,,,,,,,,,,,FALSE
Severe fever with thrombocytopenia syndrome (SFTS),Homo sapiens,9606,host,TRUE,FALSE,FALSE,FALSE,both,Bandavirus dabieense,,,,Isolation/Observation; PCR/Sequencing,host_presence_only,low,TRUE,candidate_only,,,,,,,,FALSE,FALSE,FALSE,,,,,,,,,,,FALSE
Severe fever with thrombocytopenia syndrome (SFTS),Hydropotes inermis,344906,host,TRUE,FALSE,FALSE,FALSE,both,Bandavirus dabieense,mammalia,artiodactyla,cervidae,PCR/Sequencing,host_presence_only,low,TRUE,candidate_only,,,,,,,,FALSE,FALSE,FALSE,,,,,,,,,,,FALSE
Severe fever with thrombocytopenia syndrome (SFTS),Hydropotes inermis,9883,host,TRUE,FALSE,FALSE,FALSE,both,Bandavirus dabieense,mammalia,artiodactyla,cervidae,PCR/Sequencing,host_presence_only,low,TRUE,candidate_only,,,,,,,,FALSE,FALSE,FALSE,,,,,,,,,,,FALSE
Severe fever with thrombocytopenia syndrome (SFTS),Meles anakuma,191034,host,TRUE,FALSE,FALSE,FALSE,both,Bandavirus dabieense,mammalia,carnivora,mustelidae,PCR/Sequencing,host_presence_only,low,TRUE,candidate_only,,,,,,,,FALSE,FALSE,FALSE,,,,,,,,,,,FALSE
Severe fever with thrombocytopenia syndrome (SFTS),Miniopterus schreibersii,9433,host,TRUE,FALSE,FALSE,FALSE,both,Bandavirus dabieense,mammalia,chiroptera,miniopteridae,PCR/Sequencing,host_presence_only,low,TRUE,candidate_only,,,,,,,,FALSE,FALSE,FALSE,,,,,,,,,,,FALSE
Severe fever with thrombocytopenia syndrome (SFTS),Mus musculus,10090,host,TRUE,FALSE,FALSE,FALSE,both,Bandavirus dabieense,mammalia,rodentia,muridae,PCR/Sequencing,host_presence_only,low,TRUE,candidate_only,,,,,,,,FALSE,FALSE,FALSE,,,,,,,,,,,FALSE
Severe fever with thrombocytopenia syndrome (SFTS),Mustela kathiah,272460,host,TRUE,FALSE,FALSE,FALSE,both,Bandavirus dabieense,mammalia,carnivora,mustelidae,PCR/Sequencing,host_presence_only,low,TRUE,candidate_only,,,,,,,,FALSE,FALSE,FALSE,,,,,,,,,,,FALSE
Severe fever with thrombocytopenia syndrome (SFTS),Mustela lutreola,9666,host,TRUE,FALSE,FALSE,FALSE,both,Bandavirus dabieense,mammalia,carnivora,mustelidae,PCR/Sequencing,host_presence_only,low,TRUE,candidate_only,,,,,,,,FALSE,FALSE,FALSE,,,,,,,,,,,FALSE
Severe fever with thrombocytopenia syndrome (SFTS),Myotis davidii,225400,host,TRUE,FALSE,FALSE,FALSE,both,Bandavirus dabieense,mammalia,chiroptera,vespertilionidae,PCR/Sequencing,host_presence_only,low,TRUE,candidate_only,,,,,,,,FALSE,FALSE,FALSE,,,,,,,,,,,FALSE
Severe fever with thrombocytopenia syndrome (SFTS),Nyctereutes procyonoides,34880,host,TRUE,FALSE,FALSE,FALSE,both,Bandavirus dabieense,mammalia,carnivora,canidae,PCR/Sequencing,host_presence_only,low,TRUE,candidate_only,,,,,,,,FALSE,FALSE,FALSE,,,,,,,,,,,FALSE
Severe fever with thrombocytopenia syndrome (SFTS),Ovis aries,9940,host,TRUE,FALSE,FALSE,FALSE,both,Bandavirus dabieense,mammalia,artiodactyla,bovidae,PCR/Sequencing,host_presence_only,low,TRUE,candidate_only,,,,,,,,FALSE,FALSE,FALSE,,,,,,,,,,,FALSE
Severe fever with thrombocytopenia syndrome (SFTS),Prionailurus bengalensis,37029,host,TRUE,FALSE,FALSE,FALSE,both,Bandavirus dabieense,mammalia,carnivora,felidae,PCR/Sequencing,host_presence_only,low,TRUE,candidate_only,,,,,,,,FALSE,FALSE,FALSE,,,,,,,,,,,FALSE
Severe fever with thrombocytopenia syndrome (SFTS),Procyon lotor,9654,host,TRUE,FALSE,FALSE,FALSE,both,Bandavirus dabieense,mammalia,carnivora,procyonidae,PCR/Sequencing,host_presence_only,low,TRUE,candidate_only,,,,,,,,FALSE,FALSE,FALSE,,,,,,,,,,,FALSE
Severe fever with thrombocytopenia syndrome (SFTS),Rattus norvegicus,10116,host,TRUE,FALSE,FALSE,FALSE,both,Bandavirus dabieense,mammalia,rodentia,muridae,PCR/Sequencing,host_presence_only,low,TRUE,candidate_only,,,,,,,,FALSE,FALSE,FALSE,,,,,,,,,,,FALSE
Severe fever with thrombocytopenia syndrome (SFTS),Rattus tanezumi,35732,host,TRUE,FALSE,FALSE,FALSE,both,Bandavirus dabieense,mammalia,rodentia,muridae,PCR/Sequencing,host_presence_only,low,TRUE,candidate_only,,,,,,,,FALSE,FALSE,FALSE,,,,,,,,,,,FALSE
Severe fever with thrombocytopenia syndrome (SFTS),Rhabdophis tigrinus,126484,host,TRUE,FALSE,FALSE,FALSE,both,Bandavirus dabieense,reptilia,squamata,natricidae,PCR/Sequencing,host_presence_only,low,TRUE,candidate_only,,,,,,,,FALSE,FALSE,FALSE,,,,,,,,,,,FALSE
Severe fever with thrombocytopenia syndrome (SFTS),Rhinolophus pusillus,159858,host,TRUE,FALSE,FALSE,FALSE,both,Bandavirus dabieense,mammalia,chiroptera,rhinolophidae,PCR/Sequencing,host_presence_only,low,TRUE,candidate_only,,,,,,,,FALSE,FALSE,FALSE,,,,,,,,,,,FALSE
Severe fever with thrombocytopenia syndrome (SFTS),Sciurotamias davidianus,226849,host,TRUE,FALSE,FALSE,FALSE,both,Bandavirus dabieense,mammalia,rodentia,sciuridae,PCR/Sequencing,host_presence_only,low,TRUE,candidate_only,,,,,,,,FALSE,FALSE,FALSE,,,,,,,,,,,FALSE
Severe fever with thrombocytopenia syndrome (SFTS),Suncus murinus,9378,host,TRUE,FALSE,FALSE,FALSE,both,Bandavirus dabieense,mammalia,eulipotyphla,soricidae,PCR/Sequencing,host_presence_only,low,TRUE,candidate_only,,,,,,,,FALSE,FALSE,FALSE,,,,,,,,,,,FALSE
Severe fever with thrombocytopenia syndrome (SFTS),Sus scrofa,9823,host,TRUE,FALSE,FALSE,FALSE,both,Bandavirus dabieense,mammalia,artiodactyla,suidae,Antibodies; PCR/Sequencing,host_presence_only,low,TRUE,candidate_only,,,,,,,,FALSE,FALSE,FALSE,,,,,,,,,,,FALSE
Severe fever with thrombocytopenia syndrome (SFTS),Takydromus wolteri,235402,host,TRUE,FALSE,FALSE,FALSE,both,Bandavirus dabieense,reptilia,squamata,lacertidae,PCR/Sequencing,host_presence_only,low,TRUE,candidate_only,,,,,,,,FALSE,FALSE,FALSE,,,,,,,,,,,FALSE
Severe fever with thrombocytopenia syndrome (SFTS),Tscherskia triton,329627,host,TRUE,FALSE,FALSE,FALSE,both,Bandavirus dabieense,mammalia,rodentia,cricetidae,PCR/Sequencing,host_presence_only,low,TRUE,candidate_only,,,,,,,,FALSE,FALSE,FALSE,,,,,,,,,,,FALSE
Severe fever with thrombocytopenia syndrome (SFTS),myotis adversus,59461,host,TRUE,FALSE,FALSE,FALSE,both,Bandavirus dabieense,,,,PCR/Sequencing,host_presence_only,low,TRUE,candidate_only,,,,,,,,FALSE,FALSE,FALSE,,,,,,,,,,,FALSE
Sudan virus disease (Ebola virus disease),Homo sapiens,9606,host,FALSE,TRUE,TRUE,FALSE,priority,Orthoebolavirus sudanense,,,,Isolation/Observation; Not specified; PCR/Sequencing,amplifying_host,high,FALSE,draft_source_backed,,,,,,,,FALSE,FALSE,FALSE,,,,,,,,,,,FALSE
Tick-borne encephalitis,dermacentor marginatus,,vector,TRUE,FALSE,FALSE,FALSE,prototype,Orthoflavivirus encephalitidis,,,,,,,,,tick,species,dermacentor marginatus,,,,,TRUE,TRUE,TRUE,confirmed,review,lit_review,TRUE,on_host_occurrence,competent,yes,yes,,,FALSE
Tick-borne encephalitis,dermacentor reticulatus,,vector,TRUE,FALSE,FALSE,FALSE,prototype,Orthoflavivirus encephalitidis,,,,,,,,,tick,species,dermacentor reticulatus,candidate_vector,medium,TRUE,draft_source_backed,TRUE,FALSE,TRUE,confirmed,review,lit_review,FALSE,,competent,yes,yes,,limited_or_indirect_support,FALSE
Tick-borne encephalitis,haemaphysalis concinna,,vector,TRUE,FALSE,FALSE,FALSE,prototype,Orthoflavivirus encephalitidis,,,,,,,,,tick,species,haemaphysalis concinna,candidate_vector,medium,TRUE,draft_source_backed,TRUE,TRUE,TRUE,confirmed,review,lit_review,TRUE,on_host_occurrence,competent,yes,yes,primary_vector,,FALSE
Tick-borne encephalitis,haemaphysalis inermis,,vector,TRUE,FALSE,FALSE,FALSE,prototype,Orthoflavivirus encephalitidis,,,,,,,,,tick,species,haemaphysalis inermis,,,,,TRUE,FALSE,TRUE,probable,review,lit_review,,,competent,yes,,,,FALSE
Tick-borne encephalitis,haemaphysalis punctata,,vector,TRUE,FALSE,FALSE,FALSE,prototype,Orthoflavivirus encephalitidis,,,,,,,,,tick,species,haemaphysalis punctata,,,,,TRUE,TRUE,TRUE,confirmed,review,lit_review,TRUE,on_host_occurrence,competent,yes,yes,,spelling_or_ocr_issue,FALSE
Tick-borne encephalitis,ixodes arboricola,,vector,TRUE,FALSE,FALSE,FALSE,prototype,Orthoflavivirus encephalitidis,,,,,,,,,tick,species,ixodes arboricola,,,,,TRUE,FALSE,TRUE,confirmed,review,lit_review,,,competent,yes,yes,,,FALSE
Tick-borne encephalitis,ixodes gibbosus,,vector,TRUE,FALSE,FALSE,FALSE,prototype,Orthoflavivirus encephalitidis,,,,,,,,,tick,species,ixodes gibbosus,,,,,TRUE,FALSE,TRUE,weak,review,lit_review,,,unclear,,,,,FALSE
Tick-borne encephalitis,ixodes hexagonus,,vector,TRUE,FALSE,FALSE,FALSE,prototype,Orthoflavivirus encephalitidis,,,,,,,,,tick,species,ixodes hexagonus,,,,,TRUE,TRUE,TRUE,confirmed,review,lit_review,TRUE,on_host_occurrence,competent,yes,yes,,,FALSE
Tick-borne encephalitis,ixodes persulcatus,,vector,TRUE,FALSE,FALSE,FALSE,prototype,Orthoflavivirus encephalitidis,,,,,,,,,tick,species,ixodes persulcatus,main_vector,high,FALSE,draft_source_backed,TRUE,FALSE,TRUE,confirmed,review,lit_review,,,competent,yes,yes,primary_vector,,FALSE
Tick-borne encephalitis,ixodes ricinus,,vector,TRUE,FALSE,FALSE,FALSE,prototype,Orthoflavivirus encephalitidis,,,,,,,,,tick,species,ixodes ricinus,main_vector,high,FALSE,draft_source_backed,TRUE,TRUE,TRUE,confirmed,field+lab,lit_review,TRUE,on_host_occurrence,competent,yes,yes,primary_vector,field_detection_only|strain_dependent,FALSE
Tick-borne encephalitis,ixodes scapularis,,vector,TRUE,FALSE,FALSE,FALSE,prototype,Orthoflavivirus encephalitidis,,,,,,,,,tick,species,ixodes scapularis,,,,,TRUE,TRUE,TRUE,weak,lab,lit_review,TRUE,on_host_occurrence,unclear,yes,,,,FALSE
Tick-borne encephalitis,Acrocephalus dumetorum,68474,host,TRUE,FALSE,FALSE,FALSE,prototype,Orthoflavivirus encephalitidis,aves,passeriformes,acrocephalidae,Isolation/Observation; PCR/Sequencing,host_presence_only,low,TRUE,candidate_only,,,,,,,,FALSE,FALSE,FALSE,,,,,,,,,,,FALSE
Tick-borne encephalitis,Alces alces,9852,host,TRUE,FALSE,FALSE,FALSE,prototype,Orthoflavivirus encephalitidis,mammalia,artiodactyla,cervidae,Not specified,host_presence_only,low,TRUE,candidate_only,,,,,,,,FALSE,FALSE,FALSE,,,,,,,,,,,FALSE
Tick-borne encephalitis,Alexandromys fortis,100897,host,TRUE,FALSE,FALSE,FALSE,prototype,Orthoflavivirus encephalitidis,mammalia,rodentia,cricetidae,PCR/Sequencing,host_presence_only,low,TRUE,candidate_only,,,,,,,,FALSE,FALSE,FALSE,,,,,,,,,,,FALSE
Tick-borne encephalitis,Alexandromys maximowiczii,470139,host,TRUE,FALSE,FALSE,FALSE,prototype,Orthoflavivirus encephalitidis,mammalia,rodentia,cricetidae,Isolation/Observation; PCR/Sequencing,host_presence_only,low,TRUE,candidate_only,,,,,,,,FALSE,FALSE,FALSE,,,,,,,,,,,FALSE
Tick-borne encephalitis,Alexandromys maximowiczii,798066,host,TRUE,FALSE,FALSE,FALSE,prototype,Orthoflavivirus encephalitidis,mammalia,rodentia,cricetidae,PCR/Sequencing,host_presence_only,low,TRUE,candidate_only,,,,,,,,FALSE,FALSE,FALSE,,,,,,,,,,,FALSE
Tick-borne encephalitis,Alexandromys oeconomus,2162900,host,TRUE,FALSE,FALSE,FALSE,prototype,Orthoflavivirus encephalitidis,mammalia,rodentia,cricetidae,Isolation/Observation; PCR/Sequencing,host_presence_only,low,TRUE,candidate_only,,,,,,,,FALSE,FALSE,FALSE,,,,,,,,,,,FALSE
Tick-borne encephalitis,Anas crecca,75839,host,TRUE,FALSE,FALSE,FALSE,prototype,Orthoflavivirus encephalitidis,aves,anseriformes,anatidae,PCR/Sequencing,host_presence_only,low,TRUE,candidate_only,,,,,,,,FALSE,FALSE,FALSE,,,,,,,,,,,FALSE
Tick-borne encephalitis,Anas platyrhynchos,8839,host,TRUE,FALSE,FALSE,FALSE,prototype,Orthoflavivirus encephalitidis,aves,anseriformes,anatidae,PCR/Sequencing,host_presence_only,low,TRUE,candidate_only,,,,,,,,FALSE,FALSE,FALSE,,,,,,,,,,,FALSE
Tick-borne encephalitis,Anthus trivialis,45804,host,TRUE,FALSE,FALSE,FALSE,prototype,Orthoflavivirus encephalitidis,aves,passeriformes,motacillidae,PCR/Sequencing,host_presence_only,low,TRUE,candidate_only,,,,,,,,FALSE,FALSE,FALSE,,,,,,,,,,,FALSE
Tick-borne encephalitis,Apodemus agrarius,39030,host,TRUE,FALSE,FALSE,FALSE,prototype,Orthoflavivirus encephalitidis,mammalia,rodentia,muridae,Isolation/Observation; PCR/Sequencing,host_presence_only,low,TRUE,candidate_only,,,,,,,,FALSE,FALSE,FALSE,,,,,,,,,,,FALSE
Tick-borne encephalitis,Apodemus flavicollis,54292,host,TRUE,FALSE,FALSE,FALSE,prototype,Orthoflavivirus encephalitidis,mammalia,rodentia,muridae,Isolation/Observation; PCR/Sequencing,reservoir_host,medium,TRUE,draft_source_backed,,,,,,,,FALSE,FALSE,FALSE,,,,,,,,,,,FALSE
Tick-borne encephalitis,Apodemus speciosus,105296,host,TRUE,FALSE,FALSE,FALSE,prototype,Orthoflavivirus encephalitidis,mammalia,rodentia,muridae,PCR/Sequencing,host_presence_only,low,TRUE,candidate_only,,,,,,,,FALSE,FALSE,FALSE,,,,,,,,,,,FALSE
Tick-borne encephalitis,Apodemus sylvaticus,10129,host,TRUE,FALSE,FALSE,FALSE,prototype,Orthoflavivirus encephalitidis,mammalia,rodentia,muridae,Isolation/Observation; PCR/Sequencing,host_presence_only,low,TRUE,candidate_only,,,,,,,,FALSE,FALSE,FALSE,,,,,,,,,,,FALSE
Tick-borne encephalitis,Bombycilla garrulus,125297,host,TRUE,FALSE,FALSE,FALSE,prototype,Orthoflavivirus encephalitidis,aves,passeriformes,bombycillidae,PCR/Sequencing,host_presence_only,low,TRUE,candidate_only,,,,,,,,FALSE,FALSE,FALSE,,,,,,,,,,,FALSE
Tick-borne encephalitis,Bos taurus,9913,host,TRUE,FALSE,FALSE,FALSE,prototype,Orthoflavivirus encephalitidis,mammalia,artiodactyla,bovidae,PCR/Sequencing,host_presence_only,low,TRUE,candidate_only,,,,,,,,FALSE,FALSE,FALSE,,,,,,,,,,,FALSE
Tick-borne encephalitis,Calliope calliope,229100,host,TRUE,FALSE,FALSE,FALSE,prototype,Orthoflavivirus encephalitidis,aves,passeriformes,muscicapidae,PCR/Sequencing,host_presence_only,low,TRUE,candidate_only,,,,,,,,FALSE,FALSE,FALSE,,,,,,,,,,,FALSE
Tick-borne encephalitis,Canis lupus,9612,host,TRUE,FALSE,FALSE,FALSE,prototype,Orthoflavivirus encephalitidis,mammalia,carnivora,canidae,PCR/Sequencing,host_presence_only,low,TRUE,candidate_only,,,,,,,,FALSE,FALSE,FALSE,,,,,,,,,,,FALSE
Tick-borne encephalitis,Canis lupus,9615,host,TRUE,FALSE,FALSE,FALSE,prototype,Orthoflavivirus encephalitidis,mammalia,carnivora,canidae,PCR/Sequencing,host_presence_only,low,TRUE,candidate_only,,,,,,,,FALSE,FALSE,FALSE,,,,,,,,,,,FALSE
Tick-borne encephalitis,Capra hircus,9925,host,TRUE,FALSE,FALSE,FALSE,prototype,Orthoflavivirus encephalitidis,mammalia,artiodactyla,bovidae,Not specified; PCR/Sequencing,host_presence_only,low,TRUE,candidate_only,,,,,,,,FALSE,FALSE,FALSE,,,,,,,,,,,FALSE
Tick-borne encephalitis,Capreolus capreolus,9858,host,TRUE,FALSE,FALSE,FALSE,prototype,Orthoflavivirus encephalitidis,mammalia,artiodactyla,cervidae,Antibodies; PCR/Sequencing,host_presence_only,low,TRUE,candidate_only,,,,,,,,FALSE,FALSE,FALSE,,,,,,,,,,,FALSE
Tick-borne encephalitis,Carduelis carduelis,37600,host,TRUE,FALSE,FALSE,FALSE,prototype,Orthoflavivirus encephalitidis,aves,passeriformes,fringillidae,PCR/Sequencing,host_presence_only,low,TRUE,candidate_only,,,,,,,,FALSE,FALSE,FALSE,,,,,,,,,,,FALSE
Tick-borne encephalitis,Carpodacus erythrinus,175930,host,TRUE,FALSE,FALSE,FALSE,prototype,Orthoflavivirus encephalitidis,aves,passeriformes,fringillidae,PCR/Sequencing,host_presence_only,low,TRUE,candidate_only,,,,,,,,FALSE,FALSE,FALSE,,,,,,,,,,,FALSE
Tick-borne encephalitis,Cervus elaphus,9860,host,TRUE,FALSE,FALSE,FALSE,prototype,Orthoflavivirus encephalitidis,mammalia,artiodactyla,cervidae,Antibodies; Isolation/Observation; PCR/Sequencing,host_presence_only,low,TRUE,candidate_only,,,,,,,,FALSE,FALSE,FALSE,,,,,,,,,,,FALSE
Tick-borne encephalitis,Chloris chloris,37601,host,TRUE,FALSE,FALSE,FALSE,prototype,Orthoflavivirus encephalitidis,aves,passeriformes,fringillidae,PCR/Sequencing,host_presence_only,low,TRUE,candidate_only,,,,,,,,FALSE,FALSE,FALSE,,,,,,,,,,,FALSE
Tick-borne encephalitis,Cinclus cinclus,127875,host,TRUE,FALSE,FALSE,FALSE,prototype,Orthoflavivirus encephalitidis,aves,passeriformes,cinclidae,PCR/Sequencing,host_presence_only,low,TRUE,candidate_only,,,,,,,,FALSE,FALSE,FALSE,,,,,,,,,,,FALSE
Tick-borne encephalitis,Clethrionomys rutilus,537920,host,TRUE,FALSE,FALSE,FALSE,prototype,Orthoflavivirus encephalitidis,mammalia,rodentia,cricetidae,Isolation/Observation; PCR/Sequencing,host_presence_only,low,TRUE,candidate_only,,,,,,,,FALSE,FALSE,FALSE,,,,,,,,,,,FALSE
Tick-borne encephalitis,Coloeus monedula,30423,host,TRUE,FALSE,FALSE,FALSE,prototype,Orthoflavivirus encephalitidis,,,,PCR/Sequencing,host_presence_only,low,TRUE,candidate_only,,,,,,,,FALSE,FALSE,FALSE,,,,,,,,,,,FALSE
Tick-borne encephalitis,Columba livia,8932,host,TRUE,FALSE,FALSE,FALSE,prototype,Orthoflavivirus encephalitidis,aves,columbiformes,columbidae,PCR/Sequencing,host_presence_only,low,TRUE,candidate_only,,,,,,,,FALSE,FALSE,FALSE,,,,,,,,,,,FALSE
Tick-borne encephalitis,Corvus cornix,181096,host,TRUE,FALSE,FALSE,FALSE,prototype,Orthoflavivirus encephalitidis,,,,PCR/Sequencing,host_presence_only,low,TRUE,candidate_only,,,,,,,,FALSE,FALSE,FALSE,,,,,,,,,,,FALSE
Tick-borne encephalitis,Cricetulus barabensis,329629,host,TRUE,FALSE,FALSE,FALSE,prototype,Orthoflavivirus encephalitidis,mammalia,rodentia,cricetidae,Isolation/Observation; PCR/Sequencing,host_presence_only,low,TRUE,candidate_only,,,,,,,,FALSE,FALSE,FALSE,,,,,,,,,,,FALSE
Tick-borne encephalitis,Curruca curruca,43163,host,TRUE,FALSE,FALSE,FALSE,prototype,Orthoflavivirus encephalitidis,aves,passeriformes,sylviidae,PCR/Sequencing,host_presence_only,low,TRUE,candidate_only,,,,,,,,FALSE,FALSE,FALSE,,,,,,,,,,,FALSE
Tick-borne encephalitis,Dendrocopos major,183177,host,TRUE,FALSE,FALSE,FALSE,prototype,Orthoflavivirus encephalitidis,aves,piciformes,picidae,PCR/Sequencing,host_presence_only,low,TRUE,candidate_only,,,,,,,,FALSE,FALSE,FALSE,,,,,,,,,,,FALSE
Tick-borne encephalitis,Emberiza citrinella,37595,host,TRUE,FALSE,FALSE,FALSE,prototype,Orthoflavivirus encephalitidis,aves,passeriformes,emberizidae,PCR/Sequencing,host_presence_only,low,TRUE,candidate_only,,,,,,,,FALSE,FALSE,FALSE,,,,,,,,,,,FALSE
Tick-borne encephalitis,Equus caballus,9796,host,TRUE,FALSE,FALSE,FALSE,prototype,Orthoflavivirus encephalitidis,mammalia,perissodactyla,equidae,PCR/Sequencing,host_presence_only,low,TRUE,candidate_only,,,,,,,,FALSE,FALSE,FALSE,,,,,,,,,,,FALSE
Tick-borne encephalitis,Erinaceus roumanicus,1052165,host,TRUE,FALSE,FALSE,FALSE,prototype,Orthoflavivirus encephalitidis,mammalia,eulipotyphla,erinaceidae,Isolation/Observation,host_presence_only,low,TRUE,candidate_only,,,,,,,,FALSE,FALSE,FALSE,,,,,,,,,,,FALSE
Tick-borne encephalitis,Ficedula hypoleuca,46689,host,TRUE,FALSE,FALSE,FALSE,prototype,Orthoflavivirus encephalitidis,aves,passeriformes,muscicapidae,PCR/Sequencing,host_presence_only,low,TRUE,candidate_only,,,,,,,,FALSE,FALSE,FALSE,,,,,,,,,,,FALSE
Tick-borne encephalitis,Fringilla coelebs,37598,host,TRUE,FALSE,FALSE,FALSE,prototype,Orthoflavivirus encephalitidis,aves,passeriformes,fringillidae,PCR/Sequencing,host_presence_only,low,TRUE,candidate_only,,,,,,,,FALSE,FALSE,FALSE,,,,,,,,,,,FALSE
Tick-borne encephalitis,Fringilla montifringilla,36255,host,TRUE,FALSE,FALSE,FALSE,prototype,Orthoflavivirus encephalitidis,aves,passeriformes,fringillidae,PCR/Sequencing,host_presence_only,low,TRUE,candidate_only,,,,,,,,FALSE,FALSE,FALSE,,,,,,,,,,,FALSE
Tick-borne encephalitis,Homo sapiens,9606,host,TRUE,FALSE,FALSE,FALSE,prototype,Orthoflavivirus encephalitidis,,,,Antibodies; Isolation/Observation; Not specified; PCR/Sequencing,host_presence_only,low,TRUE,candidate_only,,,,,,,,FALSE,FALSE,FALSE,,,,,,,,,,,FALSE
Tick-borne encephalitis,Loxia curvirostra,64802,host,TRUE,FALSE,FALSE,FALSE,prototype,Orthoflavivirus encephalitidis,aves,passeriformes,fringillidae,PCR/Sequencing,host_presence_only,low,TRUE,candidate_only,,,,,,,,FALSE,FALSE,FALSE,,,,,,,,,,,FALSE
Tick-borne encephalitis,Luscinia luscinia,391696,host,TRUE,FALSE,FALSE,FALSE,prototype,Orthoflavivirus encephalitidis,aves,passeriformes,muscicapidae,PCR/Sequencing,host_presence_only,low,TRUE,candidate_only,,,,,,,,FALSE,FALSE,FALSE,,,,,,,,,,,FALSE
Tick-borne encephalitis,Macaca radiata,9548,host,TRUE,FALSE,FALSE,FALSE,prototype,Orthoflavivirus encephalitidis,mammalia,primates,cercopithecidae,Isolation/Observation; Not specified,host_presence_only,low,TRUE,candidate_only,,,,,,,,FALSE,FALSE,FALSE,,,,,,,,,,,FALSE
Tick-borne encephalitis,Macaca sylvanus,9546,host,TRUE,FALSE,FALSE,FALSE,prototype,Orthoflavivirus encephalitidis,mammalia,primates,cercopithecidae,Isolation/Observation; PCR/Sequencing,host_presence_only,low,TRUE,candidate_only,,,,,,,,FALSE,FALSE,FALSE,,,,,,,,,,,FALSE
Tick-borne encephalitis,Marmota himalayana,93163,host,TRUE,FALSE,FALSE,FALSE,prototype,Orthoflavivirus encephalitidis,mammalia,rodentia,sciuridae,PCR/Sequencing,host_presence_only,low,TRUE,candidate_only,,,,,,,,FALSE,FALSE,FALSE,,,,,,,,,,,FALSE
Tick-borne encephalitis,Mergus merganser,8880,host,TRUE,FALSE,FALSE,FALSE,prototype,Orthoflavivirus encephalitidis,aves,anseriformes,anatidae,PCR/Sequencing,host_presence_only,low,TRUE,candidate_only,,,,,,,,FALSE,FALSE,FALSE,,,,,,,,,,,FALSE
Tick-borne encephalitis,Microtus agrestis,29092,host,TRUE,FALSE,FALSE,FALSE,prototype,Orthoflavivirus encephalitidis,mammalia,rodentia,cricetidae,PCR/Sequencing,host_presence_only,low,TRUE,candidate_only,,,,,,,,FALSE,FALSE,FALSE,,,,,,,,,,,FALSE
Tick-borne encephalitis,Microtus arvalis,47230,host,TRUE,FALSE,FALSE,FALSE,prototype,Orthoflavivirus encephalitidis,mammalia,rodentia,cricetidae,Isolation/Observation; PCR/Sequencing,host_presence_only,low,TRUE,candidate_only,,,,,,,,FALSE,FALSE,FALSE,,,,,,,,,,,FALSE
Tick-borne encephalitis,Microtus rossiaemeridionalis,537919,host,TRUE,FALSE,FALSE,FALSE,prototype,Orthoflavivirus encephalitidis,mammalia,rodentia,cricetidae,PCR/Sequencing,host_presence_only,low,TRUE,candidate_only,,,,,,,,FALSE,FALSE,FALSE,,,,,,,,,,,FALSE
Tick-borne encephalitis,Motacilla alba,45807,host,TRUE,FALSE,FALSE,FALSE,prototype,Orthoflavivirus encephalitidis,aves,passeriformes,motacillidae,PCR/Sequencing,host_presence_only,low,TRUE,candidate_only,,,,,,,,FALSE,FALSE,FALSE,,,,,,,,,,,FALSE
Tick-borne encephalitis,Mus,10095,host,TRUE,FALSE,FALSE,FALSE,prototype,Orthoflavivirus encephalitidis,,,,PCR/Sequencing,host_presence_only,low,TRUE,candidate_only,,,,,,,,FALSE,FALSE,FALSE,,,,,,,,,,,FALSE
Tick-borne encephalitis,Mus musculus,10090,host,TRUE,FALSE,FALSE,FALSE,prototype,Orthoflavivirus encephalitidis,mammalia,rodentia,muridae,Not specified; PCR/Sequencing,host_presence_only,low,TRUE,candidate_only,,,,,,,,FALSE,FALSE,FALSE,,,,,,,,,,,FALSE
Tick-borne encephalitis,Myodes glareolus,447135,host,TRUE,FALSE,FALSE,FALSE,prototype,Orthoflavivirus encephalitidis,,,,Isolation/Observation; PCR/Sequencing,reservoir_host,medium,TRUE,draft_source_backed,,,,,,,,FALSE,FALSE,FALSE,,,,,,,,,,,FALSE
Tick-borne encephalitis,Myodes rufocanus,2929754,host,TRUE,FALSE,FALSE,FALSE,prototype,Orthoflavivirus encephalitidis,,,,Isolation/Observation; PCR/Sequencing,host_presence_only,low,TRUE,candidate_only,,,,,,,,FALSE,FALSE,FALSE,,,,,,,,,,,FALSE
Tick-borne encephalitis,Ochotona alpina,130819,host,TRUE,FALSE,FALSE,FALSE,prototype,Orthoflavivirus encephalitidis,mammalia,lagomorpha,ochotonidae,PCR/Sequencing,host_presence_only,low,TRUE,candidate_only,,,,,,,,FALSE,FALSE,FALSE,,,,,,,,,,,FALSE
Tick-borne encephalitis,Ovis ammon,30527,host,TRUE,FALSE,FALSE,FALSE,prototype,Orthoflavivirus encephalitidis,mammalia,artiodactyla,bovidae,Isolation/Observation; PCR/Sequencing,host_presence_only,low,TRUE,candidate_only,,,,,,,,FALSE,FALSE,FALSE,,,,,,,,,,,FALSE
Tick-borne encephalitis,Ovis aries,9940,host,TRUE,FALSE,FALSE,FALSE,prototype,Orthoflavivirus encephalitidis,mammalia,artiodactyla,bovidae,Antibodies; Isolation/Observation; Not specified; PCR/Sequencing,host_presence_only,low,TRUE,candidate_only,,,,,,,,FALSE,FALSE,FALSE,,,,,,,,,,,FALSE
Tick-borne encephalitis,Parus major,9157,host,TRUE,FALSE,FALSE,FALSE,prototype,Orthoflavivirus encephalitidis,aves,passeriformes,paridae,PCR/Sequencing,host_presence_only,low,TRUE,candidate_only,,,,,,,,FALSE,FALSE,FALSE,,,,,,,,,,,FALSE
Tick-borne encephalitis,Passer montanus,9160,host,TRUE,FALSE,FALSE,FALSE,prototype,Orthoflavivirus encephalitidis,aves,passeriformes,passeridae,PCR/Sequencing,host_presence_only,low,TRUE,candidate_only,,,,,,,,FALSE,FALSE,FALSE,,,,,,,,,,,FALSE
Tick-borne encephalitis,Periparus ater,156567,host,TRUE,FALSE,FALSE,FALSE,prototype,Orthoflavivirus encephalitidis,aves,passeriformes,paridae,PCR/Sequencing,host_presence_only,low,TRUE,candidate_only,,,,,,,,FALSE,FALSE,FALSE,,,,,,,,,,,FALSE
Tick-borne encephalitis,Phoenicurus phoenicurus,121423,host,TRUE,FALSE,FALSE,FALSE,prototype,Orthoflavivirus encephalitidis,aves,passeriformes,muscicapidae,PCR/Sequencing,host_presence_only,low,TRUE,candidate_only,,,,,,,,FALSE,FALSE,FALSE,,,,,,,,,,,FALSE
Tick-borne encephalitis,Phylloscopus collybita,48150,host,TRUE,FALSE,FALSE,FALSE,prototype,Orthoflavivirus encephalitidis,aves,passeriformes,phylloscopidae,PCR/Sequencing,host_presence_only,low,TRUE,candidate_only,,,,,,,,FALSE,FALSE,FALSE,,,,,,,,,,,FALSE
Tick-borne encephalitis,Phylloscopus proregulus,56435,host,TRUE,FALSE,FALSE,FALSE,prototype,Orthoflavivirus encephalitidis,aves,passeriformes,phylloscopidae,PCR/Sequencing,host_presence_only,low,TRUE,candidate_only,,,,,,,,FALSE,FALSE,FALSE,,,,,,,,,,,FALSE
Tick-borne encephalitis,Phylloscopus trochilus,9182,host,TRUE,FALSE,FALSE,FALSE,prototype,Orthoflavivirus encephalitidis,aves,passeriformes,phylloscopidae,PCR/Sequencing,host_presence_only,low,TRUE,candidate_only,,,,,,,,FALSE,FALSE,FALSE,,,,,,,,,,,FALSE
Tick-borne encephalitis,Pica pica,34924,host,TRUE,FALSE,FALSE,FALSE,prototype,Orthoflavivirus encephalitidis,aves,passeriformes,corvidae,PCR/Sequencing,host_presence_only,low,TRUE,candidate_only,,,,,,,,FALSE,FALSE,FALSE,,,,,,,,,,,FALSE
Tick-borne encephalitis,Pinicola enucleator,175947,host,TRUE,FALSE,FALSE,FALSE,prototype,Orthoflavivirus encephalitidis,aves,passeriformes,fringillidae,PCR/Sequencing,host_presence_only,low,TRUE,candidate_only,,,,,,,,FALSE,FALSE,FALSE,,,,,,,,,,,FALSE
Tick-borne encephalitis,Poecile montanus,48895,host,TRUE,FALSE,FALSE,FALSE,prototype,Orthoflavivirus encephalitidis,aves,passeriformes,paridae,PCR/Sequencing,host_presence_only,low,TRUE,candidate_only,,,,,,,,FALSE,FALSE,FALSE,,,,,,,,,,,FALSE
Tick-borne encephalitis,Pyrrhula pyrrhula,37607,host,TRUE,FALSE,FALSE,FALSE,prototype,Orthoflavivirus encephalitidis,aves,passeriformes,fringillidae,PCR/Sequencing,host_presence_only,low,TRUE,candidate_only,,,,,,,,FALSE,FALSE,FALSE,,,,,,,,,,,FALSE
Tick-borne encephalitis,Rattus norvegicus,10116,host,TRUE,FALSE,FALSE,FALSE,prototype,Orthoflavivirus encephalitidis,mammalia,rodentia,muridae,Antibodies,host_presence_only,low,TRUE,candidate_only,,,,,,,,FALSE,FALSE,FALSE,,,,,,,,,,,FALSE
Tick-borne encephalitis,Riparia riparia,88110,host,TRUE,FALSE,FALSE,FALSE,prototype,Orthoflavivirus encephalitidis,aves,passeriformes,hirundinidae,PCR/Sequencing,host_presence_only,low,TRUE,candidate_only,,,,,,,,FALSE,FALSE,FALSE,,,,,,,,,,,FALSE
Tick-borne encephalitis,Rupicapra rupicapra,130898,host,TRUE,FALSE,FALSE,FALSE,prototype,Orthoflavivirus encephalitidis,mammalia,artiodactyla,bovidae,PCR/Sequencing,host_presence_only,low,TRUE,candidate_only,,,,,,,,FALSE,FALSE,FALSE,,,,,,,,,,,FALSE
Tick-borne encephalitis,Rupicapra rupicapra,34869,host,TRUE,FALSE,FALSE,FALSE,prototype,Orthoflavivirus encephalitidis,mammalia,artiodactyla,bovidae,PCR/Sequencing,host_presence_only,low,TRUE,candidate_only,,,,,,,,FALSE,FALSE,FALSE,,,,,,,,,,,FALSE
Tick-borne encephalitis,Semnopithecus entellus,88029,host,TRUE,FALSE,FALSE,FALSE,prototype,Orthoflavivirus encephalitidis,mammalia,primates,cercopithecidae,Isolation/Observation; Not specified,host_presence_only,low,TRUE,candidate_only,,,,,,,,FALSE,FALSE,FALSE,,,,,,,,,,,FALSE
Tick-borne encephalitis,Sitta europaea,50251,host,TRUE,FALSE,FALSE,FALSE,prototype,Orthoflavivirus encephalitidis,aves,passeriformes,sittidae,PCR/Sequencing,host_presence_only,low,TRUE,candidate_only,,,,,,,,FALSE,FALSE,FALSE,,,,,,,,,,,FALSE
Tick-borne encephalitis,Sorex araneus,42254,host,TRUE,FALSE,FALSE,FALSE,prototype,Orthoflavivirus encephalitidis,mammalia,eulipotyphla,soricidae,Isolation/Observation; PCR/Sequencing,host_presence_only,low,TRUE,candidate_only,,,,,,,,FALSE,FALSE,FALSE,,,,,,,,,,,FALSE
Tick-borne encephalitis,Spatula clypeata,75838,host,TRUE,FALSE,FALSE,FALSE,prototype,Orthoflavivirus encephalitidis,aves,anseriformes,anatidae,PCR/Sequencing,host_presence_only,low,TRUE,candidate_only,,,,,,,,FALSE,FALSE,FALSE,,,,,,,,,,,FALSE
Tick-borne encephalitis,Spinus spinus,160760,host,TRUE,FALSE,FALSE,FALSE,prototype,Orthoflavivirus encephalitidis,aves,passeriformes,fringillidae,PCR/Sequencing,host_presence_only,low,TRUE,candidate_only,,,,,,,,FALSE,FALSE,FALSE,,,,,,,,,,,FALSE
Tick-borne encephalitis,Stenocranius gregalis,3371160,host,TRUE,FALSE,FALSE,FALSE,prototype,Orthoflavivirus encephalitidis,mammalia,rodentia,cricetidae,Isolation/Observation; PCR/Sequencing,host_presence_only,low,TRUE,candidate_only,,,,,,,,FALSE,FALSE,FALSE,,,,,,,,,,,FALSE
Tick-borne encephalitis,Sturnus vulgaris,9172,host,TRUE,FALSE,FALSE,FALSE,prototype,Orthoflavivirus encephalitidis,aves,passeriformes,sturnidae,PCR/Sequencing,host_presence_only,low,TRUE,candidate_only,,,,,,,,FALSE,FALSE,FALSE,,,,,,,,,,,FALSE
Tick-borne encephalitis,Sus scrofa,9823,host,TRUE,FALSE,FALSE,FALSE,prototype,Orthoflavivirus encephalitidis,mammalia,artiodactyla,suidae,Antibodies; PCR/Sequencing,host_presence_only,low,TRUE,candidate_only,,,,,,,,FALSE,FALSE,FALSE,,,,,,,,,,,FALSE
Tick-borne encephalitis,Tamias sibiricus,64680,host,TRUE,FALSE,FALSE,FALSE,prototype,Orthoflavivirus encephalitidis,,,,Isolation/Observation; PCR/Sequencing,host_presence_only,low,TRUE,candidate_only,,,,,,,,FALSE,FALSE,FALSE,,,,,,,,,,,FALSE
Tick-borne encephalitis,Tetrastes bonasia,1155787,host,TRUE,FALSE,FALSE,FALSE,prototype,Orthoflavivirus encephalitidis,aves,galliformes,phasianidae,PCR/Sequencing,host_presence_only,low,TRUE,candidate_only,,,,,,,,FALSE,FALSE,FALSE,,,,,,,,,,,FALSE
Tick-borne encephalitis,Turdus iliacus,411526,host,TRUE,FALSE,FALSE,FALSE,prototype,Orthoflavivirus encephalitidis,aves,passeriformes,turdidae,PCR/Sequencing,host_presence_only,low,TRUE,candidate_only,,,,,,,,FALSE,FALSE,FALSE,,,,,,,,,,,FALSE
Tick-borne encephalitis,Turdus pilaris,357736,host,TRUE,FALSE,FALSE,FALSE,prototype,Orthoflavivirus encephalitidis,aves,passeriformes,turdidae,Isolation/Observation; PCR/Sequencing,host_presence_only,low,TRUE,candidate_only,,,,,,,,FALSE,FALSE,FALSE,,,,,,,,,,,FALSE
Tick-borne encephalitis,Urocitellus undulatus,99867,host,TRUE,FALSE,FALSE,FALSE,prototype,Orthoflavivirus encephalitidis,mammalia,rodentia,sciuridae,Isolation/Observation; PCR/Sequencing,host_presence_only,low,TRUE,candidate_only,,,,,,,,FALSE,FALSE,FALSE,,,,,,,,,,,FALSE
Tick-borne encephalitis,Vanellus vanellus,100859,host,TRUE,FALSE,FALSE,FALSE,prototype,Orthoflavivirus encephalitidis,aves,charadriiformes,charadriidae,PCR/Sequencing,host_presence_only,low,TRUE,candidate_only,,,,,,,,FALSE,FALSE,FALSE,,,,,,,,,,,FALSE
Tick-borne encephalitis,Vicugna pacos,30538,host,TRUE,FALSE,FALSE,FALSE,prototype,Orthoflavivirus encephalitidis,,,,PCR/Sequencing,host_presence_only,low,TRUE,candidate_only,,,,,,,,FALSE,FALSE,FALSE,,,,,,,,,,,FALSE
Tick-borne encephalitis,alticola argentatus,400184,host,TRUE,FALSE,FALSE,FALSE,prototype,Orthoflavivirus encephalitidis,,,,Antibodies,host_presence_only,low,TRUE,candidate_only,,,,,,,,FALSE,FALSE,FALSE,,,,,,,,,,,FALSE
Tick-borne encephalitis,apodemus pallipes,262051,host,TRUE,FALSE,FALSE,FALSE,prototype,Orthoflavivirus encephalitidis,,,,Antibodies,host_presence_only,low,TRUE,candidate_only,,,,,,,,FALSE,FALSE,FALSE,,,,,,,,,,,FALSE
Tick-borne encephalitis,barbastella barbastellus,59449,host,TRUE,FALSE,FALSE,FALSE,prototype,Orthoflavivirus encephalitidis,,,,Antibodies,host_presence_only,low,TRUE,candidate_only,,,,,,,,FALSE,FALSE,FALSE,,,,,,,,,,,FALSE
Tick-borne encephalitis,dama dama,30532,host,TRUE,FALSE,FALSE,FALSE,prototype,Orthoflavivirus encephalitidis,,,,Antibodies,host_presence_only,low,TRUE,candidate_only,,,,,,,,FALSE,FALSE,FALSE,,,,,,,,,,,FALSE
Tick-borne encephalitis,microtus ilaeus,1665529,host,TRUE,FALSE,FALSE,FALSE,prototype,Orthoflavivirus encephalitidis,,,,Antibodies,host_presence_only,low,TRUE,candidate_only,,,,,,,,FALSE,FALSE,FALSE,,,,,,,,,,,FALSE
Tick-borne encephalitis,sciurus vulgaris,55149,host,TRUE,FALSE,FALSE,FALSE,prototype,Orthoflavivirus encephalitidis,,,,Antibodies,host_presence_only,low,TRUE,candidate_only,,,,,,,,FALSE,FALSE,FALSE,,,,,,,,,,,FALSE
Venezuelan equine encephalitis,aedes angustivittatus,,vector,TRUE,TRUE,FALSE,TRUE,both,Alphavirus venezuelan,,,,,,,,,mosquito,species,aedes angustivittatus,,,,,TRUE,FALSE,TRUE,candidate,review,lit_review,,,unclear,,yes,,field_detection_only,FALSE
Venezuelan equine encephalitis,aedes detritus,,vector,TRUE,TRUE,FALSE,TRUE,both,Alphavirus venezuelan,,,,,,,,,mosquito,species,aedes detritus,,,,,TRUE,TRUE,FALSE,candidate,efsa_appendix_g,EFSA,TRUE,blood_meal,,,,,,FALSE
Venezuelan equine encephalitis,aedes fulvus,,vector,TRUE,TRUE,FALSE,TRUE,both,Alphavirus venezuelan,,,,,,,,,mosquito,species,aedes fulvus,,,,,TRUE,FALSE,TRUE,candidate,review,lit_review,FALSE,,unclear,,,,,FALSE
Venezuelan equine encephalitis,aedes scapularis,,vector,TRUE,TRUE,FALSE,TRUE,both,Alphavirus venezuelan,,,,,,,,,mosquito,species,aedes scapularis,,,,,TRUE,TRUE,TRUE,probable,review,lit_review,TRUE,blood_meal,competent,yes,,,,FALSE
Venezuelan equine encephalitis,aedes serratus,,vector,TRUE,TRUE,FALSE,TRUE,both,Alphavirus venezuelan,,,,,,,,,mosquito,species,aedes serratus,,,,,TRUE,TRUE,TRUE,candidate,review,lit_review,TRUE,blood_meal,unclear,,,,,FALSE
Venezuelan equine encephalitis,aedes taeniorhynchus,,vector,TRUE,TRUE,FALSE,TRUE,both,Alphavirus venezuelan,,,,,,,,,mosquito,species,aedes taeniorhynchus,epidemic_vector,high,TRUE,draft_source_backed,TRUE,TRUE,TRUE,confirmed; probable,review,lit_review,TRUE,blood_meal,competent,yes,,epizootic_vector|primary_vector,,FALSE
Venezuelan equine encephalitis,anopheles pseudopunctipennis,,vector,TRUE,TRUE,FALSE,TRUE,both,Alphavirus venezuelan,,,,,,,,,mosquito,species,anopheles pseudopunctipennis,,,,,TRUE,FALSE,TRUE,probable,review,lit_review,,,unclear,,yes,,strain_dependent,FALSE
Venezuelan equine encephalitis,coquillettidia venezuelensis,,vector,TRUE,TRUE,FALSE,TRUE,both,Alphavirus venezuelan,,,,,,,,,mosquito,species,coquillettidia venezuelensis,,,,,TRUE,TRUE,TRUE,probable,review,lit_review,TRUE,blood_meal,competent,yes,,,,FALSE
Venezuelan equine encephalitis,culex adamesi,,vector,TRUE,TRUE,FALSE,TRUE,both,Alphavirus venezuelan,,,,,,,,,mosquito,species,culex adamesi,,,,,TRUE,FALSE,TRUE,candidate; confirmed,field; review,lit_review,,,competent,yes,yes,secondary_vector,field_detection_only|strain_dependent,FALSE
Venezuelan equine encephalitis,culex aikenii sensu lato,,vector,TRUE,TRUE,FALSE,TRUE,both,Alphavirus venezuelan,,,,,,,,,mosquito,sensu_lato,culex aikenii sensu lato,,,,,TRUE,FALSE,TRUE,confirmed,review,lit_review,,,unclear,,yes,,field_detection_only|strain_dependent,FALSE
Venezuelan equine encephalitis,culex cedecei,,vector,TRUE,TRUE,FALSE,TRUE,both,Alphavirus venezuelan,,,,,,,,,mosquito,species,culex cedecei,,,,,TRUE,TRUE,TRUE,candidate,review,lit_review,TRUE,blood_meal,competent,yes,,,strain_dependent,FALSE
Venezuelan equine encephalitis,culex cedeci,,vector,TRUE,TRUE,FALSE,TRUE,both,Alphavirus venezuelan,,,,,,,,,mosquito,species,culex cedeci,,,,,TRUE,FALSE,TRUE,confirmed,review,lit_review,,,competent,yes,,,spelling_or_ocr_issue|strain_dependent,FALSE
Venezuelan equine encephalitis,culex crybda,,vector,TRUE,TRUE,FALSE,TRUE,both,Alphavirus venezuelan,,,,,,,,,mosquito,species,culex crybda,,,,,TRUE,FALSE,TRUE,candidate,review,lit_review,,,unclear,,,,,FALSE
Venezuelan equine encephalitis,culex declarator,,vector,TRUE,TRUE,FALSE,TRUE,both,Alphavirus venezuelan,,,,,,,,,mosquito,species,culex declarator,,,,,TRUE,TRUE,TRUE,candidate,review,lit_review,TRUE,blood_meal,unclear,,,,,FALSE
Venezuelan equine encephalitis,culex delpontei,,vector,TRUE,TRUE,FALSE,TRUE,both,Alphavirus venezuelan,,,,,,,,,mosquito,species,culex delpontei,,,,,TRUE,FALSE,TRUE,candidate,review,lit_review,,,unclear,,,,,FALSE
Venezuelan equine encephalitis,culex dunni,,vector,TRUE,TRUE,FALSE,TRUE,both,Alphavirus venezuelan,,,,,,,,,mosquito,species,culex dunni,,,,,TRUE,TRUE,TRUE,candidate,review,lit_review,TRUE,blood_meal,unclear,,,,,FALSE
Venezuelan equine encephalitis,culex erraticus,,vector,TRUE,TRUE,FALSE,TRUE,both,Alphavirus venezuelan,,,,,,,,,mosquito,species,culex erraticus,,,,,TRUE,TRUE,TRUE,probable,review,lit_review,TRUE,blood_meal,unclear,,yes,,,FALSE
Venezuelan equine encephalitis,culex gnomatos,,vector,TRUE,TRUE,FALSE,TRUE,both,Alphavirus venezuelan,,,,,,,,,mosquito,species,culex gnomatos,,,,,TRUE,FALSE,TRUE,candidate,review,EFSA; lit_review,,,unclear,,,,,FALSE
Venezuelan equine encephalitis,culex gnomatos vomerifer,,vector,TRUE,TRUE,FALSE,TRUE,both,Alphavirus venezuelan,,,,,,,,,mosquito,infraspecific,culex gnomatos vomerifer,,,,,TRUE,FALSE,FALSE,candidate,efsa_appendix_g,EFSA,,,,,,,,FALSE
Venezuelan equine encephalitis,culex nigripalpus,,vector,TRUE,TRUE,FALSE,TRUE,both,Alphavirus venezuelan,,,,,,,,,mosquito,species,culex nigripalpus,,,,,TRUE,TRUE,TRUE,candidate,review,lit_review,TRUE,blood_meal,unclear,,,,,FALSE
Venezuelan equine encephalitis,culex ocossa,,vector,TRUE,TRUE,FALSE,TRUE,both,Alphavirus venezuelan,,,,,,,,,mosquito,species,culex ocossa,,,,,TRUE,TRUE,TRUE,candidate; probable,review,lit_review,TRUE,blood_meal,unclear,,yes,,,FALSE
Venezuelan equine encephalitis,culex panocossa,,vector,TRUE,TRUE,FALSE,TRUE,both,Alphavirus venezuelan,,,,,,,,,mosquito,species,culex panocossa,,,,,TRUE,FALSE,TRUE,probable,review,lit_review,,,competent,yes,,,,FALSE
Venezuelan equine encephalitis,culex pedroi,,vector,TRUE,TRUE,FALSE,TRUE,both,Alphavirus venezuelan,,,,,,,,,mosquito,species,culex pedroi,,,,,TRUE,TRUE,TRUE,candidate; confirmed,field; review,lit_review,TRUE,blood_meal,competent,yes,yes,primary_vector,field_detection_only|strain_dependent,FALSE
Venezuelan equine encephalitis,culex portesi,,vector,TRUE,TRUE,FALSE,TRUE,both,Alphavirus venezuelan,,,,,,,,,mosquito,species,culex portesi,,,,,TRUE,FALSE,TRUE,candidate; confirmed,review,lit_review,,,competent,yes,,,strain_dependent,FALSE
Venezuelan equine encephalitis,culex spissipes,,vector,TRUE,TRUE,FALSE,TRUE,both,Alphavirus venezuelan,,,,,,,,,mosquito,species,culex spissipes,,,,,TRUE,FALSE,TRUE,candidate,review,lit_review,FALSE,,unclear,,,,,FALSE
Venezuelan equine encephalitis,culex taeniopus,,vector,TRUE,TRUE,FALSE,TRUE,both,Alphavirus venezuelan,,,,,,,,,mosquito,species,culex taeniopus,,,,,TRUE,TRUE,TRUE,candidate; confirmed,review,EFSA; lit_review; lit_review,TRUE,blood_meal,competent,yes,,enzootic_vector|primary_vector,strain_dependent,FALSE
Venezuelan equine encephalitis,culex vomerifer,,vector,TRUE,TRUE,FALSE,TRUE,both,Alphavirus venezuelan,,,,,,,,,mosquito,species,culex vomerifer,,,,,TRUE,FALSE,TRUE,candidate; confirmed,field; review,lit_review,,,competent,yes,yes,primary_vector,,FALSE
Venezuelan equine encephalitis,mansonia dyari,,vector,TRUE,TRUE,FALSE,TRUE,both,Alphavirus venezuelan,,,,,,,,,mosquito,species,mansonia dyari,,,,,TRUE,FALSE,TRUE,probable,review,lit_review,,,unclear,,yes,,strain_dependent,FALSE
Venezuelan equine encephalitis,mansonia indubitans,,vector,TRUE,TRUE,FALSE,TRUE,both,Alphavirus venezuelan,,,,,,,,,mosquito,species,mansonia indubitans,,,,,TRUE,FALSE,TRUE,probable,review,lit_review,FALSE,,unclear,,yes,,strain_dependent,FALSE
Venezuelan equine encephalitis,mansonia titillans,,vector,TRUE,TRUE,FALSE,TRUE,both,Alphavirus venezuelan,,,,,,,,,mosquito,species,mansonia titillans,,,,,TRUE,TRUE,TRUE,probable,review,lit_review,TRUE,blood_meal,unclear,,yes,,strain_dependent,FALSE
Venezuelan equine encephalitis,ochlerotatus detritus,,vector,TRUE,TRUE,FALSE,TRUE,both,Alphavirus venezuelan,,,,,,,,,mosquito,species,ochlerotatus detritus,,,,,TRUE,TRUE,TRUE,candidate,lab,lit_review,TRUE,blood_meal,unclear,yes,,,no_transmission_demonstrated,FALSE
Venezuelan equine encephalitis,psorophora albipes,,vector,TRUE,TRUE,FALSE,TRUE,both,Alphavirus venezuelan,,,,,,,,,mosquito,species,psorophora albipes,,,,,TRUE,TRUE,TRUE,probable,review,lit_review,TRUE,blood_meal,unclear,,yes,,field_detection_only,FALSE
Venezuelan equine encephalitis,psorophora columbiae,,vector,TRUE,TRUE,FALSE,TRUE,both,Alphavirus venezuelan,,,,,,,,,mosquito,species,psorophora columbiae,,,,,TRUE,TRUE,FALSE,candidate,efsa_appendix_g,EFSA,TRUE,blood_meal,,,,,,FALSE
Venezuelan equine encephalitis,psorophora confinnis,,vector,TRUE,TRUE,FALSE,TRUE,both,Alphavirus venezuelan,,,,,,,,,mosquito,species,psorophora confinnis,bridge_vector,medium,TRUE,draft_source_backed,TRUE,TRUE,TRUE,confirmed,review,lit_review,TRUE,blood_meal,competent,yes,,epizootic_vector|primary_vector,,FALSE
Venezuelan equine encephalitis,psorophora ferox,,vector,TRUE,TRUE,FALSE,TRUE,both,Alphavirus venezuelan,,,,,,,,,mosquito,species,psorophora ferox,,,,,TRUE,TRUE,TRUE,probable,review,lit_review,TRUE,blood_meal,unclear,,yes,,field_detection_only,FALSE
Venezuelan equine encephalitis,Artibeus jamaicensis,9417,host,TRUE,TRUE,FALSE,TRUE,both,Alphavirus venezuelan,mammalia,chiroptera,phyllostomidae,Antibodies,host_presence_only,low,TRUE,candidate_only,,,,,,,,FALSE,FALSE,FALSE,,,,,,,,,,,FALSE
Venezuelan equine encephalitis,Artibeus lituratus,27634,host,TRUE,TRUE,FALSE,TRUE,both,Alphavirus venezuelan,mammalia,chiroptera,phyllostomidae,Antibodies; Isolation/Observation,host_presence_only,low,TRUE,candidate_only,,,,,,,,FALSE,FALSE,FALSE,,,,,,,,,,,FALSE
Venezuelan equine encephalitis,Bos taurus,9913,host,TRUE,TRUE,FALSE,TRUE,both,Alphavirus venezuelan,mammalia,artiodactyla,bovidae,Antibodies; Not specified,host_presence_only,low,TRUE,candidate_only,,,,,,,,FALSE,FALSE,FALSE,,,,,,,,,,,FALSE
Venezuelan equine encephalitis,Butorides virescens,110671,host,TRUE,TRUE,FALSE,TRUE,both,Alphavirus venezuelan,,,,Isolation/Observation,host_presence_only,low,TRUE,candidate_only,,,,,,,,FALSE,FALSE,FALSE,,,,,,,,,,,FALSE
Venezuelan equine encephalitis,Canis latrans,9614,host,TRUE,TRUE,FALSE,TRUE,both,Alphavirus venezuelan,mammalia,carnivora,canidae,Antibodies,host_presence_only,low,TRUE,candidate_only,,,,,,,,FALSE,FALSE,FALSE,,,,,,,,,,,FALSE
Venezuelan equine encephalitis,Canis lupus,9612,host,TRUE,TRUE,FALSE,TRUE,both,Alphavirus venezuelan,mammalia,carnivora,canidae,Antibodies,host_presence_only,low,TRUE,candidate_only,,,,,,,,FALSE,FALSE,FALSE,,,,,,,,,,,FALSE
Venezuelan equine encephalitis,Capra hircus,9925,host,TRUE,TRUE,FALSE,TRUE,both,Alphavirus venezuelan,mammalia,artiodactyla,bovidae,Antibodies,host_presence_only,low,TRUE,candidate_only,,,,,,,,FALSE,FALSE,FALSE,,,,,,,,,,,FALSE
Venezuelan equine encephalitis,Carollia brevicauda,138695,host,TRUE,TRUE,FALSE,TRUE,both,Alphavirus venezuelan,mammalia,chiroptera,phyllostomidae,Antibodies,host_presence_only,low,TRUE,candidate_only,,,,,,,,FALSE,FALSE,FALSE,,,,,,,,,,,FALSE
Venezuelan equine encephalitis,Carollia perspicillata,40233,host,TRUE,TRUE,FALSE,TRUE,both,Alphavirus venezuelan,mammalia,chiroptera,phyllostomidae,Isolation/Observation,host_presence_only,low,TRUE,candidate_only,,,,,,,,FALSE,FALSE,FALSE,,,,,,,,,,,FALSE
Venezuelan equine encephalitis,Coragyps atratus,33614,host,TRUE,TRUE,FALSE,TRUE,both,Alphavirus venezuelan,aves,cathartiformes,cathartidae,Antibodies,host_presence_only,low,TRUE,candidate_only,,,,,,,,FALSE,FALSE,FALSE,,,,,,,,,,,FALSE
Venezuelan equine encephalitis,Corvus brachyrhynchos,85066,host,TRUE,TRUE,FALSE,TRUE,both,Alphavirus venezuelan,aves,passeriformes,corvidae,Antibodies,host_presence_only,low,TRUE,candidate_only,,,,,,,,FALSE,FALSE,FALSE,,,,,,,,,,,FALSE
Venezuelan equine encephalitis,Crotophaga sulcirostris,33598,host,TRUE,TRUE,FALSE,TRUE,both,Alphavirus venezuelan,aves,cuculiformes,cuculidae,Isolation/Observation,host_presence_only,low,TRUE,candidate_only,,,,,,,,FALSE,FALSE,FALSE,,,,,,,,,,,FALSE
Venezuelan equine encephalitis,Dermanura phaeotis,40229,host,TRUE,TRUE,FALSE,TRUE,both,Alphavirus venezuelan,mammalia,chiroptera,phyllostomidae,Antibodies; Isolation/Observation,host_presence_only,low,TRUE,candidate_only,,,,,,,,FALSE,FALSE,FALSE,,,,,,,,,,,FALSE
Venezuelan equine encephalitis,Desmodus rotundus,9430,host,TRUE,TRUE,FALSE,TRUE,both,Alphavirus venezuelan,mammalia,chiroptera,phyllostomidae,Isolation/Observation,host_presence_only,low,TRUE,candidate_only,,,,,,,,FALSE,FALSE,FALSE,,,,,,,,,,,FALSE
Venezuelan equine encephalitis,Didelphis marsupialis,9268,host,TRUE,TRUE,FALSE,TRUE,both,Alphavirus venezuelan,mammalia,didelphimorphia,didelphidae,Antibodies; Isolation/Observation,host_presence_only,low,TRUE,candidate_only,,,,,,,,FALSE,FALSE,FALSE,,,,,,,,,,,FALSE
Venezuelan equine encephalitis,Didelphis virginiana,9267,host,TRUE,TRUE,FALSE,TRUE,both,Alphavirus venezuelan,mammalia,didelphimorphia,didelphidae,Antibodies,host_presence_only,low,TRUE,candidate_only,,,,,,,,FALSE,FALSE,FALSE,,,,,,,,,,,FALSE
Venezuelan equine encephalitis,Egretta caerulea,110682,host,TRUE,TRUE,FALSE,TRUE,both,Alphavirus venezuelan,aves,pelecaniformes,ardeidae,Isolation/Observation,host_presence_only,low,TRUE,candidate_only,,,,,,,,FALSE,FALSE,FALSE,,,,,,,,,,,FALSE
Venezuelan equine encephalitis,Equus asinus,9793,host,TRUE,TRUE,FALSE,TRUE,both,Alphavirus venezuelan,mammalia,perissodactyla,equidae,Isolation/Observation,host_presence_only,low,TRUE,candidate_only,,,,,,,,FALSE,FALSE,FALSE,,,,,,,,,,,FALSE
Venezuelan equine encephalitis,Equus caballus,9796,host,TRUE,TRUE,FALSE,TRUE,both,Alphavirus venezuelan,mammalia,perissodactyla,equidae,Isolation/Observation; Not specified; PCR/Sequencing,amplifying_host,high,FALSE,draft_source_backed,,,,,,,,FALSE,FALSE,FALSE,,,,,,,,,,,FALSE
Venezuelan equine encephalitis,Gallus gallus,9031,host,TRUE,TRUE,FALSE,TRUE,both,Alphavirus venezuelan,aves,galliformes,phasianidae,Antibodies,host_presence_only,low,TRUE,candidate_only,,,,,,,,FALSE,FALSE,FALSE,,,,,,,,,,,FALSE
Venezuelan equine encephalitis,Glossophaga soricina,27638,host,TRUE,TRUE,FALSE,TRUE,both,Alphavirus venezuelan,mammalia,chiroptera,phyllostomidae,Isolation/Observation; PCR/Sequencing,host_presence_only,low,TRUE,candidate_only,,,,,,,,FALSE,FALSE,FALSE,,,,,,,,,,,FALSE
Venezuelan equine encephalitis,Heteromys anomalus,348153,host,TRUE,TRUE,FALSE,TRUE,both,Alphavirus venezuelan,mammalia,rodentia,heteromyidae,Isolation/Observation,host_presence_only,low,TRUE,candidate_only,,,,,,,,FALSE,FALSE,FALSE,,,,,,,,,,,FALSE
Venezuelan equine encephalitis,Homo sapiens,9606,host,TRUE,TRUE,FALSE,TRUE,both,Alphavirus venezuelan,,,,Isolation/Observation; Not specified; PCR/Sequencing,host_presence_only,low,TRUE,candidate_only,,,,,,,,FALSE,FALSE,FALSE,,,,,,,,,,,FALSE
Venezuelan equine encephalitis,Hylaeamys laticeps,530175,host,TRUE,TRUE,FALSE,TRUE,both,Alphavirus venezuelan,mammalia,rodentia,cricetidae,Isolation/Observation,host_presence_only,low,TRUE,candidate_only,,,,,,,,FALSE,FALSE,FALSE,,,,,,,,,,,FALSE
Venezuelan equine encephalitis,Icterus prosthemelas,223164,host,TRUE,TRUE,FALSE,TRUE,both,Alphavirus venezuelan,aves,passeriformes,icteridae,Isolation/Observation,host_presence_only,low,TRUE,candidate_only,,,,,,,,FALSE,FALSE,FALSE,,,,,,,,,,,FALSE
Venezuelan equine encephalitis,Marmosa robinsoni,91496,host,TRUE,TRUE,FALSE,TRUE,both,Alphavirus venezuelan,mammalia,didelphimorphia,didelphidae,Isolation/Observation,host_presence_only,low,TRUE,candidate_only,,,,,,,,FALSE,FALSE,FALSE,,,,,,,,,,,FALSE
Venezuelan equine encephalitis,Meleagris gallopavo,9103,host,TRUE,TRUE,FALSE,TRUE,both,Alphavirus venezuelan,aves,galliformes,phasianidae,Antibodies,host_presence_only,low,TRUE,candidate_only,,,,,,,,FALSE,FALSE,FALSE,,,,,,,,,,,FALSE
Venezuelan equine encephalitis,Mus musculus,10090,host,TRUE,TRUE,FALSE,TRUE,both,Alphavirus venezuelan,mammalia,rodentia,muridae,Antibodies; Isolation/Observation,host_presence_only,low,TRUE,candidate_only,,,,,,,,FALSE,FALSE,FALSE,,,,,,,,,,,FALSE
Venezuelan equine encephalitis,Myiozetetes granadensis,1118795,host,TRUE,TRUE,FALSE,TRUE,both,Alphavirus venezuelan,aves,passeriformes,tyrannidae,Isolation/Observation,host_presence_only,low,TRUE,candidate_only,,,,,,,,FALSE,FALSE,FALSE,,,,,,,,,,,FALSE
Venezuelan equine encephalitis,Myiozetetes similis,478647,host,TRUE,TRUE,FALSE,TRUE,both,Alphavirus venezuelan,aves,passeriformes,tyrannidae,Isolation/Observation,host_presence_only,low,TRUE,candidate_only,,,,,,,,FALSE,FALSE,FALSE,,,,,,,,,,,FALSE
Venezuelan equine encephalitis,Myotis nigricans,153286,host,TRUE,TRUE,FALSE,TRUE,both,Alphavirus venezuelan,mammalia,chiroptera,vespertilionidae,Antibodies,host_presence_only,low,TRUE,candidate_only,,,,,,,,FALSE,FALSE,FALSE,,,,,,,,,,,FALSE
Venezuelan equine encephalitis,Nectomys squamipes,29117,host,TRUE,TRUE,FALSE,TRUE,both,Alphavirus venezuelan,mammalia,rodentia,cricetidae,Isolation/Observation,host_presence_only,low,TRUE,candidate_only,,,,,,,,FALSE,FALSE,FALSE,,,,,,,,,,,FALSE
Venezuelan equine encephalitis,Odocoileus virginianus,9874,host,TRUE,TRUE,FALSE,TRUE,both,Alphavirus venezuelan,mammalia,artiodactyla,cervidae,Antibodies,host_presence_only,low,TRUE,candidate_only,,,,,,,,FALSE,FALSE,FALSE,,,,,,,,,,,FALSE
Venezuelan equine encephalitis,Ovis aries,9940,host,TRUE,TRUE,FALSE,TRUE,both,Alphavirus venezuelan,mammalia,artiodactyla,bovidae,Antibodies,host_presence_only,low,TRUE,candidate_only,,,,,,,,FALSE,FALSE,FALSE,,,,,,,,,,,FALSE
Venezuelan equine encephalitis,Peromyscus maniculatus,10042,host,TRUE,TRUE,FALSE,TRUE,both,Alphavirus venezuelan,mammalia,rodentia,cricetidae,Antibodies,host_presence_only,low,TRUE,candidate_only,,,,,,,,FALSE,FALSE,FALSE,,,,,,,,,,,FALSE
Venezuelan equine encephalitis,Philander opossum,9272,host,TRUE,TRUE,FALSE,TRUE,both,Alphavirus venezuelan,mammalia,didelphimorphia,didelphidae,Antibodies,host_presence_only,low,TRUE,candidate_only,,,,,,,,FALSE,FALSE,FALSE,,,,,,,,,,,FALSE
Venezuelan equine encephalitis,Phyllostomus discolor,89673,host,TRUE,TRUE,FALSE,TRUE,both,Alphavirus venezuelan,mammalia,chiroptera,phyllostomidae,Antibodies,host_presence_only,low,TRUE,candidate_only,,,,,,,,FALSE,FALSE,FALSE,,,,,,,,,,,FALSE
Venezuelan equine encephalitis,Procyon lotor,9654,host,TRUE,TRUE,FALSE,TRUE,both,Alphavirus venezuelan,mammalia,carnivora,procyonidae,Antibodies,host_presence_only,low,TRUE,candidate_only,,,,,,,,FALSE,FALSE,FALSE,,,,,,,,,,,FALSE
Venezuelan equine encephalitis,Proechimys guyannensis,128105,host,TRUE,TRUE,FALSE,TRUE,both,Alphavirus venezuelan,mammalia,rodentia,echimyidae,Isolation/Observation,host_presence_only,low,TRUE,candidate_only,,,,,,,,FALSE,FALSE,FALSE,,,,,,,,,,,FALSE
Venezuelan equine encephalitis,Proechimys semispinosus,1246547,host,TRUE,TRUE,FALSE,TRUE,both,Alphavirus venezuelan,mammalia,rodentia,echimyidae,Antibodies; Isolation/Observation,host_presence_only,low,TRUE,candidate_only,,,,,,,,FALSE,FALSE,FALSE,,,,,,,,,,,FALSE
Venezuelan equine encephalitis,Quiscalus quiscula,84782,host,TRUE,TRUE,FALSE,TRUE,both,Alphavirus venezuelan,aves,passeriformes,icteridae,Antibodies,host_presence_only,low,TRUE,candidate_only,,,,,,,,FALSE,FALSE,FALSE,,,,,,,,,,,FALSE
Venezuelan equine encephalitis,Ramphocelus passerinii,36725,host,TRUE,TRUE,FALSE,TRUE,both,Alphavirus venezuelan,aves,passeriformes,thraupidae,Isolation/Observation,host_presence_only,low,TRUE,candidate_only,,,,,,,,FALSE,FALSE,FALSE,,,,,,,,,,,FALSE
Venezuelan equine encephalitis,Rattus norvegicus,10116,host,TRUE,TRUE,FALSE,TRUE,both,Alphavirus venezuelan,mammalia,rodentia,muridae,Isolation/Observation,host_presence_only,low,TRUE,candidate_only,,,,,,,,FALSE,FALSE,FALSE,,,,,,,,,,,FALSE
Venezuelan equine encephalitis,Rattus rattus,10117,host,TRUE,TRUE,FALSE,TRUE,both,Alphavirus venezuelan,mammalia,rodentia,muridae,Antibodies,host_presence_only,low,TRUE,candidate_only,,,,,,,,FALSE,FALSE,FALSE,,,,,,,,,,,FALSE
Venezuelan equine encephalitis,Reithrodontomys megalotis,44234,host,TRUE,TRUE,FALSE,TRUE,both,Alphavirus venezuelan,mammalia,rodentia,cricetidae,Antibodies,host_presence_only,low,TRUE,candidate_only,,,,,,,,FALSE,FALSE,FALSE,,,,,,,,,,,FALSE
Venezuelan equine encephalitis,Sapajus apella,9515,host,TRUE,TRUE,FALSE,TRUE,both,Alphavirus venezuelan,mammalia,primates,cebidae,Isolation/Observation,host_presence_only,low,TRUE,candidate_only,,,,,,,,FALSE,FALSE,FALSE,,,,,,,,,,,FALSE
Venezuelan equine encephalitis,Sigmodon hispidus,42415,host,TRUE,TRUE,FALSE,TRUE,both,Alphavirus venezuelan,mammalia,rodentia,cricetidae,Isolation/Observation,host_presence_only,low,TRUE,candidate_only,,,,,,,,FALSE,FALSE,FALSE,,,,,,,,,,,FALSE
Venezuelan equine encephalitis,Sturnira lilium,27660,host,TRUE,TRUE,FALSE,TRUE,both,Alphavirus venezuelan,mammalia,chiroptera,phyllostomidae,Antibodies; PCR/Sequencing,host_presence_only,low,TRUE,candidate_only,,,,,,,,FALSE,FALSE,FALSE,,,,,,,,,,,FALSE
Venezuelan equine encephalitis,Sus scrofa,9823,host,TRUE,TRUE,FALSE,TRUE,both,Alphavirus venezuelan,mammalia,artiodactyla,suidae,Antibodies; Not specified,host_presence_only,low,TRUE,candidate_only,,,,,,,,FALSE,FALSE,FALSE,,,,,,,,,,,FALSE
Venezuelan equine encephalitis,Sylvilagus floridanus,9988,host,TRUE,TRUE,FALSE,TRUE,both,Alphavirus venezuelan,mammalia,lagomorpha,leporidae,Antibodies,host_presence_only,low,TRUE,candidate_only,,,,,,,,FALSE,FALSE,FALSE,,,,,,,,,,,FALSE
Venezuelan equine encephalitis,Turdus grayi,203558,host,TRUE,TRUE,FALSE,TRUE,both,Alphavirus venezuelan,aves,passeriformes,turdidae,Isolation/Observation,host_presence_only,low,TRUE,candidate_only,,,,,,,,FALSE,FALSE,FALSE,,,,,,,,,,,FALSE
Venezuelan equine encephalitis,Urocyon cinereoargenteus,55040,host,TRUE,TRUE,FALSE,TRUE,both,Alphavirus venezuelan,mammalia,carnivora,canidae,Isolation/Observation,host_presence_only,low,TRUE,candidate_only,,,,,,,,FALSE,FALSE,FALSE,,,,,,,,,,,FALSE
Venezuelan equine encephalitis,Uroderma bilobatum,27663,host,TRUE,TRUE,FALSE,TRUE,both,Alphavirus venezuelan,mammalia,chiroptera,phyllostomidae,Isolation/Observation,host_presence_only,low,TRUE,candidate_only,,,,,,,,FALSE,FALSE,FALSE,,,,,,,,,,,FALSE
Venezuelan equine encephalitis,Ursus americanus,9643,host,TRUE,TRUE,FALSE,TRUE,both,Alphavirus venezuelan,mammalia,carnivora,ursidae,Antibodies,host_presence_only,low,TRUE,candidate_only,,,,,,,,FALSE,FALSE,FALSE,,,,,,,,,,,FALSE
Venezuelan equine encephalitis,Vulpes macrotis,9630,host,TRUE,TRUE,FALSE,TRUE,both,Alphavirus venezuelan,mammalia,carnivora,canidae,Antibodies,host_presence_only,low,TRUE,candidate_only,,,,,,,,FALSE,FALSE,FALSE,,,,,,,,,,,FALSE
Venezuelan equine encephalitis,Zygodontomys brevicauda,157541,host,TRUE,TRUE,FALSE,TRUE,both,Alphavirus venezuelan,mammalia,rodentia,cricetidae,Isolation/Observation,host_presence_only,low,TRUE,candidate_only,,,,,,,,FALSE,FALSE,FALSE,,,,,,,,,,,FALSE
Venezuelan equine encephalitis,caiman crocodilus,8499,host,TRUE,TRUE,FALSE,TRUE,both,Alphavirus venezuelan,,,,Antibodies,host_presence_only,low,TRUE,candidate_only,,,,,,,,FALSE,FALSE,FALSE,,,,,,,,,,,FALSE
Venezuelan equine encephalitis,caluromys derbianus,992409,host,TRUE,TRUE,FALSE,TRUE,both,Alphavirus venezuelan,,,,Antibodies,host_presence_only,low,TRUE,candidate_only,,,,,,,,FALSE,FALSE,FALSE,,,,,,,,,,,FALSE
Venezuelan equine encephalitis,carollia subrufa,138697,host,TRUE,TRUE,FALSE,TRUE,both,Alphavirus venezuelan,,,,Antibodies,host_presence_only,low,TRUE,candidate_only,,,,,,,,FALSE,FALSE,FALSE,,,,,,,,,,,FALSE
Venezuelan equine encephalitis,coendou mexicanus,637443,host,TRUE,TRUE,FALSE,TRUE,both,Alphavirus venezuelan,,,,Antibodies,host_presence_only,low,TRUE,candidate_only,,,,,,,,FALSE,FALSE,FALSE,,,,,,,,,,,FALSE
Venezuelan equine encephalitis,cuniculus paca,108852,host,TRUE,TRUE,FALSE,TRUE,both,Alphavirus venezuelan,,,,Antibodies,host_presence_only,low,TRUE,candidate_only,,,,,,,,FALSE,FALSE,FALSE,,,,,,,,,,,FALSE
Venezuelan equine encephalitis,dasypus novemcinctus,9361,host,TRUE,TRUE,FALSE,TRUE,both,Alphavirus venezuelan,,,,Antibodies,host_presence_only,low,TRUE,candidate_only,,,,,,,,FALSE,FALSE,FALSE,,,,,,,,,,,FALSE
Venezuelan equine encephalitis,dicotyles tajacu,9829,host,TRUE,TRUE,FALSE,TRUE,both,Alphavirus venezuelan,,,,Antibodies,host_presence_only,low,TRUE,candidate_only,,,,,,,,FALSE,FALSE,FALSE,,,,,,,,,,,FALSE
Venezuelan equine encephalitis,dipodomys microps,94248,host,TRUE,TRUE,FALSE,TRUE,both,Alphavirus venezuelan,,,,Antibodies,host_presence_only,low,TRUE,candidate_only,,,,,,,,FALSE,FALSE,FALSE,,,,,,,,,,,FALSE
Venezuelan equine encephalitis,dumetella carolinensis,111981,host,TRUE,TRUE,FALSE,TRUE,both,Alphavirus venezuelan,,,,Antibodies,host_presence_only,low,TRUE,candidate_only,,,,,,,,FALSE,FALSE,FALSE,,,,,,,,,,,FALSE
Venezuelan equine encephalitis,geomys bursarius,27682,host,TRUE,TRUE,FALSE,TRUE,both,Alphavirus venezuelan,,,,Antibodies,host_presence_only,low,TRUE,candidate_only,,,,,,,,FALSE,FALSE,FALSE,,,,,,,,,,,FALSE
Venezuelan equine encephalitis,glossophaga commissarisi,177159,host,TRUE,TRUE,FALSE,TRUE,both,Alphavirus venezuelan,,,,Antibodies,host_presence_only,low,TRUE,candidate_only,,,,,,,,FALSE,FALSE,FALSE,,,,,,,,,,,FALSE
Venezuelan equine encephalitis,handleyomys alfaroi,530171,host,TRUE,TRUE,FALSE,TRUE,both,Alphavirus venezuelan,,,,Antibodies,host_presence_only,low,TRUE,candidate_only,,,,,,,,FALSE,FALSE,FALSE,,,,,,,,,,,FALSE
Venezuelan equine encephalitis,heteromys salvini,348155,host,TRUE,TRUE,FALSE,TRUE,both,Alphavirus venezuelan,,,,Antibodies,host_presence_only,low,TRUE,candidate_only,,,,,,,,FALSE,FALSE,FALSE,,,,,,,,,,,FALSE
Venezuelan equine encephalitis,hoplomys gymnurus,176501,host,TRUE,TRUE,FALSE,TRUE,both,Alphavirus venezuelan,,,,Antibodies,host_presence_only,low,TRUE,candidate_only,,,,,,,,FALSE,FALSE,FALSE,,,,,,,,,,,FALSE
Venezuelan equine encephalitis,iguana iguana,8517,host,TRUE,TRUE,FALSE,TRUE,both,Alphavirus venezuelan,,,,Antibodies,host_presence_only,low,TRUE,candidate_only,,,,,,,,FALSE,FALSE,FALSE,,,,,,,,,,,FALSE
Venezuelan equine encephalitis,lepus californicus,48087,host,TRUE,TRUE,FALSE,TRUE,both,Alphavirus venezuelan,,,,Antibodies,host_presence_only,low,TRUE,candidate_only,,,,,,,,FALSE,FALSE,FALSE,,,,,,,,,,,FALSE
Venezuelan equine encephalitis,melanomys caliginosus,218793,host,TRUE,TRUE,FALSE,TRUE,both,Alphavirus venezuelan,,,,Antibodies,host_presence_only,low,TRUE,candidate_only,,,,,,,,FALSE,FALSE,FALSE,,,,,,,,,,,FALSE
Venezuelan equine encephalitis,oreoscoptes montanus,99873,host,TRUE,TRUE,FALSE,TRUE,both,Alphavirus venezuelan,,,,Antibodies,host_presence_only,low,TRUE,candidate_only,,,,,,,,FALSE,FALSE,FALSE,,,,,,,,,,,FALSE
Venezuelan equine encephalitis,oryzomys palustris,37020,host,TRUE,TRUE,FALSE,TRUE,both,Alphavirus venezuelan,,,,Antibodies,host_presence_only,low,TRUE,candidate_only,,,,,,,,FALSE,FALSE,FALSE,,,,,,,,,,,FALSE
Venezuelan equine encephalitis,peromyscus gossypinus,42411,host,TRUE,TRUE,FALSE,TRUE,both,Alphavirus venezuelan,,,,Antibodies,host_presence_only,low,TRUE,candidate_only,,,,,,,,FALSE,FALSE,FALSE,,,,,,,,,,,FALSE
Venezuelan equine encephalitis,proechimys guairae,10163,host,TRUE,TRUE,FALSE,TRUE,both,Alphavirus venezuelan,,,,Antibodies,host_presence_only,low,TRUE,candidate_only,,,,,,,,FALSE,FALSE,FALSE,,,,,,,,,,,FALSE
Venezuelan equine encephalitis,pteroglossus torquatus,283161,host,TRUE,TRUE,FALSE,TRUE,both,Alphavirus venezuelan,,,,Antibodies,host_presence_only,low,TRUE,candidate_only,,,,,,,,FALSE,FALSE,FALSE,,,,,,,,,,,FALSE
Venezuelan equine encephalitis,ramphastos sulfuratus,322582,host,TRUE,TRUE,FALSE,TRUE,both,Alphavirus venezuelan,,,,Antibodies,host_presence_only,low,TRUE,candidate_only,,,,,,,,FALSE,FALSE,FALSE,,,,,,,,,,,FALSE
Venezuelan equine encephalitis,ramphastos swainsonii,207748,host,TRUE,TRUE,FALSE,TRUE,both,Alphavirus venezuelan,,,,Antibodies,host_presence_only,low,TRUE,candidate_only,,,,,,,,FALSE,FALSE,FALSE,,,,,,,,,,,FALSE
Venezuelan equine encephalitis,sciurus granatensis,226870,host,TRUE,TRUE,FALSE,TRUE,both,Alphavirus venezuelan,,,,Antibodies,host_presence_only,low,TRUE,candidate_only,,,,,,,,FALSE,FALSE,FALSE,,,,,,,,,,,FALSE
Venezuelan equine encephalitis,sciurus variegatoides,226875,host,TRUE,TRUE,FALSE,TRUE,both,Alphavirus venezuelan,,,,Antibodies,host_presence_only,low,TRUE,candidate_only,,,,,,,,FALSE,FALSE,FALSE,,,,,,,,,,,FALSE
Venezuelan equine encephalitis,setophaga coronata,111975,host,TRUE,TRUE,FALSE,TRUE,both,Alphavirus venezuelan,,,,Antibodies,host_presence_only,low,TRUE,candidate_only,,,,,,,,FALSE,FALSE,FALSE,,,,,,,,,,,FALSE
Venezuelan equine encephalitis,sturnira ludovici,192405,host,TRUE,TRUE,FALSE,TRUE,both,Alphavirus venezuelan,,,,Antibodies,host_presence_only,low,TRUE,candidate_only,,,,,,,,FALSE,FALSE,FALSE,,,,,,,,,,,FALSE
Venezuelan equine encephalitis,sylvilagus audubonii,30581,host,TRUE,TRUE,FALSE,TRUE,both,Alphavirus venezuelan,,,,Antibodies,host_presence_only,low,TRUE,candidate_only,,,,,,,,FALSE,FALSE,FALSE,,,,,,,,,,,FALSE
Venezuelan equine encephalitis,sylvilagus nuttallii,50378,host,TRUE,TRUE,FALSE,TRUE,both,Alphavirus venezuelan,,,,Antibodies,host_presence_only,low,TRUE,candidate_only,,,,,,,,FALSE,FALSE,FALSE,,,,,,,,,,,FALSE
Venezuelan equine encephalitis,transandinomys bolivaris,530183,host,TRUE,TRUE,FALSE,TRUE,both,Alphavirus venezuelan,,,,Antibodies,host_presence_only,low,TRUE,candidate_only,,,,,,,,FALSE,FALSE,FALSE,,,,,,,,,,,FALSE
West Nile fever,aedes albopictus,,vector,TRUE,TRUE,TRUE,TRUE,prototype,Orthoflavivirus nilense,,,,,,,,,mosquito,species,aedes albopictus,,,,,TRUE,TRUE,TRUE,confirmed,review,EFSA; lit_review,TRUE,blood_meal,competent,yes,,,,FALSE
West Nile fever,aedes alternans,,vector,TRUE,TRUE,TRUE,TRUE,prototype,Orthoflavivirus nilense,,,,,,,,,mosquito,species,aedes alternans,,,,,TRUE,FALSE,TRUE,candidate,field,lit_review,,,unclear,,,secondary_vector,,FALSE
West Nile fever,aedes australis,,vector,TRUE,TRUE,TRUE,TRUE,prototype,Orthoflavivirus nilense,,,,,,,,,mosquito,species,aedes australis,,,,,TRUE,FALSE,FALSE,candidate,efsa_appendix_g,EFSA,,,,,,,,FALSE
West Nile fever,aedes canadensis,,vector,TRUE,TRUE,TRUE,TRUE,prototype,Orthoflavivirus nilense,,,,,,,,,mosquito,species,aedes canadensis,,,,,TRUE,TRUE,FALSE,candidate,efsa_appendix_g,EFSA,TRUE,blood_meal,,,,,,FALSE
West Nile fever,aedes cantans,,vector,TRUE,TRUE,TRUE,TRUE,prototype,Orthoflavivirus nilense,,,,,,,,,mosquito,species,aedes cantans,,,,,TRUE,TRUE,FALSE,candidate,review,lit_review,TRUE,blood_meal,,,,,,FALSE
West Nile fever,aedes caspius,,vector,TRUE,TRUE,TRUE,TRUE,prototype,Orthoflavivirus nilense,,,,,,,,,mosquito,species,aedes caspius,,,,,TRUE,TRUE,TRUE,candidate,review,lit_review,TRUE,blood_meal,not_competent,no,,,mixed_or_debated_evidence|no_transmission_demonstrated,FALSE
West Nile fever,aedes detritus,,vector,TRUE,TRUE,TRUE,TRUE,prototype,Orthoflavivirus nilense,,,,,,,,,mosquito,species,aedes detritus,,,,,TRUE,TRUE,TRUE,confirmed,review,EFSA; lit_review,TRUE,blood_meal,competent,yes,,,,FALSE
West Nile fever,aedes dorsalis,,vector,TRUE,TRUE,TRUE,TRUE,prototype,Orthoflavivirus nilense,,,,,,,,,mosquito,species,aedes dorsalis,,,,,TRUE,TRUE,FALSE,candidate,efsa_appendix_g,EFSA,TRUE,blood_meal,,,,,,FALSE
West Nile fever,aedes excrucians,,vector,TRUE,TRUE,TRUE,TRUE,prototype,Orthoflavivirus nilense,,,,,,,,,mosquito,species,aedes excrucians,,,,,TRUE,TRUE,FALSE,candidate,review,lit_review,TRUE,blood_meal,,,,,,FALSE
West Nile fever,aedes geniculatus,,vector,TRUE,TRUE,TRUE,TRUE,prototype,Orthoflavivirus nilense,,,,,,,,,mosquito,species,aedes geniculatus,,,,,TRUE,TRUE,TRUE,candidate,review,lit_review,FALSE,,competent,yes,,,,FALSE
West Nile fever,aedes japonicus,,vector,TRUE,TRUE,TRUE,TRUE,prototype,Orthoflavivirus nilense,,,,,,,,,mosquito,species,aedes japonicus,,,,,TRUE,TRUE,FALSE,candidate,efsa_appendix_g,EFSA,TRUE,blood_meal,,,,,,FALSE
West Nile fever,aedes japonicus japonicus,,vector,TRUE,TRUE,TRUE,TRUE,prototype,Orthoflavivirus nilense,,,,,,,,,mosquito,infraspecific,aedes japonicus japonicus,,,,,TRUE,FALSE,TRUE,weak,review,lit_review,,,not_competent,no,,,no_infection_detected,FALSE
West Nile fever,aedes kochi,,vector,TRUE,TRUE,TRUE,TRUE,prototype,Orthoflavivirus nilense,,,,,,,,,mosquito,species,aedes kochi,,,,,TRUE,FALSE,FALSE,candidate,efsa_appendix_g,EFSA,,,,,,,,FALSE
West Nile fever,aedes melanimon,,vector,TRUE,TRUE,TRUE,TRUE,prototype,Orthoflavivirus nilense,,,,,,,,,mosquito,species,aedes melanimon,,,,,TRUE,TRUE,FALSE,candidate,efsa_appendix_g,EFSA,FALSE,,,,,,,FALSE
West Nile fever,aedes normanensis,,vector,TRUE,TRUE,TRUE,TRUE,prototype,Orthoflavivirus nilense,,,,,,,,,mosquito,species,aedes normanensis,,,,,TRUE,TRUE,TRUE,candidate,field,lit_review,FALSE,,unclear,,,secondary_vector,,FALSE
West Nile fever,aedes notoscriptus,,vector,TRUE,TRUE,TRUE,TRUE,prototype,Orthoflavivirus nilense,,,,,,,,,mosquito,species,aedes notoscriptus,,,,,TRUE,TRUE,TRUE,candidate,review,EFSA; lit_review,TRUE,blood_meal,unclear,,,bridge_vector|candidate_vector,,FALSE
West Nile fever,aedes procax,,vector,TRUE,TRUE,TRUE,TRUE,prototype,Orthoflavivirus nilense,,,,,,,,,mosquito,species,aedes procax,,,,,TRUE,TRUE,FALSE,candidate,efsa_appendix_g,EFSA,FALSE,,,,,,,FALSE
West Nile fever,aedes rusticus,,vector,TRUE,TRUE,TRUE,TRUE,prototype,Orthoflavivirus nilense,,,,,,,,,mosquito,species,aedes rusticus,,,,,TRUE,FALSE,TRUE,probable,lab,lit_review,,,competent,yes,,candidate_vector,,FALSE
West Nile fever,aedes sierrensis,,vector,TRUE,TRUE,TRUE,TRUE,prototype,Orthoflavivirus nilense,,,,,,,,,mosquito,species,aedes sierrensis,,,,,TRUE,TRUE,FALSE,candidate,efsa_appendix_g,EFSA,TRUE,blood_meal,,,,,,FALSE
West Nile fever,aedes spp,,vector,TRUE,TRUE,TRUE,TRUE,prototype,Orthoflavivirus nilense,,,,,,,,,mosquito,genus_only,aedes spp,,,,,TRUE,FALSE,TRUE,candidate,review,lit_review,,,unclear,,,,,FALSE
West Nile fever,aedes taeniorhynchus,,vector,TRUE,TRUE,TRUE,TRUE,prototype,Orthoflavivirus nilense,,,,,,,,,mosquito,species,aedes taeniorhynchus,,,,,TRUE,TRUE,FALSE,candidate,efsa_appendix_g,EFSA,TRUE,blood_meal,,,,,,FALSE
West Nile fever,aedes tremulus,,vector,TRUE,TRUE,TRUE,TRUE,prototype,Orthoflavivirus nilense,,,,,,,,,mosquito,species,aedes tremulus,,,,,TRUE,FALSE,FALSE,candidate,field,lit_review,,,,,,,,FALSE
West Nile fever,aedes triseriatus,,vector,TRUE,TRUE,TRUE,TRUE,prototype,Orthoflavivirus nilense,,,,,,,,,mosquito,species,aedes triseriatus,,,,,TRUE,TRUE,FALSE,candidate,efsa_appendix_g,EFSA,TRUE,blood_meal,,,,,,FALSE
West Nile fever,aedes vexans,,vector,TRUE,TRUE,TRUE,TRUE,prototype,Orthoflavivirus nilense,,,,,,,,,mosquito,species,aedes vexans,,,,,TRUE,TRUE,TRUE,candidate,review,EFSA; lit_review,TRUE,blood_meal,competent,yes,,secondary_vector,,FALSE
West Nile fever,aedes vigilax,,vector,TRUE,TRUE,TRUE,TRUE,prototype,Orthoflavivirus nilense,,,,,,,,,mosquito,species,aedes vigilax,,,,,TRUE,TRUE,TRUE,candidate,review,EFSA; lit_review,TRUE,blood_meal,unclear,,,bridge_vector|candidate_vector,,FALSE
West Nile fever,anopheles amictus,,vector,TRUE,TRUE,TRUE,TRUE,prototype,Orthoflavivirus nilense,,,,,,,,,mosquito,species,anopheles amictus,,,,,TRUE,TRUE,TRUE,weak,field,lit_review,TRUE,blood_meal,unclear,,,,,FALSE
West Nile fever,anopheles atroparvus,,vector,TRUE,TRUE,TRUE,TRUE,prototype,Orthoflavivirus nilense,,,,,,,,,mosquito,species,anopheles atroparvus,,,,,TRUE,TRUE,FALSE,candidate,review,lit_review,TRUE,blood_meal,,,,,,FALSE
West Nile fever,anopheles maculipennis s s,,vector,TRUE,TRUE,TRUE,TRUE,prototype,Orthoflavivirus nilense,,,,,,,,,mosquito,infraspecific,anopheles maculipennis s s,,,,,TRUE,FALSE,FALSE,candidate,review,lit_review,,,,,,,,FALSE
West Nile fever,anopheles plumbeus,,vector,TRUE,TRUE,TRUE,TRUE,prototype,Orthoflavivirus nilense,,,,,,,,,mosquito,species,anopheles plumbeus,,,,,TRUE,TRUE,TRUE,candidate,review,lit_review,TRUE,blood_meal,mixed,mixed,,,limited_or_indirect_support|no_transmission_demonstrated,FALSE
West Nile fever,coquillettidia linealis,,vector,TRUE,TRUE,TRUE,TRUE,prototype,Orthoflavivirus nilense,,,,,,,,,mosquito,species,coquillettidia linealis,,,,,TRUE,TRUE,FALSE,candidate,efsa_appendix_g,EFSA,TRUE,blood_meal,,,,,,FALSE
West Nile fever,coquillettidia perturbans,,vector,TRUE,TRUE,TRUE,TRUE,prototype,Orthoflavivirus nilense,,,,,,,,,mosquito,species,coquillettidia perturbans,,,,,TRUE,TRUE,FALSE,candidate,efsa_appendix_g,EFSA,TRUE,blood_meal,,,,,,FALSE
West Nile fever,coquillettidia richiardii,,vector,TRUE,TRUE,TRUE,TRUE,prototype,Orthoflavivirus nilense,,,,,,,,,mosquito,species,coquillettidia richiardii,,,,,TRUE,TRUE,FALSE,candidate,review,lit_review,TRUE,blood_meal,,,,,,FALSE
West Nile fever,culex annulirostris,,vector,TRUE,TRUE,TRUE,TRUE,prototype,Orthoflavivirus nilense,,,,,,,,,mosquito,species,culex annulirostris,,,,,TRUE,TRUE,TRUE,confirmed,field+lab,EFSA; lit_review,TRUE,blood_meal,competent,yes,,primary_vector,,FALSE
West Nile fever,culex australicus,,vector,TRUE,TRUE,TRUE,TRUE,prototype,Orthoflavivirus nilense,,,,,,,,,mosquito,species,culex australicus,,,,,TRUE,TRUE,TRUE,candidate,field,lit_review,FALSE,,unclear,,,candidate_vector,,FALSE
West Nile fever,culex bitaeniorhynchus,,vector,TRUE,TRUE,TRUE,TRUE,prototype,Orthoflavivirus nilense,,,,,,,,,mosquito,species,culex bitaeniorhynchus,,,,,TRUE,TRUE,FALSE,candidate,efsa_appendix_g,EFSA,TRUE,blood_meal,,,,,,FALSE
West Nile fever,culex erythrothorax,,vector,TRUE,TRUE,TRUE,TRUE,prototype,Orthoflavivirus nilense,,,,,,,,,mosquito,species,culex erythrothorax,,,,,TRUE,TRUE,TRUE,probable,lab,EFSA; lit_review,FALSE,,competent,yes,,bridge_vector,,FALSE
West Nile fever,culex gelidus,,vector,TRUE,TRUE,TRUE,TRUE,prototype,Orthoflavivirus nilense,,,,,,,,,mosquito,species,culex gelidus,,,,,TRUE,TRUE,TRUE,candidate,lab,EFSA; lit_review,TRUE,blood_meal,competent,yes,,,,FALSE
West Nile fever,culex incidens,,vector,TRUE,TRUE,TRUE,TRUE,prototype,Orthoflavivirus nilense,,,,,,,,,mosquito,species,culex incidens,,,,,TRUE,FALSE,FALSE,candidate,efsa_appendix_g,EFSA,,,,,,,,FALSE
West Nile fever,culex modestus,,vector,TRUE,TRUE,TRUE,TRUE,prototype,Orthoflavivirus nilense,,,,,,,,,mosquito,species,culex modestus,main_vector,high,TRUE,draft_source_backed,TRUE,TRUE,TRUE,confirmed,review,EFSA; lit_review,TRUE,blood_meal,competent,yes,,primary_vector,field_detection_only,FALSE
West Nile fever,culex molestus,,vector,TRUE,TRUE,TRUE,TRUE,prototype,Orthoflavivirus nilense,,,,,,,,,mosquito,species,culex molestus,,,,,TRUE,TRUE,FALSE,candidate,review,lit_review,TRUE,blood_meal,,,,,,FALSE
West Nile fever,culex neavei group,,vector,TRUE,TRUE,TRUE,TRUE,prototype,Orthoflavivirus nilense,,,,,,,,,mosquito,group,culex neavei group,,,,,TRUE,FALSE,FALSE,candidate,efsa_appendix_g,EFSA,,,,,,,,FALSE
West Nile fever,culex nigripalpus,,vector,TRUE,TRUE,TRUE,TRUE,prototype,Orthoflavivirus nilense,,,,,,,,,mosquito,species,culex nigripalpus,,,,,TRUE,TRUE,FALSE,candidate,efsa_appendix_g,EFSA,TRUE,blood_meal,,,,,,FALSE
West Nile fever,culex perexiguus,,vector,TRUE,TRUE,TRUE,TRUE,prototype,Orthoflavivirus nilense,,,,,,,,,mosquito,species,culex perexiguus,,,,,TRUE,TRUE,TRUE,confirmed,review,lit_review,TRUE,blood_meal,competent,yes,,primary_vector,field_detection_only,FALSE
West Nile fever,culex pervigilans,,vector,TRUE,TRUE,TRUE,TRUE,prototype,Orthoflavivirus nilense,,,,,,,,,mosquito,species,culex pervigilans,,,,,TRUE,FALSE,FALSE,candidate,efsa_appendix_g,EFSA,,,,,,,,FALSE
West Nile fever,culex pipiens,,vector,TRUE,TRUE,TRUE,TRUE,prototype,Orthoflavivirus nilense,,,,,,,,,mosquito,species,culex pipiens,main_vector,high,TRUE,draft_source_backed,TRUE,TRUE,TRUE,confirmed,review,EFSA; lit_review,TRUE,blood_meal,mixed,mixed,,primary_vector,field_detection_only|population_dependent,FALSE
West Nile fever,culex pipiens biotype molestus,,vector,TRUE,TRUE,TRUE,TRUE,prototype,Orthoflavivirus nilense,,,,,,,,,mosquito,infraspecific,culex pipiens biotype molestus,,,,,TRUE,FALSE,TRUE,probable,review,EFSA; lit_review,,,mixed,mixed,,,mixed_or_debated_evidence|strain_dependent|temperature_dependent,FALSE
West Nile fever,culex pipiens biotype molestus x culex quinquefasciatus,,vector,TRUE,TRUE,TRUE,TRUE,prototype,Orthoflavivirus nilense,,,,,,,,,mosquito,hybrid,culex pipiens biotype molestus x culex quinquefasciatus,,,,,TRUE,FALSE,FALSE,candidate,efsa_appendix_g,EFSA,,,,,,,,FALSE
West Nile fever,culex pipiens biotype pipiens,,vector,TRUE,TRUE,TRUE,TRUE,prototype,Orthoflavivirus nilense,,,,,,,,,mosquito,infraspecific,culex pipiens biotype pipiens,,,,,TRUE,FALSE,TRUE,probable,review,EFSA; lit_review,,,competent,yes,,,strain_dependent,FALSE
West Nile fever,culex pipiens biotype pipiens x biotype molestus,,vector,TRUE,TRUE,TRUE,TRUE,prototype,Orthoflavivirus nilense,,,,,,,,,mosquito,hybrid,culex pipiens biotype pipiens x biotype molestus,,,,,TRUE,FALSE,TRUE,candidate,efsa_appendix_g,EFSA,,,mixed,mixed,,,mixed_or_debated_evidence|temperature_dependent,FALSE
West Nile fever,culex pipiens biotype pipiens x culex quinquefasciatus,,vector,TRUE,TRUE,TRUE,TRUE,prototype,Orthoflavivirus nilense,,,,,,,,,mosquito,hybrid,culex pipiens biotype pipiens x culex quinquefasciatus,,,,,TRUE,FALSE,FALSE,candidate,efsa_appendix_g,EFSA,,,,,,,,FALSE
West Nile fever,culex pipiens pipiens,,vector,TRUE,TRUE,TRUE,TRUE,prototype,Orthoflavivirus nilense,,,,,,,,,mosquito,infraspecific,culex pipiens pipiens,,,,,TRUE,FALSE,TRUE,probable,lab,lit_review,,,mixed,mixed,,,mixed_or_debated_evidence|temperature_dependent,FALSE
West Nile fever,culex pipiens quinquefasciatus,,vector,TRUE,TRUE,TRUE,TRUE,prototype,Orthoflavivirus nilense,,,,,,,,,mosquito,infraspecific,culex pipiens quinquefasciatus,,,,,TRUE,FALSE,TRUE,candidate,lab,lit_review,,,mixed,mixed,,,population_dependent,FALSE
West Nile fever,culex pipiens restuans,,vector,TRUE,TRUE,TRUE,TRUE,prototype,Orthoflavivirus nilense,,,,,,,,,mosquito,infraspecific,culex pipiens restuans,,,,,TRUE,FALSE,FALSE,candidate,efsa_appendix_g,EFSA,,,,,,,,FALSE
West Nile fever,culex pipiens s l,,vector,TRUE,TRUE,TRUE,TRUE,prototype,Orthoflavivirus nilense,,,,,,,,,mosquito,sensu_lato,culex pipiens s l,,,,,TRUE,FALSE,TRUE,confirmed,review,EFSA; lit_review,,,mixed,mixed,yes,bridge_vector|primary_vector,strain_dependent,FALSE
West Nile fever,culex quinquefasciatus,,vector,TRUE,TRUE,TRUE,TRUE,prototype,Orthoflavivirus nilense,,,,,,,,,mosquito,species,culex quinquefasciatus,main_vector,high,TRUE,draft_source_backed,TRUE,TRUE,TRUE,probable,field+lab,EFSA; lit_review,TRUE,blood_meal,competent,yes,,candidate_vector|enzootic_vector|primary_vector,,FALSE
West Nile fever,culex restuans,,vector,TRUE,TRUE,TRUE,TRUE,prototype,Orthoflavivirus nilense,,,,,,,,,mosquito,species,culex restuans,,,,,TRUE,TRUE,FALSE,probable,efsa_appendix_g,EFSA,TRUE,blood_meal,,,,,,FALSE
West Nile fever,culex salinarius,,vector,TRUE,TRUE,TRUE,TRUE,prototype,Orthoflavivirus nilense,,,,,,,,,mosquito,species,culex salinarius,epidemic_vector,medium,TRUE,draft_source_backed,TRUE,TRUE,FALSE,candidate,efsa_appendix_g,EFSA,TRUE,blood_meal,,,,,,FALSE
West Nile fever,culex sitiens,,vector,TRUE,TRUE,TRUE,TRUE,prototype,Orthoflavivirus nilense,,,,,,,,,mosquito,species,culex sitiens,,,,,TRUE,TRUE,TRUE,candidate,efsa_appendix_g,EFSA; lit_review,TRUE,blood_meal,unclear,yes,,candidate_vector,low_competence_or_efficiency,FALSE
West Nile fever,culex spp,,vector,TRUE,TRUE,TRUE,TRUE,prototype,Orthoflavivirus nilense,,,,,,,,,mosquito,genus_only,culex spp,,,,,TRUE,FALSE,TRUE,confirmed,review,lit_review,,,competent,yes,,primary_vector,,FALSE
West Nile fever,culex squamosus,,vector,TRUE,TRUE,TRUE,TRUE,prototype,Orthoflavivirus nilense,,,,,,,,,mosquito,species,culex squamosus,,,,,TRUE,FALSE,TRUE,candidate,field,lit_review,,,unclear,,,candidate_vector,,FALSE
West Nile fever,culex stigmatosoma,,vector,TRUE,TRUE,TRUE,TRUE,prototype,Orthoflavivirus nilense,,,,,,,,,mosquito,species,culex stigmatosoma,,,,,TRUE,TRUE,TRUE,probable,lab,EFSA; lit_review,TRUE,blood_meal,competent,yes,,,,FALSE
West Nile fever,culex tarsalis,,vector,TRUE,TRUE,TRUE,TRUE,prototype,Orthoflavivirus nilense,,,,,,,,,mosquito,species,culex tarsalis,main_vector,high,TRUE,draft_source_backed,TRUE,TRUE,TRUE,confirmed,review,EFSA; lit_review,TRUE,blood_meal,competent,yes,,primary_vector,,FALSE
West Nile fever,culex thriambus,,vector,TRUE,TRUE,TRUE,TRUE,prototype,Orthoflavivirus nilense,,,,,,,,,mosquito,species,culex thriambus,,,,,TRUE,TRUE,FALSE,candidate,efsa_appendix_g,EFSA,FALSE,,,,,,,FALSE
West Nile fever,culex torrentium,,vector,TRUE,TRUE,TRUE,TRUE,prototype,Orthoflavivirus nilense,,,,,,,,,mosquito,species,culex torrentium,,,,,TRUE,FALSE,TRUE,probable,review,EFSA; lit_review,,,competent,yes,,,no_transmission_demonstrated|strain_dependent,FALSE
West Nile fever,culex univittatus,,vector,TRUE,TRUE,TRUE,TRUE,prototype,Orthoflavivirus nilense,,,,,,,,,mosquito,species,culex univittatus,,,,,TRUE,TRUE,FALSE,probable,efsa_appendix_g,EFSA; lit_review,TRUE,blood_meal,,,,,,FALSE
West Nile fever,culex vansomereni,,vector,TRUE,TRUE,TRUE,TRUE,prototype,Orthoflavivirus nilense,,,,,,,,,mosquito,species,culex vansomereni,,,,,TRUE,TRUE,FALSE,candidate,efsa_appendix_g,EFSA,TRUE,blood_meal,,,,,,FALSE
West Nile fever,culiseta inornata,,vector,TRUE,TRUE,TRUE,TRUE,prototype,Orthoflavivirus nilense,,,,,,,,,mosquito,species,culiseta inornata,,,,,TRUE,TRUE,TRUE,candidate,lab,EFSA; lit_review,TRUE,blood_meal,competent,yes,,secondary_vector,,FALSE
West Nile fever,culiseta melanura,,vector,TRUE,TRUE,TRUE,TRUE,prototype,Orthoflavivirus nilense,,,,,,,,,mosquito,species,culiseta melanura,,,,,TRUE,TRUE,FALSE,candidate,efsa_appendix_g,EFSA,FALSE,,,,,,,FALSE
West Nile fever,ochlerotatus caspius,,vector,TRUE,TRUE,TRUE,TRUE,prototype,Orthoflavivirus nilense,,,,,,,,,mosquito,species,ochlerotatus caspius,,,,,TRUE,FALSE,TRUE,weak,field,lit_review,,,unclear,,,,field_detection_only,FALSE
West Nile fever,ochlerotatus dorsalis,,vector,TRUE,TRUE,TRUE,TRUE,prototype,Orthoflavivirus nilense,,,,,,,,,mosquito,species,ochlerotatus dorsalis,,,,,TRUE,FALSE,TRUE,candidate,lab,lit_review,,,competent,yes,,,low_competence_or_efficiency,FALSE
West Nile fever,ochlerotatus melanimon,,vector,TRUE,TRUE,TRUE,TRUE,prototype,Orthoflavivirus nilense,,,,,,,,,mosquito,species,ochlerotatus melanimon,,,,,TRUE,FALSE,TRUE,candidate,lab,lit_review,,,competent,yes,,,low_competence_or_efficiency,FALSE
West Nile fever,ochlerotatus sierrensis,,vector,TRUE,TRUE,TRUE,TRUE,prototype,Orthoflavivirus nilense,,,,,,,,,mosquito,species,ochlerotatus sierrensis,,,,,TRUE,FALSE,TRUE,weak,lab,lit_review,,,competent,yes,,,low_competence_or_efficiency,FALSE
West Nile fever,verrallina carmenti,,vector,TRUE,TRUE,TRUE,TRUE,prototype,Orthoflavivirus nilense,,,,,,,,,mosquito,species,verrallina carmenti,,,,,TRUE,TRUE,FALSE,candidate,efsa_appendix_g,EFSA,TRUE,blood_meal,,,,,,FALSE
West Nile fever,verrallina funerea,,vector,TRUE,TRUE,TRUE,TRUE,prototype,Orthoflavivirus nilense,,,,,,,,,mosquito,species,verrallina funerea,,,,,TRUE,TRUE,FALSE,candidate,efsa_appendix_g,EFSA,TRUE,blood_meal,,,,,,FALSE
West Nile fever,verrallina lineato,,vector,TRUE,TRUE,TRUE,TRUE,prototype,Orthoflavivirus nilense,,,,,,,,,mosquito,species,verrallina lineato,,,,,TRUE,FALSE,FALSE,candidate,efsa_appendix_g,EFSA,,,,,,,,TRUE
West Nile fever,Accipiter cooperii,261198,host,TRUE,TRUE,TRUE,TRUE,prototype,Orthoflavivirus nilense,aves,accipitriformes,accipitridae,Isolation/Observation; PCR/Sequencing,host_presence_only,low,TRUE,candidate_only,,,,,,,,FALSE,FALSE,FALSE,,,,,,,,,,,FALSE
West Nile fever,Accipiter nisus,211598,host,TRUE,TRUE,TRUE,TRUE,prototype,Orthoflavivirus nilense,aves,accipitriformes,accipitridae,Isolation/Observation; PCR/Sequencing,host_presence_only,low,TRUE,candidate_only,,,,,,,,FALSE,FALSE,FALSE,,,,,,,,,,,FALSE
West Nile fever,Accipiter striatus,56330,host,TRUE,TRUE,TRUE,TRUE,prototype,Orthoflavivirus nilense,aves,accipitriformes,accipitridae,PCR/Sequencing,host_presence_only,low,TRUE,candidate_only,,,,,,,,FALSE,FALSE,FALSE,,,,,,,,,,,FALSE
West Nile fever,Acrocephalus dumetorum,68474,host,TRUE,TRUE,TRUE,TRUE,prototype,Orthoflavivirus nilense,aves,passeriformes,acrocephalidae,PCR/Sequencing,host_presence_only,low,TRUE,candidate_only,,,,,,,,FALSE,FALSE,FALSE,,,,,,,,,,,FALSE
West Nile fever,Actitis macularius,190659,host,TRUE,TRUE,TRUE,TRUE,prototype,Orthoflavivirus nilense,aves,charadriiformes,scolopacidae,Isolation/Observation; PCR/Sequencing,host_presence_only,low,TRUE,candidate_only,,,,,,,,FALSE,FALSE,FALSE,,,,,,,,,,,FALSE
West Nile fever,Aegithalos caudatus,73327,host,TRUE,TRUE,TRUE,TRUE,prototype,Orthoflavivirus nilense,aves,passeriformes,aegithalidae,PCR/Sequencing,host_presence_only,low,TRUE,candidate_only,,,,,,,,FALSE,FALSE,FALSE,,,,,,,,,,,FALSE
West Nile fever,Aegypius monachus,8959,host,TRUE,TRUE,TRUE,TRUE,prototype,Orthoflavivirus nilense,aves,accipitriformes,accipitridae,PCR/Sequencing,host_presence_only,low,TRUE,candidate_only,,,,,,,,FALSE,FALSE,FALSE,,,,,,,,,,,FALSE
West Nile fever,Agelaius phoeniceus,39638,host,TRUE,TRUE,TRUE,TRUE,prototype,Orthoflavivirus nilense,aves,passeriformes,icteridae,Isolation/Observation; PCR/Sequencing,host_presence_only,low,TRUE,candidate_only,,,,,,,,FALSE,FALSE,FALSE,,,,,,,,,,,FALSE
West Nile fever,Ailurus fulgens,9649,host,TRUE,TRUE,TRUE,TRUE,prototype,Orthoflavivirus nilense,mammalia,carnivora,ailuridae,Antibodies,host_presence_only,low,TRUE,candidate_only,,,,,,,,FALSE,FALSE,FALSE,,,,,,,,,,,FALSE
West Nile fever,Alectoris graeca,40178,host,TRUE,TRUE,TRUE,TRUE,prototype,Orthoflavivirus nilense,aves,galliformes,phasianidae,PCR/Sequencing,host_presence_only,low,TRUE,candidate_only,,,,,,,,FALSE,FALSE,FALSE,,,,,,,,,,,FALSE
West Nile fever,Alectoris rufa,9079,host,TRUE,TRUE,TRUE,TRUE,prototype,Orthoflavivirus nilense,aves,galliformes,phasianidae,PCR/Sequencing,host_presence_only,low,TRUE,candidate_only,,,,,,,,FALSE,FALSE,FALSE,,,,,,,,,,,FALSE
West Nile fever,Alligator mississippiensis,8496,host,TRUE,TRUE,TRUE,TRUE,prototype,Orthoflavivirus nilense,reptilia,crocodylia,alligatoridae,PCR/Sequencing,host_presence_only,low,TRUE,candidate_only,,,,,,,,FALSE,FALSE,FALSE,,,,,,,,,,,FALSE
West Nile fever,Alopochen aegyptiaca,30382,host,TRUE,TRUE,TRUE,TRUE,prototype,Orthoflavivirus nilense,aves,anseriformes,anatidae,PCR/Sequencing,host_presence_only,low,TRUE,candidate_only,,,,,,,,FALSE,FALSE,FALSE,,,,,,,,,,,FALSE
West Nile fever,Anas platyrhynchos,8839,host,TRUE,TRUE,TRUE,TRUE,prototype,Orthoflavivirus nilense,aves,anseriformes,anatidae,Isolation/Observation; PCR/Sequencing,host_presence_only,low,TRUE,candidate_only,,,,,,,,FALSE,FALSE,FALSE,,,,,,,,,,,FALSE
West Nile fever,Anser anser,8843,host,TRUE,TRUE,TRUE,TRUE,prototype,Orthoflavivirus nilense,aves,anseriformes,anatidae,Not specified; PCR/Sequencing,host_presence_only,low,TRUE,candidate_only,,,,,,,,FALSE,FALSE,FALSE,,,,,,,,,,,FALSE
West Nile fever,Anser indicus,8846,host,TRUE,TRUE,TRUE,TRUE,prototype,Orthoflavivirus nilense,aves,anseriformes,anatidae,PCR/Sequencing,host_presence_only,low,TRUE,candidate_only,,,,,,,,FALSE,FALSE,FALSE,,,,,,,,,,,FALSE
West Nile fever,Aphelocoma californica,142466,host,TRUE,TRUE,TRUE,TRUE,prototype,Orthoflavivirus nilense,aves,passeriformes,corvidae,PCR/Sequencing,host_presence_only,low,TRUE,candidate_only,,,,,,,,FALSE,FALSE,FALSE,,,,,,,,,,,FALSE
West Nile fever,Apodemus sylvaticus,10129,host,TRUE,TRUE,TRUE,TRUE,prototype,Orthoflavivirus nilense,mammalia,rodentia,muridae,Antibodies,host_presence_only,low,TRUE,candidate_only,,,,,,,,FALSE,FALSE,FALSE,,,,,,,,,,,FALSE
West Nile fever,Apus apus,8895,host,TRUE,TRUE,TRUE,TRUE,prototype,Orthoflavivirus nilense,aves,caprimulgiformes,apodidae,PCR/Sequencing,host_presence_only,low,TRUE,candidate_only,,,,,,,,FALSE,FALSE,FALSE,,,,,,,,,,,FALSE
West Nile fever,Aquila adalberti,52408,host,TRUE,TRUE,TRUE,TRUE,prototype,Orthoflavivirus nilense,aves,accipitriformes,accipitridae,PCR/Sequencing,host_presence_only,low,TRUE,candidate_only,,,,,,,,FALSE,FALSE,FALSE,,,,,,,,,,,FALSE
West Nile fever,Aquila chrysaetos,8962,host,TRUE,TRUE,TRUE,TRUE,prototype,Orthoflavivirus nilense,aves,accipitriformes,accipitridae,Isolation/Observation; PCR/Sequencing,host_presence_only,low,TRUE,candidate_only,,,,,,,,FALSE,FALSE,FALSE,,,,,,,,,,,FALSE
West Nile fever,Aquila fasciata,252784,host,TRUE,TRUE,TRUE,TRUE,prototype,Orthoflavivirus nilense,aves,accipitriformes,accipitridae,PCR/Sequencing,host_presence_only,low,TRUE,candidate_only,,,,,,,,FALSE,FALSE,FALSE,,,,,,,,,,,FALSE
West Nile fever,Ardea cinerea,30390,host,TRUE,TRUE,TRUE,TRUE,prototype,Orthoflavivirus nilense,aves,pelecaniformes,ardeidae,PCR/Sequencing,host_presence_only,low,TRUE,candidate_only,,,,,,,,FALSE,FALSE,FALSE,,,,,,,,,,,FALSE
West Nile fever,Arvicanthis niloticus,61156,host,TRUE,TRUE,TRUE,TRUE,prototype,Orthoflavivirus nilense,mammalia,rodentia,muridae,Isolation/Observation,host_presence_only,low,TRUE,candidate_only,,,,,,,,FALSE,FALSE,FALSE,,,,,,,,,,,FALSE
West Nile fever,Asio flammeus,56267,host,TRUE,TRUE,TRUE,TRUE,prototype,Orthoflavivirus nilense,aves,strigiformes,strigidae,Isolation/Observation; PCR/Sequencing,host_presence_only,low,TRUE,candidate_only,,,,,,,,FALSE,FALSE,FALSE,,,,,,,,,,,FALSE
West Nile fever,Asio otus,111810,host,TRUE,TRUE,TRUE,TRUE,prototype,Orthoflavivirus nilense,aves,strigiformes,strigidae,PCR/Sequencing,host_presence_only,low,TRUE,candidate_only,,,,,,,,FALSE,FALSE,FALSE,,,,,,,,,,,FALSE
West Nile fever,Astur gentilis,8957,host,TRUE,TRUE,TRUE,TRUE,prototype,Orthoflavivirus nilense,,,,Isolation/Observation; PCR/Sequencing,host_presence_only,low,TRUE,candidate_only,,,,,,,,FALSE,FALSE,FALSE,,,,,,,,,,,FALSE
West Nile fever,Athene noctua,126797,host,TRUE,TRUE,TRUE,TRUE,prototype,Orthoflavivirus nilense,aves,strigiformes,strigidae,Isolation/Observation; PCR/Sequencing,host_presence_only,low,TRUE,candidate_only,,,,,,,,FALSE,FALSE,FALSE,,,,,,,,,,,FALSE
West Nile fever,Baeolophus bicolor,88114,host,TRUE,TRUE,TRUE,TRUE,prototype,Orthoflavivirus nilense,aves,passeriformes,paridae,PCR/Sequencing,host_presence_only,low,TRUE,candidate_only,,,,,,,,FALSE,FALSE,FALSE,,,,,,,,,,,FALSE
West Nile fever,Baeolophus inornatus,142467,host,TRUE,TRUE,TRUE,TRUE,prototype,Orthoflavivirus nilense,aves,passeriformes,paridae,PCR/Sequencing,host_presence_only,low,TRUE,candidate_only,,,,,,,,FALSE,FALSE,FALSE,,,,,,,,,,,FALSE
West Nile fever,Bombycilla garrulus,125297,host,TRUE,TRUE,TRUE,TRUE,prototype,Orthoflavivirus nilense,aves,passeriformes,bombycillidae,PCR/Sequencing,host_presence_only,low,TRUE,candidate_only,,,,,,,,FALSE,FALSE,FALSE,,,,,,,,,,,FALSE
West Nile fever,Bonasa umbellus,9000,host,TRUE,TRUE,TRUE,TRUE,prototype,Orthoflavivirus nilense,aves,galliformes,phasianidae,Isolation/Observation; PCR/Sequencing,host_presence_only,low,TRUE,candidate_only,,,,,,,,FALSE,FALSE,FALSE,,,,,,,,,,,FALSE
West Nile fever,Bos taurus,9913,host,TRUE,TRUE,TRUE,TRUE,prototype,Orthoflavivirus nilense,mammalia,artiodactyla,bovidae,Antibodies; PCR/Sequencing,host_presence_only,low,TRUE,candidate_only,,,,,,,,FALSE,FALSE,FALSE,,,,,,,,,,,FALSE
West Nile fever,Branta canadensis,8853,host,TRUE,TRUE,TRUE,TRUE,prototype,Orthoflavivirus nilense,aves,anseriformes,anatidae,Isolation/Observation; PCR/Sequencing,host_presence_only,low,TRUE,candidate_only,,,,,,,,FALSE,FALSE,FALSE,,,,,,,,,,,FALSE
West Nile fever,Bubo scandiacus,371907,host,TRUE,TRUE,TRUE,TRUE,prototype,Orthoflavivirus nilense,aves,strigiformes,strigidae,PCR/Sequencing,host_presence_only,low,TRUE,candidate_only,,,,,,,,FALSE,FALSE,FALSE,,,,,,,,,,,FALSE
West Nile fever,Bubo virginianus,56268,host,TRUE,TRUE,TRUE,TRUE,prototype,Orthoflavivirus nilense,aves,strigiformes,strigidae,Isolation/Observation; PCR/Sequencing,host_presence_only,low,TRUE,candidate_only,,,,,,,,FALSE,FALSE,FALSE,,,,,,,,,,,FALSE
West Nile fever,Bubulcus ibis,110668,host,TRUE,TRUE,TRUE,TRUE,prototype,Orthoflavivirus nilense,aves,pelecaniformes,ardeidae,Antibodies; PCR/Sequencing,host_presence_only,low,TRUE,candidate_only,,,,,,,,FALSE,FALSE,FALSE,,,,,,,,,,,FALSE
West Nile fever,Buteo buteo,30397,host,TRUE,TRUE,TRUE,TRUE,prototype,Orthoflavivirus nilense,aves,accipitriformes,accipitridae,PCR/Sequencing,host_presence_only,low,TRUE,candidate_only,,,,,,,,FALSE,FALSE,FALSE,,,,,,,,,,,FALSE
West Nile fever,Buteo jamaicensis,56263,host,TRUE,TRUE,TRUE,TRUE,prototype,Orthoflavivirus nilense,aves,accipitriformes,accipitridae,Isolation/Observation; PCR/Sequencing,host_presence_only,low,TRUE,candidate_only,,,,,,,,FALSE,FALSE,FALSE,,,,,,,,,,,FALSE
West Nile fever,Buteo lineatus,223475,host,TRUE,TRUE,TRUE,TRUE,prototype,Orthoflavivirus nilense,aves,accipitriformes,accipitridae,Isolation/Observation; PCR/Sequencing,host_presence_only,low,TRUE,candidate_only,,,,,,,,FALSE,FALSE,FALSE,,,,,,,,,,,FALSE
West Nile fever,Buteo regalis,223441,host,TRUE,TRUE,TRUE,TRUE,prototype,Orthoflavivirus nilense,aves,accipitriformes,accipitridae,Isolation/Observation; PCR/Sequencing,host_presence_only,low,TRUE,candidate_only,,,,,,,,FALSE,FALSE,FALSE,,,,,,,,,,,FALSE
West Nile fever,Buteo swainsoni,156757,host,TRUE,TRUE,TRUE,TRUE,prototype,Orthoflavivirus nilense,aves,accipitriformes,accipitridae,Isolation/Observation; PCR/Sequencing,host_presence_only,low,TRUE,candidate_only,,,,,,,,FALSE,FALSE,FALSE,,,,,,,,,,,FALSE
West Nile fever,Butorides virescens,110671,host,TRUE,TRUE,TRUE,TRUE,prototype,Orthoflavivirus nilense,,,,Isolation/Observation; PCR/Sequencing,host_presence_only,low,TRUE,candidate_only,,,,,,,,FALSE,FALSE,FALSE,,,,,,,,,,,FALSE
West Nile fever,Calidris alba,279936,host,TRUE,TRUE,TRUE,TRUE,prototype,Orthoflavivirus nilense,aves,charadriiformes,scolopacidae,Isolation/Observation; PCR/Sequencing,host_presence_only,low,TRUE,candidate_only,,,,,,,,FALSE,FALSE,FALSE,,,,,,,,,,,FALSE
West Nile fever,Calypte costae,371909,host,TRUE,TRUE,TRUE,TRUE,prototype,Orthoflavivirus nilense,aves,caprimulgiformes,trochilidae,PCR/Sequencing,host_presence_only,low,TRUE,candidate_only,,,,,,,,FALSE,FALSE,FALSE,,,,,,,,,,,FALSE
West Nile fever,Camelus bactrianus,9837,host,TRUE,TRUE,TRUE,TRUE,prototype,Orthoflavivirus nilense,,,,PCR/Sequencing,host_presence_only,low,TRUE,candidate_only,,,,,,,,FALSE,FALSE,FALSE,,,,,,,,,,,FALSE
West Nile fever,Camelus dromedarius,9838,host,TRUE,TRUE,TRUE,TRUE,prototype,Orthoflavivirus nilense,mammalia,artiodactyla,camelidae,PCR/Sequencing,host_presence_only,low,TRUE,candidate_only,,,,,,,,FALSE,FALSE,FALSE,,,,,,,,,,,FALSE
West Nile fever,Canis latrans,9614,host,TRUE,TRUE,TRUE,TRUE,prototype,Orthoflavivirus nilense,mammalia,carnivora,canidae,Antibodies,host_presence_only,low,TRUE,candidate_only,,,,,,,,FALSE,FALSE,FALSE,,,,,,,,,,,FALSE
West Nile fever,Canis lupus,9612,host,TRUE,TRUE,TRUE,TRUE,prototype,Orthoflavivirus nilense,mammalia,carnivora,canidae,Not specified; PCR/Sequencing,host_presence_only,low,TRUE,candidate_only,,,,,,,,FALSE,FALSE,FALSE,,,,,,,,,,,FALSE
West Nile fever,Canis lupus,9615,host,TRUE,TRUE,TRUE,TRUE,prototype,Orthoflavivirus nilense,mammalia,carnivora,canidae,PCR/Sequencing,host_presence_only,low,TRUE,candidate_only,,,,,,,,FALSE,FALSE,FALSE,,,,,,,,,,,FALSE
West Nile fever,Capreolus capreolus,9858,host,TRUE,TRUE,TRUE,TRUE,prototype,Orthoflavivirus nilense,mammalia,artiodactyla,cervidae,Antibodies,host_presence_only,low,TRUE,candidate_only,,,,,,,,FALSE,FALSE,FALSE,,,,,,,,,,,FALSE
West Nile fever,Cardinalis cardinalis,98964,host,TRUE,TRUE,TRUE,TRUE,prototype,Orthoflavivirus nilense,aves,passeriformes,cardinalidae,Isolation/Observation; PCR/Sequencing,host_presence_only,low,TRUE,candidate_only,,,,,,,,FALSE,FALSE,FALSE,,,,,,,,,,,FALSE
West Nile fever,Centrocercus urophasianus,9002,host,TRUE,TRUE,TRUE,TRUE,prototype,Orthoflavivirus nilense,aves,galliformes,phasianidae,Isolation/Observation,host_presence_only,low,TRUE,candidate_only,,,,,,,,FALSE,FALSE,FALSE,,,,,,,,,,,FALSE
West Nile fever,Cercocebus atys,9531,host,TRUE,TRUE,TRUE,TRUE,prototype,Orthoflavivirus nilense,mammalia,primates,cercopithecidae,Antibodies,host_presence_only,low,TRUE,candidate_only,,,,,,,,FALSE,FALSE,FALSE,,,,,,,,,,,FALSE
West Nile fever,Cereopsis novaehollandiae,8858,host,TRUE,TRUE,TRUE,TRUE,prototype,Orthoflavivirus nilense,aves,anseriformes,anatidae,PCR/Sequencing,host_presence_only,low,TRUE,candidate_only,,,,,,,,FALSE,FALSE,FALSE,,,,,,,,,,,FALSE
West Nile fever,Cervus elaphus,9860,host,TRUE,TRUE,TRUE,TRUE,prototype,Orthoflavivirus nilense,mammalia,artiodactyla,cervidae,Antibodies,host_presence_only,low,TRUE,candidate_only,,,,,,,,FALSE,FALSE,FALSE,,,,,,,,,,,FALSE
West Nile fever,Charadrius melodus,279942,host,TRUE,TRUE,TRUE,TRUE,prototype,Orthoflavivirus nilense,aves,charadriiformes,charadriidae,PCR/Sequencing,host_presence_only,low,TRUE,candidate_only,,,,,,,,FALSE,FALSE,FALSE,,,,,,,,,,,FALSE
West Nile fever,Chroicocephalus ridibundus,1192867,host,TRUE,TRUE,TRUE,TRUE,prototype,Orthoflavivirus nilense,,,,Isolation/Observation; PCR/Sequencing,host_presence_only,low,TRUE,candidate_only,,,,,,,,FALSE,FALSE,FALSE,,,,,,,,,,,FALSE
West Nile fever,Ciconia ciconia,8928,host,TRUE,TRUE,TRUE,TRUE,prototype,Orthoflavivirus nilense,aves,ciconiiformes,ciconiidae,Isolation/Observation,host_presence_only,low,TRUE,candidate_only,,,,,,,,FALSE,FALSE,FALSE,,,,,,,,,,,FALSE
West Nile fever,Clanga pomarina,2675520,host,TRUE,TRUE,TRUE,TRUE,prototype,Orthoflavivirus nilense,aves,accipitriformes,accipitridae,PCR/Sequencing,host_presence_only,low,TRUE,candidate_only,,,,,,,,FALSE,FALSE,FALSE,,,,,,,,,,,FALSE
West Nile fever,Colaptes auratus,51355,host,TRUE,TRUE,TRUE,TRUE,prototype,Orthoflavivirus nilense,aves,piciformes,picidae,Isolation/Observation; PCR/Sequencing,host_presence_only,low,TRUE,candidate_only,,,,,,,,FALSE,FALSE,FALSE,,,,,,,,,,,FALSE
West Nile fever,Coloeus monedula,30423,host,TRUE,TRUE,TRUE,TRUE,prototype,Orthoflavivirus nilense,,,,Antibodies; PCR/Sequencing,host_presence_only,low,TRUE,candidate_only,,,,,,,,FALSE,FALSE,FALSE,,,,,,,,,,,FALSE
West Nile fever,Columba livia,8932,host,TRUE,TRUE,TRUE,TRUE,prototype,Orthoflavivirus nilense,aves,columbiformes,columbidae,Isolation/Observation; Not specified; PCR/Sequencing,host_presence_only,low,TRUE,candidate_only,,,,,,,,FALSE,FALSE,FALSE,,,,,,,,,,,FALSE
West Nile fever,Columba palumbus,8934,host,TRUE,TRUE,TRUE,TRUE,prototype,Orthoflavivirus nilense,aves,columbiformes,columbidae,PCR/Sequencing,host_presence_only,low,TRUE,candidate_only,,,,,,,,FALSE,FALSE,FALSE,,,,,,,,,,,FALSE
West Nile fever,Coracopsis vasa,176022,host,TRUE,TRUE,TRUE,TRUE,prototype,Orthoflavivirus nilense,aves,psittaciformes,psittacidae,PCR/Sequencing,host_presence_only,low,TRUE,candidate_only,,,,,,,,FALSE,FALSE,FALSE,,,,,,,,,,,FALSE
West Nile fever,Coragyps atratus,33614,host,TRUE,TRUE,TRUE,TRUE,prototype,Orthoflavivirus nilense,aves,cathartiformes,cathartidae,Isolation/Observation; PCR/Sequencing,host_presence_only,low,TRUE,candidate_only,,,,,,,,FALSE,FALSE,FALSE,,,,,,,,,,,FALSE
West Nile fever,Corvus brachyrhynchos,85066,host,TRUE,TRUE,TRUE,TRUE,prototype,Orthoflavivirus nilense,aves,passeriformes,corvidae,Isolation/Observation; PCR/Sequencing,host_presence_only,low,TRUE,candidate_only,,,,,,,,FALSE,FALSE,FALSE,,,,,,,,,,,FALSE
West Nile fever,Corvus corax,56781,host,TRUE,TRUE,TRUE,TRUE,prototype,Orthoflavivirus nilense,aves,passeriformes,corvidae,PCR/Sequencing,host_presence_only,low,TRUE,candidate_only,,,,,,,,FALSE,FALSE,FALSE,,,,,,,,,,,FALSE
West Nile fever,Corvus cornix,181096,host,TRUE,TRUE,TRUE,TRUE,prototype,Orthoflavivirus nilense,,,,Isolation/Observation; PCR/Sequencing,host_presence_only,low,TRUE,candidate_only,,,,,,,,FALSE,FALSE,FALSE,,,,,,,,,,,FALSE
West Nile fever,Corvus corone,30422,host,TRUE,TRUE,TRUE,TRUE,prototype,Orthoflavivirus nilense,aves,passeriformes,corvidae,Isolation/Observation; PCR/Sequencing,host_presence_only,low,TRUE,candidate_only,,,,,,,,FALSE,FALSE,FALSE,,,,,,,,,,,FALSE
West Nile fever,Corvus frugilegus,75140,host,TRUE,TRUE,TRUE,TRUE,prototype,Orthoflavivirus nilense,aves,passeriformes,corvidae,Isolation/Observation; PCR/Sequencing,host_presence_only,low,TRUE,candidate_only,,,,,,,,FALSE,FALSE,FALSE,,,,,,,,,,,FALSE
West Nile fever,Corvus ossifragus,349685,host,TRUE,TRUE,TRUE,TRUE,prototype,Orthoflavivirus nilense,aves,passeriformes,corvidae,Isolation/Observation; PCR/Sequencing,host_presence_only,low,TRUE,candidate_only,,,,,,,,FALSE,FALSE,FALSE,,,,,,,,,,,FALSE
West Nile fever,Crocidura russula,36802,host,TRUE,TRUE,TRUE,TRUE,prototype,Orthoflavivirus nilense,mammalia,eulipotyphla,soricidae,Antibodies,host_presence_only,low,TRUE,candidate_only,,,,,,,,FALSE,FALSE,FALSE,,,,,,,,,,,FALSE
West Nile fever,Crocodylus moreletii,184237,host,TRUE,TRUE,TRUE,TRUE,prototype,Orthoflavivirus nilense,reptilia,crocodylia,crocodylidae,Isolation/Observation; PCR/Sequencing,host_presence_only,low,TRUE,candidate_only,,,,,,,,FALSE,FALSE,FALSE,,,,,,,,,,,FALSE
West Nile fever,Crocodylus niloticus,8501,host,TRUE,TRUE,TRUE,TRUE,prototype,Orthoflavivirus nilense,reptilia,crocodylia,crocodylidae,PCR/Sequencing,host_presence_only,low,TRUE,candidate_only,,,,,,,,FALSE,FALSE,FALSE,,,,,,,,,,,FALSE
West Nile fever,Crocodylus porosus,8502,host,TRUE,TRUE,TRUE,TRUE,prototype,Orthoflavivirus nilense,reptilia,crocodylia,crocodylidae,PCR/Sequencing,host_presence_only,low,TRUE,candidate_only,,,,,,,,FALSE,FALSE,FALSE,,,,,,,,,,,FALSE
West Nile fever,Cuculus canorus,55661,host,TRUE,TRUE,TRUE,TRUE,prototype,Orthoflavivirus nilense,aves,cuculiformes,cuculidae,PCR/Sequencing,host_presence_only,low,TRUE,candidate_only,,,,,,,,FALSE,FALSE,FALSE,,,,,,,,,,,FALSE
West Nile fever,Curruca conspicillata,216227,host,TRUE,TRUE,TRUE,TRUE,prototype,Orthoflavivirus nilense,aves,passeriformes,sylviidae,PCR/Sequencing,host_presence_only,low,TRUE,candidate_only,,,,,,,,FALSE,FALSE,FALSE,,,,,,,,,,,FALSE
West Nile fever,Curruca nisoria,216220,host,TRUE,TRUE,TRUE,TRUE,prototype,Orthoflavivirus nilense,,,,Isolation/Observation,host_presence_only,low,TRUE,candidate_only,,,,,,,,FALSE,FALSE,FALSE,,,,,,,,,,,FALSE
West Nile fever,Cyanistes caeruleus,156563,host,TRUE,TRUE,TRUE,TRUE,prototype,Orthoflavivirus nilense,aves,passeriformes,paridae,PCR/Sequencing,host_presence_only,low,TRUE,candidate_only,,,,,,,,FALSE,FALSE,FALSE,,,,,,,,,,,FALSE
West Nile fever,Cyanocitta cristata,28727,host,TRUE,TRUE,TRUE,TRUE,prototype,Orthoflavivirus nilense,aves,passeriformes,corvidae,Isolation/Observation; PCR/Sequencing,host_presence_only,low,TRUE,candidate_only,,,,,,,,FALSE,FALSE,FALSE,,,,,,,,,,,FALSE
West Nile fever,Cygnus buccinator,48397,host,TRUE,TRUE,TRUE,TRUE,prototype,Orthoflavivirus nilense,aves,anseriformes,anatidae,PCR/Sequencing,host_presence_only,low,TRUE,candidate_only,,,,,,,,FALSE,FALSE,FALSE,,,,,,,,,,,FALSE
West Nile fever,Cygnus olor,8869,host,TRUE,TRUE,TRUE,TRUE,prototype,Orthoflavivirus nilense,aves,anseriformes,anatidae,PCR/Sequencing,host_presence_only,low,TRUE,candidate_only,,,,,,,,FALSE,FALSE,FALSE,,,,,,,,,,,FALSE
West Nile fever,Didelphis virginiana,9267,host,TRUE,TRUE,TRUE,TRUE,prototype,Orthoflavivirus nilense,mammalia,didelphimorphia,didelphidae,Antibodies,host_presence_only,low,TRUE,candidate_only,,,,,,,,FALSE,FALSE,FALSE,,,,,,,,,,,FALSE
West Nile fever,Egretta caerulea,110682,host,TRUE,TRUE,TRUE,TRUE,prototype,Orthoflavivirus nilense,aves,pelecaniformes,ardeidae,Isolation/Observation,host_presence_only,low,TRUE,candidate_only,,,,,,,,FALSE,FALSE,FALSE,,,,,,,,,,,FALSE
West Nile fever,Egretta garzetta,188379,host,TRUE,TRUE,TRUE,TRUE,prototype,Orthoflavivirus nilense,aves,pelecaniformes,ardeidae,PCR/Sequencing,host_presence_only,low,TRUE,candidate_only,,,,,,,,FALSE,FALSE,FALSE,,,,,,,,,,,FALSE
West Nile fever,Eidolon helvum,77214,host,TRUE,TRUE,TRUE,TRUE,prototype,Orthoflavivirus nilense,mammalia,chiroptera,pteropodidae,Antibodies,host_presence_only,low,TRUE,candidate_only,,,,,,,,FALSE,FALSE,FALSE,,,,,,,,,,,FALSE
West Nile fever,Eptesicus fuscus,29078,host,TRUE,TRUE,TRUE,TRUE,prototype,Orthoflavivirus nilense,mammalia,chiroptera,vespertilionidae,Antibodies,host_presence_only,low,TRUE,candidate_only,,,,,,,,FALSE,FALSE,FALSE,,,,,,,,,,,FALSE
West Nile fever,Equus asinus,9793,host,TRUE,TRUE,TRUE,TRUE,prototype,Orthoflavivirus nilense,mammalia,perissodactyla,equidae,Antibodies; PCR/Sequencing,host_presence_only,low,TRUE,candidate_only,,,,,,,,FALSE,FALSE,FALSE,,,,,,,,,,,FALSE
West Nile fever,Equus caballus,9796,host,TRUE,TRUE,TRUE,TRUE,prototype,Orthoflavivirus nilense,mammalia,perissodactyla,equidae,Isolation/Observation; Not specified; PCR/Sequencing,dead_end_host,high,FALSE,draft_source_backed,,,,,,,,FALSE,FALSE,FALSE,,,,,,,,,,,FALSE
West Nile fever,Equus ferus,1114792,host,TRUE,TRUE,TRUE,TRUE,prototype,Orthoflavivirus nilense,mammalia,perissodactyla,equidae,PCR/Sequencing,host_presence_only,low,TRUE,candidate_only,,,,,,,,FALSE,FALSE,FALSE,,,,,,,,,,,FALSE
West Nile fever,Erythrocebus patas,9538,host,TRUE,TRUE,TRUE,TRUE,prototype,Orthoflavivirus nilense,mammalia,primates,cercopithecidae,Antibodies,host_presence_only,low,TRUE,candidate_only,,,,,,,,FALSE,FALSE,FALSE,,,,,,,,,,,FALSE
West Nile fever,Euphagus cyanocephalus,84817,host,TRUE,TRUE,TRUE,TRUE,prototype,Orthoflavivirus nilense,aves,passeriformes,icteridae,Isolation/Observation; PCR/Sequencing,host_presence_only,low,TRUE,candidate_only,,,,,,,,FALSE,FALSE,FALSE,,,,,,,,,,,FALSE
West Nile fever,Falco columbarius,8953,host,TRUE,TRUE,TRUE,TRUE,prototype,Orthoflavivirus nilense,aves,falconiformes,falconidae,Isolation/Observation; PCR/Sequencing,host_presence_only,low,TRUE,candidate_only,,,,,,,,FALSE,FALSE,FALSE,,,,,,,,,,,FALSE
West Nile fever,Falco peregrinus,8954,host,TRUE,TRUE,TRUE,TRUE,prototype,Orthoflavivirus nilense,aves,falconiformes,falconidae,PCR/Sequencing,host_presence_only,low,TRUE,candidate_only,,,,,,,,FALSE,FALSE,FALSE,,,,,,,,,,,FALSE
West Nile fever,Falco punctatus,148596,host,TRUE,TRUE,TRUE,TRUE,prototype,Orthoflavivirus nilense,aves,falconiformes,falconidae,Isolation/Observation; PCR/Sequencing,host_presence_only,low,TRUE,candidate_only,,,,,,,,FALSE,FALSE,FALSE,,,,,,,,,,,FALSE
West Nile fever,Falco sparverius,56350,host,TRUE,TRUE,TRUE,TRUE,prototype,Orthoflavivirus nilense,aves,falconiformes,falconidae,Isolation/Observation; PCR/Sequencing,host_presence_only,low,TRUE,candidate_only,,,,,,,,FALSE,FALSE,FALSE,,,,,,,,,,,FALSE
West Nile fever,Falco tinnunculus,100819,host,TRUE,TRUE,TRUE,TRUE,prototype,Orthoflavivirus nilense,aves,falconiformes,falconidae,Antibodies; PCR/Sequencing,host_presence_only,low,TRUE,candidate_only,,,,,,,,FALSE,FALSE,FALSE,,,,,,,,,,,FALSE
West Nile fever,Fulica atra,9121,host,TRUE,TRUE,TRUE,TRUE,prototype,Orthoflavivirus nilense,aves,gruiformes,rallidae,Antibodies,host_presence_only,low,TRUE,candidate_only,,,,,,,,FALSE,FALSE,FALSE,,,,,,,,,,,FALSE
West Nile fever,Gallus gallus,9031,host,TRUE,TRUE,TRUE,TRUE,prototype,Orthoflavivirus nilense,aves,galliformes,phasianidae,Isolation/Observation; Not specified; PCR/Sequencing,host_presence_only,low,TRUE,candidate_only,,,,,,,,FALSE,FALSE,FALSE,,,,,,,,,,,FALSE
West Nile fever,Garrulus glandarius,56783,host,TRUE,TRUE,TRUE,TRUE,prototype,Orthoflavivirus nilense,aves,passeriformes,corvidae,Isolation/Observation; PCR/Sequencing,host_presence_only,low,TRUE,candidate_only,,,,,,,,FALSE,FALSE,FALSE,,,,,,,,,,,FALSE
West Nile fever,Giraffa giraffa,439325,host,TRUE,TRUE,TRUE,TRUE,prototype,Orthoflavivirus nilense,,,,PCR/Sequencing,host_presence_only,low,TRUE,candidate_only,,,,,,,,FALSE,FALSE,FALSE,,,,,,,,,,,FALSE
West Nile fever,Gymnogyps californianus,33616,host,TRUE,TRUE,TRUE,TRUE,prototype,Orthoflavivirus nilense,aves,cathartiformes,cathartidae,Isolation/Observation; PCR/Sequencing,host_presence_only,low,TRUE,candidate_only,,,,,,,,FALSE,FALSE,FALSE,,,,,,,,,,,FALSE
West Nile fever,Gyps fulvus,36247,host,TRUE,TRUE,TRUE,TRUE,prototype,Orthoflavivirus nilense,aves,accipitriformes,accipitridae,PCR/Sequencing,host_presence_only,low,TRUE,candidate_only,,,,,,,,FALSE,FALSE,FALSE,,,,,,,,,,,FALSE
West Nile fever,Haemorhous mexicanus,30427,host,TRUE,TRUE,TRUE,TRUE,prototype,Orthoflavivirus nilense,aves,passeriformes,fringillidae,Isolation/Observation; Not specified; PCR/Sequencing,host_presence_only,low,TRUE,candidate_only,,,,,,,,FALSE,FALSE,FALSE,,,,,,,,,,,FALSE
West Nile fever,Haliaeetus albicilla,8969,host,TRUE,TRUE,TRUE,TRUE,prototype,Orthoflavivirus nilense,aves,accipitriformes,accipitridae,Isolation/Observation; PCR/Sequencing,host_presence_only,low,TRUE,candidate_only,,,,,,,,FALSE,FALSE,FALSE,,,,,,,,,,,FALSE
West Nile fever,Haliaeetus leucocephalus,52644,host,TRUE,TRUE,TRUE,TRUE,prototype,Orthoflavivirus nilense,aves,accipitriformes,accipitridae,Isolation/Observation; PCR/Sequencing,host_presence_only,low,TRUE,candidate_only,,,,,,,,FALSE,FALSE,FALSE,,,,,,,,,,,FALSE
West Nile fever,Hirundo rustica,43150,host,TRUE,TRUE,TRUE,TRUE,prototype,Orthoflavivirus nilense,aves,passeriformes,hirundinidae,PCR/Sequencing,host_presence_only,low,TRUE,candidate_only,,,,,,,,FALSE,FALSE,FALSE,,,,,,,,,,,FALSE
West Nile fever,Homo sapiens,9606,host,TRUE,TRUE,TRUE,TRUE,prototype,Orthoflavivirus nilense,,,,Isolation/Observation; Not specified; PCR/Sequencing,dead_end_incidental_host,high,FALSE,draft_source_backed,,,,,,,,FALSE,FALSE,FALSE,,,,,,,,,,,FALSE
West Nile fever,Hylocichla mustelina,172420,host,TRUE,TRUE,TRUE,TRUE,prototype,Orthoflavivirus nilense,aves,passeriformes,turdidae,Isolation/Observation; PCR/Sequencing,host_presence_only,low,TRUE,candidate_only,,,,,,,,FALSE,FALSE,FALSE,,,,,,,,,,,FALSE
West Nile fever,Ichthyaetus leucophthalmus,328043,host,TRUE,TRUE,TRUE,TRUE,prototype,Orthoflavivirus nilense,,,,PCR/Sequencing,host_presence_only,low,TRUE,candidate_only,,,,,,,,FALSE,FALSE,FALSE,,,,,,,,,,,FALSE
West Nile fever,Ictinia mississippiensis,371914,host,TRUE,TRUE,TRUE,TRUE,prototype,Orthoflavivirus nilense,aves,accipitriformes,accipitridae,Isolation/Observation; PCR/Sequencing,host_presence_only,low,TRUE,candidate_only,,,,,,,,FALSE,FALSE,FALSE,,,,,,,,,,,FALSE
West Nile fever,Lanius ludovicianus,28713,host,TRUE,TRUE,TRUE,TRUE,prototype,Orthoflavivirus nilense,aves,passeriformes,laniidae,Isolation/Observation; PCR/Sequencing,host_presence_only,low,TRUE,candidate_only,,,,,,,,FALSE,FALSE,FALSE,,,,,,,,,,,FALSE
West Nile fever,Larus crassirostris,179808,host,TRUE,TRUE,TRUE,TRUE,prototype,Orthoflavivirus nilense,aves,charadriiformes,laridae,PCR/Sequencing,host_presence_only,low,TRUE,candidate_only,,,,,,,,FALSE,FALSE,FALSE,,,,,,,,,,,FALSE
West Nile fever,Larus delawarensis,126683,host,TRUE,TRUE,TRUE,TRUE,prototype,Orthoflavivirus nilense,aves,charadriiformes,laridae,PCR/Sequencing,host_presence_only,low,TRUE,candidate_only,,,,,,,,FALSE,FALSE,FALSE,,,,,,,,,,,FALSE
West Nile fever,Larus michahellis,119627,host,TRUE,TRUE,TRUE,TRUE,prototype,Orthoflavivirus nilense,aves,charadriiformes,laridae,PCR/Sequencing,host_presence_only,low,TRUE,candidate_only,,,,,,,,FALSE,FALSE,FALSE,,,,,,,,,,,FALSE
West Nile fever,Larus smithsonianus,243888,host,TRUE,TRUE,TRUE,TRUE,prototype,Orthoflavivirus nilense,aves,charadriiformes,laridae,Isolation/Observation; PCR/Sequencing,host_presence_only,low,TRUE,candidate_only,,,,,,,,FALSE,FALSE,FALSE,,,,,,,,,,,FALSE
West Nile fever,Lathamus discolor,678569,host,TRUE,TRUE,TRUE,TRUE,prototype,Orthoflavivirus nilense,aves,psittaciformes,psittacidae,PCR/Sequencing,host_presence_only,low,TRUE,candidate_only,,,,,,,,FALSE,FALSE,FALSE,,,,,,,,,,,FALSE
West Nile fever,Lepus europaeus,9983,host,TRUE,TRUE,TRUE,TRUE,prototype,Orthoflavivirus nilense,mammalia,lagomorpha,leporidae,Antibodies,host_presence_only,low,TRUE,candidate_only,,,,,,,,FALSE,FALSE,FALSE,,,,,,,,,,,FALSE
West Nile fever,Locustella naevia,260105,host,TRUE,TRUE,TRUE,TRUE,prototype,Orthoflavivirus nilense,aves,passeriformes,locustellidae,PCR/Sequencing,host_presence_only,low,TRUE,candidate_only,,,,,,,,FALSE,FALSE,FALSE,,,,,,,,,,,FALSE
West Nile fever,Lophophorus impejanus,9040,host,TRUE,TRUE,TRUE,TRUE,prototype,Orthoflavivirus nilense,aves,galliformes,phasianidae,PCR/Sequencing,host_presence_only,low,TRUE,candidate_only,,,,,,,,FALSE,FALSE,FALSE,,,,,,,,,,,FALSE
West Nile fever,Lophuromys sikapusi,83535,host,TRUE,TRUE,TRUE,TRUE,prototype,Orthoflavivirus nilense,mammalia,rodentia,muridae,Antibodies,host_presence_only,low,TRUE,candidate_only,,,,,,,,FALSE,FALSE,FALSE,,,,,,,,,,,FALSE
West Nile fever,Macaca fuscata,9542,host,TRUE,TRUE,TRUE,TRUE,prototype,Orthoflavivirus nilense,mammalia,primates,cercopithecidae,Antibodies,host_presence_only,low,TRUE,candidate_only,,,,,,,,FALSE,FALSE,FALSE,,,,,,,,,,,FALSE
West Nile fever,Macaca mulatta,9544,host,TRUE,TRUE,TRUE,TRUE,prototype,Orthoflavivirus nilense,mammalia,primates,cercopithecidae,Antibodies,host_presence_only,low,TRUE,candidate_only,,,,,,,,FALSE,FALSE,FALSE,,,,,,,,,,,FALSE
West Nile fever,Macaca nemestrina,9545,host,TRUE,TRUE,TRUE,TRUE,prototype,Orthoflavivirus nilense,mammalia,primates,cercopithecidae,Antibodies,host_presence_only,low,TRUE,candidate_only,,,,,,,,FALSE,FALSE,FALSE,,,,,,,,,,,FALSE
West Nile fever,Macaca sylvanus,9546,host,TRUE,TRUE,TRUE,TRUE,prototype,Orthoflavivirus nilense,mammalia,primates,cercopithecidae,Isolation/Observation,host_presence_only,low,TRUE,candidate_only,,,,,,,,FALSE,FALSE,FALSE,,,,,,,,,,,FALSE
West Nile fever,Marmota monax,9995,host,TRUE,TRUE,TRUE,TRUE,prototype,Orthoflavivirus nilense,mammalia,rodentia,sciuridae,Antibodies,host_presence_only,low,TRUE,candidate_only,,,,,,,,FALSE,FALSE,FALSE,,,,,,,,,,,FALSE
West Nile fever,Mastomys erythroleucus,41268,host,TRUE,TRUE,TRUE,TRUE,prototype,Orthoflavivirus nilense,mammalia,rodentia,muridae,PCR/Sequencing,host_presence_only,low,TRUE,candidate_only,,,,,,,,FALSE,FALSE,FALSE,,,,,,,,,,,FALSE
West Nile fever,Meleagris gallopavo,9103,host,TRUE,TRUE,TRUE,TRUE,prototype,Orthoflavivirus nilense,aves,galliformes,phasianidae,Isolation/Observation; PCR/Sequencing,host_presence_only,low,TRUE,candidate_only,,,,,,,,FALSE,FALSE,FALSE,,,,,,,,,,,FALSE
West Nile fever,Mephitis mephitis,30548,host,TRUE,TRUE,TRUE,TRUE,prototype,Orthoflavivirus nilense,mammalia,carnivora,mephitidae,Antibodies; Isolation/Observation; PCR/Sequencing,host_presence_only,low,TRUE,candidate_only,,,,,,,,FALSE,FALSE,FALSE,,,,,,,,,,,FALSE
West Nile fever,Mergus squamatus,670348,host,TRUE,TRUE,TRUE,TRUE,prototype,Orthoflavivirus nilense,aves,anseriformes,anatidae,PCR/Sequencing,host_presence_only,low,TRUE,candidate_only,,,,,,,,FALSE,FALSE,FALSE,,,,,,,,,,,FALSE
West Nile fever,Mesocricetus auratus,10036,host,TRUE,TRUE,TRUE,TRUE,prototype,Orthoflavivirus nilense,mammalia,rodentia,cricetidae,Isolation/Observation; Not specified; PCR/Sequencing,host_presence_only,low,TRUE,candidate_only,,,,,,,,FALSE,FALSE,FALSE,,,,,,,,,,,FALSE
West Nile fever,Microtus arvalis,47230,host,TRUE,TRUE,TRUE,TRUE,prototype,Orthoflavivirus nilense,mammalia,rodentia,cricetidae,Antibodies,host_presence_only,low,TRUE,candidate_only,,,,,,,,FALSE,FALSE,FALSE,,,,,,,,,,,FALSE
West Nile fever,Mimus polyglottos,60713,host,TRUE,TRUE,TRUE,TRUE,prototype,Orthoflavivirus nilense,aves,passeriformes,mimidae,Isolation/Observation; PCR/Sequencing,host_presence_only,low,TRUE,candidate_only,,,,,,,,FALSE,FALSE,FALSE,,,,,,,,,,,FALSE
West Nile fever,Molothrus ater,84834,host,TRUE,TRUE,TRUE,TRUE,prototype,Orthoflavivirus nilense,aves,passeriformes,icteridae,Isolation/Observation; PCR/Sequencing,host_presence_only,low,TRUE,candidate_only,,,,,,,,FALSE,FALSE,FALSE,,,,,,,,,,,FALSE
West Nile fever,Mops pumilus,242384,host,TRUE,TRUE,TRUE,TRUE,prototype,Orthoflavivirus nilense,mammalia,chiroptera,molossidae,Antibodies,host_presence_only,low,TRUE,candidate_only,,,,,,,,FALSE,FALSE,FALSE,,,,,,,,,,,FALSE
West Nile fever,Mus musculus,10090,host,TRUE,TRUE,TRUE,TRUE,prototype,Orthoflavivirus nilense,mammalia,rodentia,muridae,Isolation/Observation; Not specified; PCR/Sequencing,host_presence_only,low,TRUE,candidate_only,,,,,,,,FALSE,FALSE,FALSE,,,,,,,,,,,FALSE
West Nile fever,Myodes glareolus,447135,host,TRUE,TRUE,TRUE,TRUE,prototype,Orthoflavivirus nilense,,,,Antibodies,host_presence_only,low,TRUE,candidate_only,,,,,,,,FALSE,FALSE,FALSE,,,,,,,,,,,FALSE
West Nile fever,Nannopterum auritum,56069,host,TRUE,TRUE,TRUE,TRUE,prototype,Orthoflavivirus nilense,,,,Isolation/Observation; PCR/Sequencing,host_presence_only,low,TRUE,candidate_only,,,,,,,,FALSE,FALSE,FALSE,,,,,,,,,,,FALSE
West Nile fever,Nestor notabilis,176057,host,TRUE,TRUE,TRUE,TRUE,prototype,Orthoflavivirus nilense,aves,psittaciformes,strigopidae,PCR/Sequencing,host_presence_only,low,TRUE,candidate_only,,,,,,,,FALSE,FALSE,FALSE,,,,,,,,,,,FALSE
West Nile fever,Odocoileus virginianus,9874,host,TRUE,TRUE,TRUE,TRUE,prototype,Orthoflavivirus nilense,mammalia,artiodactyla,cervidae,Antibodies; PCR/Sequencing,host_presence_only,low,TRUE,candidate_only,,,,,,,,FALSE,FALSE,FALSE,,,,,,,,,,,FALSE
West Nile fever,Oena capensis,115679,host,TRUE,TRUE,TRUE,TRUE,prototype,Orthoflavivirus nilense,aves,columbiformes,columbidae,PCR/Sequencing,host_presence_only,low,TRUE,candidate_only,,,,,,,,FALSE,FALSE,FALSE,,,,,,,,,,,FALSE
West Nile fever,Orcinus orca,9733,host,TRUE,TRUE,TRUE,TRUE,prototype,Orthoflavivirus nilense,mammalia,artiodactyla,delphinidae,PCR/Sequencing,host_presence_only,low,TRUE,candidate_only,,,,,,,,FALSE,FALSE,FALSE,,,,,,,,,,,FALSE
West Nile fever,Oriolus flavocinctus,449354,host,TRUE,TRUE,TRUE,TRUE,prototype,Orthoflavivirus nilense,aves,passeriformes,oriolidae,PCR/Sequencing,host_presence_only,low,TRUE,candidate_only,,,,,,,,FALSE,FALSE,FALSE,,,,,,,,,,,FALSE
West Nile fever,Oryctolagus cuniculus,9986,host,TRUE,TRUE,TRUE,TRUE,prototype,Orthoflavivirus nilense,mammalia,lagomorpha,leporidae,Antibodies,host_presence_only,low,TRUE,candidate_only,,,,,,,,FALSE,FALSE,FALSE,,,,,,,,,,,FALSE
West Nile fever,Ovis aries,9940,host,TRUE,TRUE,TRUE,TRUE,prototype,Orthoflavivirus nilense,mammalia,artiodactyla,bovidae,Antibodies; Not specified; PCR/Sequencing,host_presence_only,low,TRUE,candidate_only,,,,,,,,FALSE,FALSE,FALSE,,,,,,,,,,,FALSE
West Nile fever,Pan troglodytes,9598,host,TRUE,TRUE,TRUE,TRUE,prototype,Orthoflavivirus nilense,mammalia,primates,hominidae,Antibodies; Not specified,host_presence_only,low,TRUE,candidate_only,,,,,,,,FALSE,FALSE,FALSE,,,,,,,,,,,FALSE
West Nile fever,Pandion haliaetus,56262,host,TRUE,TRUE,TRUE,TRUE,prototype,Orthoflavivirus nilense,aves,accipitriformes,pandionidae,PCR/Sequencing,host_presence_only,low,TRUE,candidate_only,,,,,,,,FALSE,FALSE,FALSE,,,,,,,,,,,FALSE
West Nile fever,Panthera leo,9689,host,TRUE,TRUE,TRUE,TRUE,prototype,Orthoflavivirus nilense,mammalia,carnivora,felidae,Antibodies; PCR/Sequencing,host_presence_only,low,TRUE,candidate_only,,,,,,,,FALSE,FALSE,FALSE,,,,,,,,,,,FALSE
West Nile fever,Panthera tigris,9694,host,TRUE,TRUE,TRUE,TRUE,prototype,Orthoflavivirus nilense,mammalia,carnivora,felidae,Antibodies,host_presence_only,low,TRUE,candidate_only,,,,,,,,FALSE,FALSE,FALSE,,,,,,,,,,,FALSE
West Nile fever,Panthera uncia,29064,host,TRUE,TRUE,TRUE,TRUE,prototype,Orthoflavivirus nilense,mammalia,carnivora,felidae,Antibodies,host_presence_only,low,TRUE,candidate_only,,,,,,,,FALSE,FALSE,FALSE,,,,,,,,,,,FALSE
West Nile fever,Parus major,9157,host,TRUE,TRUE,TRUE,TRUE,prototype,Orthoflavivirus nilense,aves,passeriformes,paridae,PCR/Sequencing,host_presence_only,low,TRUE,candidate_only,,,,,,,,FALSE,FALSE,FALSE,,,,,,,,,,,FALSE
West Nile fever,Passer,2705460,host,TRUE,TRUE,TRUE,TRUE,prototype,Orthoflavivirus nilense,,,,PCR/Sequencing,host_presence_only,low,TRUE,candidate_only,,,,,,,,FALSE,FALSE,FALSE,,,,,,,,,,,FALSE
West Nile fever,Passer domesticus,48849,host,TRUE,TRUE,TRUE,TRUE,prototype,Orthoflavivirus nilense,aves,passeriformes,passeridae,Isolation/Observation; PCR/Sequencing,host_presence_only,low,TRUE,candidate_only,,,,,,,,FALSE,FALSE,FALSE,,,,,,,,,,,FALSE
West Nile fever,Pelecanus erythrorhynchos,33618,host,TRUE,TRUE,TRUE,TRUE,prototype,Orthoflavivirus nilense,aves,pelecaniformes,pelecanidae,Isolation/Observation; PCR/Sequencing,host_presence_only,low,TRUE,candidate_only,,,,,,,,FALSE,FALSE,FALSE,,,,,,,,,,,FALSE
West Nile fever,Pelecanus occidentalis,37043,host,TRUE,TRUE,TRUE,TRUE,prototype,Orthoflavivirus nilense,aves,pelecaniformes,pelecanidae,PCR/Sequencing,host_presence_only,low,TRUE,candidate_only,,,,,,,,FALSE,FALSE,FALSE,,,,,,,,,,,FALSE
West Nile fever,Pelophylax ridibundus,8406,host,TRUE,TRUE,TRUE,TRUE,prototype,Orthoflavivirus nilense,amphibia,anura,ranidae,Isolation/Observation; PCR/Sequencing,host_presence_only,low,TRUE,candidate_only,,,,,,,,FALSE,FALSE,FALSE,,,,,,,,,,,FALSE
West Nile fever,Peromyscus leucopus,10041,host,TRUE,TRUE,TRUE,TRUE,prototype,Orthoflavivirus nilense,mammalia,rodentia,cricetidae,Antibodies,host_presence_only,low,TRUE,candidate_only,,,,,,,,FALSE,FALSE,FALSE,,,,,,,,,,,FALSE
West Nile fever,Phalacrocorax carbo,9209,host,TRUE,TRUE,TRUE,TRUE,prototype,Orthoflavivirus nilense,aves,suliformes,phalacrocoracidae,Isolation/Observation; PCR/Sequencing,host_presence_only,low,TRUE,candidate_only,,,,,,,,FALSE,FALSE,FALSE,,,,,,,,,,,FALSE
West Nile fever,Phasianus colchicus,9054,host,TRUE,TRUE,TRUE,TRUE,prototype,Orthoflavivirus nilense,aves,galliformes,phasianidae,Isolation/Observation; PCR/Sequencing,host_presence_only,low,TRUE,candidate_only,,,,,,,,FALSE,FALSE,FALSE,,,,,,,,,,,FALSE
West Nile fever,Pheucticus melanocephalus,371919,host,TRUE,TRUE,TRUE,TRUE,prototype,Orthoflavivirus nilense,aves,passeriformes,cardinalidae,PCR/Sequencing,host_presence_only,low,TRUE,candidate_only,,,,,,,,FALSE,FALSE,FALSE,,,,,,,,,,,FALSE
West Nile fever,Phoca vitulina,9720,host,TRUE,TRUE,TRUE,TRUE,prototype,Orthoflavivirus nilense,mammalia,carnivora,phocidae,Antibodies; PCR/Sequencing,host_presence_only,low,TRUE,candidate_only,,,,,,,,FALSE,FALSE,FALSE,,,,,,,,,,,FALSE
West Nile fever,Phoenicoparrus andinus,704177,host,TRUE,TRUE,TRUE,TRUE,prototype,Orthoflavivirus nilense,aves,phoenicopteriformes,phoenicopteridae,PCR/Sequencing,host_presence_only,low,TRUE,candidate_only,,,,,,,,FALSE,FALSE,FALSE,,,,,,,,,,,FALSE
West Nile fever,Phoenicopterus,2729511,host,TRUE,TRUE,TRUE,TRUE,prototype,Orthoflavivirus nilense,,,,PCR/Sequencing,host_presence_only,low,TRUE,candidate_only,,,,,,,,FALSE,FALSE,FALSE,,,,,,,,,,,FALSE
West Nile fever,Phoenicopterus chilensis,117000,host,TRUE,TRUE,TRUE,TRUE,prototype,Orthoflavivirus nilense,aves,phoenicopteriformes,phoenicopteridae,PCR/Sequencing,host_presence_only,low,TRUE,candidate_only,,,,,,,,FALSE,FALSE,FALSE,,,,,,,,,,,FALSE
West Nile fever,Phoenicopterus roseus,435638,host,TRUE,TRUE,TRUE,TRUE,prototype,Orthoflavivirus nilense,aves,phoenicopteriformes,phoenicopteridae,PCR/Sequencing,host_presence_only,low,TRUE,candidate_only,,,,,,,,FALSE,FALSE,FALSE,,,,,,,,,,,FALSE
West Nile fever,Phoenicopterus ruber,9217,host,TRUE,TRUE,TRUE,TRUE,prototype,Orthoflavivirus nilense,aves,phoenicopteriformes,phoenicopteridae,Isolation/Observation; PCR/Sequencing,host_presence_only,low,TRUE,candidate_only,,,,,,,,FALSE,FALSE,FALSE,,,,,,,,,,,FALSE
West Nile fever,Phylloscopus collybita,48150,host,TRUE,TRUE,TRUE,TRUE,prototype,Orthoflavivirus nilense,aves,passeriformes,phylloscopidae,PCR/Sequencing,host_presence_only,low,TRUE,candidate_only,,,,,,,,FALSE,FALSE,FALSE,,,,,,,,,,,FALSE
West Nile fever,Pica hudsonia,158052,host,TRUE,TRUE,TRUE,TRUE,prototype,Orthoflavivirus nilense,aves,passeriformes,corvidae,PCR/Sequencing,host_presence_only,low,TRUE,candidate_only,,,,,,,,FALSE,FALSE,FALSE,,,,,,,,,,,FALSE
West Nile fever,Pica nuttalli,114087,host,TRUE,TRUE,TRUE,TRUE,prototype,Orthoflavivirus nilense,,,,PCR/Sequencing,host_presence_only,low,TRUE,candidate_only,,,,,,,,FALSE,FALSE,FALSE,,,,,,,,,,,FALSE
West Nile fever,Pica pica,34924,host,TRUE,TRUE,TRUE,TRUE,prototype,Orthoflavivirus nilense,aves,passeriformes,corvidae,Isolation/Observation; PCR/Sequencing,host_presence_only,low,TRUE,candidate_only,,,,,,,,FALSE,FALSE,FALSE,,,,,,,,,,,FALSE
West Nile fever,Pipistrellus hesperidus,294653,host,TRUE,TRUE,TRUE,TRUE,prototype,Orthoflavivirus nilense,mammalia,chiroptera,vespertilionidae,Antibodies,host_presence_only,low,TRUE,candidate_only,,,,,,,,FALSE,FALSE,FALSE,,,,,,,,,,,FALSE
West Nile fever,Pluvialis apricaria,670352,host,TRUE,TRUE,TRUE,TRUE,prototype,Orthoflavivirus nilense,aves,charadriiformes,charadriidae,PCR/Sequencing,host_presence_only,low,TRUE,candidate_only,,,,,,,,FALSE,FALSE,FALSE,,,,,,,,,,,FALSE
West Nile fever,Podiceps cristatus,345573,host,TRUE,TRUE,TRUE,TRUE,prototype,Orthoflavivirus nilense,aves,podicipediformes,podicipedidae,PCR/Sequencing,host_presence_only,low,TRUE,candidate_only,,,,,,,,FALSE,FALSE,FALSE,,,,,,,,,,,FALSE
West Nile fever,Podiceps nigricollis,85099,host,TRUE,TRUE,TRUE,TRUE,prototype,Orthoflavivirus nilense,aves,podicipediformes,podicipedidae,Isolation/Observation,host_presence_only,low,TRUE,candidate_only,,,,,,,,FALSE,FALSE,FALSE,,,,,,,,,,,FALSE
West Nile fever,Poecile atricapillus,48891,host,TRUE,TRUE,TRUE,TRUE,prototype,Orthoflavivirus nilense,aves,passeriformes,paridae,Isolation/Observation; PCR/Sequencing,host_presence_only,low,TRUE,candidate_only,,,,,,,,FALSE,FALSE,FALSE,,,,,,,,,,,FALSE
West Nile fever,Poecile carolinensis,48892,host,TRUE,TRUE,TRUE,TRUE,prototype,Orthoflavivirus nilense,aves,passeriformes,paridae,Isolation/Observation; PCR/Sequencing,host_presence_only,low,TRUE,candidate_only,,,,,,,,FALSE,FALSE,FALSE,,,,,,,,,,,FALSE
West Nile fever,Procyon lotor,9654,host,TRUE,TRUE,TRUE,TRUE,prototype,Orthoflavivirus nilense,mammalia,carnivora,procyonidae,Antibodies,host_presence_only,low,TRUE,candidate_only,,,,,,,,FALSE,FALSE,FALSE,,,,,,,,,,,FALSE
West Nile fever,Prunella modularis,181117,host,TRUE,TRUE,TRUE,TRUE,prototype,Orthoflavivirus nilense,aves,passeriformes,prunellidae,PCR/Sequencing,host_presence_only,low,TRUE,candidate_only,,,,,,,,FALSE,FALSE,FALSE,,,,,,,,,,,FALSE
West Nile fever,Pteropus alecto,9402,host,TRUE,TRUE,TRUE,TRUE,prototype,Orthoflavivirus nilense,mammalia,chiroptera,pteropodidae,Antibodies,host_presence_only,low,TRUE,candidate_only,,,,,,,,FALSE,FALSE,FALSE,,,,,,,,,,,FALSE
West Nile fever,Puma concolor,9696,host,TRUE,TRUE,TRUE,TRUE,prototype,Orthoflavivirus nilense,mammalia,carnivora,felidae,Antibodies,host_presence_only,low,TRUE,candidate_only,,,,,,,,FALSE,FALSE,FALSE,,,,,,,,,,,FALSE
West Nile fever,Pyrrhocorax graculus,56789,host,TRUE,TRUE,TRUE,TRUE,prototype,Orthoflavivirus nilense,aves,passeriformes,corvidae,PCR/Sequencing,host_presence_only,low,TRUE,candidate_only,,,,,,,,FALSE,FALSE,FALSE,,,,,,,,,,,FALSE
West Nile fever,Quelea quelea,187445,host,TRUE,TRUE,TRUE,TRUE,prototype,Orthoflavivirus nilense,aves,passeriformes,ploceidae,PCR/Sequencing,host_presence_only,low,TRUE,candidate_only,,,,,,,,FALSE,FALSE,FALSE,,,,,,,,,,,FALSE
West Nile fever,Quiscalus major,84780,host,TRUE,TRUE,TRUE,TRUE,prototype,Orthoflavivirus nilense,aves,passeriformes,icteridae,Isolation/Observation; PCR/Sequencing,host_presence_only,low,TRUE,candidate_only,,,,,,,,FALSE,FALSE,FALSE,,,,,,,,,,,FALSE
West Nile fever,Quiscalus quiscula,84782,host,TRUE,TRUE,TRUE,TRUE,prototype,Orthoflavivirus nilense,aves,passeriformes,icteridae,Isolation/Observation; PCR/Sequencing,host_presence_only,low,TRUE,candidate_only,,,,,,,,FALSE,FALSE,FALSE,,,,,,,,,,,FALSE
West Nile fever,Rallus aquaticus,54496,host,TRUE,TRUE,TRUE,TRUE,prototype,Orthoflavivirus nilense,aves,gruiformes,rallidae,PCR/Sequencing,host_presence_only,low,TRUE,candidate_only,,,,,,,,FALSE,FALSE,FALSE,,,,,,,,,,,FALSE
West Nile fever,Rattus norvegicus,10116,host,TRUE,TRUE,TRUE,TRUE,prototype,Orthoflavivirus nilense,mammalia,rodentia,muridae,Antibodies,host_presence_only,low,TRUE,candidate_only,,,,,,,,FALSE,FALSE,FALSE,,,,,,,,,,,FALSE
West Nile fever,Rattus rattus,10117,host,TRUE,TRUE,TRUE,TRUE,prototype,Orthoflavivirus nilense,mammalia,rodentia,muridae,Antibodies,host_presence_only,low,TRUE,candidate_only,,,,,,,,FALSE,FALSE,FALSE,,,,,,,,,,,FALSE
West Nile fever,Rousettus aegyptiacus,9407,host,TRUE,TRUE,TRUE,TRUE,prototype,Orthoflavivirus nilense,mammalia,chiroptera,pteropodidae,Antibodies,host_presence_only,low,TRUE,candidate_only,,,,,,,,FALSE,FALSE,FALSE,,,,,,,,,,,FALSE
West Nile fever,Rousettus leschenaultii,9408,host,TRUE,TRUE,TRUE,TRUE,prototype,Orthoflavivirus nilense,mammalia,chiroptera,pteropodidae,Isolation/Observation; Not specified; PCR/Sequencing,host_presence_only,low,TRUE,candidate_only,,,,,,,,FALSE,FALSE,FALSE,,,,,,,,,,,FALSE
West Nile fever,Sciurus carolinensis,30640,host,TRUE,TRUE,TRUE,TRUE,prototype,Orthoflavivirus nilense,mammalia,rodentia,sciuridae,Antibodies; PCR/Sequencing,host_presence_only,low,TRUE,candidate_only,,,,,,,,FALSE,FALSE,FALSE,,,,,,,,,,,FALSE
West Nile fever,Sciurus niger,34861,host,TRUE,TRUE,TRUE,TRUE,prototype,Orthoflavivirus nilense,mammalia,rodentia,sciuridae,Antibodies; PCR/Sequencing,host_presence_only,low,TRUE,candidate_only,,,,,,,,FALSE,FALSE,FALSE,,,,,,,,,,,FALSE
West Nile fever,Serinus canaria,9135,host,TRUE,TRUE,TRUE,TRUE,prototype,Orthoflavivirus nilense,aves,passeriformes,fringillidae,PCR/Sequencing,host_presence_only,low,TRUE,candidate_only,,,,,,,,FALSE,FALSE,FALSE,,,,,,,,,,,FALSE
West Nile fever,Sigmodon hispidus,42415,host,TRUE,TRUE,TRUE,TRUE,prototype,Orthoflavivirus nilense,mammalia,rodentia,cricetidae,Antibodies,host_presence_only,low,TRUE,candidate_only,,,,,,,,FALSE,FALSE,FALSE,,,,,,,,,,,FALSE
West Nile fever,Spatula querquedula,75856,host,TRUE,TRUE,TRUE,TRUE,prototype,Orthoflavivirus nilense,aves,anseriformes,anatidae,Isolation/Observation; PCR/Sequencing,host_presence_only,low,TRUE,candidate_only,,,,,,,,FALSE,FALSE,FALSE,,,,,,,,,,,FALSE
West Nile fever,Spheniscus humboldti,9240,host,TRUE,TRUE,TRUE,TRUE,prototype,Orthoflavivirus nilense,aves,sphenisciformes,spheniscidae,PCR/Sequencing,host_presence_only,low,TRUE,candidate_only,,,,,,,,FALSE,FALSE,FALSE,,,,,,,,,,,FALSE
West Nile fever,Spinus tristis,54773,host,TRUE,TRUE,TRUE,TRUE,prototype,Orthoflavivirus nilense,aves,passeriformes,fringillidae,PCR/Sequencing,host_presence_only,low,TRUE,candidate_only,,,,,,,,FALSE,FALSE,FALSE,,,,,,,,,,,FALSE
West Nile fever,Sternula albifrons,507597,host,TRUE,TRUE,TRUE,TRUE,prototype,Orthoflavivirus nilense,aves,charadriiformes,laridae,Antibodies,host_presence_only,low,TRUE,candidate_only,,,,,,,,FALSE,FALSE,FALSE,,,,,,,,,,,FALSE
West Nile fever,Sternula antillarum,471862,host,TRUE,TRUE,TRUE,TRUE,prototype,Orthoflavivirus nilense,aves,charadriiformes,laridae,PCR/Sequencing,host_presence_only,low,TRUE,candidate_only,,,,,,,,FALSE,FALSE,FALSE,,,,,,,,,,,FALSE
West Nile fever,Streptopelia capicola,135634,host,TRUE,TRUE,TRUE,TRUE,prototype,Orthoflavivirus nilense,aves,columbiformes,columbidae,PCR/Sequencing,host_presence_only,low,TRUE,candidate_only,,,,,,,,FALSE,FALSE,FALSE,,,,,,,,,,,FALSE
West Nile fever,Streptopelia decaocto,177147,host,TRUE,TRUE,TRUE,TRUE,prototype,Orthoflavivirus nilense,aves,columbiformes,columbidae,PCR/Sequencing,host_presence_only,low,TRUE,candidate_only,,,,,,,,FALSE,FALSE,FALSE,,,,,,,,,,,FALSE
West Nile fever,Strix aluco,111821,host,TRUE,TRUE,TRUE,TRUE,prototype,Orthoflavivirus nilense,aves,strigiformes,strigidae,PCR/Sequencing,host_presence_only,low,TRUE,candidate_only,,,,,,,,FALSE,FALSE,FALSE,,,,,,,,,,,FALSE
West Nile fever,Strix nebulosa,126836,host,TRUE,TRUE,TRUE,TRUE,prototype,Orthoflavivirus nilense,aves,strigiformes,strigidae,PCR/Sequencing,host_presence_only,low,TRUE,candidate_only,,,,,,,,FALSE,FALSE,FALSE,,,,,,,,,,,FALSE
West Nile fever,Strix nebulosa,507975,host,TRUE,TRUE,TRUE,TRUE,prototype,Orthoflavivirus nilense,aves,strigiformes,strigidae,PCR/Sequencing,host_presence_only,low,TRUE,candidate_only,,,,,,,,FALSE,FALSE,FALSE,,,,,,,,,,,FALSE
West Nile fever,Strix varia,57075,host,TRUE,TRUE,TRUE,TRUE,prototype,Orthoflavivirus nilense,aves,strigiformes,strigidae,PCR/Sequencing,host_presence_only,low,TRUE,candidate_only,,,,,,,,FALSE,FALSE,FALSE,,,,,,,,,,,FALSE
West Nile fever,Sturnus vulgaris,9172,host,TRUE,TRUE,TRUE,TRUE,prototype,Orthoflavivirus nilense,aves,passeriformes,sturnidae,Antibodies; PCR/Sequencing,host_presence_only,low,TRUE,candidate_only,,,,,,,,FALSE,FALSE,FALSE,,,,,,,,,,,FALSE
West Nile fever,Sus scrofa,9823,host,TRUE,TRUE,TRUE,TRUE,prototype,Orthoflavivirus nilense,mammalia,artiodactyla,suidae,Antibodies; Not specified,host_presence_only,low,TRUE,candidate_only,,,,,,,,FALSE,FALSE,FALSE,,,,,,,,,,,FALSE
West Nile fever,Sylvia atricapilla,48155,host,TRUE,TRUE,TRUE,TRUE,prototype,Orthoflavivirus nilense,aves,passeriformes,sylviidae,PCR/Sequencing,host_presence_only,low,TRUE,candidate_only,,,,,,,,FALSE,FALSE,FALSE,,,,,,,,,,,FALSE
West Nile fever,Syncerus caffer,9970,host,TRUE,TRUE,TRUE,TRUE,prototype,Orthoflavivirus nilense,mammalia,artiodactyla,bovidae,PCR/Sequencing,host_presence_only,low,TRUE,candidate_only,,,,,,,,FALSE,FALSE,FALSE,,,,,,,,,,,FALSE
West Nile fever,Tadarida brasiliensis,9438,host,TRUE,TRUE,TRUE,TRUE,prototype,Orthoflavivirus nilense,mammalia,chiroptera,molossidae,Antibodies,host_presence_only,low,TRUE,candidate_only,,,,,,,,FALSE,FALSE,FALSE,,,,,,,,,,,FALSE
West Nile fever,Toxostoma rufum,58210,host,TRUE,TRUE,TRUE,TRUE,prototype,Orthoflavivirus nilense,aves,passeriformes,mimidae,Isolation/Observation; PCR/Sequencing,host_presence_only,low,TRUE,candidate_only,,,,,,,,FALSE,FALSE,FALSE,,,,,,,,,,,FALSE
West Nile fever,Trichoglossus haematodus,176049,host,TRUE,TRUE,TRUE,TRUE,prototype,Orthoflavivirus nilense,aves,psittaciformes,psittacidae,PCR/Sequencing,host_presence_only,low,TRUE,candidate_only,,,,,,,,FALSE,FALSE,FALSE,,,,,,,,,,,FALSE
West Nile fever,Trichoglossus moluccanus,1549204,host,TRUE,TRUE,TRUE,TRUE,prototype,Orthoflavivirus nilense,aves,psittaciformes,psittacidae,PCR/Sequencing,host_presence_only,low,TRUE,candidate_only,,,,,,,,FALSE,FALSE,FALSE,,,,,,,,,,,FALSE
West Nile fever,Turdus merula,9187,host,TRUE,TRUE,TRUE,TRUE,prototype,Orthoflavivirus nilense,aves,passeriformes,turdidae,Isolation/Observation; PCR/Sequencing,host_presence_only,low,TRUE,candidate_only,,,,,,,,FALSE,FALSE,FALSE,,,,,,,,,,,FALSE
West Nile fever,Turdus migratorius,9188,host,TRUE,TRUE,TRUE,TRUE,prototype,Orthoflavivirus nilense,aves,passeriformes,turdidae,Isolation/Observation; Not specified; PCR/Sequencing,amplifying_host,medium,TRUE,draft_source_backed,,,,,,,,FALSE,FALSE,FALSE,,,,,,,,,,,FALSE
West Nile fever,Turdus philomelos,127946,host,TRUE,TRUE,TRUE,TRUE,prototype,Orthoflavivirus nilense,aves,passeriformes,turdidae,PCR/Sequencing,host_presence_only,low,TRUE,candidate_only,,,,,,,,FALSE,FALSE,FALSE,,,,,,,,,,,FALSE
West Nile fever,Tyto alba,56313,host,TRUE,TRUE,TRUE,TRUE,prototype,Orthoflavivirus nilense,aves,strigiformes,tytonidae,PCR/Sequencing,host_presence_only,low,TRUE,candidate_only,,,,,,,,FALSE,FALSE,FALSE,,,,,,,,,,,FALSE
West Nile fever,Ursus americanus,9643,host,TRUE,TRUE,TRUE,TRUE,prototype,Orthoflavivirus nilense,mammalia,carnivora,ursidae,Antibodies,host_presence_only,low,TRUE,candidate_only,,,,,,,,FALSE,FALSE,FALSE,,,,,,,,,,,FALSE
West Nile fever,Ursus arctos,9644,host,TRUE,TRUE,TRUE,TRUE,prototype,Orthoflavivirus nilense,mammalia,carnivora,ursidae,Antibodies; Isolation/Observation,host_presence_only,low,TRUE,candidate_only,,,,,,,,FALSE,FALSE,FALSE,,,,,,,,,,,FALSE
West Nile fever,Ursus maritimus,29073,host,TRUE,TRUE,TRUE,TRUE,prototype,Orthoflavivirus nilense,mammalia,carnivora,ursidae,PCR/Sequencing,host_presence_only,low,TRUE,candidate_only,,,,,,,,FALSE,FALSE,FALSE,,,,,,,,,,,FALSE
West Nile fever,Vanellus spinosus,8909,host,TRUE,TRUE,TRUE,TRUE,prototype,Orthoflavivirus nilense,aves,charadriiformes,charadriidae,Antibodies,host_presence_only,low,TRUE,candidate_only,,,,,,,,FALSE,FALSE,FALSE,,,,,,,,,,,FALSE
West Nile fever,Vanellus vanellus,100859,host,TRUE,TRUE,TRUE,TRUE,prototype,Orthoflavivirus nilense,aves,charadriiformes,charadriidae,Antibodies,host_presence_only,low,TRUE,candidate_only,,,,,,,,FALSE,FALSE,FALSE,,,,,,,,,,,FALSE
West Nile fever,Vicugna pacos,30538,host,TRUE,TRUE,TRUE,TRUE,prototype,Orthoflavivirus nilense,,,,PCR/Sequencing,host_presence_only,low,TRUE,candidate_only,,,,,,,,FALSE,FALSE,FALSE,,,,,,,,,,,FALSE
West Nile fever,Vulpes vulpes,9627,host,TRUE,TRUE,TRUE,TRUE,prototype,Orthoflavivirus nilense,mammalia,carnivora,canidae,Antibodies,host_presence_only,low,TRUE,candidate_only,,,,,,,,FALSE,FALSE,FALSE,,,,,,,,,,,FALSE
West Nile fever,Zenaida macroura,47245,host,TRUE,TRUE,TRUE,TRUE,prototype,Orthoflavivirus nilense,aves,columbiformes,columbidae,Isolation/Observation; PCR/Sequencing,host_presence_only,low,TRUE,candidate_only,,,,,,,,FALSE,FALSE,FALSE,,,,,,,,,,,FALSE
West Nile fever,acomys cahirinus,10068,host,TRUE,TRUE,TRUE,TRUE,prototype,Orthoflavivirus nilense,,,,Antibodies,host_presence_only,low,TRUE,candidate_only,,,,,,,,FALSE,FALSE,FALSE,,,,,,,,,,,FALSE
West Nile fever,acomys dimidiatus,60744,host,TRUE,TRUE,TRUE,TRUE,prototype,Orthoflavivirus nilense,,,,Antibodies,host_presence_only,low,TRUE,candidate_only,,,,,,,,FALSE,FALSE,FALSE,,,,,,,,,,,FALSE
West Nile fever,aethomys kaiseri,253247,host,TRUE,TRUE,TRUE,TRUE,prototype,Orthoflavivirus nilense,,,,Antibodies,host_presence_only,low,TRUE,candidate_only,,,,,,,,FALSE,FALSE,FALSE,,,,,,,,,,,FALSE
West Nile fever,alcedo atthis,36245,host,TRUE,TRUE,TRUE,TRUE,prototype,Orthoflavivirus nilense,,,,Antibodies,host_presence_only,low,TRUE,candidate_only,,,,,,,,FALSE,FALSE,FALSE,,,,,,,,,,,FALSE
West Nile fever,babyrousa babyrussa,41806,host,TRUE,TRUE,TRUE,TRUE,prototype,Orthoflavivirus nilense,,,,Antibodies,host_presence_only,low,TRUE,candidate_only,,,,,,,,FALSE,FALSE,FALSE,,,,,,,,,,,FALSE
West Nile fever,burhinus oedicnemus,85105,host,TRUE,TRUE,TRUE,TRUE,prototype,Orthoflavivirus nilense,,,,Antibodies,host_presence_only,low,TRUE,candidate_only,,,,,,,,FALSE,FALSE,FALSE,,,,,,,,,,,FALSE
West Nile fever,cercopithecus nictitans,36228,host,TRUE,TRUE,TRUE,TRUE,prototype,Orthoflavivirus nilense,,,,Antibodies,host_presence_only,low,TRUE,candidate_only,,,,,,,,FALSE,FALSE,FALSE,,,,,,,,,,,FALSE
West Nile fever,clamator glandarius,78203,host,TRUE,TRUE,TRUE,TRUE,prototype,Orthoflavivirus nilense,,,,Antibodies,host_presence_only,low,TRUE,candidate_only,,,,,,,,FALSE,FALSE,FALSE,,,,,,,,,,,FALSE
West Nile fever,corvus tristis,1196314,host,TRUE,TRUE,TRUE,TRUE,prototype,Orthoflavivirus nilense,,,,PCR/Sequencing,host_presence_only,low,TRUE,candidate_only,,,,,,,,FALSE,FALSE,FALSE,,,,,,,,,,,FALSE
West Nile fever,crocidura olivieri,214449,host,TRUE,TRUE,TRUE,TRUE,prototype,Orthoflavivirus nilense,,,,Antibodies,host_presence_only,low,TRUE,candidate_only,,,,,,,,FALSE,FALSE,FALSE,,,,,,,,,,,FALSE
West Nile fever,ctenodactylus gundi,10166,host,TRUE,TRUE,TRUE,TRUE,prototype,Orthoflavivirus nilense,,,,Antibodies,host_presence_only,low,TRUE,candidate_only,,,,,,,,FALSE,FALSE,FALSE,,,,,,,,,,,FALSE
West Nile fever,dama dama,30532,host,TRUE,TRUE,TRUE,TRUE,prototype,Orthoflavivirus nilense,,,,Antibodies,host_presence_only,low,TRUE,candidate_only,,,,,,,,FALSE,FALSE,FALSE,,,,,,,,,,,FALSE
West Nile fever,dasymys incomtus,71173,host,TRUE,TRUE,TRUE,TRUE,prototype,Orthoflavivirus nilense,,,,Antibodies,host_presence_only,low,TRUE,candidate_only,,,,,,,,FALSE,FALSE,FALSE,,,,,,,,,,,FALSE
West Nile fever,dipodillus dasyurus,723804,host,TRUE,TRUE,TRUE,TRUE,prototype,Orthoflavivirus nilense,,,,Antibodies,host_presence_only,low,TRUE,candidate_only,,,,,,,,FALSE,FALSE,FALSE,,,,,,,,,,,FALSE
West Nile fever,elephas maximus,9783,host,TRUE,TRUE,TRUE,TRUE,prototype,Orthoflavivirus nilense,,,,Antibodies,host_presence_only,low,TRUE,candidate_only,,,,,,,,FALSE,FALSE,FALSE,,,,,,,,,,,FALSE
West Nile fever,emberiza calandra,460200,host,TRUE,TRUE,TRUE,TRUE,prototype,Orthoflavivirus nilense,,,,Antibodies,host_presence_only,low,TRUE,candidate_only,,,,,,,,FALSE,FALSE,FALSE,,,,,,,,,,,FALSE
West Nile fever,eulemur fulvus,13515,host,TRUE,TRUE,TRUE,TRUE,prototype,Orthoflavivirus nilense,,,,Antibodies,host_presence_only,low,TRUE,candidate_only,,,,,,,,FALSE,FALSE,FALSE,,,,,,,,,,,FALSE
West Nile fever,galagoides demidoff,89672,host,TRUE,TRUE,TRUE,TRUE,prototype,Orthoflavivirus nilense,,,,Antibodies,host_presence_only,low,TRUE,candidate_only,,,,,,,,FALSE,FALSE,FALSE,,,,,,,,,,,FALSE
West Nile fever,gerbillus pyramidum,298882,host,TRUE,TRUE,TRUE,TRUE,prototype,Orthoflavivirus nilense,,,,Antibodies,host_presence_only,low,TRUE,candidate_only,,,,,,,,FALSE,FALSE,FALSE,,,,,,,,,,,FALSE
West Nile fever,giraffa camelopardalis,9894,host,TRUE,TRUE,TRUE,TRUE,prototype,Orthoflavivirus nilense,,,,PCR/Sequencing,host_presence_only,low,TRUE,candidate_only,,,,,,,,FALSE,FALSE,FALSE,,,,,,,,,,,FALSE
West Nile fever,hesperosciurus griseus,53278,host,TRUE,TRUE,TRUE,TRUE,prototype,Orthoflavivirus nilense,,,,Antibodies,host_presence_only,low,TRUE,candidate_only,,,,,,,,FALSE,FALSE,FALSE,,,,,,,,,,,FALSE
West Nile fever,lemur catta,9447,host,TRUE,TRUE,TRUE,TRUE,prototype,Orthoflavivirus nilense,,,,Antibodies,host_presence_only,low,TRUE,candidate_only,,,,,,,,FALSE,FALSE,FALSE,,,,,,,,,,,FALSE
West Nile fever,lepilemur edwardsi,122230,host,TRUE,TRUE,TRUE,TRUE,prototype,Orthoflavivirus nilense,,,,Antibodies,host_presence_only,low,TRUE,candidate_only,,,,,,,,FALSE,FALSE,FALSE,,,,,,,,,,,FALSE
West Nile fever,lepilemur mustelinus,9453,host,TRUE,TRUE,TRUE,TRUE,prototype,Orthoflavivirus nilense,,,,Antibodies,host_presence_only,low,TRUE,candidate_only,,,,,,,,FALSE,FALSE,FALSE,,,,,,,,,,,FALSE
West Nile fever,lepus californicus,48087,host,TRUE,TRUE,TRUE,TRUE,prototype,Orthoflavivirus nilense,,,,Antibodies,host_presence_only,low,TRUE,candidate_only,,,,,,,,FALSE,FALSE,FALSE,,,,,,,,,,,FALSE
West Nile fever,macaca sinica,9552,host,TRUE,TRUE,TRUE,TRUE,prototype,Orthoflavivirus nilense,,,,Antibodies,host_presence_only,low,TRUE,candidate_only,,,,,,,,FALSE,FALSE,FALSE,,,,,,,,,,,FALSE
West Nile fever,microtus guentheri,269655,host,TRUE,TRUE,TRUE,TRUE,prototype,Orthoflavivirus nilense,,,,Antibodies,host_presence_only,low,TRUE,candidate_only,,,,,,,,FALSE,FALSE,FALSE,,,,,,,,,,,FALSE
West Nile fever,millardia meltada,121583,host,TRUE,TRUE,TRUE,TRUE,prototype,Orthoflavivirus nilense,,,,Antibodies,host_presence_only,low,TRUE,candidate_only,,,,,,,,FALSE,FALSE,FALSE,,,,,,,,,,,FALSE
West Nile fever,mops condylurus,258863,host,TRUE,TRUE,TRUE,TRUE,prototype,Orthoflavivirus nilense,,,,Antibodies,host_presence_only,low,TRUE,candidate_only,,,,,,,,FALSE,FALSE,FALSE,,,,,,,,,,,FALSE
West Nile fever,myotis lucifugus,59463,host,TRUE,TRUE,TRUE,TRUE,prototype,Orthoflavivirus nilense,,,,Antibodies,host_presence_only,low,TRUE,candidate_only,,,,,,,,FALSE,FALSE,FALSE,,,,,,,,,,,FALSE
West Nile fever,myotis septentrionalis,258941,host,TRUE,TRUE,TRUE,TRUE,prototype,Orthoflavivirus nilense,,,,Antibodies,host_presence_only,low,TRUE,candidate_only,,,,,,,,FALSE,FALSE,FALSE,,,,,,,,,,,FALSE
West Nile fever,neophron percnopterus,33608,host,TRUE,TRUE,TRUE,TRUE,prototype,Orthoflavivirus nilense,,,,Antibodies,host_presence_only,low,TRUE,candidate_only,,,,,,,,FALSE,FALSE,FALSE,,,,,,,,,,,FALSE
West Nile fever,oreamnos americanus,34873,host,TRUE,TRUE,TRUE,TRUE,prototype,Orthoflavivirus nilense,,,,Antibodies,host_presence_only,low,TRUE,candidate_only,,,,,,,,FALSE,FALSE,FALSE,,,,,,,,,,,FALSE
West Nile fever,perodicticus potto,9472,host,TRUE,TRUE,TRUE,TRUE,prototype,Orthoflavivirus nilense,,,,Antibodies,host_presence_only,low,TRUE,candidate_only,,,,,,,,FALSE,FALSE,FALSE,,,,,,,,,,,FALSE
West Nile fever,propithecus coquereli,379532,host,TRUE,TRUE,TRUE,TRUE,prototype,Orthoflavivirus nilense,,,,Antibodies,host_presence_only,low,TRUE,candidate_only,,,,,,,,FALSE,FALSE,FALSE,,,,,,,,,,,FALSE
West Nile fever,propithecus verreauxi,34825,host,TRUE,TRUE,TRUE,TRUE,prototype,Orthoflavivirus nilense,,,,Antibodies,host_presence_only,low,TRUE,candidate_only,,,,,,,,FALSE,FALSE,FALSE,,,,,,,,,,,FALSE
West Nile fever,pteropus rufus,196297,host,TRUE,TRUE,TRUE,TRUE,prototype,Orthoflavivirus nilense,,,,Antibodies,host_presence_only,low,TRUE,candidate_only,,,,,,,,FALSE,FALSE,FALSE,,,,,,,,,,,FALSE
West Nile fever,pteropus scapulatus,94117,host,TRUE,TRUE,TRUE,TRUE,prototype,Orthoflavivirus nilense,,,,Antibodies,host_presence_only,low,TRUE,candidate_only,,,,,,,,FALSE,FALSE,FALSE,,,,,,,,,,,FALSE
West Nile fever,rangifer tarandus,9870,host,TRUE,TRUE,TRUE,TRUE,prototype,Orthoflavivirus nilense,,,,Antibodies,host_presence_only,low,TRUE,candidate_only,,,,,,,,FALSE,FALSE,FALSE,,,,,,,,,,,FALSE
West Nile fever,rhinoceros unicornis,9809,host,TRUE,TRUE,TRUE,TRUE,prototype,Orthoflavivirus nilense,,,,Antibodies,host_presence_only,low,TRUE,candidate_only,,,,,,,,FALSE,FALSE,FALSE,,,,,,,,,,,FALSE
West Nile fever,sekeetamys calurus,298884,host,TRUE,TRUE,TRUE,TRUE,prototype,Orthoflavivirus nilense,,,,Antibodies,host_presence_only,low,TRUE,candidate_only,,,,,,,,FALSE,FALSE,FALSE,,,,,,,,,,,FALSE
West Nile fever,spermophilus citellus,9997,host,TRUE,TRUE,TRUE,TRUE,prototype,Orthoflavivirus nilense,,,,Antibodies,host_presence_only,low,TRUE,candidate_only,,,,,,,,FALSE,FALSE,FALSE,,,,,,,,,,,FALSE
West Nile fever,talpa romana,52886,host,TRUE,TRUE,TRUE,TRUE,prototype,Orthoflavivirus nilense,,,,Antibodies,host_presence_only,low,TRUE,candidate_only,,,,,,,,FALSE,FALSE,FALSE,,,,,,,,,,,FALSE
West Nile fever,tamias striatus,45474,host,TRUE,TRUE,TRUE,TRUE,prototype,Orthoflavivirus nilense,,,,Antibodies,host_presence_only,low,TRUE,candidate_only,,,,,,,,FALSE,FALSE,FALSE,,,,,,,,,,,FALSE
West Nile fever,tamiasciurus hudsonicus,10009,host,TRUE,TRUE,TRUE,TRUE,prototype,Orthoflavivirus nilense,,,,Antibodies,host_presence_only,low,TRUE,candidate_only,,,,,,,,FALSE,FALSE,FALSE,,,,,,,,,,,FALSE
West Nile fever,tatera indica,186471,host,TRUE,TRUE,TRUE,TRUE,prototype,Orthoflavivirus nilense,,,,Antibodies,host_presence_only,low,TRUE,candidate_only,,,,,,,,FALSE,FALSE,FALSE,,,,,,,,,,,FALSE
West Nile fever,thallomys nigricauda,371826,host,TRUE,TRUE,TRUE,TRUE,prototype,Orthoflavivirus nilense,,,,Antibodies,host_presence_only,low,TRUE,candidate_only,,,,,,,,FALSE,FALSE,FALSE,,,,,,,,,,,FALSE
West Nile fever,tringa ochropus,261960,host,TRUE,TRUE,TRUE,TRUE,prototype,Orthoflavivirus nilense,,,,Antibodies,host_presence_only,low,TRUE,candidate_only,,,,,,,,FALSE,FALSE,FALSE,,,,,,,,,,,FALSE
West Nile fever,zapus hudsonius,160400,host,TRUE,TRUE,TRUE,TRUE,prototype,Orthoflavivirus nilense,,,,Antibodies,host_presence_only,low,TRUE,candidate_only,,,,,,,,FALSE,FALSE,FALSE,,,,,,,,,,,FALSE
Yellow fever,aedes aegypti,,vector,TRUE,TRUE,TRUE,FALSE,priority,Orthoflavivirus flavi,,,,,,,,,mosquito,species,aedes aegypti,main_vector,high,FALSE,draft_source_backed,TRUE,TRUE,TRUE,confirmed,review,lit_review,TRUE,blood_meal,mixed,mixed,no,primary_vector|urban_vector,mixed_or_debated_evidence|population_dependent|strain_dependent,FALSE
Yellow fever,aedes africanus,,vector,TRUE,TRUE,TRUE,FALSE,priority,Orthoflavivirus flavi,,,,,,,,,mosquito,species,aedes africanus,sylvatic_vector,high,TRUE,draft_source_backed,TRUE,TRUE,TRUE,confirmed,review,lit_review,TRUE,blood_meal,competent,yes,,primary_vector|sylvatic_vector,,FALSE
Yellow fever,aedes albopictus,,vector,TRUE,TRUE,TRUE,FALSE,priority,Orthoflavivirus flavi,,,,,,,,,mosquito,species,aedes albopictus,,,,,TRUE,TRUE,TRUE,confirmed,lab,lit_review,TRUE,blood_meal,mixed,mixed,no,bridge_vector,,FALSE
Yellow fever,aedes bromeliae,,vector,TRUE,TRUE,TRUE,FALSE,priority,Orthoflavivirus flavi,,,,,,,,,mosquito,species,aedes bromeliae,,,,,TRUE,FALSE,TRUE,confirmed,review,lit_review,,,competent,yes,,bridge_vector|semidomestic_vector,,FALSE
Yellow fever,aedes centropunctatus,,vector,TRUE,TRUE,TRUE,FALSE,priority,Orthoflavivirus flavi,,,,,,,,,mosquito,species,aedes centropunctatus,,,,,TRUE,FALSE,TRUE,candidate,review,lit_review,,,unclear,,yes,,field_detection_only,FALSE
Yellow fever,aedes dalzieli,,vector,TRUE,TRUE,TRUE,FALSE,priority,Orthoflavivirus flavi,,,,,,,,,mosquito,species,aedes dalzieli,,,,,TRUE,FALSE,TRUE,candidate,review,lit_review,,,unclear,,yes,,field_detection_only,FALSE
Yellow fever,aedes furcifer,,vector,TRUE,TRUE,TRUE,FALSE,priority,Orthoflavivirus flavi,,,,,,,,,mosquito,species,aedes furcifer,,,,,TRUE,FALSE,TRUE,confirmed,review,lit_review,,,competent,yes,yes,bridge_vector|primary_vector|semidomestic_vector|sylvatic_vector,field_detection_only,FALSE
Yellow fever,aedes furcifer taylori,,vector,TRUE,TRUE,TRUE,FALSE,priority,Orthoflavivirus flavi,,,,,,,,,mosquito,infraspecific,aedes furcifer taylori,,,,,TRUE,FALSE,TRUE,confirmed,review,lit_review,,,competent,yes,,primary_vector|sylvatic_vector,,FALSE
Yellow fever,aedes keniensis,,vector,TRUE,TRUE,TRUE,FALSE,priority,Orthoflavivirus flavi,,,,,,,,,mosquito,species,aedes keniensis,,,,,TRUE,FALSE,TRUE,confirmed,review,lit_review,,,competent,yes,,bridge_vector,,FALSE
Yellow fever,aedes luteocephalus,,vector,TRUE,TRUE,TRUE,FALSE,priority,Orthoflavivirus flavi,,,,,,,,,mosquito,species,aedes luteocephalus,,,,,TRUE,FALSE,TRUE,confirmed,review,lit_review,,,competent,yes,,primary_vector|semidomestic_vector|sylvatic_vector,,FALSE
Yellow fever,aedes mcintoshi,,vector,TRUE,TRUE,TRUE,FALSE,priority,Orthoflavivirus flavi,,,,,,,,,mosquito,species,aedes mcintoshi,,,,,TRUE,TRUE,TRUE,candidate,review,lit_review,TRUE,blood_meal,unclear,,yes,,field_detection_only,FALSE
Yellow fever,aedes metallicus,,vector,TRUE,TRUE,TRUE,FALSE,priority,Orthoflavivirus flavi,,,,,,,,,mosquito,species,aedes metallicus,,,,,TRUE,FALSE,TRUE,confirmed,review,lit_review,FALSE,,competent,yes,,primary_vector|sylvatic_vector,,FALSE
Yellow fever,aedes opok,,vector,TRUE,TRUE,TRUE,FALSE,priority,Orthoflavivirus flavi,,,,,,,,,mosquito,species,aedes opok,,,,,TRUE,FALSE,TRUE,confirmed,review,lit_review,,,competent,yes,,primary_vector|sylvatic_vector,,FALSE
Yellow fever,aedes scapularis,,vector,TRUE,TRUE,TRUE,FALSE,priority,Orthoflavivirus flavi,,,,,,,,,mosquito,species,aedes scapularis,,,,,TRUE,TRUE,TRUE,candidate,field,lit_review,TRUE,blood_meal,unclear,,yes,secondary_vector,,FALSE
Yellow fever,aedes simpsoni,,vector,TRUE,TRUE,TRUE,FALSE,priority,Orthoflavivirus flavi,,,,,,,,,mosquito,species,aedes simpsoni,,,,,TRUE,FALSE,TRUE,confirmed,review,lit_review,,,competent,yes,,sylvatic_vector,,FALSE
Yellow fever,aedes simpsoni complex,,vector,TRUE,TRUE,TRUE,FALSE,priority,Orthoflavivirus flavi,,,,,,,,,mosquito,complex,aedes simpsoni complex,,,,,TRUE,FALSE,TRUE,candidate,review,lit_review,,,unclear,,,,,FALSE
Yellow fever,aedes taeniorhynchus,,vector,TRUE,TRUE,TRUE,FALSE,priority,Orthoflavivirus flavi,,,,,,,,,mosquito,species,aedes taeniorhynchus,,,,,TRUE,TRUE,TRUE,candidate,field,lit_review,TRUE,blood_meal,unclear,,yes,secondary_vector,,FALSE
Yellow fever,aedes taylori,,vector,TRUE,TRUE,TRUE,FALSE,priority,Orthoflavivirus flavi,,,,,,,,,mosquito,species,aedes taylori,,,,,TRUE,TRUE,TRUE,confirmed,review,lit_review,TRUE,blood_meal,competent,yes,,primary_vector|sylvatic_vector,,FALSE
Yellow fever,aedes vittatus,,vector,TRUE,TRUE,TRUE,FALSE,priority,Orthoflavivirus flavi,,,,,,,,,mosquito,species,aedes vittatus,,,,,TRUE,TRUE,TRUE,confirmed,review,lit_review,TRUE,blood_meal,competent,yes,,bridge_vector|primary_vector|sylvatic_vector,,FALSE
Yellow fever,anopheles funestus,,vector,TRUE,TRUE,TRUE,FALSE,priority,Orthoflavivirus flavi,,,,,,,,,mosquito,species,anopheles funestus,,,,,TRUE,TRUE,TRUE,candidate,review,lit_review,TRUE,blood_meal,unclear,,yes,,field_detection_only,FALSE
Yellow fever,haemagogus capricorni,,vector,TRUE,TRUE,TRUE,FALSE,priority,Orthoflavivirus flavi,,,,,,,,,mosquito,species,haemagogus capricorni,,,,,TRUE,FALSE,TRUE,probable,review,lit_review,,,competent,yes,,sylvatic_vector,,FALSE
Yellow fever,haemagogus equines,,vector,TRUE,TRUE,TRUE,FALSE,priority,Orthoflavivirus flavi,,,,,,,,,mosquito,species,haemagogus equines,,,,,TRUE,FALSE,TRUE,probable,review,lit_review,,,competent,yes,,sylvatic_vector,,FALSE
Yellow fever,haemagogus janthinomys,,vector,TRUE,TRUE,TRUE,FALSE,priority,Orthoflavivirus flavi,,,,,,,,,mosquito,species,haemagogus janthinomys,sylvatic_vector,high,TRUE,draft_source_backed,TRUE,TRUE,TRUE,confirmed,field,lit_review,TRUE,blood_meal,competent,yes,yes,primary_vector|sylvatic_vector,,FALSE
Yellow fever,haemagogus leucocelaenus,,vector,TRUE,TRUE,TRUE,FALSE,priority,Orthoflavivirus flavi,,,,,,,,,mosquito,species,haemagogus leucocelaenus,sylvatic_vector,high,TRUE,draft_source_backed,TRUE,TRUE,TRUE,confirmed,field,lit_review,TRUE,blood_meal,competent,yes,yes,primary_vector|sylvatic_vector,,FALSE
Yellow fever,haemagogus mesodentatus,,vector,TRUE,TRUE,TRUE,FALSE,priority,Orthoflavivirus flavi,,,,,,,,,mosquito,species,haemagogus mesodentatus,,,,,TRUE,FALSE,TRUE,probable,review,lit_review,,,competent,yes,,sylvatic_vector,,FALSE
Yellow fever,haemagogus spegazzinii,,vector,TRUE,TRUE,TRUE,FALSE,priority,Orthoflavivirus flavi,,,,,,,,,mosquito,species,haemagogus spegazzinii,,,,,TRUE,FALSE,TRUE,probable,review,lit_review,,,competent,yes,,sylvatic_vector,,FALSE
Yellow fever,sabethes albipivus,,vector,TRUE,TRUE,TRUE,FALSE,priority,Orthoflavivirus flavi,,,,,,,,,mosquito,species,sabethes albipivus,,,,,TRUE,FALSE,FALSE,confirmed,review,lit_review,,,,,,,,FALSE
Yellow fever,sabethes chloropterus,,vector,TRUE,TRUE,TRUE,FALSE,priority,Orthoflavivirus flavi,,,,,,,,,mosquito,species,sabethes chloropterus,,,,,TRUE,TRUE,TRUE,confirmed,review,lit_review,TRUE,blood_meal,competent,yes,yes,secondary_vector|sylvatic_vector,,FALSE
Yellow fever,sabethes cyaneus,,vector,TRUE,TRUE,TRUE,FALSE,priority,Orthoflavivirus flavi,,,,,,,,,mosquito,species,sabethes cyaneus,,,,,TRUE,FALSE,FALSE,probable,review,lit_review,,,,,,,,FALSE
Yellow fever,sabethes soperi,,vector,TRUE,TRUE,TRUE,FALSE,priority,Orthoflavivirus flavi,,,,,,,,,mosquito,species,sabethes soperi,,,,,TRUE,FALSE,FALSE,probable,review,lit_review,,,,,,,,FALSE
Yellow fever,Alouatta,9501,host,TRUE,TRUE,TRUE,FALSE,priority,Orthoflavivirus flavi,,,,PCR/Sequencing,host_presence_only,low,TRUE,candidate_only,,,,,,,,FALSE,FALSE,FALSE,,,,,,,,,,,FALSE
Yellow fever,Alouatta caraya,9502,host,TRUE,TRUE,TRUE,FALSE,priority,Orthoflavivirus flavi,mammalia,primates,atelidae,Antibodies; Isolation/Observation; Not specified; PCR/Sequencing,host_presence_only,low,TRUE,candidate_only,,,,,,,,FALSE,FALSE,FALSE,,,,,,,,,,,FALSE
Yellow fever,Alouatta guariba,182256,host,TRUE,TRUE,TRUE,FALSE,priority,Orthoflavivirus flavi,mammalia,primates,atelidae,Isolation/Observation; Not specified; PCR/Sequencing,host_presence_only,low,TRUE,candidate_only,,,,,,,,FALSE,FALSE,FALSE,,,,,,,,,,,FALSE
Yellow fever,Alouatta guariba,183328,host,TRUE,TRUE,TRUE,FALSE,priority,Orthoflavivirus flavi,mammalia,primates,atelidae,PCR/Sequencing,host_presence_only,low,TRUE,candidate_only,,,,,,,,FALSE,FALSE,FALSE,,,,,,,,,,,FALSE
Yellow fever,Alouatta sara,121123,host,TRUE,TRUE,TRUE,FALSE,priority,Orthoflavivirus flavi,mammalia,primates,atelidae,PCR/Sequencing,host_presence_only,low,TRUE,candidate_only,,,,,,,,FALSE,FALSE,FALSE,,,,,,,,,,,FALSE
Yellow fever,Alouatta seniculus,9503,host,TRUE,TRUE,TRUE,FALSE,priority,Orthoflavivirus flavi,mammalia,primates,atelidae,Antibodies; Isolation/Observation; PCR/Sequencing,host_presence_only,low,TRUE,candidate_only,,,,,,,,FALSE,FALSE,FALSE,,,,,,,,,,,FALSE
Yellow fever,Aotus azarae,30591,host,TRUE,TRUE,TRUE,FALSE,priority,Orthoflavivirus flavi,,,,PCR/Sequencing,host_presence_only,low,TRUE,candidate_only,,,,,,,,FALSE,FALSE,FALSE,,,,,,,,,,,FALSE
Yellow fever,Artibeus jamaicensis,9417,host,TRUE,TRUE,TRUE,FALSE,priority,Orthoflavivirus flavi,mammalia,chiroptera,phyllostomidae,Antibodies,host_presence_only,low,TRUE,candidate_only,,,,,,,,FALSE,FALSE,FALSE,,,,,,,,,,,FALSE
Yellow fever,Artibeus lituratus,27634,host,TRUE,TRUE,TRUE,FALSE,priority,Orthoflavivirus flavi,mammalia,chiroptera,phyllostomidae,Antibodies,host_presence_only,low,TRUE,candidate_only,,,,,,,,FALSE,FALSE,FALSE,,,,,,,,,,,FALSE
Yellow fever,Ateles geoffroyi,9509,host,TRUE,TRUE,TRUE,FALSE,priority,Orthoflavivirus flavi,mammalia,primates,atelidae,Antibodies,host_presence_only,low,TRUE,candidate_only,,,,,,,,FALSE,FALSE,FALSE,,,,,,,,,,,FALSE
Yellow fever,Bradypus tridactylus,9354,host,TRUE,TRUE,TRUE,FALSE,priority,Orthoflavivirus flavi,mammalia,pilosa,bradypodidae,Antibodies,host_presence_only,low,TRUE,candidate_only,,,,,,,,FALSE,FALSE,FALSE,,,,,,,,,,,FALSE
Yellow fever,Callicebus,116962,host,TRUE,TRUE,TRUE,FALSE,priority,Orthoflavivirus flavi,,,,PCR/Sequencing,host_presence_only,low,TRUE,candidate_only,,,,,,,,FALSE,FALSE,FALSE,,,,,,,,,,,FALSE
Yellow fever,Callicebus nigrifrons,867334,host,TRUE,TRUE,TRUE,FALSE,priority,Orthoflavivirus flavi,mammalia,primates,pitheciidae,PCR/Sequencing,host_presence_only,low,TRUE,candidate_only,,,,,,,,FALSE,FALSE,FALSE,,,,,,,,,,,FALSE
Yellow fever,Callicebus personatus,70814,host,TRUE,TRUE,TRUE,FALSE,priority,Orthoflavivirus flavi,mammalia,primates,pitheciidae,PCR/Sequencing,host_presence_only,low,TRUE,candidate_only,,,,,,,,FALSE,FALSE,FALSE,,,,,,,,,,,FALSE
Yellow fever,Callithrix,9485,host,TRUE,TRUE,TRUE,FALSE,priority,Orthoflavivirus flavi,,,,PCR/Sequencing,host_presence_only,low,TRUE,candidate_only,,,,,,,,FALSE,FALSE,FALSE,,,,,,,,,,,FALSE
Yellow fever,Callithrix geoffroyi,52231,host,TRUE,TRUE,TRUE,FALSE,priority,Orthoflavivirus flavi,mammalia,primates,callitrichidae,PCR/Sequencing,host_presence_only,low,TRUE,candidate_only,,,,,,,,FALSE,FALSE,FALSE,,,,,,,,,,,FALSE
Yellow fever,Callithrix jacchus,9483,host,TRUE,TRUE,TRUE,FALSE,priority,Orthoflavivirus flavi,mammalia,primates,callitrichidae,Antibodies,host_presence_only,low,TRUE,candidate_only,,,,,,,,FALSE,FALSE,FALSE,,,,,,,,,,,FALSE
Yellow fever,Callithrix penicillata,57378,host,TRUE,TRUE,TRUE,FALSE,priority,Orthoflavivirus flavi,mammalia,primates,callitrichidae,Antibodies; Isolation/Observation; PCR/Sequencing,host_presence_only,low,TRUE,candidate_only,,,,,,,,FALSE,FALSE,FALSE,,,,,,,,,,,FALSE
Yellow fever,Carollia perspicillata,40233,host,TRUE,TRUE,TRUE,FALSE,priority,Orthoflavivirus flavi,mammalia,chiroptera,phyllostomidae,Antibodies,host_presence_only,low,TRUE,candidate_only,,,,,,,,FALSE,FALSE,FALSE,,,,,,,,,,,FALSE
Yellow fever,Cebus,9517,host,TRUE,TRUE,TRUE,FALSE,priority,Orthoflavivirus flavi,,,,PCR/Sequencing,host_presence_only,low,TRUE,candidate_only,,,,,,,,FALSE,FALSE,FALSE,,,,,,,,,,,FALSE
Yellow fever,Cercopithecus ascanius,36223,host,TRUE,TRUE,TRUE,FALSE,priority,Orthoflavivirus flavi,mammalia,primates,cercopithecidae,Antibodies; Not specified,host_presence_only,low,TRUE,candidate_only,,,,,,,,FALSE,FALSE,FALSE,,,,,,,,,,,FALSE
Yellow fever,Chlorocebus aethiops,9534,host,TRUE,TRUE,TRUE,FALSE,priority,Orthoflavivirus flavi,mammalia,primates,cercopithecidae,Antibodies; Isolation/Observation; Not specified,host_presence_only,low,TRUE,candidate_only,,,,,,,,FALSE,FALSE,FALSE,,,,,,,,,,,FALSE
Yellow fever,Colobus guereza,33548,host,TRUE,TRUE,TRUE,FALSE,priority,Orthoflavivirus flavi,mammalia,primates,cercopithecidae,Antibodies,host_presence_only,low,TRUE,candidate_only,,,,,,,,FALSE,FALSE,FALSE,,,,,,,,,,,FALSE
Yellow fever,Erythrocebus patas,9538,host,TRUE,TRUE,TRUE,FALSE,priority,Orthoflavivirus flavi,mammalia,primates,cercopithecidae,Isolation/Observation; Not specified; PCR/Sequencing,host_presence_only,low,TRUE,candidate_only,,,,,,,,FALSE,FALSE,FALSE,,,,,,,,,,,FALSE
Yellow fever,Glossophaga soricina,27638,host,TRUE,TRUE,TRUE,FALSE,priority,Orthoflavivirus flavi,mammalia,chiroptera,phyllostomidae,Antibodies,host_presence_only,low,TRUE,candidate_only,,,,,,,,FALSE,FALSE,FALSE,,,,,,,,,,,FALSE
Yellow fever,Homo sapiens,9606,host,TRUE,TRUE,TRUE,FALSE,priority,Orthoflavivirus flavi,,,,Isolation/Observation; Not specified; PCR/Sequencing,amplifying_host,medium,FALSE,draft_source_backed,,,,,,,,FALSE,FALSE,FALSE,,,,,,,,,,,FALSE
Yellow fever,Macaca mulatta,9544,host,TRUE,TRUE,TRUE,FALSE,priority,Orthoflavivirus flavi,mammalia,primates,cercopithecidae,Antibodies; PCR/Sequencing,host_presence_only,low,TRUE,candidate_only,,,,,,,,FALSE,FALSE,FALSE,,,,,,,,,,,FALSE
Yellow fever,Macaca sylvanus,9546,host,TRUE,TRUE,TRUE,FALSE,priority,Orthoflavivirus flavi,mammalia,primates,cercopithecidae,Not specified,host_presence_only,low,TRUE,candidate_only,,,,,,,,FALSE,FALSE,FALSE,,,,,,,,,,,FALSE
Yellow fever,Mesocricetus auratus,10036,host,TRUE,TRUE,TRUE,FALSE,priority,Orthoflavivirus flavi,mammalia,rodentia,cricetidae,Not specified,host_presence_only,low,TRUE,candidate_only,,,,,,,,FALSE,FALSE,FALSE,,,,,,,,,,,FALSE
Yellow fever,Molossus molossus,27622,host,TRUE,TRUE,TRUE,FALSE,priority,Orthoflavivirus flavi,mammalia,chiroptera,molossidae,Antibodies,host_presence_only,low,TRUE,candidate_only,,,,,,,,FALSE,FALSE,FALSE,,,,,,,,,,,FALSE
Yellow fever,Molossus rufus,124751,host,TRUE,TRUE,TRUE,FALSE,priority,Orthoflavivirus flavi,mammalia,chiroptera,molossidae,Antibodies,host_presence_only,low,TRUE,candidate_only,,,,,,,,FALSE,FALSE,FALSE,,,,,,,,,,,FALSE
Yellow fever,Pan troglodytes,9598,host,TRUE,TRUE,TRUE,FALSE,priority,Orthoflavivirus flavi,mammalia,primates,hominidae,Antibodies,host_presence_only,low,TRUE,candidate_only,,,,,,,,FALSE,FALSE,FALSE,,,,,,,,,,,FALSE
Yellow fever,Papio cynocephalus,9556,host,TRUE,TRUE,TRUE,FALSE,priority,Orthoflavivirus flavi,mammalia,primates,cercopithecidae,Antibodies,host_presence_only,low,TRUE,candidate_only,,,,,,,,FALSE,FALSE,FALSE,,,,,,,,,,,FALSE
Yellow fever,Saguinus midas,30586,host,TRUE,TRUE,TRUE,FALSE,priority,Orthoflavivirus flavi,mammalia,primates,callitrichidae,Antibodies; PCR/Sequencing,host_presence_only,low,TRUE,candidate_only,,,,,,,,FALSE,FALSE,FALSE,,,,,,,,,,,FALSE
Yellow fever,Saimiri sciureus,9521,host,TRUE,TRUE,TRUE,FALSE,priority,Orthoflavivirus flavi,mammalia,primates,cebidae,Antibodies; Not specified,host_presence_only,low,TRUE,candidate_only,,,,,,,,FALSE,FALSE,FALSE,,,,,,,,,,,FALSE
Yellow fever,Sapajus,1874197,host,TRUE,TRUE,TRUE,FALSE,priority,Orthoflavivirus flavi,,,,PCR/Sequencing,host_presence_only,low,TRUE,candidate_only,,,,,,,,FALSE,FALSE,FALSE,,,,,,,,,,,FALSE
Yellow fever,Sapajus apella,9515,host,TRUE,TRUE,TRUE,FALSE,priority,Orthoflavivirus flavi,mammalia,primates,cebidae,Antibodies; PCR/Sequencing,host_presence_only,low,TRUE,candidate_only,,,,,,,,FALSE,FALSE,FALSE,,,,,,,,,,,FALSE
Yellow fever,Sapajus libidinosus,1126382,host,TRUE,TRUE,TRUE,FALSE,priority,Orthoflavivirus flavi,mammalia,primates,cebidae,PCR/Sequencing,host_presence_only,low,TRUE,candidate_only,,,,,,,,FALSE,FALSE,FALSE,,,,,,,,,,,FALSE
Yellow fever,alouatta belzebul,30590,host,TRUE,TRUE,TRUE,FALSE,priority,Orthoflavivirus flavi,,,,Antibodies,host_presence_only,low,TRUE,candidate_only,,,,,,,,FALSE,FALSE,FALSE,,,,,,,,,,,FALSE
Yellow fever,alouatta palliata,30589,host,TRUE,TRUE,TRUE,FALSE,priority,Orthoflavivirus flavi,,,,Antibodies,host_presence_only,low,TRUE,candidate_only,,,,,,,,FALSE,FALSE,FALSE,,,,,,,,,,,FALSE
Yellow fever,alouatta pigra,182253,host,TRUE,TRUE,TRUE,FALSE,priority,Orthoflavivirus flavi,,,,Antibodies,host_presence_only,low,TRUE,candidate_only,,,,,,,,FALSE,FALSE,FALSE,,,,,,,,,,,FALSE
Yellow fever,aotus trivirgatus,9505,host,TRUE,TRUE,TRUE,FALSE,priority,Orthoflavivirus flavi,,,,Antibodies,host_presence_only,low,TRUE,candidate_only,,,,,,,,FALSE,FALSE,FALSE,,,,,,,,,,,FALSE
Yellow fever,artibeus cinereus,40224,host,TRUE,TRUE,TRUE,FALSE,priority,Orthoflavivirus flavi,,,,Antibodies,host_presence_only,low,TRUE,candidate_only,,,,,,,,FALSE,FALSE,FALSE,,,,,,,,,,,FALSE
Yellow fever,ateles paniscus,9510,host,TRUE,TRUE,TRUE,FALSE,priority,Orthoflavivirus flavi,,,,Antibodies,host_presence_only,low,TRUE,candidate_only,,,,,,,,FALSE,FALSE,FALSE,,,,,,,,,,,FALSE
Yellow fever,callitrichinae sp.,38020,host,TRUE,TRUE,TRUE,FALSE,priority,Orthoflavivirus flavi,,,,PCR/Sequencing,host_presence_only,low,TRUE,candidate_only,,,,,,,,FALSE,FALSE,FALSE,,,,,,,,,,,FALSE
Yellow fever,cercopithecus diana,36224,host,TRUE,TRUE,TRUE,FALSE,priority,Orthoflavivirus flavi,,,,Not specified,host_presence_only,low,TRUE,candidate_only,,,,,,,,FALSE,FALSE,FALSE,,,,,,,,,,,FALSE
Yellow fever,cercopithecus mona,36226,host,TRUE,TRUE,TRUE,FALSE,priority,Orthoflavivirus flavi,,,,Antibodies; Not specified,host_presence_only,low,TRUE,candidate_only,,,,,,,,FALSE,FALSE,FALSE,,,,,,,,,,,FALSE
Yellow fever,cercopithecus nictitans,36228,host,TRUE,TRUE,TRUE,FALSE,priority,Orthoflavivirus flavi,,,,Not specified,host_presence_only,low,TRUE,candidate_only,,,,,,,,FALSE,FALSE,FALSE,,,,,,,,,,,FALSE
Yellow fever,choloepus didactylus,27675,host,TRUE,TRUE,TRUE,FALSE,priority,Orthoflavivirus flavi,,,,Antibodies,host_presence_only,low,TRUE,candidate_only,,,,,,,,FALSE,FALSE,FALSE,,,,,,,,,,,FALSE
Yellow fever,colobus polykomos,9572,host,TRUE,TRUE,TRUE,FALSE,priority,Orthoflavivirus flavi,,,,Antibodies; Not specified,host_presence_only,low,TRUE,candidate_only,,,,,,,,FALSE,FALSE,FALSE,,,,,,,,,,,FALSE
Yellow fever,cyclopes didactylus,84074,host,TRUE,TRUE,TRUE,FALSE,priority,Orthoflavivirus flavi,,,,Antibodies,host_presence_only,low,TRUE,candidate_only,,,,,,,,FALSE,FALSE,FALSE,,,,,,,,,,,FALSE
Yellow fever,dasyprocta leporina,42152,host,TRUE,TRUE,TRUE,FALSE,priority,Orthoflavivirus flavi,,,,Antibodies,host_presence_only,low,TRUE,candidate_only,,,,,,,,FALSE,FALSE,FALSE,,,,,,,,,,,FALSE
Yellow fever,dicotyles tajacu,9829,host,TRUE,TRUE,TRUE,FALSE,priority,Orthoflavivirus flavi,,,,Antibodies,host_presence_only,low,TRUE,candidate_only,,,,,,,,FALSE,FALSE,FALSE,,,,,,,,,,,FALSE
Yellow fever,eira barbara,204263,host,TRUE,TRUE,TRUE,FALSE,priority,Orthoflavivirus flavi,,,,Antibodies,host_presence_only,low,TRUE,candidate_only,,,,,,,,FALSE,FALSE,FALSE,,,,,,,,,,,FALSE
Yellow fever,euoticus elegantulus,261736,host,TRUE,TRUE,TRUE,FALSE,priority,Orthoflavivirus flavi,,,,Antibodies,host_presence_only,low,TRUE,candidate_only,,,,,,,,FALSE,FALSE,FALSE,,,,,,,,,,,FALSE
Yellow fever,galago senegalensis,9465,host,TRUE,TRUE,TRUE,FALSE,priority,Orthoflavivirus flavi,,,,Antibodies,host_presence_only,low,TRUE,candidate_only,,,,,,,,FALSE,FALSE,FALSE,,,,,,,,,,,FALSE
Yellow fever,leontopithecus chrysomelas,57374,host,TRUE,TRUE,TRUE,FALSE,priority,Orthoflavivirus flavi,,,,Antibodies,host_presence_only,low,TRUE,candidate_only,,,,,,,,FALSE,FALSE,FALSE,,,,,,,,,,,FALSE
Yellow fever,lophocebus albigena,75567,host,TRUE,TRUE,TRUE,FALSE,priority,Orthoflavivirus flavi,,,,Antibodies,host_presence_only,low,TRUE,candidate_only,,,,,,,,FALSE,FALSE,FALSE,,,,,,,,,,,FALSE
Yellow fever,mico argentatus,9482,host,TRUE,TRUE,TRUE,FALSE,priority,Orthoflavivirus flavi,,,,Antibodies,host_presence_only,low,TRUE,candidate_only,,,,,,,,FALSE,FALSE,FALSE,,,,,,,,,,,FALSE
Yellow fever,mico leucippe,2592806,host,TRUE,TRUE,TRUE,FALSE,priority,Orthoflavivirus flavi,,,,Antibodies,host_presence_only,low,TRUE,candidate_only,,,,,,,,FALSE,FALSE,FALSE,,,,,,,,,,,FALSE
Yellow fever,otolemur crassicaudatus,9463,host,TRUE,TRUE,TRUE,FALSE,priority,Orthoflavivirus flavi,,,,Antibodies,host_presence_only,low,TRUE,candidate_only,,,,,,,,FALSE,FALSE,FALSE,,,,,,,,,,,FALSE
Yellow fever,papio anubis,9555,host,TRUE,TRUE,TRUE,FALSE,priority,Orthoflavivirus flavi,,,,Antibodies,host_presence_only,low,TRUE,candidate_only,,,,,,,,FALSE,FALSE,FALSE,,,,,,,,,,,FALSE
Yellow fever,phyllostomus hastatus,9423,host,TRUE,TRUE,TRUE,FALSE,priority,Orthoflavivirus flavi,,,,Antibodies,host_presence_only,low,TRUE,candidate_only,,,,,,,,FALSE,FALSE,FALSE,,,,,,,,,,,FALSE
Yellow fever,piliocolobus badius,164648,host,TRUE,TRUE,TRUE,FALSE,priority,Orthoflavivirus flavi,,,,Antibodies; Not specified,host_presence_only,low,TRUE,candidate_only,,,,,,,,FALSE,FALSE,FALSE,,,,,,,,,,,FALSE
Yellow fever,pithecia pithecia,43777,host,TRUE,TRUE,TRUE,FALSE,priority,Orthoflavivirus flavi,,,,Antibodies,host_presence_only,low,TRUE,candidate_only,,,,,,,,FALSE,FALSE,FALSE,,,,,,,,,,,FALSE
Yellow fever,platyrrhinus helleri,27658,host,TRUE,TRUE,TRUE,FALSE,priority,Orthoflavivirus flavi,,,,Antibodies,host_presence_only,low,TRUE,candidate_only,,,,,,,,FALSE,FALSE,FALSE,,,,,,,,,,,FALSE
Yellow fever,potos flavus,29067,host,TRUE,TRUE,TRUE,FALSE,priority,Orthoflavivirus flavi,,,,Antibodies,host_presence_only,low,TRUE,candidate_only,,,,,,,,FALSE,FALSE,FALSE,,,,,,,,,,,FALSE
Yellow fever,pteronotus davyi,94956,host,TRUE,TRUE,TRUE,FALSE,priority,Orthoflavivirus flavi,,,,Antibodies,host_presence_only,low,TRUE,candidate_only,,,,,,,,FALSE,FALSE,FALSE,,,,,,,,,,,FALSE
Yellow fever,pteronotus parnellii,59476,host,TRUE,TRUE,TRUE,FALSE,priority,Orthoflavivirus flavi,,,,Antibodies,host_presence_only,low,TRUE,candidate_only,,,,,,,,FALSE,FALSE,FALSE,,,,,,,,,,,FALSE
Yellow fever,saguinus geoffroyi,43778,host,TRUE,TRUE,TRUE,FALSE,priority,Orthoflavivirus flavi,,,,Antibodies,host_presence_only,low,TRUE,candidate_only,,,,,,,,FALSE,FALSE,FALSE,,,,,,,,,,,FALSE
Yellow fever,saimiri oerstedii,70928,host,TRUE,TRUE,TRUE,FALSE,priority,Orthoflavivirus flavi,,,,Antibodies,host_presence_only,low,TRUE,candidate_only,,,,,,,,FALSE,FALSE,FALSE,,,,,,,,,,,FALSE
Yellow fever,sapajus xanthosternos,174599,host,TRUE,TRUE,TRUE,FALSE,priority,Orthoflavivirus flavi,,,,Antibodies,host_presence_only,low,TRUE,candidate_only,,,,,,,,FALSE,FALSE,FALSE,,,,,,,,,,,FALSE
Yellow fever,tamandua tetradactyla,48850,host,TRUE,TRUE,TRUE,FALSE,priority,Orthoflavivirus flavi,,,,Antibodies,host_presence_only,low,TRUE,candidate_only,,,,,,,,FALSE,FALSE,FALSE,,,,,,,,,,,FALSE
Zika virus disease,aedes aegypti,,vector,TRUE,TRUE,TRUE,FALSE,both,Orthoflavivirus zikaense,,,,,,,,,mosquito,species,aedes aegypti,primary_vector,high,FALSE,draft_source_backed,TRUE,TRUE,TRUE,confirmed,review,lit_review,TRUE,blood_meal,mixed,mixed,yes,primary_vector|urban_vector,temperature_dependent,FALSE
Zika virus disease,aedes africanus,,vector,TRUE,TRUE,TRUE,FALSE,both,Orthoflavivirus zikaense,,,,,,,,,mosquito,species,aedes africanus,,,,,TRUE,TRUE,TRUE,probable,review,lit_review,TRUE,blood_meal,unclear,,yes,,field_detection_only,FALSE
Zika virus disease,aedes albopictus,,vector,TRUE,TRUE,TRUE,FALSE,both,Orthoflavivirus zikaense,,,,,,,,,mosquito,species,aedes albopictus,main_vector,medium,TRUE,draft_needs_review,TRUE,TRUE,TRUE,confirmed,review,lit_review,TRUE,blood_meal,mixed,mixed,yes,primary_vector|secondary_vector,mixed_or_debated_evidence|temperature_dependent,FALSE
Zika virus disease,aedes apicoargenteus,,vector,TRUE,TRUE,TRUE,FALSE,both,Orthoflavivirus zikaense,,,,,,,,,mosquito,species,aedes apicoargenteus,,,,,TRUE,TRUE,TRUE,candidate,review,lit_review,TRUE,blood_meal,unclear,,yes,,,FALSE
Zika virus disease,aedes bromeliae,,vector,TRUE,TRUE,TRUE,FALSE,both,Orthoflavivirus zikaense,,,,,,,,,mosquito,species,aedes bromeliae,,,,,TRUE,FALSE,FALSE,candidate,review,lit_review,,,,,,,,FALSE
Zika virus disease,aedes camptorhynchus,,vector,TRUE,TRUE,TRUE,FALSE,both,Orthoflavivirus zikaense,,,,,,,,,mosquito,species,aedes camptorhynchus,,,,,TRUE,TRUE,TRUE,probable,review,lit_review,TRUE,blood_meal,mixed,yes,,,,FALSE
Zika virus disease,aedes dalzieli,,vector,TRUE,TRUE,TRUE,FALSE,both,Orthoflavivirus zikaense,,,,,,,,,mosquito,species,aedes dalzieli,,,,,TRUE,FALSE,FALSE,probable,review,lit_review,,,,,,,,FALSE
Zika virus disease,aedes detritus,,vector,TRUE,TRUE,TRUE,FALSE,both,Orthoflavivirus zikaense,,,,,,,,,mosquito,species,aedes detritus,,,,,TRUE,TRUE,TRUE,probable,review,lit_review,TRUE,blood_meal,mixed,yes,,,temperature_dependent,FALSE
Zika virus disease,aedes flavicollis,,vector,TRUE,TRUE,TRUE,FALSE,both,Orthoflavivirus zikaense,,,,,,,,,mosquito,species,aedes flavicollis,,,,,TRUE,FALSE,FALSE,candidate; weak,review,lit_review,,,,,,,,FALSE
Zika virus disease,aedes fowleri,,vector,TRUE,TRUE,TRUE,FALSE,both,Orthoflavivirus zikaense,,,,,,,,,mosquito,species,aedes fowleri,,,,,TRUE,FALSE,FALSE,candidate,review,lit_review,,,,,,,,FALSE
Zika virus disease,aedes furcifer,,vector,TRUE,TRUE,TRUE,FALSE,both,Orthoflavivirus zikaense,,,,,,,,,mosquito,species,aedes furcifer,,,,,TRUE,FALSE,TRUE,confirmed,review,lit_review,,,competent,yes,,,,FALSE
Zika virus disease,aedes grahamii,,vector,TRUE,TRUE,TRUE,FALSE,both,Orthoflavivirus zikaense,,,,,,,,,mosquito,species,aedes grahamii,,,,,TRUE,FALSE,FALSE,weak,review,lit_review,,,,,,,,FALSE
Zika virus disease,aedes hensilli,,vector,TRUE,TRUE,TRUE,FALSE,both,Orthoflavivirus zikaense,,,,,,,,,mosquito,species,aedes hensilli,candidate_vector,low,TRUE,draft_source_backed,TRUE,FALSE,TRUE,confirmed,review,lit_review,,,mixed,mixed,mixed,,field_detection_only|no_transmission_demonstrated,FALSE
Zika virus disease,aedes hirsutus,,vector,TRUE,TRUE,TRUE,FALSE,both,Orthoflavivirus zikaense,,,,,,,,,mosquito,species,aedes hirsutus,,,,,TRUE,TRUE,FALSE,candidate,review,lit_review,TRUE,blood_meal,,,,,,FALSE
Zika virus disease,aedes jamoti,,vector,TRUE,TRUE,TRUE,FALSE,both,Orthoflavivirus zikaense,,,,,,,,,mosquito,species,aedes jamoti,,,,,TRUE,FALSE,FALSE,weak,review,lit_review,,,,,,,,FALSE
Zika virus disease,aedes japonicus,,vector,TRUE,TRUE,TRUE,FALSE,both,Orthoflavivirus zikaense,,,,,,,,,mosquito,species,aedes japonicus,,,,,TRUE,TRUE,TRUE,probable,review,lit_review,TRUE,blood_meal,mixed,yes,,,temperature_dependent,FALSE
Zika virus disease,aedes luteocephalus,,vector,TRUE,TRUE,TRUE,FALSE,both,Orthoflavivirus zikaense,,,,,,,,,mosquito,species,aedes luteocephalus,,,,,TRUE,FALSE,TRUE,confirmed,review,lit_review,,,competent,yes,yes,,,FALSE
Zika virus disease,aedes metallicus,,vector,TRUE,TRUE,TRUE,FALSE,both,Orthoflavivirus zikaense,,,,,,,,,mosquito,species,aedes metallicus,,,,,TRUE,FALSE,FALSE,candidate,review,lit_review,FALSE,,,,,,,FALSE
Zika virus disease,aedes minutus,,vector,TRUE,TRUE,TRUE,FALSE,both,Orthoflavivirus zikaense,,,,,,,,,mosquito,species,aedes minutus,,,,,TRUE,FALSE,FALSE,candidate,review,lit_review,,,,,,,,FALSE
Zika virus disease,aedes neoafricanus,,vector,TRUE,TRUE,TRUE,FALSE,both,Orthoflavivirus zikaense,,,,,,,,,mosquito,species,aedes neoafricanus,,,,,TRUE,FALSE,FALSE,candidate,review,lit_review,,,,,,,,FALSE
Zika virus disease,aedes notoscriptus,,vector,TRUE,TRUE,TRUE,FALSE,both,Orthoflavivirus zikaense,,,,,,,,,mosquito,species,aedes notoscriptus,,,,,TRUE,TRUE,TRUE,probable,review,lit_review,TRUE,blood_meal,mixed,mixed,,,mixed_or_debated_evidence,FALSE
Zika virus disease,aedes occidentalis,,vector,TRUE,TRUE,TRUE,FALSE,both,Orthoflavivirus zikaense,,,,,,,,,mosquito,species,aedes occidentalis,,,,,TRUE,FALSE,FALSE,candidate,review,lit_review,,,,,,,,FALSE
Zika virus disease,aedes opok,,vector,TRUE,TRUE,TRUE,FALSE,both,Orthoflavivirus zikaense,,,,,,,,,mosquito,species,aedes opok,,,,,TRUE,FALSE,FALSE,candidate,review,lit_review,,,,,,,,FALSE
Zika virus disease,aedes polynesiensis,,vector,TRUE,TRUE,TRUE,FALSE,both,Orthoflavivirus zikaense,,,,,,,,,mosquito,species,aedes polynesiensis,,,,,TRUE,FALSE,TRUE,candidate,review,lit_review,,,mixed,mixed,yes,,low_competence_or_efficiency|no_transmission_demonstrated,FALSE
Zika virus disease,aedes scapularis,,vector,TRUE,TRUE,TRUE,FALSE,both,Orthoflavivirus zikaense,,,,,,,,,mosquito,species,aedes scapularis,,,,,TRUE,TRUE,FALSE,candidate,review,lit_review,TRUE,blood_meal,,,,,,FALSE
Zika virus disease,aedes scutellaris,,vector,TRUE,TRUE,TRUE,FALSE,both,Orthoflavivirus zikaense,,,,,,,,,mosquito,species,aedes scutellaris,,,,,TRUE,FALSE,FALSE,candidate,review,lit_review,,,,,,,,FALSE
Zika virus disease,aedes serratus,,vector,TRUE,TRUE,TRUE,FALSE,both,Orthoflavivirus zikaense,,,,,,,,,mosquito,species,aedes serratus,,,,,TRUE,TRUE,FALSE,candidate,review,lit_review,TRUE,blood_meal,,,,,,FALSE
Zika virus disease,aedes taeniarostris,,vector,TRUE,TRUE,TRUE,FALSE,both,Orthoflavivirus zikaense,,,,,,,,,mosquito,species,aedes taeniarostris,,,,,TRUE,FALSE,FALSE,weak,review,lit_review,,,,,,,,FALSE
Zika virus disease,aedes taylori,,vector,TRUE,TRUE,TRUE,FALSE,both,Orthoflavivirus zikaense,,,,,,,,,mosquito,species,aedes taylori,,,,,TRUE,TRUE,TRUE,confirmed,review,lit_review,TRUE,blood_meal,competent,yes,,,,FALSE
Zika virus disease,aedes triseriatus,,vector,TRUE,TRUE,TRUE,FALSE,both,Orthoflavivirus zikaense,,,,,,,,,mosquito,species,aedes triseriatus,,,,,TRUE,TRUE,FALSE,weak,review,lit_review,TRUE,blood_meal,,,,,,FALSE
Zika virus disease,aedes unilineatus,,vector,TRUE,TRUE,TRUE,FALSE,both,Orthoflavivirus zikaense,,,,,,,,,mosquito,species,aedes unilineatus,,,,,TRUE,FALSE,FALSE,weak,review,lit_review,,,,,,,,FALSE
Zika virus disease,aedes vexans,,vector,TRUE,TRUE,TRUE,FALSE,both,Orthoflavivirus zikaense,,,,,,,,,mosquito,species,aedes vexans,,,,,TRUE,TRUE,TRUE,probable,review,lit_review,TRUE,blood_meal,mixed,mixed,yes,,temperature_dependent,FALSE
Zika virus disease,aedes vigilax,,vector,TRUE,TRUE,TRUE,FALSE,both,Orthoflavivirus zikaense,,,,,,,,,mosquito,species,aedes vigilax,,,,,TRUE,TRUE,FALSE,candidate,review,lit_review,TRUE,blood_meal,,,,,,FALSE
Zika virus disease,aedes vittatus,,vector,TRUE,TRUE,TRUE,FALSE,both,Orthoflavivirus zikaense,,,,,,,,,mosquito,species,aedes vittatus,,,,,TRUE,TRUE,TRUE,confirmed,review,lit_review,TRUE,blood_meal,competent,yes,yes,,,FALSE
Zika virus disease,anopheles coustani,,vector,TRUE,TRUE,TRUE,FALSE,both,Orthoflavivirus zikaense,,,,,,,,,mosquito,species,anopheles coustani,,,,,TRUE,TRUE,FALSE,candidate,review,lit_review,TRUE,blood_meal,,,,,,FALSE
Zika virus disease,anopheles freeborni,,vector,TRUE,TRUE,TRUE,FALSE,both,Orthoflavivirus zikaense,,,,,,,,,mosquito,species,anopheles freeborni,,,,,TRUE,TRUE,TRUE,weak,lab,lit_review,TRUE,blood_meal,not_competent,no,,,no_infection_detected,FALSE
Zika virus disease,anopheles gambiae,,vector,TRUE,TRUE,TRUE,FALSE,both,Orthoflavivirus zikaense,,,,,,,,,mosquito,species,anopheles gambiae,,,,,TRUE,TRUE,FALSE,weak,review,lit_review,TRUE,blood_meal,,,,,,FALSE
Zika virus disease,anopheles gambiae s l,,vector,TRUE,TRUE,TRUE,FALSE,both,Orthoflavivirus zikaense,,,,,,,,,mosquito,sensu_lato,anopheles gambiae s l,,,,,TRUE,FALSE,TRUE,weak,review,lit_review,,,unclear,,yes,,,FALSE
Zika virus disease,anopheles quadrimaculatus,,vector,TRUE,TRUE,TRUE,FALSE,both,Orthoflavivirus zikaense,,,,,,,,,mosquito,species,anopheles quadrimaculatus,,,,,TRUE,TRUE,TRUE,weak,lab,lit_review,TRUE,blood_meal,not_competent,no,,,no_infection_detected,FALSE
Zika virus disease,culex annulirostris,,vector,TRUE,TRUE,TRUE,FALSE,both,Orthoflavivirus zikaense,,,,,,,,,mosquito,species,culex annulirostris,,,,,TRUE,TRUE,FALSE,candidate,review,lit_review,TRUE,blood_meal,,,,,,FALSE
Zika virus disease,culex coronator,,vector,TRUE,TRUE,TRUE,FALSE,both,Orthoflavivirus zikaense,,,,,,,,,mosquito,species,culex coronator,,,,,TRUE,TRUE,TRUE,weak,review,lit_review,TRUE,blood_meal,unclear,,yes,,field_detection_only,FALSE
Zika virus disease,culex neavei,,vector,TRUE,TRUE,TRUE,FALSE,both,Orthoflavivirus zikaense,,,,,,,,,mosquito,species,culex neavei,,,,,TRUE,TRUE,FALSE,candidate,review,lit_review,TRUE,blood_meal,,,,,,FALSE
Zika virus disease,culex perfuscus,,vector,TRUE,TRUE,TRUE,FALSE,both,Orthoflavivirus zikaense,,,,,,,,,mosquito,species,culex perfuscus,,,,,TRUE,FALSE,FALSE,candidate,review,lit_review,,,,,,,,FALSE
Zika virus disease,culex pipiens,,vector,TRUE,TRUE,TRUE,FALSE,both,Orthoflavivirus zikaense,,,,,,,,,mosquito,species,culex pipiens,,,,,TRUE,TRUE,TRUE,candidate,review,lit_review,TRUE,blood_meal,not_competent,no,no,,limited_or_indirect_support|population_dependent|predicted_only|temperature_dependent,FALSE
Zika virus disease,culex pipiens biotype molestus,,vector,TRUE,TRUE,TRUE,FALSE,both,Orthoflavivirus zikaense,,,,,,,,,mosquito,infraspecific,culex pipiens biotype molestus,,,,,TRUE,FALSE,TRUE,weak,review,lit_review,,,not_competent,no,,,temperature_dependent,FALSE
Zika virus disease,culex pipiens biotype pipiens,,vector,TRUE,TRUE,TRUE,FALSE,both,Orthoflavivirus zikaense,,,,,,,,,mosquito,infraspecific,culex pipiens biotype pipiens,,,,,TRUE,FALSE,TRUE,weak,review,lit_review,,,not_competent,no,,,temperature_dependent,FALSE
Zika virus disease,culex pipiens molestus,,vector,TRUE,TRUE,TRUE,FALSE,both,Orthoflavivirus zikaense,,,,,,,,,mosquito,infraspecific,culex pipiens molestus,,,,,TRUE,TRUE,FALSE,candidate,review,lit_review,TRUE,blood_meal,,,,,,TRUE
Zika virus disease,culex quinquefasciatus,,vector,TRUE,TRUE,TRUE,FALSE,both,Orthoflavivirus zikaense,,,,,,,,,mosquito,species,culex quinquefasciatus,,,,,TRUE,TRUE,TRUE,candidate,review,lit_review,TRUE,blood_meal,mixed,mixed,mixed,,limited_or_indirect_support|mixed_or_debated_evidence|population_dependent|predicted_only,FALSE
Zika virus disease,culex rubinotus,,vector,TRUE,TRUE,TRUE,FALSE,both,Orthoflavivirus zikaense,,,,,,,,,mosquito,species,culex rubinotus,,,,,TRUE,FALSE,FALSE,candidate,review,lit_review,,,,,,,,FALSE
Zika virus disease,culex tarsalis,,vector,TRUE,TRUE,TRUE,FALSE,both,Orthoflavivirus zikaense,,,,,,,,,mosquito,species,culex tarsalis,,,,,TRUE,TRUE,TRUE,candidate,review,lit_review,TRUE,blood_meal,not_competent,no,yes,,field_detection_only|no_infection_detected,FALSE
Zika virus disease,culex torrentium,,vector,TRUE,TRUE,TRUE,FALSE,both,Orthoflavivirus zikaense,,,,,,,,,mosquito,species,culex torrentium,,,,,TRUE,FALSE,TRUE,weak,review,lit_review,,,not_competent,no,,,temperature_dependent,FALSE
Zika virus disease,eretmapodites inornatus,,vector,TRUE,TRUE,TRUE,FALSE,both,Orthoflavivirus zikaense,,,,,,,,,mosquito,species,eretmapodites inornatus,,,,,TRUE,FALSE,FALSE,weak,review,lit_review,,,,,,,,FALSE
Zika virus disease,eretmapodites quinquevittatus,,vector,TRUE,TRUE,TRUE,FALSE,both,Orthoflavivirus zikaense,,,,,,,,,mosquito,species,eretmapodites quinquevittatus,,,,,TRUE,FALSE,FALSE,weak,review,lit_review,,,,,,,,FALSE
Zika virus disease,mansonia uniformis,,vector,TRUE,TRUE,TRUE,FALSE,both,Orthoflavivirus zikaense,,,,,,,,,mosquito,infraspecific,mansonia uniformis,,,,,TRUE,TRUE,FALSE,candidate,review,lit_review,TRUE,blood_meal,,,,,,TRUE
Zika virus disease,psorophora ferox,,vector,TRUE,TRUE,TRUE,FALSE,both,Orthoflavivirus zikaense,,,,,,,,,mosquito,species,psorophora ferox,,,,,TRUE,TRUE,TRUE,candidate,review,lit_review,TRUE,blood_meal,unclear,,no,,limited_or_indirect_support|predicted_only,FALSE
Zika virus disease,runchomyia frontosa,,vector,TRUE,TRUE,TRUE,FALSE,both,Orthoflavivirus zikaense,,,,,,,,,mosquito,species,runchomyia frontosa,,,,,TRUE,FALSE,TRUE,candidate,review,lit_review,,,unclear,,no,,limited_or_indirect_support|predicted_only,FALSE
Zika virus disease,Alouatta guariba,182256,host,TRUE,TRUE,TRUE,FALSE,both,Orthoflavivirus zikaense,mammalia,primates,atelidae,PCR/Sequencing,host_presence_only,low,TRUE,candidate_only,,,,,,,,FALSE,FALSE,FALSE,,,,,,,,,,,FALSE
Zika virus disease,Artibeus jamaicensis,9417,host,TRUE,TRUE,TRUE,FALSE,both,Orthoflavivirus zikaense,mammalia,chiroptera,phyllostomidae,PCR/Sequencing,host_presence_only,low,TRUE,candidate_only,,,,,,,,FALSE,FALSE,FALSE,,,,,,,,,,,FALSE
Zika virus disease,Artibeus planirostris,40230,host,TRUE,TRUE,TRUE,FALSE,both,Orthoflavivirus zikaense,mammalia,chiroptera,phyllostomidae,PCR/Sequencing,host_presence_only,low,TRUE,candidate_only,,,,,,,,FALSE,FALSE,FALSE,,,,,,,,,,,FALSE
Zika virus disease,Callithrix,9485,host,TRUE,TRUE,TRUE,FALSE,both,Orthoflavivirus zikaense,,,,PCR/Sequencing,host_presence_only,low,TRUE,candidate_only,,,,,,,,FALSE,FALSE,FALSE,,,,,,,,,,,FALSE
Zika virus disease,Callithrix jacchus,9483,host,TRUE,TRUE,TRUE,FALSE,both,Orthoflavivirus zikaense,mammalia,primates,callitrichidae,PCR/Sequencing,host_presence_only,low,TRUE,candidate_only,,,,,,,,FALSE,FALSE,FALSE,,,,,,,,,,,FALSE
Zika virus disease,Chlorocebus aethiops,9534,host,TRUE,TRUE,TRUE,FALSE,both,Orthoflavivirus zikaense,mammalia,primates,cercopithecidae,PCR/Sequencing,host_presence_only,low,TRUE,candidate_only,,,,,,,,FALSE,FALSE,FALSE,,,,,,,,,,,FALSE
Zika virus disease,Eidolon helvum,77214,host,TRUE,TRUE,TRUE,FALSE,both,Orthoflavivirus zikaense,mammalia,chiroptera,pteropodidae,Antibodies; PCR/Sequencing,host_presence_only,low,TRUE,candidate_only,,,,,,,,FALSE,FALSE,FALSE,,,,,,,,,,,FALSE
Zika virus disease,Epomophorus labiatus,903567,host,TRUE,TRUE,TRUE,FALSE,both,Orthoflavivirus zikaense,mammalia,chiroptera,pteropodidae,PCR/Sequencing,host_presence_only,low,TRUE,candidate_only,,,,,,,,FALSE,FALSE,FALSE,,,,,,,,,,,FALSE
Zika virus disease,Glossophaga mutica,2994998,host,TRUE,TRUE,TRUE,FALSE,both,Orthoflavivirus zikaense,,,,PCR/Sequencing,host_presence_only,low,TRUE,candidate_only,,,,,,,,FALSE,FALSE,FALSE,,,,,,,,,,,FALSE
Zika virus disease,Homo sapiens,9606,host,TRUE,TRUE,TRUE,FALSE,both,Orthoflavivirus zikaense,,,,Isolation/Observation; Not specified; PCR/Sequencing,amplifying_host,high,FALSE,draft_source_backed,,,,,,,,FALSE,FALSE,FALSE,,,,,,,,,,,FALSE
Zika virus disease,Macaca mulatta,9544,host,TRUE,TRUE,TRUE,FALSE,both,Orthoflavivirus zikaense,mammalia,primates,cercopithecidae,Isolation/Observation; PCR/Sequencing,host_presence_only,low,TRUE,candidate_only,,,,,,,,FALSE,FALSE,FALSE,,,,,,,,,,,FALSE
Zika virus disease,Molossus nigricans,2997257,host,TRUE,TRUE,TRUE,FALSE,both,Orthoflavivirus zikaense,,,,PCR/Sequencing,host_presence_only,low,TRUE,candidate_only,,,,,,,,FALSE,FALSE,FALSE,,,,,,,,,,,FALSE
Zika virus disease,Mus musculus,10090,host,TRUE,TRUE,TRUE,FALSE,both,Orthoflavivirus zikaense,mammalia,rodentia,muridae,PCR/Sequencing,host_presence_only,low,TRUE,candidate_only,,,,,,,,FALSE,FALSE,FALSE,,,,,,,,,,,FALSE
Zika virus disease,Pan troglodytes,9598,host,TRUE,TRUE,TRUE,FALSE,both,Orthoflavivirus zikaense,mammalia,primates,hominidae,Not specified,host_presence_only,low,TRUE,candidate_only,,,,,,,,FALSE,FALSE,FALSE,,,,,,,,,,,FALSE
Zika virus disease,Pongo pygmaeus,9600,host,TRUE,TRUE,TRUE,FALSE,both,Orthoflavivirus zikaense,mammalia,primates,hominidae,Antibodies,host_presence_only,low,TRUE,candidate_only,,,,,,,,FALSE,FALSE,FALSE,,,,,,,,,,,FALSE
Zika virus disease,Rattus norvegicus,10116,host,TRUE,TRUE,TRUE,FALSE,both,Orthoflavivirus zikaense,mammalia,rodentia,muridae,PCR/Sequencing,host_presence_only,low,TRUE,candidate_only,,,,,,,,FALSE,FALSE,FALSE,,,,,,,,,,,FALSE
Zika virus disease,Rousettus aegyptiacus,9407,host,TRUE,TRUE,TRUE,FALSE,both,Orthoflavivirus zikaense,mammalia,chiroptera,pteropodidae,PCR/Sequencing,host_presence_only,low,TRUE,candidate_only,,,,,,,,FALSE,FALSE,FALSE,,,,,,,,,,,FALSE
Zika virus disease,Sapajus libidinosus,1126382,host,TRUE,TRUE,TRUE,FALSE,both,Orthoflavivirus zikaense,mammalia,primates,cebidae,PCR/Sequencing,host_presence_only,low,TRUE,candidate_only,,,,,,,,FALSE,FALSE,FALSE,,,,,,,,,,,FALSE
Zika virus disease,Sturnira parvidens,196700,host,TRUE,TRUE,TRUE,FALSE,both,Orthoflavivirus zikaense,mammalia,chiroptera,phyllostomidae,PCR/Sequencing,host_presence_only,low,TRUE,candidate_only,,,,,,,,FALSE,FALSE,FALSE,,,,,,,,,,,FALSE
Zika virus disease,Suncus murinus,9378,host,TRUE,TRUE,TRUE,FALSE,both,Orthoflavivirus zikaense,mammalia,eulipotyphla,soricidae,PCR/Sequencing,host_presence_only,low,TRUE,candidate_only,,,,,,,,FALSE,FALSE,FALSE,,,,,,,,,,,FALSE
Zika virus disease,mops condylurus,258863,host,TRUE,TRUE,TRUE,FALSE,both,Orthoflavivirus zikaense,,,,Antibodies,host_presence_only,low,TRUE,candidate_only,,,,,,,,FALSE,FALSE,FALSE,,,,,,,,,,,FALSE
