vector_modelling_feature_id,disease_name,species_role,species_name,tax_id,vector_group,vector_taxon_rank,vector_join_key,best_evidence_level,best_evidence_basis,has_disease_vector_evidence,has_host_vector_evidence,has_competence_evidence,bites_humans,bites_humans_known,bites_humans_true,vector_competence_status,transmission_demonstrated,natural_infection_reported,vector_role_hint,taxonomy_ok,profile_broad,profile_supported,profile_strong,profile_strict,biological_evidence_tier,tier_rule_id,vector_evidence_missingness_reason,feature_rule_version
chikungunya fever|aedes aegypti|NA,Chikungunya fever,vector,aedes aegypti,,mosquito,species,aedes aegypti,confirmed,review,TRUE,TRUE,TRUE,TRUE,TRUE,TRUE,competent,yes,,,TRUE,TRUE,TRUE,TRUE,TRUE,strict,vector_v0_1,tax_id_missing; vector_role_hint_blank; natural_infection_unknown,vector_tier_rules_v0_1
chikungunya fever|aedes africanus|NA,Chikungunya fever,vector,aedes africanus,,mosquito,species,aedes africanus,probable,review,TRUE,TRUE,FALSE,TRUE,TRUE,TRUE,,,,,TRUE,TRUE,TRUE,FALSE,FALSE,supported,vector_v0_1,tax_id_missing; vector_role_hint_blank; transmission_demonstrated_unknown; natural_infection_unknown,vector_tier_rules_v0_1
chikungunya fever|aedes albopictus|NA,Chikungunya fever,vector,aedes albopictus,,mosquito,species,aedes albopictus,confirmed,review,TRUE,TRUE,TRUE,TRUE,TRUE,TRUE,competent,yes,,,TRUE,TRUE,TRUE,TRUE,TRUE,strict,vector_v0_1,tax_id_missing; vector_role_hint_blank; natural_infection_unknown,vector_tier_rules_v0_1
chikungunya fever|aedes fulgens|NA,Chikungunya fever,vector,aedes fulgens,,mosquito,species,aedes fulgens,candidate,review,TRUE,FALSE,TRUE,,FALSE,FALSE,competent,yes,,,TRUE,TRUE,TRUE,TRUE,FALSE,strong,vector_v0_1,tax_id_missing; bites_humans_unknown; vector_role_hint_blank; natural_infection_unknown,vector_tier_rules_v0_1
chikungunya fever|aedes furcifer|NA,Chikungunya fever,vector,aedes furcifer,,mosquito,species,aedes furcifer,candidate,review,TRUE,FALSE,TRUE,,FALSE,FALSE,competent,yes,,sylvatic_vector,TRUE,TRUE,TRUE,TRUE,FALSE,strong,vector_v0_1,tax_id_missing; bites_humans_unknown; natural_infection_unknown,vector_tier_rules_v0_1
chikungunya fever|aedes furcifer taylori|NA,Chikungunya fever,vector,aedes furcifer taylori,,mosquito,infraspecific,aedes furcifer taylori,probable,review,TRUE,FALSE,FALSE,,FALSE,FALSE,,,,,TRUE,TRUE,TRUE,FALSE,FALSE,supported,vector_v0_1,tax_id_missing; bites_humans_unknown; vector_role_hint_blank; transmission_demonstrated_unknown; natural_infection_unknown,vector_tier_rules_v0_1
chikungunya fever|aedes hensilli|NA,Chikungunya fever,vector,aedes hensilli,,mosquito,species,aedes hensilli,probable,review,TRUE,FALSE,TRUE,,FALSE,FALSE,unclear,,no,,TRUE,TRUE,TRUE,FALSE,FALSE,supported,vector_v0_1,tax_id_missing; bites_humans_unknown; vector_role_hint_blank; transmission_demonstrated_unknown,vector_tier_rules_v0_1
chikungunya fever|aedes luteocephalus|NA,Chikungunya fever,vector,aedes luteocephalus,,mosquito,species,aedes luteocephalus,probable,review,TRUE,FALSE,FALSE,,FALSE,FALSE,,,,,TRUE,TRUE,TRUE,FALSE,FALSE,supported,vector_v0_1,tax_id_missing; bites_humans_unknown; vector_role_hint_blank; transmission_demonstrated_unknown; natural_infection_unknown,vector_tier_rules_v0_1
chikungunya fever|aedes notoscriptus|NA,Chikungunya fever,vector,aedes notoscriptus,,mosquito,species,aedes notoscriptus,candidate,lab,TRUE,TRUE,TRUE,TRUE,TRUE,TRUE,competent,yes,,,TRUE,TRUE,TRUE,TRUE,FALSE,strong,vector_v0_1,tax_id_missing; vector_role_hint_blank; natural_infection_unknown,vector_tier_rules_v0_1
chikungunya fever|aedes procax|NA,Chikungunya fever,vector,aedes procax,,mosquito,species,aedes procax,probable,lab,TRUE,FALSE,TRUE,FALSE,TRUE,FALSE,competent,yes,,,TRUE,TRUE,TRUE,TRUE,FALSE,strong,vector_v0_1,tax_id_missing; vector_role_hint_blank; natural_infection_unknown,vector_tier_rules_v0_1
chikungunya fever|aedes togoi|NA,Chikungunya fever,vector,aedes togoi,,mosquito,species,aedes togoi,candidate,review,TRUE,FALSE,FALSE,,FALSE,FALSE,,,,,TRUE,TRUE,FALSE,FALSE,FALSE,broad,vector_v0_1,tax_id_missing; bites_humans_unknown; vector_role_hint_blank; transmission_demonstrated_unknown; natural_infection_unknown,vector_tier_rules_v0_1
chikungunya fever|aedes triseriatus|NA,Chikungunya fever,vector,aedes triseriatus,,mosquito,species,aedes triseriatus,candidate,review,TRUE,TRUE,FALSE,TRUE,TRUE,TRUE,,,,,TRUE,TRUE,TRUE,FALSE,FALSE,supported,vector_v0_1,tax_id_missing; vector_role_hint_blank; transmission_demonstrated_unknown; natural_infection_unknown,vector_tier_rules_v0_1
chikungunya fever|aedes vexans|NA,Chikungunya fever,vector,aedes vexans,,mosquito,species,aedes vexans,candidate,review,TRUE,TRUE,FALSE,TRUE,TRUE,TRUE,,,,,TRUE,TRUE,TRUE,FALSE,FALSE,supported,vector_v0_1,tax_id_missing; vector_role_hint_blank; transmission_demonstrated_unknown; natural_infection_unknown,vector_tier_rules_v0_1
chikungunya fever|aedes vigilax|NA,Chikungunya fever,vector,aedes vigilax,,mosquito,species,aedes vigilax,probable,lab,TRUE,TRUE,TRUE,TRUE,TRUE,TRUE,competent,yes,,,TRUE,TRUE,TRUE,TRUE,TRUE,strict,vector_v0_1,tax_id_missing; vector_role_hint_blank; natural_infection_unknown,vector_tier_rules_v0_1
chikungunya fever|aedes vittatus|NA,Chikungunya fever,vector,aedes vittatus,,mosquito,species,aedes vittatus,candidate,review,TRUE,TRUE,TRUE,TRUE,TRUE,TRUE,competent,yes,,,TRUE,TRUE,TRUE,TRUE,FALSE,strong,vector_v0_1,tax_id_missing; vector_role_hint_blank; natural_infection_unknown,vector_tier_rules_v0_1
chikungunya fever|coquillettidia linealis|NA,Chikungunya fever,vector,coquillettidia linealis,,mosquito,species,coquillettidia linealis,probable,lab,TRUE,TRUE,TRUE,TRUE,TRUE,TRUE,competent,yes,,,TRUE,TRUE,TRUE,TRUE,TRUE,strict,vector_v0_1,tax_id_missing; vector_role_hint_blank; natural_infection_unknown,vector_tier_rules_v0_1
chikungunya fever|culex annulirostris|NA,Chikungunya fever,vector,culex annulirostris,,mosquito,species,culex annulirostris,weak,lab,TRUE,TRUE,TRUE,TRUE,TRUE,TRUE,competent,yes,,,TRUE,TRUE,TRUE,TRUE,FALSE,strong,vector_v0_1,tax_id_missing; vector_role_hint_blank; natural_infection_unknown,vector_tier_rules_v0_1
chikungunya fever|culex sitiens|NA,Chikungunya fever,vector,culex sitiens,,mosquito,species,culex sitiens,weak,lab,TRUE,TRUE,TRUE,TRUE,TRUE,TRUE,competent,yes,,,TRUE,TRUE,TRUE,TRUE,FALSE,strong,vector_v0_1,tax_id_missing; vector_role_hint_blank; natural_infection_unknown,vector_tier_rules_v0_1
chikungunya fever|eretmapodites chrysogaster|NA,Chikungunya fever,vector,eretmapodites chrysogaster,,mosquito,species,eretmapodites chrysogaster,candidate,review,TRUE,FALSE,TRUE,,FALSE,FALSE,competent,yes,,,TRUE,TRUE,TRUE,TRUE,FALSE,strong,vector_v0_1,tax_id_missing; bites_humans_unknown; vector_role_hint_blank; natural_infection_unknown,vector_tier_rules_v0_1
chikungunya fever|opifex fuscus|NA,Chikungunya fever,vector,opifex fuscus,,mosquito,species,opifex fuscus,candidate,review,TRUE,FALSE,TRUE,,FALSE,FALSE,competent,yes,,,TRUE,TRUE,TRUE,TRUE,FALSE,strong,vector_v0_1,tax_id_missing; bites_humans_unknown; vector_role_hint_blank; natural_infection_unknown,vector_tier_rules_v0_1
chikungunya fever|verrallina funerea|NA,Chikungunya fever,vector,verrallina funerea,,mosquito,species,verrallina funerea,candidate,lab,TRUE,TRUE,TRUE,TRUE,TRUE,TRUE,competent,yes,,,TRUE,TRUE,TRUE,TRUE,FALSE,strong,vector_v0_1,tax_id_missing; vector_role_hint_blank; natural_infection_unknown,vector_tier_rules_v0_1
crimean congo hemorrhagic fever|amblyomma lepidum|NA,Crimean-Congo hemorrhagic fever,vector,amblyomma lepidum,,tick,species,amblyomma lepidum,candidate,review,TRUE,TRUE,TRUE,FALSE,TRUE,FALSE,unclear,,,,TRUE,TRUE,TRUE,FALSE,FALSE,supported,vector_v0_1,tax_id_missing; vector_role_hint_blank; transmission_demonstrated_unknown; natural_infection_unknown,vector_tier_rules_v0_1
crimean congo hemorrhagic fever|amblyomma variegatum|NA,Crimean-Congo hemorrhagic fever,vector,amblyomma variegatum,,tick,species,amblyomma variegatum,confirmed,review,TRUE,TRUE,TRUE,TRUE,TRUE,TRUE,competent,,,,TRUE,TRUE,TRUE,TRUE,TRUE,strict,vector_v0_1,tax_id_missing; vector_role_hint_blank; transmission_demonstrated_unknown; natural_infection_unknown,vector_tier_rules_v0_1
crimean congo hemorrhagic fever|dermacentor marginatus|NA,Crimean-Congo hemorrhagic fever,vector,dermacentor marginatus,,tick,species,dermacentor marginatus,candidate,review,TRUE,TRUE,TRUE,TRUE,TRUE,TRUE,unclear,,,candidate_vector,TRUE,TRUE,TRUE,FALSE,FALSE,supported,vector_v0_1,tax_id_missing; transmission_demonstrated_unknown; natural_infection_unknown,vector_tier_rules_v0_1
crimean congo hemorrhagic fever|dermacentor niveus|NA,Crimean-Congo hemorrhagic fever,vector,dermacentor niveus,,tick,species,dermacentor niveus,candidate,review,TRUE,TRUE,FALSE,TRUE,TRUE,TRUE,,,,,TRUE,TRUE,TRUE,FALSE,FALSE,supported,vector_v0_1,tax_id_missing; vector_role_hint_blank; transmission_demonstrated_unknown; natural_infection_unknown,vector_tier_rules_v0_1
crimean congo hemorrhagic fever|dermacentor nuttalli|NA,Crimean-Congo hemorrhagic fever,vector,dermacentor nuttalli,,tick,species,dermacentor nuttalli,candidate,review,TRUE,TRUE,TRUE,FALSE,TRUE,FALSE,unclear,,,candidate_vector,TRUE,TRUE,TRUE,FALSE,FALSE,supported,vector_v0_1,tax_id_missing; transmission_demonstrated_unknown; natural_infection_unknown,vector_tier_rules_v0_1
crimean congo hemorrhagic fever|haemaphysalis concinna|NA,Crimean-Congo hemorrhagic fever,vector,haemaphysalis concinna,,tick,species,haemaphysalis concinna,candidate,review,TRUE,TRUE,FALSE,TRUE,TRUE,TRUE,,,,,TRUE,TRUE,TRUE,FALSE,FALSE,supported,vector_v0_1,tax_id_missing; vector_role_hint_blank; transmission_demonstrated_unknown; natural_infection_unknown,vector_tier_rules_v0_1
crimean congo hemorrhagic fever|haemaphysalis inermis|NA,Crimean-Congo hemorrhagic fever,vector,haemaphysalis inermis,,tick,species,haemaphysalis inermis,candidate,review,TRUE,FALSE,FALSE,,FALSE,FALSE,,,,,TRUE,TRUE,FALSE,FALSE,FALSE,broad,vector_v0_1,tax_id_missing; bites_humans_unknown; vector_role_hint_blank; transmission_demonstrated_unknown; natural_infection_unknown,vector_tier_rules_v0_1
crimean congo hemorrhagic fever|haemaphysalis parva|NA,Crimean-Congo hemorrhagic fever,vector,haemaphysalis parva,,tick,species,haemaphysalis parva,candidate,review,TRUE,TRUE,FALSE,TRUE,TRUE,TRUE,,,,,TRUE,TRUE,TRUE,FALSE,FALSE,supported,vector_v0_1,tax_id_missing; vector_role_hint_blank; transmission_demonstrated_unknown; natural_infection_unknown,vector_tier_rules_v0_1
crimean congo hemorrhagic fever|haemaphysalis punctata|NA,Crimean-Congo hemorrhagic fever,vector,haemaphysalis punctata,,tick,species,haemaphysalis punctata,candidate,review,TRUE,TRUE,TRUE,TRUE,TRUE,TRUE,unclear,,,candidate_vector,TRUE,TRUE,TRUE,FALSE,FALSE,supported,vector_v0_1,tax_id_missing; transmission_demonstrated_unknown; natural_infection_unknown,vector_tier_rules_v0_1
crimean congo hemorrhagic fever|haemaphysalis sulcata|NA,Crimean-Congo hemorrhagic fever,vector,haemaphysalis sulcata,,tick,species,haemaphysalis sulcata,candidate,review,TRUE,TRUE,FALSE,TRUE,TRUE,TRUE,,,,,TRUE,TRUE,TRUE,FALSE,FALSE,supported,vector_v0_1,tax_id_missing; vector_role_hint_blank; transmission_demonstrated_unknown; natural_infection_unknown,vector_tier_rules_v0_1
crimean congo hemorrhagic fever|hyalomma aegyptium|NA,Crimean-Congo hemorrhagic fever,vector,hyalomma aegyptium,,tick,species,hyalomma aegyptium,confirmed,review,TRUE,TRUE,TRUE,TRUE,TRUE,TRUE,competent,,,,TRUE,TRUE,TRUE,TRUE,TRUE,strict,vector_v0_1,tax_id_missing; vector_role_hint_blank; transmission_demonstrated_unknown; natural_infection_unknown,vector_tier_rules_v0_1
crimean congo hemorrhagic fever|hyalomma anatolicum|NA,Crimean-Congo hemorrhagic fever,vector,hyalomma anatolicum,,tick,species,hyalomma anatolicum,confirmed,review,TRUE,TRUE,TRUE,TRUE,TRUE,TRUE,competent,,,candidate_vector|primary_vector,TRUE,TRUE,TRUE,TRUE,TRUE,strict,vector_v0_1,tax_id_missing; transmission_demonstrated_unknown; natural_infection_unknown,vector_tier_rules_v0_1
crimean congo hemorrhagic fever|hyalomma asiaticum|NA,Crimean-Congo hemorrhagic fever,vector,hyalomma asiaticum,,tick,species,hyalomma asiaticum,confirmed,review,TRUE,FALSE,TRUE,,FALSE,FALSE,competent,,,primary_vector,TRUE,TRUE,TRUE,TRUE,FALSE,strong,vector_v0_1,tax_id_missing; bites_humans_unknown; transmission_demonstrated_unknown; natural_infection_unknown,vector_tier_rules_v0_1
crimean congo hemorrhagic fever|hyalomma asiaticum kozlovi|NA,Crimean-Congo hemorrhagic fever,vector,hyalomma asiaticum kozlovi,,tick,infraspecific,hyalomma asiaticum kozlovi,confirmed,review,TRUE,FALSE,FALSE,,FALSE,FALSE,,,,,TRUE,TRUE,TRUE,FALSE,FALSE,supported,vector_v0_1,tax_id_missing; bites_humans_unknown; vector_role_hint_blank; transmission_demonstrated_unknown; natural_infection_unknown,vector_tier_rules_v0_1
crimean congo hemorrhagic fever|hyalomma detritum|NA,Crimean-Congo hemorrhagic fever,vector,hyalomma detritum,,tick,species,hyalomma detritum,confirmed,review,TRUE,FALSE,FALSE,,FALSE,FALSE,,,,,TRUE,TRUE,TRUE,FALSE,FALSE,supported,vector_v0_1,tax_id_missing; bites_humans_unknown; vector_role_hint_blank; transmission_demonstrated_unknown; natural_infection_unknown,vector_tier_rules_v0_1
crimean congo hemorrhagic fever|hyalomma dromedarii|NA,Crimean-Congo hemorrhagic fever,vector,hyalomma dromedarii,,tick,species,hyalomma dromedarii,confirmed,review,TRUE,TRUE,TRUE,TRUE,TRUE,TRUE,competent,,,candidate_vector|primary_vector,TRUE,TRUE,TRUE,TRUE,TRUE,strict,vector_v0_1,tax_id_missing; transmission_demonstrated_unknown; natural_infection_unknown,vector_tier_rules_v0_1
crimean congo hemorrhagic fever|hyalomma excavatum|NA,Crimean-Congo hemorrhagic fever,vector,hyalomma excavatum,,tick,species,hyalomma excavatum,confirmed,review,TRUE,TRUE,TRUE,TRUE,TRUE,TRUE,competent,,,candidate_vector,TRUE,TRUE,TRUE,TRUE,TRUE,strict,vector_v0_1,tax_id_missing; transmission_demonstrated_unknown; natural_infection_unknown,vector_tier_rules_v0_1
crimean congo hemorrhagic fever|hyalomma impeltatum|NA,Crimean-Congo hemorrhagic fever,vector,hyalomma impeltatum,,tick,species,hyalomma impeltatum,confirmed,review,TRUE,TRUE,TRUE,TRUE,TRUE,TRUE,competent,yes,,primary_vector,TRUE,TRUE,TRUE,TRUE,TRUE,strict,vector_v0_1,tax_id_missing; natural_infection_unknown,vector_tier_rules_v0_1
crimean congo hemorrhagic fever|hyalomma impressum|NA,Crimean-Congo hemorrhagic fever,vector,hyalomma impressum,,tick,species,hyalomma impressum,probable,review,TRUE,TRUE,FALSE,TRUE,TRUE,TRUE,,,,,TRUE,TRUE,TRUE,FALSE,FALSE,supported,vector_v0_1,tax_id_missing; vector_role_hint_blank; transmission_demonstrated_unknown; natural_infection_unknown,vector_tier_rules_v0_1
crimean congo hemorrhagic fever|hyalomma isaaci|NA,Crimean-Congo hemorrhagic fever,vector,hyalomma isaaci,,tick,species,hyalomma isaaci,candidate,review,TRUE,TRUE,FALSE,TRUE,TRUE,TRUE,,,,,TRUE,TRUE,TRUE,FALSE,FALSE,supported,vector_v0_1,tax_id_missing; vector_role_hint_blank; transmission_demonstrated_unknown; natural_infection_unknown,vector_tier_rules_v0_1
crimean congo hemorrhagic fever|hyalomma lusitanicum|NA,Crimean-Congo hemorrhagic fever,vector,hyalomma lusitanicum,,tick,species,hyalomma lusitanicum,probable,review,TRUE,TRUE,TRUE,TRUE,TRUE,TRUE,unclear,,,candidate_vector,TRUE,TRUE,TRUE,FALSE,FALSE,supported,vector_v0_1,tax_id_missing; transmission_demonstrated_unknown; natural_infection_unknown,vector_tier_rules_v0_1
crimean congo hemorrhagic fever|hyalomma marginatum|NA,Crimean-Congo hemorrhagic fever,vector,hyalomma marginatum,,tick,species,hyalomma marginatum,confirmed,review,TRUE,TRUE,TRUE,TRUE,TRUE,TRUE,competent,,,primary_vector,TRUE,TRUE,TRUE,TRUE,TRUE,strict,vector_v0_1,tax_id_missing; transmission_demonstrated_unknown; natural_infection_unknown,vector_tier_rules_v0_1
crimean congo hemorrhagic fever|hyalomma nitidum|NA,Crimean-Congo hemorrhagic fever,vector,hyalomma nitidum,,tick,species,hyalomma nitidum,probable,review,TRUE,FALSE,FALSE,,FALSE,FALSE,,,,,TRUE,TRUE,TRUE,FALSE,FALSE,supported,vector_v0_1,tax_id_missing; bites_humans_unknown; vector_role_hint_blank; transmission_demonstrated_unknown; natural_infection_unknown,vector_tier_rules_v0_1
crimean congo hemorrhagic fever|hyalomma onatoli|NA,Crimean-Congo hemorrhagic fever,vector,hyalomma onatoli,,tick,species,hyalomma onatoli,candidate,review,TRUE,FALSE,TRUE,,FALSE,FALSE,unclear,,,,FALSE,FALSE,FALSE,FALSE,FALSE,excluded,vector_v0_1,taxonomy_caution; tax_id_missing; bites_humans_unknown; vector_role_hint_blank; transmission_demonstrated_unknown; natural_infection_unknown,vector_tier_rules_v0_1
crimean congo hemorrhagic fever|hyalomma rufipes|NA,Crimean-Congo hemorrhagic fever,vector,hyalomma rufipes,,tick,species,hyalomma rufipes,confirmed,review,TRUE,TRUE,TRUE,TRUE,TRUE,TRUE,competent,mixed,,primary_vector,TRUE,TRUE,TRUE,TRUE,TRUE,strict,vector_v0_1,tax_id_missing; natural_infection_unknown,vector_tier_rules_v0_1
crimean congo hemorrhagic fever|hyalomma schulzei|NA,Crimean-Congo hemorrhagic fever,vector,hyalomma schulzei,,tick,species,hyalomma schulzei,confirmed,review,TRUE,FALSE,TRUE,,FALSE,FALSE,competent,,,,TRUE,TRUE,TRUE,TRUE,FALSE,strong,vector_v0_1,tax_id_missing; bites_humans_unknown; vector_role_hint_blank; transmission_demonstrated_unknown; natural_infection_unknown,vector_tier_rules_v0_1
crimean congo hemorrhagic fever|hyalomma scupense|NA,Crimean-Congo hemorrhagic fever,vector,hyalomma scupense,,tick,species,hyalomma scupense,probable,review,TRUE,TRUE,TRUE,TRUE,TRUE,TRUE,unclear,,,candidate_vector,TRUE,TRUE,TRUE,FALSE,FALSE,supported,vector_v0_1,tax_id_missing; transmission_demonstrated_unknown; natural_infection_unknown,vector_tier_rules_v0_1
crimean congo hemorrhagic fever|hyalomma spp|NA,Crimean-Congo hemorrhagic fever,vector,hyalomma spp,,tick,genus_only,hyalomma spp,confirmed,review,TRUE,FALSE,TRUE,,FALSE,FALSE,competent,,,primary_vector,TRUE,TRUE,TRUE,TRUE,FALSE,strong,vector_v0_1,tax_id_missing; bites_humans_unknown; transmission_demonstrated_unknown; natural_infection_unknown,vector_tier_rules_v0_1
crimean congo hemorrhagic fever|hyalomma truncatum|NA,Crimean-Congo hemorrhagic fever,vector,hyalomma truncatum,,tick,species,hyalomma truncatum,confirmed,review,TRUE,TRUE,TRUE,TRUE,TRUE,TRUE,competent,yes,,primary_vector,TRUE,TRUE,TRUE,TRUE,TRUE,strict,vector_v0_1,tax_id_missing; natural_infection_unknown,vector_tier_rules_v0_1
crimean congo hemorrhagic fever|hyalomma turanicum|NA,Crimean-Congo hemorrhagic fever,vector,hyalomma turanicum,,tick,species,hyalomma turanicum,confirmed,review,TRUE,TRUE,TRUE,TRUE,TRUE,TRUE,competent,,,primary_vector,TRUE,TRUE,TRUE,TRUE,TRUE,strict,vector_v0_1,tax_id_missing; transmission_demonstrated_unknown; natural_infection_unknown,vector_tier_rules_v0_1
crimean congo hemorrhagic fever|ixodes ricinus|NA,Crimean-Congo hemorrhagic fever,vector,ixodes ricinus,,tick,species,ixodes ricinus,candidate,review,TRUE,TRUE,TRUE,TRUE,TRUE,TRUE,unclear,,,,TRUE,TRUE,TRUE,FALSE,FALSE,supported,vector_v0_1,tax_id_missing; vector_role_hint_blank; transmission_demonstrated_unknown; natural_infection_unknown,vector_tier_rules_v0_1
crimean congo hemorrhagic fever|ornithodoros lahorensis|NA,Crimean-Congo hemorrhagic fever,vector,ornithodoros lahorensis,,tick,species,ornithodoros lahorensis,candidate,review,TRUE,FALSE,FALSE,,FALSE,FALSE,,,,,TRUE,TRUE,FALSE,FALSE,FALSE,broad,vector_v0_1,tax_id_missing; bites_humans_unknown; vector_role_hint_blank; transmission_demonstrated_unknown; natural_infection_unknown,vector_tier_rules_v0_1
crimean congo hemorrhagic fever|rhipicephalus annulatus|NA,Crimean-Congo hemorrhagic fever,vector,rhipicephalus annulatus,,tick,species,rhipicephalus annulatus,candidate,review,TRUE,TRUE,TRUE,TRUE,TRUE,TRUE,unclear,,,,TRUE,TRUE,TRUE,FALSE,FALSE,supported,vector_v0_1,tax_id_missing; vector_role_hint_blank; transmission_demonstrated_unknown; natural_infection_unknown,vector_tier_rules_v0_1
crimean congo hemorrhagic fever|rhipicephalus appendiculatus|NA,Crimean-Congo hemorrhagic fever,vector,rhipicephalus appendiculatus,,tick,species,rhipicephalus appendiculatus,candidate,review,TRUE,TRUE,FALSE,TRUE,TRUE,TRUE,,,,,TRUE,TRUE,TRUE,FALSE,FALSE,supported,vector_v0_1,tax_id_missing; vector_role_hint_blank; transmission_demonstrated_unknown; natural_infection_unknown,vector_tier_rules_v0_1
crimean congo hemorrhagic fever|rhipicephalus boophilus annulatus|NA,Crimean-Congo hemorrhagic fever,vector,rhipicephalus boophilus annulatus,,tick,infraspecific,rhipicephalus boophilus annulatus,candidate,review,TRUE,FALSE,FALSE,,FALSE,FALSE,,,,,TRUE,TRUE,FALSE,FALSE,FALSE,broad,vector_v0_1,tax_id_missing; bites_humans_unknown; vector_role_hint_blank; transmission_demonstrated_unknown; natural_infection_unknown,vector_tier_rules_v0_1
crimean congo hemorrhagic fever|rhipicephalus boophilus decoloratus|NA,Crimean-Congo hemorrhagic fever,vector,rhipicephalus boophilus decoloratus,,tick,infraspecific,rhipicephalus boophilus decoloratus,candidate,review,TRUE,FALSE,FALSE,,FALSE,FALSE,,,,,TRUE,TRUE,FALSE,FALSE,FALSE,broad,vector_v0_1,tax_id_missing; bites_humans_unknown; vector_role_hint_blank; transmission_demonstrated_unknown; natural_infection_unknown,vector_tier_rules_v0_1
crimean congo hemorrhagic fever|rhipicephalus bursa|NA,Crimean-Congo hemorrhagic fever,vector,rhipicephalus bursa,,tick,species,rhipicephalus bursa,confirmed,review,TRUE,TRUE,TRUE,TRUE,TRUE,TRUE,competent,,yes,candidate_vector,TRUE,TRUE,TRUE,TRUE,TRUE,strict,vector_v0_1,tax_id_missing; transmission_demonstrated_unknown,vector_tier_rules_v0_1
crimean congo hemorrhagic fever|rhipicephalus decoloratus|NA,Crimean-Congo hemorrhagic fever,vector,rhipicephalus decoloratus,,tick,species,rhipicephalus decoloratus,candidate,review,TRUE,TRUE,FALSE,FALSE,TRUE,FALSE,,,,,TRUE,TRUE,TRUE,FALSE,FALSE,supported,vector_v0_1,tax_id_missing; vector_role_hint_blank; transmission_demonstrated_unknown; natural_infection_unknown,vector_tier_rules_v0_1
crimean congo hemorrhagic fever|rhipicephalus evertsi|NA,Crimean-Congo hemorrhagic fever,vector,rhipicephalus evertsi,,tick,species,rhipicephalus evertsi,candidate,review,TRUE,TRUE,TRUE,FALSE,TRUE,FALSE,unclear,no,,,FALSE,FALSE,FALSE,FALSE,FALSE,excluded,vector_v0_1,taxonomy_caution; tax_id_missing; vector_role_hint_blank; natural_infection_unknown,vector_tier_rules_v0_1
crimean congo hemorrhagic fever|rhipicephalus evertsi evertsi|NA,Crimean-Congo hemorrhagic fever,vector,rhipicephalus evertsi evertsi,,tick,infraspecific,rhipicephalus evertsi evertsi,candidate,review,TRUE,FALSE,TRUE,,FALSE,FALSE,unclear,,,,TRUE,TRUE,TRUE,FALSE,FALSE,supported,vector_v0_1,tax_id_missing; bites_humans_unknown; vector_role_hint_blank; transmission_demonstrated_unknown; natural_infection_unknown,vector_tier_rules_v0_1
crimean congo hemorrhagic fever|rhipicephalus geigyi|NA,Crimean-Congo hemorrhagic fever,vector,rhipicephalus geigyi,,tick,species,rhipicephalus geigyi,candidate,review,TRUE,TRUE,FALSE,FALSE,TRUE,FALSE,,,,,TRUE,TRUE,TRUE,FALSE,FALSE,supported,vector_v0_1,tax_id_missing; vector_role_hint_blank; transmission_demonstrated_unknown; natural_infection_unknown,vector_tier_rules_v0_1
crimean congo hemorrhagic fever|rhipicephalus guilhoni|NA,Crimean-Congo hemorrhagic fever,vector,rhipicephalus guilhoni,,tick,species,rhipicephalus guilhoni,candidate,review,TRUE,TRUE,FALSE,FALSE,TRUE,FALSE,,,,,TRUE,TRUE,TRUE,FALSE,FALSE,supported,vector_v0_1,tax_id_missing; vector_role_hint_blank; transmission_demonstrated_unknown; natural_infection_unknown,vector_tier_rules_v0_1
crimean congo hemorrhagic fever|rhipicephalus microplus|NA,Crimean-Congo hemorrhagic fever,vector,rhipicephalus microplus,,tick,species,rhipicephalus microplus,candidate,review,TRUE,TRUE,FALSE,FALSE,TRUE,FALSE,,,,,TRUE,TRUE,TRUE,FALSE,FALSE,supported,vector_v0_1,tax_id_missing; vector_role_hint_blank; transmission_demonstrated_unknown; natural_infection_unknown,vector_tier_rules_v0_1
crimean congo hemorrhagic fever|rhipicephalus pulchellus|NA,Crimean-Congo hemorrhagic fever,vector,rhipicephalus pulchellus,,tick,species,rhipicephalus pulchellus,candidate,review,TRUE,TRUE,TRUE,TRUE,TRUE,TRUE,unclear,,,,TRUE,TRUE,TRUE,FALSE,FALSE,supported,vector_v0_1,tax_id_missing; vector_role_hint_blank; transmission_demonstrated_unknown; natural_infection_unknown,vector_tier_rules_v0_1
crimean congo hemorrhagic fever|rhipicephalus pumilio|NA,Crimean-Congo hemorrhagic fever,vector,rhipicephalus pumilio,,tick,species,rhipicephalus pumilio,candidate,review,TRUE,FALSE,TRUE,,FALSE,FALSE,unclear,,,,TRUE,TRUE,TRUE,FALSE,FALSE,supported,vector_v0_1,tax_id_missing; bites_humans_unknown; vector_role_hint_blank; transmission_demonstrated_unknown; natural_infection_unknown,vector_tier_rules_v0_1
crimean congo hemorrhagic fever|rhipicephalus rossicus|NA,Crimean-Congo hemorrhagic fever,vector,rhipicephalus rossicus,,tick,species,rhipicephalus rossicus,candidate,review,TRUE,TRUE,TRUE,FALSE,TRUE,FALSE,unclear,,,,TRUE,TRUE,TRUE,FALSE,FALSE,supported,vector_v0_1,tax_id_missing; vector_role_hint_blank; transmission_demonstrated_unknown; natural_infection_unknown,vector_tier_rules_v0_1
crimean congo hemorrhagic fever|rhipicephalus sanguineus|NA,Crimean-Congo hemorrhagic fever,vector,rhipicephalus sanguineus,,tick,species,rhipicephalus sanguineus,candidate,review,TRUE,TRUE,TRUE,TRUE,TRUE,TRUE,mixed,mixed,mixed,,TRUE,TRUE,TRUE,TRUE,FALSE,strong,vector_v0_1,tax_id_missing; vector_role_hint_blank,vector_tier_rules_v0_1
crimean congo hemorrhagic fever|rhipicephalus spp|NA,Crimean-Congo hemorrhagic fever,vector,rhipicephalus spp,,tick,genus_only,rhipicephalus spp,candidate,review,TRUE,FALSE,FALSE,,FALSE,FALSE,,,,,TRUE,TRUE,FALSE,FALSE,FALSE,broad,vector_v0_1,tax_id_missing; bites_humans_unknown; vector_role_hint_blank; transmission_demonstrated_unknown; natural_infection_unknown,vector_tier_rules_v0_1
crimean congo hemorrhagic fever|rhipicephalus turanicus|NA,Crimean-Congo hemorrhagic fever,vector,rhipicephalus turanicus,,tick,species,rhipicephalus turanicus,candidate,review,TRUE,TRUE,TRUE,TRUE,TRUE,TRUE,unclear,,,,TRUE,TRUE,TRUE,FALSE,FALSE,supported,vector_v0_1,tax_id_missing; vector_role_hint_blank; transmission_demonstrated_unknown; natural_infection_unknown,vector_tier_rules_v0_1
dengue|aedes aegypti|NA,Dengue,vector,aedes aegypti,,mosquito,species,aedes aegypti,confirmed,review,TRUE,TRUE,TRUE,TRUE,TRUE,TRUE,mixed,mixed,yes,primary_vector|urban_vector,TRUE,TRUE,TRUE,TRUE,TRUE,strict,vector_v0_1,tax_id_missing,vector_tier_rules_v0_1
dengue|aedes albopictus|NA,Dengue,vector,aedes albopictus,,mosquito,species,aedes albopictus,confirmed,review,TRUE,TRUE,TRUE,TRUE,TRUE,TRUE,mixed,mixed,yes,primary_vector|secondary_vector,TRUE,TRUE,TRUE,TRUE,TRUE,strict,vector_v0_1,tax_id_missing,vector_tier_rules_v0_1
dengue|aedes cretinus|NA,Dengue,vector,aedes cretinus,,mosquito,species,aedes cretinus,candidate,review,TRUE,FALSE,TRUE,,FALSE,FALSE,unclear,,,,TRUE,TRUE,TRUE,FALSE,FALSE,supported,vector_v0_1,tax_id_missing; bites_humans_unknown; vector_role_hint_blank; transmission_demonstrated_unknown; natural_infection_unknown,vector_tier_rules_v0_1
dengue|aedes furcifer|NA,Dengue,vector,aedes furcifer,,mosquito,species,aedes furcifer,confirmed,review,TRUE,FALSE,TRUE,,FALSE,FALSE,mixed,,,primary_vector,TRUE,TRUE,TRUE,TRUE,FALSE,strong,vector_v0_1,tax_id_missing; bites_humans_unknown; transmission_demonstrated_unknown; natural_infection_unknown,vector_tier_rules_v0_1
dengue|aedes hensilli|NA,Dengue,vector,aedes hensilli,,mosquito,species,aedes hensilli,weak,field+lab,TRUE,FALSE,FALSE,,FALSE,FALSE,,,,,TRUE,TRUE,FALSE,FALSE,FALSE,broad,vector_v0_1,tax_id_missing; bites_humans_unknown; vector_role_hint_blank; transmission_demonstrated_unknown; natural_infection_unknown,vector_tier_rules_v0_1
dengue|aedes japonicus|NA,Dengue,vector,aedes japonicus,,mosquito,species,aedes japonicus,candidate,review,TRUE,TRUE,TRUE,TRUE,TRUE,TRUE,competent,,,,TRUE,TRUE,TRUE,TRUE,FALSE,strong,vector_v0_1,tax_id_missing; vector_role_hint_blank; transmission_demonstrated_unknown; natural_infection_unknown,vector_tier_rules_v0_1
dengue|aedes luteocephalus|NA,Dengue,vector,aedes luteocephalus,,mosquito,species,aedes luteocephalus,confirmed,review,TRUE,FALSE,TRUE,,FALSE,FALSE,mixed,,,primary_vector,TRUE,TRUE,TRUE,TRUE,FALSE,strong,vector_v0_1,tax_id_missing; bites_humans_unknown; transmission_demonstrated_unknown; natural_infection_unknown,vector_tier_rules_v0_1
dengue|aedes malayensis|NA,Dengue,vector,aedes malayensis,,mosquito,species,aedes malayensis,confirmed,review,TRUE,FALSE,TRUE,,FALSE,FALSE,competent,,,candidate_vector,TRUE,TRUE,TRUE,TRUE,FALSE,strong,vector_v0_1,tax_id_missing; bites_humans_unknown; transmission_demonstrated_unknown; natural_infection_unknown,vector_tier_rules_v0_1
dengue|aedes mediovittatus|NA,Dengue,vector,aedes mediovittatus,,mosquito,species,aedes mediovittatus,probable,lab,TRUE,FALSE,TRUE,FALSE,TRUE,FALSE,mixed,yes,,candidate_vector,TRUE,TRUE,TRUE,TRUE,FALSE,strong,vector_v0_1,tax_id_missing; natural_infection_unknown,vector_tier_rules_v0_1
dengue|aedes niveus|NA,Dengue,vector,aedes niveus,,mosquito,species,aedes niveus,probable,review,TRUE,FALSE,TRUE,,FALSE,FALSE,unclear,,,secondary_vector,TRUE,TRUE,TRUE,FALSE,FALSE,supported,vector_v0_1,tax_id_missing; bites_humans_unknown; transmission_demonstrated_unknown; natural_infection_unknown,vector_tier_rules_v0_1
dengue|aedes polynesiensis|NA,Dengue,vector,aedes polynesiensis,,mosquito,species,aedes polynesiensis,confirmed,review,TRUE,FALSE,TRUE,,FALSE,FALSE,competent,yes,,primary_vector|secondary_vector,TRUE,TRUE,TRUE,TRUE,FALSE,strong,vector_v0_1,tax_id_missing; bites_humans_unknown; natural_infection_unknown,vector_tier_rules_v0_1
dengue|aedes pseudoscutellaris|NA,Dengue,vector,aedes pseudoscutellaris,,mosquito,species,aedes pseudoscutellaris,candidate,review,TRUE,FALSE,TRUE,,FALSE,FALSE,unclear,,,,TRUE,TRUE,TRUE,FALSE,FALSE,supported,vector_v0_1,tax_id_missing; bites_humans_unknown; vector_role_hint_blank; transmission_demonstrated_unknown; natural_infection_unknown,vector_tier_rules_v0_1
dengue|aedes scutellaris|NA,Dengue,vector,aedes scutellaris,,mosquito,species,aedes scutellaris,candidate,review,TRUE,FALSE,TRUE,,FALSE,FALSE,unclear,,,candidate_vector,TRUE,TRUE,TRUE,FALSE,FALSE,supported,vector_v0_1,tax_id_missing; bites_humans_unknown; transmission_demonstrated_unknown; natural_infection_unknown,vector_tier_rules_v0_1
dengue|aedes taylori|NA,Dengue,vector,aedes taylori,,mosquito,species,aedes taylori,confirmed,review,TRUE,TRUE,TRUE,TRUE,TRUE,TRUE,mixed,,,primary_vector,TRUE,TRUE,TRUE,TRUE,TRUE,strict,vector_v0_1,tax_id_missing; transmission_demonstrated_unknown; natural_infection_unknown,vector_tier_rules_v0_1
dengue|aedes vittatus|NA,Dengue,vector,aedes vittatus,,mosquito,species,aedes vittatus,confirmed,review,TRUE,TRUE,TRUE,TRUE,TRUE,TRUE,mixed,,,primary_vector,TRUE,TRUE,TRUE,TRUE,TRUE,strict,vector_v0_1,tax_id_missing; transmission_demonstrated_unknown; natural_infection_unknown,vector_tier_rules_v0_1
dengue|culex quinquefasciatus|NA,Dengue,vector,culex quinquefasciatus,,mosquito,species,culex quinquefasciatus,weak,review,TRUE,TRUE,TRUE,TRUE,TRUE,TRUE,not_competent,,yes,,TRUE,TRUE,TRUE,FALSE,FALSE,supported,vector_v0_1,tax_id_missing; vector_role_hint_blank; transmission_demonstrated_unknown,vector_tier_rules_v0_1
oropouche fever|aedes aegypti|NA,Oropouche fever,vector,aedes aegypti,,mosquito,species,aedes aegypti,candidate,field,TRUE,TRUE,TRUE,TRUE,TRUE,TRUE,mixed,mixed,yes,,TRUE,TRUE,TRUE,TRUE,FALSE,strong,vector_v0_1,tax_id_missing; vector_role_hint_blank,vector_tier_rules_v0_1
oropouche fever|aedes albopictus|NA,Oropouche fever,vector,aedes albopictus,,mosquito,species,aedes albopictus,candidate,review,TRUE,TRUE,TRUE,TRUE,TRUE,TRUE,mixed,mixed,yes,,TRUE,TRUE,TRUE,TRUE,FALSE,strong,vector_v0_1,tax_id_missing; vector_role_hint_blank,vector_tier_rules_v0_1
oropouche fever|aedes scapularis|NA,Oropouche fever,vector,aedes scapularis,,mosquito,species,aedes scapularis,weak,review,TRUE,TRUE,TRUE,TRUE,TRUE,TRUE,not_competent,no,,,TRUE,TRUE,TRUE,FALSE,FALSE,supported,vector_v0_1,tax_id_missing; vector_role_hint_blank; natural_infection_unknown,vector_tier_rules_v0_1
oropouche fever|aedes serratus|NA,Oropouche fever,vector,aedes serratus,,mosquito,species,aedes serratus,candidate; probable,review,TRUE,TRUE,TRUE,TRUE,TRUE,TRUE,unclear,,yes,candidate_vector|secondary_vector|sylvatic_vector,TRUE,TRUE,TRUE,FALSE,FALSE,supported,vector_v0_1,tax_id_missing; transmission_demonstrated_unknown,vector_tier_rules_v0_1
oropouche fever|coquillettidia venezuelensis|NA,Oropouche fever,vector,coquillettidia venezuelensis,,mosquito,species,coquillettidia venezuelensis,probable,review,TRUE,TRUE,TRUE,TRUE,TRUE,TRUE,unclear,,yes,candidate_vector|secondary_vector|sylvatic_vector,TRUE,TRUE,TRUE,FALSE,FALSE,supported,vector_v0_1,tax_id_missing; transmission_demonstrated_unknown,vector_tier_rules_v0_1
oropouche fever|culex pipiens|NA,Oropouche fever,vector,culex pipiens,,mosquito,species,culex pipiens,weak,lab,TRUE,TRUE,TRUE,TRUE,TRUE,TRUE,not_competent,no,,,TRUE,TRUE,TRUE,FALSE,FALSE,supported,vector_v0_1,tax_id_missing; vector_role_hint_blank; natural_infection_unknown,vector_tier_rules_v0_1
oropouche fever|culex quinquefasciatus|NA,Oropouche fever,vector,culex quinquefasciatus,,mosquito,species,culex quinquefasciatus,probable,review,TRUE,TRUE,TRUE,TRUE,TRUE,TRUE,mixed,mixed,yes,candidate_vector|secondary_vector,TRUE,TRUE,TRUE,TRUE,TRUE,strict,vector_v0_1,tax_id_missing,vector_tier_rules_v0_1
oropouche fever|culex tarsalis|NA,Oropouche fever,vector,culex tarsalis,,mosquito,species,culex tarsalis,candidate,review,TRUE,TRUE,TRUE,TRUE,TRUE,TRUE,not_competent,no,,,TRUE,TRUE,TRUE,FALSE,FALSE,supported,vector_v0_1,tax_id_missing; vector_role_hint_blank; natural_infection_unknown,vector_tier_rules_v0_1
oropouche fever|culicoides|NA,Oropouche fever,vector,culicoides,,midge,genus_only,culicoides,candidate,review,TRUE,FALSE,TRUE,,FALSE,FALSE,unclear,,,candidate_vector|sylvatic_vector,TRUE,TRUE,TRUE,FALSE,FALSE,supported,vector_v0_1,tax_id_missing; bites_humans_unknown; transmission_demonstrated_unknown; natural_infection_unknown,vector_tier_rules_v0_1
oropouche fever|culicoides insignis|NA,Oropouche fever,vector,culicoides insignis,,midge,species,culicoides insignis,candidate,review,TRUE,FALSE,TRUE,,FALSE,FALSE,unclear,,yes,,TRUE,TRUE,TRUE,FALSE,FALSE,supported,vector_v0_1,tax_id_missing; bites_humans_unknown; vector_role_hint_blank; transmission_demonstrated_unknown,vector_tier_rules_v0_1
oropouche fever|culicoides paraensis|NA,Oropouche fever,vector,culicoides paraensis,,midge,species,culicoides paraensis,confirmed,review,TRUE,FALSE,TRUE,,FALSE,FALSE,competent,yes,,primary_vector|urban_vector,TRUE,TRUE,TRUE,TRUE,FALSE,strong,vector_v0_1,tax_id_missing; bites_humans_unknown; natural_infection_unknown,vector_tier_rules_v0_1
oropouche fever|culicoides sonorensis|NA,Oropouche fever,vector,culicoides sonorensis,,midge,species,culicoides sonorensis,probable,review,TRUE,FALSE,TRUE,,FALSE,FALSE,competent,yes,,candidate_vector,TRUE,TRUE,TRUE,TRUE,FALSE,strong,vector_v0_1,tax_id_missing; bites_humans_unknown; natural_infection_unknown,vector_tier_rules_v0_1
oropouche fever|limatus durhamii|NA,Oropouche fever,vector,limatus durhamii,,mosquito,species,limatus durhamii,weak,review,TRUE,TRUE,TRUE,TRUE,TRUE,TRUE,unclear,,yes,,TRUE,TRUE,TRUE,FALSE,FALSE,supported,vector_v0_1,tax_id_missing; vector_role_hint_blank; transmission_demonstrated_unknown,vector_tier_rules_v0_1
oropouche fever|ochlerotatus serratus|NA,Oropouche fever,vector,ochlerotatus serratus,,mosquito,species,ochlerotatus serratus,candidate,review,TRUE,FALSE,TRUE,,FALSE,FALSE,unclear,,yes,,TRUE,TRUE,TRUE,FALSE,FALSE,supported,vector_v0_1,tax_id_missing; bites_humans_unknown; vector_role_hint_blank; transmission_demonstrated_unknown,vector_tier_rules_v0_1
oropouche fever|psorophora ferox|NA,Oropouche fever,vector,psorophora ferox,,mosquito,species,psorophora ferox,weak,review,TRUE,TRUE,TRUE,TRUE,TRUE,TRUE,not_competent,no,,,TRUE,TRUE,TRUE,FALSE,FALSE,supported,vector_v0_1,tax_id_missing; vector_role_hint_blank; natural_infection_unknown,vector_tier_rules_v0_1
plague|aetheca wagneri|NA,Plague,vector,aetheca wagneri,,flea,species,aetheca wagneri,confirmed,review,TRUE,FALSE,TRUE,,FALSE,FALSE,competent,yes,,,TRUE,TRUE,TRUE,TRUE,FALSE,strong,vector_v0_1,tax_id_missing; bites_humans_unknown; vector_role_hint_blank; natural_infection_unknown,vector_tier_rules_v0_1
plague|citellophilus tesquorum|NA,Plague,vector,citellophilus tesquorum,,flea,species,citellophilus tesquorum,probable,review,TRUE,FALSE,TRUE,,FALSE,FALSE,mixed,,,,TRUE,TRUE,TRUE,TRUE,FALSE,strong,vector_v0_1,tax_id_missing; bites_humans_unknown; vector_role_hint_blank; transmission_demonstrated_unknown; natural_infection_unknown,vector_tier_rules_v0_1
plague|citellophilus tesquorum altaicus|NA,Plague,vector,citellophilus tesquorum altaicus,,flea,infraspecific,citellophilus tesquorum altaicus,confirmed,review,TRUE,FALSE,TRUE,,FALSE,FALSE,mixed,yes,yes,,TRUE,TRUE,TRUE,TRUE,FALSE,strong,vector_v0_1,tax_id_missing; bites_humans_unknown; vector_role_hint_blank,vector_tier_rules_v0_1
plague|ctenocephalides felis|NA,Plague,vector,ctenocephalides felis,,flea,species,ctenocephalides felis,confirmed,review,TRUE,TRUE,TRUE,TRUE,TRUE,TRUE,mixed,mixed,yes,,FALSE,FALSE,FALSE,FALSE,FALSE,excluded,vector_v0_1,taxonomy_caution; tax_id_missing; vector_role_hint_blank,vector_tier_rules_v0_1
plague|echidnophaga gallinaceus|NA,Plague,vector,echidnophaga gallinaceus,,flea,species,echidnophaga gallinaceus,confirmed,review,TRUE,FALSE,TRUE,,FALSE,FALSE,competent,yes,,,TRUE,TRUE,TRUE,TRUE,FALSE,strong,vector_v0_1,tax_id_missing; bites_humans_unknown; vector_role_hint_blank; natural_infection_unknown,vector_tier_rules_v0_1
plague|epitedia eumolpi|NA,Plague,vector,epitedia eumolpi,,flea,species,epitedia eumolpi,confirmed,review,TRUE,FALSE,TRUE,,FALSE,FALSE,competent,yes,,,TRUE,TRUE,TRUE,TRUE,FALSE,strong,vector_v0_1,tax_id_missing; bites_humans_unknown; vector_role_hint_blank; natural_infection_unknown,vector_tier_rules_v0_1
plague|epitedia wenmanni|NA,Plague,vector,epitedia wenmanni,,flea,species,epitedia wenmanni,confirmed,review,TRUE,FALSE,TRUE,,FALSE,FALSE,competent,yes,,,TRUE,TRUE,TRUE,TRUE,FALSE,strong,vector_v0_1,tax_id_missing; bites_humans_unknown; vector_role_hint_blank; natural_infection_unknown,vector_tier_rules_v0_1
plague|hoplopsyllus anomalus|NA,Plague,vector,hoplopsyllus anomalus,,flea,species,hoplopsyllus anomalus,confirmed,review,TRUE,FALSE,TRUE,,FALSE,FALSE,competent,yes,,,TRUE,TRUE,TRUE,TRUE,FALSE,strong,vector_v0_1,tax_id_missing; bites_humans_unknown; vector_role_hint_blank; natural_infection_unknown,vector_tier_rules_v0_1
plague|hystrichopsylla linsdalei|NA,Plague,vector,hystrichopsylla linsdalei,,flea,species,hystrichopsylla linsdalei,confirmed,review,TRUE,FALSE,TRUE,,FALSE,FALSE,competent,yes,,,TRUE,TRUE,TRUE,TRUE,FALSE,strong,vector_v0_1,tax_id_missing; bites_humans_unknown; vector_role_hint_blank; natural_infection_unknown,vector_tier_rules_v0_1
plague|malaraeus telchinum|NA,Plague,vector,malaraeus telchinum,,flea,species,malaraeus telchinum,confirmed,review,TRUE,FALSE,TRUE,,FALSE,FALSE,mixed,yes,,,TRUE,TRUE,TRUE,TRUE,FALSE,strong,vector_v0_1,tax_id_missing; bites_humans_unknown; vector_role_hint_blank; natural_infection_unknown,vector_tier_rules_v0_1
plague|megabothris abantis|NA,Plague,vector,megabothris abantis,,flea,species,megabothris abantis,confirmed,review,TRUE,TRUE,TRUE,FALSE,TRUE,FALSE,competent,yes,,,TRUE,TRUE,TRUE,TRUE,FALSE,strong,vector_v0_1,tax_id_missing; vector_role_hint_blank; natural_infection_unknown,vector_tier_rules_v0_1
plague|neopsylla setosa|NA,Plague,vector,neopsylla setosa,,flea,species,neopsylla setosa,probable,review,TRUE,FALSE,TRUE,,FALSE,FALSE,unclear,,,,TRUE,TRUE,TRUE,FALSE,FALSE,supported,vector_v0_1,tax_id_missing; bites_humans_unknown; vector_role_hint_blank; transmission_demonstrated_unknown; natural_infection_unknown,vector_tier_rules_v0_1
plague|nosopsyllus fasciatus|NA,Plague,vector,nosopsyllus fasciatus,,flea,species,nosopsyllus fasciatus,confirmed,review,TRUE,FALSE,TRUE,,FALSE,FALSE,competent,yes,,,TRUE,TRUE,TRUE,TRUE,FALSE,strong,vector_v0_1,tax_id_missing; bites_humans_unknown; vector_role_hint_blank; natural_infection_unknown,vector_tier_rules_v0_1
plague|opisodasys nesiotis|NA,Plague,vector,opisodasys nesiotis,,flea,species,opisodasys nesiotis,confirmed,review,TRUE,FALSE,TRUE,,FALSE,FALSE,competent,yes,,,TRUE,TRUE,TRUE,TRUE,FALSE,strong,vector_v0_1,tax_id_missing; bites_humans_unknown; vector_role_hint_blank; natural_infection_unknown,vector_tier_rules_v0_1
plague|orchopeas sexdentatus|NA,Plague,vector,orchopeas sexdentatus,,flea,species,orchopeas sexdentatus,confirmed,review,TRUE,FALSE,TRUE,,FALSE,FALSE,competent,yes,,,TRUE,TRUE,TRUE,TRUE,FALSE,strong,vector_v0_1,tax_id_missing; bites_humans_unknown; vector_role_hint_blank; natural_infection_unknown,vector_tier_rules_v0_1
plague|oropsylla bruneri|NA,Plague,vector,oropsylla bruneri,,flea,species,oropsylla bruneri,confirmed,review,TRUE,TRUE,TRUE,TRUE,TRUE,TRUE,competent,yes,,,TRUE,TRUE,TRUE,TRUE,TRUE,strict,vector_v0_1,tax_id_missing; vector_role_hint_blank; natural_infection_unknown,vector_tier_rules_v0_1
plague|oropsylla hirsuta|NA,Plague,vector,oropsylla hirsuta,,flea,species,oropsylla hirsuta,confirmed,review,TRUE,TRUE,TRUE,FALSE,TRUE,FALSE,mixed,yes,,,TRUE,TRUE,TRUE,TRUE,FALSE,strong,vector_v0_1,tax_id_missing; vector_role_hint_blank; natural_infection_unknown,vector_tier_rules_v0_1
plague|oropsylla idahoensis|NA,Plague,vector,oropsylla idahoensis,,flea,species,oropsylla idahoensis,confirmed,review,TRUE,FALSE,TRUE,,FALSE,FALSE,mixed,yes,,,TRUE,TRUE,TRUE,TRUE,FALSE,strong,vector_v0_1,tax_id_missing; bites_humans_unknown; vector_role_hint_blank; natural_infection_unknown,vector_tier_rules_v0_1
plague|oropsylla labis|NA,Plague,vector,oropsylla labis,,flea,species,oropsylla labis,confirmed,review,TRUE,FALSE,TRUE,,FALSE,FALSE,competent,yes,,,TRUE,TRUE,TRUE,TRUE,FALSE,strong,vector_v0_1,tax_id_missing; bites_humans_unknown; vector_role_hint_blank; natural_infection_unknown,vector_tier_rules_v0_1
plague|oropsylla montana|NA,Plague,vector,oropsylla montana,,flea,species,oropsylla montana,confirmed,review,TRUE,TRUE,TRUE,FALSE,TRUE,FALSE,mixed,yes,,,TRUE,TRUE,TRUE,TRUE,FALSE,strong,vector_v0_1,tax_id_missing; vector_role_hint_blank; natural_infection_unknown,vector_tier_rules_v0_1
plague|oropsylla rupestris|NA,Plague,vector,oropsylla rupestris,,flea,species,oropsylla rupestris,confirmed,review,TRUE,FALSE,TRUE,FALSE,TRUE,FALSE,competent,yes,,,TRUE,TRUE,TRUE,TRUE,FALSE,strong,vector_v0_1,tax_id_missing; vector_role_hint_blank; natural_infection_unknown,vector_tier_rules_v0_1
plague|oropsylla tuberculata|NA,Plague,vector,oropsylla tuberculata,,flea,species,oropsylla tuberculata,confirmed,review,TRUE,TRUE,TRUE,FALSE,TRUE,FALSE,competent,yes,,,FALSE,FALSE,FALSE,FALSE,FALSE,excluded,vector_v0_1,taxonomy_caution; tax_id_missing; vector_role_hint_blank; natural_infection_unknown,vector_tier_rules_v0_1
plague|oropsylla tuberculata cynomuris|NA,Plague,vector,oropsylla tuberculata cynomuris,,flea,infraspecific,oropsylla tuberculata cynomuris,confirmed,review,TRUE,FALSE,TRUE,,FALSE,FALSE,mixed,yes,,,TRUE,TRUE,TRUE,TRUE,FALSE,strong,vector_v0_1,tax_id_missing; bites_humans_unknown; vector_role_hint_blank; natural_infection_unknown,vector_tier_rules_v0_1
plague|paradoxopsyllus curvispinus|NA,Plague,vector,paradoxopsyllus curvispinus,,flea,species,paradoxopsyllus curvispinus,weak,review,TRUE,FALSE,TRUE,,FALSE,FALSE,unclear,,yes,,TRUE,TRUE,TRUE,FALSE,FALSE,supported,vector_v0_1,tax_id_missing; bites_humans_unknown; vector_role_hint_blank; transmission_demonstrated_unknown,vector_tier_rules_v0_1
plague|paradoxopsyllus custodis|NA,Plague,vector,paradoxopsyllus custodis,,flea,species,paradoxopsyllus custodis,candidate,review,TRUE,FALSE,TRUE,,FALSE,FALSE,unclear,,yes,epizootic_vector,TRUE,TRUE,TRUE,FALSE,FALSE,supported,vector_v0_1,tax_id_missing; bites_humans_unknown; transmission_demonstrated_unknown,vector_tier_rules_v0_1
plague|paradoxopsyllus dashidorzhii|NA,Plague,vector,paradoxopsyllus dashidorzhii,,flea,species,paradoxopsyllus dashidorzhii,confirmed,review,TRUE,FALSE,TRUE,,FALSE,FALSE,mixed,mixed,yes,primary_vector,TRUE,TRUE,TRUE,TRUE,FALSE,strong,vector_v0_1,tax_id_missing; bites_humans_unknown,vector_tier_rules_v0_1
plague|paradoxopsyllus hesperius kalabukhovi|NA,Plague,vector,paradoxopsyllus hesperius kalabukhovi,,flea,infraspecific,paradoxopsyllus hesperius kalabukhovi,confirmed,review,TRUE,FALSE,TRUE,,FALSE,FALSE,unclear,,yes,secondary_vector,TRUE,TRUE,TRUE,FALSE,FALSE,supported,vector_v0_1,tax_id_missing; bites_humans_unknown; transmission_demonstrated_unknown,vector_tier_rules_v0_1
plague|paradoxopsyllus repandus|NA,Plague,vector,paradoxopsyllus repandus,,flea,species,paradoxopsyllus repandus,confirmed,review,TRUE,FALSE,TRUE,,FALSE,FALSE,mixed,yes,yes,,TRUE,TRUE,TRUE,TRUE,FALSE,strong,vector_v0_1,tax_id_missing; bites_humans_unknown; vector_role_hint_blank,vector_tier_rules_v0_1
plague|paradoxopsyllus scorodumovi|NA,Plague,vector,paradoxopsyllus scorodumovi,,flea,species,paradoxopsyllus scorodumovi,confirmed,review,TRUE,FALSE,TRUE,,FALSE,FALSE,mixed,mixed,yes,primary_vector,TRUE,TRUE,TRUE,TRUE,FALSE,strong,vector_v0_1,tax_id_missing; bites_humans_unknown,vector_tier_rules_v0_1
plague|paradoxopsyllus teretifrons|NA,Plague,vector,paradoxopsyllus teretifrons,,flea,species,paradoxopsyllus teretifrons,confirmed,review,TRUE,FALSE,TRUE,,FALSE,FALSE,mixed,yes,yes,,TRUE,TRUE,TRUE,TRUE,FALSE,strong,vector_v0_1,tax_id_missing; bites_humans_unknown; vector_role_hint_blank,vector_tier_rules_v0_1
plague|pleochaetis exilis|NA,Plague,vector,pleochaetis exilis,,flea,species,pleochaetis exilis,confirmed,review,TRUE,FALSE,TRUE,,FALSE,FALSE,competent,yes,,,TRUE,TRUE,TRUE,TRUE,FALSE,strong,vector_v0_1,tax_id_missing; bites_humans_unknown; vector_role_hint_blank; natural_infection_unknown,vector_tier_rules_v0_1
plague|polygenis bohlsi bohlsi|NA,Plague,vector,polygenis bohlsi bohlsi,,flea,infraspecific,polygenis bohlsi bohlsi,candidate,review,TRUE,FALSE,TRUE,,FALSE,FALSE,unclear,,yes,,TRUE,TRUE,TRUE,FALSE,FALSE,supported,vector_v0_1,tax_id_missing; bites_humans_unknown; vector_role_hint_blank; transmission_demonstrated_unknown,vector_tier_rules_v0_1
plague|polygenis bohlsi jordani|NA,Plague,vector,polygenis bohlsi jordani,,flea,infraspecific,polygenis bohlsi jordani,confirmed,review,TRUE,FALSE,TRUE,,FALSE,FALSE,competent,yes,yes,,TRUE,TRUE,TRUE,TRUE,FALSE,strong,vector_v0_1,tax_id_missing; bites_humans_unknown; vector_role_hint_blank,vector_tier_rules_v0_1
plague|polygenis gwyni|NA,Plague,vector,polygenis gwyni,,flea,species,polygenis gwyni,confirmed,review,TRUE,TRUE,TRUE,FALSE,TRUE,FALSE,competent,yes,,,TRUE,TRUE,TRUE,TRUE,FALSE,strong,vector_v0_1,tax_id_missing; vector_role_hint_blank; natural_infection_unknown,vector_tier_rules_v0_1
plague|polygenis tripus|NA,Plague,vector,polygenis tripus,,flea,species,polygenis tripus,confirmed,review,TRUE,TRUE,TRUE,FALSE,TRUE,FALSE,mixed,yes,yes,,TRUE,TRUE,TRUE,TRUE,FALSE,strong,vector_v0_1,tax_id_missing; vector_role_hint_blank,vector_tier_rules_v0_1
plague|pulex irritans|NA,Plague,vector,pulex irritans,,flea,species,pulex irritans,confirmed,review,TRUE,TRUE,TRUE,FALSE,TRUE,FALSE,mixed,yes,yes,,TRUE,TRUE,TRUE,TRUE,FALSE,strong,vector_v0_1,tax_id_missing; vector_role_hint_blank,vector_tier_rules_v0_1
plague|rhadinopsylla daurica|NA,Plague,vector,rhadinopsylla daurica,,flea,species,rhadinopsylla daurica,probable,review,TRUE,FALSE,TRUE,,FALSE,FALSE,mixed,yes,,,TRUE,TRUE,TRUE,TRUE,FALSE,strong,vector_v0_1,tax_id_missing; bites_humans_unknown; vector_role_hint_blank; natural_infection_unknown,vector_tier_rules_v0_1
plague|rhadinopsylla rothschildi|NA,Plague,vector,rhadinopsylla rothschildi,,flea,species,rhadinopsylla rothschildi,probable,review,TRUE,FALSE,TRUE,,FALSE,FALSE,mixed,yes,,,TRUE,TRUE,TRUE,TRUE,FALSE,strong,vector_v0_1,tax_id_missing; bites_humans_unknown; vector_role_hint_blank; natural_infection_unknown,vector_tier_rules_v0_1
plague|thrassis acamantis|NA,Plague,vector,thrassis acamantis,,flea,species,thrassis acamantis,confirmed,review,TRUE,FALSE,TRUE,,FALSE,FALSE,competent,yes,,,TRUE,TRUE,TRUE,TRUE,FALSE,strong,vector_v0_1,tax_id_missing; bites_humans_unknown; vector_role_hint_blank; natural_infection_unknown,vector_tier_rules_v0_1
plague|thrassis arizonensis|NA,Plague,vector,thrassis arizonensis,,flea,species,thrassis arizonensis,confirmed,review,TRUE,FALSE,TRUE,,FALSE,FALSE,competent,yes,,,TRUE,TRUE,TRUE,TRUE,FALSE,strong,vector_v0_1,tax_id_missing; bites_humans_unknown; vector_role_hint_blank; natural_infection_unknown,vector_tier_rules_v0_1
plague|thrassis bacchi|NA,Plague,vector,thrassis bacchi,,flea,species,thrassis bacchi,confirmed,review,TRUE,TRUE,TRUE,FALSE,TRUE,FALSE,competent,yes,,,FALSE,FALSE,FALSE,FALSE,FALSE,excluded,vector_v0_1,taxonomy_caution; tax_id_missing; vector_role_hint_blank; natural_infection_unknown,vector_tier_rules_v0_1
plague|thrassis fotus|NA,Plague,vector,thrassis fotus,,flea,species,thrassis fotus,confirmed,review,TRUE,FALSE,TRUE,,FALSE,FALSE,competent,yes,,,TRUE,TRUE,TRUE,TRUE,FALSE,strong,vector_v0_1,tax_id_missing; bites_humans_unknown; vector_role_hint_blank; natural_infection_unknown,vector_tier_rules_v0_1
plague|thrassis francisi|NA,Plague,vector,thrassis francisi,,flea,species,thrassis francisi,confirmed,review,TRUE,FALSE,TRUE,,FALSE,FALSE,competent,yes,,,TRUE,TRUE,TRUE,TRUE,FALSE,strong,vector_v0_1,tax_id_missing; bites_humans_unknown; vector_role_hint_blank; natural_infection_unknown,vector_tier_rules_v0_1
plague|thrassis pandorae|NA,Plague,vector,thrassis pandorae,,flea,species,thrassis pandorae,confirmed,review,TRUE,FALSE,TRUE,,FALSE,FALSE,competent,yes,,,TRUE,TRUE,TRUE,TRUE,FALSE,strong,vector_v0_1,tax_id_missing; bites_humans_unknown; vector_role_hint_blank; natural_infection_unknown,vector_tier_rules_v0_1
plague|xenopsylla astia|NA,Plague,vector,xenopsylla astia,,flea,species,xenopsylla astia,probable,review,TRUE,FALSE,TRUE,,FALSE,FALSE,mixed,yes,,,TRUE,TRUE,TRUE,TRUE,FALSE,strong,vector_v0_1,tax_id_missing; bites_humans_unknown; vector_role_hint_blank; natural_infection_unknown,vector_tier_rules_v0_1
plague|xenopsylla brasiliensis|NA,Plague,vector,xenopsylla brasiliensis,,flea,species,xenopsylla brasiliensis,candidate,review,TRUE,FALSE,TRUE,,FALSE,FALSE,unclear,,,,TRUE,TRUE,TRUE,FALSE,FALSE,supported,vector_v0_1,tax_id_missing; bites_humans_unknown; vector_role_hint_blank; transmission_demonstrated_unknown; natural_infection_unknown,vector_tier_rules_v0_1
plague|xenopsylla cheopis|NA,Plague,vector,xenopsylla cheopis,,flea,species,xenopsylla cheopis,confirmed,review,TRUE,TRUE,TRUE,FALSE,TRUE,FALSE,competent,yes,yes,primary_vector,TRUE,TRUE,TRUE,TRUE,FALSE,strong,vector_v0_1,tax_id_missing,vector_tier_rules_v0_1
rift valley fever|aedes aedimorphus dentatus|NA,Rift Valley fever,vector,aedes aedimorphus dentatus,,mosquito,infraspecific,aedes aedimorphus dentatus,probable,review,TRUE,FALSE,TRUE,,FALSE,FALSE,competent,yes,yes,,TRUE,TRUE,TRUE,TRUE,FALSE,strong,vector_v0_1,tax_id_missing; bites_humans_unknown; vector_role_hint_blank,vector_tier_rules_v0_1
rift valley fever|aedes aedimorphus vexans arabiensis|NA,Rift Valley fever,vector,aedes aedimorphus vexans arabiensis,,mosquito,infraspecific,aedes aedimorphus vexans arabiensis,probable,review,TRUE,FALSE,TRUE,,FALSE,FALSE,competent,yes,yes,maintenance_vector,TRUE,TRUE,TRUE,TRUE,FALSE,strong,vector_v0_1,tax_id_missing; bites_humans_unknown,vector_tier_rules_v0_1
rift valley fever|aedes aegypti|NA,Rift Valley fever,vector,aedes aegypti,,mosquito,species,aedes aegypti,probable,review,TRUE,TRUE,TRUE,TRUE,TRUE,TRUE,mixed,mixed,yes,candidate_vector|primary_vector,TRUE,TRUE,TRUE,TRUE,TRUE,strict,vector_v0_1,tax_id_missing,vector_tier_rules_v0_1
rift valley fever|aedes africanus|NA,Rift Valley fever,vector,aedes africanus,,mosquito,species,aedes africanus,weak,review,TRUE,TRUE,TRUE,TRUE,TRUE,TRUE,unclear,,yes,candidate_vector,TRUE,TRUE,TRUE,FALSE,FALSE,supported,vector_v0_1,tax_id_missing; transmission_demonstrated_unknown,vector_tier_rules_v0_1
rift valley fever|aedes albopictus|NA,Rift Valley fever,vector,aedes albopictus,,mosquito,species,aedes albopictus,probable,lab; review,TRUE,TRUE,TRUE,TRUE,TRUE,TRUE,competent,yes,,,TRUE,TRUE,TRUE,TRUE,TRUE,strict,vector_v0_1,tax_id_missing; vector_role_hint_blank; natural_infection_unknown,vector_tier_rules_v0_1
rift valley fever|aedes atlanticus|NA,Rift Valley fever,vector,aedes atlanticus,,mosquito,species,aedes atlanticus,candidate,review,TRUE,TRUE,TRUE,TRUE,TRUE,TRUE,competent,yes,,,TRUE,TRUE,TRUE,TRUE,FALSE,strong,vector_v0_1,tax_id_missing; vector_role_hint_blank; natural_infection_unknown,vector_tier_rules_v0_1
rift valley fever|aedes calceatus|NA,Rift Valley fever,vector,aedes calceatus,,mosquito,species,aedes calceatus,weak,lab,TRUE,FALSE,TRUE,,FALSE,FALSE,not_competent,no,,,TRUE,TRUE,TRUE,FALSE,FALSE,supported,vector_v0_1,tax_id_missing; bites_humans_unknown; vector_role_hint_blank; natural_infection_unknown,vector_tier_rules_v0_1
rift valley fever|aedes canadensis|NA,Rift Valley fever,vector,aedes canadensis,,mosquito,species,aedes canadensis,probable,review,TRUE,TRUE,TRUE,TRUE,TRUE,TRUE,competent,yes,,,TRUE,TRUE,TRUE,TRUE,TRUE,strict,vector_v0_1,tax_id_missing; vector_role_hint_blank; natural_infection_unknown,vector_tier_rules_v0_1
rift valley fever|aedes cantator|NA,Rift Valley fever,vector,aedes cantator,,mosquito,species,aedes cantator,candidate,review,TRUE,TRUE,TRUE,TRUE,TRUE,TRUE,competent,yes,,,TRUE,TRUE,TRUE,TRUE,FALSE,strong,vector_v0_1,tax_id_missing; vector_role_hint_blank; natural_infection_unknown,vector_tier_rules_v0_1
rift valley fever|aedes caspius|NA,Rift Valley fever,vector,aedes caspius,,mosquito,species,aedes caspius,probable,review,TRUE,TRUE,TRUE,TRUE,TRUE,TRUE,competent,yes,,,TRUE,TRUE,TRUE,TRUE,TRUE,strict,vector_v0_1,tax_id_missing; vector_role_hint_blank; natural_infection_unknown,vector_tier_rules_v0_1
rift valley fever|aedes circumluteolus|NA,Rift Valley fever,vector,aedes circumluteolus,,mosquito,species,aedes circumluteolus,confirmed; probable,review,TRUE,FALSE,TRUE,,FALSE,FALSE,mixed,mixed,yes,maintenance_vector,TRUE,TRUE,TRUE,TRUE,FALSE,strong,vector_v0_1,tax_id_missing; bites_humans_unknown,vector_tier_rules_v0_1
rift valley fever|aedes detritus|NA,Rift Valley fever,vector,aedes detritus,,mosquito,species,aedes detritus,probable,review,TRUE,TRUE,TRUE,TRUE,TRUE,TRUE,competent,yes,,,TRUE,TRUE,TRUE,TRUE,TRUE,strict,vector_v0_1,tax_id_missing; vector_role_hint_blank; natural_infection_unknown,vector_tier_rules_v0_1
rift valley fever|aedes durbanensis|NA,Rift Valley fever,vector,aedes durbanensis,,mosquito,species,aedes durbanensis,candidate,review,TRUE,FALSE,TRUE,,FALSE,FALSE,unclear,,yes,,TRUE,TRUE,TRUE,FALSE,FALSE,supported,vector_v0_1,tax_id_missing; bites_humans_unknown; vector_role_hint_blank; transmission_demonstrated_unknown,vector_tier_rules_v0_1
rift valley fever|aedes excrucians|NA,Rift Valley fever,vector,aedes excrucians,,mosquito,species,aedes excrucians,probable,review,TRUE,TRUE,TRUE,TRUE,TRUE,TRUE,competent,yes,,,TRUE,TRUE,TRUE,TRUE,TRUE,strict,vector_v0_1,tax_id_missing; vector_role_hint_blank; natural_infection_unknown,vector_tier_rules_v0_1
rift valley fever|aedes japonicus japonicus|NA,Rift Valley fever,vector,aedes japonicus japonicus,,mosquito,infraspecific,aedes japonicus japonicus,probable,review,TRUE,FALSE,TRUE,,FALSE,FALSE,competent,yes,,,TRUE,TRUE,TRUE,TRUE,FALSE,strong,vector_v0_1,tax_id_missing; bites_humans_unknown; vector_role_hint_blank; natural_infection_unknown,vector_tier_rules_v0_1
rift valley fever|aedes mcintoshi|NA,Rift Valley fever,vector,aedes mcintoshi,,mosquito,species,aedes mcintoshi,confirmed; probable,review,TRUE,TRUE,TRUE,TRUE,TRUE,TRUE,mixed,mixed,yes,maintenance_vector,TRUE,TRUE,TRUE,TRUE,FALSE,strong,vector_v0_1,tax_id_missing,vector_tier_rules_v0_1
rift valley fever|aedes melanimon|NA,Rift Valley fever,vector,aedes melanimon,,mosquito,species,aedes melanimon,candidate,efsa_appendix_g,TRUE,TRUE,FALSE,FALSE,TRUE,FALSE,,,,,TRUE,TRUE,TRUE,FALSE,FALSE,supported,vector_v0_1,tax_id_missing; vector_role_hint_blank; transmission_demonstrated_unknown; natural_infection_unknown,vector_tier_rules_v0_1
rift valley fever|aedes ochraceus|NA,Rift Valley fever,vector,aedes ochraceus,,mosquito,species,aedes ochraceus,probable,review,TRUE,TRUE,TRUE,TRUE,TRUE,TRUE,unclear,,yes,,TRUE,TRUE,TRUE,FALSE,FALSE,supported,vector_v0_1,tax_id_missing; vector_role_hint_blank; transmission_demonstrated_unknown,vector_tier_rules_v0_1
rift valley fever|aedes palpalis|NA,Rift Valley fever,vector,aedes palpalis,,mosquito,species,aedes palpalis,probable,lab,TRUE,FALSE,TRUE,,FALSE,FALSE,competent,yes,,,TRUE,TRUE,TRUE,TRUE,FALSE,strong,vector_v0_1,tax_id_missing; bites_humans_unknown; vector_role_hint_blank; natural_infection_unknown,vector_tier_rules_v0_1
rift valley fever|aedes palpalis group|NA,Rift Valley fever,vector,aedes palpalis group,,mosquito,group,aedes palpalis group,weak,review,TRUE,FALSE,TRUE,,FALSE,FALSE,mixed,mixed,yes,,TRUE,TRUE,TRUE,TRUE,FALSE,strong,vector_v0_1,tax_id_missing; bites_humans_unknown; vector_role_hint_blank,vector_tier_rules_v0_1
rift valley fever|aedes pembaensis|NA,Rift Valley fever,vector,aedes pembaensis,,mosquito,species,aedes pembaensis,probable,review,TRUE,FALSE,TRUE,,FALSE,FALSE,unclear,,yes,,TRUE,TRUE,TRUE,FALSE,FALSE,supported,vector_v0_1,tax_id_missing; bites_humans_unknown; vector_role_hint_blank; transmission_demonstrated_unknown,vector_tier_rules_v0_1
rift valley fever|aedes sollicitans|NA,Rift Valley fever,vector,aedes sollicitans,,mosquito,species,aedes sollicitans,probable,review,TRUE,TRUE,TRUE,TRUE,TRUE,TRUE,competent,yes,,,TRUE,TRUE,TRUE,TRUE,TRUE,strict,vector_v0_1,tax_id_missing; vector_role_hint_blank; natural_infection_unknown,vector_tier_rules_v0_1
rift valley fever|aedes spp|NA,Rift Valley fever,vector,aedes spp,,mosquito,genus_only,aedes spp,candidate,review,TRUE,FALSE,TRUE,,FALSE,FALSE,unclear,,yes,,TRUE,TRUE,TRUE,FALSE,FALSE,supported,vector_v0_1,tax_id_missing; bites_humans_unknown; vector_role_hint_blank; transmission_demonstrated_unknown,vector_tier_rules_v0_1
rift valley fever|aedes sudanensis|NA,Rift Valley fever,vector,aedes sudanensis,,mosquito,species,aedes sudanensis,candidate,review,TRUE,TRUE,TRUE,TRUE,TRUE,TRUE,unclear,,yes,,TRUE,TRUE,TRUE,FALSE,FALSE,supported,vector_v0_1,tax_id_missing; vector_role_hint_blank; transmission_demonstrated_unknown,vector_tier_rules_v0_1
rift valley fever|aedes taeniorhynchus|NA,Rift Valley fever,vector,aedes taeniorhynchus,,mosquito,species,aedes taeniorhynchus,candidate,review,TRUE,TRUE,TRUE,TRUE,TRUE,TRUE,competent,yes,yes,,TRUE,TRUE,TRUE,TRUE,FALSE,strong,vector_v0_1,tax_id_missing; vector_role_hint_blank,vector_tier_rules_v0_1
rift valley fever|aedes triseriatus|NA,Rift Valley fever,vector,aedes triseriatus,,mosquito,species,aedes triseriatus,probable,review,TRUE,TRUE,TRUE,TRUE,TRUE,TRUE,competent,yes,,,TRUE,TRUE,TRUE,TRUE,TRUE,strict,vector_v0_1,tax_id_missing; vector_role_hint_blank; natural_infection_unknown,vector_tier_rules_v0_1
rift valley fever|aedes vexans|NA,Rift Valley fever,vector,aedes vexans,,mosquito,species,aedes vexans,probable,field+lab,TRUE,TRUE,TRUE,TRUE,TRUE,TRUE,competent,yes,,,TRUE,TRUE,TRUE,TRUE,TRUE,strict,vector_v0_1,tax_id_missing; vector_role_hint_blank; natural_infection_unknown,vector_tier_rules_v0_1
rift valley fever|aedes vexans meigen|NA,Rift Valley fever,vector,aedes vexans meigen,,mosquito,infraspecific,aedes vexans meigen,probable,field+lab,TRUE,FALSE,TRUE,,FALSE,FALSE,mixed,mixed,,,TRUE,TRUE,TRUE,TRUE,FALSE,strong,vector_v0_1,tax_id_missing; bites_humans_unknown; vector_role_hint_blank; natural_infection_unknown,vector_tier_rules_v0_1
rift valley fever|amblyomma variegatum|NA,Rift Valley fever,vector,amblyomma variegatum,,tick,species,amblyomma variegatum,weak,review,TRUE,TRUE,TRUE,TRUE,TRUE,TRUE,unclear,,yes,,TRUE,TRUE,TRUE,FALSE,FALSE,supported,vector_v0_1,tax_id_missing; vector_role_hint_blank; transmission_demonstrated_unknown,vector_tier_rules_v0_1
rift valley fever|anopheles bradleyi crucians|NA,Rift Valley fever,vector,anopheles bradleyi crucians,,mosquito,infraspecific,anopheles bradleyi crucians,weak,review,TRUE,FALSE,TRUE,,FALSE,FALSE,unclear,,,,TRUE,TRUE,TRUE,FALSE,FALSE,supported,vector_v0_1,tax_id_missing; bites_humans_unknown; vector_role_hint_blank; transmission_demonstrated_unknown; natural_infection_unknown,vector_tier_rules_v0_1
rift valley fever|anopheles coustani|NA,Rift Valley fever,vector,anopheles coustani,,mosquito,species,anopheles coustani,candidate,review,TRUE,TRUE,TRUE,TRUE,TRUE,TRUE,unclear,,yes,candidate_vector,TRUE,TRUE,TRUE,FALSE,FALSE,supported,vector_v0_1,tax_id_missing; transmission_demonstrated_unknown,vector_tier_rules_v0_1
rift valley fever|anopheles funestus|NA,Rift Valley fever,vector,anopheles funestus,,mosquito,species,anopheles funestus,weak,review,TRUE,TRUE,TRUE,TRUE,TRUE,TRUE,unclear,,yes,candidate_vector,TRUE,TRUE,TRUE,FALSE,FALSE,supported,vector_v0_1,tax_id_missing; transmission_demonstrated_unknown,vector_tier_rules_v0_1
rift valley fever|anopheles gambiae|NA,Rift Valley fever,vector,anopheles gambiae,,mosquito,species,anopheles gambiae,candidate,review,TRUE,TRUE,TRUE,TRUE,TRUE,TRUE,unclear,,yes,,TRUE,TRUE,TRUE,FALSE,FALSE,supported,vector_v0_1,tax_id_missing; vector_role_hint_blank; transmission_demonstrated_unknown,vector_tier_rules_v0_1
rift valley fever|anopheles gambiae arabiensis|NA,Rift Valley fever,vector,anopheles gambiae arabiensis,,mosquito,infraspecific,anopheles gambiae arabiensis,candidate,review,TRUE,FALSE,TRUE,,FALSE,FALSE,unclear,,yes,,TRUE,TRUE,TRUE,FALSE,FALSE,supported,vector_v0_1,tax_id_missing; bites_humans_unknown; vector_role_hint_blank; transmission_demonstrated_unknown,vector_tier_rules_v0_1
rift valley fever|anopheles gambiae sensu lato|NA,Rift Valley fever,vector,anopheles gambiae sensu lato,,mosquito,sensu_lato,anopheles gambiae sensu lato,candidate,field,TRUE,FALSE,TRUE,,FALSE,FALSE,unclear,,yes,,TRUE,TRUE,TRUE,FALSE,FALSE,supported,vector_v0_1,tax_id_missing; bites_humans_unknown; vector_role_hint_blank; transmission_demonstrated_unknown,vector_tier_rules_v0_1
rift valley fever|anopheles pharoensis|NA,Rift Valley fever,vector,anopheles pharoensis,,mosquito,species,anopheles pharoensis,candidate,review,TRUE,TRUE,TRUE,TRUE,TRUE,TRUE,unclear,,yes,,TRUE,TRUE,TRUE,FALSE,FALSE,supported,vector_v0_1,tax_id_missing; vector_role_hint_blank; transmission_demonstrated_unknown,vector_tier_rules_v0_1
rift valley fever|anopheles rufipes|NA,Rift Valley fever,vector,anopheles rufipes,,mosquito,species,anopheles rufipes,weak,review,TRUE,TRUE,TRUE,TRUE,TRUE,TRUE,unclear,,yes,candidate_vector,TRUE,TRUE,TRUE,FALSE,FALSE,supported,vector_v0_1,tax_id_missing; transmission_demonstrated_unknown,vector_tier_rules_v0_1
rift valley fever|anopheles spp|NA,Rift Valley fever,vector,anopheles spp,,mosquito,genus_only,anopheles spp,candidate,review,TRUE,FALSE,TRUE,,FALSE,FALSE,unclear,,yes,,TRUE,TRUE,TRUE,FALSE,FALSE,supported,vector_v0_1,tax_id_missing; bites_humans_unknown; vector_role_hint_blank; transmission_demonstrated_unknown,vector_tier_rules_v0_1
rift valley fever|anopheles squamosus|NA,Rift Valley fever,vector,anopheles squamosus,,mosquito,species,anopheles squamosus,probable,review,TRUE,TRUE,TRUE,TRUE,TRUE,TRUE,unclear,,yes,candidate_vector,TRUE,TRUE,TRUE,FALSE,FALSE,supported,vector_v0_1,tax_id_missing; transmission_demonstrated_unknown,vector_tier_rules_v0_1
rift valley fever|anopheles ziemanni|NA,Rift Valley fever,vector,anopheles ziemanni,,mosquito,species,anopheles ziemanni,candidate,field,TRUE,FALSE,TRUE,,FALSE,FALSE,unclear,,yes,,TRUE,TRUE,TRUE,FALSE,FALSE,supported,vector_v0_1,tax_id_missing; bites_humans_unknown; vector_role_hint_blank; transmission_demonstrated_unknown,vector_tier_rules_v0_1
rift valley fever|coquillettidia perturbans|NA,Rift Valley fever,vector,coquillettidia perturbans,,mosquito,species,coquillettidia perturbans,probable,review,TRUE,TRUE,TRUE,TRUE,TRUE,TRUE,competent,yes,,,TRUE,TRUE,TRUE,TRUE,TRUE,strict,vector_v0_1,tax_id_missing; vector_role_hint_blank; natural_infection_unknown,vector_tier_rules_v0_1
rift valley fever|culex annulioris|NA,Rift Valley fever,vector,culex annulioris,,mosquito,species,culex annulioris,weak,review,TRUE,TRUE,TRUE,TRUE,TRUE,TRUE,unclear,,yes,candidate_vector,TRUE,TRUE,TRUE,FALSE,FALSE,supported,vector_v0_1,tax_id_missing; transmission_demonstrated_unknown,vector_tier_rules_v0_1
rift valley fever|culex antennatus|NA,Rift Valley fever,vector,culex antennatus,,mosquito,species,culex antennatus,candidate; confirmed,review,TRUE,TRUE,TRUE,TRUE,TRUE,TRUE,competent,yes,yes,primary_vector,TRUE,TRUE,TRUE,TRUE,FALSE,strong,vector_v0_1,tax_id_missing,vector_tier_rules_v0_1
rift valley fever|culex bitaeniorhynchus|NA,Rift Valley fever,vector,culex bitaeniorhynchus,,mosquito,species,culex bitaeniorhynchus,probable,review,TRUE,TRUE,TRUE,TRUE,TRUE,TRUE,unclear,,yes,,TRUE,TRUE,TRUE,FALSE,FALSE,supported,vector_v0_1,tax_id_missing; vector_role_hint_blank; transmission_demonstrated_unknown,vector_tier_rules_v0_1
rift valley fever|culex erraticus|NA,Rift Valley fever,vector,culex erraticus,,mosquito,species,culex erraticus,candidate,efsa_appendix_g,TRUE,TRUE,TRUE,TRUE,TRUE,TRUE,unclear,,,,TRUE,TRUE,TRUE,FALSE,FALSE,supported,vector_v0_1,tax_id_missing; vector_role_hint_blank; transmission_demonstrated_unknown; natural_infection_unknown,vector_tier_rules_v0_1
rift valley fever|culex erythrothorax|NA,Rift Valley fever,vector,culex erythrothorax,,mosquito,species,culex erythrothorax,candidate,efsa_appendix_g,TRUE,FALSE,TRUE,FALSE,TRUE,FALSE,unclear,,,,TRUE,TRUE,TRUE,FALSE,FALSE,supported,vector_v0_1,tax_id_missing; vector_role_hint_blank; transmission_demonstrated_unknown; natural_infection_unknown,vector_tier_rules_v0_1
rift valley fever|culex neavei|NA,Rift Valley fever,vector,culex neavei,,mosquito,species,culex neavei,candidate,review,TRUE,TRUE,TRUE,TRUE,TRUE,TRUE,unclear,,yes,,TRUE,TRUE,TRUE,FALSE,FALSE,supported,vector_v0_1,tax_id_missing; vector_role_hint_blank; transmission_demonstrated_unknown,vector_tier_rules_v0_1
rift valley fever|culex nigripalpus|NA,Rift Valley fever,vector,culex nigripalpus,,mosquito,species,culex nigripalpus,candidate,efsa_appendix_g,TRUE,TRUE,TRUE,TRUE,TRUE,TRUE,not_competent,no,,,TRUE,TRUE,TRUE,FALSE,FALSE,supported,vector_v0_1,tax_id_missing; vector_role_hint_blank; natural_infection_unknown,vector_tier_rules_v0_1
rift valley fever|culex pipiens|NA,Rift Valley fever,vector,culex pipiens,,mosquito,species,culex pipiens,confirmed; probable,review,TRUE,TRUE,TRUE,TRUE,TRUE,TRUE,mixed,mixed,yes,candidate_vector|primary_vector,TRUE,TRUE,TRUE,TRUE,FALSE,strong,vector_v0_1,tax_id_missing,vector_tier_rules_v0_1
rift valley fever|culex pipiens biotype molestus|NA,Rift Valley fever,vector,culex pipiens biotype molestus,,mosquito,infraspecific,culex pipiens biotype molestus,candidate,efsa_appendix_g,TRUE,FALSE,FALSE,,FALSE,FALSE,,,,,TRUE,TRUE,FALSE,FALSE,FALSE,broad,vector_v0_1,tax_id_missing; bites_humans_unknown; vector_role_hint_blank; transmission_demonstrated_unknown; natural_infection_unknown,vector_tier_rules_v0_1
rift valley fever|culex pipiens biotype pipiens|NA,Rift Valley fever,vector,culex pipiens biotype pipiens,,mosquito,infraspecific,culex pipiens biotype pipiens,candidate,efsa_appendix_g,TRUE,FALSE,FALSE,,FALSE,FALSE,,,,,TRUE,TRUE,FALSE,FALSE,FALSE,broad,vector_v0_1,tax_id_missing; bites_humans_unknown; vector_role_hint_blank; transmission_demonstrated_unknown; natural_infection_unknown,vector_tier_rules_v0_1
rift valley fever|culex pipiens biotype pipiens x biotype molestus|NA,Rift Valley fever,vector,culex pipiens biotype pipiens x biotype molestus,,mosquito,hybrid,culex pipiens biotype pipiens x biotype molestus,candidate,efsa_appendix_g,TRUE,FALSE,FALSE,,FALSE,FALSE,,,,,TRUE,TRUE,FALSE,FALSE,FALSE,broad,vector_v0_1,tax_id_missing; bites_humans_unknown; vector_role_hint_blank; transmission_demonstrated_unknown; natural_infection_unknown,vector_tier_rules_v0_1
rift valley fever|culex pipiens complex|NA,Rift Valley fever,vector,culex pipiens complex,,mosquito,complex,culex pipiens complex,candidate,field,TRUE,FALSE,TRUE,,FALSE,FALSE,unclear,,yes,,TRUE,TRUE,TRUE,FALSE,FALSE,supported,vector_v0_1,tax_id_missing; bites_humans_unknown; vector_role_hint_blank; transmission_demonstrated_unknown,vector_tier_rules_v0_1
rift valley fever|culex pipiens form molestus|NA,Rift Valley fever,vector,culex pipiens form molestus,,mosquito,infraspecific,culex pipiens form molestus,weak,lab,TRUE,FALSE,TRUE,,FALSE,FALSE,not_competent,no,,,TRUE,TRUE,TRUE,FALSE,FALSE,supported,vector_v0_1,tax_id_missing; bites_humans_unknown; vector_role_hint_blank; natural_infection_unknown,vector_tier_rules_v0_1
rift valley fever|culex pipiens hybrid form|NA,Rift Valley fever,vector,culex pipiens hybrid form,,mosquito,infraspecific,culex pipiens hybrid form,probable,lab,TRUE,FALSE,TRUE,,FALSE,FALSE,competent,yes,,,TRUE,TRUE,TRUE,TRUE,FALSE,strong,vector_v0_1,tax_id_missing; bites_humans_unknown; vector_role_hint_blank; natural_infection_unknown,vector_tier_rules_v0_1
rift valley fever|culex pipiens s l|NA,Rift Valley fever,vector,culex pipiens s l,,mosquito,sensu_lato,culex pipiens s l,candidate,efsa_appendix_g,TRUE,FALSE,FALSE,,FALSE,FALSE,,,,,TRUE,TRUE,FALSE,FALSE,FALSE,broad,vector_v0_1,tax_id_missing; bites_humans_unknown; vector_role_hint_blank; transmission_demonstrated_unknown; natural_infection_unknown,vector_tier_rules_v0_1
rift valley fever|culex poicilipes|NA,Rift Valley fever,vector,culex poicilipes,,mosquito,species,culex poicilipes,confirmed; probable,review,TRUE,TRUE,TRUE,TRUE,TRUE,TRUE,competent,yes,yes,candidate_vector,TRUE,TRUE,TRUE,TRUE,FALSE,strong,vector_v0_1,tax_id_missing,vector_tier_rules_v0_1
rift valley fever|culex poicilipes theobald|NA,Rift Valley fever,vector,culex poicilipes theobald,,mosquito,infraspecific,culex poicilipes theobald,confirmed,field+lab,TRUE,FALSE,TRUE,,FALSE,FALSE,mixed,mixed,,,TRUE,TRUE,TRUE,TRUE,FALSE,strong,vector_v0_1,tax_id_missing; bites_humans_unknown; vector_role_hint_blank; natural_infection_unknown,vector_tier_rules_v0_1
rift valley fever|culex quinquefasciatus|NA,Rift Valley fever,vector,culex quinquefasciatus,,mosquito,species,culex quinquefasciatus,probable,review,TRUE,TRUE,TRUE,TRUE,TRUE,TRUE,not_competent,no,yes,candidate_vector,TRUE,TRUE,TRUE,FALSE,FALSE,supported,vector_v0_1,tax_id_missing,vector_tier_rules_v0_1
rift valley fever|culex quinquefasciatus say|NA,Rift Valley fever,vector,culex quinquefasciatus say,,mosquito,infraspecific,culex quinquefasciatus say,candidate,lab,TRUE,FALSE,TRUE,,FALSE,FALSE,mixed,mixed,,,TRUE,TRUE,TRUE,TRUE,FALSE,strong,vector_v0_1,tax_id_missing; bites_humans_unknown; vector_role_hint_blank; natural_infection_unknown,vector_tier_rules_v0_1
rift valley fever|culex salinarius|NA,Rift Valley fever,vector,culex salinarius,,mosquito,species,culex salinarius,candidate,review,TRUE,TRUE,TRUE,TRUE,TRUE,TRUE,competent,yes,,,TRUE,TRUE,TRUE,TRUE,FALSE,strong,vector_v0_1,tax_id_missing; vector_role_hint_blank; natural_infection_unknown,vector_tier_rules_v0_1
rift valley fever|culex spp|NA,Rift Valley fever,vector,culex spp,,mosquito,genus_only,culex spp,candidate,review,TRUE,FALSE,TRUE,,FALSE,FALSE,unclear,,yes,,TRUE,TRUE,TRUE,FALSE,FALSE,supported,vector_v0_1,tax_id_missing; bites_humans_unknown; vector_role_hint_blank; transmission_demonstrated_unknown,vector_tier_rules_v0_1
rift valley fever|culex tarsalis|NA,Rift Valley fever,vector,culex tarsalis,,mosquito,species,culex tarsalis,probable,review,TRUE,TRUE,TRUE,TRUE,TRUE,TRUE,competent,yes,,,TRUE,TRUE,TRUE,TRUE,TRUE,strict,vector_v0_1,tax_id_missing; vector_role_hint_blank; natural_infection_unknown,vector_tier_rules_v0_1
rift valley fever|culex territans|NA,Rift Valley fever,vector,culex territans,,mosquito,species,culex territans,candidate,review,TRUE,TRUE,TRUE,FALSE,TRUE,FALSE,unclear,,,,TRUE,TRUE,TRUE,FALSE,FALSE,supported,vector_v0_1,tax_id_missing; vector_role_hint_blank; transmission_demonstrated_unknown; natural_infection_unknown,vector_tier_rules_v0_1
rift valley fever|culex theileri|NA,Rift Valley fever,vector,culex theileri,,mosquito,species,culex theileri,candidate; probable,review,TRUE,TRUE,TRUE,TRUE,TRUE,TRUE,competent,yes,yes,,TRUE,TRUE,TRUE,TRUE,FALSE,strong,vector_v0_1,tax_id_missing; vector_role_hint_blank,vector_tier_rules_v0_1
rift valley fever|culex tritaeniorhynchus|NA,Rift Valley fever,vector,culex tritaeniorhynchus,,mosquito,species,culex tritaeniorhynchus,candidate; probable,review,TRUE,TRUE,TRUE,TRUE,TRUE,TRUE,competent,yes,yes,candidate_vector,TRUE,TRUE,TRUE,TRUE,FALSE,strong,vector_v0_1,tax_id_missing,vector_tier_rules_v0_1
rift valley fever|culex univittatus|NA,Rift Valley fever,vector,culex univittatus,,mosquito,species,culex univittatus,probable,review,TRUE,TRUE,TRUE,TRUE,TRUE,TRUE,unclear,,yes,candidate_vector,TRUE,TRUE,TRUE,FALSE,FALSE,supported,vector_v0_1,tax_id_missing; transmission_demonstrated_unknown,vector_tier_rules_v0_1
rift valley fever|culex zombaensis|NA,Rift Valley fever,vector,culex zombaensis,,mosquito,species,culex zombaensis,candidate,efsa_appendix_g; review,TRUE,FALSE,TRUE,,FALSE,FALSE,unclear,,yes,,TRUE,TRUE,TRUE,FALSE,FALSE,supported,vector_v0_1,tax_id_missing; bites_humans_unknown; vector_role_hint_blank; transmission_demonstrated_unknown,vector_tier_rules_v0_1
rift valley fever|culiseta inornata|NA,Rift Valley fever,vector,culiseta inornata,,mosquito,species,culiseta inornata,candidate,efsa_appendix_g,TRUE,TRUE,FALSE,TRUE,TRUE,TRUE,,,,,TRUE,TRUE,TRUE,FALSE,FALSE,supported,vector_v0_1,tax_id_missing; vector_role_hint_blank; transmission_demonstrated_unknown; natural_infection_unknown,vector_tier_rules_v0_1
rift valley fever|eretmapodites chrysogaster sensu lato|NA,Rift Valley fever,vector,eretmapodites chrysogaster sensu lato,,mosquito,sensu_lato,eretmapodites chrysogaster sensu lato,weak,review,TRUE,FALSE,TRUE,,FALSE,FALSE,unclear,,yes,,TRUE,TRUE,TRUE,FALSE,FALSE,supported,vector_v0_1,tax_id_missing; bites_humans_unknown; vector_role_hint_blank; transmission_demonstrated_unknown,vector_tier_rules_v0_1
rift valley fever|eretmapodites quinquevittatus|NA,Rift Valley fever,vector,eretmapodites quinquevittatus,,mosquito,species,eretmapodites quinquevittatus,candidate,review,TRUE,FALSE,TRUE,,FALSE,FALSE,unclear,,yes,candidate_vector,TRUE,TRUE,TRUE,FALSE,FALSE,supported,vector_v0_1,tax_id_missing; bites_humans_unknown; transmission_demonstrated_unknown,vector_tier_rules_v0_1
rift valley fever|mansonia africana|NA,Rift Valley fever,vector,mansonia africana,,mosquito,species,mansonia africana,probable,review,TRUE,TRUE,TRUE,TRUE,TRUE,TRUE,unclear,,yes,candidate_vector,TRUE,TRUE,TRUE,FALSE,FALSE,supported,vector_v0_1,tax_id_missing; transmission_demonstrated_unknown,vector_tier_rules_v0_1
rift valley fever|mansonia dyari|NA,Rift Valley fever,vector,mansonia dyari,,mosquito,species,mansonia dyari,candidate,review,TRUE,FALSE,TRUE,,FALSE,FALSE,competent,yes,,,TRUE,TRUE,TRUE,TRUE,FALSE,strong,vector_v0_1,tax_id_missing; bites_humans_unknown; vector_role_hint_blank; natural_infection_unknown,vector_tier_rules_v0_1
rift valley fever|mansonia uniformis|NA,Rift Valley fever,vector,mansonia uniformis,,mosquito,infraspecific,mansonia uniformis,probable,review,TRUE,TRUE,TRUE,TRUE,TRUE,TRUE,unclear,,yes,candidate_vector,FALSE,FALSE,FALSE,FALSE,FALSE,excluded,vector_v0_1,taxonomy_caution; tax_id_missing; transmission_demonstrated_unknown,vector_tier_rules_v0_1
rift valley fever|ochlerotatus caballus|NA,Rift Valley fever,vector,ochlerotatus caballus,,mosquito,species,ochlerotatus caballus,weak,review,TRUE,FALSE,TRUE,,FALSE,FALSE,unclear,,yes,,TRUE,TRUE,TRUE,FALSE,FALSE,supported,vector_v0_1,tax_id_missing; bites_humans_unknown; vector_role_hint_blank; transmission_demonstrated_unknown,vector_tier_rules_v0_1
rift valley fever|ochlerotatus juppi|NA,Rift Valley fever,vector,ochlerotatus juppi,,mosquito,species,ochlerotatus juppi,weak,review,TRUE,FALSE,TRUE,,FALSE,FALSE,unclear,,yes,,TRUE,TRUE,TRUE,FALSE,FALSE,supported,vector_v0_1,tax_id_missing; bites_humans_unknown; vector_role_hint_blank; transmission_demonstrated_unknown,vector_tier_rules_v0_1
rift valley fever|psorophora ferox|NA,Rift Valley fever,vector,psorophora ferox,,mosquito,species,psorophora ferox,probable,review,TRUE,TRUE,TRUE,TRUE,TRUE,TRUE,competent,yes,,,TRUE,TRUE,TRUE,TRUE,TRUE,strict,vector_v0_1,tax_id_missing; vector_role_hint_blank; natural_infection_unknown,vector_tier_rules_v0_1
rift valley fever|rhipicephalus appendiculatus|NA,Rift Valley fever,vector,rhipicephalus appendiculatus,,tick,species,rhipicephalus appendiculatus,weak,review,TRUE,TRUE,TRUE,TRUE,TRUE,TRUE,unclear,,yes,,TRUE,TRUE,TRUE,FALSE,FALSE,supported,vector_v0_1,tax_id_missing; vector_role_hint_blank; transmission_demonstrated_unknown,vector_tier_rules_v0_1
severe fever with thrombocytopenia syndrome sfts|amblyomma testudinarium|NA,Severe fever with thrombocytopenia syndrome (SFTS),vector,amblyomma testudinarium,,tick,species,amblyomma testudinarium,confirmed,field,TRUE,TRUE,TRUE,FALSE,TRUE,FALSE,competent,yes,yes,primary_vector,TRUE,TRUE,TRUE,TRUE,FALSE,strong,vector_v0_1,tax_id_missing,vector_tier_rules_v0_1
severe fever with thrombocytopenia syndrome sfts|dermacentor nuttalli|NA,Severe fever with thrombocytopenia syndrome (SFTS),vector,dermacentor nuttalli,,tick,species,dermacentor nuttalli,weak,review,TRUE,TRUE,TRUE,FALSE,TRUE,FALSE,unclear,,yes,,TRUE,TRUE,TRUE,FALSE,FALSE,supported,vector_v0_1,tax_id_missing; vector_role_hint_blank; transmission_demonstrated_unknown,vector_tier_rules_v0_1
severe fever with thrombocytopenia syndrome sfts|dermacentor silvarum|NA,Severe fever with thrombocytopenia syndrome (SFTS),vector,dermacentor silvarum,,tick,species,dermacentor silvarum,weak,lab,TRUE,FALSE,TRUE,,FALSE,FALSE,mixed,mixed,yes,,TRUE,TRUE,TRUE,TRUE,FALSE,strong,vector_v0_1,tax_id_missing; bites_humans_unknown; vector_role_hint_blank,vector_tier_rules_v0_1
severe fever with thrombocytopenia syndrome sfts|haemaphysalis concinna|NA,Severe fever with thrombocytopenia syndrome (SFTS),vector,haemaphysalis concinna,,tick,species,haemaphysalis concinna,weak,review,TRUE,TRUE,TRUE,TRUE,TRUE,TRUE,unclear,,yes,,TRUE,TRUE,TRUE,FALSE,FALSE,supported,vector_v0_1,tax_id_missing; vector_role_hint_blank; transmission_demonstrated_unknown,vector_tier_rules_v0_1
severe fever with thrombocytopenia syndrome sfts|haemaphysalis flava|NA,Severe fever with thrombocytopenia syndrome (SFTS),vector,haemaphysalis flava,,tick,species,haemaphysalis flava,confirmed,review,TRUE,TRUE,TRUE,TRUE,TRUE,TRUE,competent,yes,yes,,TRUE,TRUE,TRUE,TRUE,TRUE,strict,vector_v0_1,tax_id_missing; vector_role_hint_blank,vector_tier_rules_v0_1
severe fever with thrombocytopenia syndrome sfts|haemaphysalis formosensis|NA,Severe fever with thrombocytopenia syndrome (SFTS),vector,haemaphysalis formosensis,,tick,infraspecific,haemaphysalis formosensis,candidate,field,TRUE,FALSE,TRUE,,FALSE,FALSE,unclear,,yes,maintenance_vector,TRUE,TRUE,TRUE,FALSE,FALSE,supported,vector_v0_1,tax_id_missing; bites_humans_unknown; transmission_demonstrated_unknown,vector_tier_rules_v0_1
severe fever with thrombocytopenia syndrome sfts|haemaphysalis hystricis|NA,Severe fever with thrombocytopenia syndrome (SFTS),vector,haemaphysalis hystricis,,tick,species,haemaphysalis hystricis,probable,field,TRUE,FALSE,TRUE,,FALSE,FALSE,unclear,,yes,candidate_vector,TRUE,TRUE,TRUE,FALSE,FALSE,supported,vector_v0_1,tax_id_missing; bites_humans_unknown; transmission_demonstrated_unknown,vector_tier_rules_v0_1
severe fever with thrombocytopenia syndrome sfts|haemaphysalis japonica|NA,Severe fever with thrombocytopenia syndrome (SFTS),vector,haemaphysalis japonica,,tick,species,haemaphysalis japonica,weak,review,TRUE,FALSE,TRUE,,FALSE,FALSE,unclear,,yes,,TRUE,TRUE,TRUE,FALSE,FALSE,supported,vector_v0_1,tax_id_missing; bites_humans_unknown; vector_role_hint_blank; transmission_demonstrated_unknown,vector_tier_rules_v0_1
severe fever with thrombocytopenia syndrome sfts|haemaphysalis longicornis|NA,Severe fever with thrombocytopenia syndrome (SFTS),vector,haemaphysalis longicornis,,tick,species,haemaphysalis longicornis,confirmed,review,TRUE,TRUE,TRUE,TRUE,TRUE,TRUE,competent,yes,yes,candidate_vector|primary_vector,TRUE,TRUE,TRUE,TRUE,TRUE,strict,vector_v0_1,tax_id_missing,vector_tier_rules_v0_1
severe fever with thrombocytopenia syndrome sfts|haemaphysalis megaspinosa|NA,Severe fever with thrombocytopenia syndrome (SFTS),vector,haemaphysalis megaspinosa,,tick,species,haemaphysalis megaspinosa,candidate,field,TRUE,FALSE,TRUE,,FALSE,FALSE,unclear,,yes,maintenance_vector,TRUE,TRUE,TRUE,FALSE,FALSE,supported,vector_v0_1,tax_id_missing; bites_humans_unknown; transmission_demonstrated_unknown,vector_tier_rules_v0_1
severe fever with thrombocytopenia syndrome sfts|hyalomma asiaticum|NA,Severe fever with thrombocytopenia syndrome (SFTS),vector,hyalomma asiaticum,,tick,species,hyalomma asiaticum,weak,review,TRUE,FALSE,TRUE,,FALSE,FALSE,unclear,,yes,,TRUE,TRUE,TRUE,FALSE,FALSE,supported,vector_v0_1,tax_id_missing; bites_humans_unknown; vector_role_hint_blank; transmission_demonstrated_unknown,vector_tier_rules_v0_1
severe fever with thrombocytopenia syndrome sfts|ixodes nipponensis|NA,Severe fever with thrombocytopenia syndrome (SFTS),vector,ixodes nipponensis,,tick,species,ixodes nipponensis,confirmed,review,TRUE,TRUE,TRUE,FALSE,TRUE,FALSE,competent,yes,yes,,TRUE,TRUE,TRUE,TRUE,FALSE,strong,vector_v0_1,tax_id_missing; vector_role_hint_blank,vector_tier_rules_v0_1
severe fever with thrombocytopenia syndrome sfts|ixodes persulcatus|NA,Severe fever with thrombocytopenia syndrome (SFTS),vector,ixodes persulcatus,,tick,species,ixodes persulcatus,weak,lab,TRUE,FALSE,TRUE,,FALSE,FALSE,not_competent,no,yes,,TRUE,TRUE,TRUE,FALSE,FALSE,supported,vector_v0_1,tax_id_missing; bites_humans_unknown; vector_role_hint_blank,vector_tier_rules_v0_1
severe fever with thrombocytopenia syndrome sfts|ixodes sinensis|NA,Severe fever with thrombocytopenia syndrome (SFTS),vector,ixodes sinensis,,tick,species,ixodes sinensis,confirmed,review,TRUE,FALSE,TRUE,,FALSE,FALSE,competent,yes,yes,,TRUE,TRUE,TRUE,TRUE,FALSE,strong,vector_v0_1,tax_id_missing; bites_humans_unknown; vector_role_hint_blank,vector_tier_rules_v0_1
severe fever with thrombocytopenia syndrome sfts|rhipicephalus microplus|NA,Severe fever with thrombocytopenia syndrome (SFTS),vector,rhipicephalus microplus,,tick,species,rhipicephalus microplus,weak,review,TRUE,TRUE,TRUE,FALSE,TRUE,FALSE,unclear,,yes,,TRUE,TRUE,TRUE,FALSE,FALSE,supported,vector_v0_1,tax_id_missing; vector_role_hint_blank; transmission_demonstrated_unknown,vector_tier_rules_v0_1
tick borne encephalitis|dermacentor marginatus|NA,Tick-borne encephalitis,vector,dermacentor marginatus,,tick,species,dermacentor marginatus,confirmed,review,TRUE,TRUE,TRUE,TRUE,TRUE,TRUE,competent,yes,yes,,TRUE,TRUE,TRUE,TRUE,TRUE,strict,vector_v0_1,tax_id_missing; vector_role_hint_blank,vector_tier_rules_v0_1
tick borne encephalitis|dermacentor reticulatus|NA,Tick-borne encephalitis,vector,dermacentor reticulatus,,tick,species,dermacentor reticulatus,confirmed,review,TRUE,FALSE,TRUE,FALSE,TRUE,FALSE,competent,yes,yes,,TRUE,TRUE,TRUE,TRUE,FALSE,strong,vector_v0_1,tax_id_missing; vector_role_hint_blank,vector_tier_rules_v0_1
tick borne encephalitis|haemaphysalis concinna|NA,Tick-borne encephalitis,vector,haemaphysalis concinna,,tick,species,haemaphysalis concinna,confirmed,review,TRUE,TRUE,TRUE,TRUE,TRUE,TRUE,competent,yes,yes,primary_vector,TRUE,TRUE,TRUE,TRUE,TRUE,strict,vector_v0_1,tax_id_missing,vector_tier_rules_v0_1
tick borne encephalitis|haemaphysalis inermis|NA,Tick-borne encephalitis,vector,haemaphysalis inermis,,tick,species,haemaphysalis inermis,probable,review,TRUE,FALSE,TRUE,,FALSE,FALSE,competent,yes,,,TRUE,TRUE,TRUE,TRUE,FALSE,strong,vector_v0_1,tax_id_missing; bites_humans_unknown; vector_role_hint_blank; natural_infection_unknown,vector_tier_rules_v0_1
tick borne encephalitis|haemaphysalis punctata|NA,Tick-borne encephalitis,vector,haemaphysalis punctata,,tick,species,haemaphysalis punctata,confirmed,review,TRUE,TRUE,TRUE,TRUE,TRUE,TRUE,competent,yes,yes,,TRUE,TRUE,TRUE,TRUE,TRUE,strict,vector_v0_1,tax_id_missing; vector_role_hint_blank,vector_tier_rules_v0_1
tick borne encephalitis|ixodes arboricola|NA,Tick-borne encephalitis,vector,ixodes arboricola,,tick,species,ixodes arboricola,confirmed,review,TRUE,FALSE,TRUE,,FALSE,FALSE,competent,yes,yes,,TRUE,TRUE,TRUE,TRUE,FALSE,strong,vector_v0_1,tax_id_missing; bites_humans_unknown; vector_role_hint_blank,vector_tier_rules_v0_1
tick borne encephalitis|ixodes gibbosus|NA,Tick-borne encephalitis,vector,ixodes gibbosus,,tick,species,ixodes gibbosus,weak,review,TRUE,FALSE,TRUE,,FALSE,FALSE,unclear,,,,TRUE,TRUE,TRUE,FALSE,FALSE,supported,vector_v0_1,tax_id_missing; bites_humans_unknown; vector_role_hint_blank; transmission_demonstrated_unknown; natural_infection_unknown,vector_tier_rules_v0_1
tick borne encephalitis|ixodes hexagonus|NA,Tick-borne encephalitis,vector,ixodes hexagonus,,tick,species,ixodes hexagonus,confirmed,review,TRUE,TRUE,TRUE,TRUE,TRUE,TRUE,competent,yes,yes,,TRUE,TRUE,TRUE,TRUE,TRUE,strict,vector_v0_1,tax_id_missing; vector_role_hint_blank,vector_tier_rules_v0_1
tick borne encephalitis|ixodes persulcatus|NA,Tick-borne encephalitis,vector,ixodes persulcatus,,tick,species,ixodes persulcatus,confirmed,review,TRUE,FALSE,TRUE,,FALSE,FALSE,competent,yes,yes,primary_vector,TRUE,TRUE,TRUE,TRUE,FALSE,strong,vector_v0_1,tax_id_missing; bites_humans_unknown,vector_tier_rules_v0_1
tick borne encephalitis|ixodes ricinus|NA,Tick-borne encephalitis,vector,ixodes ricinus,,tick,species,ixodes ricinus,confirmed,field+lab,TRUE,TRUE,TRUE,TRUE,TRUE,TRUE,competent,yes,yes,primary_vector,TRUE,TRUE,TRUE,TRUE,TRUE,strict,vector_v0_1,tax_id_missing,vector_tier_rules_v0_1
tick borne encephalitis|ixodes scapularis|NA,Tick-borne encephalitis,vector,ixodes scapularis,,tick,species,ixodes scapularis,weak,lab,TRUE,TRUE,TRUE,TRUE,TRUE,TRUE,unclear,yes,,,TRUE,TRUE,TRUE,TRUE,FALSE,strong,vector_v0_1,tax_id_missing; vector_role_hint_blank; natural_infection_unknown,vector_tier_rules_v0_1
venezuelan equine encephalitis|aedes angustivittatus|NA,Venezuelan equine encephalitis,vector,aedes angustivittatus,,mosquito,species,aedes angustivittatus,candidate,review,TRUE,FALSE,TRUE,,FALSE,FALSE,unclear,,yes,,TRUE,TRUE,TRUE,FALSE,FALSE,supported,vector_v0_1,tax_id_missing; bites_humans_unknown; vector_role_hint_blank; transmission_demonstrated_unknown,vector_tier_rules_v0_1
venezuelan equine encephalitis|aedes detritus|NA,Venezuelan equine encephalitis,vector,aedes detritus,,mosquito,species,aedes detritus,candidate,efsa_appendix_g,TRUE,TRUE,FALSE,TRUE,TRUE,TRUE,,,,,TRUE,TRUE,TRUE,FALSE,FALSE,supported,vector_v0_1,tax_id_missing; vector_role_hint_blank; transmission_demonstrated_unknown; natural_infection_unknown,vector_tier_rules_v0_1
venezuelan equine encephalitis|aedes fulvus|NA,Venezuelan equine encephalitis,vector,aedes fulvus,,mosquito,species,aedes fulvus,candidate,review,TRUE,FALSE,TRUE,FALSE,TRUE,FALSE,unclear,,,,TRUE,TRUE,TRUE,FALSE,FALSE,supported,vector_v0_1,tax_id_missing; vector_role_hint_blank; transmission_demonstrated_unknown; natural_infection_unknown,vector_tier_rules_v0_1
venezuelan equine encephalitis|aedes scapularis|NA,Venezuelan equine encephalitis,vector,aedes scapularis,,mosquito,species,aedes scapularis,probable,review,TRUE,TRUE,TRUE,TRUE,TRUE,TRUE,competent,yes,,,TRUE,TRUE,TRUE,TRUE,TRUE,strict,vector_v0_1,tax_id_missing; vector_role_hint_blank; natural_infection_unknown,vector_tier_rules_v0_1
venezuelan equine encephalitis|aedes serratus|NA,Venezuelan equine encephalitis,vector,aedes serratus,,mosquito,species,aedes serratus,candidate,review,TRUE,TRUE,TRUE,TRUE,TRUE,TRUE,unclear,,,,TRUE,TRUE,TRUE,FALSE,FALSE,supported,vector_v0_1,tax_id_missing; vector_role_hint_blank; transmission_demonstrated_unknown; natural_infection_unknown,vector_tier_rules_v0_1
venezuelan equine encephalitis|aedes taeniorhynchus|NA,Venezuelan equine encephalitis,vector,aedes taeniorhynchus,,mosquito,species,aedes taeniorhynchus,confirmed; probable,review,TRUE,TRUE,TRUE,TRUE,TRUE,TRUE,competent,yes,,epizootic_vector|primary_vector,TRUE,TRUE,TRUE,TRUE,FALSE,strong,vector_v0_1,tax_id_missing; natural_infection_unknown,vector_tier_rules_v0_1
venezuelan equine encephalitis|anopheles pseudopunctipennis|NA,Venezuelan equine encephalitis,vector,anopheles pseudopunctipennis,,mosquito,species,anopheles pseudopunctipennis,probable,review,TRUE,FALSE,TRUE,,FALSE,FALSE,unclear,,yes,,TRUE,TRUE,TRUE,FALSE,FALSE,supported,vector_v0_1,tax_id_missing; bites_humans_unknown; vector_role_hint_blank; transmission_demonstrated_unknown,vector_tier_rules_v0_1
venezuelan equine encephalitis|coquillettidia venezuelensis|NA,Venezuelan equine encephalitis,vector,coquillettidia venezuelensis,,mosquito,species,coquillettidia venezuelensis,probable,review,TRUE,TRUE,TRUE,TRUE,TRUE,TRUE,competent,yes,,,TRUE,TRUE,TRUE,TRUE,TRUE,strict,vector_v0_1,tax_id_missing; vector_role_hint_blank; natural_infection_unknown,vector_tier_rules_v0_1
venezuelan equine encephalitis|culex adamesi|NA,Venezuelan equine encephalitis,vector,culex adamesi,,mosquito,species,culex adamesi,candidate; confirmed,field; review,TRUE,FALSE,TRUE,,FALSE,FALSE,competent,yes,yes,secondary_vector,TRUE,TRUE,TRUE,TRUE,FALSE,strong,vector_v0_1,tax_id_missing; bites_humans_unknown,vector_tier_rules_v0_1
venezuelan equine encephalitis|culex aikenii sensu lato|NA,Venezuelan equine encephalitis,vector,culex aikenii sensu lato,,mosquito,sensu_lato,culex aikenii sensu lato,confirmed,review,TRUE,FALSE,TRUE,,FALSE,FALSE,unclear,,yes,,TRUE,TRUE,TRUE,FALSE,FALSE,supported,vector_v0_1,tax_id_missing; bites_humans_unknown; vector_role_hint_blank; transmission_demonstrated_unknown,vector_tier_rules_v0_1
venezuelan equine encephalitis|culex cedecei|NA,Venezuelan equine encephalitis,vector,culex cedecei,,mosquito,species,culex cedecei,candidate,review,TRUE,TRUE,TRUE,TRUE,TRUE,TRUE,competent,yes,,,TRUE,TRUE,TRUE,TRUE,FALSE,strong,vector_v0_1,tax_id_missing; vector_role_hint_blank; natural_infection_unknown,vector_tier_rules_v0_1
venezuelan equine encephalitis|culex cedeci|NA,Venezuelan equine encephalitis,vector,culex cedeci,,mosquito,species,culex cedeci,confirmed,review,TRUE,FALSE,TRUE,,FALSE,FALSE,competent,yes,,,TRUE,TRUE,TRUE,TRUE,FALSE,strong,vector_v0_1,tax_id_missing; bites_humans_unknown; vector_role_hint_blank; natural_infection_unknown,vector_tier_rules_v0_1
venezuelan equine encephalitis|culex crybda|NA,Venezuelan equine encephalitis,vector,culex crybda,,mosquito,species,culex crybda,candidate,review,TRUE,FALSE,TRUE,,FALSE,FALSE,unclear,,,,TRUE,TRUE,TRUE,FALSE,FALSE,supported,vector_v0_1,tax_id_missing; bites_humans_unknown; vector_role_hint_blank; transmission_demonstrated_unknown; natural_infection_unknown,vector_tier_rules_v0_1
venezuelan equine encephalitis|culex declarator|NA,Venezuelan equine encephalitis,vector,culex declarator,,mosquito,species,culex declarator,candidate,review,TRUE,TRUE,TRUE,TRUE,TRUE,TRUE,unclear,,,,TRUE,TRUE,TRUE,FALSE,FALSE,supported,vector_v0_1,tax_id_missing; vector_role_hint_blank; transmission_demonstrated_unknown; natural_infection_unknown,vector_tier_rules_v0_1
venezuelan equine encephalitis|culex delpontei|NA,Venezuelan equine encephalitis,vector,culex delpontei,,mosquito,species,culex delpontei,candidate,review,TRUE,FALSE,TRUE,,FALSE,FALSE,unclear,,,,TRUE,TRUE,TRUE,FALSE,FALSE,supported,vector_v0_1,tax_id_missing; bites_humans_unknown; vector_role_hint_blank; transmission_demonstrated_unknown; natural_infection_unknown,vector_tier_rules_v0_1
venezuelan equine encephalitis|culex dunni|NA,Venezuelan equine encephalitis,vector,culex dunni,,mosquito,species,culex dunni,candidate,review,TRUE,TRUE,TRUE,TRUE,TRUE,TRUE,unclear,,,,TRUE,TRUE,TRUE,FALSE,FALSE,supported,vector_v0_1,tax_id_missing; vector_role_hint_blank; transmission_demonstrated_unknown; natural_infection_unknown,vector_tier_rules_v0_1
venezuelan equine encephalitis|culex erraticus|NA,Venezuelan equine encephalitis,vector,culex erraticus,,mosquito,species,culex erraticus,probable,review,TRUE,TRUE,TRUE,TRUE,TRUE,TRUE,unclear,,yes,,TRUE,TRUE,TRUE,FALSE,FALSE,supported,vector_v0_1,tax_id_missing; vector_role_hint_blank; transmission_demonstrated_unknown,vector_tier_rules_v0_1
venezuelan equine encephalitis|culex gnomatos|NA,Venezuelan equine encephalitis,vector,culex gnomatos,,mosquito,species,culex gnomatos,candidate,review,TRUE,FALSE,TRUE,,FALSE,FALSE,unclear,,,,TRUE,TRUE,TRUE,FALSE,FALSE,supported,vector_v0_1,tax_id_missing; bites_humans_unknown; vector_role_hint_blank; transmission_demonstrated_unknown; natural_infection_unknown,vector_tier_rules_v0_1
venezuelan equine encephalitis|culex gnomatos vomerifer|NA,Venezuelan equine encephalitis,vector,culex gnomatos vomerifer,,mosquito,infraspecific,culex gnomatos vomerifer,candidate,efsa_appendix_g,TRUE,FALSE,FALSE,,FALSE,FALSE,,,,,TRUE,TRUE,FALSE,FALSE,FALSE,broad,vector_v0_1,tax_id_missing; bites_humans_unknown; vector_role_hint_blank; transmission_demonstrated_unknown; natural_infection_unknown,vector_tier_rules_v0_1
venezuelan equine encephalitis|culex nigripalpus|NA,Venezuelan equine encephalitis,vector,culex nigripalpus,,mosquito,species,culex nigripalpus,candidate,review,TRUE,TRUE,TRUE,TRUE,TRUE,TRUE,unclear,,,,TRUE,TRUE,TRUE,FALSE,FALSE,supported,vector_v0_1,tax_id_missing; vector_role_hint_blank; transmission_demonstrated_unknown; natural_infection_unknown,vector_tier_rules_v0_1
venezuelan equine encephalitis|culex ocossa|NA,Venezuelan equine encephalitis,vector,culex ocossa,,mosquito,species,culex ocossa,candidate; probable,review,TRUE,TRUE,TRUE,TRUE,TRUE,TRUE,unclear,,yes,,TRUE,TRUE,TRUE,FALSE,FALSE,supported,vector_v0_1,tax_id_missing; vector_role_hint_blank; transmission_demonstrated_unknown,vector_tier_rules_v0_1
venezuelan equine encephalitis|culex panocossa|NA,Venezuelan equine encephalitis,vector,culex panocossa,,mosquito,species,culex panocossa,probable,review,TRUE,FALSE,TRUE,,FALSE,FALSE,competent,yes,,,TRUE,TRUE,TRUE,TRUE,FALSE,strong,vector_v0_1,tax_id_missing; bites_humans_unknown; vector_role_hint_blank; natural_infection_unknown,vector_tier_rules_v0_1
venezuelan equine encephalitis|culex pedroi|NA,Venezuelan equine encephalitis,vector,culex pedroi,,mosquito,species,culex pedroi,candidate; confirmed,field; review,TRUE,TRUE,TRUE,TRUE,TRUE,TRUE,competent,yes,yes,primary_vector,TRUE,TRUE,TRUE,TRUE,FALSE,strong,vector_v0_1,tax_id_missing,vector_tier_rules_v0_1
venezuelan equine encephalitis|culex portesi|NA,Venezuelan equine encephalitis,vector,culex portesi,,mosquito,species,culex portesi,candidate; confirmed,review,TRUE,FALSE,TRUE,,FALSE,FALSE,competent,yes,,,TRUE,TRUE,TRUE,TRUE,FALSE,strong,vector_v0_1,tax_id_missing; bites_humans_unknown; vector_role_hint_blank; natural_infection_unknown,vector_tier_rules_v0_1
venezuelan equine encephalitis|culex spissipes|NA,Venezuelan equine encephalitis,vector,culex spissipes,,mosquito,species,culex spissipes,candidate,review,TRUE,FALSE,TRUE,FALSE,TRUE,FALSE,unclear,,,,TRUE,TRUE,TRUE,FALSE,FALSE,supported,vector_v0_1,tax_id_missing; vector_role_hint_blank; transmission_demonstrated_unknown; natural_infection_unknown,vector_tier_rules_v0_1
venezuelan equine encephalitis|culex taeniopus|NA,Venezuelan equine encephalitis,vector,culex taeniopus,,mosquito,species,culex taeniopus,candidate; confirmed,review,TRUE,TRUE,TRUE,TRUE,TRUE,TRUE,competent,yes,,enzootic_vector|primary_vector,TRUE,TRUE,TRUE,TRUE,FALSE,strong,vector_v0_1,tax_id_missing; natural_infection_unknown,vector_tier_rules_v0_1
venezuelan equine encephalitis|culex vomerifer|NA,Venezuelan equine encephalitis,vector,culex vomerifer,,mosquito,species,culex vomerifer,candidate; confirmed,field; review,TRUE,FALSE,TRUE,,FALSE,FALSE,competent,yes,yes,primary_vector,TRUE,TRUE,TRUE,TRUE,FALSE,strong,vector_v0_1,tax_id_missing; bites_humans_unknown,vector_tier_rules_v0_1
venezuelan equine encephalitis|mansonia dyari|NA,Venezuelan equine encephalitis,vector,mansonia dyari,,mosquito,species,mansonia dyari,probable,review,TRUE,FALSE,TRUE,,FALSE,FALSE,unclear,,yes,,TRUE,TRUE,TRUE,FALSE,FALSE,supported,vector_v0_1,tax_id_missing; bites_humans_unknown; vector_role_hint_blank; transmission_demonstrated_unknown,vector_tier_rules_v0_1
venezuelan equine encephalitis|mansonia indubitans|NA,Venezuelan equine encephalitis,vector,mansonia indubitans,,mosquito,species,mansonia indubitans,probable,review,TRUE,FALSE,TRUE,FALSE,TRUE,FALSE,unclear,,yes,,TRUE,TRUE,TRUE,FALSE,FALSE,supported,vector_v0_1,tax_id_missing; vector_role_hint_blank; transmission_demonstrated_unknown,vector_tier_rules_v0_1
venezuelan equine encephalitis|mansonia titillans|NA,Venezuelan equine encephalitis,vector,mansonia titillans,,mosquito,species,mansonia titillans,probable,review,TRUE,TRUE,TRUE,TRUE,TRUE,TRUE,unclear,,yes,,TRUE,TRUE,TRUE,FALSE,FALSE,supported,vector_v0_1,tax_id_missing; vector_role_hint_blank; transmission_demonstrated_unknown,vector_tier_rules_v0_1
venezuelan equine encephalitis|ochlerotatus detritus|NA,Venezuelan equine encephalitis,vector,ochlerotatus detritus,,mosquito,species,ochlerotatus detritus,candidate,lab,TRUE,TRUE,TRUE,TRUE,TRUE,TRUE,unclear,yes,,,TRUE,TRUE,TRUE,TRUE,FALSE,strong,vector_v0_1,tax_id_missing; vector_role_hint_blank; natural_infection_unknown,vector_tier_rules_v0_1
venezuelan equine encephalitis|psorophora albipes|NA,Venezuelan equine encephalitis,vector,psorophora albipes,,mosquito,species,psorophora albipes,probable,review,TRUE,TRUE,TRUE,TRUE,TRUE,TRUE,unclear,,yes,,TRUE,TRUE,TRUE,FALSE,FALSE,supported,vector_v0_1,tax_id_missing; vector_role_hint_blank; transmission_demonstrated_unknown,vector_tier_rules_v0_1
venezuelan equine encephalitis|psorophora columbiae|NA,Venezuelan equine encephalitis,vector,psorophora columbiae,,mosquito,species,psorophora columbiae,candidate,efsa_appendix_g,TRUE,TRUE,FALSE,TRUE,TRUE,TRUE,,,,,TRUE,TRUE,TRUE,FALSE,FALSE,supported,vector_v0_1,tax_id_missing; vector_role_hint_blank; transmission_demonstrated_unknown; natural_infection_unknown,vector_tier_rules_v0_1
venezuelan equine encephalitis|psorophora confinnis|NA,Venezuelan equine encephalitis,vector,psorophora confinnis,,mosquito,species,psorophora confinnis,confirmed,review,TRUE,TRUE,TRUE,TRUE,TRUE,TRUE,competent,yes,,epizootic_vector|primary_vector,TRUE,TRUE,TRUE,TRUE,TRUE,strict,vector_v0_1,tax_id_missing; natural_infection_unknown,vector_tier_rules_v0_1
venezuelan equine encephalitis|psorophora ferox|NA,Venezuelan equine encephalitis,vector,psorophora ferox,,mosquito,species,psorophora ferox,probable,review,TRUE,TRUE,TRUE,TRUE,TRUE,TRUE,unclear,,yes,,TRUE,TRUE,TRUE,FALSE,FALSE,supported,vector_v0_1,tax_id_missing; vector_role_hint_blank; transmission_demonstrated_unknown,vector_tier_rules_v0_1
west nile fever|aedes albopictus|NA,West Nile fever,vector,aedes albopictus,,mosquito,species,aedes albopictus,confirmed,review,TRUE,TRUE,TRUE,TRUE,TRUE,TRUE,competent,yes,,,TRUE,TRUE,TRUE,TRUE,TRUE,strict,vector_v0_1,tax_id_missing; vector_role_hint_blank; natural_infection_unknown,vector_tier_rules_v0_1
west nile fever|aedes alternans|NA,West Nile fever,vector,aedes alternans,,mosquito,species,aedes alternans,candidate,field,TRUE,FALSE,TRUE,,FALSE,FALSE,unclear,,,secondary_vector,TRUE,TRUE,TRUE,FALSE,FALSE,supported,vector_v0_1,tax_id_missing; bites_humans_unknown; transmission_demonstrated_unknown; natural_infection_unknown,vector_tier_rules_v0_1
west nile fever|aedes australis|NA,West Nile fever,vector,aedes australis,,mosquito,species,aedes australis,candidate,efsa_appendix_g,TRUE,FALSE,FALSE,,FALSE,FALSE,,,,,TRUE,TRUE,FALSE,FALSE,FALSE,broad,vector_v0_1,tax_id_missing; bites_humans_unknown; vector_role_hint_blank; transmission_demonstrated_unknown; natural_infection_unknown,vector_tier_rules_v0_1
west nile fever|aedes canadensis|NA,West Nile fever,vector,aedes canadensis,,mosquito,species,aedes canadensis,candidate,efsa_appendix_g,TRUE,TRUE,FALSE,TRUE,TRUE,TRUE,,,,,TRUE,TRUE,TRUE,FALSE,FALSE,supported,vector_v0_1,tax_id_missing; vector_role_hint_blank; transmission_demonstrated_unknown; natural_infection_unknown,vector_tier_rules_v0_1
west nile fever|aedes cantans|NA,West Nile fever,vector,aedes cantans,,mosquito,species,aedes cantans,candidate,review,TRUE,TRUE,FALSE,TRUE,TRUE,TRUE,,,,,TRUE,TRUE,TRUE,FALSE,FALSE,supported,vector_v0_1,tax_id_missing; vector_role_hint_blank; transmission_demonstrated_unknown; natural_infection_unknown,vector_tier_rules_v0_1
west nile fever|aedes caspius|NA,West Nile fever,vector,aedes caspius,,mosquito,species,aedes caspius,candidate,review,TRUE,TRUE,TRUE,TRUE,TRUE,TRUE,not_competent,no,,,TRUE,TRUE,TRUE,FALSE,FALSE,supported,vector_v0_1,tax_id_missing; vector_role_hint_blank; natural_infection_unknown,vector_tier_rules_v0_1
west nile fever|aedes detritus|NA,West Nile fever,vector,aedes detritus,,mosquito,species,aedes detritus,confirmed,review,TRUE,TRUE,TRUE,TRUE,TRUE,TRUE,competent,yes,,,TRUE,TRUE,TRUE,TRUE,TRUE,strict,vector_v0_1,tax_id_missing; vector_role_hint_blank; natural_infection_unknown,vector_tier_rules_v0_1
west nile fever|aedes dorsalis|NA,West Nile fever,vector,aedes dorsalis,,mosquito,species,aedes dorsalis,candidate,efsa_appendix_g,TRUE,TRUE,FALSE,TRUE,TRUE,TRUE,,,,,TRUE,TRUE,TRUE,FALSE,FALSE,supported,vector_v0_1,tax_id_missing; vector_role_hint_blank; transmission_demonstrated_unknown; natural_infection_unknown,vector_tier_rules_v0_1
west nile fever|aedes excrucians|NA,West Nile fever,vector,aedes excrucians,,mosquito,species,aedes excrucians,candidate,review,TRUE,TRUE,FALSE,TRUE,TRUE,TRUE,,,,,TRUE,TRUE,TRUE,FALSE,FALSE,supported,vector_v0_1,tax_id_missing; vector_role_hint_blank; transmission_demonstrated_unknown; natural_infection_unknown,vector_tier_rules_v0_1
west nile fever|aedes geniculatus|NA,West Nile fever,vector,aedes geniculatus,,mosquito,species,aedes geniculatus,candidate,review,TRUE,TRUE,TRUE,FALSE,TRUE,FALSE,competent,yes,,,TRUE,TRUE,TRUE,TRUE,FALSE,strong,vector_v0_1,tax_id_missing; vector_role_hint_blank; natural_infection_unknown,vector_tier_rules_v0_1
west nile fever|aedes japonicus|NA,West Nile fever,vector,aedes japonicus,,mosquito,species,aedes japonicus,candidate,efsa_appendix_g,TRUE,TRUE,FALSE,TRUE,TRUE,TRUE,,,,,TRUE,TRUE,TRUE,FALSE,FALSE,supported,vector_v0_1,tax_id_missing; vector_role_hint_blank; transmission_demonstrated_unknown; natural_infection_unknown,vector_tier_rules_v0_1
west nile fever|aedes japonicus japonicus|NA,West Nile fever,vector,aedes japonicus japonicus,,mosquito,infraspecific,aedes japonicus japonicus,weak,review,TRUE,FALSE,TRUE,,FALSE,FALSE,not_competent,no,,,TRUE,TRUE,TRUE,FALSE,FALSE,supported,vector_v0_1,tax_id_missing; bites_humans_unknown; vector_role_hint_blank; natural_infection_unknown,vector_tier_rules_v0_1
west nile fever|aedes kochi|NA,West Nile fever,vector,aedes kochi,,mosquito,species,aedes kochi,candidate,efsa_appendix_g,TRUE,FALSE,FALSE,,FALSE,FALSE,,,,,TRUE,TRUE,FALSE,FALSE,FALSE,broad,vector_v0_1,tax_id_missing; bites_humans_unknown; vector_role_hint_blank; transmission_demonstrated_unknown; natural_infection_unknown,vector_tier_rules_v0_1
west nile fever|aedes melanimon|NA,West Nile fever,vector,aedes melanimon,,mosquito,species,aedes melanimon,candidate,efsa_appendix_g,TRUE,TRUE,FALSE,FALSE,TRUE,FALSE,,,,,TRUE,TRUE,TRUE,FALSE,FALSE,supported,vector_v0_1,tax_id_missing; vector_role_hint_blank; transmission_demonstrated_unknown; natural_infection_unknown,vector_tier_rules_v0_1
west nile fever|aedes normanensis|NA,West Nile fever,vector,aedes normanensis,,mosquito,species,aedes normanensis,candidate,field,TRUE,TRUE,TRUE,FALSE,TRUE,FALSE,unclear,,,secondary_vector,TRUE,TRUE,TRUE,FALSE,FALSE,supported,vector_v0_1,tax_id_missing; transmission_demonstrated_unknown; natural_infection_unknown,vector_tier_rules_v0_1
west nile fever|aedes notoscriptus|NA,West Nile fever,vector,aedes notoscriptus,,mosquito,species,aedes notoscriptus,candidate,review,TRUE,TRUE,TRUE,TRUE,TRUE,TRUE,unclear,,,bridge_vector|candidate_vector,TRUE,TRUE,TRUE,FALSE,FALSE,supported,vector_v0_1,tax_id_missing; transmission_demonstrated_unknown; natural_infection_unknown,vector_tier_rules_v0_1
west nile fever|aedes procax|NA,West Nile fever,vector,aedes procax,,mosquito,species,aedes procax,candidate,efsa_appendix_g,TRUE,TRUE,FALSE,FALSE,TRUE,FALSE,,,,,TRUE,TRUE,TRUE,FALSE,FALSE,supported,vector_v0_1,tax_id_missing; vector_role_hint_blank; transmission_demonstrated_unknown; natural_infection_unknown,vector_tier_rules_v0_1
west nile fever|aedes rusticus|NA,West Nile fever,vector,aedes rusticus,,mosquito,species,aedes rusticus,probable,lab,TRUE,FALSE,TRUE,,FALSE,FALSE,competent,yes,,candidate_vector,TRUE,TRUE,TRUE,TRUE,FALSE,strong,vector_v0_1,tax_id_missing; bites_humans_unknown; natural_infection_unknown,vector_tier_rules_v0_1
west nile fever|aedes sierrensis|NA,West Nile fever,vector,aedes sierrensis,,mosquito,species,aedes sierrensis,candidate,efsa_appendix_g,TRUE,TRUE,FALSE,TRUE,TRUE,TRUE,,,,,TRUE,TRUE,TRUE,FALSE,FALSE,supported,vector_v0_1,tax_id_missing; vector_role_hint_blank; transmission_demonstrated_unknown; natural_infection_unknown,vector_tier_rules_v0_1
west nile fever|aedes spp|NA,West Nile fever,vector,aedes spp,,mosquito,genus_only,aedes spp,candidate,review,TRUE,FALSE,TRUE,,FALSE,FALSE,unclear,,,,TRUE,TRUE,TRUE,FALSE,FALSE,supported,vector_v0_1,tax_id_missing; bites_humans_unknown; vector_role_hint_blank; transmission_demonstrated_unknown; natural_infection_unknown,vector_tier_rules_v0_1
west nile fever|aedes taeniorhynchus|NA,West Nile fever,vector,aedes taeniorhynchus,,mosquito,species,aedes taeniorhynchus,candidate,efsa_appendix_g,TRUE,TRUE,FALSE,TRUE,TRUE,TRUE,,,,,TRUE,TRUE,TRUE,FALSE,FALSE,supported,vector_v0_1,tax_id_missing; vector_role_hint_blank; transmission_demonstrated_unknown; natural_infection_unknown,vector_tier_rules_v0_1
west nile fever|aedes tremulus|NA,West Nile fever,vector,aedes tremulus,,mosquito,species,aedes tremulus,candidate,field,TRUE,FALSE,FALSE,,FALSE,FALSE,,,,,TRUE,TRUE,FALSE,FALSE,FALSE,broad,vector_v0_1,tax_id_missing; bites_humans_unknown; vector_role_hint_blank; transmission_demonstrated_unknown; natural_infection_unknown,vector_tier_rules_v0_1
west nile fever|aedes triseriatus|NA,West Nile fever,vector,aedes triseriatus,,mosquito,species,aedes triseriatus,candidate,efsa_appendix_g,TRUE,TRUE,FALSE,TRUE,TRUE,TRUE,,,,,TRUE,TRUE,TRUE,FALSE,FALSE,supported,vector_v0_1,tax_id_missing; vector_role_hint_blank; transmission_demonstrated_unknown; natural_infection_unknown,vector_tier_rules_v0_1
west nile fever|aedes vexans|NA,West Nile fever,vector,aedes vexans,,mosquito,species,aedes vexans,candidate,review,TRUE,TRUE,TRUE,TRUE,TRUE,TRUE,competent,yes,,secondary_vector,TRUE,TRUE,TRUE,TRUE,FALSE,strong,vector_v0_1,tax_id_missing; natural_infection_unknown,vector_tier_rules_v0_1
west nile fever|aedes vigilax|NA,West Nile fever,vector,aedes vigilax,,mosquito,species,aedes vigilax,candidate,review,TRUE,TRUE,TRUE,TRUE,TRUE,TRUE,unclear,,,bridge_vector|candidate_vector,TRUE,TRUE,TRUE,FALSE,FALSE,supported,vector_v0_1,tax_id_missing; transmission_demonstrated_unknown; natural_infection_unknown,vector_tier_rules_v0_1
west nile fever|anopheles amictus|NA,West Nile fever,vector,anopheles amictus,,mosquito,species,anopheles amictus,weak,field,TRUE,TRUE,TRUE,TRUE,TRUE,TRUE,unclear,,,,TRUE,TRUE,TRUE,FALSE,FALSE,supported,vector_v0_1,tax_id_missing; vector_role_hint_blank; transmission_demonstrated_unknown; natural_infection_unknown,vector_tier_rules_v0_1
west nile fever|anopheles atroparvus|NA,West Nile fever,vector,anopheles atroparvus,,mosquito,species,anopheles atroparvus,candidate,review,TRUE,TRUE,FALSE,TRUE,TRUE,TRUE,,,,,TRUE,TRUE,TRUE,FALSE,FALSE,supported,vector_v0_1,tax_id_missing; vector_role_hint_blank; transmission_demonstrated_unknown; natural_infection_unknown,vector_tier_rules_v0_1
west nile fever|anopheles maculipennis s s|NA,West Nile fever,vector,anopheles maculipennis s s,,mosquito,infraspecific,anopheles maculipennis s s,candidate,review,TRUE,FALSE,FALSE,,FALSE,FALSE,,,,,TRUE,TRUE,FALSE,FALSE,FALSE,broad,vector_v0_1,tax_id_missing; bites_humans_unknown; vector_role_hint_blank; transmission_demonstrated_unknown; natural_infection_unknown,vector_tier_rules_v0_1
west nile fever|anopheles plumbeus|NA,West Nile fever,vector,anopheles plumbeus,,mosquito,species,anopheles plumbeus,candidate,review,TRUE,TRUE,TRUE,TRUE,TRUE,TRUE,mixed,mixed,,,TRUE,TRUE,TRUE,TRUE,FALSE,strong,vector_v0_1,tax_id_missing; vector_role_hint_blank; natural_infection_unknown,vector_tier_rules_v0_1
west nile fever|coquillettidia linealis|NA,West Nile fever,vector,coquillettidia linealis,,mosquito,species,coquillettidia linealis,candidate,efsa_appendix_g,TRUE,TRUE,FALSE,TRUE,TRUE,TRUE,,,,,TRUE,TRUE,TRUE,FALSE,FALSE,supported,vector_v0_1,tax_id_missing; vector_role_hint_blank; transmission_demonstrated_unknown; natural_infection_unknown,vector_tier_rules_v0_1
west nile fever|coquillettidia perturbans|NA,West Nile fever,vector,coquillettidia perturbans,,mosquito,species,coquillettidia perturbans,candidate,efsa_appendix_g,TRUE,TRUE,FALSE,TRUE,TRUE,TRUE,,,,,TRUE,TRUE,TRUE,FALSE,FALSE,supported,vector_v0_1,tax_id_missing; vector_role_hint_blank; transmission_demonstrated_unknown; natural_infection_unknown,vector_tier_rules_v0_1
west nile fever|coquillettidia richiardii|NA,West Nile fever,vector,coquillettidia richiardii,,mosquito,species,coquillettidia richiardii,candidate,review,TRUE,TRUE,FALSE,TRUE,TRUE,TRUE,,,,,TRUE,TRUE,TRUE,FALSE,FALSE,supported,vector_v0_1,tax_id_missing; vector_role_hint_blank; transmission_demonstrated_unknown; natural_infection_unknown,vector_tier_rules_v0_1
west nile fever|culex annulirostris|NA,West Nile fever,vector,culex annulirostris,,mosquito,species,culex annulirostris,confirmed,field+lab,TRUE,TRUE,TRUE,TRUE,TRUE,TRUE,competent,yes,,primary_vector,TRUE,TRUE,TRUE,TRUE,TRUE,strict,vector_v0_1,tax_id_missing; natural_infection_unknown,vector_tier_rules_v0_1
west nile fever|culex australicus|NA,West Nile fever,vector,culex australicus,,mosquito,species,culex australicus,candidate,field,TRUE,TRUE,TRUE,FALSE,TRUE,FALSE,unclear,,,candidate_vector,TRUE,TRUE,TRUE,FALSE,FALSE,supported,vector_v0_1,tax_id_missing; transmission_demonstrated_unknown; natural_infection_unknown,vector_tier_rules_v0_1
west nile fever|culex bitaeniorhynchus|NA,West Nile fever,vector,culex bitaeniorhynchus,,mosquito,species,culex bitaeniorhynchus,candidate,efsa_appendix_g,TRUE,TRUE,FALSE,TRUE,TRUE,TRUE,,,,,TRUE,TRUE,TRUE,FALSE,FALSE,supported,vector_v0_1,tax_id_missing; vector_role_hint_blank; transmission_demonstrated_unknown; natural_infection_unknown,vector_tier_rules_v0_1
west nile fever|culex erythrothorax|NA,West Nile fever,vector,culex erythrothorax,,mosquito,species,culex erythrothorax,probable,lab,TRUE,TRUE,TRUE,FALSE,TRUE,FALSE,competent,yes,,bridge_vector,TRUE,TRUE,TRUE,TRUE,FALSE,strong,vector_v0_1,tax_id_missing; natural_infection_unknown,vector_tier_rules_v0_1
west nile fever|culex gelidus|NA,West Nile fever,vector,culex gelidus,,mosquito,species,culex gelidus,candidate,lab,TRUE,TRUE,TRUE,TRUE,TRUE,TRUE,competent,yes,,,TRUE,TRUE,TRUE,TRUE,FALSE,strong,vector_v0_1,tax_id_missing; vector_role_hint_blank; natural_infection_unknown,vector_tier_rules_v0_1
west nile fever|culex incidens|NA,West Nile fever,vector,culex incidens,,mosquito,species,culex incidens,candidate,efsa_appendix_g,TRUE,FALSE,FALSE,,FALSE,FALSE,,,,,TRUE,TRUE,FALSE,FALSE,FALSE,broad,vector_v0_1,tax_id_missing; bites_humans_unknown; vector_role_hint_blank; transmission_demonstrated_unknown; natural_infection_unknown,vector_tier_rules_v0_1
west nile fever|culex modestus|NA,West Nile fever,vector,culex modestus,,mosquito,species,culex modestus,confirmed,review,TRUE,TRUE,TRUE,TRUE,TRUE,TRUE,competent,yes,,primary_vector,TRUE,TRUE,TRUE,TRUE,TRUE,strict,vector_v0_1,tax_id_missing; natural_infection_unknown,vector_tier_rules_v0_1
west nile fever|culex molestus|NA,West Nile fever,vector,culex molestus,,mosquito,species,culex molestus,candidate,review,TRUE,TRUE,FALSE,TRUE,TRUE,TRUE,,,,,TRUE,TRUE,TRUE,FALSE,FALSE,supported,vector_v0_1,tax_id_missing; vector_role_hint_blank; transmission_demonstrated_unknown; natural_infection_unknown,vector_tier_rules_v0_1
west nile fever|culex neavei group|NA,West Nile fever,vector,culex neavei group,,mosquito,group,culex neavei group,candidate,efsa_appendix_g,TRUE,FALSE,FALSE,,FALSE,FALSE,,,,,TRUE,TRUE,FALSE,FALSE,FALSE,broad,vector_v0_1,tax_id_missing; bites_humans_unknown; vector_role_hint_blank; transmission_demonstrated_unknown; natural_infection_unknown,vector_tier_rules_v0_1
west nile fever|culex nigripalpus|NA,West Nile fever,vector,culex nigripalpus,,mosquito,species,culex nigripalpus,candidate,efsa_appendix_g,TRUE,TRUE,FALSE,TRUE,TRUE,TRUE,,,,,TRUE,TRUE,TRUE,FALSE,FALSE,supported,vector_v0_1,tax_id_missing; vector_role_hint_blank; transmission_demonstrated_unknown; natural_infection_unknown,vector_tier_rules_v0_1
west nile fever|culex perexiguus|NA,West Nile fever,vector,culex perexiguus,,mosquito,species,culex perexiguus,confirmed,review,TRUE,TRUE,TRUE,TRUE,TRUE,TRUE,competent,yes,,primary_vector,TRUE,TRUE,TRUE,TRUE,TRUE,strict,vector_v0_1,tax_id_missing; natural_infection_unknown,vector_tier_rules_v0_1
west nile fever|culex pervigilans|NA,West Nile fever,vector,culex pervigilans,,mosquito,species,culex pervigilans,candidate,efsa_appendix_g,TRUE,FALSE,FALSE,,FALSE,FALSE,,,,,TRUE,TRUE,FALSE,FALSE,FALSE,broad,vector_v0_1,tax_id_missing; bites_humans_unknown; vector_role_hint_blank; transmission_demonstrated_unknown; natural_infection_unknown,vector_tier_rules_v0_1
west nile fever|culex pipiens|NA,West Nile fever,vector,culex pipiens,,mosquito,species,culex pipiens,confirmed,review,TRUE,TRUE,TRUE,TRUE,TRUE,TRUE,mixed,mixed,,primary_vector,TRUE,TRUE,TRUE,TRUE,TRUE,strict,vector_v0_1,tax_id_missing; natural_infection_unknown,vector_tier_rules_v0_1
west nile fever|culex pipiens biotype molestus|NA,West Nile fever,vector,culex pipiens biotype molestus,,mosquito,infraspecific,culex pipiens biotype molestus,probable,review,TRUE,FALSE,TRUE,,FALSE,FALSE,mixed,mixed,,,TRUE,TRUE,TRUE,TRUE,FALSE,strong,vector_v0_1,tax_id_missing; bites_humans_unknown; vector_role_hint_blank; natural_infection_unknown,vector_tier_rules_v0_1
west nile fever|culex pipiens biotype molestus x culex quinquefasciatus|NA,West Nile fever,vector,culex pipiens biotype molestus x culex quinquefasciatus,,mosquito,hybrid,culex pipiens biotype molestus x culex quinquefasciatus,candidate,efsa_appendix_g,TRUE,FALSE,FALSE,,FALSE,FALSE,,,,,TRUE,TRUE,FALSE,FALSE,FALSE,broad,vector_v0_1,tax_id_missing; bites_humans_unknown; vector_role_hint_blank; transmission_demonstrated_unknown; natural_infection_unknown,vector_tier_rules_v0_1
west nile fever|culex pipiens biotype pipiens|NA,West Nile fever,vector,culex pipiens biotype pipiens,,mosquito,infraspecific,culex pipiens biotype pipiens,probable,review,TRUE,FALSE,TRUE,,FALSE,FALSE,competent,yes,,,TRUE,TRUE,TRUE,TRUE,FALSE,strong,vector_v0_1,tax_id_missing; bites_humans_unknown; vector_role_hint_blank; natural_infection_unknown,vector_tier_rules_v0_1
west nile fever|culex pipiens biotype pipiens x biotype molestus|NA,West Nile fever,vector,culex pipiens biotype pipiens x biotype molestus,,mosquito,hybrid,culex pipiens biotype pipiens x biotype molestus,candidate,efsa_appendix_g,TRUE,FALSE,TRUE,,FALSE,FALSE,mixed,mixed,,,TRUE,TRUE,TRUE,TRUE,FALSE,strong,vector_v0_1,tax_id_missing; bites_humans_unknown; vector_role_hint_blank; natural_infection_unknown,vector_tier_rules_v0_1
west nile fever|culex pipiens biotype pipiens x culex quinquefasciatus|NA,West Nile fever,vector,culex pipiens biotype pipiens x culex quinquefasciatus,,mosquito,hybrid,culex pipiens biotype pipiens x culex quinquefasciatus,candidate,efsa_appendix_g,TRUE,FALSE,FALSE,,FALSE,FALSE,,,,,TRUE,TRUE,FALSE,FALSE,FALSE,broad,vector_v0_1,tax_id_missing; bites_humans_unknown; vector_role_hint_blank; transmission_demonstrated_unknown; natural_infection_unknown,vector_tier_rules_v0_1
west nile fever|culex pipiens pipiens|NA,West Nile fever,vector,culex pipiens pipiens,,mosquito,infraspecific,culex pipiens pipiens,probable,lab,TRUE,FALSE,TRUE,,FALSE,FALSE,mixed,mixed,,,TRUE,TRUE,TRUE,TRUE,FALSE,strong,vector_v0_1,tax_id_missing; bites_humans_unknown; vector_role_hint_blank; natural_infection_unknown,vector_tier_rules_v0_1
west nile fever|culex pipiens quinquefasciatus|NA,West Nile fever,vector,culex pipiens quinquefasciatus,,mosquito,infraspecific,culex pipiens quinquefasciatus,candidate,lab,TRUE,FALSE,TRUE,,FALSE,FALSE,mixed,mixed,,,TRUE,TRUE,TRUE,TRUE,FALSE,strong,vector_v0_1,tax_id_missing; bites_humans_unknown; vector_role_hint_blank; natural_infection_unknown,vector_tier_rules_v0_1
west nile fever|culex pipiens restuans|NA,West Nile fever,vector,culex pipiens restuans,,mosquito,infraspecific,culex pipiens restuans,candidate,efsa_appendix_g,TRUE,FALSE,FALSE,,FALSE,FALSE,,,,,TRUE,TRUE,FALSE,FALSE,FALSE,broad,vector_v0_1,tax_id_missing; bites_humans_unknown; vector_role_hint_blank; transmission_demonstrated_unknown; natural_infection_unknown,vector_tier_rules_v0_1
west nile fever|culex pipiens s l|NA,West Nile fever,vector,culex pipiens s l,,mosquito,sensu_lato,culex pipiens s l,confirmed,review,TRUE,FALSE,TRUE,,FALSE,FALSE,mixed,mixed,yes,bridge_vector|primary_vector,TRUE,TRUE,TRUE,TRUE,FALSE,strong,vector_v0_1,tax_id_missing; bites_humans_unknown,vector_tier_rules_v0_1
west nile fever|culex quinquefasciatus|NA,West Nile fever,vector,culex quinquefasciatus,,mosquito,species,culex quinquefasciatus,probable,field+lab,TRUE,TRUE,TRUE,TRUE,TRUE,TRUE,competent,yes,,candidate_vector|enzootic_vector|primary_vector,TRUE,TRUE,TRUE,TRUE,TRUE,strict,vector_v0_1,tax_id_missing; natural_infection_unknown,vector_tier_rules_v0_1
west nile fever|culex restuans|NA,West Nile fever,vector,culex restuans,,mosquito,species,culex restuans,probable,efsa_appendix_g,TRUE,TRUE,FALSE,TRUE,TRUE,TRUE,,,,,TRUE,TRUE,TRUE,FALSE,FALSE,supported,vector_v0_1,tax_id_missing; vector_role_hint_blank; transmission_demonstrated_unknown; natural_infection_unknown,vector_tier_rules_v0_1
west nile fever|culex salinarius|NA,West Nile fever,vector,culex salinarius,,mosquito,species,culex salinarius,candidate,efsa_appendix_g,TRUE,TRUE,FALSE,TRUE,TRUE,TRUE,,,,,TRUE,TRUE,TRUE,FALSE,FALSE,supported,vector_v0_1,tax_id_missing; vector_role_hint_blank; transmission_demonstrated_unknown; natural_infection_unknown,vector_tier_rules_v0_1
west nile fever|culex sitiens|NA,West Nile fever,vector,culex sitiens,,mosquito,species,culex sitiens,candidate,efsa_appendix_g,TRUE,TRUE,TRUE,TRUE,TRUE,TRUE,unclear,yes,,candidate_vector,TRUE,TRUE,TRUE,TRUE,FALSE,strong,vector_v0_1,tax_id_missing; natural_infection_unknown,vector_tier_rules_v0_1
west nile fever|culex spp|NA,West Nile fever,vector,culex spp,,mosquito,genus_only,culex spp,confirmed,review,TRUE,FALSE,TRUE,,FALSE,FALSE,competent,yes,,primary_vector,TRUE,TRUE,TRUE,TRUE,FALSE,strong,vector_v0_1,tax_id_missing; bites_humans_unknown; natural_infection_unknown,vector_tier_rules_v0_1
west nile fever|culex squamosus|NA,West Nile fever,vector,culex squamosus,,mosquito,species,culex squamosus,candidate,field,TRUE,FALSE,TRUE,,FALSE,FALSE,unclear,,,candidate_vector,TRUE,TRUE,TRUE,FALSE,FALSE,supported,vector_v0_1,tax_id_missing; bites_humans_unknown; transmission_demonstrated_unknown; natural_infection_unknown,vector_tier_rules_v0_1
west nile fever|culex stigmatosoma|NA,West Nile fever,vector,culex stigmatosoma,,mosquito,species,culex stigmatosoma,probable,lab,TRUE,TRUE,TRUE,TRUE,TRUE,TRUE,competent,yes,,,TRUE,TRUE,TRUE,TRUE,TRUE,strict,vector_v0_1,tax_id_missing; vector_role_hint_blank; natural_infection_unknown,vector_tier_rules_v0_1
west nile fever|culex tarsalis|NA,West Nile fever,vector,culex tarsalis,,mosquito,species,culex tarsalis,confirmed,review,TRUE,TRUE,TRUE,TRUE,TRUE,TRUE,competent,yes,,primary_vector,TRUE,TRUE,TRUE,TRUE,TRUE,strict,vector_v0_1,tax_id_missing; natural_infection_unknown,vector_tier_rules_v0_1
west nile fever|culex thriambus|NA,West Nile fever,vector,culex thriambus,,mosquito,species,culex thriambus,candidate,efsa_appendix_g,TRUE,TRUE,FALSE,FALSE,TRUE,FALSE,,,,,TRUE,TRUE,TRUE,FALSE,FALSE,supported,vector_v0_1,tax_id_missing; vector_role_hint_blank; transmission_demonstrated_unknown; natural_infection_unknown,vector_tier_rules_v0_1
west nile fever|culex torrentium|NA,West Nile fever,vector,culex torrentium,,mosquito,species,culex torrentium,probable,review,TRUE,FALSE,TRUE,,FALSE,FALSE,competent,yes,,,TRUE,TRUE,TRUE,TRUE,FALSE,strong,vector_v0_1,tax_id_missing; bites_humans_unknown; vector_role_hint_blank; natural_infection_unknown,vector_tier_rules_v0_1
west nile fever|culex univittatus|NA,West Nile fever,vector,culex univittatus,,mosquito,species,culex univittatus,probable,efsa_appendix_g,TRUE,TRUE,FALSE,TRUE,TRUE,TRUE,,,,,TRUE,TRUE,TRUE,FALSE,FALSE,supported,vector_v0_1,tax_id_missing; vector_role_hint_blank; transmission_demonstrated_unknown; natural_infection_unknown,vector_tier_rules_v0_1
west nile fever|culex vansomereni|NA,West Nile fever,vector,culex vansomereni,,mosquito,species,culex vansomereni,candidate,efsa_appendix_g,TRUE,TRUE,FALSE,TRUE,TRUE,TRUE,,,,,TRUE,TRUE,TRUE,FALSE,FALSE,supported,vector_v0_1,tax_id_missing; vector_role_hint_blank; transmission_demonstrated_unknown; natural_infection_unknown,vector_tier_rules_v0_1
west nile fever|culiseta inornata|NA,West Nile fever,vector,culiseta inornata,,mosquito,species,culiseta inornata,candidate,lab,TRUE,TRUE,TRUE,TRUE,TRUE,TRUE,competent,yes,,secondary_vector,TRUE,TRUE,TRUE,TRUE,FALSE,strong,vector_v0_1,tax_id_missing; natural_infection_unknown,vector_tier_rules_v0_1
west nile fever|culiseta melanura|NA,West Nile fever,vector,culiseta melanura,,mosquito,species,culiseta melanura,candidate,efsa_appendix_g,TRUE,TRUE,FALSE,FALSE,TRUE,FALSE,,,,,TRUE,TRUE,TRUE,FALSE,FALSE,supported,vector_v0_1,tax_id_missing; vector_role_hint_blank; transmission_demonstrated_unknown; natural_infection_unknown,vector_tier_rules_v0_1
west nile fever|ochlerotatus caspius|NA,West Nile fever,vector,ochlerotatus caspius,,mosquito,species,ochlerotatus caspius,weak,field,TRUE,FALSE,TRUE,,FALSE,FALSE,unclear,,,,TRUE,TRUE,TRUE,FALSE,FALSE,supported,vector_v0_1,tax_id_missing; bites_humans_unknown; vector_role_hint_blank; transmission_demonstrated_unknown; natural_infection_unknown,vector_tier_rules_v0_1
west nile fever|ochlerotatus dorsalis|NA,West Nile fever,vector,ochlerotatus dorsalis,,mosquito,species,ochlerotatus dorsalis,candidate,lab,TRUE,FALSE,TRUE,,FALSE,FALSE,competent,yes,,,TRUE,TRUE,TRUE,TRUE,FALSE,strong,vector_v0_1,tax_id_missing; bites_humans_unknown; vector_role_hint_blank; natural_infection_unknown,vector_tier_rules_v0_1
west nile fever|ochlerotatus melanimon|NA,West Nile fever,vector,ochlerotatus melanimon,,mosquito,species,ochlerotatus melanimon,candidate,lab,TRUE,FALSE,TRUE,,FALSE,FALSE,competent,yes,,,TRUE,TRUE,TRUE,TRUE,FALSE,strong,vector_v0_1,tax_id_missing; bites_humans_unknown; vector_role_hint_blank; natural_infection_unknown,vector_tier_rules_v0_1
west nile fever|ochlerotatus sierrensis|NA,West Nile fever,vector,ochlerotatus sierrensis,,mosquito,species,ochlerotatus sierrensis,weak,lab,TRUE,FALSE,TRUE,,FALSE,FALSE,competent,yes,,,TRUE,TRUE,TRUE,TRUE,FALSE,strong,vector_v0_1,tax_id_missing; bites_humans_unknown; vector_role_hint_blank; natural_infection_unknown,vector_tier_rules_v0_1
west nile fever|verrallina carmenti|NA,West Nile fever,vector,verrallina carmenti,,mosquito,species,verrallina carmenti,candidate,efsa_appendix_g,TRUE,TRUE,FALSE,TRUE,TRUE,TRUE,,,,,TRUE,TRUE,TRUE,FALSE,FALSE,supported,vector_v0_1,tax_id_missing; vector_role_hint_blank; transmission_demonstrated_unknown; natural_infection_unknown,vector_tier_rules_v0_1
west nile fever|verrallina funerea|NA,West Nile fever,vector,verrallina funerea,,mosquito,species,verrallina funerea,candidate,efsa_appendix_g,TRUE,TRUE,FALSE,TRUE,TRUE,TRUE,,,,,TRUE,TRUE,TRUE,FALSE,FALSE,supported,vector_v0_1,tax_id_missing; vector_role_hint_blank; transmission_demonstrated_unknown; natural_infection_unknown,vector_tier_rules_v0_1
west nile fever|verrallina lineato|NA,West Nile fever,vector,verrallina lineato,,mosquito,species,verrallina lineato,candidate,efsa_appendix_g,TRUE,FALSE,FALSE,,FALSE,FALSE,,,,,FALSE,FALSE,FALSE,FALSE,FALSE,excluded,vector_v0_1,taxonomy_caution; tax_id_missing; bites_humans_unknown; vector_role_hint_blank; transmission_demonstrated_unknown; natural_infection_unknown,vector_tier_rules_v0_1
yellow fever|aedes aegypti|NA,Yellow fever,vector,aedes aegypti,,mosquito,species,aedes aegypti,confirmed,review,TRUE,TRUE,TRUE,TRUE,TRUE,TRUE,mixed,mixed,no,primary_vector|urban_vector,TRUE,TRUE,TRUE,TRUE,TRUE,strict,vector_v0_1,tax_id_missing,vector_tier_rules_v0_1
yellow fever|aedes africanus|NA,Yellow fever,vector,aedes africanus,,mosquito,species,aedes africanus,confirmed,review,TRUE,TRUE,TRUE,TRUE,TRUE,TRUE,competent,yes,,primary_vector|sylvatic_vector,TRUE,TRUE,TRUE,TRUE,TRUE,strict,vector_v0_1,tax_id_missing; natural_infection_unknown,vector_tier_rules_v0_1
yellow fever|aedes albopictus|NA,Yellow fever,vector,aedes albopictus,,mosquito,species,aedes albopictus,confirmed,lab,TRUE,TRUE,TRUE,TRUE,TRUE,TRUE,mixed,mixed,no,bridge_vector,TRUE,TRUE,TRUE,TRUE,TRUE,strict,vector_v0_1,tax_id_missing,vector_tier_rules_v0_1
yellow fever|aedes bromeliae|NA,Yellow fever,vector,aedes bromeliae,,mosquito,species,aedes bromeliae,confirmed,review,TRUE,FALSE,TRUE,,FALSE,FALSE,competent,yes,,bridge_vector|semidomestic_vector,TRUE,TRUE,TRUE,TRUE,FALSE,strong,vector_v0_1,tax_id_missing; bites_humans_unknown; natural_infection_unknown,vector_tier_rules_v0_1
yellow fever|aedes centropunctatus|NA,Yellow fever,vector,aedes centropunctatus,,mosquito,species,aedes centropunctatus,candidate,review,TRUE,FALSE,TRUE,,FALSE,FALSE,unclear,,yes,,TRUE,TRUE,TRUE,FALSE,FALSE,supported,vector_v0_1,tax_id_missing; bites_humans_unknown; vector_role_hint_blank; transmission_demonstrated_unknown,vector_tier_rules_v0_1
yellow fever|aedes dalzieli|NA,Yellow fever,vector,aedes dalzieli,,mosquito,species,aedes dalzieli,candidate,review,TRUE,FALSE,TRUE,,FALSE,FALSE,unclear,,yes,,TRUE,TRUE,TRUE,FALSE,FALSE,supported,vector_v0_1,tax_id_missing; bites_humans_unknown; vector_role_hint_blank; transmission_demonstrated_unknown,vector_tier_rules_v0_1
yellow fever|aedes furcifer|NA,Yellow fever,vector,aedes furcifer,,mosquito,species,aedes furcifer,confirmed,review,TRUE,FALSE,TRUE,,FALSE,FALSE,competent,yes,yes,bridge_vector|primary_vector|semidomestic_vector|sylvatic_vector,TRUE,TRUE,TRUE,TRUE,FALSE,strong,vector_v0_1,tax_id_missing; bites_humans_unknown,vector_tier_rules_v0_1
yellow fever|aedes furcifer taylori|NA,Yellow fever,vector,aedes furcifer taylori,,mosquito,infraspecific,aedes furcifer taylori,confirmed,review,TRUE,FALSE,TRUE,,FALSE,FALSE,competent,yes,,primary_vector|sylvatic_vector,TRUE,TRUE,TRUE,TRUE,FALSE,strong,vector_v0_1,tax_id_missing; bites_humans_unknown; natural_infection_unknown,vector_tier_rules_v0_1
yellow fever|aedes keniensis|NA,Yellow fever,vector,aedes keniensis,,mosquito,species,aedes keniensis,confirmed,review,TRUE,FALSE,TRUE,,FALSE,FALSE,competent,yes,,bridge_vector,TRUE,TRUE,TRUE,TRUE,FALSE,strong,vector_v0_1,tax_id_missing; bites_humans_unknown; natural_infection_unknown,vector_tier_rules_v0_1
yellow fever|aedes luteocephalus|NA,Yellow fever,vector,aedes luteocephalus,,mosquito,species,aedes luteocephalus,confirmed,review,TRUE,FALSE,TRUE,,FALSE,FALSE,competent,yes,,primary_vector|semidomestic_vector|sylvatic_vector,TRUE,TRUE,TRUE,TRUE,FALSE,strong,vector_v0_1,tax_id_missing; bites_humans_unknown; natural_infection_unknown,vector_tier_rules_v0_1
yellow fever|aedes mcintoshi|NA,Yellow fever,vector,aedes mcintoshi,,mosquito,species,aedes mcintoshi,candidate,review,TRUE,TRUE,TRUE,TRUE,TRUE,TRUE,unclear,,yes,,TRUE,TRUE,TRUE,FALSE,FALSE,supported,vector_v0_1,tax_id_missing; vector_role_hint_blank; transmission_demonstrated_unknown,vector_tier_rules_v0_1
yellow fever|aedes metallicus|NA,Yellow fever,vector,aedes metallicus,,mosquito,species,aedes metallicus,confirmed,review,TRUE,FALSE,TRUE,FALSE,TRUE,FALSE,competent,yes,,primary_vector|sylvatic_vector,TRUE,TRUE,TRUE,TRUE,FALSE,strong,vector_v0_1,tax_id_missing; natural_infection_unknown,vector_tier_rules_v0_1
yellow fever|aedes opok|NA,Yellow fever,vector,aedes opok,,mosquito,species,aedes opok,confirmed,review,TRUE,FALSE,TRUE,,FALSE,FALSE,competent,yes,,primary_vector|sylvatic_vector,TRUE,TRUE,TRUE,TRUE,FALSE,strong,vector_v0_1,tax_id_missing; bites_humans_unknown; natural_infection_unknown,vector_tier_rules_v0_1
yellow fever|aedes scapularis|NA,Yellow fever,vector,aedes scapularis,,mosquito,species,aedes scapularis,candidate,field,TRUE,TRUE,TRUE,TRUE,TRUE,TRUE,unclear,,yes,secondary_vector,TRUE,TRUE,TRUE,FALSE,FALSE,supported,vector_v0_1,tax_id_missing; transmission_demonstrated_unknown,vector_tier_rules_v0_1
yellow fever|aedes simpsoni|NA,Yellow fever,vector,aedes simpsoni,,mosquito,species,aedes simpsoni,confirmed,review,TRUE,FALSE,TRUE,,FALSE,FALSE,competent,yes,,sylvatic_vector,TRUE,TRUE,TRUE,TRUE,FALSE,strong,vector_v0_1,tax_id_missing; bites_humans_unknown; natural_infection_unknown,vector_tier_rules_v0_1
yellow fever|aedes simpsoni complex|NA,Yellow fever,vector,aedes simpsoni complex,,mosquito,complex,aedes simpsoni complex,candidate,review,TRUE,FALSE,TRUE,,FALSE,FALSE,unclear,,,,TRUE,TRUE,TRUE,FALSE,FALSE,supported,vector_v0_1,tax_id_missing; bites_humans_unknown; vector_role_hint_blank; transmission_demonstrated_unknown; natural_infection_unknown,vector_tier_rules_v0_1
yellow fever|aedes taeniorhynchus|NA,Yellow fever,vector,aedes taeniorhynchus,,mosquito,species,aedes taeniorhynchus,candidate,field,TRUE,TRUE,TRUE,TRUE,TRUE,TRUE,unclear,,yes,secondary_vector,TRUE,TRUE,TRUE,FALSE,FALSE,supported,vector_v0_1,tax_id_missing; transmission_demonstrated_unknown,vector_tier_rules_v0_1
yellow fever|aedes taylori|NA,Yellow fever,vector,aedes taylori,,mosquito,species,aedes taylori,confirmed,review,TRUE,TRUE,TRUE,TRUE,TRUE,TRUE,competent,yes,,primary_vector|sylvatic_vector,TRUE,TRUE,TRUE,TRUE,TRUE,strict,vector_v0_1,tax_id_missing; natural_infection_unknown,vector_tier_rules_v0_1
yellow fever|aedes vittatus|NA,Yellow fever,vector,aedes vittatus,,mosquito,species,aedes vittatus,confirmed,review,TRUE,TRUE,TRUE,TRUE,TRUE,TRUE,competent,yes,,bridge_vector|primary_vector|sylvatic_vector,TRUE,TRUE,TRUE,TRUE,TRUE,strict,vector_v0_1,tax_id_missing; natural_infection_unknown,vector_tier_rules_v0_1
yellow fever|anopheles funestus|NA,Yellow fever,vector,anopheles funestus,,mosquito,species,anopheles funestus,candidate,review,TRUE,TRUE,TRUE,TRUE,TRUE,TRUE,unclear,,yes,,TRUE,TRUE,TRUE,FALSE,FALSE,supported,vector_v0_1,tax_id_missing; vector_role_hint_blank; transmission_demonstrated_unknown,vector_tier_rules_v0_1
yellow fever|haemagogus capricorni|NA,Yellow fever,vector,haemagogus capricorni,,mosquito,species,haemagogus capricorni,probable,review,TRUE,FALSE,TRUE,,FALSE,FALSE,competent,yes,,sylvatic_vector,TRUE,TRUE,TRUE,TRUE,FALSE,strong,vector_v0_1,tax_id_missing; bites_humans_unknown; natural_infection_unknown,vector_tier_rules_v0_1
yellow fever|haemagogus equines|NA,Yellow fever,vector,haemagogus equines,,mosquito,species,haemagogus equines,probable,review,TRUE,FALSE,TRUE,,FALSE,FALSE,competent,yes,,sylvatic_vector,TRUE,TRUE,TRUE,TRUE,FALSE,strong,vector_v0_1,tax_id_missing; bites_humans_unknown; natural_infection_unknown,vector_tier_rules_v0_1
yellow fever|haemagogus janthinomys|NA,Yellow fever,vector,haemagogus janthinomys,,mosquito,species,haemagogus janthinomys,confirmed,field,TRUE,TRUE,TRUE,TRUE,TRUE,TRUE,competent,yes,yes,primary_vector|sylvatic_vector,TRUE,TRUE,TRUE,TRUE,TRUE,strict,vector_v0_1,tax_id_missing,vector_tier_rules_v0_1
yellow fever|haemagogus leucocelaenus|NA,Yellow fever,vector,haemagogus leucocelaenus,,mosquito,species,haemagogus leucocelaenus,confirmed,field,TRUE,TRUE,TRUE,TRUE,TRUE,TRUE,competent,yes,yes,primary_vector|sylvatic_vector,TRUE,TRUE,TRUE,TRUE,TRUE,strict,vector_v0_1,tax_id_missing,vector_tier_rules_v0_1
yellow fever|haemagogus mesodentatus|NA,Yellow fever,vector,haemagogus mesodentatus,,mosquito,species,haemagogus mesodentatus,probable,review,TRUE,FALSE,TRUE,,FALSE,FALSE,competent,yes,,sylvatic_vector,TRUE,TRUE,TRUE,TRUE,FALSE,strong,vector_v0_1,tax_id_missing; bites_humans_unknown; natural_infection_unknown,vector_tier_rules_v0_1
yellow fever|haemagogus spegazzinii|NA,Yellow fever,vector,haemagogus spegazzinii,,mosquito,species,haemagogus spegazzinii,probable,review,TRUE,FALSE,TRUE,,FALSE,FALSE,competent,yes,,sylvatic_vector,TRUE,TRUE,TRUE,TRUE,FALSE,strong,vector_v0_1,tax_id_missing; bites_humans_unknown; natural_infection_unknown,vector_tier_rules_v0_1
yellow fever|sabethes albipivus|NA,Yellow fever,vector,sabethes albipivus,,mosquito,species,sabethes albipivus,confirmed,review,TRUE,FALSE,FALSE,,FALSE,FALSE,,,,,TRUE,TRUE,TRUE,FALSE,FALSE,supported,vector_v0_1,tax_id_missing; bites_humans_unknown; vector_role_hint_blank; transmission_demonstrated_unknown; natural_infection_unknown,vector_tier_rules_v0_1
yellow fever|sabethes chloropterus|NA,Yellow fever,vector,sabethes chloropterus,,mosquito,species,sabethes chloropterus,confirmed,review,TRUE,TRUE,TRUE,TRUE,TRUE,TRUE,competent,yes,yes,secondary_vector|sylvatic_vector,TRUE,TRUE,TRUE,TRUE,TRUE,strict,vector_v0_1,tax_id_missing,vector_tier_rules_v0_1
yellow fever|sabethes cyaneus|NA,Yellow fever,vector,sabethes cyaneus,,mosquito,species,sabethes cyaneus,probable,review,TRUE,FALSE,FALSE,,FALSE,FALSE,,,,,TRUE,TRUE,TRUE,FALSE,FALSE,supported,vector_v0_1,tax_id_missing; bites_humans_unknown; vector_role_hint_blank; transmission_demonstrated_unknown; natural_infection_unknown,vector_tier_rules_v0_1
yellow fever|sabethes soperi|NA,Yellow fever,vector,sabethes soperi,,mosquito,species,sabethes soperi,probable,review,TRUE,FALSE,FALSE,,FALSE,FALSE,,,,,TRUE,TRUE,TRUE,FALSE,FALSE,supported,vector_v0_1,tax_id_missing; bites_humans_unknown; vector_role_hint_blank; transmission_demonstrated_unknown; natural_infection_unknown,vector_tier_rules_v0_1
zika virus disease|aedes aegypti|NA,Zika virus disease,vector,aedes aegypti,,mosquito,species,aedes aegypti,confirmed,review,TRUE,TRUE,TRUE,TRUE,TRUE,TRUE,mixed,mixed,yes,primary_vector|urban_vector,TRUE,TRUE,TRUE,TRUE,TRUE,strict,vector_v0_1,tax_id_missing,vector_tier_rules_v0_1
zika virus disease|aedes africanus|NA,Zika virus disease,vector,aedes africanus,,mosquito,species,aedes africanus,probable,review,TRUE,TRUE,TRUE,TRUE,TRUE,TRUE,unclear,,yes,,TRUE,TRUE,TRUE,FALSE,FALSE,supported,vector_v0_1,tax_id_missing; vector_role_hint_blank; transmission_demonstrated_unknown,vector_tier_rules_v0_1
zika virus disease|aedes albopictus|NA,Zika virus disease,vector,aedes albopictus,,mosquito,species,aedes albopictus,confirmed,review,TRUE,TRUE,TRUE,TRUE,TRUE,TRUE,mixed,mixed,yes,primary_vector|secondary_vector,TRUE,TRUE,TRUE,TRUE,TRUE,strict,vector_v0_1,tax_id_missing,vector_tier_rules_v0_1
zika virus disease|aedes apicoargenteus|NA,Zika virus disease,vector,aedes apicoargenteus,,mosquito,species,aedes apicoargenteus,candidate,review,TRUE,TRUE,TRUE,TRUE,TRUE,TRUE,unclear,,yes,,TRUE,TRUE,TRUE,FALSE,FALSE,supported,vector_v0_1,tax_id_missing; vector_role_hint_blank; transmission_demonstrated_unknown,vector_tier_rules_v0_1
zika virus disease|aedes bromeliae|NA,Zika virus disease,vector,aedes bromeliae,,mosquito,species,aedes bromeliae,candidate,review,TRUE,FALSE,FALSE,,FALSE,FALSE,,,,,TRUE,TRUE,FALSE,FALSE,FALSE,broad,vector_v0_1,tax_id_missing; bites_humans_unknown; vector_role_hint_blank; transmission_demonstrated_unknown; natural_infection_unknown,vector_tier_rules_v0_1
zika virus disease|aedes camptorhynchus|NA,Zika virus disease,vector,aedes camptorhynchus,,mosquito,species,aedes camptorhynchus,probable,review,TRUE,TRUE,TRUE,TRUE,TRUE,TRUE,mixed,yes,,,TRUE,TRUE,TRUE,TRUE,TRUE,strict,vector_v0_1,tax_id_missing; vector_role_hint_blank; natural_infection_unknown,vector_tier_rules_v0_1
zika virus disease|aedes dalzieli|NA,Zika virus disease,vector,aedes dalzieli,,mosquito,species,aedes dalzieli,probable,review,TRUE,FALSE,FALSE,,FALSE,FALSE,,,,,TRUE,TRUE,TRUE,FALSE,FALSE,supported,vector_v0_1,tax_id_missing; bites_humans_unknown; vector_role_hint_blank; transmission_demonstrated_unknown; natural_infection_unknown,vector_tier_rules_v0_1
zika virus disease|aedes detritus|NA,Zika virus disease,vector,aedes detritus,,mosquito,species,aedes detritus,probable,review,TRUE,TRUE,TRUE,TRUE,TRUE,TRUE,mixed,yes,,,TRUE,TRUE,TRUE,TRUE,TRUE,strict,vector_v0_1,tax_id_missing; vector_role_hint_blank; natural_infection_unknown,vector_tier_rules_v0_1
zika virus disease|aedes flavicollis|NA,Zika virus disease,vector,aedes flavicollis,,mosquito,species,aedes flavicollis,candidate; weak,review,TRUE,FALSE,FALSE,,FALSE,FALSE,,,,,TRUE,TRUE,FALSE,FALSE,FALSE,broad,vector_v0_1,tax_id_missing; bites_humans_unknown; vector_role_hint_blank; transmission_demonstrated_unknown; natural_infection_unknown,vector_tier_rules_v0_1
zika virus disease|aedes fowleri|NA,Zika virus disease,vector,aedes fowleri,,mosquito,species,aedes fowleri,candidate,review,TRUE,FALSE,FALSE,,FALSE,FALSE,,,,,TRUE,TRUE,FALSE,FALSE,FALSE,broad,vector_v0_1,tax_id_missing; bites_humans_unknown; vector_role_hint_blank; transmission_demonstrated_unknown; natural_infection_unknown,vector_tier_rules_v0_1
zika virus disease|aedes furcifer|NA,Zika virus disease,vector,aedes furcifer,,mosquito,species,aedes furcifer,confirmed,review,TRUE,FALSE,TRUE,,FALSE,FALSE,competent,yes,,,TRUE,TRUE,TRUE,TRUE,FALSE,strong,vector_v0_1,tax_id_missing; bites_humans_unknown; vector_role_hint_blank; natural_infection_unknown,vector_tier_rules_v0_1
zika virus disease|aedes grahamii|NA,Zika virus disease,vector,aedes grahamii,,mosquito,species,aedes grahamii,weak,review,TRUE,FALSE,FALSE,,FALSE,FALSE,,,,,TRUE,TRUE,FALSE,FALSE,FALSE,broad,vector_v0_1,tax_id_missing; bites_humans_unknown; vector_role_hint_blank; transmission_demonstrated_unknown; natural_infection_unknown,vector_tier_rules_v0_1
zika virus disease|aedes hensilli|NA,Zika virus disease,vector,aedes hensilli,,mosquito,species,aedes hensilli,confirmed,review,TRUE,FALSE,TRUE,,FALSE,FALSE,mixed,mixed,mixed,,TRUE,TRUE,TRUE,TRUE,FALSE,strong,vector_v0_1,tax_id_missing; bites_humans_unknown; vector_role_hint_blank,vector_tier_rules_v0_1
zika virus disease|aedes hirsutus|NA,Zika virus disease,vector,aedes hirsutus,,mosquito,species,aedes hirsutus,candidate,review,TRUE,TRUE,FALSE,TRUE,TRUE,TRUE,,,,,TRUE,TRUE,TRUE,FALSE,FALSE,supported,vector_v0_1,tax_id_missing; vector_role_hint_blank; transmission_demonstrated_unknown; natural_infection_unknown,vector_tier_rules_v0_1
zika virus disease|aedes jamoti|NA,Zika virus disease,vector,aedes jamoti,,mosquito,species,aedes jamoti,weak,review,TRUE,FALSE,FALSE,,FALSE,FALSE,,,,,TRUE,TRUE,FALSE,FALSE,FALSE,broad,vector_v0_1,tax_id_missing; bites_humans_unknown; vector_role_hint_blank; transmission_demonstrated_unknown; natural_infection_unknown,vector_tier_rules_v0_1
zika virus disease|aedes japonicus|NA,Zika virus disease,vector,aedes japonicus,,mosquito,species,aedes japonicus,probable,review,TRUE,TRUE,TRUE,TRUE,TRUE,TRUE,mixed,yes,,,TRUE,TRUE,TRUE,TRUE,TRUE,strict,vector_v0_1,tax_id_missing; vector_role_hint_blank; natural_infection_unknown,vector_tier_rules_v0_1
zika virus disease|aedes luteocephalus|NA,Zika virus disease,vector,aedes luteocephalus,,mosquito,species,aedes luteocephalus,confirmed,review,TRUE,FALSE,TRUE,,FALSE,FALSE,competent,yes,yes,,TRUE,TRUE,TRUE,TRUE,FALSE,strong,vector_v0_1,tax_id_missing; bites_humans_unknown; vector_role_hint_blank,vector_tier_rules_v0_1
zika virus disease|aedes metallicus|NA,Zika virus disease,vector,aedes metallicus,,mosquito,species,aedes metallicus,candidate,review,TRUE,FALSE,FALSE,FALSE,TRUE,FALSE,,,,,TRUE,TRUE,FALSE,FALSE,FALSE,broad,vector_v0_1,tax_id_missing; vector_role_hint_blank; transmission_demonstrated_unknown; natural_infection_unknown,vector_tier_rules_v0_1
zika virus disease|aedes minutus|NA,Zika virus disease,vector,aedes minutus,,mosquito,species,aedes minutus,candidate,review,TRUE,FALSE,FALSE,,FALSE,FALSE,,,,,TRUE,TRUE,FALSE,FALSE,FALSE,broad,vector_v0_1,tax_id_missing; bites_humans_unknown; vector_role_hint_blank; transmission_demonstrated_unknown; natural_infection_unknown,vector_tier_rules_v0_1
zika virus disease|aedes neoafricanus|NA,Zika virus disease,vector,aedes neoafricanus,,mosquito,species,aedes neoafricanus,candidate,review,TRUE,FALSE,FALSE,,FALSE,FALSE,,,,,TRUE,TRUE,FALSE,FALSE,FALSE,broad,vector_v0_1,tax_id_missing; bites_humans_unknown; vector_role_hint_blank; transmission_demonstrated_unknown; natural_infection_unknown,vector_tier_rules_v0_1
zika virus disease|aedes notoscriptus|NA,Zika virus disease,vector,aedes notoscriptus,,mosquito,species,aedes notoscriptus,probable,review,TRUE,TRUE,TRUE,TRUE,TRUE,TRUE,mixed,mixed,,,TRUE,TRUE,TRUE,TRUE,TRUE,strict,vector_v0_1,tax_id_missing; vector_role_hint_blank; natural_infection_unknown,vector_tier_rules_v0_1
zika virus disease|aedes occidentalis|NA,Zika virus disease,vector,aedes occidentalis,,mosquito,species,aedes occidentalis,candidate,review,TRUE,FALSE,FALSE,,FALSE,FALSE,,,,,TRUE,TRUE,FALSE,FALSE,FALSE,broad,vector_v0_1,tax_id_missing; bites_humans_unknown; vector_role_hint_blank; transmission_demonstrated_unknown; natural_infection_unknown,vector_tier_rules_v0_1
zika virus disease|aedes opok|NA,Zika virus disease,vector,aedes opok,,mosquito,species,aedes opok,candidate,review,TRUE,FALSE,FALSE,,FALSE,FALSE,,,,,TRUE,TRUE,FALSE,FALSE,FALSE,broad,vector_v0_1,tax_id_missing; bites_humans_unknown; vector_role_hint_blank; transmission_demonstrated_unknown; natural_infection_unknown,vector_tier_rules_v0_1
zika virus disease|aedes polynesiensis|NA,Zika virus disease,vector,aedes polynesiensis,,mosquito,species,aedes polynesiensis,candidate,review,TRUE,FALSE,TRUE,,FALSE,FALSE,mixed,mixed,yes,,TRUE,TRUE,TRUE,TRUE,FALSE,strong,vector_v0_1,tax_id_missing; bites_humans_unknown; vector_role_hint_blank,vector_tier_rules_v0_1
zika virus disease|aedes scapularis|NA,Zika virus disease,vector,aedes scapularis,,mosquito,species,aedes scapularis,candidate,review,TRUE,TRUE,FALSE,TRUE,TRUE,TRUE,,,,,TRUE,TRUE,TRUE,FALSE,FALSE,supported,vector_v0_1,tax_id_missing; vector_role_hint_blank; transmission_demonstrated_unknown; natural_infection_unknown,vector_tier_rules_v0_1
zika virus disease|aedes scutellaris|NA,Zika virus disease,vector,aedes scutellaris,,mosquito,species,aedes scutellaris,candidate,review,TRUE,FALSE,FALSE,,FALSE,FALSE,,,,,TRUE,TRUE,FALSE,FALSE,FALSE,broad,vector_v0_1,tax_id_missing; bites_humans_unknown; vector_role_hint_blank; transmission_demonstrated_unknown; natural_infection_unknown,vector_tier_rules_v0_1
zika virus disease|aedes serratus|NA,Zika virus disease,vector,aedes serratus,,mosquito,species,aedes serratus,candidate,review,TRUE,TRUE,FALSE,TRUE,TRUE,TRUE,,,,,TRUE,TRUE,TRUE,FALSE,FALSE,supported,vector_v0_1,tax_id_missing; vector_role_hint_blank; transmission_demonstrated_unknown; natural_infection_unknown,vector_tier_rules_v0_1
zika virus disease|aedes taeniarostris|NA,Zika virus disease,vector,aedes taeniarostris,,mosquito,species,aedes taeniarostris,weak,review,TRUE,FALSE,FALSE,,FALSE,FALSE,,,,,TRUE,TRUE,FALSE,FALSE,FALSE,broad,vector_v0_1,tax_id_missing; bites_humans_unknown; vector_role_hint_blank; transmission_demonstrated_unknown; natural_infection_unknown,vector_tier_rules_v0_1
zika virus disease|aedes taylori|NA,Zika virus disease,vector,aedes taylori,,mosquito,species,aedes taylori,confirmed,review,TRUE,TRUE,TRUE,TRUE,TRUE,TRUE,competent,yes,,,TRUE,TRUE,TRUE,TRUE,TRUE,strict,vector_v0_1,tax_id_missing; vector_role_hint_blank; natural_infection_unknown,vector_tier_rules_v0_1
zika virus disease|aedes triseriatus|NA,Zika virus disease,vector,aedes triseriatus,,mosquito,species,aedes triseriatus,weak,review,TRUE,TRUE,FALSE,TRUE,TRUE,TRUE,,,,,TRUE,TRUE,TRUE,FALSE,FALSE,supported,vector_v0_1,tax_id_missing; vector_role_hint_blank; transmission_demonstrated_unknown; natural_infection_unknown,vector_tier_rules_v0_1
zika virus disease|aedes unilineatus|NA,Zika virus disease,vector,aedes unilineatus,,mosquito,species,aedes unilineatus,weak,review,TRUE,FALSE,FALSE,,FALSE,FALSE,,,,,TRUE,TRUE,FALSE,FALSE,FALSE,broad,vector_v0_1,tax_id_missing; bites_humans_unknown; vector_role_hint_blank; transmission_demonstrated_unknown; natural_infection_unknown,vector_tier_rules_v0_1
zika virus disease|aedes vexans|NA,Zika virus disease,vector,aedes vexans,,mosquito,species,aedes vexans,probable,review,TRUE,TRUE,TRUE,TRUE,TRUE,TRUE,mixed,mixed,yes,,TRUE,TRUE,TRUE,TRUE,TRUE,strict,vector_v0_1,tax_id_missing; vector_role_hint_blank,vector_tier_rules_v0_1
zika virus disease|aedes vigilax|NA,Zika virus disease,vector,aedes vigilax,,mosquito,species,aedes vigilax,candidate,review,TRUE,TRUE,FALSE,TRUE,TRUE,TRUE,,,,,TRUE,TRUE,TRUE,FALSE,FALSE,supported,vector_v0_1,tax_id_missing; vector_role_hint_blank; transmission_demonstrated_unknown; natural_infection_unknown,vector_tier_rules_v0_1
zika virus disease|aedes vittatus|NA,Zika virus disease,vector,aedes vittatus,,mosquito,species,aedes vittatus,confirmed,review,TRUE,TRUE,TRUE,TRUE,TRUE,TRUE,competent,yes,yes,,TRUE,TRUE,TRUE,TRUE,TRUE,strict,vector_v0_1,tax_id_missing; vector_role_hint_blank,vector_tier_rules_v0_1
zika virus disease|anopheles coustani|NA,Zika virus disease,vector,anopheles coustani,,mosquito,species,anopheles coustani,candidate,review,TRUE,TRUE,FALSE,TRUE,TRUE,TRUE,,,,,TRUE,TRUE,TRUE,FALSE,FALSE,supported,vector_v0_1,tax_id_missing; vector_role_hint_blank; transmission_demonstrated_unknown; natural_infection_unknown,vector_tier_rules_v0_1
zika virus disease|anopheles freeborni|NA,Zika virus disease,vector,anopheles freeborni,,mosquito,species,anopheles freeborni,weak,lab,TRUE,TRUE,TRUE,TRUE,TRUE,TRUE,not_competent,no,,,TRUE,TRUE,TRUE,FALSE,FALSE,supported,vector_v0_1,tax_id_missing; vector_role_hint_blank; natural_infection_unknown,vector_tier_rules_v0_1
zika virus disease|anopheles gambiae|NA,Zika virus disease,vector,anopheles gambiae,,mosquito,species,anopheles gambiae,weak,review,TRUE,TRUE,FALSE,TRUE,TRUE,TRUE,,,,,TRUE,TRUE,TRUE,FALSE,FALSE,supported,vector_v0_1,tax_id_missing; vector_role_hint_blank; transmission_demonstrated_unknown; natural_infection_unknown,vector_tier_rules_v0_1
zika virus disease|anopheles gambiae s l|NA,Zika virus disease,vector,anopheles gambiae s l,,mosquito,sensu_lato,anopheles gambiae s l,weak,review,TRUE,FALSE,TRUE,,FALSE,FALSE,unclear,,yes,,TRUE,TRUE,TRUE,FALSE,FALSE,supported,vector_v0_1,tax_id_missing; bites_humans_unknown; vector_role_hint_blank; transmission_demonstrated_unknown,vector_tier_rules_v0_1
zika virus disease|anopheles quadrimaculatus|NA,Zika virus disease,vector,anopheles quadrimaculatus,,mosquito,species,anopheles quadrimaculatus,weak,lab,TRUE,TRUE,TRUE,TRUE,TRUE,TRUE,not_competent,no,,,TRUE,TRUE,TRUE,FALSE,FALSE,supported,vector_v0_1,tax_id_missing; vector_role_hint_blank; natural_infection_unknown,vector_tier_rules_v0_1
zika virus disease|culex annulirostris|NA,Zika virus disease,vector,culex annulirostris,,mosquito,species,culex annulirostris,candidate,review,TRUE,TRUE,FALSE,TRUE,TRUE,TRUE,,,,,TRUE,TRUE,TRUE,FALSE,FALSE,supported,vector_v0_1,tax_id_missing; vector_role_hint_blank; transmission_demonstrated_unknown; natural_infection_unknown,vector_tier_rules_v0_1
zika virus disease|culex coronator|NA,Zika virus disease,vector,culex coronator,,mosquito,species,culex coronator,weak,review,TRUE,TRUE,TRUE,TRUE,TRUE,TRUE,unclear,,yes,,TRUE,TRUE,TRUE,FALSE,FALSE,supported,vector_v0_1,tax_id_missing; vector_role_hint_blank; transmission_demonstrated_unknown,vector_tier_rules_v0_1
zika virus disease|culex neavei|NA,Zika virus disease,vector,culex neavei,,mosquito,species,culex neavei,candidate,review,TRUE,TRUE,FALSE,TRUE,TRUE,TRUE,,,,,TRUE,TRUE,TRUE,FALSE,FALSE,supported,vector_v0_1,tax_id_missing; vector_role_hint_blank; transmission_demonstrated_unknown; natural_infection_unknown,vector_tier_rules_v0_1
zika virus disease|culex perfuscus|NA,Zika virus disease,vector,culex perfuscus,,mosquito,species,culex perfuscus,candidate,review,TRUE,FALSE,FALSE,,FALSE,FALSE,,,,,TRUE,TRUE,FALSE,FALSE,FALSE,broad,vector_v0_1,tax_id_missing; bites_humans_unknown; vector_role_hint_blank; transmission_demonstrated_unknown; natural_infection_unknown,vector_tier_rules_v0_1
zika virus disease|culex pipiens|NA,Zika virus disease,vector,culex pipiens,,mosquito,species,culex pipiens,candidate,review,TRUE,TRUE,TRUE,TRUE,TRUE,TRUE,not_competent,no,no,,TRUE,TRUE,TRUE,FALSE,FALSE,supported,vector_v0_1,tax_id_missing; vector_role_hint_blank,vector_tier_rules_v0_1
zika virus disease|culex pipiens biotype molestus|NA,Zika virus disease,vector,culex pipiens biotype molestus,,mosquito,infraspecific,culex pipiens biotype molestus,weak,review,TRUE,FALSE,TRUE,,FALSE,FALSE,not_competent,no,,,TRUE,TRUE,TRUE,FALSE,FALSE,supported,vector_v0_1,tax_id_missing; bites_humans_unknown; vector_role_hint_blank; natural_infection_unknown,vector_tier_rules_v0_1
zika virus disease|culex pipiens biotype pipiens|NA,Zika virus disease,vector,culex pipiens biotype pipiens,,mosquito,infraspecific,culex pipiens biotype pipiens,weak,review,TRUE,FALSE,TRUE,,FALSE,FALSE,not_competent,no,,,TRUE,TRUE,TRUE,FALSE,FALSE,supported,vector_v0_1,tax_id_missing; bites_humans_unknown; vector_role_hint_blank; natural_infection_unknown,vector_tier_rules_v0_1
zika virus disease|culex pipiens molestus|NA,Zika virus disease,vector,culex pipiens molestus,,mosquito,infraspecific,culex pipiens molestus,candidate,review,TRUE,TRUE,FALSE,TRUE,TRUE,TRUE,,,,,FALSE,FALSE,FALSE,FALSE,FALSE,excluded,vector_v0_1,taxonomy_caution; tax_id_missing; vector_role_hint_blank; transmission_demonstrated_unknown; natural_infection_unknown,vector_tier_rules_v0_1
zika virus disease|culex quinquefasciatus|NA,Zika virus disease,vector,culex quinquefasciatus,,mosquito,species,culex quinquefasciatus,candidate,review,TRUE,TRUE,TRUE,TRUE,TRUE,TRUE,mixed,mixed,mixed,,TRUE,TRUE,TRUE,TRUE,FALSE,strong,vector_v0_1,tax_id_missing; vector_role_hint_blank,vector_tier_rules_v0_1
zika virus disease|culex rubinotus|NA,Zika virus disease,vector,culex rubinotus,,mosquito,species,culex rubinotus,candidate,review,TRUE,FALSE,FALSE,,FALSE,FALSE,,,,,TRUE,TRUE,FALSE,FALSE,FALSE,broad,vector_v0_1,tax_id_missing; bites_humans_unknown; vector_role_hint_blank; transmission_demonstrated_unknown; natural_infection_unknown,vector_tier_rules_v0_1
zika virus disease|culex tarsalis|NA,Zika virus disease,vector,culex tarsalis,,mosquito,species,culex tarsalis,candidate,review,TRUE,TRUE,TRUE,TRUE,TRUE,TRUE,not_competent,no,yes,,TRUE,TRUE,TRUE,FALSE,FALSE,supported,vector_v0_1,tax_id_missing; vector_role_hint_blank,vector_tier_rules_v0_1
zika virus disease|culex torrentium|NA,Zika virus disease,vector,culex torrentium,,mosquito,species,culex torrentium,weak,review,TRUE,FALSE,TRUE,,FALSE,FALSE,not_competent,no,,,TRUE,TRUE,TRUE,FALSE,FALSE,supported,vector_v0_1,tax_id_missing; bites_humans_unknown; vector_role_hint_blank; natural_infection_unknown,vector_tier_rules_v0_1
zika virus disease|eretmapodites inornatus|NA,Zika virus disease,vector,eretmapodites inornatus,,mosquito,species,eretmapodites inornatus,weak,review,TRUE,FALSE,FALSE,,FALSE,FALSE,,,,,TRUE,TRUE,FALSE,FALSE,FALSE,broad,vector_v0_1,tax_id_missing; bites_humans_unknown; vector_role_hint_blank; transmission_demonstrated_unknown; natural_infection_unknown,vector_tier_rules_v0_1
zika virus disease|eretmapodites quinquevittatus|NA,Zika virus disease,vector,eretmapodites quinquevittatus,,mosquito,species,eretmapodites quinquevittatus,weak,review,TRUE,FALSE,FALSE,,FALSE,FALSE,,,,,TRUE,TRUE,FALSE,FALSE,FALSE,broad,vector_v0_1,tax_id_missing; bites_humans_unknown; vector_role_hint_blank; transmission_demonstrated_unknown; natural_infection_unknown,vector_tier_rules_v0_1
zika virus disease|mansonia uniformis|NA,Zika virus disease,vector,mansonia uniformis,,mosquito,infraspecific,mansonia uniformis,candidate,review,TRUE,TRUE,FALSE,TRUE,TRUE,TRUE,,,,,FALSE,FALSE,FALSE,FALSE,FALSE,excluded,vector_v0_1,taxonomy_caution; tax_id_missing; vector_role_hint_blank; transmission_demonstrated_unknown; natural_infection_unknown,vector_tier_rules_v0_1
zika virus disease|psorophora ferox|NA,Zika virus disease,vector,psorophora ferox,,mosquito,species,psorophora ferox,candidate,review,TRUE,TRUE,TRUE,TRUE,TRUE,TRUE,unclear,,no,,TRUE,TRUE,TRUE,FALSE,FALSE,supported,vector_v0_1,tax_id_missing; vector_role_hint_blank; transmission_demonstrated_unknown,vector_tier_rules_v0_1
zika virus disease|runchomyia frontosa|NA,Zika virus disease,vector,runchomyia frontosa,,mosquito,species,runchomyia frontosa,candidate,review,TRUE,FALSE,TRUE,,FALSE,FALSE,unclear,,no,,TRUE,TRUE,TRUE,FALSE,FALSE,supported,vector_v0_1,tax_id_missing; bites_humans_unknown; vector_role_hint_blank; transmission_demonstrated_unknown,vector_tier_rules_v0_1
