analysis_unit_id,readiness_disease_name,disease_name,species_name,tax_id,host_class,host_order,host_family,host_detection_method,source_pathogens,in_current_role_review_scope,in_gibb_etal,in_empres_i,taxonomy_caution
master_10,Marburg virus disease,Marburg virus disease,Cavia porcellus,10141,mammalia,rodentia,caviidae,PCR/Sequencing,Orthomarburgvirus marburgense,TRUE,TRUE,TRUE,FALSE
master_10,Marburg virus disease,Marburg virus disease,Chlorocebus aethiops,9534,mammalia,primates,cercopithecidae,Isolation/Observation,Orthomarburgvirus marburgense,TRUE,TRUE,TRUE,FALSE
master_10,Marburg virus disease,Marburg virus disease,Hipposideros caffer,302402,mammalia,chiroptera,hipposideridae,PCR/Sequencing,Orthomarburgvirus marburgense,TRUE,TRUE,TRUE,FALSE
master_10,Marburg virus disease,Marburg virus disease,Homo sapiens,9606,,,,Isolation/Observation; PCR/Sequencing,Orthomarburgvirus marburgense,TRUE,TRUE,TRUE,FALSE
master_10,Marburg virus disease,Marburg virus disease,Mesocricetus auratus,10036,mammalia,rodentia,cricetidae,PCR/Sequencing,Orthomarburgvirus marburgense,TRUE,TRUE,TRUE,FALSE
master_10,Marburg virus disease,Marburg virus disease,Miniopterus inflatus,221087,mammalia,chiroptera,miniopteridae,PCR/Sequencing,Orthomarburgvirus marburgense,TRUE,TRUE,TRUE,FALSE
master_10,Marburg virus disease,Marburg virus disease,Mus musculus,10090,mammalia,rodentia,muridae,PCR/Sequencing,Orthomarburgvirus marburgense,TRUE,TRUE,TRUE,FALSE
master_10,Marburg virus disease,Marburg virus disease,Rhinolophus eloquens,519038,mammalia,chiroptera,rhinolophidae,PCR/Sequencing,Orthomarburgvirus marburgense,TRUE,TRUE,TRUE,FALSE
master_10,Marburg virus disease,Marburg virus disease,Rousettus aegyptiacus,9407,mammalia,chiroptera,pteropodidae,Isolation/Observation; PCR/Sequencing,Orthomarburgvirus marburgense,TRUE,TRUE,TRUE,FALSE
master_11,Lassa fever,Lassa fever,Canis lupus,9615,mammalia,carnivora,canidae,PCR/Sequencing,Mammarenavirus lassaense,TRUE,TRUE,FALSE,FALSE
master_11,Lassa fever,Lassa fever,Capra hircus,9925,mammalia,artiodactyla,bovidae,PCR/Sequencing,Mammarenavirus lassaense,TRUE,TRUE,FALSE,FALSE
master_11,Lassa fever,Lassa fever,Cavia porcellus,10141,mammalia,rodentia,caviidae,PCR/Sequencing,Mammarenavirus lassaense,TRUE,TRUE,FALSE,FALSE
master_11,Lassa fever,Lassa fever,Homo sapiens,9606,,,,Isolation/Observation; PCR/Sequencing,Mammarenavirus lassaense,TRUE,TRUE,FALSE,FALSE
master_11,Lassa fever,Lassa fever,Hylomyscus pamfi,913014,mammalia,rodentia,muridae,PCR/Sequencing,Mammarenavirus lassaense,TRUE,TRUE,FALSE,FALSE
master_11,Lassa fever,Lassa fever,Lophuromys sikapusi,83535,mammalia,rodentia,muridae,PCR/Sequencing,Mammarenavirus lassaense,TRUE,TRUE,FALSE,FALSE
master_11,Lassa fever,Lassa fever,Macaca fascicularis,9541,mammalia,primates,cercopithecidae,Isolation/Observation,Mammarenavirus lassaense,TRUE,TRUE,FALSE,FALSE
master_11,Lassa fever,Lassa fever,Mastomys,70830,,,,PCR/Sequencing,Mammarenavirus lassaense,TRUE,TRUE,FALSE,FALSE
master_11,Lassa fever,Lassa fever,Mastomys erythroleucus,41268,mammalia,rodentia,muridae,Isolation/Observation; PCR/Sequencing,Mammarenavirus lassaense,TRUE,TRUE,FALSE,FALSE
master_11,Lassa fever,Lassa fever,Mastomys huberti,121569,mammalia,rodentia,muridae,Isolation/Observation,Mammarenavirus lassaense,TRUE,TRUE,FALSE,FALSE
master_11,Lassa fever,Lassa fever,Mastomys natalensis,10112,mammalia,rodentia,muridae,Isolation/Observation; PCR/Sequencing,Mammarenavirus lassaense,TRUE,TRUE,FALSE,FALSE
master_11,Lassa fever,Lassa fever,Mus baoulei,544437,mammalia,rodentia,muridae,PCR/Sequencing,Mammarenavirus lassaense,TRUE,TRUE,FALSE,FALSE
master_11,Lassa fever,Lassa fever,Rattus norvegicus,10116,mammalia,rodentia,muridae,PCR/Sequencing,Mammarenavirus lassaense,TRUE,TRUE,FALSE,FALSE
master_11,Lassa fever,Lassa fever,Rattus rattus,10117,mammalia,rodentia,muridae,PCR/Sequencing,Mammarenavirus lassaense,TRUE,TRUE,FALSE,FALSE
master_12,Nipah virus disease,Nipah virus disease,Bos taurus,9913,mammalia,artiodactyla,bovidae,Isolation/Observation,Henipavirus nipahense,TRUE,TRUE,TRUE,FALSE
master_12,Nipah virus disease,Nipah virus disease,Canis lupus,9615,mammalia,carnivora,canidae,PCR/Sequencing,Henipavirus nipahense,TRUE,TRUE,TRUE,FALSE
master_12,Nipah virus disease,Nipah virus disease,Capra hircus,9925,mammalia,artiodactyla,bovidae,Isolation/Observation,Henipavirus nipahense,TRUE,TRUE,TRUE,FALSE
master_12,Nipah virus disease,Nipah virus disease,Cynopterus brachyotis,58060,mammalia,chiroptera,pteropodidae,Isolation/Observation,Henipavirus nipahense,TRUE,TRUE,TRUE,FALSE
master_12,Nipah virus disease,Nipah virus disease,Eonycteris spelaea,58065,mammalia,chiroptera,pteropodidae,Isolation/Observation,Henipavirus nipahense,TRUE,TRUE,TRUE,FALSE
master_12,Nipah virus disease,Nipah virus disease,Felis catus,9685,mammalia,carnivora,felidae,PCR/Sequencing,Henipavirus nipahense,TRUE,TRUE,TRUE,FALSE
master_12,Nipah virus disease,Nipah virus disease,Hipposideros larvatus,175524,mammalia,chiroptera,hipposideridae,PCR/Sequencing,Henipavirus nipahense,TRUE,TRUE,TRUE,FALSE
master_12,Nipah virus disease,Nipah virus disease,Homo sapiens,9606,,,,Isolation/Observation; PCR/Sequencing,Henipavirus nipahense,TRUE,TRUE,TRUE,FALSE
master_12,Nipah virus disease,Nipah virus disease,Mus musculus,10090,mammalia,rodentia,muridae,Isolation/Observation,Henipavirus nipahense,TRUE,TRUE,TRUE,FALSE
master_12,Nipah virus disease,Nipah virus disease,Pteropus hypomelanus,9405,mammalia,chiroptera,pteropodidae,Isolation/Observation; PCR/Sequencing,Henipavirus nipahense,TRUE,TRUE,TRUE,FALSE
master_12,Nipah virus disease,Nipah virus disease,Pteropus lylei,166054,mammalia,chiroptera,pteropodidae,Isolation/Observation; PCR/Sequencing,Henipavirus nipahense,TRUE,TRUE,TRUE,FALSE
master_12,Nipah virus disease,Nipah virus disease,Pteropus medius,143291,mammalia,chiroptera,pteropodidae,PCR/Sequencing,Henipavirus nipahense,TRUE,TRUE,TRUE,FALSE
master_12,Nipah virus disease,Nipah virus disease,Pteropus vampyrus,132908,mammalia,chiroptera,pteropodidae,Isolation/Observation; PCR/Sequencing,Henipavirus nipahense,TRUE,TRUE,TRUE,FALSE
master_12,Nipah virus disease,Nipah virus disease,Sus scrofa,9823,mammalia,artiodactyla,suidae,Isolation/Observation; PCR/Sequencing,Henipavirus nipahense,TRUE,TRUE,TRUE,FALSE
master_12,Nipah virus disease,Nipah virus disease,Sus scrofa,9825,mammalia,artiodactyla,suidae,PCR/Sequencing,Henipavirus nipahense,TRUE,TRUE,TRUE,FALSE
master_12,Nipah virus disease,Nipah virus disease,pteropus sp.,1562770,,,,PCR/Sequencing,Henipavirus nipahense,TRUE,TRUE,TRUE,FALSE
master_16,Influenza (H5N1 avian influenza),Influenza (H5N1 avian influenza),Accipiter cooperii,261198,aves,accipitriformes,accipitridae,Isolation/Observation; PCR/Sequencing,Alphainfluenzavirus influenzae (H5N1),TRUE,TRUE,TRUE,FALSE
master_16,Influenza (H5N1 avian influenza),Influenza (H5N1 avian influenza),Accipiter nisus,211598,aves,accipitriformes,accipitridae,PCR/Sequencing,Alphainfluenzavirus influenzae (H5N1),TRUE,TRUE,TRUE,FALSE
master_16,Influenza (H5N1 avian influenza),Influenza (H5N1 avian influenza),Accipiter striatus,56330,aves,accipitriformes,accipitridae,PCR/Sequencing,Alphainfluenzavirus influenzae (H5N1),TRUE,TRUE,TRUE,FALSE
master_16,Influenza (H5N1 avian influenza),Influenza (H5N1 avian influenza),Accipiter trivirgatus,210844,aves,accipitriformes,accipitridae,PCR/Sequencing,Alphainfluenzavirus influenzae (H5N1),TRUE,TRUE,TRUE,FALSE
master_16,Influenza (H5N1 avian influenza),Influenza (H5N1 avian influenza),Acerodon celebensis,58057,mammalia,chiroptera,pteropodidae,PCR/Sequencing,Alphainfluenzavirus influenzae (H5N1),TRUE,TRUE,TRUE,FALSE
master_16,Influenza (H5N1 avian influenza),Influenza (H5N1 avian influenza),Acinonyx jubatus,32536,mammalia,carnivora,felidae,PCR/Sequencing,Alphainfluenzavirus influenzae (H5N1),TRUE,TRUE,TRUE,FALSE
master_16,Influenza (H5N1 avian influenza),Influenza (H5N1 avian influenza),Aechmophorus occidentalis,57236,aves,podicipediformes,podicipedidae,PCR/Sequencing,Alphainfluenzavirus influenzae (H5N1),TRUE,TRUE,TRUE,FALSE
master_16,Influenza (H5N1 avian influenza),Influenza (H5N1 avian influenza),Aegypius monachus,8959,aves,accipitriformes,accipitridae,PCR/Sequencing,Alphainfluenzavirus influenzae (H5N1),TRUE,TRUE,TRUE,FALSE
master_16,Influenza (H5N1 avian influenza),Influenza (H5N1 avian influenza),Agropsar sturninus,2675479,aves,passeriformes,sturnidae,PCR/Sequencing,Alphainfluenzavirus influenzae (H5N1),TRUE,TRUE,TRUE,FALSE
master_16,Influenza (H5N1 avian influenza),Influenza (H5N1 avian influenza),Ailuropoda melanoleuca,9646,mammalia,carnivora,ursidae,PCR/Sequencing,Alphainfluenzavirus influenzae (H5N1),TRUE,TRUE,TRUE,FALSE
master_16,Influenza (H5N1 avian influenza),Influenza (H5N1 avian influenza),Aix galericulata,8832,aves,anseriformes,anatidae,PCR/Sequencing,Alphainfluenzavirus influenzae (H5N1),TRUE,TRUE,TRUE,FALSE
master_16,Influenza (H5N1 avian influenza),Influenza (H5N1 avian influenza),Aix sponsa,8833,aves,anseriformes,anatidae,Isolation/Observation; PCR/Sequencing,Alphainfluenzavirus influenzae (H5N1),TRUE,TRUE,TRUE,FALSE
master_16,Influenza (H5N1 avian influenza),Influenza (H5N1 avian influenza),Alca torda,28689,aves,charadriiformes,alcidae,PCR/Sequencing,Alphainfluenzavirus influenzae (H5N1),TRUE,TRUE,TRUE,FALSE
master_16,Influenza (H5N1 avian influenza),Influenza (H5N1 avian influenza),Alectoris barbara,40177,aves,galliformes,phasianidae,PCR/Sequencing,Alphainfluenzavirus influenzae (H5N1),TRUE,TRUE,TRUE,FALSE
master_16,Influenza (H5N1 avian influenza),Influenza (H5N1 avian influenza),Alectoris chukar,9078,aves,galliformes,phasianidae,Isolation/Observation; PCR/Sequencing,Alphainfluenzavirus influenzae (H5N1),TRUE,TRUE,TRUE,FALSE
master_16,Influenza (H5N1 avian influenza),Influenza (H5N1 avian influenza),Alligator sinensis,38654,reptilia,crocodylia,alligatoridae,PCR/Sequencing,Alphainfluenzavirus influenzae (H5N1),TRUE,TRUE,TRUE,FALSE
master_16,Influenza (H5N1 avian influenza),Influenza (H5N1 avian influenza),Alopochen aegyptiaca,30382,aves,anseriformes,anatidae,PCR/Sequencing,Alphainfluenzavirus influenzae (H5N1),TRUE,TRUE,TRUE,FALSE
master_16,Influenza (H5N1 avian influenza),Influenza (H5N1 avian influenza),Amazona albifrons,241569,aves,psittaciformes,psittacidae,PCR/Sequencing,Alphainfluenzavirus influenzae (H5N1),TRUE,TRUE,TRUE,FALSE
master_16,Influenza (H5N1 avian influenza),Influenza (H5N1 avian influenza),Amazona autumnalis,151759,aves,psittaciformes,psittacidae,Isolation/Observation,Alphainfluenzavirus influenzae (H5N1),TRUE,TRUE,TRUE,FALSE
master_16,Influenza (H5N1 avian influenza),Influenza (H5N1 avian influenza),Amazona oratrix,152276,aves,psittaciformes,psittacidae,PCR/Sequencing,Alphainfluenzavirus influenzae (H5N1),TRUE,TRUE,TRUE,FALSE
master_16,Influenza (H5N1 avian influenza),Influenza (H5N1 avian influenza),Amazonetta brasiliensis,75867,aves,anseriformes,anatidae,PCR/Sequencing,Alphainfluenzavirus influenzae (H5N1),TRUE,TRUE,TRUE,FALSE
master_16,Influenza (H5N1 avian influenza),Influenza (H5N1 avian influenza),Anas,42806,,,,PCR/Sequencing,Alphainfluenzavirus influenzae (H5N1),TRUE,TRUE,TRUE,FALSE
master_16,Influenza (H5N1 avian influenza),Influenza (H5N1 avian influenza),Anas acuta,28680,aves,anseriformes,anatidae,Isolation/Observation; PCR/Sequencing,Alphainfluenzavirus influenzae (H5N1),TRUE,TRUE,TRUE,FALSE
master_16,Influenza (H5N1 avian influenza),Influenza (H5N1 avian influenza),Anas capensis,8837,aves,anseriformes,anatidae,PCR/Sequencing,Alphainfluenzavirus influenzae (H5N1),TRUE,TRUE,TRUE,FALSE
master_16,Influenza (H5N1 avian influenza),Influenza (H5N1 avian influenza),Anas carolinensis,75836,aves,anseriformes,anatidae,PCR/Sequencing,Alphainfluenzavirus influenzae (H5N1),TRUE,TRUE,TRUE,FALSE
master_16,Influenza (H5N1 avian influenza),Influenza (H5N1 avian influenza),Anas castanea,45631,aves,anseriformes,anatidae,PCR/Sequencing,Alphainfluenzavirus influenzae (H5N1),TRUE,TRUE,TRUE,FALSE
master_16,Influenza (H5N1 avian influenza),Influenza (H5N1 avian influenza),Anas crecca,75839,aves,anseriformes,anatidae,PCR/Sequencing,Alphainfluenzavirus influenzae (H5N1),TRUE,TRUE,TRUE,FALSE
master_16,Influenza (H5N1 avian influenza),Influenza (H5N1 avian influenza),Anas diazi,75841,,,,PCR/Sequencing,Alphainfluenzavirus influenzae (H5N1),TRUE,TRUE,TRUE,FALSE
master_16,Influenza (H5N1 avian influenza),Influenza (H5N1 avian influenza),Anas erythrorhyncha,75843,aves,anseriformes,anatidae,PCR/Sequencing,Alphainfluenzavirus influenzae (H5N1),TRUE,TRUE,TRUE,FALSE
master_16,Influenza (H5N1 avian influenza),Influenza (H5N1 avian influenza),Anas flavirostris,75845,aves,anseriformes,anatidae,PCR/Sequencing,Alphainfluenzavirus influenzae (H5N1),TRUE,TRUE,TRUE,FALSE
master_16,Influenza (H5N1 avian influenza),Influenza (H5N1 avian influenza),Anas fulvigula,75846,aves,anseriformes,anatidae,PCR/Sequencing,Alphainfluenzavirus influenzae (H5N1),TRUE,TRUE,TRUE,FALSE
master_16,Influenza (H5N1 avian influenza),Influenza (H5N1 avian influenza),Anas georgica,75847,aves,anseriformes,anatidae,PCR/Sequencing,Alphainfluenzavirus influenzae (H5N1),TRUE,TRUE,TRUE,FALSE
master_16,Influenza (H5N1 avian influenza),Influenza (H5N1 avian influenza),Anas gracilis,45630,aves,anseriformes,anatidae,PCR/Sequencing,Alphainfluenzavirus influenzae (H5N1),TRUE,TRUE,TRUE,FALSE
master_16,Influenza (H5N1 avian influenza),Influenza (H5N1 avian influenza),Anas platyrhynchos,8839,aves,anseriformes,anatidae,Isolation/Observation; PCR/Sequencing,Alphainfluenzavirus influenzae (H5N1),TRUE,TRUE,TRUE,FALSE
master_16,Influenza (H5N1 avian influenza),Influenza (H5N1 avian influenza),Anas platyrhynchos,8840,aves,anseriformes,anatidae,PCR/Sequencing,Alphainfluenzavirus influenzae (H5N1),TRUE,TRUE,TRUE,FALSE
master_16,Influenza (H5N1 avian influenza),Influenza (H5N1 avian influenza),Anas poecilorhyncha,75854,aves,anseriformes,anatidae,Isolation/Observation; PCR/Sequencing,Alphainfluenzavirus influenzae (H5N1),TRUE,TRUE,TRUE,FALSE
master_16,Influenza (H5N1 avian influenza),Influenza (H5N1 avian influenza),Anas rubripes,75857,aves,anseriformes,anatidae,Isolation/Observation; PCR/Sequencing,Alphainfluenzavirus influenzae (H5N1),TRUE,TRUE,TRUE,FALSE
master_16,Influenza (H5N1 avian influenza),Influenza (H5N1 avian influenza),Anas superciliosa,45632,aves,anseriformes,anatidae,PCR/Sequencing,Alphainfluenzavirus influenzae (H5N1),TRUE,TRUE,TRUE,FALSE
master_16,Influenza (H5N1 avian influenza),Influenza (H5N1 avian influenza),Anas undulata,75862,aves,anseriformes,anatidae,PCR/Sequencing,Alphainfluenzavirus influenzae (H5N1),TRUE,TRUE,TRUE,FALSE
master_16,Influenza (H5N1 avian influenza),Influenza (H5N1 avian influenza),Anas zonorhyncha,75864,aves,anseriformes,anatidae,PCR/Sequencing,Alphainfluenzavirus influenzae (H5N1),TRUE,TRUE,TRUE,FALSE
master_16,Influenza (H5N1 avian influenza),Influenza (H5N1 avian influenza),Anastomus oscitans,1706835,aves,ciconiiformes,ciconiidae,PCR/Sequencing,Alphainfluenzavirus influenzae (H5N1),TRUE,TRUE,TRUE,FALSE
master_16,Influenza (H5N1 avian influenza),Influenza (H5N1 avian influenza),Anatidae,1867944,,,,PCR/Sequencing,Alphainfluenzavirus influenzae (H5N1),TRUE,TRUE,TRUE,FALSE
master_16,Influenza (H5N1 avian influenza),Influenza (H5N1 avian influenza),Anous tenuirostris,297803,aves,charadriiformes,laridae,PCR/Sequencing,Alphainfluenzavirus influenzae (H5N1),TRUE,TRUE,TRUE,FALSE
master_16,Influenza (H5N1 avian influenza),Influenza (H5N1 avian influenza),Anser,8847,,,,PCR/Sequencing,Alphainfluenzavirus influenzae (H5N1),TRUE,TRUE,TRUE,FALSE
master_16,Influenza (H5N1 avian influenza),Influenza (H5N1 avian influenza),Anser albifrons,50365,aves,anseriformes,anatidae,Isolation/Observation; PCR/Sequencing,Alphainfluenzavirus influenzae (H5N1),TRUE,TRUE,TRUE,FALSE
master_16,Influenza (H5N1 avian influenza),Influenza (H5N1 avian influenza),Anser anser,8843,aves,anseriformes,anatidae,Isolation/Observation; PCR/Sequencing,Alphainfluenzavirus influenzae (H5N1),TRUE,TRUE,TRUE,FALSE
master_16,Influenza (H5N1 avian influenza),Influenza (H5N1 avian influenza),Anser brachyrhynchus,132585,aves,anseriformes,anatidae,PCR/Sequencing,Alphainfluenzavirus influenzae (H5N1),TRUE,TRUE,TRUE,FALSE
master_16,Influenza (H5N1 avian influenza),Influenza (H5N1 avian influenza),Anser caerulescens,440516,aves,anseriformes,anatidae,PCR/Sequencing,Alphainfluenzavirus influenzae (H5N1),TRUE,TRUE,TRUE,FALSE
master_16,Influenza (H5N1 avian influenza),Influenza (H5N1 avian influenza),Anser caerulescens,70340,aves,anseriformes,anatidae,PCR/Sequencing,Alphainfluenzavirus influenzae (H5N1),TRUE,TRUE,TRUE,FALSE
master_16,Influenza (H5N1 avian influenza),Influenza (H5N1 avian influenza),Anser caerulescens,8849,aves,anseriformes,anatidae,Isolation/Observation; PCR/Sequencing,Alphainfluenzavirus influenzae (H5N1),TRUE,TRUE,TRUE,FALSE
master_16,Influenza (H5N1 avian influenza),Influenza (H5N1 avian influenza),Anser canagicus,107021,aves,anseriformes,anatidae,PCR/Sequencing,Alphainfluenzavirus influenzae (H5N1),TRUE,TRUE,TRUE,FALSE
master_16,Influenza (H5N1 avian influenza),Influenza (H5N1 avian influenza),Anser cygnoides,8845,,,,PCR/Sequencing,Alphainfluenzavirus influenzae (H5N1),TRUE,TRUE,TRUE,FALSE
master_16,Influenza (H5N1 avian influenza),Influenza (H5N1 avian influenza),Anser erythropus,132586,aves,anseriformes,anatidae,PCR/Sequencing,Alphainfluenzavirus influenzae (H5N1),TRUE,TRUE,TRUE,FALSE
master_16,Influenza (H5N1 avian influenza),Influenza (H5N1 avian influenza),Anser fabalis,132587,aves,anseriformes,anatidae,PCR/Sequencing,Alphainfluenzavirus influenzae (H5N1),TRUE,TRUE,TRUE,FALSE
master_16,Influenza (H5N1 avian influenza),Influenza (H5N1 avian influenza),Anser indicus,8846,aves,anseriformes,anatidae,Isolation/Observation; PCR/Sequencing,Alphainfluenzavirus influenzae (H5N1),TRUE,TRUE,TRUE,FALSE
master_16,Influenza (H5N1 avian influenza),Influenza (H5N1 avian influenza),Anser rossii,56281,aves,anseriformes,anatidae,PCR/Sequencing,Alphainfluenzavirus influenzae (H5N1),TRUE,TRUE,TRUE,FALSE
master_16,Influenza (H5N1 avian influenza),Influenza (H5N1 avian influenza),Anthropoides virgo,9111,aves,gruiformes,gruidae,PCR/Sequencing,Alphainfluenzavirus influenzae (H5N1),TRUE,TRUE,TRUE,FALSE
master_16,Influenza (H5N1 avian influenza),Influenza (H5N1 avian influenza),Antigone canadensis,1977160,,,,PCR/Sequencing,Alphainfluenzavirus influenzae (H5N1),TRUE,TRUE,TRUE,FALSE
master_16,Influenza (H5N1 avian influenza),Influenza (H5N1 avian influenza),Antigone vipio,2717088,,,,PCR/Sequencing,Alphainfluenzavirus influenzae (H5N1),TRUE,TRUE,TRUE,FALSE
master_16,Influenza (H5N1 avian influenza),Influenza (H5N1 avian influenza),Aquila chrysaetos,8962,aves,accipitriformes,accipitridae,PCR/Sequencing,Alphainfluenzavirus influenzae (H5N1),TRUE,TRUE,TRUE,FALSE
master_16,Influenza (H5N1 avian influenza),Influenza (H5N1 avian influenza),Aquila fasciata,252784,aves,accipitriformes,accipitridae,PCR/Sequencing,Alphainfluenzavirus influenzae (H5N1),TRUE,TRUE,TRUE,FALSE
master_16,Influenza (H5N1 avian influenza),Influenza (H5N1 avian influenza),Arctocephalus australis,161928,mammalia,carnivora,otariidae,PCR/Sequencing,Alphainfluenzavirus influenzae (H5N1),TRUE,TRUE,TRUE,FALSE
master_16,Influenza (H5N1 avian influenza),Influenza (H5N1 avian influenza),Arctocephalus gazella,37190,mammalia,carnivora,otariidae,PCR/Sequencing,Alphainfluenzavirus influenzae (H5N1),TRUE,TRUE,TRUE,FALSE
master_16,Influenza (H5N1 avian influenza),Influenza (H5N1 avian influenza),Ardea alba,110620,aves,pelecaniformes,ardeidae,PCR/Sequencing,Alphainfluenzavirus influenzae (H5N1),TRUE,TRUE,TRUE,FALSE
master_16,Influenza (H5N1 avian influenza),Influenza (H5N1 avian influenza),Ardea cinerea,30390,aves,pelecaniformes,ardeidae,PCR/Sequencing,Alphainfluenzavirus influenzae (H5N1),TRUE,TRUE,TRUE,FALSE
master_16,Influenza (H5N1 avian influenza),Influenza (H5N1 avian influenza),Ardea herodias,56072,aves,pelecaniformes,ardeidae,PCR/Sequencing,Alphainfluenzavirus influenzae (H5N1),TRUE,TRUE,TRUE,FALSE
master_16,Influenza (H5N1 avian influenza),Influenza (H5N1 avian influenza),Ardea purpurea,188373,aves,pelecaniformes,ardeidae,PCR/Sequencing,Alphainfluenzavirus influenzae (H5N1),TRUE,TRUE,TRUE,FALSE
master_16,Influenza (H5N1 avian influenza),Influenza (H5N1 avian influenza),Ardenna gravis,37051,aves,procellariiformes,procellariidae,PCR/Sequencing,Alphainfluenzavirus influenzae (H5N1),TRUE,TRUE,TRUE,FALSE
master_16,Influenza (H5N1 avian influenza),Influenza (H5N1 avian influenza),Ardenna pacifica,48683,aves,procellariiformes,procellariidae,PCR/Sequencing,Alphainfluenzavirus influenzae (H5N1),TRUE,TRUE,TRUE,FALSE
master_16,Influenza (H5N1 avian influenza),Influenza (H5N1 avian influenza),Ardeola bacchus,188375,aves,pelecaniformes,ardeidae,PCR/Sequencing,Alphainfluenzavirus influenzae (H5N1),TRUE,TRUE,TRUE,FALSE
master_16,Influenza (H5N1 avian influenza),Influenza (H5N1 avian influenza),Arenaria interpres,54971,aves,charadriiformes,scolopacidae,PCR/Sequencing,Alphainfluenzavirus influenzae (H5N1),TRUE,TRUE,TRUE,FALSE
master_16,Influenza (H5N1 avian influenza),Influenza (H5N1 avian influenza),Arenaria melanocephala,279931,aves,charadriiformes,scolopacidae,PCR/Sequencing,Alphainfluenzavirus influenzae (H5N1),TRUE,TRUE,TRUE,FALSE
master_16,Influenza (H5N1 avian influenza),Influenza (H5N1 avian influenza),Artibeus lituratus,27634,mammalia,chiroptera,phyllostomidae,PCR/Sequencing,Alphainfluenzavirus influenzae (H5N1),TRUE,TRUE,TRUE,FALSE
master_16,Influenza (H5N1 avian influenza),Influenza (H5N1 avian influenza),Artibeus obscurus,40228,mammalia,chiroptera,phyllostomidae,PCR/Sequencing,Alphainfluenzavirus influenzae (H5N1),TRUE,TRUE,TRUE,FALSE
master_16,Influenza (H5N1 avian influenza),Influenza (H5N1 avian influenza),Artibeus planirostris,40230,mammalia,chiroptera,phyllostomidae,PCR/Sequencing,Alphainfluenzavirus influenzae (H5N1),TRUE,TRUE,TRUE,FALSE
master_16,Influenza (H5N1 avian influenza),Influenza (H5N1 avian influenza),Asio flammeus,56267,aves,strigiformes,strigidae,PCR/Sequencing,Alphainfluenzavirus influenzae (H5N1),TRUE,TRUE,TRUE,FALSE
master_16,Influenza (H5N1 avian influenza),Influenza (H5N1 avian influenza),Asio otus,111810,aves,strigiformes,strigidae,PCR/Sequencing,Alphainfluenzavirus influenzae (H5N1),TRUE,TRUE,TRUE,FALSE
master_16,Influenza (H5N1 avian influenza),Influenza (H5N1 avian influenza),Astur gentilis,258924,,,,PCR/Sequencing,Alphainfluenzavirus influenzae (H5N1),TRUE,TRUE,TRUE,FALSE
master_16,Influenza (H5N1 avian influenza),Influenza (H5N1 avian influenza),Astur gentilis,8957,,,,PCR/Sequencing,Alphainfluenzavirus influenzae (H5N1),TRUE,TRUE,TRUE,FALSE
master_16,Influenza (H5N1 avian influenza),Influenza (H5N1 avian influenza),Athene cunicularia,194338,aves,strigiformes,strigidae,PCR/Sequencing,Alphainfluenzavirus influenzae (H5N1),TRUE,TRUE,TRUE,FALSE
master_16,Influenza (H5N1 avian influenza),Influenza (H5N1 avian influenza),Athene noctua,126797,aves,strigiformes,strigidae,PCR/Sequencing,Alphainfluenzavirus influenzae (H5N1),TRUE,TRUE,TRUE,FALSE
master_16,Influenza (H5N1 avian influenza),Influenza (H5N1 avian influenza),Aythya affinis,189533,aves,anseriformes,anatidae,PCR/Sequencing,Alphainfluenzavirus influenzae (H5N1),TRUE,TRUE,TRUE,FALSE
master_16,Influenza (H5N1 avian influenza),Influenza (H5N1 avian influenza),Aythya americana,30385,aves,anseriformes,anatidae,PCR/Sequencing,Alphainfluenzavirus influenzae (H5N1),TRUE,TRUE,TRUE,FALSE
master_16,Influenza (H5N1 avian influenza),Influenza (H5N1 avian influenza),Aythya baeri,1177618,aves,anseriformes,anatidae,PCR/Sequencing,Alphainfluenzavirus influenzae (H5N1),TRUE,TRUE,TRUE,FALSE
master_16,Influenza (H5N1 avian influenza),Influenza (H5N1 avian influenza),Aythya collaris,189535,aves,anseriformes,anatidae,PCR/Sequencing,Alphainfluenzavirus influenzae (H5N1),TRUE,TRUE,TRUE,FALSE
master_16,Influenza (H5N1 avian influenza),Influenza (H5N1 avian influenza),Aythya ferina,219593,aves,anseriformes,anatidae,PCR/Sequencing,Alphainfluenzavirus influenzae (H5N1),TRUE,TRUE,TRUE,FALSE
master_16,Influenza (H5N1 avian influenza),Influenza (H5N1 avian influenza),Aythya fuligula,219594,aves,anseriformes,anatidae,PCR/Sequencing,Alphainfluenzavirus influenzae (H5N1),TRUE,TRUE,TRUE,FALSE
master_16,Influenza (H5N1 avian influenza),Influenza (H5N1 avian influenza),Aythya marila,189534,aves,anseriformes,anatidae,PCR/Sequencing,Alphainfluenzavirus influenzae (H5N1),TRUE,TRUE,TRUE,FALSE
master_16,Influenza (H5N1 avian influenza),Influenza (H5N1 avian influenza),Aythya nyroca,197939,aves,anseriformes,anatidae,PCR/Sequencing,Alphainfluenzavirus influenzae (H5N1),TRUE,TRUE,TRUE,FALSE
master_16,Influenza (H5N1 avian influenza),Influenza (H5N1 avian influenza),Aythya valisineria,110915,aves,anseriformes,anatidae,PCR/Sequencing,Alphainfluenzavirus influenzae (H5N1),TRUE,TRUE,TRUE,FALSE
master_16,Influenza (H5N1 avian influenza),Influenza (H5N1 avian influenza),Balaenoptera acutorostrata,9767,mammalia,artiodactyla,balaenopteridae,Isolation/Observation,Alphainfluenzavirus influenzae (H5N1),TRUE,TRUE,TRUE,FALSE
master_16,Influenza (H5N1 avian influenza),Influenza (H5N1 avian influenza),Bombycilla cedrorum,161648,aves,passeriformes,bombycillidae,PCR/Sequencing,Alphainfluenzavirus influenzae (H5N1),TRUE,TRUE,TRUE,FALSE
master_16,Influenza (H5N1 avian influenza),Influenza (H5N1 avian influenza),Bonasa umbellus,9000,aves,galliformes,phasianidae,PCR/Sequencing,Alphainfluenzavirus influenzae (H5N1),TRUE,TRUE,TRUE,FALSE
master_16,Influenza (H5N1 avian influenza),Influenza (H5N1 avian influenza),Bos grunniens,30521,,,,PCR/Sequencing,Alphainfluenzavirus influenzae (H5N1),TRUE,TRUE,TRUE,FALSE
master_16,Influenza (H5N1 avian influenza),Influenza (H5N1 avian influenza),Bos taurus,9913,mammalia,artiodactyla,bovidae,PCR/Sequencing,Alphainfluenzavirus influenzae (H5N1),TRUE,TRUE,TRUE,FALSE
master_16,Influenza (H5N1 avian influenza),Influenza (H5N1 avian influenza),Branta bernicla,184712,aves,anseriformes,anatidae,PCR/Sequencing,Alphainfluenzavirus influenzae (H5N1),TRUE,TRUE,TRUE,FALSE
master_16,Influenza (H5N1 avian influenza),Influenza (H5N1 avian influenza),Branta canadensis,8853,aves,anseriformes,anatidae,Isolation/Observation; PCR/Sequencing,Alphainfluenzavirus influenzae (H5N1),TRUE,TRUE,TRUE,FALSE
master_16,Influenza (H5N1 avian influenza),Influenza (H5N1 avian influenza),Branta hutchinsii,371860,aves,anseriformes,anatidae,PCR/Sequencing,Alphainfluenzavirus influenzae (H5N1),TRUE,TRUE,TRUE,FALSE
master_16,Influenza (H5N1 avian influenza),Influenza (H5N1 avian influenza),Branta leucopsis,184711,aves,anseriformes,anatidae,PCR/Sequencing,Alphainfluenzavirus influenzae (H5N1),TRUE,TRUE,TRUE,FALSE
master_16,Influenza (H5N1 avian influenza),Influenza (H5N1 avian influenza),Bubo bubo,30461,aves,strigiformes,strigidae,PCR/Sequencing,Alphainfluenzavirus influenzae (H5N1),TRUE,TRUE,TRUE,FALSE
master_16,Influenza (H5N1 avian influenza),Influenza (H5N1 avian influenza),Bubo scandiacus,371907,aves,strigiformes,strigidae,Isolation/Observation; PCR/Sequencing,Alphainfluenzavirus influenzae (H5N1),TRUE,TRUE,TRUE,FALSE
master_16,Influenza (H5N1 avian influenza),Influenza (H5N1 avian influenza),Bubo virginianus,56268,aves,strigiformes,strigidae,PCR/Sequencing,Alphainfluenzavirus influenzae (H5N1),TRUE,TRUE,TRUE,FALSE
master_16,Influenza (H5N1 avian influenza),Influenza (H5N1 avian influenza),Bubulcus ibis,110668,aves,pelecaniformes,ardeidae,PCR/Sequencing,Alphainfluenzavirus influenzae (H5N1),TRUE,TRUE,TRUE,FALSE
master_16,Influenza (H5N1 avian influenza),Influenza (H5N1 avian influenza),Bucephala albeola,279934,aves,anseriformes,anatidae,PCR/Sequencing,Alphainfluenzavirus influenzae (H5N1),TRUE,TRUE,TRUE,FALSE
master_16,Influenza (H5N1 avian influenza),Influenza (H5N1 avian influenza),Bucephala clangula,107022,aves,anseriformes,anatidae,PCR/Sequencing,Alphainfluenzavirus influenzae (H5N1),TRUE,TRUE,TRUE,FALSE
master_16,Influenza (H5N1 avian influenza),Influenza (H5N1 avian influenza),Burhinus grallarius,585466,aves,charadriiformes,burhinidae,PCR/Sequencing,Alphainfluenzavirus influenzae (H5N1),TRUE,TRUE,TRUE,FALSE
master_16,Influenza (H5N1 avian influenza),Influenza (H5N1 avian influenza),Butastur indicus,335207,aves,accipitriformes,accipitridae,PCR/Sequencing,Alphainfluenzavirus influenzae (H5N1),TRUE,TRUE,TRUE,FALSE
master_16,Influenza (H5N1 avian influenza),Influenza (H5N1 avian influenza),Buteo buteo,30397,aves,accipitriformes,accipitridae,PCR/Sequencing,Alphainfluenzavirus influenzae (H5N1),TRUE,TRUE,TRUE,FALSE
master_16,Influenza (H5N1 avian influenza),Influenza (H5N1 avian influenza),Buteo jamaicensis,56263,aves,accipitriformes,accipitridae,Isolation/Observation; PCR/Sequencing,Alphainfluenzavirus influenzae (H5N1),TRUE,TRUE,TRUE,FALSE
master_16,Influenza (H5N1 avian influenza),Influenza (H5N1 avian influenza),Buteo japonicus,224669,aves,accipitriformes,accipitridae,PCR/Sequencing,Alphainfluenzavirus influenzae (H5N1),TRUE,TRUE,TRUE,FALSE
master_16,Influenza (H5N1 avian influenza),Influenza (H5N1 avian influenza),Buteo lagopus,115229,aves,accipitriformes,accipitridae,PCR/Sequencing,Alphainfluenzavirus influenzae (H5N1),TRUE,TRUE,TRUE,FALSE
master_16,Influenza (H5N1 avian influenza),Influenza (H5N1 avian influenza),Buteo lineatus,223475,aves,accipitriformes,accipitridae,PCR/Sequencing,Alphainfluenzavirus influenzae (H5N1),TRUE,TRUE,TRUE,FALSE
master_16,Influenza (H5N1 avian influenza),Influenza (H5N1 avian influenza),Buteo platypterus,218281,aves,accipitriformes,accipitridae,PCR/Sequencing,Alphainfluenzavirus influenzae (H5N1),TRUE,TRUE,TRUE,FALSE
master_16,Influenza (H5N1 avian influenza),Influenza (H5N1 avian influenza),Buteo regalis,223441,aves,accipitriformes,accipitridae,PCR/Sequencing,Alphainfluenzavirus influenzae (H5N1),TRUE,TRUE,TRUE,FALSE
master_16,Influenza (H5N1 avian influenza),Influenza (H5N1 avian influenza),Buteo rufofuscus,223437,aves,accipitriformes,accipitridae,PCR/Sequencing,Alphainfluenzavirus influenzae (H5N1),TRUE,TRUE,TRUE,FALSE
master_16,Influenza (H5N1 avian influenza),Influenza (H5N1 avian influenza),Buteo swainsoni,156757,aves,accipitriformes,accipitridae,PCR/Sequencing,Alphainfluenzavirus influenzae (H5N1),TRUE,TRUE,TRUE,FALSE
master_16,Influenza (H5N1 avian influenza),Influenza (H5N1 avian influenza),Buteogallus urubitinga,223497,aves,accipitriformes,accipitridae,PCR/Sequencing,Alphainfluenzavirus influenzae (H5N1),TRUE,TRUE,TRUE,FALSE
master_16,Influenza (H5N1 avian influenza),Influenza (H5N1 avian influenza),Butorides striata,433628,aves,pelecaniformes,ardeidae,PCR/Sequencing,Alphainfluenzavirus influenzae (H5N1),TRUE,TRUE,TRUE,FALSE
master_16,Influenza (H5N1 avian influenza),Influenza (H5N1 avian influenza),Butorides virescens,110671,,,,PCR/Sequencing,Alphainfluenzavirus influenzae (H5N1),TRUE,TRUE,TRUE,FALSE
master_16,Influenza (H5N1 avian influenza),Influenza (H5N1 avian influenza),Caiman latirostris,190476,reptilia,crocodylia,alligatoridae,PCR/Sequencing,Alphainfluenzavirus influenzae (H5N1),TRUE,TRUE,TRUE,FALSE
master_16,Influenza (H5N1 avian influenza),Influenza (H5N1 avian influenza),Cairina moschata,8855,aves,anseriformes,anatidae,PCR/Sequencing,Alphainfluenzavirus influenzae (H5N1),TRUE,TRUE,TRUE,FALSE
master_16,Influenza (H5N1 avian influenza),Influenza (H5N1 avian influenza),Calidris acuminata,192723,aves,charadriiformes,scolopacidae,PCR/Sequencing,Alphainfluenzavirus influenzae (H5N1),TRUE,TRUE,TRUE,FALSE
master_16,Influenza (H5N1 avian influenza),Influenza (H5N1 avian influenza),Calidris alba,279936,aves,charadriiformes,scolopacidae,PCR/Sequencing,Alphainfluenzavirus influenzae (H5N1),TRUE,TRUE,TRUE,FALSE
master_16,Influenza (H5N1 avian influenza),Influenza (H5N1 avian influenza),Calidris alpina,8919,aves,charadriiformes,scolopacidae,PCR/Sequencing,Alphainfluenzavirus influenzae (H5N1),TRUE,TRUE,TRUE,FALSE
master_16,Influenza (H5N1 avian influenza),Influenza (H5N1 avian influenza),Calidris canutus,227173,aves,charadriiformes,scolopacidae,PCR/Sequencing,Alphainfluenzavirus influenzae (H5N1),TRUE,TRUE,TRUE,FALSE
master_16,Influenza (H5N1 avian influenza),Influenza (H5N1 avian influenza),Calidris fuscicollis,279940,aves,charadriiformes,scolopacidae,PCR/Sequencing,Alphainfluenzavirus influenzae (H5N1),TRUE,TRUE,TRUE,FALSE
master_16,Influenza (H5N1 avian influenza),Influenza (H5N1 avian influenza),Calidris mauri,279941,aves,charadriiformes,scolopacidae,PCR/Sequencing,Alphainfluenzavirus influenzae (H5N1),TRUE,TRUE,TRUE,FALSE
master_16,Influenza (H5N1 avian influenza),Influenza (H5N1 avian influenza),Calidris minutilla,279935,aves,charadriiformes,scolopacidae,PCR/Sequencing,Alphainfluenzavirus influenzae (H5N1),TRUE,TRUE,TRUE,FALSE
master_16,Influenza (H5N1 avian influenza),Influenza (H5N1 avian influenza),Calidris pusilla,279961,aves,charadriiformes,scolopacidae,PCR/Sequencing,Alphainfluenzavirus influenzae (H5N1),TRUE,TRUE,TRUE,FALSE
master_16,Influenza (H5N1 avian influenza),Influenza (H5N1 avian influenza),Calidris ruficollis,272047,aves,charadriiformes,scolopacidae,PCR/Sequencing,Alphainfluenzavirus influenzae (H5N1),TRUE,TRUE,TRUE,FALSE
master_16,Influenza (H5N1 avian influenza),Influenza (H5N1 avian influenza),Callonetta leucophrys,75871,aves,anseriformes,anatidae,PCR/Sequencing,Alphainfluenzavirus influenzae (H5N1),TRUE,TRUE,TRUE,FALSE
master_16,Influenza (H5N1 avian influenza),Influenza (H5N1 avian influenza),Camelus bactrianus,9837,,,,PCR/Sequencing,Alphainfluenzavirus influenzae (H5N1),TRUE,TRUE,TRUE,FALSE
master_16,Influenza (H5N1 avian influenza),Influenza (H5N1 avian influenza),Camelus dromedarius,9838,mammalia,artiodactyla,camelidae,PCR/Sequencing,Alphainfluenzavirus influenzae (H5N1),TRUE,TRUE,TRUE,FALSE
master_16,Influenza (H5N1 avian influenza),Influenza (H5N1 avian influenza),Canis lupus,9612,mammalia,carnivora,canidae,PCR/Sequencing,Alphainfluenzavirus influenzae (H5N1),TRUE,TRUE,TRUE,FALSE
master_16,Influenza (H5N1 avian influenza),Influenza (H5N1 avian influenza),Canis lupus,9615,mammalia,carnivora,canidae,PCR/Sequencing,Alphainfluenzavirus influenzae (H5N1),TRUE,TRUE,TRUE,FALSE
master_16,Influenza (H5N1 avian influenza),Influenza (H5N1 avian influenza),Capra hircus,9925,mammalia,artiodactyla,bovidae,PCR/Sequencing,Alphainfluenzavirus influenzae (H5N1),TRUE,TRUE,TRUE,FALSE
master_16,Influenza (H5N1 avian influenza),Influenza (H5N1 avian influenza),Caracara plancus,8951,aves,falconiformes,falconidae,PCR/Sequencing,Alphainfluenzavirus influenzae (H5N1),TRUE,TRUE,TRUE,FALSE
master_16,Influenza (H5N1 avian influenza),Influenza (H5N1 avian influenza),Cathartes aura,43455,aves,cathartiformes,cathartidae,PCR/Sequencing,Alphainfluenzavirus influenzae (H5N1),TRUE,TRUE,TRUE,FALSE
master_16,Influenza (H5N1 avian influenza),Influenza (H5N1 avian influenza),Catharus fuscescens,159581,aves,passeriformes,turdidae,PCR/Sequencing,Alphainfluenzavirus influenzae (H5N1),TRUE,TRUE,TRUE,FALSE
master_16,Influenza (H5N1 avian influenza),Influenza (H5N1 avian influenza),Catharus guttatus,9185,aves,passeriformes,turdidae,PCR/Sequencing,Alphainfluenzavirus influenzae (H5N1),TRUE,TRUE,TRUE,FALSE
master_16,Influenza (H5N1 avian influenza),Influenza (H5N1 avian influenza),Catharus ustulatus,91951,aves,passeriformes,turdidae,PCR/Sequencing,Alphainfluenzavirus influenzae (H5N1),TRUE,TRUE,TRUE,FALSE
master_16,Influenza (H5N1 avian influenza),Influenza (H5N1 avian influenza),Cephalorhynchus eutropia,27608,mammalia,artiodactyla,delphinidae,PCR/Sequencing,Alphainfluenzavirus influenzae (H5N1),TRUE,TRUE,TRUE,FALSE
master_16,Influenza (H5N1 avian influenza),Influenza (H5N1 avian influenza),Cercopithecus mitis kandti,1137481,,,,PCR/Sequencing,Alphainfluenzavirus influenzae (H5N1),TRUE,TRUE,TRUE,FALSE
master_16,Influenza (H5N1 avian influenza),Influenza (H5N1 avian influenza),Cereopsis novaehollandiae,8858,aves,anseriformes,anatidae,PCR/Sequencing,Alphainfluenzavirus influenzae (H5N1),TRUE,TRUE,TRUE,FALSE
master_16,Influenza (H5N1 avian influenza),Influenza (H5N1 avian influenza),Chenonetta jubata,45644,aves,anseriformes,anatidae,PCR/Sequencing,Alphainfluenzavirus influenzae (H5N1),TRUE,TRUE,TRUE,FALSE
master_16,Influenza (H5N1 avian influenza),Influenza (H5N1 avian influenza),Chlamydotis undulata,172680,aves,otidiformes,otididae,PCR/Sequencing,Alphainfluenzavirus influenzae (H5N1),TRUE,TRUE,TRUE,FALSE
master_16,Influenza (H5N1 avian influenza),Influenza (H5N1 avian influenza),Chlidonias hybrida,297805,aves,charadriiformes,laridae,PCR/Sequencing,Alphainfluenzavirus influenzae (H5N1),TRUE,TRUE,TRUE,FALSE
master_16,Influenza (H5N1 avian influenza),Influenza (H5N1 avian influenza),Chlidonias leucopterus,297806,aves,charadriiformes,laridae,PCR/Sequencing,Alphainfluenzavirus influenzae (H5N1),TRUE,TRUE,TRUE,FALSE
master_16,Influenza (H5N1 avian influenza),Influenza (H5N1 avian influenza),Chloephaga picta,8861,aves,anseriformes,anatidae,PCR/Sequencing,Alphainfluenzavirus influenzae (H5N1),TRUE,TRUE,TRUE,FALSE
master_16,Influenza (H5N1 avian influenza),Influenza (H5N1 avian influenza),Chloris chloris,37601,aves,passeriformes,fringillidae,PCR/Sequencing,Alphainfluenzavirus influenzae (H5N1),TRUE,TRUE,TRUE,FALSE
master_16,Influenza (H5N1 avian influenza),Influenza (H5N1 avian influenza),Chroicocephalus brunnicephalus,2772041,,,,PCR/Sequencing,Alphainfluenzavirus influenzae (H5N1),TRUE,TRUE,TRUE,FALSE
master_16,Influenza (H5N1 avian influenza),Influenza (H5N1 avian influenza),Chroicocephalus cirrocephalus,1192863,,,,PCR/Sequencing,Alphainfluenzavirus influenzae (H5N1),TRUE,TRUE,TRUE,FALSE
master_16,Influenza (H5N1 avian influenza),Influenza (H5N1 avian influenza),Chroicocephalus genei,1569666,,,,PCR/Sequencing,Alphainfluenzavirus influenzae (H5N1),TRUE,TRUE,TRUE,FALSE
master_16,Influenza (H5N1 avian influenza),Influenza (H5N1 avian influenza),Chroicocephalus maculipennis,287016,,,,PCR/Sequencing,Alphainfluenzavirus influenzae (H5N1),TRUE,TRUE,TRUE,FALSE
master_16,Influenza (H5N1 avian influenza),Influenza (H5N1 avian influenza),Chroicocephalus novaehollandiae,2547444,,,,PCR/Sequencing,Alphainfluenzavirus influenzae (H5N1),TRUE,TRUE,TRUE,FALSE
master_16,Influenza (H5N1 avian influenza),Influenza (H5N1 avian influenza),Chroicocephalus philadelphia,3149563,,,,PCR/Sequencing,Alphainfluenzavirus influenzae (H5N1),TRUE,TRUE,TRUE,FALSE
master_16,Influenza (H5N1 avian influenza),Influenza (H5N1 avian influenza),Chroicocephalus ridibundus,1192867,,,,Isolation/Observation; PCR/Sequencing,Alphainfluenzavirus influenzae (H5N1),TRUE,TRUE,TRUE,FALSE
master_16,Influenza (H5N1 avian influenza),Influenza (H5N1 avian influenza),Chrotogale owstoni,94184,mammalia,carnivora,viverridae,Isolation/Observation,Alphainfluenzavirus influenzae (H5N1),TRUE,TRUE,TRUE,FALSE
master_16,Influenza (H5N1 avian influenza),Influenza (H5N1 avian influenza),Chrysolophus pictus,9089,aves,galliformes,phasianidae,PCR/Sequencing,Alphainfluenzavirus influenzae (H5N1),TRUE,TRUE,TRUE,FALSE
master_16,Influenza (H5N1 avian influenza),Influenza (H5N1 avian influenza),Ciconia ciconia,8928,aves,ciconiiformes,ciconiidae,PCR/Sequencing,Alphainfluenzavirus influenzae (H5N1),TRUE,TRUE,TRUE,FALSE
master_16,Influenza (H5N1 avian influenza),Influenza (H5N1 avian influenza),Circus aeruginosus,8964,aves,accipitriformes,accipitridae,PCR/Sequencing,Alphainfluenzavirus influenzae (H5N1),TRUE,TRUE,TRUE,FALSE
master_16,Influenza (H5N1 avian influenza),Influenza (H5N1 avian influenza),Circus hudsonius,2709557,aves,accipitriformes,accipitridae,PCR/Sequencing,Alphainfluenzavirus influenzae (H5N1),TRUE,TRUE,TRUE,FALSE
master_16,Influenza (H5N1 avian influenza),Influenza (H5N1 avian influenza),Clangula hyemalis,197941,aves,anseriformes,anatidae,PCR/Sequencing,Alphainfluenzavirus influenzae (H5N1),TRUE,TRUE,TRUE,FALSE
master_16,Influenza (H5N1 avian influenza),Influenza (H5N1 avian influenza),Coccycua minuta,1118526,aves,cuculiformes,cuculidae,PCR/Sequencing,Alphainfluenzavirus influenzae (H5N1),TRUE,TRUE,TRUE,FALSE
master_16,Influenza (H5N1 avian influenza),Influenza (H5N1 avian influenza),Coloeus monedula,30423,,,,PCR/Sequencing,Alphainfluenzavirus influenzae (H5N1),TRUE,TRUE,TRUE,FALSE
master_16,Influenza (H5N1 avian influenza),Influenza (H5N1 avian influenza),Columba,8933,,,,PCR/Sequencing,Alphainfluenzavirus influenzae (H5N1),TRUE,TRUE,TRUE,FALSE
master_16,Influenza (H5N1 avian influenza),Influenza (H5N1 avian influenza),Columba guinea,135627,aves,columbiformes,columbidae,PCR/Sequencing,Alphainfluenzavirus influenzae (H5N1),TRUE,TRUE,TRUE,FALSE
master_16,Influenza (H5N1 avian influenza),Influenza (H5N1 avian influenza),Columba livia,8932,aves,columbiformes,columbidae,Isolation/Observation; PCR/Sequencing,Alphainfluenzavirus influenzae (H5N1),TRUE,TRUE,TRUE,FALSE
master_16,Influenza (H5N1 avian influenza),Influenza (H5N1 avian influenza),Contopus sordidulus,183522,aves,passeriformes,tyrannidae,PCR/Sequencing,Alphainfluenzavirus influenzae (H5N1),TRUE,TRUE,TRUE,FALSE
master_16,Influenza (H5N1 avian influenza),Influenza (H5N1 avian influenza),Copsychus saularis,343929,aves,passeriformes,muscicapidae,PCR/Sequencing,Alphainfluenzavirus influenzae (H5N1),TRUE,TRUE,TRUE,FALSE
master_16,Influenza (H5N1 avian influenza),Influenza (H5N1 avian influenza),Coragyps atratus,33614,aves,cathartiformes,cathartidae,PCR/Sequencing,Alphainfluenzavirus influenzae (H5N1),TRUE,TRUE,TRUE,FALSE
master_16,Influenza (H5N1 avian influenza),Influenza (H5N1 avian influenza),Corvus brachyrhynchos,85066,aves,passeriformes,corvidae,PCR/Sequencing,Alphainfluenzavirus influenzae (H5N1),TRUE,TRUE,TRUE,FALSE
master_16,Influenza (H5N1 avian influenza),Influenza (H5N1 avian influenza),Corvus caurinus,279967,aves,passeriformes,corvidae,PCR/Sequencing,Alphainfluenzavirus influenzae (H5N1),TRUE,TRUE,TRUE,FALSE
master_16,Influenza (H5N1 avian influenza),Influenza (H5N1 avian influenza),Corvus corax,56781,aves,passeriformes,corvidae,PCR/Sequencing,Alphainfluenzavirus influenzae (H5N1),TRUE,TRUE,TRUE,FALSE
master_16,Influenza (H5N1 avian influenza),Influenza (H5N1 avian influenza),Corvus frugilegus,75140,aves,passeriformes,corvidae,PCR/Sequencing,Alphainfluenzavirus influenzae (H5N1),TRUE,TRUE,TRUE,FALSE
master_16,Influenza (H5N1 avian influenza),Influenza (H5N1 avian influenza),Corvus macrorhynchos,36249,aves,passeriformes,corvidae,PCR/Sequencing,Alphainfluenzavirus influenzae (H5N1),TRUE,TRUE,TRUE,FALSE
master_16,Influenza (H5N1 avian influenza),Influenza (H5N1 avian influenza),Corvus ossifragus,349685,aves,passeriformes,corvidae,PCR/Sequencing,Alphainfluenzavirus influenzae (H5N1),TRUE,TRUE,TRUE,FALSE
master_16,Influenza (H5N1 avian influenza),Influenza (H5N1 avian influenza),Corvus splendens,701737,aves,passeriformes,corvidae,PCR/Sequencing,Alphainfluenzavirus influenzae (H5N1),TRUE,TRUE,TRUE,FALSE
master_16,Influenza (H5N1 avian influenza),Influenza (H5N1 avian influenza),Coscoroba coscoroba,8863,aves,anseriformes,anatidae,PCR/Sequencing,Alphainfluenzavirus influenzae (H5N1),TRUE,TRUE,TRUE,FALSE
master_16,Influenza (H5N1 avian influenza),Influenza (H5N1 avian influenza),Coturnix coturnix,9091,aves,galliformes,phasianidae,Isolation/Observation; PCR/Sequencing,Alphainfluenzavirus influenzae (H5N1),TRUE,TRUE,TRUE,FALSE
master_16,Influenza (H5N1 avian influenza),Influenza (H5N1 avian influenza),Coturnix japonica,93934,aves,galliformes,phasianidae,PCR/Sequencing,Alphainfluenzavirus influenzae (H5N1),TRUE,TRUE,TRUE,FALSE
master_16,Influenza (H5N1 avian influenza),Influenza (H5N1 avian influenza),Crocodylus niloticus,8501,reptilia,crocodylia,crocodylidae,PCR/Sequencing,Alphainfluenzavirus influenzae (H5N1),TRUE,TRUE,TRUE,FALSE
master_16,Influenza (H5N1 avian influenza),Influenza (H5N1 avian influenza),Cyanocitta cristata,28727,aves,passeriformes,corvidae,PCR/Sequencing,Alphainfluenzavirus influenzae (H5N1),TRUE,TRUE,TRUE,FALSE
master_16,Influenza (H5N1 avian influenza),Influenza (H5N1 avian influenza),Cygnus atratus,8868,aves,anseriformes,anatidae,PCR/Sequencing,Alphainfluenzavirus influenzae (H5N1),TRUE,TRUE,TRUE,FALSE
master_16,Influenza (H5N1 avian influenza),Influenza (H5N1 avian influenza),Cygnus buccinator,48397,aves,anseriformes,anatidae,PCR/Sequencing,Alphainfluenzavirus influenzae (H5N1),TRUE,TRUE,TRUE,FALSE
master_16,Influenza (H5N1 avian influenza),Influenza (H5N1 avian influenza),Cygnus columbianus,110926,aves,anseriformes,anatidae,PCR/Sequencing,Alphainfluenzavirus influenzae (H5N1),TRUE,TRUE,TRUE,FALSE
master_16,Influenza (H5N1 avian influenza),Influenza (H5N1 avian influenza),Cygnus columbianus,1450144,aves,anseriformes,anatidae,PCR/Sequencing,Alphainfluenzavirus influenzae (H5N1),TRUE,TRUE,TRUE,FALSE
master_16,Influenza (H5N1 avian influenza),Influenza (H5N1 avian influenza),Cygnus columbianus bewickii,541010,,,,PCR/Sequencing,Alphainfluenzavirus influenzae (H5N1),TRUE,TRUE,TRUE,FALSE
master_16,Influenza (H5N1 avian influenza),Influenza (H5N1 avian influenza),Cygnus cygnus,219595,aves,anseriformes,anatidae,Isolation/Observation; PCR/Sequencing,Alphainfluenzavirus influenzae (H5N1),TRUE,TRUE,TRUE,FALSE
master_16,Influenza (H5N1 avian influenza),Influenza (H5N1 avian influenza),Cygnus melancoryphus,41691,aves,anseriformes,anatidae,PCR/Sequencing,Alphainfluenzavirus influenzae (H5N1),TRUE,TRUE,TRUE,FALSE
master_16,Influenza (H5N1 avian influenza),Influenza (H5N1 avian influenza),Cygnus olor,8869,aves,anseriformes,anatidae,Isolation/Observation; PCR/Sequencing,Alphainfluenzavirus influenzae (H5N1),TRUE,TRUE,TRUE,FALSE
master_16,Influenza (H5N1 avian influenza),Influenza (H5N1 avian influenza),Cypseloides niger,46500,aves,caprimulgiformes,apodidae,PCR/Sequencing,Alphainfluenzavirus influenzae (H5N1),TRUE,TRUE,TRUE,FALSE
master_16,Influenza (H5N1 avian influenza),Influenza (H5N1 avian influenza),Delphinus delphis,9728,mammalia,artiodactyla,delphinidae,PCR/Sequencing,Alphainfluenzavirus influenzae (H5N1),TRUE,TRUE,TRUE,FALSE
master_16,Influenza (H5N1 avian influenza),Influenza (H5N1 avian influenza),Dendrocygna autumnalis,8873,aves,anseriformes,anatidae,PCR/Sequencing,Alphainfluenzavirus influenzae (H5N1),TRUE,TRUE,TRUE,FALSE
master_16,Influenza (H5N1 avian influenza),Influenza (H5N1 avian influenza),Dendrocygna eytoni,8875,aves,anseriformes,anatidae,PCR/Sequencing,Alphainfluenzavirus influenzae (H5N1),TRUE,TRUE,TRUE,FALSE
master_16,Influenza (H5N1 avian influenza),Influenza (H5N1 avian influenza),Dendrocygna javanica,60182,aves,anseriformes,anatidae,PCR/Sequencing,Alphainfluenzavirus influenzae (H5N1),TRUE,TRUE,TRUE,FALSE
master_16,Influenza (H5N1 avian influenza),Influenza (H5N1 avian influenza),Dendrocygna viduata,8876,aves,anseriformes,anatidae,PCR/Sequencing,Alphainfluenzavirus influenzae (H5N1),TRUE,TRUE,TRUE,FALSE
master_16,Influenza (H5N1 avian influenza),Influenza (H5N1 avian influenza),Didelphis virginiana,9267,mammalia,didelphimorphia,didelphidae,PCR/Sequencing,Alphainfluenzavirus influenzae (H5N1),TRUE,TRUE,TRUE,FALSE
master_16,Influenza (H5N1 avian influenza),Influenza (H5N1 avian influenza),Dromaius novaehollandiae,8790,aves,struthioniformes,casuariidae,PCR/Sequencing,Alphainfluenzavirus influenzae (H5N1),TRUE,TRUE,TRUE,FALSE
master_16,Influenza (H5N1 avian influenza),Influenza (H5N1 avian influenza),Drymotoxeres pucheranii,761979,aves,passeriformes,furnariidae,PCR/Sequencing,Alphainfluenzavirus influenzae (H5N1),TRUE,TRUE,TRUE,FALSE
master_16,Influenza (H5N1 avian influenza),Influenza (H5N1 avian influenza),Egretta garzetta,188379,aves,pelecaniformes,ardeidae,PCR/Sequencing,Alphainfluenzavirus influenzae (H5N1),TRUE,TRUE,TRUE,FALSE
master_16,Influenza (H5N1 avian influenza),Influenza (H5N1 avian influenza),Egretta thula,110681,aves,pelecaniformes,ardeidae,PCR/Sequencing,Alphainfluenzavirus influenzae (H5N1),TRUE,TRUE,TRUE,FALSE
master_16,Influenza (H5N1 avian influenza),Influenza (H5N1 avian influenza),Eidolon helvum,77214,mammalia,chiroptera,pteropodidae,PCR/Sequencing,Alphainfluenzavirus influenzae (H5N1),TRUE,TRUE,TRUE,FALSE
master_16,Influenza (H5N1 avian influenza),Influenza (H5N1 avian influenza),Emberiza spodocephala,125294,aves,passeriformes,emberizidae,PCR/Sequencing,Alphainfluenzavirus influenzae (H5N1),TRUE,TRUE,TRUE,FALSE
master_16,Influenza (H5N1 avian influenza),Influenza (H5N1 avian influenza),Empidonax alnorum,209618,aves,passeriformes,tyrannidae,PCR/Sequencing,Alphainfluenzavirus influenzae (H5N1),TRUE,TRUE,TRUE,FALSE
master_16,Influenza (H5N1 avian influenza),Influenza (H5N1 avian influenza),Empidonax difficilis,183525,aves,passeriformes,tyrannidae,PCR/Sequencing,Alphainfluenzavirus influenzae (H5N1),TRUE,TRUE,TRUE,FALSE
master_16,Influenza (H5N1 avian influenza),Influenza (H5N1 avian influenza),Enicognathus leptorhynchus,345190,aves,psittaciformes,psittacidae,PCR/Sequencing,Alphainfluenzavirus influenzae (H5N1),TRUE,TRUE,TRUE,FALSE
master_16,Influenza (H5N1 avian influenza),Influenza (H5N1 avian influenza),Equus,46122,,,,PCR/Sequencing,Alphainfluenzavirus influenzae (H5N1),TRUE,TRUE,TRUE,FALSE
master_16,Influenza (H5N1 avian influenza),Influenza (H5N1 avian influenza),Equus asinus,9793,mammalia,perissodactyla,equidae,PCR/Sequencing,Alphainfluenzavirus influenzae (H5N1),TRUE,TRUE,TRUE,FALSE
master_16,Influenza (H5N1 avian influenza),Influenza (H5N1 avian influenza),Equus caballus,9796,mammalia,perissodactyla,equidae,Isolation/Observation; PCR/Sequencing,Alphainfluenzavirus influenzae (H5N1),TRUE,TRUE,TRUE,FALSE
master_16,Influenza (H5N1 avian influenza),Influenza (H5N1 avian influenza),Equus ferus,1114792,mammalia,perissodactyla,equidae,PCR/Sequencing,Alphainfluenzavirus influenzae (H5N1),TRUE,TRUE,TRUE,FALSE
master_16,Influenza (H5N1 avian influenza),Influenza (H5N1 avian influenza),Equus przewalskii,9798,,,,PCR/Sequencing,Alphainfluenzavirus influenzae (H5N1),TRUE,TRUE,TRUE,FALSE
master_16,Influenza (H5N1 avian influenza),Influenza (H5N1 avian influenza),Eupodotis senegalensis,89385,aves,otidiformes,otididae,PCR/Sequencing,Alphainfluenzavirus influenzae (H5N1),TRUE,TRUE,TRUE,FALSE
master_16,Influenza (H5N1 avian influenza),Influenza (H5N1 avian influenza),Falco cherrug,345164,aves,falconiformes,falconidae,Isolation/Observation; PCR/Sequencing,Alphainfluenzavirus influenzae (H5N1),TRUE,TRUE,TRUE,FALSE
master_16,Influenza (H5N1 avian influenza),Influenza (H5N1 avian influenza),Falco naumanni,148594,aves,falconiformes,falconidae,PCR/Sequencing,Alphainfluenzavirus influenzae (H5N1),TRUE,TRUE,TRUE,FALSE
master_16,Influenza (H5N1 avian influenza),Influenza (H5N1 avian influenza),Falco peregrinus,8954,aves,falconiformes,falconidae,PCR/Sequencing,Alphainfluenzavirus influenzae (H5N1),TRUE,TRUE,TRUE,FALSE
master_16,Influenza (H5N1 avian influenza),Influenza (H5N1 avian influenza),Falco rusticolus,120794,aves,falconiformes,falconidae,PCR/Sequencing,Alphainfluenzavirus influenzae (H5N1),TRUE,TRUE,TRUE,FALSE
master_16,Influenza (H5N1 avian influenza),Influenza (H5N1 avian influenza),Falco sparverius,56350,aves,falconiformes,falconidae,PCR/Sequencing,Alphainfluenzavirus influenzae (H5N1),TRUE,TRUE,TRUE,FALSE
master_16,Influenza (H5N1 avian influenza),Influenza (H5N1 avian influenza),Falco tinnunculus,100819,aves,falconiformes,falconidae,PCR/Sequencing,Alphainfluenzavirus influenzae (H5N1),TRUE,TRUE,TRUE,FALSE
master_16,Influenza (H5N1 avian influenza),Influenza (H5N1 avian influenza),Felis catus,9685,mammalia,carnivora,felidae,Isolation/Observation; PCR/Sequencing,Alphainfluenzavirus influenzae (H5N1),TRUE,TRUE,TRUE,FALSE
master_16,Influenza (H5N1 avian influenza),Influenza (H5N1 avian influenza),Francolinus pintadeanus,472989,aves,galliformes,phasianidae,PCR/Sequencing,Alphainfluenzavirus influenzae (H5N1),TRUE,TRUE,TRUE,FALSE
master_16,Influenza (H5N1 avian influenza),Influenza (H5N1 avian influenza),Fratercula arctica,28701,aves,charadriiformes,alcidae,PCR/Sequencing,Alphainfluenzavirus influenzae (H5N1),TRUE,TRUE,TRUE,FALSE
master_16,Influenza (H5N1 avian influenza),Influenza (H5N1 avian influenza),Fratercula corniculata,28702,aves,charadriiformes,alcidae,PCR/Sequencing,Alphainfluenzavirus influenzae (H5N1),TRUE,TRUE,TRUE,FALSE
master_16,Influenza (H5N1 avian influenza),Influenza (H5N1 avian influenza),Fregata magnificens,37042,aves,suliformes,fregatidae,PCR/Sequencing,Alphainfluenzavirus influenzae (H5N1),TRUE,TRUE,TRUE,FALSE
master_16,Influenza (H5N1 avian influenza),Influenza (H5N1 avian influenza),Fringilla montifringilla,36255,aves,passeriformes,fringillidae,PCR/Sequencing,Alphainfluenzavirus influenzae (H5N1),TRUE,TRUE,TRUE,FALSE
master_16,Influenza (H5N1 avian influenza),Influenza (H5N1 avian influenza),Fulica americana,81903,aves,gruiformes,rallidae,PCR/Sequencing,Alphainfluenzavirus influenzae (H5N1),TRUE,TRUE,TRUE,FALSE
master_16,Influenza (H5N1 avian influenza),Influenza (H5N1 avian influenza),Fulica armillata,555254,aves,gruiformes,rallidae,PCR/Sequencing,Alphainfluenzavirus influenzae (H5N1),TRUE,TRUE,TRUE,FALSE
master_16,Influenza (H5N1 avian influenza),Influenza (H5N1 avian influenza),Fulica atra,9121,aves,gruiformes,rallidae,PCR/Sequencing,Alphainfluenzavirus influenzae (H5N1),TRUE,TRUE,TRUE,FALSE
master_16,Influenza (H5N1 avian influenza),Influenza (H5N1 avian influenza),Fulica rufifrons,555257,aves,gruiformes,rallidae,PCR/Sequencing,Alphainfluenzavirus influenzae (H5N1),TRUE,TRUE,TRUE,FALSE
master_16,Influenza (H5N1 avian influenza),Influenza (H5N1 avian influenza),Fulmarus glacialis,30455,aves,procellariiformes,procellariidae,PCR/Sequencing,Alphainfluenzavirus influenzae (H5N1),TRUE,TRUE,TRUE,FALSE
master_16,Influenza (H5N1 avian influenza),Influenza (H5N1 avian influenza),Gallicrex cinerea,261967,aves,gruiformes,rallidae,PCR/Sequencing,Alphainfluenzavirus influenzae (H5N1),TRUE,TRUE,TRUE,FALSE
master_16,Influenza (H5N1 avian influenza),Influenza (H5N1 avian influenza),Gallinago gallinago,107377,aves,charadriiformes,scolopacidae,PCR/Sequencing,Alphainfluenzavirus influenzae (H5N1),TRUE,TRUE,TRUE,FALSE
master_16,Influenza (H5N1 avian influenza),Influenza (H5N1 avian influenza),Gallinula chloropus,9123,aves,gruiformes,rallidae,PCR/Sequencing,Alphainfluenzavirus influenzae (H5N1),TRUE,TRUE,TRUE,FALSE
master_16,Influenza (H5N1 avian influenza),Influenza (H5N1 avian influenza),Gallus gallus,9031,aves,galliformes,phasianidae,Isolation/Observation; PCR/Sequencing,Alphainfluenzavirus influenzae (H5N1),TRUE,TRUE,TRUE,FALSE
master_16,Influenza (H5N1 avian influenza),Influenza (H5N1 avian influenza),Garrulax canorus,238855,aves,passeriformes,leiotrichidae,PCR/Sequencing,Alphainfluenzavirus influenzae (H5N1),TRUE,TRUE,TRUE,FALSE
master_16,Influenza (H5N1 avian influenza),Influenza (H5N1 avian influenza),Gavia immer,37039,aves,gaviiformes,gaviidae,PCR/Sequencing,Alphainfluenzavirus influenzae (H5N1),TRUE,TRUE,TRUE,FALSE
master_16,Influenza (H5N1 avian influenza),Influenza (H5N1 avian influenza),Geopelia placida,471127,aves,columbiformes,columbidae,PCR/Sequencing,Alphainfluenzavirus influenzae (H5N1),TRUE,TRUE,TRUE,FALSE
master_16,Influenza (H5N1 avian influenza),Influenza (H5N1 avian influenza),Geothlypis tolmiei,142474,aves,passeriformes,parulidae,PCR/Sequencing,Alphainfluenzavirus influenzae (H5N1),TRUE,TRUE,TRUE,FALSE
master_16,Influenza (H5N1 avian influenza),Influenza (H5N1 avian influenza),Globicephala melas,9731,mammalia,artiodactyla,delphinidae,Isolation/Observation; PCR/Sequencing,Alphainfluenzavirus influenzae (H5N1),TRUE,TRUE,TRUE,FALSE
master_16,Influenza (H5N1 avian influenza),Influenza (H5N1 avian influenza),Gracula religiosa,116992,aves,passeriformes,sturnidae,PCR/Sequencing,Alphainfluenzavirus influenzae (H5N1),TRUE,TRUE,TRUE,FALSE
master_16,Influenza (H5N1 avian influenza),Influenza (H5N1 avian influenza),Grus japonensis,30415,aves,gruiformes,gruidae,PCR/Sequencing,Alphainfluenzavirus influenzae (H5N1),TRUE,TRUE,TRUE,FALSE
master_16,Influenza (H5N1 avian influenza),Influenza (H5N1 avian influenza),Grus monacha,40818,aves,gruiformes,gruidae,PCR/Sequencing,Alphainfluenzavirus influenzae (H5N1),TRUE,TRUE,TRUE,FALSE
master_16,Influenza (H5N1 avian influenza),Influenza (H5N1 avian influenza),Grus nigricollis,40817,aves,gruiformes,gruidae,PCR/Sequencing,Alphainfluenzavirus influenzae (H5N1),TRUE,TRUE,TRUE,FALSE
master_16,Influenza (H5N1 avian influenza),Influenza (H5N1 avian influenza),Gymnogyps californianus,33616,aves,cathartiformes,cathartidae,PCR/Sequencing,Alphainfluenzavirus influenzae (H5N1),TRUE,TRUE,TRUE,FALSE
master_16,Influenza (H5N1 avian influenza),Influenza (H5N1 avian influenza),Gyps fulvus,36247,aves,accipitriformes,accipitridae,PCR/Sequencing,Alphainfluenzavirus influenzae (H5N1),TRUE,TRUE,TRUE,FALSE
master_16,Influenza (H5N1 avian influenza),Influenza (H5N1 avian influenza),Haematopus ater,185689,aves,charadriiformes,haematopodidae,PCR/Sequencing,Alphainfluenzavirus influenzae (H5N1),TRUE,TRUE,TRUE,FALSE
master_16,Influenza (H5N1 avian influenza),Influenza (H5N1 avian influenza),Haematopus moquini,2587770,aves,charadriiformes,haematopodidae,PCR/Sequencing,Alphainfluenzavirus influenzae (H5N1),TRUE,TRUE,TRUE,FALSE
master_16,Influenza (H5N1 avian influenza),Influenza (H5N1 avian influenza),Haematopus palliatus,279960,aves,charadriiformes,haematopodidae,PCR/Sequencing,Alphainfluenzavirus influenzae (H5N1),TRUE,TRUE,TRUE,FALSE
master_16,Influenza (H5N1 avian influenza),Influenza (H5N1 avian influenza),Haliaeetus albicilla,8969,aves,accipitriformes,accipitridae,PCR/Sequencing,Alphainfluenzavirus influenzae (H5N1),TRUE,TRUE,TRUE,FALSE
master_16,Influenza (H5N1 avian influenza),Influenza (H5N1 avian influenza),Haliaeetus leucocephalus,52644,aves,accipitriformes,accipitridae,Isolation/Observation; PCR/Sequencing,Alphainfluenzavirus influenzae (H5N1),TRUE,TRUE,TRUE,FALSE
master_16,Influenza (H5N1 avian influenza),Influenza (H5N1 avian influenza),Haliaeetus pelagicus,52647,aves,accipitriformes,accipitridae,PCR/Sequencing,Alphainfluenzavirus influenzae (H5N1),TRUE,TRUE,TRUE,FALSE
master_16,Influenza (H5N1 avian influenza),Influenza (H5N1 avian influenza),Halichoerus grypus,9711,mammalia,carnivora,phocidae,PCR/Sequencing,Alphainfluenzavirus influenzae (H5N1),TRUE,TRUE,TRUE,FALSE
master_16,Influenza (H5N1 avian influenza),Influenza (H5N1 avian influenza),Heteronetta atricapilla,555264,aves,anseriformes,anatidae,PCR/Sequencing,Alphainfluenzavirus influenzae (H5N1),TRUE,TRUE,TRUE,FALSE
master_16,Influenza (H5N1 avian influenza),Influenza (H5N1 avian influenza),Himantopus himantopus,225398,aves,charadriiformes,recurvirostridae,PCR/Sequencing,Alphainfluenzavirus influenzae (H5N1),TRUE,TRUE,TRUE,FALSE
master_16,Influenza (H5N1 avian influenza),Influenza (H5N1 avian influenza),Himantopus himantopus,507595,aves,charadriiformes,recurvirostridae,PCR/Sequencing,Alphainfluenzavirus influenzae (H5N1),TRUE,TRUE,TRUE,FALSE
master_16,Influenza (H5N1 avian influenza),Influenza (H5N1 avian influenza),Himantopus mexicanus,227231,,,,PCR/Sequencing,Alphainfluenzavirus influenzae (H5N1),TRUE,TRUE,TRUE,FALSE
master_16,Influenza (H5N1 avian influenza),Influenza (H5N1 avian influenza),Hirundo rustica,43150,aves,passeriformes,hirundinidae,PCR/Sequencing,Alphainfluenzavirus influenzae (H5N1),TRUE,TRUE,TRUE,FALSE
master_16,Influenza (H5N1 avian influenza),Influenza (H5N1 avian influenza),Histrionicus histrionicus,68165,aves,anseriformes,anatidae,PCR/Sequencing,Alphainfluenzavirus influenzae (H5N1),TRUE,TRUE,TRUE,FALSE
master_16,Influenza (H5N1 avian influenza),Influenza (H5N1 avian influenza),Homo sapiens,9606,,,,Isolation/Observation; PCR/Sequencing,Alphainfluenzavirus influenzae (H5N1),TRUE,TRUE,TRUE,FALSE
master_16,Influenza (H5N1 avian influenza),Influenza (H5N1 avian influenza),Hydroprogne caspia,425641,aves,charadriiformes,laridae,PCR/Sequencing,Alphainfluenzavirus influenzae (H5N1),TRUE,TRUE,TRUE,FALSE
master_16,Influenza (H5N1 avian influenza),Influenza (H5N1 avian influenza),Ichthyaetus ichthyaetus,126702,,,,PCR/Sequencing,Alphainfluenzavirus influenzae (H5N1),TRUE,TRUE,TRUE,FALSE
master_16,Influenza (H5N1 avian influenza),Influenza (H5N1 avian influenza),Ichthyaetus melanocephalus,1288290,,,,PCR/Sequencing,Alphainfluenzavirus influenzae (H5N1),TRUE,TRUE,TRUE,FALSE
master_16,Influenza (H5N1 avian influenza),Influenza (H5N1 avian influenza),Icteria virens,135437,aves,passeriformes,icteridae,PCR/Sequencing,Alphainfluenzavirus influenzae (H5N1),TRUE,TRUE,TRUE,FALSE
master_16,Influenza (H5N1 avian influenza),Influenza (H5N1 avian influenza),Ixobrychus eurhythmus,670346,aves,pelecaniformes,ardeidae,PCR/Sequencing,Alphainfluenzavirus influenzae (H5N1),TRUE,TRUE,TRUE,FALSE
master_16,Influenza (H5N1 avian influenza),Influenza (H5N1 avian influenza),Junco hyemalis,40217,aves,passeriformes,passerellidae,PCR/Sequencing,Alphainfluenzavirus influenzae (H5N1),TRUE,TRUE,TRUE,FALSE
master_16,Influenza (H5N1 avian influenza),Influenza (H5N1 avian influenza),Lagenorhynchus acutus,3371109,,,,PCR/Sequencing,Alphainfluenzavirus influenzae (H5N1),TRUE,TRUE,TRUE,FALSE
master_16,Influenza (H5N1 avian influenza),Influenza (H5N1 avian influenza),Lanius schach,276763,aves,passeriformes,laniidae,PCR/Sequencing,Alphainfluenzavirus influenzae (H5N1),TRUE,TRUE,TRUE,FALSE
master_16,Influenza (H5N1 avian influenza),Influenza (H5N1 avian influenza),Larosterna inca,297811,aves,charadriiformes,laridae,PCR/Sequencing,Alphainfluenzavirus influenzae (H5N1),TRUE,TRUE,TRUE,FALSE
master_16,Influenza (H5N1 avian influenza),Influenza (H5N1 avian influenza),Larus argentatus,35669,aves,charadriiformes,laridae,PCR/Sequencing,Alphainfluenzavirus influenzae (H5N1),TRUE,TRUE,TRUE,FALSE
master_16,Influenza (H5N1 avian influenza),Influenza (H5N1 avian influenza),Larus armenicus,119635,aves,charadriiformes,laridae,PCR/Sequencing,Alphainfluenzavirus influenzae (H5N1),TRUE,TRUE,TRUE,FALSE
master_16,Influenza (H5N1 avian influenza),Influenza (H5N1 avian influenza),Larus belcheri,328041,aves,charadriiformes,laridae,PCR/Sequencing,Alphainfluenzavirus influenzae (H5N1),TRUE,TRUE,TRUE,FALSE
master_16,Influenza (H5N1 avian influenza),Influenza (H5N1 avian influenza),Larus cachinnans,119609,aves,charadriiformes,laridae,PCR/Sequencing,Alphainfluenzavirus influenzae (H5N1),TRUE,TRUE,TRUE,FALSE
master_16,Influenza (H5N1 avian influenza),Influenza (H5N1 avian influenza),Larus californicus,126681,aves,charadriiformes,laridae,PCR/Sequencing,Alphainfluenzavirus influenzae (H5N1),TRUE,TRUE,TRUE,FALSE
master_16,Influenza (H5N1 avian influenza),Influenza (H5N1 avian influenza),Larus canus,28681,aves,charadriiformes,laridae,PCR/Sequencing,Alphainfluenzavirus influenzae (H5N1),TRUE,TRUE,TRUE,FALSE
master_16,Influenza (H5N1 avian influenza),Influenza (H5N1 avian influenza),Larus crassirostris,179808,aves,charadriiformes,laridae,PCR/Sequencing,Alphainfluenzavirus influenzae (H5N1),TRUE,TRUE,TRUE,FALSE
master_16,Influenza (H5N1 avian influenza),Influenza (H5N1 avian influenza),Larus delawarensis,126683,aves,charadriiformes,laridae,PCR/Sequencing,Alphainfluenzavirus influenzae (H5N1),TRUE,TRUE,TRUE,FALSE
master_16,Influenza (H5N1 avian influenza),Influenza (H5N1 avian influenza),Larus dominicanus,37036,aves,charadriiformes,laridae,PCR/Sequencing,Alphainfluenzavirus influenzae (H5N1),TRUE,TRUE,TRUE,FALSE
master_16,Influenza (H5N1 avian influenza),Influenza (H5N1 avian influenza),Larus fuscus,8915,aves,charadriiformes,laridae,PCR/Sequencing,Alphainfluenzavirus influenzae (H5N1),TRUE,TRUE,TRUE,FALSE
master_16,Influenza (H5N1 avian influenza),Influenza (H5N1 avian influenza),Larus glaucescens,119606,aves,charadriiformes,laridae,PCR/Sequencing,Alphainfluenzavirus influenzae (H5N1),TRUE,TRUE,TRUE,FALSE
master_16,Influenza (H5N1 avian influenza),Influenza (H5N1 avian influenza),Larus glaucoides,118194,aves,charadriiformes,laridae,PCR/Sequencing,Alphainfluenzavirus influenzae (H5N1),TRUE,TRUE,TRUE,FALSE
master_16,Influenza (H5N1 avian influenza),Influenza (H5N1 avian influenza),Larus glaucoides thayeri,126718,,,,PCR/Sequencing,Alphainfluenzavirus influenzae (H5N1),TRUE,TRUE,TRUE,FALSE
master_16,Influenza (H5N1 avian influenza),Influenza (H5N1 avian influenza),Larus hyperboreus,119637,aves,charadriiformes,laridae,PCR/Sequencing,Alphainfluenzavirus influenzae (H5N1),TRUE,TRUE,TRUE,FALSE
master_16,Influenza (H5N1 avian influenza),Influenza (H5N1 avian influenza),Larus marinus,8912,aves,charadriiformes,laridae,PCR/Sequencing,Alphainfluenzavirus influenzae (H5N1),TRUE,TRUE,TRUE,FALSE
master_16,Influenza (H5N1 avian influenza),Influenza (H5N1 avian influenza),Larus michahellis,119627,aves,charadriiformes,laridae,PCR/Sequencing,Alphainfluenzavirus influenzae (H5N1),TRUE,TRUE,TRUE,FALSE
master_16,Influenza (H5N1 avian influenza),Influenza (H5N1 avian influenza),Larus occidentalis,126713,aves,charadriiformes,laridae,PCR/Sequencing,Alphainfluenzavirus influenzae (H5N1),TRUE,TRUE,TRUE,FALSE
master_16,Influenza (H5N1 avian influenza),Influenza (H5N1 avian influenza),Larus schistisagus,119607,aves,charadriiformes,laridae,PCR/Sequencing,Alphainfluenzavirus influenzae (H5N1),TRUE,TRUE,TRUE,FALSE
master_16,Influenza (H5N1 avian influenza),Influenza (H5N1 avian influenza),Larus smithsonianus,243888,aves,charadriiformes,laridae,PCR/Sequencing,Alphainfluenzavirus influenzae (H5N1),TRUE,TRUE,TRUE,FALSE
master_16,Influenza (H5N1 avian influenza),Influenza (H5N1 avian influenza),Larus vegae,119608,,,,PCR/Sequencing,Alphainfluenzavirus influenzae (H5N1),TRUE,TRUE,TRUE,FALSE
master_16,Influenza (H5N1 avian influenza),Influenza (H5N1 avian influenza),Leiothrix argentauris,201335,aves,passeriformes,leiotrichidae,PCR/Sequencing,Alphainfluenzavirus influenzae (H5N1),TRUE,TRUE,TRUE,FALSE
master_16,Influenza (H5N1 avian influenza),Influenza (H5N1 avian influenza),Leiothrix lutea,36275,aves,passeriformes,leiotrichidae,PCR/Sequencing,Alphainfluenzavirus influenzae (H5N1),TRUE,TRUE,TRUE,FALSE
master_16,Influenza (H5N1 avian influenza),Influenza (H5N1 avian influenza),Leopardus geoffroyi,46844,mammalia,carnivora,felidae,PCR/Sequencing,Alphainfluenzavirus influenzae (H5N1),TRUE,TRUE,TRUE,FALSE
master_16,Influenza (H5N1 avian influenza),Influenza (H5N1 avian influenza),Leptailurus serval,61405,mammalia,carnivora,felidae,PCR/Sequencing,Alphainfluenzavirus influenzae (H5N1),TRUE,TRUE,TRUE,FALSE
master_16,Influenza (H5N1 avian influenza),Influenza (H5N1 avian influenza),Leptoptilos crumenifer,3150064,,,,PCR/Sequencing,Alphainfluenzavirus influenzae (H5N1),TRUE,TRUE,TRUE,FALSE
master_16,Influenza (H5N1 avian influenza),Influenza (H5N1 avian influenza),Leucocarbo bougainvilliorum,146616,,,,PCR/Sequencing,Alphainfluenzavirus influenzae (H5N1),TRUE,TRUE,TRUE,FALSE
master_16,Influenza (H5N1 avian influenza),Influenza (H5N1 avian influenza),Leucocarbo georgianus,732180,,,,PCR/Sequencing,Alphainfluenzavirus influenzae (H5N1),TRUE,TRUE,TRUE,FALSE
master_16,Influenza (H5N1 avian influenza),Influenza (H5N1 avian influenza),Leucophaeus atricilla,126679,,,,PCR/Sequencing,Alphainfluenzavirus influenzae (H5N1),TRUE,TRUE,TRUE,FALSE
master_16,Influenza (H5N1 avian influenza),Influenza (H5N1 avian influenza),Leucophaeus modestus,1471025,,,,PCR/Sequencing,Alphainfluenzavirus influenzae (H5N1),TRUE,TRUE,TRUE,FALSE
master_16,Influenza (H5N1 avian influenza),Influenza (H5N1 avian influenza),Leucophaeus pipixcan,690715,,,,PCR/Sequencing,Alphainfluenzavirus influenzae (H5N1),TRUE,TRUE,TRUE,FALSE
master_16,Influenza (H5N1 avian influenza),Influenza (H5N1 avian influenza),Leucophaeus scoresbii,328019,,,,PCR/Sequencing,Alphainfluenzavirus influenzae (H5N1),TRUE,TRUE,TRUE,FALSE
master_16,Influenza (H5N1 avian influenza),Influenza (H5N1 avian influenza),Limnodromus griseus,279949,aves,charadriiformes,scolopacidae,PCR/Sequencing,Alphainfluenzavirus influenzae (H5N1),TRUE,TRUE,TRUE,FALSE
master_16,Influenza (H5N1 avian influenza),Influenza (H5N1 avian influenza),Limosa limosa,161680,aves,charadriiformes,scolopacidae,PCR/Sequencing,Alphainfluenzavirus influenzae (H5N1),TRUE,TRUE,TRUE,FALSE
master_16,Influenza (H5N1 avian influenza),Influenza (H5N1 avian influenza),Linaria flavirostris,90717,aves,passeriformes,fringillidae,PCR/Sequencing,Alphainfluenzavirus influenzae (H5N1),TRUE,TRUE,TRUE,FALSE
master_16,Influenza (H5N1 avian influenza),Influenza (H5N1 avian influenza),Lonchura atricapilla,1036803,aves,passeriformes,estrildidae,PCR/Sequencing,Alphainfluenzavirus influenzae (H5N1),TRUE,TRUE,TRUE,FALSE
master_16,Influenza (H5N1 avian influenza),Influenza (H5N1 avian influenza),Lonchura punctulata,414892,aves,passeriformes,estrildidae,PCR/Sequencing,Alphainfluenzavirus influenzae (H5N1),TRUE,TRUE,TRUE,FALSE
master_16,Influenza (H5N1 avian influenza),Influenza (H5N1 avian influenza),Lonchura striata,40157,aves,passeriformes,estrildidae,PCR/Sequencing,Alphainfluenzavirus influenzae (H5N1),TRUE,TRUE,TRUE,FALSE
master_16,Influenza (H5N1 avian influenza),Influenza (H5N1 avian influenza),Lontra felina,76718,mammalia,carnivora,mustelidae,PCR/Sequencing,Alphainfluenzavirus influenzae (H5N1),TRUE,TRUE,TRUE,FALSE
master_16,Influenza (H5N1 avian influenza),Influenza (H5N1 avian influenza),Lontra provocax,366500,mammalia,carnivora,mustelidae,PCR/Sequencing,Alphainfluenzavirus influenzae (H5N1),TRUE,TRUE,TRUE,FALSE
master_16,Influenza (H5N1 avian influenza),Influenza (H5N1 avian influenza),Lophodytes cucullatus,279951,aves,anseriformes,anatidae,PCR/Sequencing,Alphainfluenzavirus influenzae (H5N1),TRUE,TRUE,TRUE,FALSE
master_16,Influenza (H5N1 avian influenza),Influenza (H5N1 avian influenza),Lophura ignita,9044,aves,galliformes,phasianidae,PCR/Sequencing,Alphainfluenzavirus influenzae (H5N1),TRUE,TRUE,TRUE,FALSE
master_16,Influenza (H5N1 avian influenza),Influenza (H5N1 avian influenza),Lophura leucomelanos,140445,aves,galliformes,phasianidae,Isolation/Observation; PCR/Sequencing,Alphainfluenzavirus influenzae (H5N1),TRUE,TRUE,TRUE,FALSE
master_16,Influenza (H5N1 avian influenza),Influenza (H5N1 avian influenza),Lophura nycthemera,9046,aves,galliformes,phasianidae,PCR/Sequencing,Alphainfluenzavirus influenzae (H5N1),TRUE,TRUE,TRUE,FALSE
master_16,Influenza (H5N1 avian influenza),Influenza (H5N1 avian influenza),Lynx rufus,61384,mammalia,carnivora,felidae,PCR/Sequencing,Alphainfluenzavirus influenzae (H5N1),TRUE,TRUE,TRUE,FALSE
master_16,Influenza (H5N1 avian influenza),Influenza (H5N1 avian influenza),Macaca,9549,,,,PCR/Sequencing,Alphainfluenzavirus influenzae (H5N1),TRUE,TRUE,TRUE,FALSE
master_16,Influenza (H5N1 avian influenza),Influenza (H5N1 avian influenza),Malacorhynchus membranaceus,45646,aves,anseriformes,anatidae,PCR/Sequencing,Alphainfluenzavirus influenzae (H5N1),TRUE,TRUE,TRUE,FALSE
master_16,Influenza (H5N1 avian influenza),Influenza (H5N1 avian influenza),Mareca americana,75832,aves,anseriformes,anatidae,Isolation/Observation; PCR/Sequencing,Alphainfluenzavirus influenzae (H5N1),TRUE,TRUE,TRUE,FALSE
master_16,Influenza (H5N1 avian influenza),Influenza (H5N1 avian influenza),Mareca falcata,75844,aves,anseriformes,anatidae,PCR/Sequencing,Alphainfluenzavirus influenzae (H5N1),TRUE,TRUE,TRUE,FALSE
master_16,Influenza (H5N1 avian influenza),Influenza (H5N1 avian influenza),Mareca penelope,8838,aves,anseriformes,anatidae,Isolation/Observation; PCR/Sequencing,Alphainfluenzavirus influenzae (H5N1),TRUE,TRUE,TRUE,FALSE
master_16,Influenza (H5N1 avian influenza),Influenza (H5N1 avian influenza),Mareca sibilatrix,75858,aves,anseriformes,anatidae,PCR/Sequencing,Alphainfluenzavirus influenzae (H5N1),TRUE,TRUE,TRUE,FALSE
master_16,Influenza (H5N1 avian influenza),Influenza (H5N1 avian influenza),Mareca strepera,75861,aves,anseriformes,anatidae,Isolation/Observation; PCR/Sequencing,Alphainfluenzavirus influenzae (H5N1),TRUE,TRUE,TRUE,FALSE
master_16,Influenza (H5N1 avian influenza),Influenza (H5N1 avian influenza),Marmaronetta angustirostris,75875,aves,anseriformes,anatidae,PCR/Sequencing,Alphainfluenzavirus influenzae (H5N1),TRUE,TRUE,TRUE,FALSE
master_16,Influenza (H5N1 avian influenza),Influenza (H5N1 avian influenza),Martes foina,9659,mammalia,carnivora,mustelidae,Isolation/Observation; PCR/Sequencing,Alphainfluenzavirus influenzae (H5N1),TRUE,TRUE,TRUE,FALSE
master_16,Influenza (H5N1 avian influenza),Influenza (H5N1 avian influenza),Megascops choliba,507958,aves,strigiformes,strigidae,PCR/Sequencing,Alphainfluenzavirus influenzae (H5N1),TRUE,TRUE,TRUE,FALSE
master_16,Influenza (H5N1 avian influenza),Influenza (H5N1 avian influenza),Melanitta americana,1581554,aves,anseriformes,anatidae,PCR/Sequencing,Alphainfluenzavirus influenzae (H5N1),TRUE,TRUE,TRUE,FALSE
master_16,Influenza (H5N1 avian influenza),Influenza (H5N1 avian influenza),Melanitta fusca,371864,aves,anseriformes,anatidae,PCR/Sequencing,Alphainfluenzavirus influenzae (H5N1),TRUE,TRUE,TRUE,FALSE
master_16,Influenza (H5N1 avian influenza),Influenza (H5N1 avian influenza),Melanitta nigra,198027,aves,anseriformes,anatidae,PCR/Sequencing,Alphainfluenzavirus influenzae (H5N1),TRUE,TRUE,TRUE,FALSE
master_16,Influenza (H5N1 avian influenza),Influenza (H5N1 avian influenza),Melanitta perspicillata,371863,aves,anseriformes,anatidae,PCR/Sequencing,Alphainfluenzavirus influenzae (H5N1),TRUE,TRUE,TRUE,FALSE
master_16,Influenza (H5N1 avian influenza),Influenza (H5N1 avian influenza),Meleagris gallopavo,9103,aves,galliformes,phasianidae,Isolation/Observation; PCR/Sequencing,Alphainfluenzavirus influenzae (H5N1),TRUE,TRUE,TRUE,FALSE
master_16,Influenza (H5N1 avian influenza),Influenza (H5N1 avian influenza),Meles leucurus,702266,mammalia,carnivora,mustelidae,PCR/Sequencing,Alphainfluenzavirus influenzae (H5N1),TRUE,TRUE,TRUE,FALSE
master_16,Influenza (H5N1 avian influenza),Influenza (H5N1 avian influenza),Melospiza melodia,44397,aves,passeriformes,passerellidae,PCR/Sequencing,Alphainfluenzavirus influenzae (H5N1),TRUE,TRUE,TRUE,FALSE
master_16,Influenza (H5N1 avian influenza),Influenza (H5N1 avian influenza),Melursus ursinus,9636,mammalia,carnivora,ursidae,PCR/Sequencing,Alphainfluenzavirus influenzae (H5N1),TRUE,TRUE,TRUE,FALSE
master_16,Influenza (H5N1 avian influenza),Influenza (H5N1 avian influenza),Mephitis mephitis,30548,mammalia,carnivora,mephitidae,PCR/Sequencing,Alphainfluenzavirus influenzae (H5N1),TRUE,TRUE,TRUE,FALSE
master_16,Influenza (H5N1 avian influenza),Influenza (H5N1 avian influenza),Mergellus albellus,107026,aves,anseriformes,anatidae,PCR/Sequencing,Alphainfluenzavirus influenzae (H5N1),TRUE,TRUE,TRUE,FALSE
master_16,Influenza (H5N1 avian influenza),Influenza (H5N1 avian influenza),Mergus merganser,8880,aves,anseriformes,anatidae,PCR/Sequencing,Alphainfluenzavirus influenzae (H5N1),TRUE,TRUE,TRUE,FALSE
master_16,Influenza (H5N1 avian influenza),Influenza (H5N1 avian influenza),Merops apiaster,265611,aves,coraciiformes,meropidae,PCR/Sequencing,Alphainfluenzavirus influenzae (H5N1),TRUE,TRUE,TRUE,FALSE
master_16,Influenza (H5N1 avian influenza),Influenza (H5N1 avian influenza),Microcarbo coronatus,1523041,aves,suliformes,phalacrocoracidae,PCR/Sequencing,Alphainfluenzavirus influenzae (H5N1),TRUE,TRUE,TRUE,FALSE
master_16,Influenza (H5N1 avian influenza),Influenza (H5N1 avian influenza),Microcarbo niger,1517963,aves,suliformes,phalacrocoracidae,PCR/Sequencing,Alphainfluenzavirus influenzae (H5N1),TRUE,TRUE,TRUE,FALSE
master_16,Influenza (H5N1 avian influenza),Influenza (H5N1 avian influenza),Milvago chimango,357707,,,,PCR/Sequencing,Alphainfluenzavirus influenzae (H5N1),TRUE,TRUE,TRUE,FALSE
master_16,Influenza (H5N1 avian influenza),Influenza (H5N1 avian influenza),Milvus migrans,52810,aves,accipitriformes,accipitridae,PCR/Sequencing,Alphainfluenzavirus influenzae (H5N1),TRUE,TRUE,TRUE,FALSE
master_16,Influenza (H5N1 avian influenza),Influenza (H5N1 avian influenza),Mirounga angustirostris,9716,mammalia,carnivora,phocidae,PCR/Sequencing,Alphainfluenzavirus influenzae (H5N1),TRUE,TRUE,TRUE,FALSE
master_16,Influenza (H5N1 avian influenza),Influenza (H5N1 avian influenza),Mirounga leonina,9715,mammalia,carnivora,phocidae,PCR/Sequencing,Alphainfluenzavirus influenzae (H5N1),TRUE,TRUE,TRUE,FALSE
master_16,Influenza (H5N1 avian influenza),Influenza (H5N1 avian influenza),Montifringilla henrici,2557930,aves,passeriformes,passeridae,PCR/Sequencing,Alphainfluenzavirus influenzae (H5N1),TRUE,TRUE,TRUE,FALSE
master_16,Influenza (H5N1 avian influenza),Influenza (H5N1 avian influenza),Morus bassanus,37578,aves,suliformes,sulidae,PCR/Sequencing,Alphainfluenzavirus influenzae (H5N1),TRUE,TRUE,TRUE,FALSE
master_16,Influenza (H5N1 avian influenza),Influenza (H5N1 avian influenza),Motacilla alba,45807,aves,passeriformes,motacillidae,PCR/Sequencing,Alphainfluenzavirus influenzae (H5N1),TRUE,TRUE,TRUE,FALSE
master_16,Influenza (H5N1 avian influenza),Influenza (H5N1 avian influenza),Mus musculus,10090,mammalia,rodentia,muridae,PCR/Sequencing,Alphainfluenzavirus influenzae (H5N1),TRUE,TRUE,TRUE,FALSE
master_16,Influenza (H5N1 avian influenza),Influenza (H5N1 avian influenza),Mustela,30549,,,,PCR/Sequencing,Alphainfluenzavirus influenzae (H5N1),TRUE,TRUE,TRUE,FALSE
master_16,Influenza (H5N1 avian influenza),Influenza (H5N1 avian influenza),Mustela erminea,36723,mammalia,carnivora,mustelidae,PCR/Sequencing,Alphainfluenzavirus influenzae (H5N1),TRUE,TRUE,TRUE,FALSE
master_16,Influenza (H5N1 avian influenza),Influenza (H5N1 avian influenza),Mustela lutreola,9666,mammalia,carnivora,mustelidae,PCR/Sequencing,Alphainfluenzavirus influenzae (H5N1),TRUE,TRUE,TRUE,FALSE
master_16,Influenza (H5N1 avian influenza),Influenza (H5N1 avian influenza),Mustela nigripes,77151,mammalia,carnivora,mustelidae,PCR/Sequencing,Alphainfluenzavirus influenzae (H5N1),TRUE,TRUE,TRUE,FALSE
master_16,Influenza (H5N1 avian influenza),Influenza (H5N1 avian influenza),Mustela putorius,9668,mammalia,carnivora,mustelidae,PCR/Sequencing,Alphainfluenzavirus influenzae (H5N1),TRUE,TRUE,TRUE,FALSE
master_16,Influenza (H5N1 avian influenza),Influenza (H5N1 avian influenza),Mustela putorius,9669,mammalia,carnivora,mustelidae,PCR/Sequencing,Alphainfluenzavirus influenzae (H5N1),TRUE,TRUE,TRUE,FALSE
master_16,Influenza (H5N1 avian influenza),Influenza (H5N1 avian influenza),Myiopsitta monachus,176066,aves,psittaciformes,psittacidae,PCR/Sequencing,Alphainfluenzavirus influenzae (H5N1),TRUE,TRUE,TRUE,FALSE
master_16,Influenza (H5N1 avian influenza),Influenza (H5N1 avian influenza),Myrmecophaga tridactyla,71006,mammalia,pilosa,myrmecophagidae,PCR/Sequencing,Alphainfluenzavirus influenzae (H5N1),TRUE,TRUE,TRUE,FALSE
master_16,Influenza (H5N1 avian influenza),Influenza (H5N1 avian influenza),Nannopterum auritum,56069,,,,PCR/Sequencing,Alphainfluenzavirus influenzae (H5N1),TRUE,TRUE,TRUE,FALSE
master_16,Influenza (H5N1 avian influenza),Influenza (H5N1 avian influenza),Nannopterum brasilianum,37046,,,,PCR/Sequencing,Alphainfluenzavirus influenzae (H5N1),TRUE,TRUE,TRUE,FALSE
master_16,Influenza (H5N1 avian influenza),Influenza (H5N1 avian influenza),Nasua nasua,9651,mammalia,carnivora,procyonidae,PCR/Sequencing,Alphainfluenzavirus influenzae (H5N1),TRUE,TRUE,TRUE,FALSE
master_16,Influenza (H5N1 avian influenza),Influenza (H5N1 avian influenza),Necrosyrtes monachus,30399,aves,accipitriformes,accipitridae,PCR/Sequencing,Alphainfluenzavirus influenzae (H5N1),TRUE,TRUE,TRUE,FALSE
master_16,Influenza (H5N1 avian influenza),Influenza (H5N1 avian influenza),Neofelis nebulosa,61452,mammalia,carnivora,felidae,PCR/Sequencing,Alphainfluenzavirus influenzae (H5N1),TRUE,TRUE,TRUE,FALSE
master_16,Influenza (H5N1 avian influenza),Influenza (H5N1 avian influenza),Neogale vison,452646,mammalia,carnivora,mustelidae,Isolation/Observation; PCR/Sequencing,Alphainfluenzavirus influenzae (H5N1),TRUE,TRUE,TRUE,FALSE
master_16,Influenza (H5N1 avian influenza),Influenza (H5N1 avian influenza),Netta peposaca,541013,aves,anseriformes,anatidae,PCR/Sequencing,Alphainfluenzavirus influenzae (H5N1),TRUE,TRUE,TRUE,FALSE
master_16,Influenza (H5N1 avian influenza),Influenza (H5N1 avian influenza),Netta rufina,30387,aves,anseriformes,anatidae,PCR/Sequencing,Alphainfluenzavirus influenzae (H5N1),TRUE,TRUE,TRUE,FALSE
master_16,Influenza (H5N1 avian influenza),Influenza (H5N1 avian influenza),Nisaetus cirrhatus,252795,aves,accipitriformes,accipitridae,Isolation/Observation,Alphainfluenzavirus influenzae (H5N1),TRUE,TRUE,TRUE,FALSE
master_16,Influenza (H5N1 avian influenza),Influenza (H5N1 avian influenza),Nisaetus nipalensis,214438,aves,accipitriformes,accipitridae,PCR/Sequencing,Alphainfluenzavirus influenzae (H5N1),TRUE,TRUE,TRUE,FALSE
master_16,Influenza (H5N1 avian influenza),Influenza (H5N1 avian influenza),Numenius arquata,31919,aves,charadriiformes,scolopacidae,PCR/Sequencing,Alphainfluenzavirus influenzae (H5N1),TRUE,TRUE,TRUE,FALSE
master_16,Influenza (H5N1 avian influenza),Influenza (H5N1 avian influenza),Numenius phaeopus,161676,aves,charadriiformes,scolopacidae,PCR/Sequencing,Alphainfluenzavirus influenzae (H5N1),TRUE,TRUE,TRUE,FALSE
master_16,Influenza (H5N1 avian influenza),Influenza (H5N1 avian influenza),Numida meleagris,8996,aves,galliformes,numididae,Isolation/Observation; PCR/Sequencing,Alphainfluenzavirus influenzae (H5N1),TRUE,TRUE,TRUE,FALSE
master_16,Influenza (H5N1 avian influenza),Influenza (H5N1 avian influenza),Numididae,8997,,,,PCR/Sequencing,Alphainfluenzavirus influenzae (H5N1),TRUE,TRUE,TRUE,FALSE
master_16,Influenza (H5N1 avian influenza),Influenza (H5N1 avian influenza),Nyctalus noctula,51300,mammalia,chiroptera,vespertilionidae,Isolation/Observation,Alphainfluenzavirus influenzae (H5N1),TRUE,TRUE,TRUE,FALSE
master_16,Influenza (H5N1 avian influenza),Influenza (H5N1 avian influenza),Nyctereutes procyonoides,34880,mammalia,carnivora,canidae,PCR/Sequencing,Alphainfluenzavirus influenzae (H5N1),TRUE,TRUE,TRUE,FALSE
master_16,Influenza (H5N1 avian influenza),Influenza (H5N1 avian influenza),Nycticorax nycticorax,8901,aves,pelecaniformes,ardeidae,PCR/Sequencing,Alphainfluenzavirus influenzae (H5N1),TRUE,TRUE,TRUE,FALSE
master_16,Influenza (H5N1 avian influenza),Influenza (H5N1 avian influenza),Ochotona curzoniae,130825,mammalia,lagomorpha,ochotonidae,PCR/Sequencing,Alphainfluenzavirus influenzae (H5N1),TRUE,TRUE,TRUE,FALSE
master_16,Influenza (H5N1 avian influenza),Influenza (H5N1 avian influenza),Oenanthe isabellina,358819,aves,passeriformes,muscicapidae,PCR/Sequencing,Alphainfluenzavirus influenzae (H5N1),TRUE,TRUE,TRUE,FALSE
master_16,Influenza (H5N1 avian influenza),Influenza (H5N1 avian influenza),Ondatra zibethicus,10060,mammalia,rodentia,cricetidae,PCR/Sequencing,Alphainfluenzavirus influenzae (H5N1),TRUE,TRUE,TRUE,FALSE
master_16,Influenza (H5N1 avian influenza),Influenza (H5N1 avian influenza),Onychoprion fuscatus,425648,aves,charadriiformes,laridae,PCR/Sequencing,Alphainfluenzavirus influenzae (H5N1),TRUE,TRUE,TRUE,FALSE
master_16,Influenza (H5N1 avian influenza),Influenza (H5N1 avian influenza),Ortalis vetula,8984,aves,galliformes,cracidae,PCR/Sequencing,Alphainfluenzavirus influenzae (H5N1),TRUE,TRUE,TRUE,FALSE
master_16,Influenza (H5N1 avian influenza),Influenza (H5N1 avian influenza),Otaria byronia,161932,mammalia,carnivora,otariidae,PCR/Sequencing,Alphainfluenzavirus influenzae (H5N1),TRUE,TRUE,TRUE,FALSE
master_16,Influenza (H5N1 avian influenza),Influenza (H5N1 avian influenza),Otis tarda,73107,aves,otidiformes,otididae,PCR/Sequencing,Alphainfluenzavirus influenzae (H5N1),TRUE,TRUE,TRUE,FALSE
master_16,Influenza (H5N1 avian influenza),Influenza (H5N1 avian influenza),Oxyura jamaicensis,8884,aves,anseriformes,anatidae,PCR/Sequencing,Alphainfluenzavirus influenzae (H5N1),TRUE,TRUE,TRUE,FALSE
master_16,Influenza (H5N1 avian influenza),Influenza (H5N1 avian influenza),Paguma larvata,9675,mammalia,carnivora,viverridae,PCR/Sequencing,Alphainfluenzavirus influenzae (H5N1),TRUE,TRUE,TRUE,FALSE
master_16,Influenza (H5N1 avian influenza),Influenza (H5N1 avian influenza),Paleosuchus trigonatus,38658,reptilia,crocodylia,alligatoridae,PCR/Sequencing,Alphainfluenzavirus influenzae (H5N1),TRUE,TRUE,TRUE,FALSE
master_16,Influenza (H5N1 avian influenza),Influenza (H5N1 avian influenza),Pandion haliaetus,56262,aves,accipitriformes,pandionidae,PCR/Sequencing,Alphainfluenzavirus influenzae (H5N1),TRUE,TRUE,TRUE,FALSE
master_16,Influenza (H5N1 avian influenza),Influenza (H5N1 avian influenza),Panthera leo,9689,mammalia,carnivora,felidae,PCR/Sequencing,Alphainfluenzavirus influenzae (H5N1),TRUE,TRUE,TRUE,FALSE
master_16,Influenza (H5N1 avian influenza),Influenza (H5N1 avian influenza),Panthera pardus,9691,mammalia,carnivora,felidae,PCR/Sequencing,Alphainfluenzavirus influenzae (H5N1),TRUE,TRUE,TRUE,FALSE
master_16,Influenza (H5N1 avian influenza),Influenza (H5N1 avian influenza),Panthera tigris,74535,mammalia,carnivora,felidae,PCR/Sequencing,Alphainfluenzavirus influenzae (H5N1),TRUE,TRUE,TRUE,FALSE
master_16,Influenza (H5N1 avian influenza),Influenza (H5N1 avian influenza),Panthera tigris,9694,mammalia,carnivora,felidae,PCR/Sequencing,Alphainfluenzavirus influenzae (H5N1),TRUE,TRUE,TRUE,FALSE
master_16,Influenza (H5N1 avian influenza),Influenza (H5N1 avian influenza),Parabuteo unicinctus,223492,aves,accipitriformes,accipitridae,PCR/Sequencing,Alphainfluenzavirus influenzae (H5N1),TRUE,TRUE,TRUE,FALSE
master_16,Influenza (H5N1 avian influenza),Influenza (H5N1 avian influenza),Parkesia noveboracensis,182947,aves,passeriformes,parulidae,PCR/Sequencing,Alphainfluenzavirus influenzae (H5N1),TRUE,TRUE,TRUE,FALSE
master_16,Influenza (H5N1 avian influenza),Influenza (H5N1 avian influenza),Parus major,9157,aves,passeriformes,paridae,PCR/Sequencing,Alphainfluenzavirus influenzae (H5N1),TRUE,TRUE,TRUE,FALSE
master_16,Influenza (H5N1 avian influenza),Influenza (H5N1 avian influenza),Passer domesticus,48849,aves,passeriformes,passeridae,PCR/Sequencing,Alphainfluenzavirus influenzae (H5N1),TRUE,TRUE,TRUE,FALSE
master_16,Influenza (H5N1 avian influenza),Influenza (H5N1 avian influenza),Passer montanus,9160,aves,passeriformes,passeridae,Isolation/Observation; PCR/Sequencing,Alphainfluenzavirus influenzae (H5N1),TRUE,TRUE,TRUE,FALSE
master_16,Influenza (H5N1 avian influenza),Influenza (H5N1 avian influenza),Passerella iliaca,44389,aves,passeriformes,passerellidae,PCR/Sequencing,Alphainfluenzavirus influenzae (H5N1),TRUE,TRUE,TRUE,FALSE
master_16,Influenza (H5N1 avian influenza),Influenza (H5N1 avian influenza),Pavo cristatus,9049,aves,galliformes,phasianidae,PCR/Sequencing,Alphainfluenzavirus influenzae (H5N1),TRUE,TRUE,TRUE,FALSE
master_16,Influenza (H5N1 avian influenza),Influenza (H5N1 avian influenza),Pavo muticus,9050,aves,galliformes,phasianidae,PCR/Sequencing,Alphainfluenzavirus influenzae (H5N1),TRUE,TRUE,TRUE,FALSE
master_16,Influenza (H5N1 avian influenza),Influenza (H5N1 avian influenza),Pekania pennanti,76720,,,,PCR/Sequencing,Alphainfluenzavirus influenzae (H5N1),TRUE,TRUE,TRUE,FALSE
master_16,Influenza (H5N1 avian influenza),Influenza (H5N1 avian influenza),Pelecanus crispus,36300,aves,pelecaniformes,pelecanidae,PCR/Sequencing,Alphainfluenzavirus influenzae (H5N1),TRUE,TRUE,TRUE,FALSE
master_16,Influenza (H5N1 avian influenza),Influenza (H5N1 avian influenza),Pelecanus erythrorhynchos,33618,aves,pelecaniformes,pelecanidae,PCR/Sequencing,Alphainfluenzavirus influenzae (H5N1),TRUE,TRUE,TRUE,FALSE
master_16,Influenza (H5N1 avian influenza),Influenza (H5N1 avian influenza),Pelecanus occidentalis,37043,aves,pelecaniformes,pelecanidae,PCR/Sequencing,Alphainfluenzavirus influenzae (H5N1),TRUE,TRUE,TRUE,FALSE
master_16,Influenza (H5N1 avian influenza),Influenza (H5N1 avian influenza),Pelecanus thagus,1108811,aves,pelecaniformes,pelecanidae,PCR/Sequencing,Alphainfluenzavirus influenzae (H5N1),TRUE,TRUE,TRUE,FALSE
master_16,Influenza (H5N1 avian influenza),Influenza (H5N1 avian influenza),Phalacrocorax capensis,146614,aves,suliformes,phalacrocoracidae,PCR/Sequencing,Alphainfluenzavirus influenzae (H5N1),TRUE,TRUE,TRUE,FALSE
master_16,Influenza (H5N1 avian influenza),Influenza (H5N1 avian influenza),Phalacrocorax carbo,9209,aves,suliformes,phalacrocoracidae,Isolation/Observation; PCR/Sequencing,Alphainfluenzavirus influenzae (H5N1),TRUE,TRUE,TRUE,FALSE
master_16,Influenza (H5N1 avian influenza),Influenza (H5N1 avian influenza),Phalaropus lobatus,240204,,,,PCR/Sequencing,Alphainfluenzavirus influenzae (H5N1),TRUE,TRUE,TRUE,FALSE
master_16,Influenza (H5N1 avian influenza),Influenza (H5N1 avian influenza),Phasianus colchicus,9054,aves,galliformes,phasianidae,PCR/Sequencing,Alphainfluenzavirus influenzae (H5N1),TRUE,TRUE,TRUE,FALSE
master_16,Influenza (H5N1 avian influenza),Influenza (H5N1 avian influenza),Phoca vitulina,9720,mammalia,carnivora,phocidae,Isolation/Observation; PCR/Sequencing,Alphainfluenzavirus influenzae (H5N1),TRUE,TRUE,TRUE,FALSE
master_16,Influenza (H5N1 avian influenza),Influenza (H5N1 avian influenza),Phocoena spinipinnis,27614,mammalia,artiodactyla,phocoenidae,PCR/Sequencing,Alphainfluenzavirus influenzae (H5N1),TRUE,TRUE,TRUE,FALSE
master_16,Influenza (H5N1 avian influenza),Influenza (H5N1 avian influenza),Phoenicopterus chilensis,117000,aves,phoenicopteriformes,phoenicopteridae,PCR/Sequencing,Alphainfluenzavirus influenzae (H5N1),TRUE,TRUE,TRUE,FALSE
master_16,Influenza (H5N1 avian influenza),Influenza (H5N1 avian influenza),Phoenicopterus roseus,435638,aves,phoenicopteriformes,phoenicopteridae,PCR/Sequencing,Alphainfluenzavirus influenzae (H5N1),TRUE,TRUE,TRUE,FALSE
master_16,Influenza (H5N1 avian influenza),Influenza (H5N1 avian influenza),Phoenicopterus ruber,9217,aves,phoenicopteriformes,phoenicopteridae,PCR/Sequencing,Alphainfluenzavirus influenzae (H5N1),TRUE,TRUE,TRUE,FALSE
master_16,Influenza (H5N1 avian influenza),Influenza (H5N1 avian influenza),Pica hudsonia,158052,aves,passeriformes,corvidae,PCR/Sequencing,Alphainfluenzavirus influenzae (H5N1),TRUE,TRUE,TRUE,FALSE
master_16,Influenza (H5N1 avian influenza),Influenza (H5N1 avian influenza),Pica pica,34924,aves,passeriformes,corvidae,PCR/Sequencing,Alphainfluenzavirus influenzae (H5N1),TRUE,TRUE,TRUE,FALSE
master_16,Influenza (H5N1 avian influenza),Influenza (H5N1 avian influenza),Pionus menstruus,13214,aves,psittaciformes,psittacidae,PCR/Sequencing,Alphainfluenzavirus influenzae (H5N1),TRUE,TRUE,TRUE,FALSE
master_16,Influenza (H5N1 avian influenza),Influenza (H5N1 avian influenza),Pipistrellus kuhlii,59472,mammalia,chiroptera,vespertilionidae,PCR/Sequencing,Alphainfluenzavirus influenzae (H5N1),TRUE,TRUE,TRUE,FALSE
master_16,Influenza (H5N1 avian influenza),Influenza (H5N1 avian influenza),Piranga ludoviciana,63520,aves,passeriformes,cardinalidae,PCR/Sequencing,Alphainfluenzavirus influenzae (H5N1),TRUE,TRUE,TRUE,FALSE
master_16,Influenza (H5N1 avian influenza),Influenza (H5N1 avian influenza),Plectropterus gambensis,658924,aves,anseriformes,anatidae,PCR/Sequencing,Alphainfluenzavirus influenzae (H5N1),TRUE,TRUE,TRUE,FALSE
master_16,Influenza (H5N1 avian influenza),Influenza (H5N1 avian influenza),Plegadis chihi,302533,aves,pelecaniformes,threskiornithidae,PCR/Sequencing,Alphainfluenzavirus influenzae (H5N1),TRUE,TRUE,TRUE,FALSE
master_16,Influenza (H5N1 avian influenza),Influenza (H5N1 avian influenza),Plegadis falcinellus,52788,aves,pelecaniformes,threskiornithidae,PCR/Sequencing,Alphainfluenzavirus influenzae (H5N1),TRUE,TRUE,TRUE,FALSE
master_16,Influenza (H5N1 avian influenza),Influenza (H5N1 avian influenza),Pluvialis dominica,240205,aves,charadriiformes,charadriidae,PCR/Sequencing,Alphainfluenzavirus influenzae (H5N1),TRUE,TRUE,TRUE,FALSE
master_16,Influenza (H5N1 avian influenza),Influenza (H5N1 avian influenza),Pluvialis fulva,371922,aves,charadriiformes,charadriidae,PCR/Sequencing,Alphainfluenzavirus influenzae (H5N1),TRUE,TRUE,TRUE,FALSE
master_16,Influenza (H5N1 avian influenza),Influenza (H5N1 avian influenza),Pluvialis squatarola,171273,aves,charadriiformes,charadriidae,PCR/Sequencing,Alphainfluenzavirus influenzae (H5N1),TRUE,TRUE,TRUE,FALSE
master_16,Influenza (H5N1 avian influenza),Influenza (H5N1 avian influenza),Podargus strigoides,8905,aves,caprimulgiformes,podargidae,PCR/Sequencing,Alphainfluenzavirus influenzae (H5N1),TRUE,TRUE,TRUE,FALSE
master_16,Influenza (H5N1 avian influenza),Influenza (H5N1 avian influenza),Podiceps auritus,37050,aves,podicipediformes,podicipedidae,PCR/Sequencing,Alphainfluenzavirus influenzae (H5N1),TRUE,TRUE,TRUE,FALSE
master_16,Influenza (H5N1 avian influenza),Influenza (H5N1 avian influenza),Podiceps cristatus,345573,aves,podicipediformes,podicipedidae,PCR/Sequencing,Alphainfluenzavirus influenzae (H5N1),TRUE,TRUE,TRUE,FALSE
master_16,Influenza (H5N1 avian influenza),Influenza (H5N1 avian influenza),Podiceps grisegena,80367,aves,podicipediformes,podicipedidae,PCR/Sequencing,Alphainfluenzavirus influenzae (H5N1),TRUE,TRUE,TRUE,FALSE
master_16,Influenza (H5N1 avian influenza),Influenza (H5N1 avian influenza),Podiceps major,555330,aves,podicipediformes,podicipedidae,PCR/Sequencing,Alphainfluenzavirus influenzae (H5N1),TRUE,TRUE,TRUE,FALSE
master_16,Influenza (H5N1 avian influenza),Influenza (H5N1 avian influenza),Polysticta stelleri,234623,aves,anseriformes,anatidae,PCR/Sequencing,Alphainfluenzavirus influenzae (H5N1),TRUE,TRUE,TRUE,FALSE
master_16,Influenza (H5N1 avian influenza),Influenza (H5N1 avian influenza),Procellaria aequinoctialis,53665,aves,procellariiformes,procellariidae,PCR/Sequencing,Alphainfluenzavirus influenzae (H5N1),TRUE,TRUE,TRUE,FALSE
master_16,Influenza (H5N1 avian influenza),Influenza (H5N1 avian influenza),Procyon lotor,9654,mammalia,carnivora,procyonidae,PCR/Sequencing,Alphainfluenzavirus influenzae (H5N1),TRUE,TRUE,TRUE,FALSE
master_16,Influenza (H5N1 avian influenza),Influenza (H5N1 avian influenza),Pteropus alecto,9402,mammalia,chiroptera,pteropodidae,PCR/Sequencing,Alphainfluenzavirus influenzae (H5N1),TRUE,TRUE,TRUE,FALSE
master_16,Influenza (H5N1 avian influenza),Influenza (H5N1 avian influenza),Puma concolor,9696,mammalia,carnivora,felidae,PCR/Sequencing,Alphainfluenzavirus influenzae (H5N1),TRUE,TRUE,TRUE,FALSE
master_16,Influenza (H5N1 avian influenza),Influenza (H5N1 avian influenza),Pusa caspica,693431,mammalia,carnivora,phocidae,PCR/Sequencing,Alphainfluenzavirus influenzae (H5N1),TRUE,TRUE,TRUE,FALSE
master_16,Influenza (H5N1 avian influenza),Influenza (H5N1 avian influenza),Pygoscelis adeliae,9238,aves,sphenisciformes,spheniscidae,PCR/Sequencing,Alphainfluenzavirus influenzae (H5N1),TRUE,TRUE,TRUE,FALSE
master_16,Influenza (H5N1 avian influenza),Influenza (H5N1 avian influenza),Pygoscelis antarcticus,79643,aves,sphenisciformes,spheniscidae,PCR/Sequencing,Alphainfluenzavirus influenzae (H5N1),TRUE,TRUE,TRUE,FALSE
master_16,Influenza (H5N1 avian influenza),Influenza (H5N1 avian influenza),Pygoscelis papua,30457,aves,sphenisciformes,spheniscidae,PCR/Sequencing,Alphainfluenzavirus influenzae (H5N1),TRUE,TRUE,TRUE,FALSE
master_16,Influenza (H5N1 avian influenza),Influenza (H5N1 avian influenza),Quiscalus mexicanus,64278,aves,passeriformes,icteridae,PCR/Sequencing,Alphainfluenzavirus influenzae (H5N1),TRUE,TRUE,TRUE,FALSE
master_16,Influenza (H5N1 avian influenza),Influenza (H5N1 avian influenza),Quiscalus quiscula,84782,aves,passeriformes,icteridae,PCR/Sequencing,Alphainfluenzavirus influenzae (H5N1),TRUE,TRUE,TRUE,FALSE
master_16,Influenza (H5N1 avian influenza),Influenza (H5N1 avian influenza),Rattus norvegicus,10116,mammalia,rodentia,muridae,PCR/Sequencing,Alphainfluenzavirus influenzae (H5N1),TRUE,TRUE,TRUE,FALSE
master_16,Influenza (H5N1 avian influenza),Influenza (H5N1 avian influenza),Regulus satrapa,13245,aves,passeriformes,regulidae,PCR/Sequencing,Alphainfluenzavirus influenzae (H5N1),TRUE,TRUE,TRUE,FALSE
master_16,Influenza (H5N1 avian influenza),Influenza (H5N1 avian influenza),Rhynchotus rufescens,30466,aves,struthioniformes,tinamidae,PCR/Sequencing,Alphainfluenzavirus influenzae (H5N1),TRUE,TRUE,TRUE,FALSE
master_16,Influenza (H5N1 avian influenza),Influenza (H5N1 avian influenza),Rissa tridactyla,75485,aves,charadriiformes,laridae,PCR/Sequencing,Alphainfluenzavirus influenzae (H5N1),TRUE,TRUE,TRUE,FALSE
master_16,Influenza (H5N1 avian influenza),Influenza (H5N1 avian influenza),Rousettus aegyptiacus,9407,mammalia,chiroptera,pteropodidae,PCR/Sequencing,Alphainfluenzavirus influenzae (H5N1),TRUE,TRUE,TRUE,FALSE
master_16,Influenza (H5N1 avian influenza),Influenza (H5N1 avian influenza),Rousettus amplexicaudatus,58083,mammalia,chiroptera,pteropodidae,PCR/Sequencing,Alphainfluenzavirus influenzae (H5N1),TRUE,TRUE,TRUE,FALSE
master_16,Influenza (H5N1 avian influenza),Influenza (H5N1 avian influenza),Rynchops niger,227184,aves,charadriiformes,laridae,PCR/Sequencing,Alphainfluenzavirus influenzae (H5N1),TRUE,TRUE,TRUE,FALSE
master_16,Influenza (H5N1 avian influenza),Influenza (H5N1 avian influenza),Sarkidiornis sylvicola,1577981,aves,anseriformes,anatidae,PCR/Sequencing,Alphainfluenzavirus influenzae (H5N1),TRUE,TRUE,TRUE,FALSE
master_16,Influenza (H5N1 avian influenza),Influenza (H5N1 avian influenza),Saxicola torquatus,230656,aves,passeriformes,muscicapidae,PCR/Sequencing,Alphainfluenzavirus influenzae (H5N1),TRUE,TRUE,TRUE,FALSE
master_16,Influenza (H5N1 avian influenza),Influenza (H5N1 avian influenza),Scolopax minor,56299,aves,charadriiformes,scolopacidae,PCR/Sequencing,Alphainfluenzavirus influenzae (H5N1),TRUE,TRUE,TRUE,FALSE
master_16,Influenza (H5N1 avian influenza),Influenza (H5N1 avian influenza),Scolopax rusticola,100826,aves,charadriiformes,scolopacidae,PCR/Sequencing,Alphainfluenzavirus influenzae (H5N1),TRUE,TRUE,TRUE,FALSE
master_16,Influenza (H5N1 avian influenza),Influenza (H5N1 avian influenza),Setophaga auduboni,1037455,aves,passeriformes,parulidae,PCR/Sequencing,Alphainfluenzavirus influenzae (H5N1),TRUE,TRUE,TRUE,FALSE
master_16,Influenza (H5N1 avian influenza),Influenza (H5N1 avian influenza),Sibirionetta formosa,56278,aves,anseriformes,anatidae,PCR/Sequencing,Alphainfluenzavirus influenzae (H5N1),TRUE,TRUE,TRUE,FALSE
master_16,Influenza (H5N1 avian influenza),Influenza (H5N1 avian influenza),Somateria fischeri,50367,aves,anseriformes,anatidae,PCR/Sequencing,Alphainfluenzavirus influenzae (H5N1),TRUE,TRUE,TRUE,FALSE
master_16,Influenza (H5N1 avian influenza),Influenza (H5N1 avian influenza),Somateria mollissima,76058,aves,anseriformes,anatidae,PCR/Sequencing,Alphainfluenzavirus influenzae (H5N1),TRUE,TRUE,TRUE,FALSE
master_16,Influenza (H5N1 avian influenza),Influenza (H5N1 avian influenza),Somateria spectabilis,203439,aves,anseriformes,anatidae,PCR/Sequencing,Alphainfluenzavirus influenzae (H5N1),TRUE,TRUE,TRUE,FALSE
master_16,Influenza (H5N1 avian influenza),Influenza (H5N1 avian influenza),Spatula clypeata,75838,aves,anseriformes,anatidae,Isolation/Observation; PCR/Sequencing,Alphainfluenzavirus influenzae (H5N1),TRUE,TRUE,TRUE,FALSE
master_16,Influenza (H5N1 avian influenza),Influenza (H5N1 avian influenza),Spatula cyanoptera,75840,aves,anseriformes,anatidae,PCR/Sequencing,Alphainfluenzavirus influenzae (H5N1),TRUE,TRUE,TRUE,FALSE
master_16,Influenza (H5N1 avian influenza),Influenza (H5N1 avian influenza),Spatula discors,75842,aves,anseriformes,anatidae,Isolation/Observation; PCR/Sequencing,Alphainfluenzavirus influenzae (H5N1),TRUE,TRUE,TRUE,FALSE
master_16,Influenza (H5N1 avian influenza),Influenza (H5N1 avian influenza),Spatula platalea,75853,aves,anseriformes,anatidae,PCR/Sequencing,Alphainfluenzavirus influenzae (H5N1),TRUE,TRUE,TRUE,FALSE
master_16,Influenza (H5N1 avian influenza),Influenza (H5N1 avian influenza),Spatula querquedula,75856,aves,anseriformes,anatidae,PCR/Sequencing,Alphainfluenzavirus influenzae (H5N1),TRUE,TRUE,TRUE,FALSE
master_16,Influenza (H5N1 avian influenza),Influenza (H5N1 avian influenza),Spatula versicolor,75863,aves,anseriformes,anatidae,PCR/Sequencing,Alphainfluenzavirus influenzae (H5N1),TRUE,TRUE,TRUE,FALSE
master_16,Influenza (H5N1 avian influenza),Influenza (H5N1 avian influenza),Spheniscus demersus,92683,aves,sphenisciformes,spheniscidae,PCR/Sequencing,Alphainfluenzavirus influenzae (H5N1),TRUE,TRUE,TRUE,FALSE
master_16,Influenza (H5N1 avian influenza),Influenza (H5N1 avian influenza),Spheniscus humboldti,9240,aves,sphenisciformes,spheniscidae,PCR/Sequencing,Alphainfluenzavirus influenzae (H5N1),TRUE,TRUE,TRUE,FALSE
master_16,Influenza (H5N1 avian influenza),Influenza (H5N1 avian influenza),Spilopelia chinensis,115700,aves,columbiformes,columbidae,PCR/Sequencing,Alphainfluenzavirus influenzae (H5N1),TRUE,TRUE,TRUE,FALSE
master_16,Influenza (H5N1 avian influenza),Influenza (H5N1 avian influenza),Spodiopsar sericeus,3151063,aves,passeriformes,sturnidae,PCR/Sequencing,Alphainfluenzavirus influenzae (H5N1),TRUE,TRUE,TRUE,FALSE
master_16,Influenza (H5N1 avian influenza),Influenza (H5N1 avian influenza),Stercorarius antarcticus,54054,,,,PCR/Sequencing,Alphainfluenzavirus influenzae (H5N1),TRUE,TRUE,TRUE,FALSE
master_16,Influenza (H5N1 avian influenza),Influenza (H5N1 avian influenza),Stercorarius maccormicki,395889,,,,PCR/Sequencing,Alphainfluenzavirus influenzae (H5N1),TRUE,TRUE,TRUE,FALSE
master_16,Influenza (H5N1 avian influenza),Influenza (H5N1 avian influenza),Sterna hirundinacea,227186,aves,charadriiformes,laridae,PCR/Sequencing,Alphainfluenzavirus influenzae (H5N1),TRUE,TRUE,TRUE,FALSE
master_16,Influenza (H5N1 avian influenza),Influenza (H5N1 avian influenza),Sterna hirundo,108405,aves,charadriiformes,laridae,Isolation/Observation; PCR/Sequencing,Alphainfluenzavirus influenzae (H5N1),TRUE,TRUE,TRUE,FALSE
master_16,Influenza (H5N1 avian influenza),Influenza (H5N1 avian influenza),Sterna paradisaea,279953,aves,charadriiformes,laridae,PCR/Sequencing,Alphainfluenzavirus influenzae (H5N1),TRUE,TRUE,TRUE,FALSE
master_16,Influenza (H5N1 avian influenza),Influenza (H5N1 avian influenza),Sterna vittata,297828,aves,charadriiformes,laridae,PCR/Sequencing,Alphainfluenzavirus influenzae (H5N1),TRUE,TRUE,TRUE,FALSE
master_16,Influenza (H5N1 avian influenza),Influenza (H5N1 avian influenza),Sternula albifrons,507597,aves,charadriiformes,laridae,PCR/Sequencing,Alphainfluenzavirus influenzae (H5N1),TRUE,TRUE,TRUE,FALSE
master_16,Influenza (H5N1 avian influenza),Influenza (H5N1 avian influenza),Streptopelia decaocto,177147,aves,columbiformes,columbidae,PCR/Sequencing,Alphainfluenzavirus influenzae (H5N1),TRUE,TRUE,TRUE,FALSE
master_16,Influenza (H5N1 avian influenza),Influenza (H5N1 avian influenza),Strix aluco,111821,aves,strigiformes,strigidae,PCR/Sequencing,Alphainfluenzavirus influenzae (H5N1),TRUE,TRUE,TRUE,FALSE
master_16,Influenza (H5N1 avian influenza),Influenza (H5N1 avian influenza),Strix nebulosa,126836,aves,strigiformes,strigidae,PCR/Sequencing,Alphainfluenzavirus influenzae (H5N1),TRUE,TRUE,TRUE,FALSE
master_16,Influenza (H5N1 avian influenza),Influenza (H5N1 avian influenza),Strix uralensis,36305,aves,strigiformes,strigidae,PCR/Sequencing,Alphainfluenzavirus influenzae (H5N1),TRUE,TRUE,TRUE,FALSE
master_16,Influenza (H5N1 avian influenza),Influenza (H5N1 avian influenza),Struthio camelus,8801,aves,struthioniformes,struthionidae,Isolation/Observation; PCR/Sequencing,Alphainfluenzavirus influenzae (H5N1),TRUE,TRUE,TRUE,FALSE
master_16,Influenza (H5N1 avian influenza),Influenza (H5N1 avian influenza),Sturnira lilium,27660,mammalia,chiroptera,phyllostomidae,PCR/Sequencing,Alphainfluenzavirus influenzae (H5N1),TRUE,TRUE,TRUE,FALSE
master_16,Influenza (H5N1 avian influenza),Influenza (H5N1 avian influenza),Sturnus vulgaris,9172,aves,passeriformes,sturnidae,PCR/Sequencing,Alphainfluenzavirus influenzae (H5N1),TRUE,TRUE,TRUE,FALSE
master_16,Influenza (H5N1 avian influenza),Influenza (H5N1 avian influenza),Sula leucogaster,57661,aves,suliformes,sulidae,PCR/Sequencing,Alphainfluenzavirus influenzae (H5N1),TRUE,TRUE,TRUE,FALSE
master_16,Influenza (H5N1 avian influenza),Influenza (H5N1 avian influenza),Sula variegata,57663,aves,suliformes,sulidae,PCR/Sequencing,Alphainfluenzavirus influenzae (H5N1),TRUE,TRUE,TRUE,FALSE
master_16,Influenza (H5N1 avian influenza),Influenza (H5N1 avian influenza),Suncus murinus,9378,mammalia,eulipotyphla,soricidae,PCR/Sequencing,Alphainfluenzavirus influenzae (H5N1),TRUE,TRUE,TRUE,FALSE
master_16,Influenza (H5N1 avian influenza),Influenza (H5N1 avian influenza),Suricata suricatta,37032,mammalia,carnivora,herpestidae,PCR/Sequencing,Alphainfluenzavirus influenzae (H5N1),TRUE,TRUE,TRUE,FALSE
master_16,Influenza (H5N1 avian influenza),Influenza (H5N1 avian influenza),Sus scrofa,415978,mammalia,artiodactyla,suidae,PCR/Sequencing,Alphainfluenzavirus influenzae (H5N1),TRUE,TRUE,TRUE,FALSE
master_16,Influenza (H5N1 avian influenza),Influenza (H5N1 avian influenza),Sus scrofa,9823,mammalia,artiodactyla,suidae,Isolation/Observation; PCR/Sequencing,Alphainfluenzavirus influenzae (H5N1),TRUE,TRUE,TRUE,FALSE
master_16,Influenza (H5N1 avian influenza),Influenza (H5N1 avian influenza),Sus scrofa,9825,mammalia,artiodactyla,suidae,PCR/Sequencing,Alphainfluenzavirus influenzae (H5N1),TRUE,TRUE,TRUE,FALSE
master_16,Influenza (H5N1 avian influenza),Influenza (H5N1 avian influenza),Syrrhaptes paradoxus,302527,aves,pterocliformes,pteroclidae,PCR/Sequencing,Alphainfluenzavirus influenzae (H5N1),TRUE,TRUE,TRUE,FALSE
master_16,Influenza (H5N1 avian influenza),Influenza (H5N1 avian influenza),Tachybaptus ruficollis,100828,aves,podicipediformes,podicipedidae,PCR/Sequencing,Alphainfluenzavirus influenzae (H5N1),TRUE,TRUE,TRUE,FALSE
master_16,Influenza (H5N1 avian influenza),Influenza (H5N1 avian influenza),Tadorna ferruginea,45639,aves,anseriformes,anatidae,Isolation/Observation; PCR/Sequencing,Alphainfluenzavirus influenzae (H5N1),TRUE,TRUE,TRUE,FALSE
master_16,Influenza (H5N1 avian influenza),Influenza (H5N1 avian influenza),Tadorna tadorna,75865,aves,anseriformes,anatidae,Isolation/Observation; PCR/Sequencing,Alphainfluenzavirus influenzae (H5N1),TRUE,TRUE,TRUE,FALSE
master_16,Influenza (H5N1 avian influenza),Influenza (H5N1 avian influenza),Tadorna tadornoides,45638,aves,anseriformes,anatidae,PCR/Sequencing,Alphainfluenzavirus influenzae (H5N1),TRUE,TRUE,TRUE,FALSE
master_16,Influenza (H5N1 avian influenza),Influenza (H5N1 avian influenza),Taphozous perforatus,1381355,mammalia,chiroptera,emballonuridae,PCR/Sequencing,Alphainfluenzavirus influenzae (H5N1),TRUE,TRUE,TRUE,FALSE
master_16,Influenza (H5N1 avian influenza),Influenza (H5N1 avian influenza),Thalasseus elegans,297817,aves,charadriiformes,laridae,PCR/Sequencing,Alphainfluenzavirus influenzae (H5N1),TRUE,TRUE,TRUE,FALSE
master_16,Influenza (H5N1 avian influenza),Influenza (H5N1 avian influenza),Thalasseus maximus,555356,aves,charadriiformes,laridae,PCR/Sequencing,Alphainfluenzavirus influenzae (H5N1),TRUE,TRUE,TRUE,FALSE
master_16,Influenza (H5N1 avian influenza),Influenza (H5N1 avian influenza),Thalasseus sandvicensis,126723,aves,charadriiformes,laridae,PCR/Sequencing,Alphainfluenzavirus influenzae (H5N1),TRUE,TRUE,TRUE,FALSE
master_16,Influenza (H5N1 avian influenza),Influenza (H5N1 avian influenza),Threskiornis aethiopicus,100858,aves,pelecaniformes,threskiornithidae,PCR/Sequencing,Alphainfluenzavirus influenzae (H5N1),TRUE,TRUE,TRUE,FALSE
master_16,Influenza (H5N1 avian influenza),Influenza (H5N1 avian influenza),Thryomanes bewickii,241536,aves,passeriformes,troglodytidae,PCR/Sequencing,Alphainfluenzavirus influenzae (H5N1),TRUE,TRUE,TRUE,FALSE
master_16,Influenza (H5N1 avian influenza),Influenza (H5N1 avian influenza),Tringa glareola,171269,aves,charadriiformes,scolopacidae,PCR/Sequencing,Alphainfluenzavirus influenzae (H5N1),TRUE,TRUE,TRUE,FALSE
master_16,Influenza (H5N1 avian influenza),Influenza (H5N1 avian influenza),Tringa semipalmata,507600,aves,charadriiformes,scolopacidae,PCR/Sequencing,Alphainfluenzavirus influenzae (H5N1),TRUE,TRUE,TRUE,FALSE
master_16,Influenza (H5N1 avian influenza),Influenza (H5N1 avian influenza),Tringa totanus,171271,aves,charadriiformes,scolopacidae,PCR/Sequencing,Alphainfluenzavirus influenzae (H5N1),TRUE,TRUE,TRUE,FALSE
master_16,Influenza (H5N1 avian influenza),Influenza (H5N1 avian influenza),Turdus merula,9187,aves,passeriformes,turdidae,PCR/Sequencing,Alphainfluenzavirus influenzae (H5N1),TRUE,TRUE,TRUE,FALSE
master_16,Influenza (H5N1 avian influenza),Influenza (H5N1 avian influenza),Turdus migratorius,9188,aves,passeriformes,turdidae,PCR/Sequencing,Alphainfluenzavirus influenzae (H5N1),TRUE,TRUE,TRUE,FALSE
master_16,Influenza (H5N1 avian influenza),Influenza (H5N1 avian influenza),Turdus pilaris,357736,aves,passeriformes,turdidae,PCR/Sequencing,Alphainfluenzavirus influenzae (H5N1),TRUE,TRUE,TRUE,FALSE
master_16,Influenza (H5N1 avian influenza),Influenza (H5N1 avian influenza),Tursiops truncatus,9739,mammalia,artiodactyla,delphinidae,PCR/Sequencing,Alphainfluenzavirus influenzae (H5N1),TRUE,TRUE,TRUE,FALSE
master_16,Influenza (H5N1 avian influenza),Influenza (H5N1 avian influenza),Tyto alba,56313,aves,strigiformes,tytonidae,PCR/Sequencing,Alphainfluenzavirus influenzae (H5N1),TRUE,TRUE,TRUE,FALSE
master_16,Influenza (H5N1 avian influenza),Influenza (H5N1 avian influenza),Tyto furcata,507989,,,,PCR/Sequencing,Alphainfluenzavirus influenzae (H5N1),TRUE,TRUE,TRUE,FALSE
master_16,Influenza (H5N1 avian influenza),Influenza (H5N1 avian influenza),Uria aalge,13746,aves,charadriiformes,alcidae,PCR/Sequencing,Alphainfluenzavirus influenzae (H5N1),TRUE,TRUE,TRUE,FALSE
master_16,Influenza (H5N1 avian influenza),Influenza (H5N1 avian influenza),Uria lomvia,28711,aves,charadriiformes,alcidae,PCR/Sequencing,Alphainfluenzavirus influenzae (H5N1),TRUE,TRUE,TRUE,FALSE
master_16,Influenza (H5N1 avian influenza),Influenza (H5N1 avian influenza),Urocissa erythroryncha,56796,aves,passeriformes,corvidae,PCR/Sequencing,Alphainfluenzavirus influenzae (H5N1),TRUE,TRUE,TRUE,FALSE
master_16,Influenza (H5N1 avian influenza),Influenza (H5N1 avian influenza),Ursus americanus,9643,mammalia,carnivora,ursidae,PCR/Sequencing,Alphainfluenzavirus influenzae (H5N1),TRUE,TRUE,TRUE,FALSE
master_16,Influenza (H5N1 avian influenza),Influenza (H5N1 avian influenza),Ursus arctos,9644,mammalia,carnivora,ursidae,PCR/Sequencing,Alphainfluenzavirus influenzae (H5N1),TRUE,TRUE,TRUE,FALSE
master_16,Influenza (H5N1 avian influenza),Influenza (H5N1 avian influenza),Ursus maritimus,29073,mammalia,carnivora,ursidae,PCR/Sequencing,Alphainfluenzavirus influenzae (H5N1),TRUE,TRUE,TRUE,FALSE
master_16,Influenza (H5N1 avian influenza),Influenza (H5N1 avian influenza),Vanellus chilensis,50404,aves,charadriiformes,charadriidae,PCR/Sequencing,Alphainfluenzavirus influenzae (H5N1),TRUE,TRUE,TRUE,FALSE
master_16,Influenza (H5N1 avian influenza),Influenza (H5N1 avian influenza),Vanellus spinosus,8909,aves,charadriiformes,charadriidae,PCR/Sequencing,Alphainfluenzavirus influenzae (H5N1),TRUE,TRUE,TRUE,FALSE
master_16,Influenza (H5N1 avian influenza),Influenza (H5N1 avian influenza),Vanellus vanellus,100859,aves,charadriiformes,charadriidae,PCR/Sequencing,Alphainfluenzavirus influenzae (H5N1),TRUE,TRUE,TRUE,FALSE
master_16,Influenza (H5N1 avian influenza),Influenza (H5N1 avian influenza),Vicugna pacos,30538,,,,PCR/Sequencing,Alphainfluenzavirus influenzae (H5N1),TRUE,TRUE,TRUE,FALSE
master_16,Influenza (H5N1 avian influenza),Influenza (H5N1 avian influenza),Vulpes vulpes,9627,mammalia,carnivora,canidae,PCR/Sequencing,Alphainfluenzavirus influenzae (H5N1),TRUE,TRUE,TRUE,FALSE
master_16,Influenza (H5N1 avian influenza),Influenza (H5N1 avian influenza),Xema sabini,128050,aves,charadriiformes,laridae,PCR/Sequencing,Alphainfluenzavirus influenzae (H5N1),TRUE,TRUE,TRUE,FALSE
master_16,Influenza (H5N1 avian influenza),Influenza (H5N1 avian influenza),Zalophus californianus,9704,mammalia,carnivora,otariidae,PCR/Sequencing,Alphainfluenzavirus influenzae (H5N1),TRUE,TRUE,TRUE,FALSE
master_16,Influenza (H5N1 avian influenza),Influenza (H5N1 avian influenza),Zenaida asiatica,93382,aves,columbiformes,columbidae,PCR/Sequencing,Alphainfluenzavirus influenzae (H5N1),TRUE,TRUE,TRUE,FALSE
master_16,Influenza (H5N1 avian influenza),Influenza (H5N1 avian influenza),Zoothera dauma,36288,aves,passeriformes,turdidae,PCR/Sequencing,Alphainfluenzavirus influenzae (H5N1),TRUE,TRUE,TRUE,FALSE
master_16,Influenza (H5N1 avian influenza),Influenza (H5N1 avian influenza),Zosterops japonicus,36299,aves,passeriformes,zosteropidae,PCR/Sequencing,Alphainfluenzavirus influenzae (H5N1),TRUE,TRUE,TRUE,FALSE
master_16,Influenza (H5N1 avian influenza),Influenza (H5N1 avian influenza),actitis hypoleucos,320702,,,,PCR/Sequencing,Alphainfluenzavirus influenzae (H5N1),TRUE,TRUE,TRUE,FALSE
master_16,Influenza (H5N1 avian influenza),Influenza (H5N1 avian influenza),anarhynchus collaris,50395,,,,PCR/Sequencing,Alphainfluenzavirus influenzae (H5N1),TRUE,TRUE,TRUE,FALSE
master_16,Influenza (H5N1 avian influenza),Influenza (H5N1 avian influenza),anarhynchus nivosus,985688,,,,PCR/Sequencing,Alphainfluenzavirus influenzae (H5N1),TRUE,TRUE,TRUE,FALSE
master_16,Influenza (H5N1 avian influenza),Influenza (H5N1 avian influenza),anourosorex squamipes,127560,,,,PCR/Sequencing,Alphainfluenzavirus influenzae (H5N1),TRUE,TRUE,TRUE,FALSE
master_16,Influenza (H5N1 avian influenza),Influenza (H5N1 avian influenza),anous stolidus,297802,,,,PCR/Sequencing,Alphainfluenzavirus influenzae (H5N1),TRUE,TRUE,TRUE,FALSE
master_16,Influenza (H5N1 avian influenza),Influenza (H5N1 avian influenza),aptenodytes patagonicus,9234,,,,PCR/Sequencing,Alphainfluenzavirus influenzae (H5N1),TRUE,TRUE,TRUE,FALSE
master_16,Influenza (H5N1 avian influenza),Influenza (H5N1 avian influenza),chloris sinica,1897774,,,,PCR/Sequencing,Alphainfluenzavirus influenzae (H5N1),TRUE,TRUE,TRUE,FALSE
master_16,Influenza (H5N1 avian influenza),Influenza (H5N1 avian influenza),crocidura lasiura,167043,,,,PCR/Sequencing,Alphainfluenzavirus influenzae (H5N1),TRUE,TRUE,TRUE,FALSE
master_16,Influenza (H5N1 avian influenza),Influenza (H5N1 avian influenza),crocidura shantungensis,183721,,,,PCR/Sequencing,Alphainfluenzavirus influenzae (H5N1),TRUE,TRUE,TRUE,FALSE
master_16,Influenza (H5N1 avian influenza),Influenza (H5N1 avian influenza),furnarius rufus,81886,,,,PCR/Sequencing,Alphainfluenzavirus influenzae (H5N1),TRUE,TRUE,TRUE,FALSE
master_16,Influenza (H5N1 avian influenza),Influenza (H5N1 avian influenza),grus americana,9117,,,,PCR/Sequencing,Alphainfluenzavirus influenzae (H5N1),TRUE,TRUE,TRUE,FALSE
master_16,Influenza (H5N1 avian influenza),Influenza (H5N1 avian influenza),larus brachyrhynchus,666865,,,,PCR/Sequencing,Alphainfluenzavirus influenzae (H5N1),TRUE,TRUE,TRUE,FALSE
master_16,Influenza (H5N1 avian influenza),Influenza (H5N1 avian influenza),larus mongolicus,119967,,,,PCR/Sequencing,Alphainfluenzavirus influenzae (H5N1),TRUE,TRUE,TRUE,FALSE
master_16,Influenza (H5N1 avian influenza),Influenza (H5N1 avian influenza),larus sp.,3435965,,,,PCR/Sequencing,Alphainfluenzavirus influenzae (H5N1),TRUE,TRUE,TRUE,FALSE
master_16,Influenza (H5N1 avian influenza),Influenza (H5N1 avian influenza),lobodon carcinophaga,101849,,,,PCR/Sequencing,Alphainfluenzavirus influenzae (H5N1),TRUE,TRUE,TRUE,FALSE
master_16,Influenza (H5N1 avian influenza),Influenza (H5N1 avian influenza),macronectes giganteus,37057,,,,PCR/Sequencing,Alphainfluenzavirus influenzae (H5N1),TRUE,TRUE,TRUE,FALSE
master_16,Influenza (H5N1 avian influenza),Influenza (H5N1 avian influenza),milvus milvus,43518,,,,PCR/Sequencing,Alphainfluenzavirus influenzae (H5N1),TRUE,TRUE,TRUE,FALSE
master_16,Influenza (H5N1 avian influenza),Influenza (H5N1 avian influenza),spilopelia senegalensis,135635,,,,PCR/Sequencing,Alphainfluenzavirus influenzae (H5N1),TRUE,TRUE,TRUE,FALSE
master_16,Influenza (H5N1 avian influenza),Influenza (H5N1 avian influenza),stercorarius antarcticus,555350,,,,PCR/Sequencing,Alphainfluenzavirus influenzae (H5N1),TRUE,TRUE,TRUE,FALSE
master_16,Influenza (H5N1 avian influenza),Influenza (H5N1 avian influenza),stercorarius chilensis,54052,,,,PCR/Sequencing,Alphainfluenzavirus influenzae (H5N1),TRUE,TRUE,TRUE,FALSE
master_16,Influenza (H5N1 avian influenza),Influenza (H5N1 avian influenza),theristicus caudatus,399597,,,,PCR/Sequencing,Alphainfluenzavirus influenzae (H5N1),TRUE,TRUE,TRUE,FALSE
master_16,Influenza (H5N1 avian influenza),Influenza (H5N1 avian influenza),ursus sp.,9641,,,,PCR/Sequencing,Alphainfluenzavirus influenzae (H5N1),TRUE,TRUE,TRUE,FALSE
master_17,Plague,Plague,Allactaga sibirica,234626,,,,Isolation/Observation,Yersinia pestis,TRUE,TRUE,FALSE,FALSE
master_17,Plague,Plague,Apodemus chevrieri,129246,mammalia,rodentia,muridae,Isolation/Observation,Yersinia pestis,TRUE,TRUE,FALSE,FALSE
master_17,Plague,Plague,Cerradomys subflavus,37022,mammalia,rodentia,cricetidae,PCR/Sequencing,Yersinia pestis,TRUE,TRUE,FALSE,FALSE
master_17,Plague,Plague,Cynomys ludovicianus,45480,mammalia,rodentia,sciuridae,Isolation/Observation,Yersinia pestis,TRUE,TRUE,FALSE,FALSE
master_17,Plague,Plague,Eothenomys miletus,259054,mammalia,rodentia,cricetidae,Isolation/Observation,Yersinia pestis,TRUE,TRUE,FALSE,FALSE
master_17,Plague,Plague,Homo sapiens,9606,,,,Isolation/Observation; PCR/Sequencing,Yersinia pestis,TRUE,TRUE,FALSE,FALSE
master_17,Plague,Plague,Lasiopodomys brandtii,407171,mammalia,rodentia,cricetidae,Isolation/Observation,Yersinia pestis,TRUE,TRUE,FALSE,FALSE
master_17,Plague,Plague,Lynx canadensis,61383,mammalia,carnivora,felidae,Isolation/Observation,Yersinia pestis,TRUE,TRUE,FALSE,FALSE
master_17,Plague,Plague,Marmota baibacina,93157,mammalia,rodentia,sciuridae,Isolation/Observation; PCR/Sequencing,Yersinia pestis,TRUE,TRUE,FALSE,FALSE
master_17,Plague,Plague,Marmota caudata,71802,mammalia,rodentia,sciuridae,Isolation/Observation,Yersinia pestis,TRUE,TRUE,FALSE,FALSE
master_17,Plague,Plague,Marmota himalayana,93163,mammalia,rodentia,sciuridae,Isolation/Observation,Yersinia pestis,TRUE,TRUE,FALSE,FALSE
master_17,Plague,Plague,Marmota sibirica,93166,mammalia,rodentia,sciuridae,Isolation/Observation,Yersinia pestis,TRUE,TRUE,FALSE,FALSE
master_17,Plague,Plague,Meles meles,9662,mammalia,carnivora,mustelidae,Isolation/Observation,Yersinia pestis,TRUE,TRUE,FALSE,FALSE
master_17,Plague,Plague,Meriones meridianus,261754,mammalia,rodentia,muridae,Isolation/Observation,Yersinia pestis,TRUE,TRUE,FALSE,FALSE
master_17,Plague,Plague,Meriones unguiculatus,10047,mammalia,rodentia,muridae,Isolation/Observation,Yersinia pestis,TRUE,TRUE,FALSE,FALSE
master_17,Plague,Plague,Microtus arvalis,47230,mammalia,rodentia,cricetidae,Isolation/Observation,Yersinia pestis,TRUE,TRUE,FALSE,FALSE
master_17,Plague,Plague,Mustela eversmanii,77149,,,,Isolation/Observation,Yersinia pestis,TRUE,TRUE,FALSE,FALSE
master_17,Plague,Plague,Mustela nigripes,77151,mammalia,carnivora,mustelidae,Isolation/Observation,Yersinia pestis,TRUE,TRUE,FALSE,FALSE
master_17,Plague,Plague,Necromys lasiurus,30635,mammalia,rodentia,cricetidae,PCR/Sequencing,Yersinia pestis,TRUE,TRUE,FALSE,FALSE
master_17,Plague,Plague,Neodon fuscus,771787,mammalia,rodentia,cricetidae,Isolation/Observation,Yersinia pestis,TRUE,TRUE,FALSE,FALSE
master_17,Plague,Plague,Ochotona dauurica,130827,mammalia,lagomorpha,ochotonidae,Isolation/Observation,Yersinia pestis,TRUE,TRUE,FALSE,FALSE
master_17,Plague,Plague,Ochotona pallasi,130839,,,,Isolation/Observation,Yersinia pestis,TRUE,TRUE,FALSE,FALSE
master_17,Plague,Plague,Odocoileus hemionus,9872,mammalia,artiodactyla,cervidae,Isolation/Observation,Yersinia pestis,TRUE,TRUE,FALSE,FALSE
master_17,Plague,Plague,Onychomys leucogaster,38668,mammalia,rodentia,cricetidae,Isolation/Observation,Yersinia pestis,TRUE,TRUE,FALSE,FALSE
master_17,Plague,Plague,Ovis aries,9940,mammalia,artiodactyla,bovidae,Isolation/Observation,Yersinia pestis,TRUE,TRUE,FALSE,FALSE
master_17,Plague,Plague,Pseudois nayaur,59542,mammalia,artiodactyla,bovidae,Isolation/Observation,Yersinia pestis,TRUE,TRUE,FALSE,FALSE
master_17,Plague,Plague,Puma concolor,9696,mammalia,carnivora,felidae,Isolation/Observation,Yersinia pestis,TRUE,TRUE,FALSE,FALSE
master_17,Plague,Plague,Rattus norvegicus,10116,mammalia,rodentia,muridae,Isolation/Observation,Yersinia pestis,TRUE,TRUE,FALSE,FALSE
master_17,Plague,Plague,Rattus rattus,10117,mammalia,rodentia,muridae,Isolation/Observation; PCR/Sequencing,Yersinia pestis,TRUE,TRUE,FALSE,FALSE
master_17,Plague,Plague,Rattus tanezumi,35732,mammalia,rodentia,muridae,Isolation/Observation,Yersinia pestis,TRUE,TRUE,FALSE,FALSE
master_17,Plague,Plague,Rhombomys opimus,186474,mammalia,rodentia,muridae,Isolation/Observation,Yersinia pestis,TRUE,TRUE,FALSE,FALSE
master_17,Plague,Plague,Spermophilus alashanicus,99830,mammalia,rodentia,sciuridae,Isolation/Observation,Yersinia pestis,TRUE,TRUE,FALSE,FALSE
master_17,Plague,Plague,Spermophilus dauricus,99837,mammalia,rodentia,sciuridae,Isolation/Observation,Yersinia pestis,TRUE,TRUE,FALSE,FALSE
master_17,Plague,Plague,Urocitellus parryii,9999,mammalia,rodentia,sciuridae,Isolation/Observation,Yersinia pestis,TRUE,TRUE,FALSE,FALSE
master_17,Plague,Plague,Urocyon cinereoargenteus,55040,mammalia,carnivora,canidae,Isolation/Observation,Yersinia pestis,TRUE,TRUE,FALSE,FALSE
master_17,Plague,Plague,Ursus americanus,9643,mammalia,carnivora,ursidae,Isolation/Observation,Yersinia pestis,TRUE,TRUE,FALSE,FALSE
master_17,Plague,Plague,Vulpes vulpes,9627,mammalia,carnivora,canidae,Isolation/Observation,Yersinia pestis,TRUE,TRUE,FALSE,FALSE
master_19,Hantavirus pulmonary syndrome,Hantavirus pulmonary syndrome,Homo sapiens,9606,,,,Isolation/Observation; PCR/Sequencing,Orthohantavirus sinnombreense,FALSE,FALSE,FALSE,FALSE
master_19,Hantavirus pulmonary syndrome,Hantavirus pulmonary syndrome,Mus musculus,10090,mammalia,rodentia,muridae,PCR/Sequencing,Orthohantavirus sinnombreense,FALSE,FALSE,FALSE,FALSE
master_19,Hantavirus pulmonary syndrome,Hantavirus pulmonary syndrome,Neotoma lepida,56216,mammalia,rodentia,cricetidae,PCR/Sequencing,Orthohantavirus sinnombreense,FALSE,FALSE,FALSE,FALSE
master_19,Hantavirus pulmonary syndrome,Hantavirus pulmonary syndrome,Peromyscus attwateri,97206,mammalia,rodentia,cricetidae,PCR/Sequencing,Orthohantavirus sinnombreense,FALSE,FALSE,FALSE,FALSE
master_19,Hantavirus pulmonary syndrome,Hantavirus pulmonary syndrome,Peromyscus beatae,99538,mammalia,rodentia,cricetidae,PCR/Sequencing,Orthohantavirus sinnombreense,FALSE,FALSE,FALSE,FALSE
master_19,Hantavirus pulmonary syndrome,Hantavirus pulmonary syndrome,Peromyscus boylii,56316,mammalia,rodentia,cricetidae,PCR/Sequencing,Orthohantavirus sinnombreense,FALSE,FALSE,FALSE,FALSE
master_19,Hantavirus pulmonary syndrome,Hantavirus pulmonary syndrome,Peromyscus californicus,42520,mammalia,rodentia,cricetidae,PCR/Sequencing,Orthohantavirus sinnombreense,FALSE,FALSE,FALSE,FALSE
master_19,Hantavirus pulmonary syndrome,Hantavirus pulmonary syndrome,Peromyscus eremicus,42410,mammalia,rodentia,cricetidae,PCR/Sequencing,Orthohantavirus sinnombreense,FALSE,FALSE,FALSE,FALSE
master_19,Hantavirus pulmonary syndrome,Hantavirus pulmonary syndrome,Peromyscus leucopus,10041,mammalia,rodentia,cricetidae,Isolation/Observation; PCR/Sequencing,Orthohantavirus sinnombreense,FALSE,FALSE,FALSE,FALSE
master_19,Hantavirus pulmonary syndrome,Hantavirus pulmonary syndrome,Peromyscus maniculatus,10042,mammalia,rodentia,cricetidae,Isolation/Observation; PCR/Sequencing,Orthohantavirus sinnombreense,FALSE,FALSE,FALSE,FALSE
master_19,Hantavirus pulmonary syndrome,Hantavirus pulmonary syndrome,Peromyscus pectoralis,97213,mammalia,rodentia,cricetidae,PCR/Sequencing,Orthohantavirus sinnombreense,FALSE,FALSE,FALSE,FALSE
master_19,Hantavirus pulmonary syndrome,Hantavirus pulmonary syndrome,Peromyscus truei,89101,mammalia,rodentia,cricetidae,PCR/Sequencing,Orthohantavirus sinnombreense,FALSE,FALSE,FALSE,FALSE
master_19,Hantavirus pulmonary syndrome,Hantavirus pulmonary syndrome,Reithrodontomys fulvescens,56213,mammalia,rodentia,cricetidae,PCR/Sequencing,Orthohantavirus sinnombreense,FALSE,FALSE,FALSE,FALSE
master_19,Hantavirus pulmonary syndrome,Hantavirus pulmonary syndrome,Reithrodontomys megalotis,44234,mammalia,rodentia,cricetidae,PCR/Sequencing,Orthohantavirus sinnombreense,FALSE,FALSE,FALSE,FALSE
master_19,Hantavirus pulmonary syndrome,Hantavirus pulmonary syndrome,Tamias minimus,45468,,,,PCR/Sequencing,Orthohantavirus sinnombreense,FALSE,FALSE,FALSE,FALSE
master_19,Hantavirus pulmonary syndrome,Hantavirus pulmonary syndrome,microtus montanus,88450,,,,PCR/Sequencing,Orthohantavirus sinnombreense,FALSE,FALSE,FALSE,FALSE
master_19,Hantavirus pulmonary syndrome,Hantavirus pulmonary syndrome,peromyscus sonoriensis,2746888,,,,PCR/Sequencing,Orthohantavirus sinnombreense,FALSE,FALSE,FALSE,FALSE
master_2,Dengue,Dengue,Artibeus jamaicensis,9417,mammalia,chiroptera,phyllostomidae,PCR/Sequencing,Orthoflavivirus denguei,TRUE,TRUE,FALSE,FALSE
master_2,Dengue,Dengue,Callithrix penicillata,57378,mammalia,primates,callitrichidae,PCR/Sequencing,Orthoflavivirus denguei,TRUE,TRUE,FALSE,FALSE
master_2,Dengue,Dengue,Caluromys philander,70610,mammalia,didelphimorphia,didelphidae,PCR/Sequencing,Orthoflavivirus denguei,TRUE,TRUE,FALSE,FALSE
master_2,Dengue,Dengue,Canis lupus,9615,mammalia,carnivora,canidae,PCR/Sequencing,Orthoflavivirus denguei,TRUE,TRUE,FALSE,FALSE
master_2,Dengue,Dengue,Carollia brevicauda,138695,mammalia,chiroptera,phyllostomidae,PCR/Sequencing,Orthoflavivirus denguei,TRUE,TRUE,FALSE,FALSE
master_2,Dengue,Dengue,Carollia perspicillata,40233,mammalia,chiroptera,phyllostomidae,PCR/Sequencing,Orthoflavivirus denguei,TRUE,TRUE,FALSE,FALSE
master_2,Dengue,Dengue,Chlorocebus aethiops,9534,mammalia,primates,cercopithecidae,PCR/Sequencing,Orthoflavivirus denguei,TRUE,TRUE,FALSE,FALSE
master_2,Dengue,Dengue,Dermanura phaeotis,40229,mammalia,chiroptera,phyllostomidae,PCR/Sequencing,Orthoflavivirus denguei,TRUE,TRUE,FALSE,FALSE
master_2,Dengue,Dengue,Didelphis marsupialis,9268,mammalia,didelphimorphia,didelphidae,PCR/Sequencing,Orthoflavivirus denguei,TRUE,TRUE,FALSE,FALSE
master_2,Dengue,Dengue,Erythrocebus patas,9538,mammalia,primates,cercopithecidae,Isolation/Observation,Orthoflavivirus denguei,TRUE,TRUE,FALSE,FALSE
master_2,Dengue,Dengue,Glossophaga mutica,2994998,,,,PCR/Sequencing,Orthoflavivirus denguei,TRUE,TRUE,FALSE,FALSE
master_2,Dengue,Dengue,Glossophaga soricina,27638,mammalia,chiroptera,phyllostomidae,PCR/Sequencing,Orthoflavivirus denguei,TRUE,TRUE,FALSE,FALSE
master_2,Dengue,Dengue,Homo sapiens,9606,,,,Isolation/Observation; PCR/Sequencing,Orthoflavivirus denguei,TRUE,TRUE,FALSE,FALSE
master_2,Dengue,Dengue,Hylaeamys megacephalus,89099,mammalia,rodentia,cricetidae,PCR/Sequencing,Orthoflavivirus denguei,TRUE,TRUE,FALSE,FALSE
master_2,Dengue,Dengue,Macaca fascicularis,9541,mammalia,primates,cercopithecidae,Isolation/Observation; PCR/Sequencing,Orthoflavivirus denguei,TRUE,TRUE,FALSE,FALSE
master_2,Dengue,Dengue,Macaca nemestrina,9545,mammalia,primates,cercopithecidae,PCR/Sequencing,Orthoflavivirus denguei,TRUE,TRUE,FALSE,FALSE
master_2,Dengue,Dengue,Marmosa demerarae,42719,mammalia,didelphimorphia,didelphidae,PCR/Sequencing,Orthoflavivirus denguei,TRUE,TRUE,FALSE,FALSE
master_2,Dengue,Dengue,Marmosa murina,126295,mammalia,didelphimorphia,didelphidae,PCR/Sequencing,Orthoflavivirus denguei,TRUE,TRUE,FALSE,FALSE
master_2,Dengue,Dengue,Marmosops parvidens,126298,mammalia,didelphimorphia,didelphidae,PCR/Sequencing,Orthoflavivirus denguei,TRUE,TRUE,FALSE,FALSE
master_2,Dengue,Dengue,Mesomys hispidus,30627,mammalia,rodentia,echimyidae,PCR/Sequencing,Orthoflavivirus denguei,TRUE,TRUE,FALSE,FALSE
master_2,Dengue,Dengue,Molossus nigricans,2997257,,,,PCR/Sequencing,Orthoflavivirus denguei,TRUE,TRUE,FALSE,FALSE
master_2,Dengue,Dengue,Molossus pretiosus,1982945,mammalia,chiroptera,molossidae,PCR/Sequencing,Orthoflavivirus denguei,TRUE,TRUE,FALSE,FALSE
master_2,Dengue,Dengue,Molossus rufus,124751,mammalia,chiroptera,molossidae,PCR/Sequencing,Orthoflavivirus denguei,TRUE,TRUE,FALSE,FALSE
master_2,Dengue,Dengue,Molossus sinaloae,58076,mammalia,chiroptera,molossidae,PCR/Sequencing,Orthoflavivirus denguei,TRUE,TRUE,FALSE,FALSE
master_2,Dengue,Dengue,Mus musculus,10090,mammalia,rodentia,muridae,PCR/Sequencing,Orthoflavivirus denguei,TRUE,TRUE,FALSE,FALSE
master_2,Dengue,Dengue,Myotis nigricans,153286,mammalia,chiroptera,vespertilionidae,PCR/Sequencing,Orthoflavivirus denguei,TRUE,TRUE,FALSE,FALSE
master_2,Dengue,Dengue,Natalus stramineus,155040,mammalia,chiroptera,natalidae,PCR/Sequencing,Orthoflavivirus denguei,TRUE,TRUE,FALSE,FALSE
master_2,Dengue,Dengue,Philander opossum,9272,mammalia,didelphimorphia,didelphidae,PCR/Sequencing,Orthoflavivirus denguei,TRUE,TRUE,FALSE,FALSE
master_2,Dengue,Dengue,Phyllostomus discolor,89673,mammalia,chiroptera,phyllostomidae,PCR/Sequencing,Orthoflavivirus denguei,TRUE,TRUE,FALSE,FALSE
master_2,Dengue,Dengue,Proechimys cuvieri,128106,mammalia,rodentia,echimyidae,PCR/Sequencing,Orthoflavivirus denguei,TRUE,TRUE,FALSE,FALSE
master_2,Dengue,Dengue,Proechimys guyannensis,128105,mammalia,rodentia,echimyidae,PCR/Sequencing,Orthoflavivirus denguei,TRUE,TRUE,FALSE,FALSE
master_2,Dengue,Dengue,Rhogeessa tumida,153299,mammalia,chiroptera,vespertilionidae,PCR/Sequencing,Orthoflavivirus denguei,TRUE,TRUE,FALSE,FALSE
master_2,Dengue,Dengue,Rousettus leschenaultii,9408,mammalia,chiroptera,pteropodidae,PCR/Sequencing,Orthoflavivirus denguei,TRUE,TRUE,FALSE,FALSE
master_2,Dengue,Dengue,Sturnira parvidens,196700,mammalia,chiroptera,phyllostomidae,PCR/Sequencing,Orthoflavivirus denguei,TRUE,TRUE,FALSE,FALSE
master_2,Dengue,Dengue,Trachypithecus cristatus,122765,mammalia,primates,cercopithecidae,PCR/Sequencing,Orthoflavivirus denguei,TRUE,TRUE,FALSE,FALSE
master_2,Dengue,Dengue,Trachypithecus obscurus,54181,mammalia,primates,cercopithecidae,Isolation/Observation,Orthoflavivirus denguei,TRUE,TRUE,FALSE,FALSE
master_2,Dengue,Dengue,Tupaia glis,9395,mammalia,scandentia,tupaiidae,PCR/Sequencing,Orthoflavivirus denguei,TRUE,TRUE,FALSE,FALSE
master_20,Argentine hemorrhagic fever,Argentine hemorrhagic fever,Akodon azarae,29095,mammalia,rodentia,cricetidae,Isolation/Observation,Mammarenavirus juninense,TRUE,TRUE,FALSE,FALSE
master_20,Argentine hemorrhagic fever,Argentine hemorrhagic fever,Calomys,160457,,,,PCR/Sequencing,Mammarenavirus juninense,TRUE,TRUE,FALSE,FALSE
master_20,Argentine hemorrhagic fever,Argentine hemorrhagic fever,Calomys laucha,56211,mammalia,rodentia,cricetidae,Isolation/Observation; PCR/Sequencing,Mammarenavirus juninense,TRUE,TRUE,FALSE,FALSE
master_20,Argentine hemorrhagic fever,Argentine hemorrhagic fever,Calomys musculinus,56212,mammalia,rodentia,cricetidae,Isolation/Observation; PCR/Sequencing,Mammarenavirus juninense,TRUE,TRUE,FALSE,FALSE
master_20,Argentine hemorrhagic fever,Argentine hemorrhagic fever,Homo sapiens,9606,,,,Isolation/Observation; PCR/Sequencing,Mammarenavirus juninense,TRUE,TRUE,FALSE,FALSE
master_20,Argentine hemorrhagic fever,Argentine hemorrhagic fever,Mus musculus,10090,mammalia,rodentia,muridae,Isolation/Observation,Mammarenavirus juninense,TRUE,TRUE,FALSE,FALSE
master_20,Argentine hemorrhagic fever,Argentine hemorrhagic fever,Necromys obscurus,399317,mammalia,rodentia,cricetidae,Isolation/Observation,Mammarenavirus juninense,TRUE,TRUE,FALSE,FALSE
master_20,Argentine hemorrhagic fever,Argentine hemorrhagic fever,Oligoryzomys flavescens,218824,mammalia,rodentia,cricetidae,Isolation/Observation; PCR/Sequencing,Mammarenavirus juninense,TRUE,TRUE,FALSE,FALSE
master_23,Tick-borne encephalitis,Tick-borne encephalitis,Acrocephalus dumetorum,68474,aves,passeriformes,acrocephalidae,Isolation/Observation; PCR/Sequencing,Orthoflavivirus encephalitidis,FALSE,FALSE,FALSE,FALSE
master_23,Tick-borne encephalitis,Tick-borne encephalitis,Alexandromys fortis,100897,mammalia,rodentia,cricetidae,PCR/Sequencing,Orthoflavivirus encephalitidis,FALSE,FALSE,FALSE,FALSE
master_23,Tick-borne encephalitis,Tick-borne encephalitis,Alexandromys maximowiczii,470139,mammalia,rodentia,cricetidae,Isolation/Observation; PCR/Sequencing,Orthoflavivirus encephalitidis,FALSE,FALSE,FALSE,FALSE
master_23,Tick-borne encephalitis,Tick-borne encephalitis,Alexandromys maximowiczii,798066,mammalia,rodentia,cricetidae,PCR/Sequencing,Orthoflavivirus encephalitidis,FALSE,FALSE,FALSE,FALSE
master_23,Tick-borne encephalitis,Tick-borne encephalitis,Alexandromys oeconomus,2162900,mammalia,rodentia,cricetidae,Isolation/Observation; PCR/Sequencing,Orthoflavivirus encephalitidis,FALSE,FALSE,FALSE,FALSE
master_23,Tick-borne encephalitis,Tick-borne encephalitis,Anas crecca,75839,aves,anseriformes,anatidae,PCR/Sequencing,Orthoflavivirus encephalitidis,FALSE,FALSE,FALSE,FALSE
master_23,Tick-borne encephalitis,Tick-borne encephalitis,Anas platyrhynchos,8839,aves,anseriformes,anatidae,PCR/Sequencing,Orthoflavivirus encephalitidis,FALSE,FALSE,FALSE,FALSE
master_23,Tick-borne encephalitis,Tick-borne encephalitis,Anthus trivialis,45804,aves,passeriformes,motacillidae,PCR/Sequencing,Orthoflavivirus encephalitidis,FALSE,FALSE,FALSE,FALSE
master_23,Tick-borne encephalitis,Tick-borne encephalitis,Apodemus agrarius,39030,mammalia,rodentia,muridae,Isolation/Observation; PCR/Sequencing,Orthoflavivirus encephalitidis,FALSE,FALSE,FALSE,FALSE
master_23,Tick-borne encephalitis,Tick-borne encephalitis,Apodemus flavicollis,54292,mammalia,rodentia,muridae,Isolation/Observation; PCR/Sequencing,Orthoflavivirus encephalitidis,FALSE,FALSE,FALSE,FALSE
master_23,Tick-borne encephalitis,Tick-borne encephalitis,Apodemus speciosus,105296,mammalia,rodentia,muridae,PCR/Sequencing,Orthoflavivirus encephalitidis,FALSE,FALSE,FALSE,FALSE
master_23,Tick-borne encephalitis,Tick-borne encephalitis,Apodemus sylvaticus,10129,mammalia,rodentia,muridae,Isolation/Observation; PCR/Sequencing,Orthoflavivirus encephalitidis,FALSE,FALSE,FALSE,FALSE
master_23,Tick-borne encephalitis,Tick-borne encephalitis,Bombycilla garrulus,125297,aves,passeriformes,bombycillidae,PCR/Sequencing,Orthoflavivirus encephalitidis,FALSE,FALSE,FALSE,FALSE
master_23,Tick-borne encephalitis,Tick-borne encephalitis,Bos taurus,9913,mammalia,artiodactyla,bovidae,PCR/Sequencing,Orthoflavivirus encephalitidis,FALSE,FALSE,FALSE,FALSE
master_23,Tick-borne encephalitis,Tick-borne encephalitis,Calliope calliope,229100,aves,passeriformes,muscicapidae,PCR/Sequencing,Orthoflavivirus encephalitidis,FALSE,FALSE,FALSE,FALSE
master_23,Tick-borne encephalitis,Tick-borne encephalitis,Canis lupus,9612,mammalia,carnivora,canidae,PCR/Sequencing,Orthoflavivirus encephalitidis,FALSE,FALSE,FALSE,FALSE
master_23,Tick-borne encephalitis,Tick-borne encephalitis,Canis lupus,9615,mammalia,carnivora,canidae,PCR/Sequencing,Orthoflavivirus encephalitidis,FALSE,FALSE,FALSE,FALSE
master_23,Tick-borne encephalitis,Tick-borne encephalitis,Capra hircus,9925,mammalia,artiodactyla,bovidae,PCR/Sequencing,Orthoflavivirus encephalitidis,FALSE,FALSE,FALSE,FALSE
master_23,Tick-borne encephalitis,Tick-borne encephalitis,Capreolus capreolus,9858,mammalia,artiodactyla,cervidae,PCR/Sequencing,Orthoflavivirus encephalitidis,FALSE,FALSE,FALSE,FALSE
master_23,Tick-borne encephalitis,Tick-borne encephalitis,Carduelis carduelis,37600,aves,passeriformes,fringillidae,PCR/Sequencing,Orthoflavivirus encephalitidis,FALSE,FALSE,FALSE,FALSE
master_23,Tick-borne encephalitis,Tick-borne encephalitis,Carpodacus erythrinus,175930,aves,passeriformes,fringillidae,PCR/Sequencing,Orthoflavivirus encephalitidis,FALSE,FALSE,FALSE,FALSE
master_23,Tick-borne encephalitis,Tick-borne encephalitis,Cervus elaphus,9860,mammalia,artiodactyla,cervidae,Isolation/Observation; PCR/Sequencing,Orthoflavivirus encephalitidis,FALSE,FALSE,FALSE,FALSE
master_23,Tick-borne encephalitis,Tick-borne encephalitis,Chloris chloris,37601,aves,passeriformes,fringillidae,PCR/Sequencing,Orthoflavivirus encephalitidis,FALSE,FALSE,FALSE,FALSE
master_23,Tick-borne encephalitis,Tick-borne encephalitis,Cinclus cinclus,127875,aves,passeriformes,cinclidae,PCR/Sequencing,Orthoflavivirus encephalitidis,FALSE,FALSE,FALSE,FALSE
master_23,Tick-borne encephalitis,Tick-borne encephalitis,Clethrionomys rutilus,537920,mammalia,rodentia,cricetidae,Isolation/Observation; PCR/Sequencing,Orthoflavivirus encephalitidis,FALSE,FALSE,FALSE,FALSE
master_23,Tick-borne encephalitis,Tick-borne encephalitis,Coloeus monedula,30423,,,,PCR/Sequencing,Orthoflavivirus encephalitidis,FALSE,FALSE,FALSE,FALSE
master_23,Tick-borne encephalitis,Tick-borne encephalitis,Columba livia,8932,aves,columbiformes,columbidae,PCR/Sequencing,Orthoflavivirus encephalitidis,FALSE,FALSE,FALSE,FALSE
master_23,Tick-borne encephalitis,Tick-borne encephalitis,Corvus cornix,181096,,,,PCR/Sequencing,Orthoflavivirus encephalitidis,FALSE,FALSE,FALSE,FALSE
master_23,Tick-borne encephalitis,Tick-borne encephalitis,Cricetulus barabensis,329629,mammalia,rodentia,cricetidae,Isolation/Observation; PCR/Sequencing,Orthoflavivirus encephalitidis,FALSE,FALSE,FALSE,FALSE
master_23,Tick-borne encephalitis,Tick-borne encephalitis,Curruca curruca,43163,aves,passeriformes,sylviidae,PCR/Sequencing,Orthoflavivirus encephalitidis,FALSE,FALSE,FALSE,FALSE
master_23,Tick-borne encephalitis,Tick-borne encephalitis,Dendrocopos major,183177,aves,piciformes,picidae,PCR/Sequencing,Orthoflavivirus encephalitidis,FALSE,FALSE,FALSE,FALSE
master_23,Tick-borne encephalitis,Tick-borne encephalitis,Emberiza citrinella,37595,aves,passeriformes,emberizidae,PCR/Sequencing,Orthoflavivirus encephalitidis,FALSE,FALSE,FALSE,FALSE
master_23,Tick-borne encephalitis,Tick-borne encephalitis,Equus caballus,9796,mammalia,perissodactyla,equidae,PCR/Sequencing,Orthoflavivirus encephalitidis,FALSE,FALSE,FALSE,FALSE
master_23,Tick-borne encephalitis,Tick-borne encephalitis,Erinaceus roumanicus,1052165,mammalia,eulipotyphla,erinaceidae,Isolation/Observation,Orthoflavivirus encephalitidis,FALSE,FALSE,FALSE,FALSE
master_23,Tick-borne encephalitis,Tick-borne encephalitis,Ficedula hypoleuca,46689,aves,passeriformes,muscicapidae,PCR/Sequencing,Orthoflavivirus encephalitidis,FALSE,FALSE,FALSE,FALSE
master_23,Tick-borne encephalitis,Tick-borne encephalitis,Fringilla coelebs,37598,aves,passeriformes,fringillidae,PCR/Sequencing,Orthoflavivirus encephalitidis,FALSE,FALSE,FALSE,FALSE
master_23,Tick-borne encephalitis,Tick-borne encephalitis,Fringilla montifringilla,36255,aves,passeriformes,fringillidae,PCR/Sequencing,Orthoflavivirus encephalitidis,FALSE,FALSE,FALSE,FALSE
master_23,Tick-borne encephalitis,Tick-borne encephalitis,Homo sapiens,9606,,,,Isolation/Observation; PCR/Sequencing,Orthoflavivirus encephalitidis,FALSE,FALSE,FALSE,FALSE
master_23,Tick-borne encephalitis,Tick-borne encephalitis,Loxia curvirostra,64802,aves,passeriformes,fringillidae,PCR/Sequencing,Orthoflavivirus encephalitidis,FALSE,FALSE,FALSE,FALSE
master_23,Tick-borne encephalitis,Tick-borne encephalitis,Luscinia luscinia,391696,aves,passeriformes,muscicapidae,PCR/Sequencing,Orthoflavivirus encephalitidis,FALSE,FALSE,FALSE,FALSE
master_23,Tick-borne encephalitis,Tick-borne encephalitis,Macaca radiata,9548,mammalia,primates,cercopithecidae,Isolation/Observation,Orthoflavivirus encephalitidis,FALSE,FALSE,FALSE,FALSE
master_23,Tick-borne encephalitis,Tick-borne encephalitis,Macaca sylvanus,9546,mammalia,primates,cercopithecidae,Isolation/Observation; PCR/Sequencing,Orthoflavivirus encephalitidis,FALSE,FALSE,FALSE,FALSE
master_23,Tick-borne encephalitis,Tick-borne encephalitis,Marmota himalayana,93163,mammalia,rodentia,sciuridae,PCR/Sequencing,Orthoflavivirus encephalitidis,FALSE,FALSE,FALSE,FALSE
master_23,Tick-borne encephalitis,Tick-borne encephalitis,Mergus merganser,8880,aves,anseriformes,anatidae,PCR/Sequencing,Orthoflavivirus encephalitidis,FALSE,FALSE,FALSE,FALSE
master_23,Tick-borne encephalitis,Tick-borne encephalitis,Microtus agrestis,29092,mammalia,rodentia,cricetidae,PCR/Sequencing,Orthoflavivirus encephalitidis,FALSE,FALSE,FALSE,FALSE
master_23,Tick-borne encephalitis,Tick-borne encephalitis,Microtus arvalis,47230,mammalia,rodentia,cricetidae,Isolation/Observation; PCR/Sequencing,Orthoflavivirus encephalitidis,FALSE,FALSE,FALSE,FALSE
master_23,Tick-borne encephalitis,Tick-borne encephalitis,Microtus rossiaemeridionalis,537919,mammalia,rodentia,cricetidae,PCR/Sequencing,Orthoflavivirus encephalitidis,FALSE,FALSE,FALSE,FALSE
master_23,Tick-borne encephalitis,Tick-borne encephalitis,Motacilla alba,45807,aves,passeriformes,motacillidae,PCR/Sequencing,Orthoflavivirus encephalitidis,FALSE,FALSE,FALSE,FALSE
master_23,Tick-borne encephalitis,Tick-borne encephalitis,Mus,10095,,,,PCR/Sequencing,Orthoflavivirus encephalitidis,FALSE,FALSE,FALSE,FALSE
master_23,Tick-borne encephalitis,Tick-borne encephalitis,Mus musculus,10090,mammalia,rodentia,muridae,PCR/Sequencing,Orthoflavivirus encephalitidis,FALSE,FALSE,FALSE,FALSE
master_23,Tick-borne encephalitis,Tick-borne encephalitis,Myodes glareolus,447135,,,,Isolation/Observation; PCR/Sequencing,Orthoflavivirus encephalitidis,FALSE,FALSE,FALSE,FALSE
master_23,Tick-borne encephalitis,Tick-borne encephalitis,Myodes rufocanus,2929754,,,,Isolation/Observation; PCR/Sequencing,Orthoflavivirus encephalitidis,FALSE,FALSE,FALSE,FALSE
master_23,Tick-borne encephalitis,Tick-borne encephalitis,Ochotona alpina,130819,mammalia,lagomorpha,ochotonidae,PCR/Sequencing,Orthoflavivirus encephalitidis,FALSE,FALSE,FALSE,FALSE
master_23,Tick-borne encephalitis,Tick-borne encephalitis,Ovis ammon,30527,mammalia,artiodactyla,bovidae,Isolation/Observation; PCR/Sequencing,Orthoflavivirus encephalitidis,FALSE,FALSE,FALSE,FALSE
master_23,Tick-borne encephalitis,Tick-borne encephalitis,Ovis aries,9940,mammalia,artiodactyla,bovidae,Isolation/Observation; PCR/Sequencing,Orthoflavivirus encephalitidis,FALSE,FALSE,FALSE,FALSE
master_23,Tick-borne encephalitis,Tick-borne encephalitis,Parus major,9157,aves,passeriformes,paridae,PCR/Sequencing,Orthoflavivirus encephalitidis,FALSE,FALSE,FALSE,FALSE
master_23,Tick-borne encephalitis,Tick-borne encephalitis,Passer montanus,9160,aves,passeriformes,passeridae,PCR/Sequencing,Orthoflavivirus encephalitidis,FALSE,FALSE,FALSE,FALSE
master_23,Tick-borne encephalitis,Tick-borne encephalitis,Periparus ater,156567,aves,passeriformes,paridae,PCR/Sequencing,Orthoflavivirus encephalitidis,FALSE,FALSE,FALSE,FALSE
master_23,Tick-borne encephalitis,Tick-borne encephalitis,Phoenicurus phoenicurus,121423,aves,passeriformes,muscicapidae,PCR/Sequencing,Orthoflavivirus encephalitidis,FALSE,FALSE,FALSE,FALSE
master_23,Tick-borne encephalitis,Tick-borne encephalitis,Phylloscopus collybita,48150,aves,passeriformes,phylloscopidae,PCR/Sequencing,Orthoflavivirus encephalitidis,FALSE,FALSE,FALSE,FALSE
master_23,Tick-borne encephalitis,Tick-borne encephalitis,Phylloscopus proregulus,56435,aves,passeriformes,phylloscopidae,PCR/Sequencing,Orthoflavivirus encephalitidis,FALSE,FALSE,FALSE,FALSE
master_23,Tick-borne encephalitis,Tick-borne encephalitis,Phylloscopus trochilus,9182,aves,passeriformes,phylloscopidae,PCR/Sequencing,Orthoflavivirus encephalitidis,FALSE,FALSE,FALSE,FALSE
master_23,Tick-borne encephalitis,Tick-borne encephalitis,Pica pica,34924,aves,passeriformes,corvidae,PCR/Sequencing,Orthoflavivirus encephalitidis,FALSE,FALSE,FALSE,FALSE
master_23,Tick-borne encephalitis,Tick-borne encephalitis,Pinicola enucleator,175947,aves,passeriformes,fringillidae,PCR/Sequencing,Orthoflavivirus encephalitidis,FALSE,FALSE,FALSE,FALSE
master_23,Tick-borne encephalitis,Tick-borne encephalitis,Poecile montanus,48895,aves,passeriformes,paridae,PCR/Sequencing,Orthoflavivirus encephalitidis,FALSE,FALSE,FALSE,FALSE
master_23,Tick-borne encephalitis,Tick-borne encephalitis,Pyrrhula pyrrhula,37607,aves,passeriformes,fringillidae,PCR/Sequencing,Orthoflavivirus encephalitidis,FALSE,FALSE,FALSE,FALSE
master_23,Tick-borne encephalitis,Tick-borne encephalitis,Riparia riparia,88110,aves,passeriformes,hirundinidae,PCR/Sequencing,Orthoflavivirus encephalitidis,FALSE,FALSE,FALSE,FALSE
master_23,Tick-borne encephalitis,Tick-borne encephalitis,Rupicapra rupicapra,130898,mammalia,artiodactyla,bovidae,PCR/Sequencing,Orthoflavivirus encephalitidis,FALSE,FALSE,FALSE,FALSE
master_23,Tick-borne encephalitis,Tick-borne encephalitis,Rupicapra rupicapra,34869,mammalia,artiodactyla,bovidae,PCR/Sequencing,Orthoflavivirus encephalitidis,FALSE,FALSE,FALSE,FALSE
master_23,Tick-borne encephalitis,Tick-borne encephalitis,Semnopithecus entellus,88029,mammalia,primates,cercopithecidae,Isolation/Observation,Orthoflavivirus encephalitidis,FALSE,FALSE,FALSE,FALSE
master_23,Tick-borne encephalitis,Tick-borne encephalitis,Sitta europaea,50251,aves,passeriformes,sittidae,PCR/Sequencing,Orthoflavivirus encephalitidis,FALSE,FALSE,FALSE,FALSE
master_23,Tick-borne encephalitis,Tick-borne encephalitis,Sorex araneus,42254,mammalia,eulipotyphla,soricidae,Isolation/Observation; PCR/Sequencing,Orthoflavivirus encephalitidis,FALSE,FALSE,FALSE,FALSE
master_23,Tick-borne encephalitis,Tick-borne encephalitis,Spatula clypeata,75838,aves,anseriformes,anatidae,PCR/Sequencing,Orthoflavivirus encephalitidis,FALSE,FALSE,FALSE,FALSE
master_23,Tick-borne encephalitis,Tick-borne encephalitis,Spinus spinus,160760,aves,passeriformes,fringillidae,PCR/Sequencing,Orthoflavivirus encephalitidis,FALSE,FALSE,FALSE,FALSE
master_23,Tick-borne encephalitis,Tick-borne encephalitis,Stenocranius gregalis,3371160,mammalia,rodentia,cricetidae,Isolation/Observation; PCR/Sequencing,Orthoflavivirus encephalitidis,FALSE,FALSE,FALSE,FALSE
master_23,Tick-borne encephalitis,Tick-borne encephalitis,Sturnus vulgaris,9172,aves,passeriformes,sturnidae,PCR/Sequencing,Orthoflavivirus encephalitidis,FALSE,FALSE,FALSE,FALSE
master_23,Tick-borne encephalitis,Tick-borne encephalitis,Sus scrofa,9823,mammalia,artiodactyla,suidae,PCR/Sequencing,Orthoflavivirus encephalitidis,FALSE,FALSE,FALSE,FALSE
master_23,Tick-borne encephalitis,Tick-borne encephalitis,Tamias sibiricus,64680,,,,Isolation/Observation; PCR/Sequencing,Orthoflavivirus encephalitidis,FALSE,FALSE,FALSE,FALSE
master_23,Tick-borne encephalitis,Tick-borne encephalitis,Tetrastes bonasia,1155787,aves,galliformes,phasianidae,PCR/Sequencing,Orthoflavivirus encephalitidis,FALSE,FALSE,FALSE,FALSE
master_23,Tick-borne encephalitis,Tick-borne encephalitis,Turdus iliacus,411526,aves,passeriformes,turdidae,PCR/Sequencing,Orthoflavivirus encephalitidis,FALSE,FALSE,FALSE,FALSE
master_23,Tick-borne encephalitis,Tick-borne encephalitis,Turdus pilaris,357736,aves,passeriformes,turdidae,Isolation/Observation; PCR/Sequencing,Orthoflavivirus encephalitidis,FALSE,FALSE,FALSE,FALSE
master_23,Tick-borne encephalitis,Tick-borne encephalitis,Urocitellus undulatus,99867,mammalia,rodentia,sciuridae,Isolation/Observation; PCR/Sequencing,Orthoflavivirus encephalitidis,FALSE,FALSE,FALSE,FALSE
master_23,Tick-borne encephalitis,Tick-borne encephalitis,Vanellus vanellus,100859,aves,charadriiformes,charadriidae,PCR/Sequencing,Orthoflavivirus encephalitidis,FALSE,FALSE,FALSE,FALSE
master_23,Tick-borne encephalitis,Tick-borne encephalitis,Vicugna pacos,30538,,,,PCR/Sequencing,Orthoflavivirus encephalitidis,FALSE,FALSE,FALSE,FALSE
master_28,Hepatitis E,Hepatitis E,Alces alces,9852,mammalia,artiodactyla,cervidae,PCR/Sequencing,Paslahepevirus balayani genotype 3,FALSE,FALSE,FALSE,FALSE
master_28,Hepatitis E,Hepatitis E,Balearica pavonina,30414,aves,gruiformes,gruidae,PCR/Sequencing,Paslahepevirus balayani genotype 3,FALSE,FALSE,FALSE,FALSE
master_28,Hepatitis E,Hepatitis E,Bandicota indica,456472,mammalia,rodentia,muridae,PCR/Sequencing,Paslahepevirus balayani genotype 3,FALSE,FALSE,FALSE,FALSE
master_28,Hepatitis E,Hepatitis E,Bos grunniens,30521,,,,Isolation/Observation,Paslahepevirus balayani genotype 3,FALSE,FALSE,FALSE,FALSE
master_28,Hepatitis E,Hepatitis E,Bos taurus,9913,mammalia,artiodactyla,bovidae,PCR/Sequencing,Paslahepevirus balayani genotype 3,FALSE,FALSE,FALSE,FALSE
master_28,Hepatitis E,Hepatitis E,Camelus bactrianus,9837,,,,PCR/Sequencing,Paslahepevirus balayani genotype 3,FALSE,FALSE,FALSE,FALSE
master_28,Hepatitis E,Hepatitis E,Camelus dromedarius,9838,mammalia,artiodactyla,camelidae,Isolation/Observation; PCR/Sequencing,Paslahepevirus balayani genotype 3,FALSE,FALSE,FALSE,FALSE
master_28,Hepatitis E,Hepatitis E,Capra hircus,9925,mammalia,artiodactyla,bovidae,PCR/Sequencing,Paslahepevirus balayani genotype 3,FALSE,FALSE,FALSE,FALSE
master_28,Hepatitis E,Hepatitis E,Capreolus capreolus,9858,mammalia,artiodactyla,cervidae,PCR/Sequencing,Paslahepevirus balayani genotype 3,FALSE,FALSE,FALSE,FALSE
master_28,Hepatitis E,Hepatitis E,Cervus elaphus,9860,mammalia,artiodactyla,cervidae,PCR/Sequencing,Paslahepevirus balayani genotype 3,FALSE,FALSE,FALSE,FALSE
master_28,Hepatitis E,Hepatitis E,Cervus nippon,223998,mammalia,artiodactyla,cervidae,PCR/Sequencing,Paslahepevirus balayani genotype 3,FALSE,FALSE,FALSE,FALSE
master_28,Hepatitis E,Hepatitis E,Cervus nippon,92867,mammalia,artiodactyla,cervidae,PCR/Sequencing,Paslahepevirus balayani genotype 3,FALSE,FALSE,FALSE,FALSE
master_28,Hepatitis E,Hepatitis E,Cervus nippon,9863,mammalia,artiodactyla,cervidae,PCR/Sequencing,Paslahepevirus balayani genotype 3,FALSE,FALSE,FALSE,FALSE
master_28,Hepatitis E,Hepatitis E,Egretta garzetta,188379,aves,pelecaniformes,ardeidae,PCR/Sequencing,Paslahepevirus balayani genotype 3,FALSE,FALSE,FALSE,FALSE
master_28,Hepatitis E,Hepatitis E,Equus caballus,9796,mammalia,perissodactyla,equidae,PCR/Sequencing,Paslahepevirus balayani genotype 3,FALSE,FALSE,FALSE,FALSE
master_28,Hepatitis E,Hepatitis E,Gallus gallus,9031,aves,galliformes,phasianidae,PCR/Sequencing,Paslahepevirus balayani genotype 3,FALSE,FALSE,FALSE,FALSE
master_28,Hepatitis E,Hepatitis E,Homo sapiens,9606,,,,Isolation/Observation; PCR/Sequencing,Paslahepevirus balayani genotype 3,FALSE,FALSE,FALSE,FALSE
master_28,Hepatitis E,Hepatitis E,Hydrochoerus hydrochaeris,10149,mammalia,rodentia,caviidae,PCR/Sequencing,Paslahepevirus balayani genotype 3,FALSE,FALSE,FALSE,FALSE
master_28,Hepatitis E,Hepatitis E,Hystrix cristata,10137,mammalia,rodentia,hystricidae,PCR/Sequencing,Paslahepevirus balayani genotype 3,FALSE,FALSE,FALSE,FALSE
master_28,Hepatitis E,Hepatitis E,Lophura nycthemera,9046,aves,galliformes,phasianidae,PCR/Sequencing,Paslahepevirus balayani genotype 3,FALSE,FALSE,FALSE,FALSE
master_28,Hepatitis E,Hepatitis E,Macaca fascicularis,9541,mammalia,primates,cercopithecidae,PCR/Sequencing,Paslahepevirus balayani genotype 3,FALSE,FALSE,FALSE,FALSE
master_28,Hepatitis E,Hepatitis E,Macaca fuscata,9542,mammalia,primates,cercopithecidae,PCR/Sequencing,Paslahepevirus balayani genotype 3,FALSE,FALSE,FALSE,FALSE
master_28,Hepatitis E,Hepatitis E,Macaca mulatta,9544,mammalia,primates,cercopithecidae,PCR/Sequencing,Paslahepevirus balayani genotype 3,FALSE,FALSE,FALSE,FALSE
master_28,Hepatitis E,Hepatitis E,Mus musculus,10090,mammalia,rodentia,muridae,PCR/Sequencing,Paslahepevirus balayani genotype 3,FALSE,FALSE,FALSE,FALSE
master_28,Hepatitis E,Hepatitis E,Mus spretus,10096,mammalia,rodentia,muridae,PCR/Sequencing,Paslahepevirus balayani genotype 3,FALSE,FALSE,FALSE,FALSE
master_28,Hepatitis E,Hepatitis E,Mustela lutreola,9666,mammalia,carnivora,mustelidae,PCR/Sequencing,Paslahepevirus balayani genotype 3,FALSE,FALSE,FALSE,FALSE
master_28,Hepatitis E,Hepatitis E,Neofelis nebulosa,61452,mammalia,carnivora,felidae,PCR/Sequencing,Paslahepevirus balayani genotype 3,FALSE,FALSE,FALSE,FALSE
master_28,Hepatitis E,Hepatitis E,Neogale vison,452646,mammalia,carnivora,mustelidae,PCR/Sequencing,Paslahepevirus balayani genotype 3,FALSE,FALSE,FALSE,FALSE
master_28,Hepatitis E,Hepatitis E,Niviventer niviventer,83757,mammalia,rodentia,muridae,PCR/Sequencing,Paslahepevirus balayani genotype 3,FALSE,FALSE,FALSE,FALSE
master_28,Hepatitis E,Hepatitis E,Nyctereutes procyonoides,34880,mammalia,carnivora,canidae,PCR/Sequencing,Paslahepevirus balayani genotype 3,FALSE,FALSE,FALSE,FALSE
master_28,Hepatitis E,Hepatitis E,Oryctolagus cuniculus,9986,mammalia,lagomorpha,leporidae,PCR/Sequencing,Paslahepevirus balayani genotype 3,FALSE,FALSE,FALSE,FALSE
master_28,Hepatitis E,Hepatitis E,Ovis aries,9940,mammalia,artiodactyla,bovidae,PCR/Sequencing,Paslahepevirus balayani genotype 3,FALSE,FALSE,FALSE,FALSE
master_28,Hepatitis E,Hepatitis E,Paguma larvata,9675,mammalia,carnivora,viverridae,PCR/Sequencing,Paslahepevirus balayani genotype 3,FALSE,FALSE,FALSE,FALSE
master_28,Hepatitis E,Hepatitis E,Pan troglodytes,9598,mammalia,primates,hominidae,Isolation/Observation,Paslahepevirus balayani genotype 3,FALSE,FALSE,FALSE,FALSE
master_28,Hepatitis E,Hepatitis E,Panthera tigris,9694,mammalia,carnivora,felidae,PCR/Sequencing,Paslahepevirus balayani genotype 3,FALSE,FALSE,FALSE,FALSE
master_28,Hepatitis E,Hepatitis E,Rattus losea,69075,mammalia,rodentia,muridae,PCR/Sequencing,Paslahepevirus balayani genotype 3,FALSE,FALSE,FALSE,FALSE
master_28,Hepatitis E,Hepatitis E,Rattus norvegicus,10116,mammalia,rodentia,muridae,PCR/Sequencing,Paslahepevirus balayani genotype 3,FALSE,FALSE,FALSE,FALSE
master_28,Hepatitis E,Hepatitis E,Rattus rattus,10117,mammalia,rodentia,muridae,PCR/Sequencing,Paslahepevirus balayani genotype 3,FALSE,FALSE,FALSE,FALSE
master_28,Hepatitis E,Hepatitis E,Rattus rattus,796024,mammalia,rodentia,muridae,PCR/Sequencing,Paslahepevirus balayani genotype 3,FALSE,FALSE,FALSE,FALSE
master_28,Hepatitis E,Hepatitis E,Rattus tanezumi,35732,mammalia,rodentia,muridae,PCR/Sequencing,Paslahepevirus balayani genotype 3,FALSE,FALSE,FALSE,FALSE
master_28,Hepatitis E,Hepatitis E,Rattus tiomanicus,83755,mammalia,rodentia,muridae,PCR/Sequencing,Paslahepevirus balayani genotype 3,FALSE,FALSE,FALSE,FALSE
master_28,Hepatitis E,Hepatitis E,Suncus murinus,9378,mammalia,eulipotyphla,soricidae,PCR/Sequencing,Paslahepevirus balayani genotype 3,FALSE,FALSE,FALSE,FALSE
master_28,Hepatitis E,Hepatitis E,Sundamys muelleri,83761,mammalia,rodentia,muridae,PCR/Sequencing,Paslahepevirus balayani genotype 3,FALSE,FALSE,FALSE,FALSE
master_28,Hepatitis E,Hepatitis E,Sus scrofa,1611880,mammalia,artiodactyla,suidae,PCR/Sequencing,Paslahepevirus balayani genotype 3,FALSE,FALSE,FALSE,FALSE
master_28,Hepatitis E,Hepatitis E,Sus scrofa,375578,mammalia,artiodactyla,suidae,PCR/Sequencing,Paslahepevirus balayani genotype 3,FALSE,FALSE,FALSE,FALSE
master_28,Hepatitis E,Hepatitis E,Sus scrofa,9823,mammalia,artiodactyla,suidae,Isolation/Observation; PCR/Sequencing,Paslahepevirus balayani genotype 3,FALSE,FALSE,FALSE,FALSE
master_28,Hepatitis E,Hepatitis E,Sus scrofa,9825,mammalia,artiodactyla,suidae,PCR/Sequencing,Paslahepevirus balayani genotype 3,FALSE,FALSE,FALSE,FALSE
master_28,Hepatitis E,Hepatitis E,Ursus thibetanus,9642,mammalia,carnivora,ursidae,PCR/Sequencing,Paslahepevirus balayani genotype 3,FALSE,FALSE,FALSE,FALSE
master_28,Hepatitis E,Hepatitis E,Urva javanica,140016,mammalia,carnivora,herpestidae,PCR/Sequencing,Paslahepevirus balayani genotype 3,FALSE,FALSE,FALSE,FALSE
master_3,Zika virus disease,Zika virus disease,Alouatta guariba,182256,mammalia,primates,atelidae,PCR/Sequencing,Orthoflavivirus zikaense,TRUE,TRUE,FALSE,FALSE
master_3,Zika virus disease,Zika virus disease,Artibeus jamaicensis,9417,mammalia,chiroptera,phyllostomidae,PCR/Sequencing,Orthoflavivirus zikaense,TRUE,TRUE,FALSE,FALSE
master_3,Zika virus disease,Zika virus disease,Artibeus planirostris,40230,mammalia,chiroptera,phyllostomidae,PCR/Sequencing,Orthoflavivirus zikaense,TRUE,TRUE,FALSE,FALSE
master_3,Zika virus disease,Zika virus disease,Callithrix,9485,,,,PCR/Sequencing,Orthoflavivirus zikaense,TRUE,TRUE,FALSE,FALSE
master_3,Zika virus disease,Zika virus disease,Callithrix jacchus,9483,mammalia,primates,callitrichidae,PCR/Sequencing,Orthoflavivirus zikaense,TRUE,TRUE,FALSE,FALSE
master_3,Zika virus disease,Zika virus disease,Chlorocebus aethiops,9534,mammalia,primates,cercopithecidae,PCR/Sequencing,Orthoflavivirus zikaense,TRUE,TRUE,FALSE,FALSE
master_3,Zika virus disease,Zika virus disease,Eidolon helvum,77214,mammalia,chiroptera,pteropodidae,PCR/Sequencing,Orthoflavivirus zikaense,TRUE,TRUE,FALSE,FALSE
master_3,Zika virus disease,Zika virus disease,Epomophorus labiatus,903567,mammalia,chiroptera,pteropodidae,PCR/Sequencing,Orthoflavivirus zikaense,TRUE,TRUE,FALSE,FALSE
master_3,Zika virus disease,Zika virus disease,Glossophaga mutica,2994998,,,,PCR/Sequencing,Orthoflavivirus zikaense,TRUE,TRUE,FALSE,FALSE
master_3,Zika virus disease,Zika virus disease,Homo sapiens,9606,,,,Isolation/Observation; PCR/Sequencing,Orthoflavivirus zikaense,TRUE,TRUE,FALSE,FALSE
master_3,Zika virus disease,Zika virus disease,Macaca mulatta,9544,mammalia,primates,cercopithecidae,Isolation/Observation; PCR/Sequencing,Orthoflavivirus zikaense,TRUE,TRUE,FALSE,FALSE
master_3,Zika virus disease,Zika virus disease,Molossus nigricans,2997257,,,,PCR/Sequencing,Orthoflavivirus zikaense,TRUE,TRUE,FALSE,FALSE
master_3,Zika virus disease,Zika virus disease,Mus musculus,10090,mammalia,rodentia,muridae,PCR/Sequencing,Orthoflavivirus zikaense,TRUE,TRUE,FALSE,FALSE
master_3,Zika virus disease,Zika virus disease,Rattus norvegicus,10116,mammalia,rodentia,muridae,PCR/Sequencing,Orthoflavivirus zikaense,TRUE,TRUE,FALSE,FALSE
master_3,Zika virus disease,Zika virus disease,Rousettus aegyptiacus,9407,mammalia,chiroptera,pteropodidae,PCR/Sequencing,Orthoflavivirus zikaense,TRUE,TRUE,FALSE,FALSE
master_3,Zika virus disease,Zika virus disease,Sapajus libidinosus,1126382,mammalia,primates,cebidae,PCR/Sequencing,Orthoflavivirus zikaense,TRUE,TRUE,FALSE,FALSE
master_3,Zika virus disease,Zika virus disease,Sturnira parvidens,196700,mammalia,chiroptera,phyllostomidae,PCR/Sequencing,Orthoflavivirus zikaense,TRUE,TRUE,FALSE,FALSE
master_3,Zika virus disease,Zika virus disease,Suncus murinus,9378,mammalia,eulipotyphla,soricidae,PCR/Sequencing,Orthoflavivirus zikaense,TRUE,TRUE,FALSE,FALSE
master_4,Chikungunya fever,Chikungunya fever,Artibeus jamaicensis,9417,mammalia,chiroptera,phyllostomidae,PCR/Sequencing,Alphavirus chikungunya,TRUE,TRUE,FALSE,FALSE
master_4,Chikungunya fever,Chikungunya fever,Chlorocebus aethiops,9534,mammalia,primates,cercopithecidae,Isolation/Observation,Alphavirus chikungunya,TRUE,TRUE,FALSE,FALSE
master_4,Chikungunya fever,Chikungunya fever,Dermanura phaeotis,40229,mammalia,chiroptera,phyllostomidae,PCR/Sequencing,Alphavirus chikungunya,TRUE,TRUE,FALSE,FALSE
master_4,Chikungunya fever,Chikungunya fever,Erythrocebus patas,9538,mammalia,primates,cercopithecidae,Isolation/Observation,Alphavirus chikungunya,TRUE,TRUE,FALSE,FALSE
master_4,Chikungunya fever,Chikungunya fever,Glossophaga mutica,2994998,,,,PCR/Sequencing,Alphavirus chikungunya,TRUE,TRUE,FALSE,FALSE
master_4,Chikungunya fever,Chikungunya fever,Hipposideros caffer,302402,mammalia,chiroptera,hipposideridae,Isolation/Observation,Alphavirus chikungunya,TRUE,TRUE,FALSE,FALSE
master_4,Chikungunya fever,Chikungunya fever,Homo sapiens,9606,,,,Isolation/Observation; PCR/Sequencing,Alphavirus chikungunya,TRUE,TRUE,FALSE,FALSE
master_4,Chikungunya fever,Chikungunya fever,Macaca fascicularis,9541,mammalia,primates,cercopithecidae,PCR/Sequencing,Alphavirus chikungunya,TRUE,TRUE,FALSE,FALSE
master_4,Chikungunya fever,Chikungunya fever,Molossus nigricans,2997257,,,,PCR/Sequencing,Alphavirus chikungunya,TRUE,TRUE,FALSE,FALSE
master_4,Chikungunya fever,Chikungunya fever,Mops pumilus,242384,mammalia,chiroptera,molossidae,Isolation/Observation,Alphavirus chikungunya,TRUE,TRUE,FALSE,FALSE
master_4,Chikungunya fever,Chikungunya fever,Mus musculus,10090,mammalia,rodentia,muridae,Isolation/Observation; PCR/Sequencing,Alphavirus chikungunya,TRUE,TRUE,FALSE,FALSE
master_4,Chikungunya fever,Chikungunya fever,Papio hamadryas,9557,mammalia,primates,cercopithecidae,PCR/Sequencing,Alphavirus chikungunya,TRUE,TRUE,FALSE,FALSE
master_4,Chikungunya fever,Chikungunya fever,Papio papio,100937,mammalia,primates,cercopithecidae,Isolation/Observation,Alphavirus chikungunya,TRUE,TRUE,FALSE,FALSE
master_4,Chikungunya fever,Chikungunya fever,Passer luteus,58821,aves,passeriformes,passeridae,Isolation/Observation,Alphavirus chikungunya,TRUE,TRUE,FALSE,FALSE
master_4,Chikungunya fever,Chikungunya fever,Peropteryx macrotis,249015,mammalia,chiroptera,emballonuridae,PCR/Sequencing,Alphavirus chikungunya,TRUE,TRUE,FALSE,FALSE
master_4,Chikungunya fever,Chikungunya fever,Rousettus aegyptiacus,9407,mammalia,chiroptera,pteropodidae,Isolation/Observation,Alphavirus chikungunya,TRUE,TRUE,FALSE,FALSE
master_4,Chikungunya fever,Chikungunya fever,Rousettus leschenaultii,9408,mammalia,chiroptera,pteropodidae,Isolation/Observation,Alphavirus chikungunya,TRUE,TRUE,FALSE,FALSE
master_4,Chikungunya fever,Chikungunya fever,Scotophilus kuhlii,153297,mammalia,chiroptera,vespertilionidae,Isolation/Observation,Alphavirus chikungunya,TRUE,TRUE,FALSE,FALSE
master_4,Chikungunya fever,Chikungunya fever,Sturnira parvidens,196700,mammalia,chiroptera,phyllostomidae,PCR/Sequencing,Alphavirus chikungunya,TRUE,TRUE,FALSE,FALSE
master_4,Chikungunya fever,Chikungunya fever,Xerus erythropus,327507,mammalia,rodentia,sciuridae,Isolation/Observation,Alphavirus chikungunya,TRUE,TRUE,FALSE,FALSE
master_5,Yellow fever,Yellow fever,Alouatta,9501,,,,PCR/Sequencing,Orthoflavivirus flavi,TRUE,TRUE,FALSE,FALSE
master_5,Yellow fever,Yellow fever,Alouatta caraya,9502,mammalia,primates,atelidae,Isolation/Observation; PCR/Sequencing,Orthoflavivirus flavi,TRUE,TRUE,FALSE,FALSE
master_5,Yellow fever,Yellow fever,Alouatta guariba,182256,mammalia,primates,atelidae,Isolation/Observation; PCR/Sequencing,Orthoflavivirus flavi,TRUE,TRUE,FALSE,FALSE
master_5,Yellow fever,Yellow fever,Alouatta guariba,183328,mammalia,primates,atelidae,PCR/Sequencing,Orthoflavivirus flavi,TRUE,TRUE,FALSE,FALSE
master_5,Yellow fever,Yellow fever,Alouatta sara,121123,mammalia,primates,atelidae,PCR/Sequencing,Orthoflavivirus flavi,TRUE,TRUE,FALSE,FALSE
master_5,Yellow fever,Yellow fever,Alouatta seniculus,9503,mammalia,primates,atelidae,Isolation/Observation; PCR/Sequencing,Orthoflavivirus flavi,TRUE,TRUE,FALSE,FALSE
master_5,Yellow fever,Yellow fever,Aotus azarae,30591,,,,PCR/Sequencing,Orthoflavivirus flavi,TRUE,TRUE,FALSE,FALSE
master_5,Yellow fever,Yellow fever,Callicebus,116962,,,,PCR/Sequencing,Orthoflavivirus flavi,TRUE,TRUE,FALSE,FALSE
master_5,Yellow fever,Yellow fever,Callicebus nigrifrons,867334,mammalia,primates,pitheciidae,PCR/Sequencing,Orthoflavivirus flavi,TRUE,TRUE,FALSE,FALSE
master_5,Yellow fever,Yellow fever,Callicebus personatus,70814,mammalia,primates,pitheciidae,PCR/Sequencing,Orthoflavivirus flavi,TRUE,TRUE,FALSE,FALSE
master_5,Yellow fever,Yellow fever,Callithrix,9485,,,,PCR/Sequencing,Orthoflavivirus flavi,TRUE,TRUE,FALSE,FALSE
master_5,Yellow fever,Yellow fever,Callithrix geoffroyi,52231,mammalia,primates,callitrichidae,PCR/Sequencing,Orthoflavivirus flavi,TRUE,TRUE,FALSE,FALSE
master_5,Yellow fever,Yellow fever,Callithrix penicillata,57378,mammalia,primates,callitrichidae,Isolation/Observation; PCR/Sequencing,Orthoflavivirus flavi,TRUE,TRUE,FALSE,FALSE
master_5,Yellow fever,Yellow fever,Cebus,9517,,,,PCR/Sequencing,Orthoflavivirus flavi,TRUE,TRUE,FALSE,FALSE
master_5,Yellow fever,Yellow fever,Chlorocebus aethiops,9534,mammalia,primates,cercopithecidae,Isolation/Observation,Orthoflavivirus flavi,TRUE,TRUE,FALSE,FALSE
master_5,Yellow fever,Yellow fever,Erythrocebus patas,9538,mammalia,primates,cercopithecidae,Isolation/Observation; PCR/Sequencing,Orthoflavivirus flavi,TRUE,TRUE,FALSE,FALSE
master_5,Yellow fever,Yellow fever,Homo sapiens,9606,,,,Isolation/Observation; PCR/Sequencing,Orthoflavivirus flavi,TRUE,TRUE,FALSE,FALSE
master_5,Yellow fever,Yellow fever,Macaca mulatta,9544,mammalia,primates,cercopithecidae,PCR/Sequencing,Orthoflavivirus flavi,TRUE,TRUE,FALSE,FALSE
master_5,Yellow fever,Yellow fever,Saguinus midas,30586,mammalia,primates,callitrichidae,PCR/Sequencing,Orthoflavivirus flavi,TRUE,TRUE,FALSE,FALSE
master_5,Yellow fever,Yellow fever,Sapajus,1874197,,,,PCR/Sequencing,Orthoflavivirus flavi,TRUE,TRUE,FALSE,FALSE
master_5,Yellow fever,Yellow fever,Sapajus apella,9515,mammalia,primates,cebidae,PCR/Sequencing,Orthoflavivirus flavi,TRUE,TRUE,FALSE,FALSE
master_5,Yellow fever,Yellow fever,Sapajus libidinosus,1126382,mammalia,primates,cebidae,PCR/Sequencing,Orthoflavivirus flavi,TRUE,TRUE,FALSE,FALSE
master_5,Yellow fever,Yellow fever,callitrichinae sp.,38020,,,,PCR/Sequencing,Orthoflavivirus flavi,TRUE,TRUE,FALSE,FALSE
master_6,West Nile fever,West Nile fever,Accipiter cooperii,261198,aves,accipitriformes,accipitridae,Isolation/Observation; PCR/Sequencing,Orthoflavivirus nilense,TRUE,TRUE,TRUE,FALSE
master_6,West Nile fever,West Nile fever,Accipiter nisus,211598,aves,accipitriformes,accipitridae,Isolation/Observation; PCR/Sequencing,Orthoflavivirus nilense,TRUE,TRUE,TRUE,FALSE
master_6,West Nile fever,West Nile fever,Accipiter striatus,56330,aves,accipitriformes,accipitridae,PCR/Sequencing,Orthoflavivirus nilense,TRUE,TRUE,TRUE,FALSE
master_6,West Nile fever,West Nile fever,Acrocephalus dumetorum,68474,aves,passeriformes,acrocephalidae,PCR/Sequencing,Orthoflavivirus nilense,TRUE,TRUE,TRUE,FALSE
master_6,West Nile fever,West Nile fever,Actitis macularius,190659,aves,charadriiformes,scolopacidae,Isolation/Observation; PCR/Sequencing,Orthoflavivirus nilense,TRUE,TRUE,TRUE,FALSE
master_6,West Nile fever,West Nile fever,Aegithalos caudatus,73327,aves,passeriformes,aegithalidae,PCR/Sequencing,Orthoflavivirus nilense,TRUE,TRUE,TRUE,FALSE
master_6,West Nile fever,West Nile fever,Aegypius monachus,8959,aves,accipitriformes,accipitridae,PCR/Sequencing,Orthoflavivirus nilense,TRUE,TRUE,TRUE,FALSE
master_6,West Nile fever,West Nile fever,Agelaius phoeniceus,39638,aves,passeriformes,icteridae,Isolation/Observation; PCR/Sequencing,Orthoflavivirus nilense,TRUE,TRUE,TRUE,FALSE
master_6,West Nile fever,West Nile fever,Alectoris graeca,40178,aves,galliformes,phasianidae,PCR/Sequencing,Orthoflavivirus nilense,TRUE,TRUE,TRUE,FALSE
master_6,West Nile fever,West Nile fever,Alectoris rufa,9079,aves,galliformes,phasianidae,PCR/Sequencing,Orthoflavivirus nilense,TRUE,TRUE,TRUE,FALSE
master_6,West Nile fever,West Nile fever,Alligator mississippiensis,8496,reptilia,crocodylia,alligatoridae,PCR/Sequencing,Orthoflavivirus nilense,TRUE,TRUE,TRUE,FALSE
master_6,West Nile fever,West Nile fever,Alopochen aegyptiaca,30382,aves,anseriformes,anatidae,PCR/Sequencing,Orthoflavivirus nilense,TRUE,TRUE,TRUE,FALSE
master_6,West Nile fever,West Nile fever,Anas platyrhynchos,8839,aves,anseriformes,anatidae,Isolation/Observation; PCR/Sequencing,Orthoflavivirus nilense,TRUE,TRUE,TRUE,FALSE
master_6,West Nile fever,West Nile fever,Anser anser,8843,aves,anseriformes,anatidae,PCR/Sequencing,Orthoflavivirus nilense,TRUE,TRUE,TRUE,FALSE
master_6,West Nile fever,West Nile fever,Anser indicus,8846,aves,anseriformes,anatidae,PCR/Sequencing,Orthoflavivirus nilense,TRUE,TRUE,TRUE,FALSE
master_6,West Nile fever,West Nile fever,Aphelocoma californica,142466,aves,passeriformes,corvidae,PCR/Sequencing,Orthoflavivirus nilense,TRUE,TRUE,TRUE,FALSE
master_6,West Nile fever,West Nile fever,Apus apus,8895,aves,caprimulgiformes,apodidae,PCR/Sequencing,Orthoflavivirus nilense,TRUE,TRUE,TRUE,FALSE
master_6,West Nile fever,West Nile fever,Aquila adalberti,52408,aves,accipitriformes,accipitridae,PCR/Sequencing,Orthoflavivirus nilense,TRUE,TRUE,TRUE,FALSE
master_6,West Nile fever,West Nile fever,Aquila chrysaetos,8962,aves,accipitriformes,accipitridae,Isolation/Observation; PCR/Sequencing,Orthoflavivirus nilense,TRUE,TRUE,TRUE,FALSE
master_6,West Nile fever,West Nile fever,Aquila fasciata,252784,aves,accipitriformes,accipitridae,PCR/Sequencing,Orthoflavivirus nilense,TRUE,TRUE,TRUE,FALSE
master_6,West Nile fever,West Nile fever,Ardea cinerea,30390,aves,pelecaniformes,ardeidae,PCR/Sequencing,Orthoflavivirus nilense,TRUE,TRUE,TRUE,FALSE
master_6,West Nile fever,West Nile fever,Arvicanthis niloticus,61156,mammalia,rodentia,muridae,Isolation/Observation,Orthoflavivirus nilense,TRUE,TRUE,TRUE,FALSE
master_6,West Nile fever,West Nile fever,Asio flammeus,56267,aves,strigiformes,strigidae,Isolation/Observation; PCR/Sequencing,Orthoflavivirus nilense,TRUE,TRUE,TRUE,FALSE
master_6,West Nile fever,West Nile fever,Asio otus,111810,aves,strigiformes,strigidae,PCR/Sequencing,Orthoflavivirus nilense,TRUE,TRUE,TRUE,FALSE
master_6,West Nile fever,West Nile fever,Astur gentilis,8957,,,,Isolation/Observation; PCR/Sequencing,Orthoflavivirus nilense,TRUE,TRUE,TRUE,FALSE
master_6,West Nile fever,West Nile fever,Athene noctua,126797,aves,strigiformes,strigidae,Isolation/Observation; PCR/Sequencing,Orthoflavivirus nilense,TRUE,TRUE,TRUE,FALSE
master_6,West Nile fever,West Nile fever,Baeolophus bicolor,88114,aves,passeriformes,paridae,PCR/Sequencing,Orthoflavivirus nilense,TRUE,TRUE,TRUE,FALSE
master_6,West Nile fever,West Nile fever,Baeolophus inornatus,142467,aves,passeriformes,paridae,PCR/Sequencing,Orthoflavivirus nilense,TRUE,TRUE,TRUE,FALSE
master_6,West Nile fever,West Nile fever,Bombycilla garrulus,125297,aves,passeriformes,bombycillidae,PCR/Sequencing,Orthoflavivirus nilense,TRUE,TRUE,TRUE,FALSE
master_6,West Nile fever,West Nile fever,Bonasa umbellus,9000,aves,galliformes,phasianidae,Isolation/Observation; PCR/Sequencing,Orthoflavivirus nilense,TRUE,TRUE,TRUE,FALSE
master_6,West Nile fever,West Nile fever,Bos taurus,9913,mammalia,artiodactyla,bovidae,PCR/Sequencing,Orthoflavivirus nilense,TRUE,TRUE,TRUE,FALSE
master_6,West Nile fever,West Nile fever,Branta canadensis,8853,aves,anseriformes,anatidae,Isolation/Observation; PCR/Sequencing,Orthoflavivirus nilense,TRUE,TRUE,TRUE,FALSE
master_6,West Nile fever,West Nile fever,Bubo scandiacus,371907,aves,strigiformes,strigidae,PCR/Sequencing,Orthoflavivirus nilense,TRUE,TRUE,TRUE,FALSE
master_6,West Nile fever,West Nile fever,Bubo virginianus,56268,aves,strigiformes,strigidae,Isolation/Observation; PCR/Sequencing,Orthoflavivirus nilense,TRUE,TRUE,TRUE,FALSE
master_6,West Nile fever,West Nile fever,Bubulcus ibis,110668,aves,pelecaniformes,ardeidae,PCR/Sequencing,Orthoflavivirus nilense,TRUE,TRUE,TRUE,FALSE
master_6,West Nile fever,West Nile fever,Buteo buteo,30397,aves,accipitriformes,accipitridae,PCR/Sequencing,Orthoflavivirus nilense,TRUE,TRUE,TRUE,FALSE
master_6,West Nile fever,West Nile fever,Buteo jamaicensis,56263,aves,accipitriformes,accipitridae,Isolation/Observation; PCR/Sequencing,Orthoflavivirus nilense,TRUE,TRUE,TRUE,FALSE
master_6,West Nile fever,West Nile fever,Buteo lineatus,223475,aves,accipitriformes,accipitridae,Isolation/Observation; PCR/Sequencing,Orthoflavivirus nilense,TRUE,TRUE,TRUE,FALSE
master_6,West Nile fever,West Nile fever,Buteo regalis,223441,aves,accipitriformes,accipitridae,Isolation/Observation; PCR/Sequencing,Orthoflavivirus nilense,TRUE,TRUE,TRUE,FALSE
master_6,West Nile fever,West Nile fever,Buteo swainsoni,156757,aves,accipitriformes,accipitridae,Isolation/Observation; PCR/Sequencing,Orthoflavivirus nilense,TRUE,TRUE,TRUE,FALSE
master_6,West Nile fever,West Nile fever,Butorides virescens,110671,,,,Isolation/Observation; PCR/Sequencing,Orthoflavivirus nilense,TRUE,TRUE,TRUE,FALSE
master_6,West Nile fever,West Nile fever,Calidris alba,279936,aves,charadriiformes,scolopacidae,Isolation/Observation; PCR/Sequencing,Orthoflavivirus nilense,TRUE,TRUE,TRUE,FALSE
master_6,West Nile fever,West Nile fever,Calypte costae,371909,aves,caprimulgiformes,trochilidae,PCR/Sequencing,Orthoflavivirus nilense,TRUE,TRUE,TRUE,FALSE
master_6,West Nile fever,West Nile fever,Camelus bactrianus,9837,,,,PCR/Sequencing,Orthoflavivirus nilense,TRUE,TRUE,TRUE,FALSE
master_6,West Nile fever,West Nile fever,Camelus dromedarius,9838,mammalia,artiodactyla,camelidae,PCR/Sequencing,Orthoflavivirus nilense,TRUE,TRUE,TRUE,FALSE
master_6,West Nile fever,West Nile fever,Canis lupus,9612,mammalia,carnivora,canidae,PCR/Sequencing,Orthoflavivirus nilense,TRUE,TRUE,TRUE,FALSE
master_6,West Nile fever,West Nile fever,Canis lupus,9615,mammalia,carnivora,canidae,PCR/Sequencing,Orthoflavivirus nilense,TRUE,TRUE,TRUE,FALSE
master_6,West Nile fever,West Nile fever,Cardinalis cardinalis,98964,aves,passeriformes,cardinalidae,Isolation/Observation; PCR/Sequencing,Orthoflavivirus nilense,TRUE,TRUE,TRUE,FALSE
master_6,West Nile fever,West Nile fever,Centrocercus urophasianus,9002,aves,galliformes,phasianidae,Isolation/Observation,Orthoflavivirus nilense,TRUE,TRUE,TRUE,FALSE
master_6,West Nile fever,West Nile fever,Cereopsis novaehollandiae,8858,aves,anseriformes,anatidae,PCR/Sequencing,Orthoflavivirus nilense,TRUE,TRUE,TRUE,FALSE
master_6,West Nile fever,West Nile fever,Charadrius melodus,279942,aves,charadriiformes,charadriidae,PCR/Sequencing,Orthoflavivirus nilense,TRUE,TRUE,TRUE,FALSE
master_6,West Nile fever,West Nile fever,Chroicocephalus ridibundus,1192867,,,,Isolation/Observation; PCR/Sequencing,Orthoflavivirus nilense,TRUE,TRUE,TRUE,FALSE
master_6,West Nile fever,West Nile fever,Ciconia ciconia,8928,aves,ciconiiformes,ciconiidae,Isolation/Observation,Orthoflavivirus nilense,TRUE,TRUE,TRUE,FALSE
master_6,West Nile fever,West Nile fever,Clanga pomarina,2675520,aves,accipitriformes,accipitridae,PCR/Sequencing,Orthoflavivirus nilense,TRUE,TRUE,TRUE,FALSE
master_6,West Nile fever,West Nile fever,Colaptes auratus,51355,aves,piciformes,picidae,Isolation/Observation; PCR/Sequencing,Orthoflavivirus nilense,TRUE,TRUE,TRUE,FALSE
master_6,West Nile fever,West Nile fever,Coloeus monedula,30423,,,,PCR/Sequencing,Orthoflavivirus nilense,TRUE,TRUE,TRUE,FALSE
master_6,West Nile fever,West Nile fever,Columba livia,8932,aves,columbiformes,columbidae,Isolation/Observation; PCR/Sequencing,Orthoflavivirus nilense,TRUE,TRUE,TRUE,FALSE
master_6,West Nile fever,West Nile fever,Columba palumbus,8934,aves,columbiformes,columbidae,PCR/Sequencing,Orthoflavivirus nilense,TRUE,TRUE,TRUE,FALSE
master_6,West Nile fever,West Nile fever,Coracopsis vasa,176022,aves,psittaciformes,psittacidae,PCR/Sequencing,Orthoflavivirus nilense,TRUE,TRUE,TRUE,FALSE
master_6,West Nile fever,West Nile fever,Coragyps atratus,33614,aves,cathartiformes,cathartidae,Isolation/Observation; PCR/Sequencing,Orthoflavivirus nilense,TRUE,TRUE,TRUE,FALSE
master_6,West Nile fever,West Nile fever,Corvus brachyrhynchos,85066,aves,passeriformes,corvidae,Isolation/Observation; PCR/Sequencing,Orthoflavivirus nilense,TRUE,TRUE,TRUE,FALSE
master_6,West Nile fever,West Nile fever,Corvus corax,56781,aves,passeriformes,corvidae,PCR/Sequencing,Orthoflavivirus nilense,TRUE,TRUE,TRUE,FALSE
master_6,West Nile fever,West Nile fever,Corvus cornix,181096,,,,Isolation/Observation; PCR/Sequencing,Orthoflavivirus nilense,TRUE,TRUE,TRUE,FALSE
master_6,West Nile fever,West Nile fever,Corvus corone,30422,aves,passeriformes,corvidae,Isolation/Observation; PCR/Sequencing,Orthoflavivirus nilense,TRUE,TRUE,TRUE,FALSE
master_6,West Nile fever,West Nile fever,Corvus frugilegus,75140,aves,passeriformes,corvidae,Isolation/Observation; PCR/Sequencing,Orthoflavivirus nilense,TRUE,TRUE,TRUE,FALSE
master_6,West Nile fever,West Nile fever,Corvus ossifragus,349685,aves,passeriformes,corvidae,Isolation/Observation; PCR/Sequencing,Orthoflavivirus nilense,TRUE,TRUE,TRUE,FALSE
master_6,West Nile fever,West Nile fever,Crocodylus moreletii,184237,reptilia,crocodylia,crocodylidae,Isolation/Observation; PCR/Sequencing,Orthoflavivirus nilense,TRUE,TRUE,TRUE,FALSE
master_6,West Nile fever,West Nile fever,Crocodylus niloticus,8501,reptilia,crocodylia,crocodylidae,PCR/Sequencing,Orthoflavivirus nilense,TRUE,TRUE,TRUE,FALSE
master_6,West Nile fever,West Nile fever,Crocodylus porosus,8502,reptilia,crocodylia,crocodylidae,PCR/Sequencing,Orthoflavivirus nilense,TRUE,TRUE,TRUE,FALSE
master_6,West Nile fever,West Nile fever,Cuculus canorus,55661,aves,cuculiformes,cuculidae,PCR/Sequencing,Orthoflavivirus nilense,TRUE,TRUE,TRUE,FALSE
master_6,West Nile fever,West Nile fever,Curruca conspicillata,216227,aves,passeriformes,sylviidae,PCR/Sequencing,Orthoflavivirus nilense,TRUE,TRUE,TRUE,FALSE
master_6,West Nile fever,West Nile fever,Curruca nisoria,216220,,,,Isolation/Observation,Orthoflavivirus nilense,TRUE,TRUE,TRUE,FALSE
master_6,West Nile fever,West Nile fever,Cyanistes caeruleus,156563,aves,passeriformes,paridae,PCR/Sequencing,Orthoflavivirus nilense,TRUE,TRUE,TRUE,FALSE
master_6,West Nile fever,West Nile fever,Cyanocitta cristata,28727,aves,passeriformes,corvidae,Isolation/Observation; PCR/Sequencing,Orthoflavivirus nilense,TRUE,TRUE,TRUE,FALSE
master_6,West Nile fever,West Nile fever,Cygnus buccinator,48397,aves,anseriformes,anatidae,PCR/Sequencing,Orthoflavivirus nilense,TRUE,TRUE,TRUE,FALSE
master_6,West Nile fever,West Nile fever,Cygnus olor,8869,aves,anseriformes,anatidae,PCR/Sequencing,Orthoflavivirus nilense,TRUE,TRUE,TRUE,FALSE
master_6,West Nile fever,West Nile fever,Egretta caerulea,110682,aves,pelecaniformes,ardeidae,Isolation/Observation,Orthoflavivirus nilense,TRUE,TRUE,TRUE,FALSE
master_6,West Nile fever,West Nile fever,Egretta garzetta,188379,aves,pelecaniformes,ardeidae,PCR/Sequencing,Orthoflavivirus nilense,TRUE,TRUE,TRUE,FALSE
master_6,West Nile fever,West Nile fever,Equus asinus,9793,mammalia,perissodactyla,equidae,PCR/Sequencing,Orthoflavivirus nilense,TRUE,TRUE,TRUE,FALSE
master_6,West Nile fever,West Nile fever,Equus caballus,9796,mammalia,perissodactyla,equidae,Isolation/Observation; PCR/Sequencing,Orthoflavivirus nilense,TRUE,TRUE,TRUE,FALSE
master_6,West Nile fever,West Nile fever,Equus ferus,1114792,mammalia,perissodactyla,equidae,PCR/Sequencing,Orthoflavivirus nilense,TRUE,TRUE,TRUE,FALSE
master_6,West Nile fever,West Nile fever,Euphagus cyanocephalus,84817,aves,passeriformes,icteridae,Isolation/Observation; PCR/Sequencing,Orthoflavivirus nilense,TRUE,TRUE,TRUE,FALSE
master_6,West Nile fever,West Nile fever,Falco columbarius,8953,aves,falconiformes,falconidae,Isolation/Observation; PCR/Sequencing,Orthoflavivirus nilense,TRUE,TRUE,TRUE,FALSE
master_6,West Nile fever,West Nile fever,Falco peregrinus,8954,aves,falconiformes,falconidae,PCR/Sequencing,Orthoflavivirus nilense,TRUE,TRUE,TRUE,FALSE
master_6,West Nile fever,West Nile fever,Falco punctatus,148596,aves,falconiformes,falconidae,Isolation/Observation; PCR/Sequencing,Orthoflavivirus nilense,TRUE,TRUE,TRUE,FALSE
master_6,West Nile fever,West Nile fever,Falco sparverius,56350,aves,falconiformes,falconidae,Isolation/Observation; PCR/Sequencing,Orthoflavivirus nilense,TRUE,TRUE,TRUE,FALSE
master_6,West Nile fever,West Nile fever,Falco tinnunculus,100819,aves,falconiformes,falconidae,PCR/Sequencing,Orthoflavivirus nilense,TRUE,TRUE,TRUE,FALSE
master_6,West Nile fever,West Nile fever,Gallus gallus,9031,aves,galliformes,phasianidae,Isolation/Observation; PCR/Sequencing,Orthoflavivirus nilense,TRUE,TRUE,TRUE,FALSE
master_6,West Nile fever,West Nile fever,Garrulus glandarius,56783,aves,passeriformes,corvidae,Isolation/Observation; PCR/Sequencing,Orthoflavivirus nilense,TRUE,TRUE,TRUE,FALSE
master_6,West Nile fever,West Nile fever,Giraffa giraffa,439325,,,,PCR/Sequencing,Orthoflavivirus nilense,TRUE,TRUE,TRUE,FALSE
master_6,West Nile fever,West Nile fever,Gymnogyps californianus,33616,aves,cathartiformes,cathartidae,Isolation/Observation; PCR/Sequencing,Orthoflavivirus nilense,TRUE,TRUE,TRUE,FALSE
master_6,West Nile fever,West Nile fever,Gyps fulvus,36247,aves,accipitriformes,accipitridae,PCR/Sequencing,Orthoflavivirus nilense,TRUE,TRUE,TRUE,FALSE
master_6,West Nile fever,West Nile fever,Haemorhous mexicanus,30427,aves,passeriformes,fringillidae,Isolation/Observation; PCR/Sequencing,Orthoflavivirus nilense,TRUE,TRUE,TRUE,FALSE
master_6,West Nile fever,West Nile fever,Haliaeetus albicilla,8969,aves,accipitriformes,accipitridae,Isolation/Observation; PCR/Sequencing,Orthoflavivirus nilense,TRUE,TRUE,TRUE,FALSE
master_6,West Nile fever,West Nile fever,Haliaeetus leucocephalus,52644,aves,accipitriformes,accipitridae,Isolation/Observation; PCR/Sequencing,Orthoflavivirus nilense,TRUE,TRUE,TRUE,FALSE
master_6,West Nile fever,West Nile fever,Hirundo rustica,43150,aves,passeriformes,hirundinidae,PCR/Sequencing,Orthoflavivirus nilense,TRUE,TRUE,TRUE,FALSE
master_6,West Nile fever,West Nile fever,Homo sapiens,9606,,,,Isolation/Observation; PCR/Sequencing,Orthoflavivirus nilense,TRUE,TRUE,TRUE,FALSE
master_6,West Nile fever,West Nile fever,Hylocichla mustelina,172420,aves,passeriformes,turdidae,Isolation/Observation; PCR/Sequencing,Orthoflavivirus nilense,TRUE,TRUE,TRUE,FALSE
master_6,West Nile fever,West Nile fever,Ichthyaetus leucophthalmus,328043,,,,PCR/Sequencing,Orthoflavivirus nilense,TRUE,TRUE,TRUE,FALSE
master_6,West Nile fever,West Nile fever,Ictinia mississippiensis,371914,aves,accipitriformes,accipitridae,Isolation/Observation; PCR/Sequencing,Orthoflavivirus nilense,TRUE,TRUE,TRUE,FALSE
master_6,West Nile fever,West Nile fever,Lanius ludovicianus,28713,aves,passeriformes,laniidae,Isolation/Observation; PCR/Sequencing,Orthoflavivirus nilense,TRUE,TRUE,TRUE,FALSE
master_6,West Nile fever,West Nile fever,Larus crassirostris,179808,aves,charadriiformes,laridae,PCR/Sequencing,Orthoflavivirus nilense,TRUE,TRUE,TRUE,FALSE
master_6,West Nile fever,West Nile fever,Larus delawarensis,126683,aves,charadriiformes,laridae,PCR/Sequencing,Orthoflavivirus nilense,TRUE,TRUE,TRUE,FALSE
master_6,West Nile fever,West Nile fever,Larus michahellis,119627,aves,charadriiformes,laridae,PCR/Sequencing,Orthoflavivirus nilense,TRUE,TRUE,TRUE,FALSE
master_6,West Nile fever,West Nile fever,Larus smithsonianus,243888,aves,charadriiformes,laridae,Isolation/Observation; PCR/Sequencing,Orthoflavivirus nilense,TRUE,TRUE,TRUE,FALSE
master_6,West Nile fever,West Nile fever,Lathamus discolor,678569,aves,psittaciformes,psittacidae,PCR/Sequencing,Orthoflavivirus nilense,TRUE,TRUE,TRUE,FALSE
master_6,West Nile fever,West Nile fever,Locustella naevia,260105,aves,passeriformes,locustellidae,PCR/Sequencing,Orthoflavivirus nilense,TRUE,TRUE,TRUE,FALSE
master_6,West Nile fever,West Nile fever,Lophophorus impejanus,9040,aves,galliformes,phasianidae,PCR/Sequencing,Orthoflavivirus nilense,TRUE,TRUE,TRUE,FALSE
master_6,West Nile fever,West Nile fever,Macaca sylvanus,9546,mammalia,primates,cercopithecidae,Isolation/Observation,Orthoflavivirus nilense,TRUE,TRUE,TRUE,FALSE
master_6,West Nile fever,West Nile fever,Mastomys erythroleucus,41268,mammalia,rodentia,muridae,PCR/Sequencing,Orthoflavivirus nilense,TRUE,TRUE,TRUE,FALSE
master_6,West Nile fever,West Nile fever,Meleagris gallopavo,9103,aves,galliformes,phasianidae,Isolation/Observation; PCR/Sequencing,Orthoflavivirus nilense,TRUE,TRUE,TRUE,FALSE
master_6,West Nile fever,West Nile fever,Mephitis mephitis,30548,mammalia,carnivora,mephitidae,Isolation/Observation; PCR/Sequencing,Orthoflavivirus nilense,TRUE,TRUE,TRUE,FALSE
master_6,West Nile fever,West Nile fever,Mergus squamatus,670348,aves,anseriformes,anatidae,PCR/Sequencing,Orthoflavivirus nilense,TRUE,TRUE,TRUE,FALSE
master_6,West Nile fever,West Nile fever,Mesocricetus auratus,10036,mammalia,rodentia,cricetidae,Isolation/Observation; PCR/Sequencing,Orthoflavivirus nilense,TRUE,TRUE,TRUE,FALSE
master_6,West Nile fever,West Nile fever,Mimus polyglottos,60713,aves,passeriformes,mimidae,Isolation/Observation; PCR/Sequencing,Orthoflavivirus nilense,TRUE,TRUE,TRUE,FALSE
master_6,West Nile fever,West Nile fever,Molothrus ater,84834,aves,passeriformes,icteridae,Isolation/Observation; PCR/Sequencing,Orthoflavivirus nilense,TRUE,TRUE,TRUE,FALSE
master_6,West Nile fever,West Nile fever,Mus musculus,10090,mammalia,rodentia,muridae,Isolation/Observation; PCR/Sequencing,Orthoflavivirus nilense,TRUE,TRUE,TRUE,FALSE
master_6,West Nile fever,West Nile fever,Nannopterum auritum,56069,,,,Isolation/Observation; PCR/Sequencing,Orthoflavivirus nilense,TRUE,TRUE,TRUE,FALSE
master_6,West Nile fever,West Nile fever,Nestor notabilis,176057,aves,psittaciformes,strigopidae,PCR/Sequencing,Orthoflavivirus nilense,TRUE,TRUE,TRUE,FALSE
master_6,West Nile fever,West Nile fever,Odocoileus virginianus,9874,mammalia,artiodactyla,cervidae,PCR/Sequencing,Orthoflavivirus nilense,TRUE,TRUE,TRUE,FALSE
master_6,West Nile fever,West Nile fever,Oena capensis,115679,aves,columbiformes,columbidae,PCR/Sequencing,Orthoflavivirus nilense,TRUE,TRUE,TRUE,FALSE
master_6,West Nile fever,West Nile fever,Orcinus orca,9733,mammalia,artiodactyla,delphinidae,PCR/Sequencing,Orthoflavivirus nilense,TRUE,TRUE,TRUE,FALSE
master_6,West Nile fever,West Nile fever,Oriolus flavocinctus,449354,aves,passeriformes,oriolidae,PCR/Sequencing,Orthoflavivirus nilense,TRUE,TRUE,TRUE,FALSE
master_6,West Nile fever,West Nile fever,Ovis aries,9940,mammalia,artiodactyla,bovidae,PCR/Sequencing,Orthoflavivirus nilense,TRUE,TRUE,TRUE,FALSE
master_6,West Nile fever,West Nile fever,Pandion haliaetus,56262,aves,accipitriformes,pandionidae,PCR/Sequencing,Orthoflavivirus nilense,TRUE,TRUE,TRUE,FALSE
master_6,West Nile fever,West Nile fever,Panthera leo,9689,mammalia,carnivora,felidae,PCR/Sequencing,Orthoflavivirus nilense,TRUE,TRUE,TRUE,FALSE
master_6,West Nile fever,West Nile fever,Parus major,9157,aves,passeriformes,paridae,PCR/Sequencing,Orthoflavivirus nilense,TRUE,TRUE,TRUE,FALSE
master_6,West Nile fever,West Nile fever,Passer,2705460,,,,PCR/Sequencing,Orthoflavivirus nilense,TRUE,TRUE,TRUE,FALSE
master_6,West Nile fever,West Nile fever,Passer domesticus,48849,aves,passeriformes,passeridae,Isolation/Observation; PCR/Sequencing,Orthoflavivirus nilense,TRUE,TRUE,TRUE,FALSE
master_6,West Nile fever,West Nile fever,Pelecanus erythrorhynchos,33618,aves,pelecaniformes,pelecanidae,Isolation/Observation; PCR/Sequencing,Orthoflavivirus nilense,TRUE,TRUE,TRUE,FALSE
master_6,West Nile fever,West Nile fever,Pelecanus occidentalis,37043,aves,pelecaniformes,pelecanidae,PCR/Sequencing,Orthoflavivirus nilense,TRUE,TRUE,TRUE,FALSE
master_6,West Nile fever,West Nile fever,Pelophylax ridibundus,8406,amphibia,anura,ranidae,Isolation/Observation; PCR/Sequencing,Orthoflavivirus nilense,TRUE,TRUE,TRUE,FALSE
master_6,West Nile fever,West Nile fever,Phalacrocorax carbo,9209,aves,suliformes,phalacrocoracidae,Isolation/Observation; PCR/Sequencing,Orthoflavivirus nilense,TRUE,TRUE,TRUE,FALSE
master_6,West Nile fever,West Nile fever,Phasianus colchicus,9054,aves,galliformes,phasianidae,Isolation/Observation; PCR/Sequencing,Orthoflavivirus nilense,TRUE,TRUE,TRUE,FALSE
master_6,West Nile fever,West Nile fever,Pheucticus melanocephalus,371919,aves,passeriformes,cardinalidae,PCR/Sequencing,Orthoflavivirus nilense,TRUE,TRUE,TRUE,FALSE
master_6,West Nile fever,West Nile fever,Phoca vitulina,9720,mammalia,carnivora,phocidae,PCR/Sequencing,Orthoflavivirus nilense,TRUE,TRUE,TRUE,FALSE
master_6,West Nile fever,West Nile fever,Phoenicoparrus andinus,704177,aves,phoenicopteriformes,phoenicopteridae,PCR/Sequencing,Orthoflavivirus nilense,TRUE,TRUE,TRUE,FALSE
master_6,West Nile fever,West Nile fever,Phoenicopterus,2729511,,,,PCR/Sequencing,Orthoflavivirus nilense,TRUE,TRUE,TRUE,FALSE
master_6,West Nile fever,West Nile fever,Phoenicopterus chilensis,117000,aves,phoenicopteriformes,phoenicopteridae,PCR/Sequencing,Orthoflavivirus nilense,TRUE,TRUE,TRUE,FALSE
master_6,West Nile fever,West Nile fever,Phoenicopterus roseus,435638,aves,phoenicopteriformes,phoenicopteridae,PCR/Sequencing,Orthoflavivirus nilense,TRUE,TRUE,TRUE,FALSE
master_6,West Nile fever,West Nile fever,Phoenicopterus ruber,9217,aves,phoenicopteriformes,phoenicopteridae,Isolation/Observation; PCR/Sequencing,Orthoflavivirus nilense,TRUE,TRUE,TRUE,FALSE
master_6,West Nile fever,West Nile fever,Phylloscopus collybita,48150,aves,passeriformes,phylloscopidae,PCR/Sequencing,Orthoflavivirus nilense,TRUE,TRUE,TRUE,FALSE
master_6,West Nile fever,West Nile fever,Pica hudsonia,158052,aves,passeriformes,corvidae,PCR/Sequencing,Orthoflavivirus nilense,TRUE,TRUE,TRUE,FALSE
master_6,West Nile fever,West Nile fever,Pica nuttalli,114087,,,,PCR/Sequencing,Orthoflavivirus nilense,TRUE,TRUE,TRUE,FALSE
master_6,West Nile fever,West Nile fever,Pica pica,34924,aves,passeriformes,corvidae,Isolation/Observation; PCR/Sequencing,Orthoflavivirus nilense,TRUE,TRUE,TRUE,FALSE
master_6,West Nile fever,West Nile fever,Pluvialis apricaria,670352,aves,charadriiformes,charadriidae,PCR/Sequencing,Orthoflavivirus nilense,TRUE,TRUE,TRUE,FALSE
master_6,West Nile fever,West Nile fever,Podiceps cristatus,345573,aves,podicipediformes,podicipedidae,PCR/Sequencing,Orthoflavivirus nilense,TRUE,TRUE,TRUE,FALSE
master_6,West Nile fever,West Nile fever,Podiceps nigricollis,85099,aves,podicipediformes,podicipedidae,Isolation/Observation,Orthoflavivirus nilense,TRUE,TRUE,TRUE,FALSE
master_6,West Nile fever,West Nile fever,Poecile atricapillus,48891,aves,passeriformes,paridae,Isolation/Observation; PCR/Sequencing,Orthoflavivirus nilense,TRUE,TRUE,TRUE,FALSE
master_6,West Nile fever,West Nile fever,Poecile carolinensis,48892,aves,passeriformes,paridae,Isolation/Observation; PCR/Sequencing,Orthoflavivirus nilense,TRUE,TRUE,TRUE,FALSE
master_6,West Nile fever,West Nile fever,Prunella modularis,181117,aves,passeriformes,prunellidae,PCR/Sequencing,Orthoflavivirus nilense,TRUE,TRUE,TRUE,FALSE
master_6,West Nile fever,West Nile fever,Pyrrhocorax graculus,56789,aves,passeriformes,corvidae,PCR/Sequencing,Orthoflavivirus nilense,TRUE,TRUE,TRUE,FALSE
master_6,West Nile fever,West Nile fever,Quelea quelea,187445,aves,passeriformes,ploceidae,PCR/Sequencing,Orthoflavivirus nilense,TRUE,TRUE,TRUE,FALSE
master_6,West Nile fever,West Nile fever,Quiscalus major,84780,aves,passeriformes,icteridae,Isolation/Observation; PCR/Sequencing,Orthoflavivirus nilense,TRUE,TRUE,TRUE,FALSE
master_6,West Nile fever,West Nile fever,Quiscalus quiscula,84782,aves,passeriformes,icteridae,Isolation/Observation; PCR/Sequencing,Orthoflavivirus nilense,TRUE,TRUE,TRUE,FALSE
master_6,West Nile fever,West Nile fever,Rallus aquaticus,54496,aves,gruiformes,rallidae,PCR/Sequencing,Orthoflavivirus nilense,TRUE,TRUE,TRUE,FALSE
master_6,West Nile fever,West Nile fever,Rousettus leschenaultii,9408,mammalia,chiroptera,pteropodidae,Isolation/Observation; PCR/Sequencing,Orthoflavivirus nilense,TRUE,TRUE,TRUE,FALSE
master_6,West Nile fever,West Nile fever,Sciurus carolinensis,30640,mammalia,rodentia,sciuridae,PCR/Sequencing,Orthoflavivirus nilense,TRUE,TRUE,TRUE,FALSE
master_6,West Nile fever,West Nile fever,Sciurus niger,34861,mammalia,rodentia,sciuridae,PCR/Sequencing,Orthoflavivirus nilense,TRUE,TRUE,TRUE,FALSE
master_6,West Nile fever,West Nile fever,Serinus canaria,9135,aves,passeriformes,fringillidae,PCR/Sequencing,Orthoflavivirus nilense,TRUE,TRUE,TRUE,FALSE
master_6,West Nile fever,West Nile fever,Spatula querquedula,75856,aves,anseriformes,anatidae,Isolation/Observation; PCR/Sequencing,Orthoflavivirus nilense,TRUE,TRUE,TRUE,FALSE
master_6,West Nile fever,West Nile fever,Spheniscus humboldti,9240,aves,sphenisciformes,spheniscidae,PCR/Sequencing,Orthoflavivirus nilense,TRUE,TRUE,TRUE,FALSE
master_6,West Nile fever,West Nile fever,Spinus tristis,54773,aves,passeriformes,fringillidae,PCR/Sequencing,Orthoflavivirus nilense,TRUE,TRUE,TRUE,FALSE
master_6,West Nile fever,West Nile fever,Sternula antillarum,471862,aves,charadriiformes,laridae,PCR/Sequencing,Orthoflavivirus nilense,TRUE,TRUE,TRUE,FALSE
master_6,West Nile fever,West Nile fever,Streptopelia capicola,135634,aves,columbiformes,columbidae,PCR/Sequencing,Orthoflavivirus nilense,TRUE,TRUE,TRUE,FALSE
master_6,West Nile fever,West Nile fever,Streptopelia decaocto,177147,aves,columbiformes,columbidae,PCR/Sequencing,Orthoflavivirus nilense,TRUE,TRUE,TRUE,FALSE
master_6,West Nile fever,West Nile fever,Strix aluco,111821,aves,strigiformes,strigidae,PCR/Sequencing,Orthoflavivirus nilense,TRUE,TRUE,TRUE,FALSE
master_6,West Nile fever,West Nile fever,Strix nebulosa,126836,aves,strigiformes,strigidae,PCR/Sequencing,Orthoflavivirus nilense,TRUE,TRUE,TRUE,FALSE
master_6,West Nile fever,West Nile fever,Strix nebulosa,507975,aves,strigiformes,strigidae,PCR/Sequencing,Orthoflavivirus nilense,TRUE,TRUE,TRUE,FALSE
master_6,West Nile fever,West Nile fever,Strix varia,57075,aves,strigiformes,strigidae,PCR/Sequencing,Orthoflavivirus nilense,TRUE,TRUE,TRUE,FALSE
master_6,West Nile fever,West Nile fever,Sturnus vulgaris,9172,aves,passeriformes,sturnidae,PCR/Sequencing,Orthoflavivirus nilense,TRUE,TRUE,TRUE,FALSE
master_6,West Nile fever,West Nile fever,Sylvia atricapilla,48155,aves,passeriformes,sylviidae,PCR/Sequencing,Orthoflavivirus nilense,TRUE,TRUE,TRUE,FALSE
master_6,West Nile fever,West Nile fever,Syncerus caffer,9970,mammalia,artiodactyla,bovidae,PCR/Sequencing,Orthoflavivirus nilense,TRUE,TRUE,TRUE,FALSE
master_6,West Nile fever,West Nile fever,Toxostoma rufum,58210,aves,passeriformes,mimidae,Isolation/Observation; PCR/Sequencing,Orthoflavivirus nilense,TRUE,TRUE,TRUE,FALSE
master_6,West Nile fever,West Nile fever,Trichoglossus haematodus,176049,aves,psittaciformes,psittacidae,PCR/Sequencing,Orthoflavivirus nilense,TRUE,TRUE,TRUE,FALSE
master_6,West Nile fever,West Nile fever,Trichoglossus moluccanus,1549204,aves,psittaciformes,psittacidae,PCR/Sequencing,Orthoflavivirus nilense,TRUE,TRUE,TRUE,FALSE
master_6,West Nile fever,West Nile fever,Turdus merula,9187,aves,passeriformes,turdidae,Isolation/Observation; PCR/Sequencing,Orthoflavivirus nilense,TRUE,TRUE,TRUE,FALSE
master_6,West Nile fever,West Nile fever,Turdus migratorius,9188,aves,passeriformes,turdidae,Isolation/Observation; PCR/Sequencing,Orthoflavivirus nilense,TRUE,TRUE,TRUE,FALSE
master_6,West Nile fever,West Nile fever,Turdus philomelos,127946,aves,passeriformes,turdidae,PCR/Sequencing,Orthoflavivirus nilense,TRUE,TRUE,TRUE,FALSE
master_6,West Nile fever,West Nile fever,Tyto alba,56313,aves,strigiformes,tytonidae,PCR/Sequencing,Orthoflavivirus nilense,TRUE,TRUE,TRUE,FALSE
master_6,West Nile fever,West Nile fever,Ursus arctos,9644,mammalia,carnivora,ursidae,Isolation/Observation,Orthoflavivirus nilense,TRUE,TRUE,TRUE,FALSE
master_6,West Nile fever,West Nile fever,Ursus maritimus,29073,mammalia,carnivora,ursidae,PCR/Sequencing,Orthoflavivirus nilense,TRUE,TRUE,TRUE,FALSE
master_6,West Nile fever,West Nile fever,Vicugna pacos,30538,,,,PCR/Sequencing,Orthoflavivirus nilense,TRUE,TRUE,TRUE,FALSE
master_6,West Nile fever,West Nile fever,Zenaida macroura,47245,aves,columbiformes,columbidae,Isolation/Observation; PCR/Sequencing,Orthoflavivirus nilense,TRUE,TRUE,TRUE,FALSE
master_6,West Nile fever,West Nile fever,corvus tristis,1196314,,,,PCR/Sequencing,Orthoflavivirus nilense,TRUE,TRUE,TRUE,FALSE
master_6,West Nile fever,West Nile fever,giraffa camelopardalis,9894,,,,PCR/Sequencing,Orthoflavivirus nilense,TRUE,TRUE,TRUE,FALSE
master_7,Crimean-Congo hemorrhagic fever,Crimean-Congo hemorrhagic fever,Atelerix albiventris,9368,mammalia,eulipotyphla,erinaceidae,Isolation/Observation,Orthonairovirus haemorrhagiae,TRUE,TRUE,TRUE,FALSE
master_7,Crimean-Congo hemorrhagic fever,Crimean-Congo hemorrhagic fever,Bos taurus,9913,mammalia,artiodactyla,bovidae,Isolation/Observation; PCR/Sequencing,Orthonairovirus haemorrhagiae,TRUE,TRUE,TRUE,FALSE
master_7,Crimean-Congo hemorrhagic fever,Crimean-Congo hemorrhagic fever,Bubalus bubalis,89462,mammalia,artiodactyla,bovidae,PCR/Sequencing,Orthonairovirus haemorrhagiae,TRUE,TRUE,TRUE,FALSE
master_7,Crimean-Congo hemorrhagic fever,Crimean-Congo hemorrhagic fever,Camelus dromedarius,9838,mammalia,artiodactyla,camelidae,PCR/Sequencing,Orthonairovirus haemorrhagiae,TRUE,TRUE,TRUE,FALSE
master_7,Crimean-Congo hemorrhagic fever,Crimean-Congo hemorrhagic fever,Capra hircus,9925,mammalia,artiodactyla,bovidae,Isolation/Observation; PCR/Sequencing,Orthonairovirus haemorrhagiae,TRUE,TRUE,TRUE,FALSE
master_7,Crimean-Congo hemorrhagic fever,Crimean-Congo hemorrhagic fever,Capricornis milneedwardsii,1073286,,,,PCR/Sequencing,Orthonairovirus haemorrhagiae,TRUE,TRUE,TRUE,FALSE
master_7,Crimean-Congo hemorrhagic fever,Crimean-Congo hemorrhagic fever,Homo sapiens,9606,,,,Isolation/Observation; PCR/Sequencing,Orthonairovirus haemorrhagiae,TRUE,TRUE,TRUE,FALSE
master_7,Crimean-Congo hemorrhagic fever,Crimean-Congo hemorrhagic fever,Lepus europaeus,9983,mammalia,lagomorpha,leporidae,Isolation/Observation,Orthonairovirus haemorrhagiae,TRUE,TRUE,TRUE,FALSE
master_7,Crimean-Congo hemorrhagic fever,Crimean-Congo hemorrhagic fever,Mus musculus,10090,mammalia,rodentia,muridae,PCR/Sequencing,Orthonairovirus haemorrhagiae,TRUE,TRUE,TRUE,FALSE
master_7,Crimean-Congo hemorrhagic fever,Crimean-Congo hemorrhagic fever,Ovis aries,9940,mammalia,artiodactyla,bovidae,PCR/Sequencing,Orthonairovirus haemorrhagiae,TRUE,TRUE,TRUE,FALSE
master_7,Crimean-Congo hemorrhagic fever,Crimean-Congo hemorrhagic fever,Rattus norvegicus,10116,mammalia,rodentia,muridae,PCR/Sequencing,Orthonairovirus haemorrhagiae,TRUE,TRUE,TRUE,FALSE
master_7,Crimean-Congo hemorrhagic fever,Crimean-Congo hemorrhagic fever,Rattus rattus,10117,mammalia,rodentia,muridae,PCR/Sequencing,Orthonairovirus haemorrhagiae,TRUE,TRUE,TRUE,FALSE
master_7,Crimean-Congo hemorrhagic fever,Crimean-Congo hemorrhagic fever,Testudo graeca,86975,reptilia,testudines,testudinidae,PCR/Sequencing,Orthonairovirus haemorrhagiae,TRUE,TRUE,TRUE,FALSE
master_8,Rift Valley fever,Rift Valley fever,Antidorcas marsupialis,59523,mammalia,artiodactyla,bovidae,PCR/Sequencing,Phlebovirus riftense,TRUE,TRUE,TRUE,FALSE
master_8,Rift Valley fever,Rift Valley fever,Bos taurus,9913,mammalia,artiodactyla,bovidae,Isolation/Observation; PCR/Sequencing,Phlebovirus riftense,TRUE,TRUE,TRUE,FALSE
master_8,Rift Valley fever,Rift Valley fever,Bubalus bubalis,89462,mammalia,artiodactyla,bovidae,Isolation/Observation; PCR/Sequencing,Phlebovirus riftense,TRUE,TRUE,TRUE,FALSE
master_8,Rift Valley fever,Rift Valley fever,Camelus dromedarius,9838,mammalia,artiodactyla,camelidae,Isolation/Observation; PCR/Sequencing,Phlebovirus riftense,TRUE,TRUE,TRUE,FALSE
master_8,Rift Valley fever,Rift Valley fever,Capra hircus,9925,mammalia,artiodactyla,bovidae,Isolation/Observation; PCR/Sequencing,Phlebovirus riftense,TRUE,TRUE,TRUE,FALSE
master_8,Rift Valley fever,Rift Valley fever,Cephalophus callipygus,129223,,,,PCR/Sequencing,Phlebovirus riftense,TRUE,TRUE,TRUE,FALSE
master_8,Rift Valley fever,Rift Valley fever,Epomophorus pusillus,2853157,mammalia,chiroptera,pteropodidae,Isolation/Observation; PCR/Sequencing,Phlebovirus riftense,TRUE,TRUE,TRUE,FALSE
master_8,Rift Valley fever,Rift Valley fever,Epomops franqueti,77231,mammalia,chiroptera,pteropodidae,Isolation/Observation,Phlebovirus riftense,TRUE,TRUE,TRUE,FALSE
master_8,Rift Valley fever,Rift Valley fever,Glauconycteris argentata,909367,mammalia,chiroptera,vespertilionidae,Isolation/Observation,Phlebovirus riftense,TRUE,TRUE,TRUE,FALSE
master_8,Rift Valley fever,Rift Valley fever,Hipposideros abae,249020,mammalia,chiroptera,hipposideridae,Isolation/Observation,Phlebovirus riftense,TRUE,TRUE,TRUE,FALSE
master_8,Rift Valley fever,Rift Valley fever,Hipposideros caffer,302402,mammalia,chiroptera,hipposideridae,Isolation/Observation; PCR/Sequencing,Phlebovirus riftense,TRUE,TRUE,TRUE,FALSE
master_8,Rift Valley fever,Rift Valley fever,Homo sapiens,9606,,,,Isolation/Observation; PCR/Sequencing,Phlebovirus riftense,TRUE,TRUE,TRUE,FALSE
master_8,Rift Valley fever,Rift Valley fever,Miniopterus schreibersii,9433,mammalia,chiroptera,miniopteridae,Isolation/Observation,Phlebovirus riftense,TRUE,TRUE,TRUE,FALSE
master_8,Rift Valley fever,Rift Valley fever,Ovis aries,9940,mammalia,artiodactyla,bovidae,Isolation/Observation; PCR/Sequencing,Phlebovirus riftense,TRUE,TRUE,TRUE,FALSE
master_8,Rift Valley fever,Rift Valley fever,Philantomba monticola,907742,mammalia,artiodactyla,bovidae,PCR/Sequencing,Phlebovirus riftense,TRUE,TRUE,TRUE,FALSE
master_8,Rift Valley fever,Rift Valley fever,Rattus rattus,10117,mammalia,rodentia,muridae,Isolation/Observation,Phlebovirus riftense,TRUE,TRUE,TRUE,FALSE
master_8,Rift Valley fever,Rift Valley fever,Syncerus caffer,9970,mammalia,artiodactyla,bovidae,Isolation/Observation; PCR/Sequencing,Phlebovirus riftense,TRUE,TRUE,TRUE,FALSE
master_9,Ebola virus disease,Ebola virus disease,Cavia porcellus,10141,mammalia,rodentia,caviidae,PCR/Sequencing,Orthoebolavirus zairense,TRUE,TRUE,TRUE,FALSE
master_9,Ebola virus disease,Ebola virus disease,Cephalophus callipygus,129223,,,,PCR/Sequencing,Orthoebolavirus zairense,TRUE,TRUE,TRUE,FALSE
master_9,Ebola virus disease,Ebola virus disease,Eidolon helvum,77214,mammalia,chiroptera,pteropodidae,PCR/Sequencing,Orthoebolavirus zairense,TRUE,TRUE,TRUE,FALSE
master_9,Ebola virus disease,Ebola virus disease,Epomophorus pusillus,2853157,mammalia,chiroptera,pteropodidae,PCR/Sequencing,Orthoebolavirus zairense,TRUE,TRUE,TRUE,FALSE
master_9,Ebola virus disease,Ebola virus disease,Epomops franqueti,77231,mammalia,chiroptera,pteropodidae,PCR/Sequencing,Orthoebolavirus zairense,TRUE,TRUE,TRUE,FALSE
master_9,Ebola virus disease,Ebola virus disease,Gorilla beringei,499232,mammalia,primates,hominidae,PCR/Sequencing,Orthoebolavirus zairense,TRUE,TRUE,TRUE,FALSE
master_9,Ebola virus disease,Ebola virus disease,Gorilla gorilla,9593,mammalia,primates,hominidae,Isolation/Observation; PCR/Sequencing,Orthoebolavirus zairense,TRUE,TRUE,TRUE,FALSE
master_9,Ebola virus disease,Ebola virus disease,Homo sapiens,9606,,,,Isolation/Observation; PCR/Sequencing,Orthoebolavirus zairense,TRUE,TRUE,TRUE,FALSE
master_9,Ebola virus disease,Ebola virus disease,Hypsignathus monstrosus,448084,mammalia,chiroptera,pteropodidae,PCR/Sequencing,Orthoebolavirus zairense,TRUE,TRUE,TRUE,FALSE
master_9,Ebola virus disease,Ebola virus disease,Macaca fascicularis,9541,mammalia,primates,cercopithecidae,PCR/Sequencing,Orthoebolavirus zairense,TRUE,TRUE,TRUE,FALSE
master_9,Ebola virus disease,Ebola virus disease,Macaca mulatta,9544,mammalia,primates,cercopithecidae,PCR/Sequencing,Orthoebolavirus zairense,TRUE,TRUE,TRUE,FALSE
master_9,Ebola virus disease,Ebola virus disease,Mus setulosus,10102,mammalia,rodentia,muridae,PCR/Sequencing,Orthoebolavirus zairense,TRUE,TRUE,TRUE,FALSE
master_9,Ebola virus disease,Ebola virus disease,Myonycteris torquata,77243,mammalia,chiroptera,pteropodidae,PCR/Sequencing,Orthoebolavirus zairense,TRUE,TRUE,TRUE,FALSE
master_9,Ebola virus disease,Ebola virus disease,Pan troglodytes,9598,mammalia,primates,hominidae,Isolation/Observation; PCR/Sequencing,Orthoebolavirus zairense,TRUE,TRUE,TRUE,FALSE
master_9,Ebola virus disease,Ebola virus disease,Rousettus aegyptiacus,9407,mammalia,chiroptera,pteropodidae,PCR/Sequencing,Orthoebolavirus zairense,TRUE,TRUE,TRUE,FALSE
master_9,Ebola virus disease,Ebola virus disease,Sylvisorex ollula,128151,mammalia,eulipotyphla,soricidae,PCR/Sequencing,Orthoebolavirus zairense,TRUE,TRUE,TRUE,FALSE
who_18,Influenza (H7N9 avian influenza),Influenza (H7N9 avian influenza),Accipiter cooperii,261198,aves,accipitriformes,accipitridae,Isolation/Observation; PCR/Sequencing,,,,,FALSE
who_18,Influenza (H7N9 avian influenza),Influenza (H7N9 avian influenza),Accipiter nisus,211598,aves,accipitriformes,accipitridae,PCR/Sequencing,,,,,FALSE
who_18,Influenza (H7N9 avian influenza),Influenza (H7N9 avian influenza),Accipiter striatus,56330,aves,accipitriformes,accipitridae,PCR/Sequencing,,,,,FALSE
who_18,Influenza (H7N9 avian influenza),Influenza (H7N9 avian influenza),Accipiter trivirgatus,210844,aves,accipitriformes,accipitridae,PCR/Sequencing,,,,,FALSE
who_18,Influenza (H7N9 avian influenza),Influenza (H7N9 avian influenza),Acerodon celebensis,58057,mammalia,chiroptera,pteropodidae,PCR/Sequencing,,,,,FALSE
who_18,Influenza (H7N9 avian influenza),Influenza (H7N9 avian influenza),Acinonyx jubatus,32536,mammalia,carnivora,felidae,PCR/Sequencing,,,,,FALSE
who_18,Influenza (H7N9 avian influenza),Influenza (H7N9 avian influenza),Aechmophorus occidentalis,57236,aves,podicipediformes,podicipedidae,PCR/Sequencing,,,,,FALSE
who_18,Influenza (H7N9 avian influenza),Influenza (H7N9 avian influenza),Aegypius monachus,8959,aves,accipitriformes,accipitridae,PCR/Sequencing,,,,,FALSE
who_18,Influenza (H7N9 avian influenza),Influenza (H7N9 avian influenza),Agropsar sturninus,2675479,aves,passeriformes,sturnidae,PCR/Sequencing,,,,,FALSE
who_18,Influenza (H7N9 avian influenza),Influenza (H7N9 avian influenza),Ailuropoda melanoleuca,9646,mammalia,carnivora,ursidae,PCR/Sequencing,,,,,FALSE
who_18,Influenza (H7N9 avian influenza),Influenza (H7N9 avian influenza),Aix galericulata,8832,aves,anseriformes,anatidae,PCR/Sequencing,,,,,FALSE
who_18,Influenza (H7N9 avian influenza),Influenza (H7N9 avian influenza),Aix sponsa,8833,aves,anseriformes,anatidae,Isolation/Observation; PCR/Sequencing,,,,,FALSE
who_18,Influenza (H7N9 avian influenza),Influenza (H7N9 avian influenza),Alca torda,28689,aves,charadriiformes,alcidae,PCR/Sequencing,,,,,FALSE
who_18,Influenza (H7N9 avian influenza),Influenza (H7N9 avian influenza),Alectoris barbara,40177,aves,galliformes,phasianidae,PCR/Sequencing,,,,,FALSE
who_18,Influenza (H7N9 avian influenza),Influenza (H7N9 avian influenza),Alectoris chukar,9078,aves,galliformes,phasianidae,Isolation/Observation; PCR/Sequencing,,,,,FALSE
who_18,Influenza (H7N9 avian influenza),Influenza (H7N9 avian influenza),Alligator sinensis,38654,reptilia,crocodylia,alligatoridae,PCR/Sequencing,,,,,FALSE
who_18,Influenza (H7N9 avian influenza),Influenza (H7N9 avian influenza),Alopochen aegyptiaca,30382,aves,anseriformes,anatidae,PCR/Sequencing,,,,,FALSE
who_18,Influenza (H7N9 avian influenza),Influenza (H7N9 avian influenza),Amazona albifrons,241569,aves,psittaciformes,psittacidae,PCR/Sequencing,,,,,FALSE
who_18,Influenza (H7N9 avian influenza),Influenza (H7N9 avian influenza),Amazona autumnalis,151759,aves,psittaciformes,psittacidae,Isolation/Observation,,,,,FALSE
who_18,Influenza (H7N9 avian influenza),Influenza (H7N9 avian influenza),Amazona oratrix,152276,aves,psittaciformes,psittacidae,PCR/Sequencing,,,,,FALSE
who_18,Influenza (H7N9 avian influenza),Influenza (H7N9 avian influenza),Amazonetta brasiliensis,75867,aves,anseriformes,anatidae,PCR/Sequencing,,,,,FALSE
who_18,Influenza (H7N9 avian influenza),Influenza (H7N9 avian influenza),Anas,42806,,,,PCR/Sequencing,,,,,FALSE
who_18,Influenza (H7N9 avian influenza),Influenza (H7N9 avian influenza),Anas acuta,28680,aves,anseriformes,anatidae,Isolation/Observation; PCR/Sequencing,,,,,FALSE
who_18,Influenza (H7N9 avian influenza),Influenza (H7N9 avian influenza),Anas capensis,8837,aves,anseriformes,anatidae,PCR/Sequencing,,,,,FALSE
who_18,Influenza (H7N9 avian influenza),Influenza (H7N9 avian influenza),Anas carolinensis,75836,aves,anseriformes,anatidae,PCR/Sequencing,,,,,FALSE
who_18,Influenza (H7N9 avian influenza),Influenza (H7N9 avian influenza),Anas castanea,45631,aves,anseriformes,anatidae,PCR/Sequencing,,,,,FALSE
who_18,Influenza (H7N9 avian influenza),Influenza (H7N9 avian influenza),Anas crecca,75839,aves,anseriformes,anatidae,PCR/Sequencing,,,,,FALSE
who_18,Influenza (H7N9 avian influenza),Influenza (H7N9 avian influenza),Anas diazi,75841,,,,PCR/Sequencing,,,,,FALSE
who_18,Influenza (H7N9 avian influenza),Influenza (H7N9 avian influenza),Anas erythrorhyncha,75843,aves,anseriformes,anatidae,PCR/Sequencing,,,,,FALSE
who_18,Influenza (H7N9 avian influenza),Influenza (H7N9 avian influenza),Anas flavirostris,75845,aves,anseriformes,anatidae,PCR/Sequencing,,,,,FALSE
who_18,Influenza (H7N9 avian influenza),Influenza (H7N9 avian influenza),Anas fulvigula,75846,aves,anseriformes,anatidae,PCR/Sequencing,,,,,FALSE
who_18,Influenza (H7N9 avian influenza),Influenza (H7N9 avian influenza),Anas georgica,75847,aves,anseriformes,anatidae,PCR/Sequencing,,,,,FALSE
who_18,Influenza (H7N9 avian influenza),Influenza (H7N9 avian influenza),Anas gracilis,45630,aves,anseriformes,anatidae,PCR/Sequencing,,,,,FALSE
who_18,Influenza (H7N9 avian influenza),Influenza (H7N9 avian influenza),Anas platyrhynchos,8839,aves,anseriformes,anatidae,Isolation/Observation; PCR/Sequencing,,,,,FALSE
who_18,Influenza (H7N9 avian influenza),Influenza (H7N9 avian influenza),Anas platyrhynchos,8840,aves,anseriformes,anatidae,PCR/Sequencing,,,,,FALSE
who_18,Influenza (H7N9 avian influenza),Influenza (H7N9 avian influenza),Anas poecilorhyncha,75854,aves,anseriformes,anatidae,Isolation/Observation; PCR/Sequencing,,,,,FALSE
who_18,Influenza (H7N9 avian influenza),Influenza (H7N9 avian influenza),Anas rubripes,75857,aves,anseriformes,anatidae,Isolation/Observation; PCR/Sequencing,,,,,FALSE
who_18,Influenza (H7N9 avian influenza),Influenza (H7N9 avian influenza),Anas superciliosa,45632,aves,anseriformes,anatidae,PCR/Sequencing,,,,,FALSE
who_18,Influenza (H7N9 avian influenza),Influenza (H7N9 avian influenza),Anas undulata,75862,aves,anseriformes,anatidae,PCR/Sequencing,,,,,FALSE
who_18,Influenza (H7N9 avian influenza),Influenza (H7N9 avian influenza),Anas zonorhyncha,75864,aves,anseriformes,anatidae,PCR/Sequencing,,,,,FALSE
who_18,Influenza (H7N9 avian influenza),Influenza (H7N9 avian influenza),Anastomus oscitans,1706835,aves,ciconiiformes,ciconiidae,PCR/Sequencing,,,,,FALSE
who_18,Influenza (H7N9 avian influenza),Influenza (H7N9 avian influenza),Anatidae,1867944,,,,PCR/Sequencing,,,,,FALSE
who_18,Influenza (H7N9 avian influenza),Influenza (H7N9 avian influenza),Anous tenuirostris,297803,aves,charadriiformes,laridae,PCR/Sequencing,,,,,FALSE
who_18,Influenza (H7N9 avian influenza),Influenza (H7N9 avian influenza),Anser,8847,,,,PCR/Sequencing,,,,,FALSE
who_18,Influenza (H7N9 avian influenza),Influenza (H7N9 avian influenza),Anser albifrons,50365,aves,anseriformes,anatidae,Isolation/Observation; PCR/Sequencing,,,,,FALSE
who_18,Influenza (H7N9 avian influenza),Influenza (H7N9 avian influenza),Anser anser,8843,aves,anseriformes,anatidae,Isolation/Observation; PCR/Sequencing,,,,,FALSE
who_18,Influenza (H7N9 avian influenza),Influenza (H7N9 avian influenza),Anser brachyrhynchus,132585,aves,anseriformes,anatidae,PCR/Sequencing,,,,,FALSE
who_18,Influenza (H7N9 avian influenza),Influenza (H7N9 avian influenza),Anser caerulescens,440516,aves,anseriformes,anatidae,PCR/Sequencing,,,,,FALSE
who_18,Influenza (H7N9 avian influenza),Influenza (H7N9 avian influenza),Anser caerulescens,70340,aves,anseriformes,anatidae,PCR/Sequencing,,,,,FALSE
who_18,Influenza (H7N9 avian influenza),Influenza (H7N9 avian influenza),Anser caerulescens,8849,aves,anseriformes,anatidae,Isolation/Observation; PCR/Sequencing,,,,,FALSE
who_18,Influenza (H7N9 avian influenza),Influenza (H7N9 avian influenza),Anser canagicus,107021,aves,anseriformes,anatidae,PCR/Sequencing,,,,,FALSE
who_18,Influenza (H7N9 avian influenza),Influenza (H7N9 avian influenza),Anser cygnoides,8845,,,,PCR/Sequencing,,,,,FALSE
who_18,Influenza (H7N9 avian influenza),Influenza (H7N9 avian influenza),Anser erythropus,132586,aves,anseriformes,anatidae,PCR/Sequencing,,,,,FALSE
who_18,Influenza (H7N9 avian influenza),Influenza (H7N9 avian influenza),Anser fabalis,132587,aves,anseriformes,anatidae,PCR/Sequencing,,,,,FALSE
who_18,Influenza (H7N9 avian influenza),Influenza (H7N9 avian influenza),Anser indicus,8846,aves,anseriformes,anatidae,Isolation/Observation; PCR/Sequencing,,,,,FALSE
who_18,Influenza (H7N9 avian influenza),Influenza (H7N9 avian influenza),Anser rossii,56281,aves,anseriformes,anatidae,PCR/Sequencing,,,,,FALSE
who_18,Influenza (H7N9 avian influenza),Influenza (H7N9 avian influenza),Anthropoides virgo,9111,aves,gruiformes,gruidae,PCR/Sequencing,,,,,FALSE
who_18,Influenza (H7N9 avian influenza),Influenza (H7N9 avian influenza),Antigone canadensis,1977160,,,,PCR/Sequencing,,,,,FALSE
who_18,Influenza (H7N9 avian influenza),Influenza (H7N9 avian influenza),Antigone vipio,2717088,,,,PCR/Sequencing,,,,,FALSE
who_18,Influenza (H7N9 avian influenza),Influenza (H7N9 avian influenza),Aquila chrysaetos,8962,aves,accipitriformes,accipitridae,PCR/Sequencing,,,,,FALSE
who_18,Influenza (H7N9 avian influenza),Influenza (H7N9 avian influenza),Aquila fasciata,252784,aves,accipitriformes,accipitridae,PCR/Sequencing,,,,,FALSE
who_18,Influenza (H7N9 avian influenza),Influenza (H7N9 avian influenza),Arctocephalus australis,161928,mammalia,carnivora,otariidae,PCR/Sequencing,,,,,FALSE
who_18,Influenza (H7N9 avian influenza),Influenza (H7N9 avian influenza),Arctocephalus gazella,37190,mammalia,carnivora,otariidae,PCR/Sequencing,,,,,FALSE
who_18,Influenza (H7N9 avian influenza),Influenza (H7N9 avian influenza),Ardea alba,110620,aves,pelecaniformes,ardeidae,PCR/Sequencing,,,,,FALSE
who_18,Influenza (H7N9 avian influenza),Influenza (H7N9 avian influenza),Ardea cinerea,30390,aves,pelecaniformes,ardeidae,PCR/Sequencing,,,,,FALSE
who_18,Influenza (H7N9 avian influenza),Influenza (H7N9 avian influenza),Ardea herodias,56072,aves,pelecaniformes,ardeidae,PCR/Sequencing,,,,,FALSE
who_18,Influenza (H7N9 avian influenza),Influenza (H7N9 avian influenza),Ardea purpurea,188373,aves,pelecaniformes,ardeidae,PCR/Sequencing,,,,,FALSE
who_18,Influenza (H7N9 avian influenza),Influenza (H7N9 avian influenza),Ardenna gravis,37051,aves,procellariiformes,procellariidae,PCR/Sequencing,,,,,FALSE
who_18,Influenza (H7N9 avian influenza),Influenza (H7N9 avian influenza),Ardenna pacifica,48683,aves,procellariiformes,procellariidae,PCR/Sequencing,,,,,FALSE
who_18,Influenza (H7N9 avian influenza),Influenza (H7N9 avian influenza),Ardeola bacchus,188375,aves,pelecaniformes,ardeidae,PCR/Sequencing,,,,,FALSE
who_18,Influenza (H7N9 avian influenza),Influenza (H7N9 avian influenza),Arenaria interpres,54971,aves,charadriiformes,scolopacidae,PCR/Sequencing,,,,,FALSE
who_18,Influenza (H7N9 avian influenza),Influenza (H7N9 avian influenza),Arenaria melanocephala,279931,aves,charadriiformes,scolopacidae,PCR/Sequencing,,,,,FALSE
who_18,Influenza (H7N9 avian influenza),Influenza (H7N9 avian influenza),Artibeus lituratus,27634,mammalia,chiroptera,phyllostomidae,PCR/Sequencing,,,,,FALSE
who_18,Influenza (H7N9 avian influenza),Influenza (H7N9 avian influenza),Artibeus obscurus,40228,mammalia,chiroptera,phyllostomidae,PCR/Sequencing,,,,,FALSE
who_18,Influenza (H7N9 avian influenza),Influenza (H7N9 avian influenza),Artibeus planirostris,40230,mammalia,chiroptera,phyllostomidae,PCR/Sequencing,,,,,FALSE
who_18,Influenza (H7N9 avian influenza),Influenza (H7N9 avian influenza),Asio flammeus,56267,aves,strigiformes,strigidae,PCR/Sequencing,,,,,FALSE
who_18,Influenza (H7N9 avian influenza),Influenza (H7N9 avian influenza),Asio otus,111810,aves,strigiformes,strigidae,PCR/Sequencing,,,,,FALSE
who_18,Influenza (H7N9 avian influenza),Influenza (H7N9 avian influenza),Astur gentilis,258924,,,,PCR/Sequencing,,,,,FALSE
who_18,Influenza (H7N9 avian influenza),Influenza (H7N9 avian influenza),Astur gentilis,8957,,,,PCR/Sequencing,,,,,FALSE
who_18,Influenza (H7N9 avian influenza),Influenza (H7N9 avian influenza),Athene cunicularia,194338,aves,strigiformes,strigidae,PCR/Sequencing,,,,,FALSE
who_18,Influenza (H7N9 avian influenza),Influenza (H7N9 avian influenza),Athene noctua,126797,aves,strigiformes,strigidae,PCR/Sequencing,,,,,FALSE
who_18,Influenza (H7N9 avian influenza),Influenza (H7N9 avian influenza),Aythya affinis,189533,aves,anseriformes,anatidae,PCR/Sequencing,,,,,FALSE
who_18,Influenza (H7N9 avian influenza),Influenza (H7N9 avian influenza),Aythya americana,30385,aves,anseriformes,anatidae,PCR/Sequencing,,,,,FALSE
who_18,Influenza (H7N9 avian influenza),Influenza (H7N9 avian influenza),Aythya baeri,1177618,aves,anseriformes,anatidae,PCR/Sequencing,,,,,FALSE
who_18,Influenza (H7N9 avian influenza),Influenza (H7N9 avian influenza),Aythya collaris,189535,aves,anseriformes,anatidae,PCR/Sequencing,,,,,FALSE
who_18,Influenza (H7N9 avian influenza),Influenza (H7N9 avian influenza),Aythya ferina,219593,aves,anseriformes,anatidae,PCR/Sequencing,,,,,FALSE
who_18,Influenza (H7N9 avian influenza),Influenza (H7N9 avian influenza),Aythya fuligula,219594,aves,anseriformes,anatidae,PCR/Sequencing,,,,,FALSE
who_18,Influenza (H7N9 avian influenza),Influenza (H7N9 avian influenza),Aythya marila,189534,aves,anseriformes,anatidae,PCR/Sequencing,,,,,FALSE
who_18,Influenza (H7N9 avian influenza),Influenza (H7N9 avian influenza),Aythya nyroca,197939,aves,anseriformes,anatidae,PCR/Sequencing,,,,,FALSE
who_18,Influenza (H7N9 avian influenza),Influenza (H7N9 avian influenza),Aythya valisineria,110915,aves,anseriformes,anatidae,PCR/Sequencing,,,,,FALSE
who_18,Influenza (H7N9 avian influenza),Influenza (H7N9 avian influenza),Balaenoptera acutorostrata,9767,mammalia,artiodactyla,balaenopteridae,Isolation/Observation,,,,,FALSE
who_18,Influenza (H7N9 avian influenza),Influenza (H7N9 avian influenza),Bombycilla cedrorum,161648,aves,passeriformes,bombycillidae,PCR/Sequencing,,,,,FALSE
who_18,Influenza (H7N9 avian influenza),Influenza (H7N9 avian influenza),Bonasa umbellus,9000,aves,galliformes,phasianidae,PCR/Sequencing,,,,,FALSE
who_18,Influenza (H7N9 avian influenza),Influenza (H7N9 avian influenza),Bos grunniens,30521,,,,PCR/Sequencing,,,,,FALSE
who_18,Influenza (H7N9 avian influenza),Influenza (H7N9 avian influenza),Bos taurus,9913,mammalia,artiodactyla,bovidae,PCR/Sequencing,,,,,FALSE
who_18,Influenza (H7N9 avian influenza),Influenza (H7N9 avian influenza),Branta bernicla,184712,aves,anseriformes,anatidae,PCR/Sequencing,,,,,FALSE
who_18,Influenza (H7N9 avian influenza),Influenza (H7N9 avian influenza),Branta canadensis,8853,aves,anseriformes,anatidae,Isolation/Observation; PCR/Sequencing,,,,,FALSE
who_18,Influenza (H7N9 avian influenza),Influenza (H7N9 avian influenza),Branta hutchinsii,371860,aves,anseriformes,anatidae,PCR/Sequencing,,,,,FALSE
who_18,Influenza (H7N9 avian influenza),Influenza (H7N9 avian influenza),Branta leucopsis,184711,aves,anseriformes,anatidae,PCR/Sequencing,,,,,FALSE
who_18,Influenza (H7N9 avian influenza),Influenza (H7N9 avian influenza),Bubo bubo,30461,aves,strigiformes,strigidae,PCR/Sequencing,,,,,FALSE
who_18,Influenza (H7N9 avian influenza),Influenza (H7N9 avian influenza),Bubo scandiacus,371907,aves,strigiformes,strigidae,Isolation/Observation; PCR/Sequencing,,,,,FALSE
who_18,Influenza (H7N9 avian influenza),Influenza (H7N9 avian influenza),Bubo virginianus,56268,aves,strigiformes,strigidae,PCR/Sequencing,,,,,FALSE
who_18,Influenza (H7N9 avian influenza),Influenza (H7N9 avian influenza),Bubulcus ibis,110668,aves,pelecaniformes,ardeidae,PCR/Sequencing,,,,,FALSE
who_18,Influenza (H7N9 avian influenza),Influenza (H7N9 avian influenza),Bucephala albeola,279934,aves,anseriformes,anatidae,PCR/Sequencing,,,,,FALSE
who_18,Influenza (H7N9 avian influenza),Influenza (H7N9 avian influenza),Bucephala clangula,107022,aves,anseriformes,anatidae,PCR/Sequencing,,,,,FALSE
who_18,Influenza (H7N9 avian influenza),Influenza (H7N9 avian influenza),Burhinus grallarius,585466,aves,charadriiformes,burhinidae,PCR/Sequencing,,,,,FALSE
who_18,Influenza (H7N9 avian influenza),Influenza (H7N9 avian influenza),Butastur indicus,335207,aves,accipitriformes,accipitridae,PCR/Sequencing,,,,,FALSE
who_18,Influenza (H7N9 avian influenza),Influenza (H7N9 avian influenza),Buteo buteo,30397,aves,accipitriformes,accipitridae,PCR/Sequencing,,,,,FALSE
who_18,Influenza (H7N9 avian influenza),Influenza (H7N9 avian influenza),Buteo jamaicensis,56263,aves,accipitriformes,accipitridae,Isolation/Observation; PCR/Sequencing,,,,,FALSE
who_18,Influenza (H7N9 avian influenza),Influenza (H7N9 avian influenza),Buteo japonicus,224669,aves,accipitriformes,accipitridae,PCR/Sequencing,,,,,FALSE
who_18,Influenza (H7N9 avian influenza),Influenza (H7N9 avian influenza),Buteo lagopus,115229,aves,accipitriformes,accipitridae,PCR/Sequencing,,,,,FALSE
who_18,Influenza (H7N9 avian influenza),Influenza (H7N9 avian influenza),Buteo lineatus,223475,aves,accipitriformes,accipitridae,PCR/Sequencing,,,,,FALSE
who_18,Influenza (H7N9 avian influenza),Influenza (H7N9 avian influenza),Buteo platypterus,218281,aves,accipitriformes,accipitridae,PCR/Sequencing,,,,,FALSE
who_18,Influenza (H7N9 avian influenza),Influenza (H7N9 avian influenza),Buteo regalis,223441,aves,accipitriformes,accipitridae,PCR/Sequencing,,,,,FALSE
who_18,Influenza (H7N9 avian influenza),Influenza (H7N9 avian influenza),Buteo rufofuscus,223437,aves,accipitriformes,accipitridae,PCR/Sequencing,,,,,FALSE
who_18,Influenza (H7N9 avian influenza),Influenza (H7N9 avian influenza),Buteo swainsoni,156757,aves,accipitriformes,accipitridae,PCR/Sequencing,,,,,FALSE
who_18,Influenza (H7N9 avian influenza),Influenza (H7N9 avian influenza),Buteogallus urubitinga,223497,aves,accipitriformes,accipitridae,PCR/Sequencing,,,,,FALSE
who_18,Influenza (H7N9 avian influenza),Influenza (H7N9 avian influenza),Butorides striata,433628,aves,pelecaniformes,ardeidae,PCR/Sequencing,,,,,FALSE
who_18,Influenza (H7N9 avian influenza),Influenza (H7N9 avian influenza),Butorides virescens,110671,,,,PCR/Sequencing,,,,,FALSE
who_18,Influenza (H7N9 avian influenza),Influenza (H7N9 avian influenza),Caiman latirostris,190476,reptilia,crocodylia,alligatoridae,PCR/Sequencing,,,,,FALSE
who_18,Influenza (H7N9 avian influenza),Influenza (H7N9 avian influenza),Cairina moschata,8855,aves,anseriformes,anatidae,PCR/Sequencing,,,,,FALSE
who_18,Influenza (H7N9 avian influenza),Influenza (H7N9 avian influenza),Calidris acuminata,192723,aves,charadriiformes,scolopacidae,PCR/Sequencing,,,,,FALSE
who_18,Influenza (H7N9 avian influenza),Influenza (H7N9 avian influenza),Calidris alba,279936,aves,charadriiformes,scolopacidae,PCR/Sequencing,,,,,FALSE
who_18,Influenza (H7N9 avian influenza),Influenza (H7N9 avian influenza),Calidris alpina,8919,aves,charadriiformes,scolopacidae,PCR/Sequencing,,,,,FALSE
who_18,Influenza (H7N9 avian influenza),Influenza (H7N9 avian influenza),Calidris canutus,227173,aves,charadriiformes,scolopacidae,PCR/Sequencing,,,,,FALSE
who_18,Influenza (H7N9 avian influenza),Influenza (H7N9 avian influenza),Calidris fuscicollis,279940,aves,charadriiformes,scolopacidae,PCR/Sequencing,,,,,FALSE
who_18,Influenza (H7N9 avian influenza),Influenza (H7N9 avian influenza),Calidris mauri,279941,aves,charadriiformes,scolopacidae,PCR/Sequencing,,,,,FALSE
who_18,Influenza (H7N9 avian influenza),Influenza (H7N9 avian influenza),Calidris minutilla,279935,aves,charadriiformes,scolopacidae,PCR/Sequencing,,,,,FALSE
who_18,Influenza (H7N9 avian influenza),Influenza (H7N9 avian influenza),Calidris pusilla,279961,aves,charadriiformes,scolopacidae,PCR/Sequencing,,,,,FALSE
who_18,Influenza (H7N9 avian influenza),Influenza (H7N9 avian influenza),Calidris ruficollis,272047,aves,charadriiformes,scolopacidae,PCR/Sequencing,,,,,FALSE
who_18,Influenza (H7N9 avian influenza),Influenza (H7N9 avian influenza),Callonetta leucophrys,75871,aves,anseriformes,anatidae,PCR/Sequencing,,,,,FALSE
who_18,Influenza (H7N9 avian influenza),Influenza (H7N9 avian influenza),Camelus bactrianus,9837,,,,PCR/Sequencing,,,,,FALSE
who_18,Influenza (H7N9 avian influenza),Influenza (H7N9 avian influenza),Camelus dromedarius,9838,mammalia,artiodactyla,camelidae,PCR/Sequencing,,,,,FALSE
who_18,Influenza (H7N9 avian influenza),Influenza (H7N9 avian influenza),Canis lupus,9612,mammalia,carnivora,canidae,PCR/Sequencing,,,,,FALSE
who_18,Influenza (H7N9 avian influenza),Influenza (H7N9 avian influenza),Canis lupus,9615,mammalia,carnivora,canidae,PCR/Sequencing,,,,,FALSE
who_18,Influenza (H7N9 avian influenza),Influenza (H7N9 avian influenza),Capra hircus,9925,mammalia,artiodactyla,bovidae,PCR/Sequencing,,,,,FALSE
who_18,Influenza (H7N9 avian influenza),Influenza (H7N9 avian influenza),Caracara plancus,8951,aves,falconiformes,falconidae,PCR/Sequencing,,,,,FALSE
who_18,Influenza (H7N9 avian influenza),Influenza (H7N9 avian influenza),Cathartes aura,43455,aves,cathartiformes,cathartidae,PCR/Sequencing,,,,,FALSE
who_18,Influenza (H7N9 avian influenza),Influenza (H7N9 avian influenza),Catharus fuscescens,159581,aves,passeriformes,turdidae,PCR/Sequencing,,,,,FALSE
who_18,Influenza (H7N9 avian influenza),Influenza (H7N9 avian influenza),Catharus guttatus,9185,aves,passeriformes,turdidae,PCR/Sequencing,,,,,FALSE
who_18,Influenza (H7N9 avian influenza),Influenza (H7N9 avian influenza),Catharus ustulatus,91951,aves,passeriformes,turdidae,PCR/Sequencing,,,,,FALSE
who_18,Influenza (H7N9 avian influenza),Influenza (H7N9 avian influenza),Cephalorhynchus eutropia,27608,mammalia,artiodactyla,delphinidae,PCR/Sequencing,,,,,FALSE
who_18,Influenza (H7N9 avian influenza),Influenza (H7N9 avian influenza),Cercopithecus mitis kandti,1137481,,,,PCR/Sequencing,,,,,FALSE
who_18,Influenza (H7N9 avian influenza),Influenza (H7N9 avian influenza),Cereopsis novaehollandiae,8858,aves,anseriformes,anatidae,PCR/Sequencing,,,,,FALSE
who_18,Influenza (H7N9 avian influenza),Influenza (H7N9 avian influenza),Chenonetta jubata,45644,aves,anseriformes,anatidae,PCR/Sequencing,,,,,FALSE
who_18,Influenza (H7N9 avian influenza),Influenza (H7N9 avian influenza),Chlamydotis undulata,172680,aves,otidiformes,otididae,PCR/Sequencing,,,,,FALSE
who_18,Influenza (H7N9 avian influenza),Influenza (H7N9 avian influenza),Chlidonias hybrida,297805,aves,charadriiformes,laridae,PCR/Sequencing,,,,,FALSE
who_18,Influenza (H7N9 avian influenza),Influenza (H7N9 avian influenza),Chlidonias leucopterus,297806,aves,charadriiformes,laridae,PCR/Sequencing,,,,,FALSE
who_18,Influenza (H7N9 avian influenza),Influenza (H7N9 avian influenza),Chloephaga picta,8861,aves,anseriformes,anatidae,PCR/Sequencing,,,,,FALSE
who_18,Influenza (H7N9 avian influenza),Influenza (H7N9 avian influenza),Chloris chloris,37601,aves,passeriformes,fringillidae,PCR/Sequencing,,,,,FALSE
who_18,Influenza (H7N9 avian influenza),Influenza (H7N9 avian influenza),Chroicocephalus brunnicephalus,2772041,,,,PCR/Sequencing,,,,,FALSE
who_18,Influenza (H7N9 avian influenza),Influenza (H7N9 avian influenza),Chroicocephalus cirrocephalus,1192863,,,,PCR/Sequencing,,,,,FALSE
who_18,Influenza (H7N9 avian influenza),Influenza (H7N9 avian influenza),Chroicocephalus genei,1569666,,,,PCR/Sequencing,,,,,FALSE
who_18,Influenza (H7N9 avian influenza),Influenza (H7N9 avian influenza),Chroicocephalus maculipennis,287016,,,,PCR/Sequencing,,,,,FALSE
who_18,Influenza (H7N9 avian influenza),Influenza (H7N9 avian influenza),Chroicocephalus novaehollandiae,2547444,,,,PCR/Sequencing,,,,,FALSE
who_18,Influenza (H7N9 avian influenza),Influenza (H7N9 avian influenza),Chroicocephalus philadelphia,3149563,,,,PCR/Sequencing,,,,,FALSE
who_18,Influenza (H7N9 avian influenza),Influenza (H7N9 avian influenza),Chroicocephalus ridibundus,1192867,,,,Isolation/Observation; PCR/Sequencing,,,,,FALSE
who_18,Influenza (H7N9 avian influenza),Influenza (H7N9 avian influenza),Chrotogale owstoni,94184,mammalia,carnivora,viverridae,Isolation/Observation,,,,,FALSE
who_18,Influenza (H7N9 avian influenza),Influenza (H7N9 avian influenza),Chrysolophus pictus,9089,aves,galliformes,phasianidae,PCR/Sequencing,,,,,FALSE
who_18,Influenza (H7N9 avian influenza),Influenza (H7N9 avian influenza),Ciconia ciconia,8928,aves,ciconiiformes,ciconiidae,PCR/Sequencing,,,,,FALSE
who_18,Influenza (H7N9 avian influenza),Influenza (H7N9 avian influenza),Circus aeruginosus,8964,aves,accipitriformes,accipitridae,PCR/Sequencing,,,,,FALSE
who_18,Influenza (H7N9 avian influenza),Influenza (H7N9 avian influenza),Circus hudsonius,2709557,aves,accipitriformes,accipitridae,PCR/Sequencing,,,,,FALSE
who_18,Influenza (H7N9 avian influenza),Influenza (H7N9 avian influenza),Clangula hyemalis,197941,aves,anseriformes,anatidae,PCR/Sequencing,,,,,FALSE
who_18,Influenza (H7N9 avian influenza),Influenza (H7N9 avian influenza),Coccycua minuta,1118526,aves,cuculiformes,cuculidae,PCR/Sequencing,,,,,FALSE
who_18,Influenza (H7N9 avian influenza),Influenza (H7N9 avian influenza),Coloeus monedula,30423,,,,PCR/Sequencing,,,,,FALSE
who_18,Influenza (H7N9 avian influenza),Influenza (H7N9 avian influenza),Columba,8933,,,,PCR/Sequencing,,,,,FALSE
who_18,Influenza (H7N9 avian influenza),Influenza (H7N9 avian influenza),Columba guinea,135627,aves,columbiformes,columbidae,PCR/Sequencing,,,,,FALSE
who_18,Influenza (H7N9 avian influenza),Influenza (H7N9 avian influenza),Columba livia,8932,aves,columbiformes,columbidae,Isolation/Observation; PCR/Sequencing,,,,,FALSE
who_18,Influenza (H7N9 avian influenza),Influenza (H7N9 avian influenza),Contopus sordidulus,183522,aves,passeriformes,tyrannidae,PCR/Sequencing,,,,,FALSE
who_18,Influenza (H7N9 avian influenza),Influenza (H7N9 avian influenza),Copsychus saularis,343929,aves,passeriformes,muscicapidae,PCR/Sequencing,,,,,FALSE
who_18,Influenza (H7N9 avian influenza),Influenza (H7N9 avian influenza),Coragyps atratus,33614,aves,cathartiformes,cathartidae,PCR/Sequencing,,,,,FALSE
who_18,Influenza (H7N9 avian influenza),Influenza (H7N9 avian influenza),Corvus brachyrhynchos,85066,aves,passeriformes,corvidae,PCR/Sequencing,,,,,FALSE
who_18,Influenza (H7N9 avian influenza),Influenza (H7N9 avian influenza),Corvus caurinus,279967,aves,passeriformes,corvidae,PCR/Sequencing,,,,,FALSE
who_18,Influenza (H7N9 avian influenza),Influenza (H7N9 avian influenza),Corvus corax,56781,aves,passeriformes,corvidae,PCR/Sequencing,,,,,FALSE
who_18,Influenza (H7N9 avian influenza),Influenza (H7N9 avian influenza),Corvus frugilegus,75140,aves,passeriformes,corvidae,PCR/Sequencing,,,,,FALSE
who_18,Influenza (H7N9 avian influenza),Influenza (H7N9 avian influenza),Corvus macrorhynchos,36249,aves,passeriformes,corvidae,PCR/Sequencing,,,,,FALSE
who_18,Influenza (H7N9 avian influenza),Influenza (H7N9 avian influenza),Corvus ossifragus,349685,aves,passeriformes,corvidae,PCR/Sequencing,,,,,FALSE
who_18,Influenza (H7N9 avian influenza),Influenza (H7N9 avian influenza),Corvus splendens,701737,aves,passeriformes,corvidae,PCR/Sequencing,,,,,FALSE
who_18,Influenza (H7N9 avian influenza),Influenza (H7N9 avian influenza),Coscoroba coscoroba,8863,aves,anseriformes,anatidae,PCR/Sequencing,,,,,FALSE
who_18,Influenza (H7N9 avian influenza),Influenza (H7N9 avian influenza),Coturnix coturnix,9091,aves,galliformes,phasianidae,Isolation/Observation; PCR/Sequencing,,,,,FALSE
who_18,Influenza (H7N9 avian influenza),Influenza (H7N9 avian influenza),Coturnix japonica,93934,aves,galliformes,phasianidae,PCR/Sequencing,,,,,FALSE
who_18,Influenza (H7N9 avian influenza),Influenza (H7N9 avian influenza),Crocodylus niloticus,8501,reptilia,crocodylia,crocodylidae,PCR/Sequencing,,,,,FALSE
who_18,Influenza (H7N9 avian influenza),Influenza (H7N9 avian influenza),Cyanocitta cristata,28727,aves,passeriformes,corvidae,PCR/Sequencing,,,,,FALSE
who_18,Influenza (H7N9 avian influenza),Influenza (H7N9 avian influenza),Cygnus atratus,8868,aves,anseriformes,anatidae,PCR/Sequencing,,,,,FALSE
who_18,Influenza (H7N9 avian influenza),Influenza (H7N9 avian influenza),Cygnus buccinator,48397,aves,anseriformes,anatidae,PCR/Sequencing,,,,,FALSE
who_18,Influenza (H7N9 avian influenza),Influenza (H7N9 avian influenza),Cygnus columbianus,110926,aves,anseriformes,anatidae,PCR/Sequencing,,,,,FALSE
who_18,Influenza (H7N9 avian influenza),Influenza (H7N9 avian influenza),Cygnus columbianus,1450144,aves,anseriformes,anatidae,PCR/Sequencing,,,,,FALSE
who_18,Influenza (H7N9 avian influenza),Influenza (H7N9 avian influenza),Cygnus columbianus bewickii,541010,,,,PCR/Sequencing,,,,,FALSE
who_18,Influenza (H7N9 avian influenza),Influenza (H7N9 avian influenza),Cygnus cygnus,219595,aves,anseriformes,anatidae,Isolation/Observation; PCR/Sequencing,,,,,FALSE
who_18,Influenza (H7N9 avian influenza),Influenza (H7N9 avian influenza),Cygnus melancoryphus,41691,aves,anseriformes,anatidae,PCR/Sequencing,,,,,FALSE
who_18,Influenza (H7N9 avian influenza),Influenza (H7N9 avian influenza),Cygnus olor,8869,aves,anseriformes,anatidae,Isolation/Observation; PCR/Sequencing,,,,,FALSE
who_18,Influenza (H7N9 avian influenza),Influenza (H7N9 avian influenza),Cypseloides niger,46500,aves,caprimulgiformes,apodidae,PCR/Sequencing,,,,,FALSE
who_18,Influenza (H7N9 avian influenza),Influenza (H7N9 avian influenza),Delphinus delphis,9728,mammalia,artiodactyla,delphinidae,PCR/Sequencing,,,,,FALSE
who_18,Influenza (H7N9 avian influenza),Influenza (H7N9 avian influenza),Dendrocygna autumnalis,8873,aves,anseriformes,anatidae,PCR/Sequencing,,,,,FALSE
who_18,Influenza (H7N9 avian influenza),Influenza (H7N9 avian influenza),Dendrocygna eytoni,8875,aves,anseriformes,anatidae,PCR/Sequencing,,,,,FALSE
who_18,Influenza (H7N9 avian influenza),Influenza (H7N9 avian influenza),Dendrocygna javanica,60182,aves,anseriformes,anatidae,PCR/Sequencing,,,,,FALSE
who_18,Influenza (H7N9 avian influenza),Influenza (H7N9 avian influenza),Dendrocygna viduata,8876,aves,anseriformes,anatidae,PCR/Sequencing,,,,,FALSE
who_18,Influenza (H7N9 avian influenza),Influenza (H7N9 avian influenza),Didelphis virginiana,9267,mammalia,didelphimorphia,didelphidae,PCR/Sequencing,,,,,FALSE
who_18,Influenza (H7N9 avian influenza),Influenza (H7N9 avian influenza),Dromaius novaehollandiae,8790,aves,struthioniformes,casuariidae,PCR/Sequencing,,,,,FALSE
who_18,Influenza (H7N9 avian influenza),Influenza (H7N9 avian influenza),Drymotoxeres pucheranii,761979,aves,passeriformes,furnariidae,PCR/Sequencing,,,,,FALSE
who_18,Influenza (H7N9 avian influenza),Influenza (H7N9 avian influenza),Egretta garzetta,188379,aves,pelecaniformes,ardeidae,PCR/Sequencing,,,,,FALSE
who_18,Influenza (H7N9 avian influenza),Influenza (H7N9 avian influenza),Egretta thula,110681,aves,pelecaniformes,ardeidae,PCR/Sequencing,,,,,FALSE
who_18,Influenza (H7N9 avian influenza),Influenza (H7N9 avian influenza),Eidolon helvum,77214,mammalia,chiroptera,pteropodidae,PCR/Sequencing,,,,,FALSE
who_18,Influenza (H7N9 avian influenza),Influenza (H7N9 avian influenza),Emberiza spodocephala,125294,aves,passeriformes,emberizidae,PCR/Sequencing,,,,,FALSE
who_18,Influenza (H7N9 avian influenza),Influenza (H7N9 avian influenza),Empidonax alnorum,209618,aves,passeriformes,tyrannidae,PCR/Sequencing,,,,,FALSE
who_18,Influenza (H7N9 avian influenza),Influenza (H7N9 avian influenza),Empidonax difficilis,183525,aves,passeriformes,tyrannidae,PCR/Sequencing,,,,,FALSE
who_18,Influenza (H7N9 avian influenza),Influenza (H7N9 avian influenza),Enicognathus leptorhynchus,345190,aves,psittaciformes,psittacidae,PCR/Sequencing,,,,,FALSE
who_18,Influenza (H7N9 avian influenza),Influenza (H7N9 avian influenza),Equus,46122,,,,PCR/Sequencing,,,,,FALSE
who_18,Influenza (H7N9 avian influenza),Influenza (H7N9 avian influenza),Equus asinus,9793,mammalia,perissodactyla,equidae,PCR/Sequencing,,,,,FALSE
who_18,Influenza (H7N9 avian influenza),Influenza (H7N9 avian influenza),Equus caballus,9796,mammalia,perissodactyla,equidae,Isolation/Observation; PCR/Sequencing,,,,,FALSE
who_18,Influenza (H7N9 avian influenza),Influenza (H7N9 avian influenza),Equus ferus,1114792,mammalia,perissodactyla,equidae,PCR/Sequencing,,,,,FALSE
who_18,Influenza (H7N9 avian influenza),Influenza (H7N9 avian influenza),Equus przewalskii,9798,,,,PCR/Sequencing,,,,,FALSE
who_18,Influenza (H7N9 avian influenza),Influenza (H7N9 avian influenza),Eupodotis senegalensis,89385,aves,otidiformes,otididae,PCR/Sequencing,,,,,FALSE
who_18,Influenza (H7N9 avian influenza),Influenza (H7N9 avian influenza),Falco cherrug,345164,aves,falconiformes,falconidae,Isolation/Observation; PCR/Sequencing,,,,,FALSE
who_18,Influenza (H7N9 avian influenza),Influenza (H7N9 avian influenza),Falco naumanni,148594,aves,falconiformes,falconidae,PCR/Sequencing,,,,,FALSE
who_18,Influenza (H7N9 avian influenza),Influenza (H7N9 avian influenza),Falco peregrinus,8954,aves,falconiformes,falconidae,PCR/Sequencing,,,,,FALSE
who_18,Influenza (H7N9 avian influenza),Influenza (H7N9 avian influenza),Falco rusticolus,120794,aves,falconiformes,falconidae,PCR/Sequencing,,,,,FALSE
who_18,Influenza (H7N9 avian influenza),Influenza (H7N9 avian influenza),Falco sparverius,56350,aves,falconiformes,falconidae,PCR/Sequencing,,,,,FALSE
who_18,Influenza (H7N9 avian influenza),Influenza (H7N9 avian influenza),Falco tinnunculus,100819,aves,falconiformes,falconidae,PCR/Sequencing,,,,,FALSE
who_18,Influenza (H7N9 avian influenza),Influenza (H7N9 avian influenza),Felis catus,9685,mammalia,carnivora,felidae,Isolation/Observation; PCR/Sequencing,,,,,FALSE
who_18,Influenza (H7N9 avian influenza),Influenza (H7N9 avian influenza),Francolinus pintadeanus,472989,aves,galliformes,phasianidae,PCR/Sequencing,,,,,FALSE
who_18,Influenza (H7N9 avian influenza),Influenza (H7N9 avian influenza),Fratercula arctica,28701,aves,charadriiformes,alcidae,PCR/Sequencing,,,,,FALSE
who_18,Influenza (H7N9 avian influenza),Influenza (H7N9 avian influenza),Fratercula corniculata,28702,aves,charadriiformes,alcidae,PCR/Sequencing,,,,,FALSE
who_18,Influenza (H7N9 avian influenza),Influenza (H7N9 avian influenza),Fregata magnificens,37042,aves,suliformes,fregatidae,PCR/Sequencing,,,,,FALSE
who_18,Influenza (H7N9 avian influenza),Influenza (H7N9 avian influenza),Fringilla montifringilla,36255,aves,passeriformes,fringillidae,PCR/Sequencing,,,,,FALSE
who_18,Influenza (H7N9 avian influenza),Influenza (H7N9 avian influenza),Fulica americana,81903,aves,gruiformes,rallidae,PCR/Sequencing,,,,,FALSE
who_18,Influenza (H7N9 avian influenza),Influenza (H7N9 avian influenza),Fulica armillata,555254,aves,gruiformes,rallidae,PCR/Sequencing,,,,,FALSE
who_18,Influenza (H7N9 avian influenza),Influenza (H7N9 avian influenza),Fulica atra,9121,aves,gruiformes,rallidae,PCR/Sequencing,,,,,FALSE
who_18,Influenza (H7N9 avian influenza),Influenza (H7N9 avian influenza),Fulica rufifrons,555257,aves,gruiformes,rallidae,PCR/Sequencing,,,,,FALSE
who_18,Influenza (H7N9 avian influenza),Influenza (H7N9 avian influenza),Fulmarus glacialis,30455,aves,procellariiformes,procellariidae,PCR/Sequencing,,,,,FALSE
who_18,Influenza (H7N9 avian influenza),Influenza (H7N9 avian influenza),Gallicrex cinerea,261967,aves,gruiformes,rallidae,PCR/Sequencing,,,,,FALSE
who_18,Influenza (H7N9 avian influenza),Influenza (H7N9 avian influenza),Gallinago gallinago,107377,aves,charadriiformes,scolopacidae,PCR/Sequencing,,,,,FALSE
who_18,Influenza (H7N9 avian influenza),Influenza (H7N9 avian influenza),Gallinula chloropus,9123,aves,gruiformes,rallidae,PCR/Sequencing,,,,,FALSE
who_18,Influenza (H7N9 avian influenza),Influenza (H7N9 avian influenza),Gallus gallus,9031,aves,galliformes,phasianidae,Isolation/Observation; PCR/Sequencing,,,,,FALSE
who_18,Influenza (H7N9 avian influenza),Influenza (H7N9 avian influenza),Garrulax canorus,238855,aves,passeriformes,leiotrichidae,PCR/Sequencing,,,,,FALSE
who_18,Influenza (H7N9 avian influenza),Influenza (H7N9 avian influenza),Gavia immer,37039,aves,gaviiformes,gaviidae,PCR/Sequencing,,,,,FALSE
who_18,Influenza (H7N9 avian influenza),Influenza (H7N9 avian influenza),Geopelia placida,471127,aves,columbiformes,columbidae,PCR/Sequencing,,,,,FALSE
who_18,Influenza (H7N9 avian influenza),Influenza (H7N9 avian influenza),Geothlypis tolmiei,142474,aves,passeriformes,parulidae,PCR/Sequencing,,,,,FALSE
who_18,Influenza (H7N9 avian influenza),Influenza (H7N9 avian influenza),Globicephala melas,9731,mammalia,artiodactyla,delphinidae,Isolation/Observation; PCR/Sequencing,,,,,FALSE
who_18,Influenza (H7N9 avian influenza),Influenza (H7N9 avian influenza),Gracula religiosa,116992,aves,passeriformes,sturnidae,PCR/Sequencing,,,,,FALSE
who_18,Influenza (H7N9 avian influenza),Influenza (H7N9 avian influenza),Grus japonensis,30415,aves,gruiformes,gruidae,PCR/Sequencing,,,,,FALSE
who_18,Influenza (H7N9 avian influenza),Influenza (H7N9 avian influenza),Grus monacha,40818,aves,gruiformes,gruidae,PCR/Sequencing,,,,,FALSE
who_18,Influenza (H7N9 avian influenza),Influenza (H7N9 avian influenza),Grus nigricollis,40817,aves,gruiformes,gruidae,PCR/Sequencing,,,,,FALSE
who_18,Influenza (H7N9 avian influenza),Influenza (H7N9 avian influenza),Gymnogyps californianus,33616,aves,cathartiformes,cathartidae,PCR/Sequencing,,,,,FALSE
who_18,Influenza (H7N9 avian influenza),Influenza (H7N9 avian influenza),Gyps fulvus,36247,aves,accipitriformes,accipitridae,PCR/Sequencing,,,,,FALSE
who_18,Influenza (H7N9 avian influenza),Influenza (H7N9 avian influenza),Haematopus ater,185689,aves,charadriiformes,haematopodidae,PCR/Sequencing,,,,,FALSE
who_18,Influenza (H7N9 avian influenza),Influenza (H7N9 avian influenza),Haematopus moquini,2587770,aves,charadriiformes,haematopodidae,PCR/Sequencing,,,,,FALSE
who_18,Influenza (H7N9 avian influenza),Influenza (H7N9 avian influenza),Haematopus palliatus,279960,aves,charadriiformes,haematopodidae,PCR/Sequencing,,,,,FALSE
who_18,Influenza (H7N9 avian influenza),Influenza (H7N9 avian influenza),Haliaeetus albicilla,8969,aves,accipitriformes,accipitridae,PCR/Sequencing,,,,,FALSE
who_18,Influenza (H7N9 avian influenza),Influenza (H7N9 avian influenza),Haliaeetus leucocephalus,52644,aves,accipitriformes,accipitridae,Isolation/Observation; PCR/Sequencing,,,,,FALSE
who_18,Influenza (H7N9 avian influenza),Influenza (H7N9 avian influenza),Haliaeetus pelagicus,52647,aves,accipitriformes,accipitridae,PCR/Sequencing,,,,,FALSE
who_18,Influenza (H7N9 avian influenza),Influenza (H7N9 avian influenza),Halichoerus grypus,9711,mammalia,carnivora,phocidae,PCR/Sequencing,,,,,FALSE
who_18,Influenza (H7N9 avian influenza),Influenza (H7N9 avian influenza),Heteronetta atricapilla,555264,aves,anseriformes,anatidae,PCR/Sequencing,,,,,FALSE
who_18,Influenza (H7N9 avian influenza),Influenza (H7N9 avian influenza),Himantopus himantopus,225398,aves,charadriiformes,recurvirostridae,PCR/Sequencing,,,,,FALSE
who_18,Influenza (H7N9 avian influenza),Influenza (H7N9 avian influenza),Himantopus himantopus,507595,aves,charadriiformes,recurvirostridae,PCR/Sequencing,,,,,FALSE
who_18,Influenza (H7N9 avian influenza),Influenza (H7N9 avian influenza),Himantopus mexicanus,227231,,,,PCR/Sequencing,,,,,FALSE
who_18,Influenza (H7N9 avian influenza),Influenza (H7N9 avian influenza),Hirundo rustica,43150,aves,passeriformes,hirundinidae,PCR/Sequencing,,,,,FALSE
who_18,Influenza (H7N9 avian influenza),Influenza (H7N9 avian influenza),Histrionicus histrionicus,68165,aves,anseriformes,anatidae,PCR/Sequencing,,,,,FALSE
who_18,Influenza (H7N9 avian influenza),Influenza (H7N9 avian influenza),Homo sapiens,9606,,,,Isolation/Observation; PCR/Sequencing,,,,,FALSE
who_18,Influenza (H7N9 avian influenza),Influenza (H7N9 avian influenza),Hydroprogne caspia,425641,aves,charadriiformes,laridae,PCR/Sequencing,,,,,FALSE
who_18,Influenza (H7N9 avian influenza),Influenza (H7N9 avian influenza),Ichthyaetus ichthyaetus,126702,,,,PCR/Sequencing,,,,,FALSE
who_18,Influenza (H7N9 avian influenza),Influenza (H7N9 avian influenza),Ichthyaetus melanocephalus,1288290,,,,PCR/Sequencing,,,,,FALSE
who_18,Influenza (H7N9 avian influenza),Influenza (H7N9 avian influenza),Icteria virens,135437,aves,passeriformes,icteridae,PCR/Sequencing,,,,,FALSE
who_18,Influenza (H7N9 avian influenza),Influenza (H7N9 avian influenza),Ixobrychus eurhythmus,670346,aves,pelecaniformes,ardeidae,PCR/Sequencing,,,,,FALSE
who_18,Influenza (H7N9 avian influenza),Influenza (H7N9 avian influenza),Junco hyemalis,40217,aves,passeriformes,passerellidae,PCR/Sequencing,,,,,FALSE
who_18,Influenza (H7N9 avian influenza),Influenza (H7N9 avian influenza),Lagenorhynchus acutus,3371109,,,,PCR/Sequencing,,,,,FALSE
who_18,Influenza (H7N9 avian influenza),Influenza (H7N9 avian influenza),Lanius schach,276763,aves,passeriformes,laniidae,PCR/Sequencing,,,,,FALSE
who_18,Influenza (H7N9 avian influenza),Influenza (H7N9 avian influenza),Larosterna inca,297811,aves,charadriiformes,laridae,PCR/Sequencing,,,,,FALSE
who_18,Influenza (H7N9 avian influenza),Influenza (H7N9 avian influenza),Larus argentatus,35669,aves,charadriiformes,laridae,PCR/Sequencing,,,,,FALSE
who_18,Influenza (H7N9 avian influenza),Influenza (H7N9 avian influenza),Larus armenicus,119635,aves,charadriiformes,laridae,PCR/Sequencing,,,,,FALSE
who_18,Influenza (H7N9 avian influenza),Influenza (H7N9 avian influenza),Larus belcheri,328041,aves,charadriiformes,laridae,PCR/Sequencing,,,,,FALSE
who_18,Influenza (H7N9 avian influenza),Influenza (H7N9 avian influenza),Larus cachinnans,119609,aves,charadriiformes,laridae,PCR/Sequencing,,,,,FALSE
who_18,Influenza (H7N9 avian influenza),Influenza (H7N9 avian influenza),Larus californicus,126681,aves,charadriiformes,laridae,PCR/Sequencing,,,,,FALSE
who_18,Influenza (H7N9 avian influenza),Influenza (H7N9 avian influenza),Larus canus,28681,aves,charadriiformes,laridae,PCR/Sequencing,,,,,FALSE
who_18,Influenza (H7N9 avian influenza),Influenza (H7N9 avian influenza),Larus crassirostris,179808,aves,charadriiformes,laridae,PCR/Sequencing,,,,,FALSE
who_18,Influenza (H7N9 avian influenza),Influenza (H7N9 avian influenza),Larus delawarensis,126683,aves,charadriiformes,laridae,PCR/Sequencing,,,,,FALSE
who_18,Influenza (H7N9 avian influenza),Influenza (H7N9 avian influenza),Larus dominicanus,37036,aves,charadriiformes,laridae,PCR/Sequencing,,,,,FALSE
who_18,Influenza (H7N9 avian influenza),Influenza (H7N9 avian influenza),Larus fuscus,8915,aves,charadriiformes,laridae,PCR/Sequencing,,,,,FALSE
who_18,Influenza (H7N9 avian influenza),Influenza (H7N9 avian influenza),Larus glaucescens,119606,aves,charadriiformes,laridae,PCR/Sequencing,,,,,FALSE
who_18,Influenza (H7N9 avian influenza),Influenza (H7N9 avian influenza),Larus glaucoides,118194,aves,charadriiformes,laridae,PCR/Sequencing,,,,,FALSE
who_18,Influenza (H7N9 avian influenza),Influenza (H7N9 avian influenza),Larus glaucoides thayeri,126718,,,,PCR/Sequencing,,,,,FALSE
who_18,Influenza (H7N9 avian influenza),Influenza (H7N9 avian influenza),Larus hyperboreus,119637,aves,charadriiformes,laridae,PCR/Sequencing,,,,,FALSE
who_18,Influenza (H7N9 avian influenza),Influenza (H7N9 avian influenza),Larus marinus,8912,aves,charadriiformes,laridae,PCR/Sequencing,,,,,FALSE
who_18,Influenza (H7N9 avian influenza),Influenza (H7N9 avian influenza),Larus michahellis,119627,aves,charadriiformes,laridae,PCR/Sequencing,,,,,FALSE
who_18,Influenza (H7N9 avian influenza),Influenza (H7N9 avian influenza),Larus occidentalis,126713,aves,charadriiformes,laridae,PCR/Sequencing,,,,,FALSE
who_18,Influenza (H7N9 avian influenza),Influenza (H7N9 avian influenza),Larus schistisagus,119607,aves,charadriiformes,laridae,PCR/Sequencing,,,,,FALSE
who_18,Influenza (H7N9 avian influenza),Influenza (H7N9 avian influenza),Larus smithsonianus,243888,aves,charadriiformes,laridae,PCR/Sequencing,,,,,FALSE
who_18,Influenza (H7N9 avian influenza),Influenza (H7N9 avian influenza),Larus vegae,119608,,,,PCR/Sequencing,,,,,FALSE
who_18,Influenza (H7N9 avian influenza),Influenza (H7N9 avian influenza),Leiothrix argentauris,201335,aves,passeriformes,leiotrichidae,PCR/Sequencing,,,,,FALSE
who_18,Influenza (H7N9 avian influenza),Influenza (H7N9 avian influenza),Leiothrix lutea,36275,aves,passeriformes,leiotrichidae,PCR/Sequencing,,,,,FALSE
who_18,Influenza (H7N9 avian influenza),Influenza (H7N9 avian influenza),Leopardus geoffroyi,46844,mammalia,carnivora,felidae,PCR/Sequencing,,,,,FALSE
who_18,Influenza (H7N9 avian influenza),Influenza (H7N9 avian influenza),Leptailurus serval,61405,mammalia,carnivora,felidae,PCR/Sequencing,,,,,FALSE
who_18,Influenza (H7N9 avian influenza),Influenza (H7N9 avian influenza),Leptoptilos crumenifer,3150064,,,,PCR/Sequencing,,,,,FALSE
who_18,Influenza (H7N9 avian influenza),Influenza (H7N9 avian influenza),Leucocarbo bougainvilliorum,146616,,,,PCR/Sequencing,,,,,FALSE
who_18,Influenza (H7N9 avian influenza),Influenza (H7N9 avian influenza),Leucocarbo georgianus,732180,,,,PCR/Sequencing,,,,,FALSE
who_18,Influenza (H7N9 avian influenza),Influenza (H7N9 avian influenza),Leucophaeus atricilla,126679,,,,PCR/Sequencing,,,,,FALSE
who_18,Influenza (H7N9 avian influenza),Influenza (H7N9 avian influenza),Leucophaeus modestus,1471025,,,,PCR/Sequencing,,,,,FALSE
who_18,Influenza (H7N9 avian influenza),Influenza (H7N9 avian influenza),Leucophaeus pipixcan,690715,,,,PCR/Sequencing,,,,,FALSE
who_18,Influenza (H7N9 avian influenza),Influenza (H7N9 avian influenza),Leucophaeus scoresbii,328019,,,,PCR/Sequencing,,,,,FALSE
who_18,Influenza (H7N9 avian influenza),Influenza (H7N9 avian influenza),Limnodromus griseus,279949,aves,charadriiformes,scolopacidae,PCR/Sequencing,,,,,FALSE
who_18,Influenza (H7N9 avian influenza),Influenza (H7N9 avian influenza),Limosa limosa,161680,aves,charadriiformes,scolopacidae,PCR/Sequencing,,,,,FALSE
who_18,Influenza (H7N9 avian influenza),Influenza (H7N9 avian influenza),Linaria flavirostris,90717,aves,passeriformes,fringillidae,PCR/Sequencing,,,,,FALSE
who_18,Influenza (H7N9 avian influenza),Influenza (H7N9 avian influenza),Lonchura atricapilla,1036803,aves,passeriformes,estrildidae,PCR/Sequencing,,,,,FALSE
who_18,Influenza (H7N9 avian influenza),Influenza (H7N9 avian influenza),Lonchura punctulata,414892,aves,passeriformes,estrildidae,PCR/Sequencing,,,,,FALSE
who_18,Influenza (H7N9 avian influenza),Influenza (H7N9 avian influenza),Lonchura striata,40157,aves,passeriformes,estrildidae,PCR/Sequencing,,,,,FALSE
who_18,Influenza (H7N9 avian influenza),Influenza (H7N9 avian influenza),Lontra felina,76718,mammalia,carnivora,mustelidae,PCR/Sequencing,,,,,FALSE
who_18,Influenza (H7N9 avian influenza),Influenza (H7N9 avian influenza),Lontra provocax,366500,mammalia,carnivora,mustelidae,PCR/Sequencing,,,,,FALSE
who_18,Influenza (H7N9 avian influenza),Influenza (H7N9 avian influenza),Lophodytes cucullatus,279951,aves,anseriformes,anatidae,PCR/Sequencing,,,,,FALSE
who_18,Influenza (H7N9 avian influenza),Influenza (H7N9 avian influenza),Lophura ignita,9044,aves,galliformes,phasianidae,PCR/Sequencing,,,,,FALSE
who_18,Influenza (H7N9 avian influenza),Influenza (H7N9 avian influenza),Lophura leucomelanos,140445,aves,galliformes,phasianidae,Isolation/Observation; PCR/Sequencing,,,,,FALSE
who_18,Influenza (H7N9 avian influenza),Influenza (H7N9 avian influenza),Lophura nycthemera,9046,aves,galliformes,phasianidae,PCR/Sequencing,,,,,FALSE
who_18,Influenza (H7N9 avian influenza),Influenza (H7N9 avian influenza),Lynx rufus,61384,mammalia,carnivora,felidae,PCR/Sequencing,,,,,FALSE
who_18,Influenza (H7N9 avian influenza),Influenza (H7N9 avian influenza),Macaca,9549,,,,PCR/Sequencing,,,,,FALSE
who_18,Influenza (H7N9 avian influenza),Influenza (H7N9 avian influenza),Malacorhynchus membranaceus,45646,aves,anseriformes,anatidae,PCR/Sequencing,,,,,FALSE
who_18,Influenza (H7N9 avian influenza),Influenza (H7N9 avian influenza),Mareca americana,75832,aves,anseriformes,anatidae,Isolation/Observation; PCR/Sequencing,,,,,FALSE
who_18,Influenza (H7N9 avian influenza),Influenza (H7N9 avian influenza),Mareca falcata,75844,aves,anseriformes,anatidae,PCR/Sequencing,,,,,FALSE
who_18,Influenza (H7N9 avian influenza),Influenza (H7N9 avian influenza),Mareca penelope,8838,aves,anseriformes,anatidae,Isolation/Observation; PCR/Sequencing,,,,,FALSE
who_18,Influenza (H7N9 avian influenza),Influenza (H7N9 avian influenza),Mareca sibilatrix,75858,aves,anseriformes,anatidae,PCR/Sequencing,,,,,FALSE
who_18,Influenza (H7N9 avian influenza),Influenza (H7N9 avian influenza),Mareca strepera,75861,aves,anseriformes,anatidae,Isolation/Observation; PCR/Sequencing,,,,,FALSE
who_18,Influenza (H7N9 avian influenza),Influenza (H7N9 avian influenza),Marmaronetta angustirostris,75875,aves,anseriformes,anatidae,PCR/Sequencing,,,,,FALSE
who_18,Influenza (H7N9 avian influenza),Influenza (H7N9 avian influenza),Martes foina,9659,mammalia,carnivora,mustelidae,Isolation/Observation; PCR/Sequencing,,,,,FALSE
who_18,Influenza (H7N9 avian influenza),Influenza (H7N9 avian influenza),Megascops choliba,507958,aves,strigiformes,strigidae,PCR/Sequencing,,,,,FALSE
who_18,Influenza (H7N9 avian influenza),Influenza (H7N9 avian influenza),Melanitta americana,1581554,aves,anseriformes,anatidae,PCR/Sequencing,,,,,FALSE
who_18,Influenza (H7N9 avian influenza),Influenza (H7N9 avian influenza),Melanitta fusca,371864,aves,anseriformes,anatidae,PCR/Sequencing,,,,,FALSE
who_18,Influenza (H7N9 avian influenza),Influenza (H7N9 avian influenza),Melanitta nigra,198027,aves,anseriformes,anatidae,PCR/Sequencing,,,,,FALSE
who_18,Influenza (H7N9 avian influenza),Influenza (H7N9 avian influenza),Melanitta perspicillata,371863,aves,anseriformes,anatidae,PCR/Sequencing,,,,,FALSE
who_18,Influenza (H7N9 avian influenza),Influenza (H7N9 avian influenza),Meleagris gallopavo,9103,aves,galliformes,phasianidae,Isolation/Observation; PCR/Sequencing,,,,,FALSE
who_18,Influenza (H7N9 avian influenza),Influenza (H7N9 avian influenza),Meles leucurus,702266,mammalia,carnivora,mustelidae,PCR/Sequencing,,,,,FALSE
who_18,Influenza (H7N9 avian influenza),Influenza (H7N9 avian influenza),Melospiza melodia,44397,aves,passeriformes,passerellidae,PCR/Sequencing,,,,,FALSE
who_18,Influenza (H7N9 avian influenza),Influenza (H7N9 avian influenza),Melursus ursinus,9636,mammalia,carnivora,ursidae,PCR/Sequencing,,,,,FALSE
who_18,Influenza (H7N9 avian influenza),Influenza (H7N9 avian influenza),Mephitis mephitis,30548,mammalia,carnivora,mephitidae,PCR/Sequencing,,,,,FALSE
who_18,Influenza (H7N9 avian influenza),Influenza (H7N9 avian influenza),Mergellus albellus,107026,aves,anseriformes,anatidae,PCR/Sequencing,,,,,FALSE
who_18,Influenza (H7N9 avian influenza),Influenza (H7N9 avian influenza),Mergus merganser,8880,aves,anseriformes,anatidae,PCR/Sequencing,,,,,FALSE
who_18,Influenza (H7N9 avian influenza),Influenza (H7N9 avian influenza),Merops apiaster,265611,aves,coraciiformes,meropidae,PCR/Sequencing,,,,,FALSE
who_18,Influenza (H7N9 avian influenza),Influenza (H7N9 avian influenza),Microcarbo coronatus,1523041,aves,suliformes,phalacrocoracidae,PCR/Sequencing,,,,,FALSE
who_18,Influenza (H7N9 avian influenza),Influenza (H7N9 avian influenza),Microcarbo niger,1517963,aves,suliformes,phalacrocoracidae,PCR/Sequencing,,,,,FALSE
who_18,Influenza (H7N9 avian influenza),Influenza (H7N9 avian influenza),Milvago chimango,357707,,,,PCR/Sequencing,,,,,FALSE
who_18,Influenza (H7N9 avian influenza),Influenza (H7N9 avian influenza),Milvus migrans,52810,aves,accipitriformes,accipitridae,PCR/Sequencing,,,,,FALSE
who_18,Influenza (H7N9 avian influenza),Influenza (H7N9 avian influenza),Mirounga angustirostris,9716,mammalia,carnivora,phocidae,PCR/Sequencing,,,,,FALSE
who_18,Influenza (H7N9 avian influenza),Influenza (H7N9 avian influenza),Mirounga leonina,9715,mammalia,carnivora,phocidae,PCR/Sequencing,,,,,FALSE
who_18,Influenza (H7N9 avian influenza),Influenza (H7N9 avian influenza),Montifringilla henrici,2557930,aves,passeriformes,passeridae,PCR/Sequencing,,,,,FALSE
who_18,Influenza (H7N9 avian influenza),Influenza (H7N9 avian influenza),Morus bassanus,37578,aves,suliformes,sulidae,PCR/Sequencing,,,,,FALSE
who_18,Influenza (H7N9 avian influenza),Influenza (H7N9 avian influenza),Motacilla alba,45807,aves,passeriformes,motacillidae,PCR/Sequencing,,,,,FALSE
who_18,Influenza (H7N9 avian influenza),Influenza (H7N9 avian influenza),Mus musculus,10090,mammalia,rodentia,muridae,PCR/Sequencing,,,,,FALSE
who_18,Influenza (H7N9 avian influenza),Influenza (H7N9 avian influenza),Mustela,30549,,,,PCR/Sequencing,,,,,FALSE
who_18,Influenza (H7N9 avian influenza),Influenza (H7N9 avian influenza),Mustela erminea,36723,mammalia,carnivora,mustelidae,PCR/Sequencing,,,,,FALSE
who_18,Influenza (H7N9 avian influenza),Influenza (H7N9 avian influenza),Mustela lutreola,9666,mammalia,carnivora,mustelidae,PCR/Sequencing,,,,,FALSE
who_18,Influenza (H7N9 avian influenza),Influenza (H7N9 avian influenza),Mustela nigripes,77151,mammalia,carnivora,mustelidae,PCR/Sequencing,,,,,FALSE
who_18,Influenza (H7N9 avian influenza),Influenza (H7N9 avian influenza),Mustela putorius,9668,mammalia,carnivora,mustelidae,PCR/Sequencing,,,,,FALSE
who_18,Influenza (H7N9 avian influenza),Influenza (H7N9 avian influenza),Mustela putorius,9669,mammalia,carnivora,mustelidae,PCR/Sequencing,,,,,FALSE
who_18,Influenza (H7N9 avian influenza),Influenza (H7N9 avian influenza),Myiopsitta monachus,176066,aves,psittaciformes,psittacidae,PCR/Sequencing,,,,,FALSE
who_18,Influenza (H7N9 avian influenza),Influenza (H7N9 avian influenza),Myrmecophaga tridactyla,71006,mammalia,pilosa,myrmecophagidae,PCR/Sequencing,,,,,FALSE
who_18,Influenza (H7N9 avian influenza),Influenza (H7N9 avian influenza),Nannopterum auritum,56069,,,,PCR/Sequencing,,,,,FALSE
who_18,Influenza (H7N9 avian influenza),Influenza (H7N9 avian influenza),Nannopterum brasilianum,37046,,,,PCR/Sequencing,,,,,FALSE
who_18,Influenza (H7N9 avian influenza),Influenza (H7N9 avian influenza),Nasua nasua,9651,mammalia,carnivora,procyonidae,PCR/Sequencing,,,,,FALSE
who_18,Influenza (H7N9 avian influenza),Influenza (H7N9 avian influenza),Necrosyrtes monachus,30399,aves,accipitriformes,accipitridae,PCR/Sequencing,,,,,FALSE
who_18,Influenza (H7N9 avian influenza),Influenza (H7N9 avian influenza),Neofelis nebulosa,61452,mammalia,carnivora,felidae,PCR/Sequencing,,,,,FALSE
who_18,Influenza (H7N9 avian influenza),Influenza (H7N9 avian influenza),Neogale vison,452646,mammalia,carnivora,mustelidae,Isolation/Observation; PCR/Sequencing,,,,,FALSE
who_18,Influenza (H7N9 avian influenza),Influenza (H7N9 avian influenza),Netta peposaca,541013,aves,anseriformes,anatidae,PCR/Sequencing,,,,,FALSE
who_18,Influenza (H7N9 avian influenza),Influenza (H7N9 avian influenza),Netta rufina,30387,aves,anseriformes,anatidae,PCR/Sequencing,,,,,FALSE
who_18,Influenza (H7N9 avian influenza),Influenza (H7N9 avian influenza),Nisaetus cirrhatus,252795,aves,accipitriformes,accipitridae,Isolation/Observation,,,,,FALSE
who_18,Influenza (H7N9 avian influenza),Influenza (H7N9 avian influenza),Nisaetus nipalensis,214438,aves,accipitriformes,accipitridae,PCR/Sequencing,,,,,FALSE
who_18,Influenza (H7N9 avian influenza),Influenza (H7N9 avian influenza),Numenius arquata,31919,aves,charadriiformes,scolopacidae,PCR/Sequencing,,,,,FALSE
who_18,Influenza (H7N9 avian influenza),Influenza (H7N9 avian influenza),Numenius phaeopus,161676,aves,charadriiformes,scolopacidae,PCR/Sequencing,,,,,FALSE
who_18,Influenza (H7N9 avian influenza),Influenza (H7N9 avian influenza),Numida meleagris,8996,aves,galliformes,numididae,Isolation/Observation; PCR/Sequencing,,,,,FALSE
who_18,Influenza (H7N9 avian influenza),Influenza (H7N9 avian influenza),Numididae,8997,,,,PCR/Sequencing,,,,,FALSE
who_18,Influenza (H7N9 avian influenza),Influenza (H7N9 avian influenza),Nyctalus noctula,51300,mammalia,chiroptera,vespertilionidae,Isolation/Observation,,,,,FALSE
who_18,Influenza (H7N9 avian influenza),Influenza (H7N9 avian influenza),Nyctereutes procyonoides,34880,mammalia,carnivora,canidae,PCR/Sequencing,,,,,FALSE
who_18,Influenza (H7N9 avian influenza),Influenza (H7N9 avian influenza),Nycticorax nycticorax,8901,aves,pelecaniformes,ardeidae,PCR/Sequencing,,,,,FALSE
who_18,Influenza (H7N9 avian influenza),Influenza (H7N9 avian influenza),Ochotona curzoniae,130825,mammalia,lagomorpha,ochotonidae,PCR/Sequencing,,,,,FALSE
who_18,Influenza (H7N9 avian influenza),Influenza (H7N9 avian influenza),Oenanthe isabellina,358819,aves,passeriformes,muscicapidae,PCR/Sequencing,,,,,FALSE
who_18,Influenza (H7N9 avian influenza),Influenza (H7N9 avian influenza),Ondatra zibethicus,10060,mammalia,rodentia,cricetidae,PCR/Sequencing,,,,,FALSE
who_18,Influenza (H7N9 avian influenza),Influenza (H7N9 avian influenza),Onychoprion fuscatus,425648,aves,charadriiformes,laridae,PCR/Sequencing,,,,,FALSE
who_18,Influenza (H7N9 avian influenza),Influenza (H7N9 avian influenza),Ortalis vetula,8984,aves,galliformes,cracidae,PCR/Sequencing,,,,,FALSE
who_18,Influenza (H7N9 avian influenza),Influenza (H7N9 avian influenza),Otaria byronia,161932,mammalia,carnivora,otariidae,PCR/Sequencing,,,,,FALSE
who_18,Influenza (H7N9 avian influenza),Influenza (H7N9 avian influenza),Otis tarda,73107,aves,otidiformes,otididae,PCR/Sequencing,,,,,FALSE
who_18,Influenza (H7N9 avian influenza),Influenza (H7N9 avian influenza),Oxyura jamaicensis,8884,aves,anseriformes,anatidae,PCR/Sequencing,,,,,FALSE
who_18,Influenza (H7N9 avian influenza),Influenza (H7N9 avian influenza),Paguma larvata,9675,mammalia,carnivora,viverridae,PCR/Sequencing,,,,,FALSE
who_18,Influenza (H7N9 avian influenza),Influenza (H7N9 avian influenza),Paleosuchus trigonatus,38658,reptilia,crocodylia,alligatoridae,PCR/Sequencing,,,,,FALSE
who_18,Influenza (H7N9 avian influenza),Influenza (H7N9 avian influenza),Pandion haliaetus,56262,aves,accipitriformes,pandionidae,PCR/Sequencing,,,,,FALSE
who_18,Influenza (H7N9 avian influenza),Influenza (H7N9 avian influenza),Panthera leo,9689,mammalia,carnivora,felidae,PCR/Sequencing,,,,,FALSE
who_18,Influenza (H7N9 avian influenza),Influenza (H7N9 avian influenza),Panthera pardus,9691,mammalia,carnivora,felidae,PCR/Sequencing,,,,,FALSE
who_18,Influenza (H7N9 avian influenza),Influenza (H7N9 avian influenza),Panthera tigris,74535,mammalia,carnivora,felidae,PCR/Sequencing,,,,,FALSE
who_18,Influenza (H7N9 avian influenza),Influenza (H7N9 avian influenza),Panthera tigris,9694,mammalia,carnivora,felidae,PCR/Sequencing,,,,,FALSE
who_18,Influenza (H7N9 avian influenza),Influenza (H7N9 avian influenza),Parabuteo unicinctus,223492,aves,accipitriformes,accipitridae,PCR/Sequencing,,,,,FALSE
who_18,Influenza (H7N9 avian influenza),Influenza (H7N9 avian influenza),Parkesia noveboracensis,182947,aves,passeriformes,parulidae,PCR/Sequencing,,,,,FALSE
who_18,Influenza (H7N9 avian influenza),Influenza (H7N9 avian influenza),Parus major,9157,aves,passeriformes,paridae,PCR/Sequencing,,,,,FALSE
who_18,Influenza (H7N9 avian influenza),Influenza (H7N9 avian influenza),Passer domesticus,48849,aves,passeriformes,passeridae,PCR/Sequencing,,,,,FALSE
who_18,Influenza (H7N9 avian influenza),Influenza (H7N9 avian influenza),Passer montanus,9160,aves,passeriformes,passeridae,Isolation/Observation; PCR/Sequencing,,,,,FALSE
who_18,Influenza (H7N9 avian influenza),Influenza (H7N9 avian influenza),Passerella iliaca,44389,aves,passeriformes,passerellidae,PCR/Sequencing,,,,,FALSE
who_18,Influenza (H7N9 avian influenza),Influenza (H7N9 avian influenza),Pavo cristatus,9049,aves,galliformes,phasianidae,PCR/Sequencing,,,,,FALSE
who_18,Influenza (H7N9 avian influenza),Influenza (H7N9 avian influenza),Pavo muticus,9050,aves,galliformes,phasianidae,PCR/Sequencing,,,,,FALSE
who_18,Influenza (H7N9 avian influenza),Influenza (H7N9 avian influenza),Pekania pennanti,76720,,,,PCR/Sequencing,,,,,FALSE
who_18,Influenza (H7N9 avian influenza),Influenza (H7N9 avian influenza),Pelecanus crispus,36300,aves,pelecaniformes,pelecanidae,PCR/Sequencing,,,,,FALSE
who_18,Influenza (H7N9 avian influenza),Influenza (H7N9 avian influenza),Pelecanus erythrorhynchos,33618,aves,pelecaniformes,pelecanidae,PCR/Sequencing,,,,,FALSE
who_18,Influenza (H7N9 avian influenza),Influenza (H7N9 avian influenza),Pelecanus occidentalis,37043,aves,pelecaniformes,pelecanidae,PCR/Sequencing,,,,,FALSE
who_18,Influenza (H7N9 avian influenza),Influenza (H7N9 avian influenza),Pelecanus thagus,1108811,aves,pelecaniformes,pelecanidae,PCR/Sequencing,,,,,FALSE
who_18,Influenza (H7N9 avian influenza),Influenza (H7N9 avian influenza),Phalacrocorax capensis,146614,aves,suliformes,phalacrocoracidae,PCR/Sequencing,,,,,FALSE
who_18,Influenza (H7N9 avian influenza),Influenza (H7N9 avian influenza),Phalacrocorax carbo,9209,aves,suliformes,phalacrocoracidae,Isolation/Observation; PCR/Sequencing,,,,,FALSE
who_18,Influenza (H7N9 avian influenza),Influenza (H7N9 avian influenza),Phalaropus lobatus,240204,,,,PCR/Sequencing,,,,,FALSE
who_18,Influenza (H7N9 avian influenza),Influenza (H7N9 avian influenza),Phasianus colchicus,9054,aves,galliformes,phasianidae,PCR/Sequencing,,,,,FALSE
who_18,Influenza (H7N9 avian influenza),Influenza (H7N9 avian influenza),Phoca vitulina,9720,mammalia,carnivora,phocidae,Isolation/Observation; PCR/Sequencing,,,,,FALSE
who_18,Influenza (H7N9 avian influenza),Influenza (H7N9 avian influenza),Phocoena spinipinnis,27614,mammalia,artiodactyla,phocoenidae,PCR/Sequencing,,,,,FALSE
who_18,Influenza (H7N9 avian influenza),Influenza (H7N9 avian influenza),Phoenicopterus chilensis,117000,aves,phoenicopteriformes,phoenicopteridae,PCR/Sequencing,,,,,FALSE
who_18,Influenza (H7N9 avian influenza),Influenza (H7N9 avian influenza),Phoenicopterus roseus,435638,aves,phoenicopteriformes,phoenicopteridae,PCR/Sequencing,,,,,FALSE
who_18,Influenza (H7N9 avian influenza),Influenza (H7N9 avian influenza),Phoenicopterus ruber,9217,aves,phoenicopteriformes,phoenicopteridae,PCR/Sequencing,,,,,FALSE
who_18,Influenza (H7N9 avian influenza),Influenza (H7N9 avian influenza),Pica hudsonia,158052,aves,passeriformes,corvidae,PCR/Sequencing,,,,,FALSE
who_18,Influenza (H7N9 avian influenza),Influenza (H7N9 avian influenza),Pica pica,34924,aves,passeriformes,corvidae,PCR/Sequencing,,,,,FALSE
who_18,Influenza (H7N9 avian influenza),Influenza (H7N9 avian influenza),Pionus menstruus,13214,aves,psittaciformes,psittacidae,PCR/Sequencing,,,,,FALSE
who_18,Influenza (H7N9 avian influenza),Influenza (H7N9 avian influenza),Pipistrellus kuhlii,59472,mammalia,chiroptera,vespertilionidae,PCR/Sequencing,,,,,FALSE
who_18,Influenza (H7N9 avian influenza),Influenza (H7N9 avian influenza),Piranga ludoviciana,63520,aves,passeriformes,cardinalidae,PCR/Sequencing,,,,,FALSE
who_18,Influenza (H7N9 avian influenza),Influenza (H7N9 avian influenza),Plectropterus gambensis,658924,aves,anseriformes,anatidae,PCR/Sequencing,,,,,FALSE
who_18,Influenza (H7N9 avian influenza),Influenza (H7N9 avian influenza),Plegadis chihi,302533,aves,pelecaniformes,threskiornithidae,PCR/Sequencing,,,,,FALSE
who_18,Influenza (H7N9 avian influenza),Influenza (H7N9 avian influenza),Plegadis falcinellus,52788,aves,pelecaniformes,threskiornithidae,PCR/Sequencing,,,,,FALSE
who_18,Influenza (H7N9 avian influenza),Influenza (H7N9 avian influenza),Pluvialis dominica,240205,aves,charadriiformes,charadriidae,PCR/Sequencing,,,,,FALSE
who_18,Influenza (H7N9 avian influenza),Influenza (H7N9 avian influenza),Pluvialis fulva,371922,aves,charadriiformes,charadriidae,PCR/Sequencing,,,,,FALSE
who_18,Influenza (H7N9 avian influenza),Influenza (H7N9 avian influenza),Pluvialis squatarola,171273,aves,charadriiformes,charadriidae,PCR/Sequencing,,,,,FALSE
who_18,Influenza (H7N9 avian influenza),Influenza (H7N9 avian influenza),Podargus strigoides,8905,aves,caprimulgiformes,podargidae,PCR/Sequencing,,,,,FALSE
who_18,Influenza (H7N9 avian influenza),Influenza (H7N9 avian influenza),Podiceps auritus,37050,aves,podicipediformes,podicipedidae,PCR/Sequencing,,,,,FALSE
who_18,Influenza (H7N9 avian influenza),Influenza (H7N9 avian influenza),Podiceps cristatus,345573,aves,podicipediformes,podicipedidae,PCR/Sequencing,,,,,FALSE
who_18,Influenza (H7N9 avian influenza),Influenza (H7N9 avian influenza),Podiceps grisegena,80367,aves,podicipediformes,podicipedidae,PCR/Sequencing,,,,,FALSE
who_18,Influenza (H7N9 avian influenza),Influenza (H7N9 avian influenza),Podiceps major,555330,aves,podicipediformes,podicipedidae,PCR/Sequencing,,,,,FALSE
who_18,Influenza (H7N9 avian influenza),Influenza (H7N9 avian influenza),Polysticta stelleri,234623,aves,anseriformes,anatidae,PCR/Sequencing,,,,,FALSE
who_18,Influenza (H7N9 avian influenza),Influenza (H7N9 avian influenza),Procellaria aequinoctialis,53665,aves,procellariiformes,procellariidae,PCR/Sequencing,,,,,FALSE
who_18,Influenza (H7N9 avian influenza),Influenza (H7N9 avian influenza),Procyon lotor,9654,mammalia,carnivora,procyonidae,PCR/Sequencing,,,,,FALSE
who_18,Influenza (H7N9 avian influenza),Influenza (H7N9 avian influenza),Pteropus alecto,9402,mammalia,chiroptera,pteropodidae,PCR/Sequencing,,,,,FALSE
who_18,Influenza (H7N9 avian influenza),Influenza (H7N9 avian influenza),Puma concolor,9696,mammalia,carnivora,felidae,PCR/Sequencing,,,,,FALSE
who_18,Influenza (H7N9 avian influenza),Influenza (H7N9 avian influenza),Pusa caspica,693431,mammalia,carnivora,phocidae,PCR/Sequencing,,,,,FALSE
who_18,Influenza (H7N9 avian influenza),Influenza (H7N9 avian influenza),Pygoscelis adeliae,9238,aves,sphenisciformes,spheniscidae,PCR/Sequencing,,,,,FALSE
who_18,Influenza (H7N9 avian influenza),Influenza (H7N9 avian influenza),Pygoscelis antarcticus,79643,aves,sphenisciformes,spheniscidae,PCR/Sequencing,,,,,FALSE
who_18,Influenza (H7N9 avian influenza),Influenza (H7N9 avian influenza),Pygoscelis papua,30457,aves,sphenisciformes,spheniscidae,PCR/Sequencing,,,,,FALSE
who_18,Influenza (H7N9 avian influenza),Influenza (H7N9 avian influenza),Quiscalus mexicanus,64278,aves,passeriformes,icteridae,PCR/Sequencing,,,,,FALSE
who_18,Influenza (H7N9 avian influenza),Influenza (H7N9 avian influenza),Quiscalus quiscula,84782,aves,passeriformes,icteridae,PCR/Sequencing,,,,,FALSE
who_18,Influenza (H7N9 avian influenza),Influenza (H7N9 avian influenza),Rattus norvegicus,10116,mammalia,rodentia,muridae,PCR/Sequencing,,,,,FALSE
who_18,Influenza (H7N9 avian influenza),Influenza (H7N9 avian influenza),Regulus satrapa,13245,aves,passeriformes,regulidae,PCR/Sequencing,,,,,FALSE
who_18,Influenza (H7N9 avian influenza),Influenza (H7N9 avian influenza),Rhynchotus rufescens,30466,aves,struthioniformes,tinamidae,PCR/Sequencing,,,,,FALSE
who_18,Influenza (H7N9 avian influenza),Influenza (H7N9 avian influenza),Rissa tridactyla,75485,aves,charadriiformes,laridae,PCR/Sequencing,,,,,FALSE
who_18,Influenza (H7N9 avian influenza),Influenza (H7N9 avian influenza),Rousettus aegyptiacus,9407,mammalia,chiroptera,pteropodidae,PCR/Sequencing,,,,,FALSE
who_18,Influenza (H7N9 avian influenza),Influenza (H7N9 avian influenza),Rousettus amplexicaudatus,58083,mammalia,chiroptera,pteropodidae,PCR/Sequencing,,,,,FALSE
who_18,Influenza (H7N9 avian influenza),Influenza (H7N9 avian influenza),Rynchops niger,227184,aves,charadriiformes,laridae,PCR/Sequencing,,,,,FALSE
who_18,Influenza (H7N9 avian influenza),Influenza (H7N9 avian influenza),Sarkidiornis sylvicola,1577981,aves,anseriformes,anatidae,PCR/Sequencing,,,,,FALSE
who_18,Influenza (H7N9 avian influenza),Influenza (H7N9 avian influenza),Saxicola torquatus,230656,aves,passeriformes,muscicapidae,PCR/Sequencing,,,,,FALSE
who_18,Influenza (H7N9 avian influenza),Influenza (H7N9 avian influenza),Scolopax minor,56299,aves,charadriiformes,scolopacidae,PCR/Sequencing,,,,,FALSE
who_18,Influenza (H7N9 avian influenza),Influenza (H7N9 avian influenza),Scolopax rusticola,100826,aves,charadriiformes,scolopacidae,PCR/Sequencing,,,,,FALSE
who_18,Influenza (H7N9 avian influenza),Influenza (H7N9 avian influenza),Setophaga auduboni,1037455,aves,passeriformes,parulidae,PCR/Sequencing,,,,,FALSE
who_18,Influenza (H7N9 avian influenza),Influenza (H7N9 avian influenza),Sibirionetta formosa,56278,aves,anseriformes,anatidae,PCR/Sequencing,,,,,FALSE
who_18,Influenza (H7N9 avian influenza),Influenza (H7N9 avian influenza),Somateria fischeri,50367,aves,anseriformes,anatidae,PCR/Sequencing,,,,,FALSE
who_18,Influenza (H7N9 avian influenza),Influenza (H7N9 avian influenza),Somateria mollissima,76058,aves,anseriformes,anatidae,PCR/Sequencing,,,,,FALSE
who_18,Influenza (H7N9 avian influenza),Influenza (H7N9 avian influenza),Somateria spectabilis,203439,aves,anseriformes,anatidae,PCR/Sequencing,,,,,FALSE
who_18,Influenza (H7N9 avian influenza),Influenza (H7N9 avian influenza),Spatula clypeata,75838,aves,anseriformes,anatidae,Isolation/Observation; PCR/Sequencing,,,,,FALSE
who_18,Influenza (H7N9 avian influenza),Influenza (H7N9 avian influenza),Spatula cyanoptera,75840,aves,anseriformes,anatidae,PCR/Sequencing,,,,,FALSE
who_18,Influenza (H7N9 avian influenza),Influenza (H7N9 avian influenza),Spatula discors,75842,aves,anseriformes,anatidae,Isolation/Observation; PCR/Sequencing,,,,,FALSE
who_18,Influenza (H7N9 avian influenza),Influenza (H7N9 avian influenza),Spatula platalea,75853,aves,anseriformes,anatidae,PCR/Sequencing,,,,,FALSE
who_18,Influenza (H7N9 avian influenza),Influenza (H7N9 avian influenza),Spatula querquedula,75856,aves,anseriformes,anatidae,PCR/Sequencing,,,,,FALSE
who_18,Influenza (H7N9 avian influenza),Influenza (H7N9 avian influenza),Spatula versicolor,75863,aves,anseriformes,anatidae,PCR/Sequencing,,,,,FALSE
who_18,Influenza (H7N9 avian influenza),Influenza (H7N9 avian influenza),Spheniscus demersus,92683,aves,sphenisciformes,spheniscidae,PCR/Sequencing,,,,,FALSE
who_18,Influenza (H7N9 avian influenza),Influenza (H7N9 avian influenza),Spheniscus humboldti,9240,aves,sphenisciformes,spheniscidae,PCR/Sequencing,,,,,FALSE
who_18,Influenza (H7N9 avian influenza),Influenza (H7N9 avian influenza),Spilopelia chinensis,115700,aves,columbiformes,columbidae,PCR/Sequencing,,,,,FALSE
who_18,Influenza (H7N9 avian influenza),Influenza (H7N9 avian influenza),Spodiopsar sericeus,3151063,aves,passeriformes,sturnidae,PCR/Sequencing,,,,,FALSE
who_18,Influenza (H7N9 avian influenza),Influenza (H7N9 avian influenza),Stercorarius antarcticus,54054,,,,PCR/Sequencing,,,,,FALSE
who_18,Influenza (H7N9 avian influenza),Influenza (H7N9 avian influenza),Stercorarius maccormicki,395889,,,,PCR/Sequencing,,,,,FALSE
who_18,Influenza (H7N9 avian influenza),Influenza (H7N9 avian influenza),Sterna hirundinacea,227186,aves,charadriiformes,laridae,PCR/Sequencing,,,,,FALSE
who_18,Influenza (H7N9 avian influenza),Influenza (H7N9 avian influenza),Sterna hirundo,108405,aves,charadriiformes,laridae,Isolation/Observation; PCR/Sequencing,,,,,FALSE
who_18,Influenza (H7N9 avian influenza),Influenza (H7N9 avian influenza),Sterna paradisaea,279953,aves,charadriiformes,laridae,PCR/Sequencing,,,,,FALSE
who_18,Influenza (H7N9 avian influenza),Influenza (H7N9 avian influenza),Sterna vittata,297828,aves,charadriiformes,laridae,PCR/Sequencing,,,,,FALSE
who_18,Influenza (H7N9 avian influenza),Influenza (H7N9 avian influenza),Sternula albifrons,507597,aves,charadriiformes,laridae,PCR/Sequencing,,,,,FALSE
who_18,Influenza (H7N9 avian influenza),Influenza (H7N9 avian influenza),Streptopelia decaocto,177147,aves,columbiformes,columbidae,PCR/Sequencing,,,,,FALSE
who_18,Influenza (H7N9 avian influenza),Influenza (H7N9 avian influenza),Strix aluco,111821,aves,strigiformes,strigidae,PCR/Sequencing,,,,,FALSE
who_18,Influenza (H7N9 avian influenza),Influenza (H7N9 avian influenza),Strix nebulosa,126836,aves,strigiformes,strigidae,PCR/Sequencing,,,,,FALSE
who_18,Influenza (H7N9 avian influenza),Influenza (H7N9 avian influenza),Strix uralensis,36305,aves,strigiformes,strigidae,PCR/Sequencing,,,,,FALSE
who_18,Influenza (H7N9 avian influenza),Influenza (H7N9 avian influenza),Struthio camelus,8801,aves,struthioniformes,struthionidae,Isolation/Observation; PCR/Sequencing,,,,,FALSE
who_18,Influenza (H7N9 avian influenza),Influenza (H7N9 avian influenza),Sturnira lilium,27660,mammalia,chiroptera,phyllostomidae,PCR/Sequencing,,,,,FALSE
who_18,Influenza (H7N9 avian influenza),Influenza (H7N9 avian influenza),Sturnus vulgaris,9172,aves,passeriformes,sturnidae,PCR/Sequencing,,,,,FALSE
who_18,Influenza (H7N9 avian influenza),Influenza (H7N9 avian influenza),Sula leucogaster,57661,aves,suliformes,sulidae,PCR/Sequencing,,,,,FALSE
who_18,Influenza (H7N9 avian influenza),Influenza (H7N9 avian influenza),Sula variegata,57663,aves,suliformes,sulidae,PCR/Sequencing,,,,,FALSE
who_18,Influenza (H7N9 avian influenza),Influenza (H7N9 avian influenza),Suncus murinus,9378,mammalia,eulipotyphla,soricidae,PCR/Sequencing,,,,,FALSE
who_18,Influenza (H7N9 avian influenza),Influenza (H7N9 avian influenza),Suricata suricatta,37032,mammalia,carnivora,herpestidae,PCR/Sequencing,,,,,FALSE
who_18,Influenza (H7N9 avian influenza),Influenza (H7N9 avian influenza),Sus scrofa,415978,mammalia,artiodactyla,suidae,PCR/Sequencing,,,,,FALSE
who_18,Influenza (H7N9 avian influenza),Influenza (H7N9 avian influenza),Sus scrofa,9823,mammalia,artiodactyla,suidae,Isolation/Observation; PCR/Sequencing,,,,,FALSE
who_18,Influenza (H7N9 avian influenza),Influenza (H7N9 avian influenza),Sus scrofa,9825,mammalia,artiodactyla,suidae,PCR/Sequencing,,,,,FALSE
who_18,Influenza (H7N9 avian influenza),Influenza (H7N9 avian influenza),Syrrhaptes paradoxus,302527,aves,pterocliformes,pteroclidae,PCR/Sequencing,,,,,FALSE
who_18,Influenza (H7N9 avian influenza),Influenza (H7N9 avian influenza),Tachybaptus ruficollis,100828,aves,podicipediformes,podicipedidae,PCR/Sequencing,,,,,FALSE
who_18,Influenza (H7N9 avian influenza),Influenza (H7N9 avian influenza),Tadorna ferruginea,45639,aves,anseriformes,anatidae,Isolation/Observation; PCR/Sequencing,,,,,FALSE
who_18,Influenza (H7N9 avian influenza),Influenza (H7N9 avian influenza),Tadorna tadorna,75865,aves,anseriformes,anatidae,Isolation/Observation; PCR/Sequencing,,,,,FALSE
who_18,Influenza (H7N9 avian influenza),Influenza (H7N9 avian influenza),Tadorna tadornoides,45638,aves,anseriformes,anatidae,PCR/Sequencing,,,,,FALSE
who_18,Influenza (H7N9 avian influenza),Influenza (H7N9 avian influenza),Taphozous perforatus,1381355,mammalia,chiroptera,emballonuridae,PCR/Sequencing,,,,,FALSE
who_18,Influenza (H7N9 avian influenza),Influenza (H7N9 avian influenza),Thalasseus elegans,297817,aves,charadriiformes,laridae,PCR/Sequencing,,,,,FALSE
who_18,Influenza (H7N9 avian influenza),Influenza (H7N9 avian influenza),Thalasseus maximus,555356,aves,charadriiformes,laridae,PCR/Sequencing,,,,,FALSE
who_18,Influenza (H7N9 avian influenza),Influenza (H7N9 avian influenza),Thalasseus sandvicensis,126723,aves,charadriiformes,laridae,PCR/Sequencing,,,,,FALSE
who_18,Influenza (H7N9 avian influenza),Influenza (H7N9 avian influenza),Threskiornis aethiopicus,100858,aves,pelecaniformes,threskiornithidae,PCR/Sequencing,,,,,FALSE
who_18,Influenza (H7N9 avian influenza),Influenza (H7N9 avian influenza),Thryomanes bewickii,241536,aves,passeriformes,troglodytidae,PCR/Sequencing,,,,,FALSE
who_18,Influenza (H7N9 avian influenza),Influenza (H7N9 avian influenza),Tringa glareola,171269,aves,charadriiformes,scolopacidae,PCR/Sequencing,,,,,FALSE
who_18,Influenza (H7N9 avian influenza),Influenza (H7N9 avian influenza),Tringa semipalmata,507600,aves,charadriiformes,scolopacidae,PCR/Sequencing,,,,,FALSE
who_18,Influenza (H7N9 avian influenza),Influenza (H7N9 avian influenza),Tringa totanus,171271,aves,charadriiformes,scolopacidae,PCR/Sequencing,,,,,FALSE
who_18,Influenza (H7N9 avian influenza),Influenza (H7N9 avian influenza),Turdus merula,9187,aves,passeriformes,turdidae,PCR/Sequencing,,,,,FALSE
who_18,Influenza (H7N9 avian influenza),Influenza (H7N9 avian influenza),Turdus migratorius,9188,aves,passeriformes,turdidae,PCR/Sequencing,,,,,FALSE
who_18,Influenza (H7N9 avian influenza),Influenza (H7N9 avian influenza),Turdus pilaris,357736,aves,passeriformes,turdidae,PCR/Sequencing,,,,,FALSE
who_18,Influenza (H7N9 avian influenza),Influenza (H7N9 avian influenza),Tursiops truncatus,9739,mammalia,artiodactyla,delphinidae,PCR/Sequencing,,,,,FALSE
who_18,Influenza (H7N9 avian influenza),Influenza (H7N9 avian influenza),Tyto alba,56313,aves,strigiformes,tytonidae,PCR/Sequencing,,,,,FALSE
who_18,Influenza (H7N9 avian influenza),Influenza (H7N9 avian influenza),Tyto furcata,507989,,,,PCR/Sequencing,,,,,FALSE
who_18,Influenza (H7N9 avian influenza),Influenza (H7N9 avian influenza),Uria aalge,13746,aves,charadriiformes,alcidae,PCR/Sequencing,,,,,FALSE
who_18,Influenza (H7N9 avian influenza),Influenza (H7N9 avian influenza),Uria lomvia,28711,aves,charadriiformes,alcidae,PCR/Sequencing,,,,,FALSE
who_18,Influenza (H7N9 avian influenza),Influenza (H7N9 avian influenza),Urocissa erythroryncha,56796,aves,passeriformes,corvidae,PCR/Sequencing,,,,,FALSE
who_18,Influenza (H7N9 avian influenza),Influenza (H7N9 avian influenza),Ursus americanus,9643,mammalia,carnivora,ursidae,PCR/Sequencing,,,,,FALSE
who_18,Influenza (H7N9 avian influenza),Influenza (H7N9 avian influenza),Ursus arctos,9644,mammalia,carnivora,ursidae,PCR/Sequencing,,,,,FALSE
who_18,Influenza (H7N9 avian influenza),Influenza (H7N9 avian influenza),Ursus maritimus,29073,mammalia,carnivora,ursidae,PCR/Sequencing,,,,,FALSE
who_18,Influenza (H7N9 avian influenza),Influenza (H7N9 avian influenza),Vanellus chilensis,50404,aves,charadriiformes,charadriidae,PCR/Sequencing,,,,,FALSE
who_18,Influenza (H7N9 avian influenza),Influenza (H7N9 avian influenza),Vanellus spinosus,8909,aves,charadriiformes,charadriidae,PCR/Sequencing,,,,,FALSE
who_18,Influenza (H7N9 avian influenza),Influenza (H7N9 avian influenza),Vanellus vanellus,100859,aves,charadriiformes,charadriidae,PCR/Sequencing,,,,,FALSE
who_18,Influenza (H7N9 avian influenza),Influenza (H7N9 avian influenza),Vicugna pacos,30538,,,,PCR/Sequencing,,,,,FALSE
who_18,Influenza (H7N9 avian influenza),Influenza (H7N9 avian influenza),Vulpes vulpes,9627,mammalia,carnivora,canidae,PCR/Sequencing,,,,,FALSE
who_18,Influenza (H7N9 avian influenza),Influenza (H7N9 avian influenza),Xema sabini,128050,aves,charadriiformes,laridae,PCR/Sequencing,,,,,FALSE
who_18,Influenza (H7N9 avian influenza),Influenza (H7N9 avian influenza),Zalophus californianus,9704,mammalia,carnivora,otariidae,PCR/Sequencing,,,,,FALSE
who_18,Influenza (H7N9 avian influenza),Influenza (H7N9 avian influenza),Zenaida asiatica,93382,aves,columbiformes,columbidae,PCR/Sequencing,,,,,FALSE
who_18,Influenza (H7N9 avian influenza),Influenza (H7N9 avian influenza),Zoothera dauma,36288,aves,passeriformes,turdidae,PCR/Sequencing,,,,,FALSE
who_18,Influenza (H7N9 avian influenza),Influenza (H7N9 avian influenza),Zosterops japonicus,36299,aves,passeriformes,zosteropidae,PCR/Sequencing,,,,,FALSE
who_18,Influenza (H7N9 avian influenza),Influenza (H7N9 avian influenza),actitis hypoleucos,320702,,,,PCR/Sequencing,,,,,FALSE
who_18,Influenza (H7N9 avian influenza),Influenza (H7N9 avian influenza),anarhynchus collaris,50395,,,,PCR/Sequencing,,,,,FALSE
who_18,Influenza (H7N9 avian influenza),Influenza (H7N9 avian influenza),anarhynchus nivosus,985688,,,,PCR/Sequencing,,,,,FALSE
who_18,Influenza (H7N9 avian influenza),Influenza (H7N9 avian influenza),anourosorex squamipes,127560,,,,PCR/Sequencing,,,,,FALSE
who_18,Influenza (H7N9 avian influenza),Influenza (H7N9 avian influenza),anous stolidus,297802,,,,PCR/Sequencing,,,,,FALSE
who_18,Influenza (H7N9 avian influenza),Influenza (H7N9 avian influenza),aptenodytes patagonicus,9234,,,,PCR/Sequencing,,,,,FALSE
who_18,Influenza (H7N9 avian influenza),Influenza (H7N9 avian influenza),chloris sinica,1897774,,,,PCR/Sequencing,,,,,FALSE
who_18,Influenza (H7N9 avian influenza),Influenza (H7N9 avian influenza),crocidura lasiura,167043,,,,PCR/Sequencing,,,,,FALSE
who_18,Influenza (H7N9 avian influenza),Influenza (H7N9 avian influenza),crocidura shantungensis,183721,,,,PCR/Sequencing,,,,,FALSE
who_18,Influenza (H7N9 avian influenza),Influenza (H7N9 avian influenza),furnarius rufus,81886,,,,PCR/Sequencing,,,,,FALSE
who_18,Influenza (H7N9 avian influenza),Influenza (H7N9 avian influenza),grus americana,9117,,,,PCR/Sequencing,,,,,FALSE
who_18,Influenza (H7N9 avian influenza),Influenza (H7N9 avian influenza),larus brachyrhynchus,666865,,,,PCR/Sequencing,,,,,FALSE
who_18,Influenza (H7N9 avian influenza),Influenza (H7N9 avian influenza),larus mongolicus,119967,,,,PCR/Sequencing,,,,,FALSE
who_18,Influenza (H7N9 avian influenza),Influenza (H7N9 avian influenza),larus sp.,3435965,,,,PCR/Sequencing,,,,,FALSE
who_18,Influenza (H7N9 avian influenza),Influenza (H7N9 avian influenza),lobodon carcinophaga,101849,,,,PCR/Sequencing,,,,,FALSE
who_18,Influenza (H7N9 avian influenza),Influenza (H7N9 avian influenza),macronectes giganteus,37057,,,,PCR/Sequencing,,,,,FALSE
who_18,Influenza (H7N9 avian influenza),Influenza (H7N9 avian influenza),milvus milvus,43518,,,,PCR/Sequencing,,,,,FALSE
who_18,Influenza (H7N9 avian influenza),Influenza (H7N9 avian influenza),spilopelia senegalensis,135635,,,,PCR/Sequencing,,,,,FALSE
who_18,Influenza (H7N9 avian influenza),Influenza (H7N9 avian influenza),stercorarius antarcticus,555350,,,,PCR/Sequencing,,,,,FALSE
who_18,Influenza (H7N9 avian influenza),Influenza (H7N9 avian influenza),stercorarius chilensis,54052,,,,PCR/Sequencing,,,,,FALSE
who_18,Influenza (H7N9 avian influenza),Influenza (H7N9 avian influenza),theristicus caudatus,399597,,,,PCR/Sequencing,,,,,FALSE
who_18,Influenza (H7N9 avian influenza),Influenza (H7N9 avian influenza),ursus sp.,9641,,,,PCR/Sequencing,,,,,FALSE
who_8,Hemorrhagic fever with renal syndrome (Hantaan virus),Hemorrhagic fever with renal syndrome (Hantaan virus),Alexandromys fortis,100897,mammalia,rodentia,cricetidae,PCR/Sequencing,Orthohantavirus hantanense,TRUE,TRUE,FALSE,FALSE
who_8,Hemorrhagic fever with renal syndrome (Hantaan virus),Hemorrhagic fever with renal syndrome (Hantaan virus),Apodemus agrarius,39030,mammalia,rodentia,muridae,Isolation/Observation; PCR/Sequencing,Orthohantavirus hantanense,TRUE,TRUE,FALSE,FALSE
who_8,Hemorrhagic fever with renal syndrome (Hantaan virus),Hemorrhagic fever with renal syndrome (Hantaan virus),Apodemus chejuensis,754351,,,,PCR/Sequencing,Orthohantavirus hantanense,TRUE,TRUE,FALSE,FALSE
who_8,Hemorrhagic fever with renal syndrome (Hantaan virus),Hemorrhagic fever with renal syndrome (Hantaan virus),Apodemus peninsulae,105297,mammalia,rodentia,muridae,Isolation/Observation; PCR/Sequencing,Orthohantavirus hantanense,TRUE,TRUE,FALSE,FALSE
who_8,Hemorrhagic fever with renal syndrome (Hantaan virus),Hemorrhagic fever with renal syndrome (Hantaan virus),Clethrionomys rutilus,537920,mammalia,rodentia,cricetidae,PCR/Sequencing,Orthohantavirus hantanense,TRUE,TRUE,FALSE,FALSE
who_8,Hemorrhagic fever with renal syndrome (Hantaan virus),Hemorrhagic fever with renal syndrome (Hantaan virus),Cnephaeus,3371021,,,,Isolation/Observation,Orthohantavirus hantanense,TRUE,TRUE,FALSE,FALSE
who_8,Hemorrhagic fever with renal syndrome (Hantaan virus),Hemorrhagic fever with renal syndrome (Hantaan virus),Cricetulus barabensis,10029,,,,PCR/Sequencing,Orthohantavirus hantanense,TRUE,TRUE,FALSE,FALSE
who_8,Hemorrhagic fever with renal syndrome (Hantaan virus),Hemorrhagic fever with renal syndrome (Hantaan virus),Crocidura russula,36802,mammalia,eulipotyphla,soricidae,PCR/Sequencing,Orthohantavirus hantanense,TRUE,TRUE,FALSE,FALSE
who_8,Hemorrhagic fever with renal syndrome (Hantaan virus),Hemorrhagic fever with renal syndrome (Hantaan virus),Homo sapiens,9606,,,,Isolation/Observation; PCR/Sequencing,Orthohantavirus hantanense,TRUE,TRUE,FALSE,FALSE
who_8,Hemorrhagic fever with renal syndrome (Hantaan virus),Hemorrhagic fever with renal syndrome (Hantaan virus),Micromys minutus,13151,mammalia,rodentia,muridae,PCR/Sequencing,Orthohantavirus hantanense,TRUE,TRUE,FALSE,FALSE
who_8,Hemorrhagic fever with renal syndrome (Hantaan virus),Hemorrhagic fever with renal syndrome (Hantaan virus),Mus musculus,10090,mammalia,rodentia,muridae,PCR/Sequencing,Orthohantavirus hantanense,TRUE,TRUE,FALSE,FALSE
who_8,Hemorrhagic fever with renal syndrome (Hantaan virus),Hemorrhagic fever with renal syndrome (Hantaan virus),Myospalax psilurus,146129,mammalia,rodentia,spalacidae,PCR/Sequencing,Orthohantavirus hantanense,TRUE,TRUE,FALSE,FALSE
who_8,Hemorrhagic fever with renal syndrome (Hantaan virus),Hemorrhagic fever with renal syndrome (Hantaan virus),Niviventer,1571109,,,,PCR/Sequencing,Orthohantavirus hantanense,TRUE,TRUE,FALSE,FALSE
who_8,Hemorrhagic fever with renal syndrome (Hantaan virus),Hemorrhagic fever with renal syndrome (Hantaan virus),Niviventer confucianus,248811,mammalia,rodentia,muridae,Isolation/Observation; PCR/Sequencing,Orthohantavirus hantanense,TRUE,TRUE,FALSE,FALSE
who_8,Hemorrhagic fever with renal syndrome (Hantaan virus),Hemorrhagic fever with renal syndrome (Hantaan virus),Rattus losea,69075,mammalia,rodentia,muridae,PCR/Sequencing,Orthohantavirus hantanense,TRUE,TRUE,FALSE,FALSE
who_8,Hemorrhagic fever with renal syndrome (Hantaan virus),Hemorrhagic fever with renal syndrome (Hantaan virus),Rattus nitidus,508668,mammalia,rodentia,muridae,Isolation/Observation; PCR/Sequencing,Orthohantavirus hantanense,TRUE,TRUE,FALSE,FALSE
who_8,Hemorrhagic fever with renal syndrome (Hantaan virus),Hemorrhagic fever with renal syndrome (Hantaan virus),Rattus norvegicus,10116,mammalia,rodentia,muridae,Isolation/Observation; PCR/Sequencing,Orthohantavirus hantanense,TRUE,TRUE,FALSE,FALSE
who_8,Hemorrhagic fever with renal syndrome (Hantaan virus),Hemorrhagic fever with renal syndrome (Hantaan virus),Rattus rattus,10117,mammalia,rodentia,muridae,Isolation/Observation,Orthohantavirus hantanense,TRUE,TRUE,FALSE,FALSE
who_8,Hemorrhagic fever with renal syndrome (Hantaan virus),Hemorrhagic fever with renal syndrome (Hantaan virus),Rattus tanezumi,35732,mammalia,rodentia,muridae,PCR/Sequencing,Orthohantavirus hantanense,TRUE,TRUE,FALSE,FALSE
who_8,Hemorrhagic fever with renal syndrome (Hantaan virus),Hemorrhagic fever with renal syndrome (Hantaan virus),Rhinolophus ferrumequinum,59479,mammalia,chiroptera,rhinolophidae,Isolation/Observation; PCR/Sequencing,Orthohantavirus hantanense,TRUE,TRUE,FALSE,FALSE
who_8,Hemorrhagic fever with renal syndrome (Hantaan virus),Hemorrhagic fever with renal syndrome (Hantaan virus),Tscherskia triton,329627,mammalia,rodentia,cricetidae,PCR/Sequencing,Orthohantavirus hantanense,TRUE,TRUE,FALSE,FALSE
master_15,Mpox (Monkeypox),Mpox (Monkeypox),Callithrix jacchus,9483,mammalia,primates,callitrichidae,PCR/Sequencing,Orthopoxvirus monkeypox,TRUE,TRUE,TRUE,FALSE
master_15,Mpox (Monkeypox),Mpox (Monkeypox),Canis lupus,9615,mammalia,carnivora,canidae,PCR/Sequencing,Orthopoxvirus monkeypox,TRUE,TRUE,TRUE,FALSE
master_15,Mpox (Monkeypox),Mpox (Monkeypox),Cercocebus atys,9531,mammalia,primates,cercopithecidae,PCR/Sequencing,Orthopoxvirus monkeypox,TRUE,TRUE,TRUE,FALSE
master_15,Mpox (Monkeypox),Mpox (Monkeypox),Cercopithecus ascanius,36223,mammalia,primates,cercopithecidae,PCR/Sequencing,Orthopoxvirus monkeypox,TRUE,TRUE,TRUE,FALSE
master_15,Mpox (Monkeypox),Mpox (Monkeypox),Cricetomys gambianus,10085,mammalia,rodentia,nesomyidae,PCR/Sequencing,Orthopoxvirus monkeypox,TRUE,TRUE,TRUE,FALSE
master_15,Mpox (Monkeypox),Mpox (Monkeypox),Cynomys ludovicianus,45480,mammalia,rodentia,sciuridae,PCR/Sequencing,Orthopoxvirus monkeypox,TRUE,TRUE,TRUE,FALSE
master_15,Mpox (Monkeypox),Mpox (Monkeypox),Didelphis marsupialis,9268,mammalia,didelphimorphia,didelphidae,Isolation/Observation,Orthopoxvirus monkeypox,TRUE,TRUE,TRUE,FALSE
master_15,Mpox (Monkeypox),Mpox (Monkeypox),Funisciurus anerythrus,1235483,mammalia,rodentia,sciuridae,Isolation/Observation; PCR/Sequencing,Orthopoxvirus monkeypox,TRUE,TRUE,TRUE,FALSE
master_15,Mpox (Monkeypox),Mpox (Monkeypox),Homo sapiens,9606,,,,Isolation/Observation; PCR/Sequencing,Orthopoxvirus monkeypox,TRUE,TRUE,TRUE,FALSE
master_15,Mpox (Monkeypox),Mpox (Monkeypox),Hylobates lar,9580,mammalia,primates,hylobatidae,PCR/Sequencing,Orthopoxvirus monkeypox,TRUE,TRUE,TRUE,FALSE
master_15,Mpox (Monkeypox),Mpox (Monkeypox),Macaca fascicularis,9541,mammalia,primates,cercopithecidae,PCR/Sequencing,Orthopoxvirus monkeypox,TRUE,TRUE,TRUE,FALSE
master_15,Mpox (Monkeypox),Mpox (Monkeypox),Macaca mulatta,9544,mammalia,primates,cercopithecidae,PCR/Sequencing,Orthopoxvirus monkeypox,TRUE,TRUE,TRUE,FALSE
master_15,Mpox (Monkeypox),Mpox (Monkeypox),Marmota monax,9995,mammalia,rodentia,sciuridae,PCR/Sequencing,Orthopoxvirus monkeypox,TRUE,TRUE,TRUE,FALSE
master_15,Mpox (Monkeypox),Mpox (Monkeypox),Monodelphis domestica,13616,mammalia,didelphimorphia,didelphidae,PCR/Sequencing,Orthopoxvirus monkeypox,TRUE,TRUE,TRUE,FALSE
master_15,Mpox (Monkeypox),Mpox (Monkeypox),Myrmecophaga tridactyla,71006,mammalia,pilosa,myrmecophagidae,Isolation/Observation; PCR/Sequencing,Orthopoxvirus monkeypox,TRUE,TRUE,TRUE,FALSE
master_15,Mpox (Monkeypox),Mpox (Monkeypox),Pan troglodytes,37012,mammalia,primates,hominidae,PCR/Sequencing,Orthopoxvirus monkeypox,TRUE,TRUE,TRUE,FALSE
master_15,Mpox (Monkeypox),Mpox (Monkeypox),Pan troglodytes,9598,mammalia,primates,hominidae,PCR/Sequencing,Orthopoxvirus monkeypox,TRUE,TRUE,TRUE,FALSE
master_15,Mpox (Monkeypox),Mpox (Monkeypox),Saimiri sciureus,9521,mammalia,primates,cebidae,PCR/Sequencing,Orthopoxvirus monkeypox,TRUE,TRUE,TRUE,FALSE
master_15,Mpox (Monkeypox),Mpox (Monkeypox),funisciurus pyrropus,226680,,,,PCR/Sequencing,Orthopoxvirus monkeypox,TRUE,TRUE,TRUE,FALSE
master_15,Mpox (Monkeypox),Mpox (Monkeypox),praomys jacksoni,209866,,,,PCR/Sequencing,Orthopoxvirus monkeypox,TRUE,TRUE,TRUE,FALSE
master_18,Oropouche fever,Oropouche fever,Bradypus tridactylus,9354,mammalia,pilosa,bradypodidae,Isolation/Observation; PCR/Sequencing,Orthobunyavirus oropoucheense,TRUE,TRUE,TRUE,FALSE
master_18,Oropouche fever,Oropouche fever,Callithrix,9485,,,,PCR/Sequencing,Orthobunyavirus oropoucheense,TRUE,TRUE,TRUE,FALSE
master_18,Oropouche fever,Oropouche fever,Callithrix penicillata,57378,mammalia,primates,callitrichidae,PCR/Sequencing,Orthobunyavirus oropoucheense,TRUE,TRUE,TRUE,FALSE
master_18,Oropouche fever,Oropouche fever,Cebus,9517,,,,PCR/Sequencing,Orthobunyavirus oropoucheense,TRUE,TRUE,TRUE,FALSE
master_18,Oropouche fever,Oropouche fever,Cebus olivaceus,37295,mammalia,primates,cebidae,Isolation/Observation,Orthobunyavirus oropoucheense,TRUE,TRUE,TRUE,FALSE
master_18,Oropouche fever,Oropouche fever,Homo sapiens,9606,,,,Isolation/Observation; PCR/Sequencing,Orthobunyavirus oropoucheense,TRUE,TRUE,TRUE,FALSE
master_24,Severe fever with thrombocytopenia syndrome (SFTS),Severe fever with thrombocytopenia syndrome (SFTS),Acinonyx jubatus,32536,mammalia,carnivora,felidae,PCR/Sequencing,Bandavirus dabieense,FALSE,FALSE,FALSE,FALSE
master_24,Severe fever with thrombocytopenia syndrome (SFTS),Severe fever with thrombocytopenia syndrome (SFTS),Anser,8847,,,,PCR/Sequencing,Bandavirus dabieense,FALSE,FALSE,FALSE,FALSE
master_24,Severe fever with thrombocytopenia syndrome (SFTS),Severe fever with thrombocytopenia syndrome (SFTS),Apodemus agrarius,129305,mammalia,rodentia,muridae,PCR/Sequencing,Bandavirus dabieense,FALSE,FALSE,FALSE,FALSE
master_24,Severe fever with thrombocytopenia syndrome (SFTS),Severe fever with thrombocytopenia syndrome (SFTS),Apodemus agrarius,39030,mammalia,rodentia,muridae,PCR/Sequencing,Bandavirus dabieense,FALSE,FALSE,FALSE,FALSE
master_24,Severe fever with thrombocytopenia syndrome (SFTS),Severe fever with thrombocytopenia syndrome (SFTS),Bos taurus,9913,mammalia,artiodactyla,bovidae,PCR/Sequencing,Bandavirus dabieense,FALSE,FALSE,FALSE,FALSE
master_24,Severe fever with thrombocytopenia syndrome (SFTS),Severe fever with thrombocytopenia syndrome (SFTS),Canis lupus,9615,mammalia,carnivora,canidae,PCR/Sequencing,Bandavirus dabieense,FALSE,FALSE,FALSE,FALSE
master_24,Severe fever with thrombocytopenia syndrome (SFTS),Severe fever with thrombocytopenia syndrome (SFTS),Capra hircus,9925,mammalia,artiodactyla,bovidae,PCR/Sequencing,Bandavirus dabieense,FALSE,FALSE,FALSE,FALSE
master_24,Severe fever with thrombocytopenia syndrome (SFTS),Severe fever with thrombocytopenia syndrome (SFTS),Cervus nippon,9863,mammalia,artiodactyla,cervidae,PCR/Sequencing,Bandavirus dabieense,FALSE,FALSE,FALSE,FALSE
master_24,Severe fever with thrombocytopenia syndrome (SFTS),Severe fever with thrombocytopenia syndrome (SFTS),Equus caballus,9796,mammalia,perissodactyla,equidae,PCR/Sequencing,Bandavirus dabieense,FALSE,FALSE,FALSE,FALSE
master_24,Severe fever with thrombocytopenia syndrome (SFTS),Severe fever with thrombocytopenia syndrome (SFTS),Erinaceus amurensis,757341,mammalia,eulipotyphla,erinaceidae,PCR/Sequencing,Bandavirus dabieense,FALSE,FALSE,FALSE,FALSE
master_24,Severe fever with thrombocytopenia syndrome (SFTS),Severe fever with thrombocytopenia syndrome (SFTS),Erinaceus europaeus,9365,mammalia,eulipotyphla,erinaceidae,PCR/Sequencing,Bandavirus dabieense,FALSE,FALSE,FALSE,FALSE
master_24,Severe fever with thrombocytopenia syndrome (SFTS),Severe fever with thrombocytopenia syndrome (SFTS),Felis catus,9685,mammalia,carnivora,felidae,PCR/Sequencing,Bandavirus dabieense,FALSE,FALSE,FALSE,FALSE
master_24,Severe fever with thrombocytopenia syndrome (SFTS),Severe fever with thrombocytopenia syndrome (SFTS),Gallus gallus,9031,aves,galliformes,phasianidae,PCR/Sequencing,Bandavirus dabieense,FALSE,FALSE,FALSE,FALSE
master_24,Severe fever with thrombocytopenia syndrome (SFTS),Severe fever with thrombocytopenia syndrome (SFTS),Homo sapiens,9606,,,,Isolation/Observation; PCR/Sequencing,Bandavirus dabieense,FALSE,FALSE,FALSE,FALSE
master_24,Severe fever with thrombocytopenia syndrome (SFTS),Severe fever with thrombocytopenia syndrome (SFTS),Hydropotes inermis,344906,mammalia,artiodactyla,cervidae,PCR/Sequencing,Bandavirus dabieense,FALSE,FALSE,FALSE,FALSE
master_24,Severe fever with thrombocytopenia syndrome (SFTS),Severe fever with thrombocytopenia syndrome (SFTS),Hydropotes inermis,9883,mammalia,artiodactyla,cervidae,PCR/Sequencing,Bandavirus dabieense,FALSE,FALSE,FALSE,FALSE
master_24,Severe fever with thrombocytopenia syndrome (SFTS),Severe fever with thrombocytopenia syndrome (SFTS),Meles anakuma,191034,mammalia,carnivora,mustelidae,PCR/Sequencing,Bandavirus dabieense,FALSE,FALSE,FALSE,FALSE
master_24,Severe fever with thrombocytopenia syndrome (SFTS),Severe fever with thrombocytopenia syndrome (SFTS),Miniopterus schreibersii,9433,mammalia,chiroptera,miniopteridae,PCR/Sequencing,Bandavirus dabieense,FALSE,FALSE,FALSE,FALSE
master_24,Severe fever with thrombocytopenia syndrome (SFTS),Severe fever with thrombocytopenia syndrome (SFTS),Mus musculus,10090,mammalia,rodentia,muridae,PCR/Sequencing,Bandavirus dabieense,FALSE,FALSE,FALSE,FALSE
master_24,Severe fever with thrombocytopenia syndrome (SFTS),Severe fever with thrombocytopenia syndrome (SFTS),Mustela kathiah,272460,mammalia,carnivora,mustelidae,PCR/Sequencing,Bandavirus dabieense,FALSE,FALSE,FALSE,FALSE
master_24,Severe fever with thrombocytopenia syndrome (SFTS),Severe fever with thrombocytopenia syndrome (SFTS),Mustela lutreola,9666,mammalia,carnivora,mustelidae,PCR/Sequencing,Bandavirus dabieense,FALSE,FALSE,FALSE,FALSE
master_24,Severe fever with thrombocytopenia syndrome (SFTS),Severe fever with thrombocytopenia syndrome (SFTS),Myotis davidii,225400,mammalia,chiroptera,vespertilionidae,PCR/Sequencing,Bandavirus dabieense,FALSE,FALSE,FALSE,FALSE
master_24,Severe fever with thrombocytopenia syndrome (SFTS),Severe fever with thrombocytopenia syndrome (SFTS),Nyctereutes procyonoides,34880,mammalia,carnivora,canidae,PCR/Sequencing,Bandavirus dabieense,FALSE,FALSE,FALSE,FALSE
master_24,Severe fever with thrombocytopenia syndrome (SFTS),Severe fever with thrombocytopenia syndrome (SFTS),Ovis aries,9940,mammalia,artiodactyla,bovidae,PCR/Sequencing,Bandavirus dabieense,FALSE,FALSE,FALSE,FALSE
master_24,Severe fever with thrombocytopenia syndrome (SFTS),Severe fever with thrombocytopenia syndrome (SFTS),Prionailurus bengalensis,37029,mammalia,carnivora,felidae,PCR/Sequencing,Bandavirus dabieense,FALSE,FALSE,FALSE,FALSE
master_24,Severe fever with thrombocytopenia syndrome (SFTS),Severe fever with thrombocytopenia syndrome (SFTS),Procyon lotor,9654,mammalia,carnivora,procyonidae,PCR/Sequencing,Bandavirus dabieense,FALSE,FALSE,FALSE,FALSE
master_24,Severe fever with thrombocytopenia syndrome (SFTS),Severe fever with thrombocytopenia syndrome (SFTS),Rattus norvegicus,10116,mammalia,rodentia,muridae,PCR/Sequencing,Bandavirus dabieense,FALSE,FALSE,FALSE,FALSE
master_24,Severe fever with thrombocytopenia syndrome (SFTS),Severe fever with thrombocytopenia syndrome (SFTS),Rattus tanezumi,35732,mammalia,rodentia,muridae,PCR/Sequencing,Bandavirus dabieense,FALSE,FALSE,FALSE,FALSE
master_24,Severe fever with thrombocytopenia syndrome (SFTS),Severe fever with thrombocytopenia syndrome (SFTS),Rhabdophis tigrinus,126484,reptilia,squamata,natricidae,PCR/Sequencing,Bandavirus dabieense,FALSE,FALSE,FALSE,FALSE
master_24,Severe fever with thrombocytopenia syndrome (SFTS),Severe fever with thrombocytopenia syndrome (SFTS),Rhinolophus pusillus,159858,mammalia,chiroptera,rhinolophidae,PCR/Sequencing,Bandavirus dabieense,FALSE,FALSE,FALSE,FALSE
master_24,Severe fever with thrombocytopenia syndrome (SFTS),Severe fever with thrombocytopenia syndrome (SFTS),Sciurotamias davidianus,226849,mammalia,rodentia,sciuridae,PCR/Sequencing,Bandavirus dabieense,FALSE,FALSE,FALSE,FALSE
master_24,Severe fever with thrombocytopenia syndrome (SFTS),Severe fever with thrombocytopenia syndrome (SFTS),Suncus murinus,9378,mammalia,eulipotyphla,soricidae,PCR/Sequencing,Bandavirus dabieense,FALSE,FALSE,FALSE,FALSE
master_24,Severe fever with thrombocytopenia syndrome (SFTS),Severe fever with thrombocytopenia syndrome (SFTS),Sus scrofa,9823,mammalia,artiodactyla,suidae,PCR/Sequencing,Bandavirus dabieense,FALSE,FALSE,FALSE,FALSE
master_24,Severe fever with thrombocytopenia syndrome (SFTS),Severe fever with thrombocytopenia syndrome (SFTS),Takydromus wolteri,235402,reptilia,squamata,lacertidae,PCR/Sequencing,Bandavirus dabieense,FALSE,FALSE,FALSE,FALSE
master_24,Severe fever with thrombocytopenia syndrome (SFTS),Severe fever with thrombocytopenia syndrome (SFTS),Tscherskia triton,329627,mammalia,rodentia,cricetidae,PCR/Sequencing,Bandavirus dabieense,FALSE,FALSE,FALSE,FALSE
master_24,Severe fever with thrombocytopenia syndrome (SFTS),Severe fever with thrombocytopenia syndrome (SFTS),myotis adversus,59461,,,,PCR/Sequencing,Bandavirus dabieense,FALSE,FALSE,FALSE,FALSE
master_25,Venezuelan equine encephalitis,Venezuelan equine encephalitis,Artibeus lituratus,27634,mammalia,chiroptera,phyllostomidae,Isolation/Observation,Alphavirus venezuelan,TRUE,FALSE,TRUE,FALSE
master_25,Venezuelan equine encephalitis,Venezuelan equine encephalitis,Butorides virescens,110671,,,,Isolation/Observation,Alphavirus venezuelan,TRUE,FALSE,TRUE,FALSE
master_25,Venezuelan equine encephalitis,Venezuelan equine encephalitis,Carollia perspicillata,40233,mammalia,chiroptera,phyllostomidae,Isolation/Observation,Alphavirus venezuelan,TRUE,FALSE,TRUE,FALSE
master_25,Venezuelan equine encephalitis,Venezuelan equine encephalitis,Crotophaga sulcirostris,33598,aves,cuculiformes,cuculidae,Isolation/Observation,Alphavirus venezuelan,TRUE,FALSE,TRUE,FALSE
master_25,Venezuelan equine encephalitis,Venezuelan equine encephalitis,Dermanura phaeotis,40229,mammalia,chiroptera,phyllostomidae,Isolation/Observation,Alphavirus venezuelan,TRUE,FALSE,TRUE,FALSE
master_25,Venezuelan equine encephalitis,Venezuelan equine encephalitis,Desmodus rotundus,9430,mammalia,chiroptera,phyllostomidae,Isolation/Observation,Alphavirus venezuelan,TRUE,FALSE,TRUE,FALSE
master_25,Venezuelan equine encephalitis,Venezuelan equine encephalitis,Didelphis marsupialis,9268,mammalia,didelphimorphia,didelphidae,Isolation/Observation,Alphavirus venezuelan,TRUE,FALSE,TRUE,FALSE
master_25,Venezuelan equine encephalitis,Venezuelan equine encephalitis,Egretta caerulea,110682,aves,pelecaniformes,ardeidae,Isolation/Observation,Alphavirus venezuelan,TRUE,FALSE,TRUE,FALSE
master_25,Venezuelan equine encephalitis,Venezuelan equine encephalitis,Equus asinus,9793,mammalia,perissodactyla,equidae,Isolation/Observation,Alphavirus venezuelan,TRUE,FALSE,TRUE,FALSE
master_25,Venezuelan equine encephalitis,Venezuelan equine encephalitis,Equus caballus,9796,mammalia,perissodactyla,equidae,Isolation/Observation; PCR/Sequencing,Alphavirus venezuelan,TRUE,FALSE,TRUE,FALSE
master_25,Venezuelan equine encephalitis,Venezuelan equine encephalitis,Glossophaga soricina,27638,mammalia,chiroptera,phyllostomidae,Isolation/Observation; PCR/Sequencing,Alphavirus venezuelan,TRUE,FALSE,TRUE,FALSE
master_25,Venezuelan equine encephalitis,Venezuelan equine encephalitis,Heteromys anomalus,348153,mammalia,rodentia,heteromyidae,Isolation/Observation,Alphavirus venezuelan,TRUE,FALSE,TRUE,FALSE
master_25,Venezuelan equine encephalitis,Venezuelan equine encephalitis,Homo sapiens,9606,,,,Isolation/Observation; PCR/Sequencing,Alphavirus venezuelan,TRUE,FALSE,TRUE,FALSE
master_25,Venezuelan equine encephalitis,Venezuelan equine encephalitis,Hylaeamys laticeps,530175,mammalia,rodentia,cricetidae,Isolation/Observation,Alphavirus venezuelan,TRUE,FALSE,TRUE,FALSE
master_25,Venezuelan equine encephalitis,Venezuelan equine encephalitis,Icterus prosthemelas,223164,aves,passeriformes,icteridae,Isolation/Observation,Alphavirus venezuelan,TRUE,FALSE,TRUE,FALSE
master_25,Venezuelan equine encephalitis,Venezuelan equine encephalitis,Marmosa robinsoni,91496,mammalia,didelphimorphia,didelphidae,Isolation/Observation,Alphavirus venezuelan,TRUE,FALSE,TRUE,FALSE
master_25,Venezuelan equine encephalitis,Venezuelan equine encephalitis,Mus musculus,10090,mammalia,rodentia,muridae,Isolation/Observation,Alphavirus venezuelan,TRUE,FALSE,TRUE,FALSE
master_25,Venezuelan equine encephalitis,Venezuelan equine encephalitis,Myiozetetes granadensis,1118795,aves,passeriformes,tyrannidae,Isolation/Observation,Alphavirus venezuelan,TRUE,FALSE,TRUE,FALSE
master_25,Venezuelan equine encephalitis,Venezuelan equine encephalitis,Myiozetetes similis,478647,aves,passeriformes,tyrannidae,Isolation/Observation,Alphavirus venezuelan,TRUE,FALSE,TRUE,FALSE
master_25,Venezuelan equine encephalitis,Venezuelan equine encephalitis,Nectomys squamipes,29117,mammalia,rodentia,cricetidae,Isolation/Observation,Alphavirus venezuelan,TRUE,FALSE,TRUE,FALSE
master_25,Venezuelan equine encephalitis,Venezuelan equine encephalitis,Proechimys guyannensis,128105,mammalia,rodentia,echimyidae,Isolation/Observation,Alphavirus venezuelan,TRUE,FALSE,TRUE,FALSE
master_25,Venezuelan equine encephalitis,Venezuelan equine encephalitis,Proechimys semispinosus,1246547,mammalia,rodentia,echimyidae,Isolation/Observation,Alphavirus venezuelan,TRUE,FALSE,TRUE,FALSE
master_25,Venezuelan equine encephalitis,Venezuelan equine encephalitis,Ramphocelus passerinii,36725,aves,passeriformes,thraupidae,Isolation/Observation,Alphavirus venezuelan,TRUE,FALSE,TRUE,FALSE
master_25,Venezuelan equine encephalitis,Venezuelan equine encephalitis,Rattus norvegicus,10116,mammalia,rodentia,muridae,Isolation/Observation,Alphavirus venezuelan,TRUE,FALSE,TRUE,FALSE
master_25,Venezuelan equine encephalitis,Venezuelan equine encephalitis,Sapajus apella,9515,mammalia,primates,cebidae,Isolation/Observation,Alphavirus venezuelan,TRUE,FALSE,TRUE,FALSE
master_25,Venezuelan equine encephalitis,Venezuelan equine encephalitis,Sigmodon hispidus,42415,mammalia,rodentia,cricetidae,Isolation/Observation,Alphavirus venezuelan,TRUE,FALSE,TRUE,FALSE
master_25,Venezuelan equine encephalitis,Venezuelan equine encephalitis,Sturnira lilium,27660,mammalia,chiroptera,phyllostomidae,PCR/Sequencing,Alphavirus venezuelan,TRUE,FALSE,TRUE,FALSE
master_25,Venezuelan equine encephalitis,Venezuelan equine encephalitis,Turdus grayi,203558,aves,passeriformes,turdidae,Isolation/Observation,Alphavirus venezuelan,TRUE,FALSE,TRUE,FALSE
master_25,Venezuelan equine encephalitis,Venezuelan equine encephalitis,Urocyon cinereoargenteus,55040,mammalia,carnivora,canidae,Isolation/Observation,Alphavirus venezuelan,TRUE,FALSE,TRUE,FALSE
master_25,Venezuelan equine encephalitis,Venezuelan equine encephalitis,Uroderma bilobatum,27663,mammalia,chiroptera,phyllostomidae,Isolation/Observation,Alphavirus venezuelan,TRUE,FALSE,TRUE,FALSE
master_25,Venezuelan equine encephalitis,Venezuelan equine encephalitis,Zygodontomys brevicauda,157541,mammalia,rodentia,cricetidae,Isolation/Observation,Alphavirus venezuelan,TRUE,FALSE,TRUE,FALSE
master_26,Borna disease (encephalitis),Borna disease (encephalitis),Anas platyrhynchos,8839,aves,anseriformes,anatidae,PCR/Sequencing,Orthobornavirus bornaense,FALSE,FALSE,FALSE,FALSE
master_26,Borna disease (encephalitis),Borna disease (encephalitis),Bos taurus,9913,mammalia,artiodactyla,bovidae,PCR/Sequencing,Orthobornavirus bornaense,FALSE,FALSE,FALSE,FALSE
master_26,Borna disease (encephalitis),Borna disease (encephalitis),Canis lupus,9615,mammalia,carnivora,canidae,PCR/Sequencing,Orthobornavirus bornaense,FALSE,FALSE,FALSE,FALSE
master_26,Borna disease (encephalitis),Borna disease (encephalitis),Castor fiber,331605,mammalia,rodentia,castoridae,PCR/Sequencing,Orthobornavirus bornaense,FALSE,FALSE,FALSE,FALSE
master_26,Borna disease (encephalitis),Borna disease (encephalitis),Coloeus monedula,30423,,,,PCR/Sequencing,Orthobornavirus bornaense,FALSE,FALSE,FALSE,FALSE
master_26,Borna disease (encephalitis),Borna disease (encephalitis),Crocidura leucodon,109474,mammalia,eulipotyphla,soricidae,PCR/Sequencing,Orthobornavirus bornaense,FALSE,FALSE,FALSE,FALSE
master_26,Borna disease (encephalitis),Borna disease (encephalitis),Crocidura russula,36802,mammalia,eulipotyphla,soricidae,PCR/Sequencing,Orthobornavirus bornaense,FALSE,FALSE,FALSE,FALSE
master_26,Borna disease (encephalitis),Borna disease (encephalitis),Equus asinus,9793,mammalia,perissodactyla,equidae,PCR/Sequencing,Orthobornavirus bornaense,FALSE,FALSE,FALSE,FALSE
master_26,Borna disease (encephalitis),Borna disease (encephalitis),Equus caballus,9796,mammalia,perissodactyla,equidae,PCR/Sequencing,Orthobornavirus bornaense,FALSE,FALSE,FALSE,FALSE
master_26,Borna disease (encephalitis),Borna disease (encephalitis),Equus ferus,1114792,mammalia,perissodactyla,equidae,PCR/Sequencing,Orthobornavirus bornaense,FALSE,FALSE,FALSE,FALSE
master_26,Borna disease (encephalitis),Borna disease (encephalitis),Erinaceus europaeus,9365,mammalia,eulipotyphla,erinaceidae,PCR/Sequencing,Orthobornavirus bornaense,FALSE,FALSE,FALSE,FALSE
master_26,Borna disease (encephalitis),Borna disease (encephalitis),Felis catus,9685,mammalia,carnivora,felidae,PCR/Sequencing,Orthobornavirus bornaense,FALSE,FALSE,FALSE,FALSE
master_26,Borna disease (encephalitis),Borna disease (encephalitis),Hexaprotodon liberiensis,56798,,,,PCR/Sequencing,Orthobornavirus bornaense,FALSE,FALSE,FALSE,FALSE
master_26,Borna disease (encephalitis),Borna disease (encephalitis),Homo sapiens,9606,,,,PCR/Sequencing,Orthobornavirus bornaense,FALSE,FALSE,FALSE,FALSE
master_26,Borna disease (encephalitis),Borna disease (encephalitis),Lama glama,9844,,,,PCR/Sequencing,Orthobornavirus bornaense,FALSE,FALSE,FALSE,FALSE
master_26,Borna disease (encephalitis),Borna disease (encephalitis),Macaca fuscata,9542,mammalia,primates,cercopithecidae,PCR/Sequencing,Orthobornavirus bornaense,FALSE,FALSE,FALSE,FALSE
master_26,Borna disease (encephalitis),Borna disease (encephalitis),Oryctolagus cuniculus,9986,mammalia,lagomorpha,leporidae,PCR/Sequencing,Orthobornavirus bornaense,FALSE,FALSE,FALSE,FALSE
master_26,Borna disease (encephalitis),Borna disease (encephalitis),Ovis aries,9940,mammalia,artiodactyla,bovidae,PCR/Sequencing,Orthobornavirus bornaense,FALSE,FALSE,FALSE,FALSE
master_26,Borna disease (encephalitis),Borna disease (encephalitis),Procyon lotor,9654,mammalia,carnivora,procyonidae,PCR/Sequencing,Orthobornavirus bornaense,FALSE,FALSE,FALSE,FALSE
master_26,Borna disease (encephalitis),Borna disease (encephalitis),Sorex araneus,42254,mammalia,eulipotyphla,soricidae,PCR/Sequencing,Orthobornavirus bornaense,FALSE,FALSE,FALSE,FALSE
master_26,Borna disease (encephalitis),Borna disease (encephalitis),Vicugna pacos,30538,,,,PCR/Sequencing,Orthobornavirus bornaense,FALSE,FALSE,FALSE,FALSE
master_26,Borna disease (encephalitis),Borna disease (encephalitis),Vulpes vulpes,9627,mammalia,carnivora,canidae,PCR/Sequencing,Orthobornavirus bornaense,FALSE,FALSE,FALSE,FALSE
master_26,Borna disease (encephalitis),Borna disease (encephalitis),crocidura suaveolens,52631,,,,PCR/Sequencing,Orthobornavirus bornaense,FALSE,FALSE,FALSE,FALSE
master_27,Lujo hemorrhagic fever,Lujo hemorrhagic fever,Homo sapiens,9606,,,,Isolation/Observation; PCR/Sequencing,Mammarenavirus lujoense,FALSE,FALSE,FALSE,FALSE
who_37,Sudan virus disease (Ebola virus disease),Sudan virus disease (Ebola virus disease),Homo sapiens,9606,,,,Isolation/Observation; PCR/Sequencing,Orthoebolavirus sudanense,TRUE,TRUE,FALSE,FALSE
