analysis_unit_id,readiness_disease_name,disease_name,species_name,tax_id,species_role,sdm_needed_for_disease,sdm_available,sdm_species
master_10,Marburg virus disease,Marburg virus disease,Cavia porcellus,10141,host,yes,TRUE,Cavia porcellus
master_10,Marburg virus disease,Marburg virus disease,Chlorocebus aethiops,9534,host,yes,TRUE,Chlorocebus aethiops
master_10,Marburg virus disease,Marburg virus disease,Hipposideros caffer,302402,host,yes,TRUE,Hipposideros caffer
master_10,Marburg virus disease,Marburg virus disease,Homo sapiens,9606,host,yes,FALSE,
master_10,Marburg virus disease,Marburg virus disease,Mesocricetus auratus,10036,host,yes,FALSE,
master_10,Marburg virus disease,Marburg virus disease,Miniopterus inflatus,221087,host,yes,FALSE,
master_10,Marburg virus disease,Marburg virus disease,Mus musculus,10090,host,yes,TRUE,Mus musculus
master_10,Marburg virus disease,Marburg virus disease,Rhinolophus eloquens,519038,host,yes,FALSE,
master_10,Marburg virus disease,Marburg virus disease,Rousettus aegyptiacus,9407,host,yes,TRUE,Rousettus aegyptiacus
master_11,Lassa fever,Lassa fever,Canis lupus,9615,host,yes,TRUE,Canis lupus
master_11,Lassa fever,Lassa fever,Capra hircus,9925,host,yes,TRUE,Capra hircus
master_11,Lassa fever,Lassa fever,Cavia porcellus,10141,host,yes,TRUE,Cavia porcellus
master_11,Lassa fever,Lassa fever,Homo sapiens,9606,host,yes,FALSE,
master_11,Lassa fever,Lassa fever,Hylomyscus pamfi,913014,host,yes,FALSE,
master_11,Lassa fever,Lassa fever,Lophuromys sikapusi,83535,host,yes,TRUE,Lophuromys sikapusi
master_11,Lassa fever,Lassa fever,Macaca fascicularis,9541,host,yes,TRUE,Macaca fascicularis
master_11,Lassa fever,Lassa fever,Mastomys,70830,host,yes,FALSE,
master_11,Lassa fever,Lassa fever,Mastomys erythroleucus,41268,host,yes,TRUE,Mastomys erythroleucus
master_11,Lassa fever,Lassa fever,Mastomys huberti,121569,host,yes,TRUE,Mastomys huberti
master_11,Lassa fever,Lassa fever,Mastomys natalensis,10112,host,yes,TRUE,Mastomys natalensis
master_11,Lassa fever,Lassa fever,Mus baoulei,544437,host,yes,FALSE,
master_11,Lassa fever,Lassa fever,Rattus norvegicus,10116,host,yes,TRUE,Rattus norvegicus
master_11,Lassa fever,Lassa fever,Rattus rattus,10117,host,yes,TRUE,Rattus rattus
master_12,Nipah virus disease,Nipah virus disease,Bos taurus,9913,host,yes,TRUE,Bos taurus
master_12,Nipah virus disease,Nipah virus disease,Canis lupus,9615,host,yes,TRUE,Canis lupus
master_12,Nipah virus disease,Nipah virus disease,Capra hircus,9925,host,yes,TRUE,Capra hircus
master_12,Nipah virus disease,Nipah virus disease,Cynopterus brachyotis,58060,host,yes,TRUE,Cynopterus brachyotis
master_12,Nipah virus disease,Nipah virus disease,Eonycteris spelaea,58065,host,yes,TRUE,Eonycteris spelaea
master_12,Nipah virus disease,Nipah virus disease,Felis catus,9685,host,yes,TRUE,Felis catus
master_12,Nipah virus disease,Nipah virus disease,Hipposideros larvatus,175524,host,yes,TRUE,Hipposideros larvatus
master_12,Nipah virus disease,Nipah virus disease,Homo sapiens,9606,host,yes,FALSE,
master_12,Nipah virus disease,Nipah virus disease,Mus musculus,10090,host,yes,TRUE,Mus musculus
master_12,Nipah virus disease,Nipah virus disease,Pteropus hypomelanus,9405,host,yes,FALSE,
master_12,Nipah virus disease,Nipah virus disease,Pteropus lylei,166054,host,yes,TRUE,Pteropus lylei
master_12,Nipah virus disease,Nipah virus disease,Pteropus medius,143291,host,yes,TRUE,Pteropus medius
master_12,Nipah virus disease,Nipah virus disease,Pteropus vampyrus,132908,host,yes,TRUE,Pteropus vampyrus
master_12,Nipah virus disease,Nipah virus disease,Sus scrofa,9823,host,yes,TRUE,Sus scrofa
master_12,Nipah virus disease,Nipah virus disease,Sus scrofa,9825,host,yes,TRUE,Sus scrofa
master_12,Nipah virus disease,Nipah virus disease,pteropus sp.,1562770,host,yes,FALSE,
master_16,Influenza (H5N1 avian influenza),Influenza (H5N1 avian influenza),Accipiter cooperii,261198,host,yes,FALSE,
master_16,Influenza (H5N1 avian influenza),Influenza (H5N1 avian influenza),Accipiter nisus,211598,host,yes,FALSE,
master_16,Influenza (H5N1 avian influenza),Influenza (H5N1 avian influenza),Accipiter striatus,56330,host,yes,FALSE,
master_16,Influenza (H5N1 avian influenza),Influenza (H5N1 avian influenza),Accipiter trivirgatus,210844,host,yes,FALSE,
master_16,Influenza (H5N1 avian influenza),Influenza (H5N1 avian influenza),Acerodon celebensis,58057,host,yes,FALSE,
master_16,Influenza (H5N1 avian influenza),Influenza (H5N1 avian influenza),Acinonyx jubatus,32536,host,yes,TRUE,Acinonyx jubatus
master_16,Influenza (H5N1 avian influenza),Influenza (H5N1 avian influenza),Aechmophorus occidentalis,57236,host,yes,FALSE,
master_16,Influenza (H5N1 avian influenza),Influenza (H5N1 avian influenza),Aegypius monachus,8959,host,yes,FALSE,
master_16,Influenza (H5N1 avian influenza),Influenza (H5N1 avian influenza),Agropsar sturninus,2675479,host,yes,FALSE,
master_16,Influenza (H5N1 avian influenza),Influenza (H5N1 avian influenza),Ailuropoda melanoleuca,9646,host,yes,FALSE,
master_16,Influenza (H5N1 avian influenza),Influenza (H5N1 avian influenza),Aix galericulata,8832,host,yes,FALSE,
master_16,Influenza (H5N1 avian influenza),Influenza (H5N1 avian influenza),Aix sponsa,8833,host,yes,FALSE,
master_16,Influenza (H5N1 avian influenza),Influenza (H5N1 avian influenza),Alca torda,28689,host,yes,FALSE,
master_16,Influenza (H5N1 avian influenza),Influenza (H5N1 avian influenza),Alectoris barbara,40177,host,yes,FALSE,
master_16,Influenza (H5N1 avian influenza),Influenza (H5N1 avian influenza),Alectoris chukar,9078,host,yes,FALSE,
master_16,Influenza (H5N1 avian influenza),Influenza (H5N1 avian influenza),Alligator sinensis,38654,host,yes,FALSE,
master_16,Influenza (H5N1 avian influenza),Influenza (H5N1 avian influenza),Alopochen aegyptiaca,30382,host,yes,FALSE,
master_16,Influenza (H5N1 avian influenza),Influenza (H5N1 avian influenza),Amazona albifrons,241569,host,yes,FALSE,
master_16,Influenza (H5N1 avian influenza),Influenza (H5N1 avian influenza),Amazona autumnalis,151759,host,yes,FALSE,
master_16,Influenza (H5N1 avian influenza),Influenza (H5N1 avian influenza),Amazona oratrix,152276,host,yes,FALSE,
master_16,Influenza (H5N1 avian influenza),Influenza (H5N1 avian influenza),Amazonetta brasiliensis,75867,host,yes,FALSE,
master_16,Influenza (H5N1 avian influenza),Influenza (H5N1 avian influenza),Anas,42806,host,yes,FALSE,
master_16,Influenza (H5N1 avian influenza),Influenza (H5N1 avian influenza),Anas acuta,28680,host,yes,FALSE,
master_16,Influenza (H5N1 avian influenza),Influenza (H5N1 avian influenza),Anas capensis,8837,host,yes,FALSE,
master_16,Influenza (H5N1 avian influenza),Influenza (H5N1 avian influenza),Anas carolinensis,75836,host,yes,FALSE,
master_16,Influenza (H5N1 avian influenza),Influenza (H5N1 avian influenza),Anas castanea,45631,host,yes,FALSE,
master_16,Influenza (H5N1 avian influenza),Influenza (H5N1 avian influenza),Anas crecca,75839,host,yes,FALSE,
master_16,Influenza (H5N1 avian influenza),Influenza (H5N1 avian influenza),Anas diazi,75841,host,yes,FALSE,
master_16,Influenza (H5N1 avian influenza),Influenza (H5N1 avian influenza),Anas erythrorhyncha,75843,host,yes,FALSE,
master_16,Influenza (H5N1 avian influenza),Influenza (H5N1 avian influenza),Anas flavirostris,75845,host,yes,FALSE,
master_16,Influenza (H5N1 avian influenza),Influenza (H5N1 avian influenza),Anas fulvigula,75846,host,yes,FALSE,
master_16,Influenza (H5N1 avian influenza),Influenza (H5N1 avian influenza),Anas georgica,75847,host,yes,FALSE,
master_16,Influenza (H5N1 avian influenza),Influenza (H5N1 avian influenza),Anas gracilis,45630,host,yes,FALSE,
master_16,Influenza (H5N1 avian influenza),Influenza (H5N1 avian influenza),Anas platyrhynchos,8839,host,yes,FALSE,
master_16,Influenza (H5N1 avian influenza),Influenza (H5N1 avian influenza),Anas platyrhynchos,8840,host,yes,FALSE,
master_16,Influenza (H5N1 avian influenza),Influenza (H5N1 avian influenza),Anas poecilorhyncha,75854,host,yes,FALSE,
master_16,Influenza (H5N1 avian influenza),Influenza (H5N1 avian influenza),Anas rubripes,75857,host,yes,FALSE,
master_16,Influenza (H5N1 avian influenza),Influenza (H5N1 avian influenza),Anas superciliosa,45632,host,yes,FALSE,
master_16,Influenza (H5N1 avian influenza),Influenza (H5N1 avian influenza),Anas undulata,75862,host,yes,FALSE,
master_16,Influenza (H5N1 avian influenza),Influenza (H5N1 avian influenza),Anas zonorhyncha,75864,host,yes,FALSE,
master_16,Influenza (H5N1 avian influenza),Influenza (H5N1 avian influenza),Anastomus oscitans,1706835,host,yes,FALSE,
master_16,Influenza (H5N1 avian influenza),Influenza (H5N1 avian influenza),Anatidae,1867944,host,yes,FALSE,
master_16,Influenza (H5N1 avian influenza),Influenza (H5N1 avian influenza),Anous tenuirostris,297803,host,yes,FALSE,
master_16,Influenza (H5N1 avian influenza),Influenza (H5N1 avian influenza),Anser,8847,host,yes,FALSE,
master_16,Influenza (H5N1 avian influenza),Influenza (H5N1 avian influenza),Anser albifrons,50365,host,yes,FALSE,
master_16,Influenza (H5N1 avian influenza),Influenza (H5N1 avian influenza),Anser anser,8843,host,yes,FALSE,
master_16,Influenza (H5N1 avian influenza),Influenza (H5N1 avian influenza),Anser brachyrhynchus,132585,host,yes,FALSE,
master_16,Influenza (H5N1 avian influenza),Influenza (H5N1 avian influenza),Anser caerulescens,440516,host,yes,FALSE,
master_16,Influenza (H5N1 avian influenza),Influenza (H5N1 avian influenza),Anser caerulescens,70340,host,yes,FALSE,
master_16,Influenza (H5N1 avian influenza),Influenza (H5N1 avian influenza),Anser caerulescens,8849,host,yes,FALSE,
master_16,Influenza (H5N1 avian influenza),Influenza (H5N1 avian influenza),Anser canagicus,107021,host,yes,FALSE,
master_16,Influenza (H5N1 avian influenza),Influenza (H5N1 avian influenza),Anser cygnoides,8845,host,yes,FALSE,
master_16,Influenza (H5N1 avian influenza),Influenza (H5N1 avian influenza),Anser erythropus,132586,host,yes,FALSE,
master_16,Influenza (H5N1 avian influenza),Influenza (H5N1 avian influenza),Anser fabalis,132587,host,yes,FALSE,
master_16,Influenza (H5N1 avian influenza),Influenza (H5N1 avian influenza),Anser indicus,8846,host,yes,FALSE,
master_16,Influenza (H5N1 avian influenza),Influenza (H5N1 avian influenza),Anser rossii,56281,host,yes,FALSE,
master_16,Influenza (H5N1 avian influenza),Influenza (H5N1 avian influenza),Anthropoides virgo,9111,host,yes,FALSE,
master_16,Influenza (H5N1 avian influenza),Influenza (H5N1 avian influenza),Antigone canadensis,1977160,host,yes,FALSE,
master_16,Influenza (H5N1 avian influenza),Influenza (H5N1 avian influenza),Antigone vipio,2717088,host,yes,FALSE,
master_16,Influenza (H5N1 avian influenza),Influenza (H5N1 avian influenza),Aquila chrysaetos,8962,host,yes,FALSE,
master_16,Influenza (H5N1 avian influenza),Influenza (H5N1 avian influenza),Aquila fasciata,252784,host,yes,FALSE,
master_16,Influenza (H5N1 avian influenza),Influenza (H5N1 avian influenza),Arctocephalus australis,161928,host,yes,TRUE,Arctocephalus australis
master_16,Influenza (H5N1 avian influenza),Influenza (H5N1 avian influenza),Arctocephalus gazella,37190,host,yes,TRUE,Arctocephalus gazella
master_16,Influenza (H5N1 avian influenza),Influenza (H5N1 avian influenza),Ardea alba,110620,host,yes,FALSE,
master_16,Influenza (H5N1 avian influenza),Influenza (H5N1 avian influenza),Ardea cinerea,30390,host,yes,FALSE,
master_16,Influenza (H5N1 avian influenza),Influenza (H5N1 avian influenza),Ardea herodias,56072,host,yes,FALSE,
master_16,Influenza (H5N1 avian influenza),Influenza (H5N1 avian influenza),Ardea purpurea,188373,host,yes,FALSE,
master_16,Influenza (H5N1 avian influenza),Influenza (H5N1 avian influenza),Ardenna gravis,37051,host,yes,FALSE,
master_16,Influenza (H5N1 avian influenza),Influenza (H5N1 avian influenza),Ardenna pacifica,48683,host,yes,FALSE,
master_16,Influenza (H5N1 avian influenza),Influenza (H5N1 avian influenza),Ardeola bacchus,188375,host,yes,FALSE,
master_16,Influenza (H5N1 avian influenza),Influenza (H5N1 avian influenza),Arenaria interpres,54971,host,yes,FALSE,
master_16,Influenza (H5N1 avian influenza),Influenza (H5N1 avian influenza),Arenaria melanocephala,279931,host,yes,FALSE,
master_16,Influenza (H5N1 avian influenza),Influenza (H5N1 avian influenza),Artibeus lituratus,27634,host,yes,TRUE,Artibeus lituratus
master_16,Influenza (H5N1 avian influenza),Influenza (H5N1 avian influenza),Artibeus obscurus,40228,host,yes,TRUE,Artibeus obscurus
master_16,Influenza (H5N1 avian influenza),Influenza (H5N1 avian influenza),Artibeus planirostris,40230,host,yes,TRUE,Artibeus planirostris
master_16,Influenza (H5N1 avian influenza),Influenza (H5N1 avian influenza),Asio flammeus,56267,host,yes,FALSE,
master_16,Influenza (H5N1 avian influenza),Influenza (H5N1 avian influenza),Asio otus,111810,host,yes,FALSE,
master_16,Influenza (H5N1 avian influenza),Influenza (H5N1 avian influenza),Astur gentilis,258924,host,yes,FALSE,
master_16,Influenza (H5N1 avian influenza),Influenza (H5N1 avian influenza),Astur gentilis,8957,host,yes,FALSE,
master_16,Influenza (H5N1 avian influenza),Influenza (H5N1 avian influenza),Athene cunicularia,194338,host,yes,FALSE,
master_16,Influenza (H5N1 avian influenza),Influenza (H5N1 avian influenza),Athene noctua,126797,host,yes,FALSE,
master_16,Influenza (H5N1 avian influenza),Influenza (H5N1 avian influenza),Aythya affinis,189533,host,yes,FALSE,
master_16,Influenza (H5N1 avian influenza),Influenza (H5N1 avian influenza),Aythya americana,30385,host,yes,FALSE,
master_16,Influenza (H5N1 avian influenza),Influenza (H5N1 avian influenza),Aythya baeri,1177618,host,yes,FALSE,
master_16,Influenza (H5N1 avian influenza),Influenza (H5N1 avian influenza),Aythya collaris,189535,host,yes,FALSE,
master_16,Influenza (H5N1 avian influenza),Influenza (H5N1 avian influenza),Aythya ferina,219593,host,yes,FALSE,
master_16,Influenza (H5N1 avian influenza),Influenza (H5N1 avian influenza),Aythya fuligula,219594,host,yes,FALSE,
master_16,Influenza (H5N1 avian influenza),Influenza (H5N1 avian influenza),Aythya marila,189534,host,yes,FALSE,
master_16,Influenza (H5N1 avian influenza),Influenza (H5N1 avian influenza),Aythya nyroca,197939,host,yes,FALSE,
master_16,Influenza (H5N1 avian influenza),Influenza (H5N1 avian influenza),Aythya valisineria,110915,host,yes,FALSE,
master_16,Influenza (H5N1 avian influenza),Influenza (H5N1 avian influenza),Balaenoptera acutorostrata,9767,host,yes,TRUE,Balaenoptera acutorostrata
master_16,Influenza (H5N1 avian influenza),Influenza (H5N1 avian influenza),Bombycilla cedrorum,161648,host,yes,FALSE,
master_16,Influenza (H5N1 avian influenza),Influenza (H5N1 avian influenza),Bonasa umbellus,9000,host,yes,FALSE,
master_16,Influenza (H5N1 avian influenza),Influenza (H5N1 avian influenza),Bos grunniens,30521,host,yes,TRUE,Bos grunniens
master_16,Influenza (H5N1 avian influenza),Influenza (H5N1 avian influenza),Bos taurus,9913,host,yes,TRUE,Bos taurus
master_16,Influenza (H5N1 avian influenza),Influenza (H5N1 avian influenza),Branta bernicla,184712,host,yes,FALSE,
master_16,Influenza (H5N1 avian influenza),Influenza (H5N1 avian influenza),Branta canadensis,8853,host,yes,FALSE,
master_16,Influenza (H5N1 avian influenza),Influenza (H5N1 avian influenza),Branta hutchinsii,371860,host,yes,FALSE,
master_16,Influenza (H5N1 avian influenza),Influenza (H5N1 avian influenza),Branta leucopsis,184711,host,yes,FALSE,
master_16,Influenza (H5N1 avian influenza),Influenza (H5N1 avian influenza),Bubo bubo,30461,host,yes,FALSE,
master_16,Influenza (H5N1 avian influenza),Influenza (H5N1 avian influenza),Bubo scandiacus,371907,host,yes,FALSE,
master_16,Influenza (H5N1 avian influenza),Influenza (H5N1 avian influenza),Bubo virginianus,56268,host,yes,FALSE,
master_16,Influenza (H5N1 avian influenza),Influenza (H5N1 avian influenza),Bubulcus ibis,110668,host,yes,FALSE,
master_16,Influenza (H5N1 avian influenza),Influenza (H5N1 avian influenza),Bucephala albeola,279934,host,yes,FALSE,
master_16,Influenza (H5N1 avian influenza),Influenza (H5N1 avian influenza),Bucephala clangula,107022,host,yes,FALSE,
master_16,Influenza (H5N1 avian influenza),Influenza (H5N1 avian influenza),Burhinus grallarius,585466,host,yes,FALSE,
master_16,Influenza (H5N1 avian influenza),Influenza (H5N1 avian influenza),Butastur indicus,335207,host,yes,FALSE,
master_16,Influenza (H5N1 avian influenza),Influenza (H5N1 avian influenza),Buteo buteo,30397,host,yes,FALSE,
master_16,Influenza (H5N1 avian influenza),Influenza (H5N1 avian influenza),Buteo jamaicensis,56263,host,yes,FALSE,
master_16,Influenza (H5N1 avian influenza),Influenza (H5N1 avian influenza),Buteo japonicus,224669,host,yes,FALSE,
master_16,Influenza (H5N1 avian influenza),Influenza (H5N1 avian influenza),Buteo lagopus,115229,host,yes,FALSE,
master_16,Influenza (H5N1 avian influenza),Influenza (H5N1 avian influenza),Buteo lineatus,223475,host,yes,FALSE,
master_16,Influenza (H5N1 avian influenza),Influenza (H5N1 avian influenza),Buteo platypterus,218281,host,yes,FALSE,
master_16,Influenza (H5N1 avian influenza),Influenza (H5N1 avian influenza),Buteo regalis,223441,host,yes,FALSE,
master_16,Influenza (H5N1 avian influenza),Influenza (H5N1 avian influenza),Buteo rufofuscus,223437,host,yes,FALSE,
master_16,Influenza (H5N1 avian influenza),Influenza (H5N1 avian influenza),Buteo swainsoni,156757,host,yes,FALSE,
master_16,Influenza (H5N1 avian influenza),Influenza (H5N1 avian influenza),Buteogallus urubitinga,223497,host,yes,FALSE,
master_16,Influenza (H5N1 avian influenza),Influenza (H5N1 avian influenza),Butorides striata,433628,host,yes,FALSE,
master_16,Influenza (H5N1 avian influenza),Influenza (H5N1 avian influenza),Butorides virescens,110671,host,yes,FALSE,
master_16,Influenza (H5N1 avian influenza),Influenza (H5N1 avian influenza),Caiman latirostris,190476,host,yes,FALSE,
master_16,Influenza (H5N1 avian influenza),Influenza (H5N1 avian influenza),Cairina moschata,8855,host,yes,FALSE,
master_16,Influenza (H5N1 avian influenza),Influenza (H5N1 avian influenza),Calidris acuminata,192723,host,yes,FALSE,
master_16,Influenza (H5N1 avian influenza),Influenza (H5N1 avian influenza),Calidris alba,279936,host,yes,FALSE,
master_16,Influenza (H5N1 avian influenza),Influenza (H5N1 avian influenza),Calidris alpina,8919,host,yes,FALSE,
master_16,Influenza (H5N1 avian influenza),Influenza (H5N1 avian influenza),Calidris canutus,227173,host,yes,FALSE,
master_16,Influenza (H5N1 avian influenza),Influenza (H5N1 avian influenza),Calidris fuscicollis,279940,host,yes,FALSE,
master_16,Influenza (H5N1 avian influenza),Influenza (H5N1 avian influenza),Calidris mauri,279941,host,yes,FALSE,
master_16,Influenza (H5N1 avian influenza),Influenza (H5N1 avian influenza),Calidris minutilla,279935,host,yes,FALSE,
master_16,Influenza (H5N1 avian influenza),Influenza (H5N1 avian influenza),Calidris pusilla,279961,host,yes,FALSE,
master_16,Influenza (H5N1 avian influenza),Influenza (H5N1 avian influenza),Calidris ruficollis,272047,host,yes,FALSE,
master_16,Influenza (H5N1 avian influenza),Influenza (H5N1 avian influenza),Callonetta leucophrys,75871,host,yes,FALSE,
master_16,Influenza (H5N1 avian influenza),Influenza (H5N1 avian influenza),Camelus bactrianus,9837,host,yes,TRUE,Camelus bactrianus
master_16,Influenza (H5N1 avian influenza),Influenza (H5N1 avian influenza),Camelus dromedarius,9838,host,yes,TRUE,Camelus dromedarius
master_16,Influenza (H5N1 avian influenza),Influenza (H5N1 avian influenza),Canis lupus,9612,host,yes,TRUE,Canis lupus
master_16,Influenza (H5N1 avian influenza),Influenza (H5N1 avian influenza),Canis lupus,9615,host,yes,TRUE,Canis lupus
master_16,Influenza (H5N1 avian influenza),Influenza (H5N1 avian influenza),Capra hircus,9925,host,yes,TRUE,Capra hircus
master_16,Influenza (H5N1 avian influenza),Influenza (H5N1 avian influenza),Caracara plancus,8951,host,yes,FALSE,
master_16,Influenza (H5N1 avian influenza),Influenza (H5N1 avian influenza),Cathartes aura,43455,host,yes,FALSE,
master_16,Influenza (H5N1 avian influenza),Influenza (H5N1 avian influenza),Catharus fuscescens,159581,host,yes,FALSE,
master_16,Influenza (H5N1 avian influenza),Influenza (H5N1 avian influenza),Catharus guttatus,9185,host,yes,FALSE,
master_16,Influenza (H5N1 avian influenza),Influenza (H5N1 avian influenza),Catharus ustulatus,91951,host,yes,FALSE,
master_16,Influenza (H5N1 avian influenza),Influenza (H5N1 avian influenza),Cephalorhynchus eutropia,27608,host,yes,TRUE,Cephalorhynchus eutropia
master_16,Influenza (H5N1 avian influenza),Influenza (H5N1 avian influenza),Cercopithecus mitis kandti,1137481,host,yes,FALSE,
master_16,Influenza (H5N1 avian influenza),Influenza (H5N1 avian influenza),Cereopsis novaehollandiae,8858,host,yes,FALSE,
master_16,Influenza (H5N1 avian influenza),Influenza (H5N1 avian influenza),Chenonetta jubata,45644,host,yes,FALSE,
master_16,Influenza (H5N1 avian influenza),Influenza (H5N1 avian influenza),Chlamydotis undulata,172680,host,yes,FALSE,
master_16,Influenza (H5N1 avian influenza),Influenza (H5N1 avian influenza),Chlidonias hybrida,297805,host,yes,FALSE,
master_16,Influenza (H5N1 avian influenza),Influenza (H5N1 avian influenza),Chlidonias leucopterus,297806,host,yes,FALSE,
master_16,Influenza (H5N1 avian influenza),Influenza (H5N1 avian influenza),Chloephaga picta,8861,host,yes,FALSE,
master_16,Influenza (H5N1 avian influenza),Influenza (H5N1 avian influenza),Chloris chloris,37601,host,yes,FALSE,
master_16,Influenza (H5N1 avian influenza),Influenza (H5N1 avian influenza),Chroicocephalus brunnicephalus,2772041,host,yes,FALSE,
master_16,Influenza (H5N1 avian influenza),Influenza (H5N1 avian influenza),Chroicocephalus cirrocephalus,1192863,host,yes,FALSE,
master_16,Influenza (H5N1 avian influenza),Influenza (H5N1 avian influenza),Chroicocephalus genei,1569666,host,yes,FALSE,
master_16,Influenza (H5N1 avian influenza),Influenza (H5N1 avian influenza),Chroicocephalus maculipennis,287016,host,yes,FALSE,
master_16,Influenza (H5N1 avian influenza),Influenza (H5N1 avian influenza),Chroicocephalus novaehollandiae,2547444,host,yes,FALSE,
master_16,Influenza (H5N1 avian influenza),Influenza (H5N1 avian influenza),Chroicocephalus philadelphia,3149563,host,yes,FALSE,
master_16,Influenza (H5N1 avian influenza),Influenza (H5N1 avian influenza),Chroicocephalus ridibundus,1192867,host,yes,FALSE,
master_16,Influenza (H5N1 avian influenza),Influenza (H5N1 avian influenza),Chrotogale owstoni,94184,host,yes,FALSE,
master_16,Influenza (H5N1 avian influenza),Influenza (H5N1 avian influenza),Chrysolophus pictus,9089,host,yes,FALSE,
master_16,Influenza (H5N1 avian influenza),Influenza (H5N1 avian influenza),Ciconia ciconia,8928,host,yes,FALSE,
master_16,Influenza (H5N1 avian influenza),Influenza (H5N1 avian influenza),Circus aeruginosus,8964,host,yes,FALSE,
master_16,Influenza (H5N1 avian influenza),Influenza (H5N1 avian influenza),Circus hudsonius,2709557,host,yes,FALSE,
master_16,Influenza (H5N1 avian influenza),Influenza (H5N1 avian influenza),Clangula hyemalis,197941,host,yes,FALSE,
master_16,Influenza (H5N1 avian influenza),Influenza (H5N1 avian influenza),Coccycua minuta,1118526,host,yes,FALSE,
master_16,Influenza (H5N1 avian influenza),Influenza (H5N1 avian influenza),Coloeus monedula,30423,host,yes,FALSE,
master_16,Influenza (H5N1 avian influenza),Influenza (H5N1 avian influenza),Columba,8933,host,yes,FALSE,
master_16,Influenza (H5N1 avian influenza),Influenza (H5N1 avian influenza),Columba guinea,135627,host,yes,FALSE,
master_16,Influenza (H5N1 avian influenza),Influenza (H5N1 avian influenza),Columba livia,8932,host,yes,FALSE,
master_16,Influenza (H5N1 avian influenza),Influenza (H5N1 avian influenza),Contopus sordidulus,183522,host,yes,FALSE,
master_16,Influenza (H5N1 avian influenza),Influenza (H5N1 avian influenza),Copsychus saularis,343929,host,yes,FALSE,
master_16,Influenza (H5N1 avian influenza),Influenza (H5N1 avian influenza),Coragyps atratus,33614,host,yes,FALSE,
master_16,Influenza (H5N1 avian influenza),Influenza (H5N1 avian influenza),Corvus brachyrhynchos,85066,host,yes,FALSE,
master_16,Influenza (H5N1 avian influenza),Influenza (H5N1 avian influenza),Corvus caurinus,279967,host,yes,FALSE,
master_16,Influenza (H5N1 avian influenza),Influenza (H5N1 avian influenza),Corvus corax,56781,host,yes,FALSE,
master_16,Influenza (H5N1 avian influenza),Influenza (H5N1 avian influenza),Corvus frugilegus,75140,host,yes,FALSE,
master_16,Influenza (H5N1 avian influenza),Influenza (H5N1 avian influenza),Corvus macrorhynchos,36249,host,yes,FALSE,
master_16,Influenza (H5N1 avian influenza),Influenza (H5N1 avian influenza),Corvus ossifragus,349685,host,yes,FALSE,
master_16,Influenza (H5N1 avian influenza),Influenza (H5N1 avian influenza),Corvus splendens,701737,host,yes,FALSE,
master_16,Influenza (H5N1 avian influenza),Influenza (H5N1 avian influenza),Coscoroba coscoroba,8863,host,yes,FALSE,
master_16,Influenza (H5N1 avian influenza),Influenza (H5N1 avian influenza),Coturnix coturnix,9091,host,yes,FALSE,
master_16,Influenza (H5N1 avian influenza),Influenza (H5N1 avian influenza),Coturnix japonica,93934,host,yes,FALSE,
master_16,Influenza (H5N1 avian influenza),Influenza (H5N1 avian influenza),Crocodylus niloticus,8501,host,yes,FALSE,
master_16,Influenza (H5N1 avian influenza),Influenza (H5N1 avian influenza),Cyanocitta cristata,28727,host,yes,FALSE,
master_16,Influenza (H5N1 avian influenza),Influenza (H5N1 avian influenza),Cygnus atratus,8868,host,yes,FALSE,
master_16,Influenza (H5N1 avian influenza),Influenza (H5N1 avian influenza),Cygnus buccinator,48397,host,yes,FALSE,
master_16,Influenza (H5N1 avian influenza),Influenza (H5N1 avian influenza),Cygnus columbianus,110926,host,yes,FALSE,
master_16,Influenza (H5N1 avian influenza),Influenza (H5N1 avian influenza),Cygnus columbianus,1450144,host,yes,FALSE,
master_16,Influenza (H5N1 avian influenza),Influenza (H5N1 avian influenza),Cygnus columbianus bewickii,541010,host,yes,FALSE,
master_16,Influenza (H5N1 avian influenza),Influenza (H5N1 avian influenza),Cygnus cygnus,219595,host,yes,FALSE,
master_16,Influenza (H5N1 avian influenza),Influenza (H5N1 avian influenza),Cygnus melancoryphus,41691,host,yes,FALSE,
master_16,Influenza (H5N1 avian influenza),Influenza (H5N1 avian influenza),Cygnus olor,8869,host,yes,FALSE,
master_16,Influenza (H5N1 avian influenza),Influenza (H5N1 avian influenza),Cypseloides niger,46500,host,yes,FALSE,
master_16,Influenza (H5N1 avian influenza),Influenza (H5N1 avian influenza),Delphinus delphis,9728,host,yes,TRUE,Delphinus delphis
master_16,Influenza (H5N1 avian influenza),Influenza (H5N1 avian influenza),Dendrocygna autumnalis,8873,host,yes,FALSE,
master_16,Influenza (H5N1 avian influenza),Influenza (H5N1 avian influenza),Dendrocygna eytoni,8875,host,yes,FALSE,
master_16,Influenza (H5N1 avian influenza),Influenza (H5N1 avian influenza),Dendrocygna javanica,60182,host,yes,FALSE,
master_16,Influenza (H5N1 avian influenza),Influenza (H5N1 avian influenza),Dendrocygna viduata,8876,host,yes,FALSE,
master_16,Influenza (H5N1 avian influenza),Influenza (H5N1 avian influenza),Didelphis virginiana,9267,host,yes,TRUE,Didelphis virginiana
master_16,Influenza (H5N1 avian influenza),Influenza (H5N1 avian influenza),Dromaius novaehollandiae,8790,host,yes,FALSE,
master_16,Influenza (H5N1 avian influenza),Influenza (H5N1 avian influenza),Drymotoxeres pucheranii,761979,host,yes,FALSE,
master_16,Influenza (H5N1 avian influenza),Influenza (H5N1 avian influenza),Egretta garzetta,188379,host,yes,FALSE,
master_16,Influenza (H5N1 avian influenza),Influenza (H5N1 avian influenza),Egretta thula,110681,host,yes,FALSE,
master_16,Influenza (H5N1 avian influenza),Influenza (H5N1 avian influenza),Eidolon helvum,77214,host,yes,TRUE,Eidolon helvum
master_16,Influenza (H5N1 avian influenza),Influenza (H5N1 avian influenza),Emberiza spodocephala,125294,host,yes,FALSE,
master_16,Influenza (H5N1 avian influenza),Influenza (H5N1 avian influenza),Empidonax alnorum,209618,host,yes,FALSE,
master_16,Influenza (H5N1 avian influenza),Influenza (H5N1 avian influenza),Empidonax difficilis,183525,host,yes,FALSE,
master_16,Influenza (H5N1 avian influenza),Influenza (H5N1 avian influenza),Enicognathus leptorhynchus,345190,host,yes,FALSE,
master_16,Influenza (H5N1 avian influenza),Influenza (H5N1 avian influenza),Equus,46122,host,yes,FALSE,
master_16,Influenza (H5N1 avian influenza),Influenza (H5N1 avian influenza),Equus asinus,9793,host,yes,TRUE,Equus asinus
master_16,Influenza (H5N1 avian influenza),Influenza (H5N1 avian influenza),Equus caballus,9796,host,yes,TRUE,Equus caballus
master_16,Influenza (H5N1 avian influenza),Influenza (H5N1 avian influenza),Equus ferus,1114792,host,yes,FALSE,
master_16,Influenza (H5N1 avian influenza),Influenza (H5N1 avian influenza),Equus przewalskii,9798,host,yes,TRUE,Equus przewalskii
master_16,Influenza (H5N1 avian influenza),Influenza (H5N1 avian influenza),Eupodotis senegalensis,89385,host,yes,FALSE,
master_16,Influenza (H5N1 avian influenza),Influenza (H5N1 avian influenza),Falco cherrug,345164,host,yes,FALSE,
master_16,Influenza (H5N1 avian influenza),Influenza (H5N1 avian influenza),Falco naumanni,148594,host,yes,FALSE,
master_16,Influenza (H5N1 avian influenza),Influenza (H5N1 avian influenza),Falco peregrinus,8954,host,yes,FALSE,
master_16,Influenza (H5N1 avian influenza),Influenza (H5N1 avian influenza),Falco rusticolus,120794,host,yes,FALSE,
master_16,Influenza (H5N1 avian influenza),Influenza (H5N1 avian influenza),Falco sparverius,56350,host,yes,FALSE,
master_16,Influenza (H5N1 avian influenza),Influenza (H5N1 avian influenza),Falco tinnunculus,100819,host,yes,FALSE,
master_16,Influenza (H5N1 avian influenza),Influenza (H5N1 avian influenza),Felis catus,9685,host,yes,TRUE,Felis catus
master_16,Influenza (H5N1 avian influenza),Influenza (H5N1 avian influenza),Francolinus pintadeanus,472989,host,yes,FALSE,
master_16,Influenza (H5N1 avian influenza),Influenza (H5N1 avian influenza),Fratercula arctica,28701,host,yes,FALSE,
master_16,Influenza (H5N1 avian influenza),Influenza (H5N1 avian influenza),Fratercula corniculata,28702,host,yes,FALSE,
master_16,Influenza (H5N1 avian influenza),Influenza (H5N1 avian influenza),Fregata magnificens,37042,host,yes,FALSE,
master_16,Influenza (H5N1 avian influenza),Influenza (H5N1 avian influenza),Fringilla montifringilla,36255,host,yes,FALSE,
master_16,Influenza (H5N1 avian influenza),Influenza (H5N1 avian influenza),Fulica americana,81903,host,yes,FALSE,
master_16,Influenza (H5N1 avian influenza),Influenza (H5N1 avian influenza),Fulica armillata,555254,host,yes,FALSE,
master_16,Influenza (H5N1 avian influenza),Influenza (H5N1 avian influenza),Fulica atra,9121,host,yes,FALSE,
master_16,Influenza (H5N1 avian influenza),Influenza (H5N1 avian influenza),Fulica rufifrons,555257,host,yes,FALSE,
master_16,Influenza (H5N1 avian influenza),Influenza (H5N1 avian influenza),Fulmarus glacialis,30455,host,yes,FALSE,
master_16,Influenza (H5N1 avian influenza),Influenza (H5N1 avian influenza),Gallicrex cinerea,261967,host,yes,FALSE,
master_16,Influenza (H5N1 avian influenza),Influenza (H5N1 avian influenza),Gallinago gallinago,107377,host,yes,FALSE,
master_16,Influenza (H5N1 avian influenza),Influenza (H5N1 avian influenza),Gallinula chloropus,9123,host,yes,FALSE,
master_16,Influenza (H5N1 avian influenza),Influenza (H5N1 avian influenza),Gallus gallus,9031,host,yes,FALSE,
master_16,Influenza (H5N1 avian influenza),Influenza (H5N1 avian influenza),Garrulax canorus,238855,host,yes,TRUE,Garrulax canorus
master_16,Influenza (H5N1 avian influenza),Influenza (H5N1 avian influenza),Gavia immer,37039,host,yes,FALSE,
master_16,Influenza (H5N1 avian influenza),Influenza (H5N1 avian influenza),Geopelia placida,471127,host,yes,FALSE,
master_16,Influenza (H5N1 avian influenza),Influenza (H5N1 avian influenza),Geothlypis tolmiei,142474,host,yes,FALSE,
master_16,Influenza (H5N1 avian influenza),Influenza (H5N1 avian influenza),Globicephala melas,9731,host,yes,FALSE,
master_16,Influenza (H5N1 avian influenza),Influenza (H5N1 avian influenza),Gracula religiosa,116992,host,yes,FALSE,
master_16,Influenza (H5N1 avian influenza),Influenza (H5N1 avian influenza),Grus japonensis,30415,host,yes,FALSE,
master_16,Influenza (H5N1 avian influenza),Influenza (H5N1 avian influenza),Grus monacha,40818,host,yes,FALSE,
master_16,Influenza (H5N1 avian influenza),Influenza (H5N1 avian influenza),Grus nigricollis,40817,host,yes,FALSE,
master_16,Influenza (H5N1 avian influenza),Influenza (H5N1 avian influenza),Gymnogyps californianus,33616,host,yes,FALSE,
master_16,Influenza (H5N1 avian influenza),Influenza (H5N1 avian influenza),Gyps fulvus,36247,host,yes,FALSE,
master_16,Influenza (H5N1 avian influenza),Influenza (H5N1 avian influenza),Haematopus ater,185689,host,yes,FALSE,
master_16,Influenza (H5N1 avian influenza),Influenza (H5N1 avian influenza),Haematopus moquini,2587770,host,yes,FALSE,
master_16,Influenza (H5N1 avian influenza),Influenza (H5N1 avian influenza),Haematopus palliatus,279960,host,yes,FALSE,
master_16,Influenza (H5N1 avian influenza),Influenza (H5N1 avian influenza),Haliaeetus albicilla,8969,host,yes,FALSE,
master_16,Influenza (H5N1 avian influenza),Influenza (H5N1 avian influenza),Haliaeetus leucocephalus,52644,host,yes,FALSE,
master_16,Influenza (H5N1 avian influenza),Influenza (H5N1 avian influenza),Haliaeetus pelagicus,52647,host,yes,FALSE,
master_16,Influenza (H5N1 avian influenza),Influenza (H5N1 avian influenza),Halichoerus grypus,9711,host,yes,TRUE,Halichoerus grypus
master_16,Influenza (H5N1 avian influenza),Influenza (H5N1 avian influenza),Heteronetta atricapilla,555264,host,yes,FALSE,
master_16,Influenza (H5N1 avian influenza),Influenza (H5N1 avian influenza),Himantopus himantopus,225398,host,yes,FALSE,
master_16,Influenza (H5N1 avian influenza),Influenza (H5N1 avian influenza),Himantopus himantopus,507595,host,yes,FALSE,
master_16,Influenza (H5N1 avian influenza),Influenza (H5N1 avian influenza),Himantopus mexicanus,227231,host,yes,FALSE,
master_16,Influenza (H5N1 avian influenza),Influenza (H5N1 avian influenza),Hirundo rustica,43150,host,yes,FALSE,
master_16,Influenza (H5N1 avian influenza),Influenza (H5N1 avian influenza),Histrionicus histrionicus,68165,host,yes,FALSE,
master_16,Influenza (H5N1 avian influenza),Influenza (H5N1 avian influenza),Homo sapiens,9606,host,yes,FALSE,
master_16,Influenza (H5N1 avian influenza),Influenza (H5N1 avian influenza),Hydroprogne caspia,425641,host,yes,FALSE,
master_16,Influenza (H5N1 avian influenza),Influenza (H5N1 avian influenza),Ichthyaetus ichthyaetus,126702,host,yes,FALSE,
master_16,Influenza (H5N1 avian influenza),Influenza (H5N1 avian influenza),Ichthyaetus melanocephalus,1288290,host,yes,FALSE,
master_16,Influenza (H5N1 avian influenza),Influenza (H5N1 avian influenza),Icteria virens,135437,host,yes,FALSE,
master_16,Influenza (H5N1 avian influenza),Influenza (H5N1 avian influenza),Ixobrychus eurhythmus,670346,host,yes,FALSE,
master_16,Influenza (H5N1 avian influenza),Influenza (H5N1 avian influenza),Junco hyemalis,40217,host,yes,FALSE,
master_16,Influenza (H5N1 avian influenza),Influenza (H5N1 avian influenza),Lagenorhynchus acutus,3371109,host,yes,FALSE,
master_16,Influenza (H5N1 avian influenza),Influenza (H5N1 avian influenza),Lanius schach,276763,host,yes,FALSE,
master_16,Influenza (H5N1 avian influenza),Influenza (H5N1 avian influenza),Larosterna inca,297811,host,yes,FALSE,
master_16,Influenza (H5N1 avian influenza),Influenza (H5N1 avian influenza),Larus argentatus,35669,host,yes,FALSE,
master_16,Influenza (H5N1 avian influenza),Influenza (H5N1 avian influenza),Larus armenicus,119635,host,yes,FALSE,
master_16,Influenza (H5N1 avian influenza),Influenza (H5N1 avian influenza),Larus belcheri,328041,host,yes,FALSE,
master_16,Influenza (H5N1 avian influenza),Influenza (H5N1 avian influenza),Larus cachinnans,119609,host,yes,FALSE,
master_16,Influenza (H5N1 avian influenza),Influenza (H5N1 avian influenza),Larus californicus,126681,host,yes,TRUE,Larus californicus
master_16,Influenza (H5N1 avian influenza),Influenza (H5N1 avian influenza),Larus canus,28681,host,yes,FALSE,
master_16,Influenza (H5N1 avian influenza),Influenza (H5N1 avian influenza),Larus crassirostris,179808,host,yes,FALSE,
master_16,Influenza (H5N1 avian influenza),Influenza (H5N1 avian influenza),Larus delawarensis,126683,host,yes,FALSE,
master_16,Influenza (H5N1 avian influenza),Influenza (H5N1 avian influenza),Larus dominicanus,37036,host,yes,FALSE,
master_16,Influenza (H5N1 avian influenza),Influenza (H5N1 avian influenza),Larus fuscus,8915,host,yes,FALSE,
master_16,Influenza (H5N1 avian influenza),Influenza (H5N1 avian influenza),Larus glaucescens,119606,host,yes,FALSE,
master_16,Influenza (H5N1 avian influenza),Influenza (H5N1 avian influenza),Larus glaucoides,118194,host,yes,FALSE,
master_16,Influenza (H5N1 avian influenza),Influenza (H5N1 avian influenza),Larus glaucoides thayeri,126718,host,yes,FALSE,
master_16,Influenza (H5N1 avian influenza),Influenza (H5N1 avian influenza),Larus hyperboreus,119637,host,yes,TRUE,Larus hyperboreus
master_16,Influenza (H5N1 avian influenza),Influenza (H5N1 avian influenza),Larus marinus,8912,host,yes,FALSE,
master_16,Influenza (H5N1 avian influenza),Influenza (H5N1 avian influenza),Larus michahellis,119627,host,yes,FALSE,
master_16,Influenza (H5N1 avian influenza),Influenza (H5N1 avian influenza),Larus occidentalis,126713,host,yes,FALSE,
master_16,Influenza (H5N1 avian influenza),Influenza (H5N1 avian influenza),Larus schistisagus,119607,host,yes,FALSE,
master_16,Influenza (H5N1 avian influenza),Influenza (H5N1 avian influenza),Larus smithsonianus,243888,host,yes,FALSE,
master_16,Influenza (H5N1 avian influenza),Influenza (H5N1 avian influenza),Larus vegae,119608,host,yes,FALSE,
master_16,Influenza (H5N1 avian influenza),Influenza (H5N1 avian influenza),Leiothrix argentauris,201335,host,yes,FALSE,
master_16,Influenza (H5N1 avian influenza),Influenza (H5N1 avian influenza),Leiothrix lutea,36275,host,yes,FALSE,
master_16,Influenza (H5N1 avian influenza),Influenza (H5N1 avian influenza),Leopardus geoffroyi,46844,host,yes,TRUE,Leopardus geoffroyi
master_16,Influenza (H5N1 avian influenza),Influenza (H5N1 avian influenza),Leptailurus serval,61405,host,yes,TRUE,Leptailurus serval
master_16,Influenza (H5N1 avian influenza),Influenza (H5N1 avian influenza),Leptoptilos crumenifer,3150064,host,yes,FALSE,
master_16,Influenza (H5N1 avian influenza),Influenza (H5N1 avian influenza),Leucocarbo bougainvilliorum,146616,host,yes,FALSE,
master_16,Influenza (H5N1 avian influenza),Influenza (H5N1 avian influenza),Leucocarbo georgianus,732180,host,yes,FALSE,
master_16,Influenza (H5N1 avian influenza),Influenza (H5N1 avian influenza),Leucophaeus atricilla,126679,host,yes,FALSE,
master_16,Influenza (H5N1 avian influenza),Influenza (H5N1 avian influenza),Leucophaeus modestus,1471025,host,yes,FALSE,
master_16,Influenza (H5N1 avian influenza),Influenza (H5N1 avian influenza),Leucophaeus pipixcan,690715,host,yes,FALSE,
master_16,Influenza (H5N1 avian influenza),Influenza (H5N1 avian influenza),Leucophaeus scoresbii,328019,host,yes,FALSE,
master_16,Influenza (H5N1 avian influenza),Influenza (H5N1 avian influenza),Limnodromus griseus,279949,host,yes,FALSE,
master_16,Influenza (H5N1 avian influenza),Influenza (H5N1 avian influenza),Limosa limosa,161680,host,yes,FALSE,
master_16,Influenza (H5N1 avian influenza),Influenza (H5N1 avian influenza),Linaria flavirostris,90717,host,yes,FALSE,
master_16,Influenza (H5N1 avian influenza),Influenza (H5N1 avian influenza),Lonchura atricapilla,1036803,host,yes,FALSE,
master_16,Influenza (H5N1 avian influenza),Influenza (H5N1 avian influenza),Lonchura punctulata,414892,host,yes,FALSE,
master_16,Influenza (H5N1 avian influenza),Influenza (H5N1 avian influenza),Lonchura striata,40157,host,yes,FALSE,
master_16,Influenza (H5N1 avian influenza),Influenza (H5N1 avian influenza),Lontra felina,76718,host,yes,FALSE,
master_16,Influenza (H5N1 avian influenza),Influenza (H5N1 avian influenza),Lontra provocax,366500,host,yes,TRUE,Lontra provocax
master_16,Influenza (H5N1 avian influenza),Influenza (H5N1 avian influenza),Lophodytes cucullatus,279951,host,yes,FALSE,
master_16,Influenza (H5N1 avian influenza),Influenza (H5N1 avian influenza),Lophura ignita,9044,host,yes,FALSE,
master_16,Influenza (H5N1 avian influenza),Influenza (H5N1 avian influenza),Lophura leucomelanos,140445,host,yes,FALSE,
master_16,Influenza (H5N1 avian influenza),Influenza (H5N1 avian influenza),Lophura nycthemera,9046,host,yes,FALSE,
master_16,Influenza (H5N1 avian influenza),Influenza (H5N1 avian influenza),Lynx rufus,61384,host,yes,TRUE,Lynx rufus
master_16,Influenza (H5N1 avian influenza),Influenza (H5N1 avian influenza),Macaca,9549,host,yes,FALSE,
master_16,Influenza (H5N1 avian influenza),Influenza (H5N1 avian influenza),Malacorhynchus membranaceus,45646,host,yes,FALSE,
master_16,Influenza (H5N1 avian influenza),Influenza (H5N1 avian influenza),Mareca americana,75832,host,yes,FALSE,
master_16,Influenza (H5N1 avian influenza),Influenza (H5N1 avian influenza),Mareca falcata,75844,host,yes,FALSE,
master_16,Influenza (H5N1 avian influenza),Influenza (H5N1 avian influenza),Mareca penelope,8838,host,yes,FALSE,
master_16,Influenza (H5N1 avian influenza),Influenza (H5N1 avian influenza),Mareca sibilatrix,75858,host,yes,FALSE,
master_16,Influenza (H5N1 avian influenza),Influenza (H5N1 avian influenza),Mareca strepera,75861,host,yes,FALSE,
master_16,Influenza (H5N1 avian influenza),Influenza (H5N1 avian influenza),Marmaronetta angustirostris,75875,host,yes,FALSE,
master_16,Influenza (H5N1 avian influenza),Influenza (H5N1 avian influenza),Martes foina,9659,host,yes,TRUE,Martes foina
master_16,Influenza (H5N1 avian influenza),Influenza (H5N1 avian influenza),Megascops choliba,507958,host,yes,FALSE,
master_16,Influenza (H5N1 avian influenza),Influenza (H5N1 avian influenza),Melanitta americana,1581554,host,yes,FALSE,
master_16,Influenza (H5N1 avian influenza),Influenza (H5N1 avian influenza),Melanitta fusca,371864,host,yes,FALSE,
master_16,Influenza (H5N1 avian influenza),Influenza (H5N1 avian influenza),Melanitta nigra,198027,host,yes,FALSE,
master_16,Influenza (H5N1 avian influenza),Influenza (H5N1 avian influenza),Melanitta perspicillata,371863,host,yes,FALSE,
master_16,Influenza (H5N1 avian influenza),Influenza (H5N1 avian influenza),Meleagris gallopavo,9103,host,yes,FALSE,
master_16,Influenza (H5N1 avian influenza),Influenza (H5N1 avian influenza),Meles leucurus,702266,host,yes,TRUE,Meles leucurus
master_16,Influenza (H5N1 avian influenza),Influenza (H5N1 avian influenza),Melospiza melodia,44397,host,yes,FALSE,
master_16,Influenza (H5N1 avian influenza),Influenza (H5N1 avian influenza),Melursus ursinus,9636,host,yes,TRUE,Melursus ursinus
master_16,Influenza (H5N1 avian influenza),Influenza (H5N1 avian influenza),Mephitis mephitis,30548,host,yes,TRUE,Mephitis mephitis
master_16,Influenza (H5N1 avian influenza),Influenza (H5N1 avian influenza),Mergellus albellus,107026,host,yes,FALSE,
master_16,Influenza (H5N1 avian influenza),Influenza (H5N1 avian influenza),Mergus merganser,8880,host,yes,FALSE,
master_16,Influenza (H5N1 avian influenza),Influenza (H5N1 avian influenza),Merops apiaster,265611,host,yes,FALSE,
master_16,Influenza (H5N1 avian influenza),Influenza (H5N1 avian influenza),Microcarbo coronatus,1523041,host,yes,FALSE,
master_16,Influenza (H5N1 avian influenza),Influenza (H5N1 avian influenza),Microcarbo niger,1517963,host,yes,FALSE,
master_16,Influenza (H5N1 avian influenza),Influenza (H5N1 avian influenza),Milvago chimango,357707,host,yes,FALSE,
master_16,Influenza (H5N1 avian influenza),Influenza (H5N1 avian influenza),Milvus migrans,52810,host,yes,FALSE,
master_16,Influenza (H5N1 avian influenza),Influenza (H5N1 avian influenza),Mirounga angustirostris,9716,host,yes,FALSE,
master_16,Influenza (H5N1 avian influenza),Influenza (H5N1 avian influenza),Mirounga leonina,9715,host,yes,TRUE,Mirounga leonina
master_16,Influenza (H5N1 avian influenza),Influenza (H5N1 avian influenza),Montifringilla henrici,2557930,host,yes,FALSE,
master_16,Influenza (H5N1 avian influenza),Influenza (H5N1 avian influenza),Morus bassanus,37578,host,yes,FALSE,
master_16,Influenza (H5N1 avian influenza),Influenza (H5N1 avian influenza),Motacilla alba,45807,host,yes,FALSE,
master_16,Influenza (H5N1 avian influenza),Influenza (H5N1 avian influenza),Mus musculus,10090,host,yes,TRUE,Mus musculus
master_16,Influenza (H5N1 avian influenza),Influenza (H5N1 avian influenza),Mustela,30549,host,yes,FALSE,
master_16,Influenza (H5N1 avian influenza),Influenza (H5N1 avian influenza),Mustela erminea,36723,host,yes,TRUE,Mustela erminea
master_16,Influenza (H5N1 avian influenza),Influenza (H5N1 avian influenza),Mustela lutreola,9666,host,yes,TRUE,Mustela lutreola
master_16,Influenza (H5N1 avian influenza),Influenza (H5N1 avian influenza),Mustela nigripes,77151,host,yes,TRUE,Mustela nigripes
master_16,Influenza (H5N1 avian influenza),Influenza (H5N1 avian influenza),Mustela putorius,9668,host,yes,TRUE,Mustela putorius
master_16,Influenza (H5N1 avian influenza),Influenza (H5N1 avian influenza),Mustela putorius,9669,host,yes,TRUE,Mustela putorius
master_16,Influenza (H5N1 avian influenza),Influenza (H5N1 avian influenza),Myiopsitta monachus,176066,host,yes,FALSE,
master_16,Influenza (H5N1 avian influenza),Influenza (H5N1 avian influenza),Myrmecophaga tridactyla,71006,host,yes,TRUE,Myrmecophaga tridactyla
master_16,Influenza (H5N1 avian influenza),Influenza (H5N1 avian influenza),Nannopterum auritum,56069,host,yes,FALSE,
master_16,Influenza (H5N1 avian influenza),Influenza (H5N1 avian influenza),Nannopterum brasilianum,37046,host,yes,FALSE,
master_16,Influenza (H5N1 avian influenza),Influenza (H5N1 avian influenza),Nasua nasua,9651,host,yes,TRUE,Nasua nasua
master_16,Influenza (H5N1 avian influenza),Influenza (H5N1 avian influenza),Necrosyrtes monachus,30399,host,yes,FALSE,
master_16,Influenza (H5N1 avian influenza),Influenza (H5N1 avian influenza),Neofelis nebulosa,61452,host,yes,FALSE,
master_16,Influenza (H5N1 avian influenza),Influenza (H5N1 avian influenza),Neogale vison,452646,host,yes,FALSE,
master_16,Influenza (H5N1 avian influenza),Influenza (H5N1 avian influenza),Netta peposaca,541013,host,yes,FALSE,
master_16,Influenza (H5N1 avian influenza),Influenza (H5N1 avian influenza),Netta rufina,30387,host,yes,FALSE,
master_16,Influenza (H5N1 avian influenza),Influenza (H5N1 avian influenza),Nisaetus cirrhatus,252795,host,yes,FALSE,
master_16,Influenza (H5N1 avian influenza),Influenza (H5N1 avian influenza),Nisaetus nipalensis,214438,host,yes,FALSE,
master_16,Influenza (H5N1 avian influenza),Influenza (H5N1 avian influenza),Numenius arquata,31919,host,yes,FALSE,
master_16,Influenza (H5N1 avian influenza),Influenza (H5N1 avian influenza),Numenius phaeopus,161676,host,yes,FALSE,
master_16,Influenza (H5N1 avian influenza),Influenza (H5N1 avian influenza),Numida meleagris,8996,host,yes,FALSE,
master_16,Influenza (H5N1 avian influenza),Influenza (H5N1 avian influenza),Numididae,8997,host,yes,FALSE,
master_16,Influenza (H5N1 avian influenza),Influenza (H5N1 avian influenza),Nyctalus noctula,51300,host,yes,TRUE,Nyctalus noctula
master_16,Influenza (H5N1 avian influenza),Influenza (H5N1 avian influenza),Nyctereutes procyonoides,34880,host,yes,TRUE,Nyctereutes procyonoides
master_16,Influenza (H5N1 avian influenza),Influenza (H5N1 avian influenza),Nycticorax nycticorax,8901,host,yes,FALSE,
master_16,Influenza (H5N1 avian influenza),Influenza (H5N1 avian influenza),Ochotona curzoniae,130825,host,yes,TRUE,Ochotona curzoniae
master_16,Influenza (H5N1 avian influenza),Influenza (H5N1 avian influenza),Oenanthe isabellina,358819,host,yes,FALSE,
master_16,Influenza (H5N1 avian influenza),Influenza (H5N1 avian influenza),Ondatra zibethicus,10060,host,yes,TRUE,Ondatra zibethicus
master_16,Influenza (H5N1 avian influenza),Influenza (H5N1 avian influenza),Onychoprion fuscatus,425648,host,yes,FALSE,
master_16,Influenza (H5N1 avian influenza),Influenza (H5N1 avian influenza),Ortalis vetula,8984,host,yes,FALSE,
master_16,Influenza (H5N1 avian influenza),Influenza (H5N1 avian influenza),Otaria byronia,161932,host,yes,TRUE,Otaria byronia
master_16,Influenza (H5N1 avian influenza),Influenza (H5N1 avian influenza),Otis tarda,73107,host,yes,FALSE,
master_16,Influenza (H5N1 avian influenza),Influenza (H5N1 avian influenza),Oxyura jamaicensis,8884,host,yes,FALSE,
master_16,Influenza (H5N1 avian influenza),Influenza (H5N1 avian influenza),Paguma larvata,9675,host,yes,TRUE,Paguma larvata
master_16,Influenza (H5N1 avian influenza),Influenza (H5N1 avian influenza),Paleosuchus trigonatus,38658,host,yes,FALSE,
master_16,Influenza (H5N1 avian influenza),Influenza (H5N1 avian influenza),Pandion haliaetus,56262,host,yes,FALSE,
master_16,Influenza (H5N1 avian influenza),Influenza (H5N1 avian influenza),Panthera leo,9689,host,yes,TRUE,Panthera leo
master_16,Influenza (H5N1 avian influenza),Influenza (H5N1 avian influenza),Panthera pardus,9691,host,yes,TRUE,Panthera pardus
master_16,Influenza (H5N1 avian influenza),Influenza (H5N1 avian influenza),Panthera tigris,74535,host,yes,TRUE,Panthera tigris
master_16,Influenza (H5N1 avian influenza),Influenza (H5N1 avian influenza),Panthera tigris,9694,host,yes,TRUE,Panthera tigris
master_16,Influenza (H5N1 avian influenza),Influenza (H5N1 avian influenza),Parabuteo unicinctus,223492,host,yes,FALSE,
master_16,Influenza (H5N1 avian influenza),Influenza (H5N1 avian influenza),Parkesia noveboracensis,182947,host,yes,FALSE,
master_16,Influenza (H5N1 avian influenza),Influenza (H5N1 avian influenza),Parus major,9157,host,yes,FALSE,
master_16,Influenza (H5N1 avian influenza),Influenza (H5N1 avian influenza),Passer domesticus,48849,host,yes,FALSE,
master_16,Influenza (H5N1 avian influenza),Influenza (H5N1 avian influenza),Passer montanus,9160,host,yes,FALSE,
master_16,Influenza (H5N1 avian influenza),Influenza (H5N1 avian influenza),Passerella iliaca,44389,host,yes,FALSE,
master_16,Influenza (H5N1 avian influenza),Influenza (H5N1 avian influenza),Pavo cristatus,9049,host,yes,FALSE,
master_16,Influenza (H5N1 avian influenza),Influenza (H5N1 avian influenza),Pavo muticus,9050,host,yes,FALSE,
master_16,Influenza (H5N1 avian influenza),Influenza (H5N1 avian influenza),Pekania pennanti,76720,host,yes,FALSE,
master_16,Influenza (H5N1 avian influenza),Influenza (H5N1 avian influenza),Pelecanus crispus,36300,host,yes,FALSE,
master_16,Influenza (H5N1 avian influenza),Influenza (H5N1 avian influenza),Pelecanus erythrorhynchos,33618,host,yes,FALSE,
master_16,Influenza (H5N1 avian influenza),Influenza (H5N1 avian influenza),Pelecanus occidentalis,37043,host,yes,FALSE,
master_16,Influenza (H5N1 avian influenza),Influenza (H5N1 avian influenza),Pelecanus thagus,1108811,host,yes,FALSE,
master_16,Influenza (H5N1 avian influenza),Influenza (H5N1 avian influenza),Phalacrocorax capensis,146614,host,yes,FALSE,
master_16,Influenza (H5N1 avian influenza),Influenza (H5N1 avian influenza),Phalacrocorax carbo,9209,host,yes,FALSE,
master_16,Influenza (H5N1 avian influenza),Influenza (H5N1 avian influenza),Phalaropus lobatus,240204,host,yes,FALSE,
master_16,Influenza (H5N1 avian influenza),Influenza (H5N1 avian influenza),Phasianus colchicus,9054,host,yes,FALSE,
master_16,Influenza (H5N1 avian influenza),Influenza (H5N1 avian influenza),Phoca vitulina,9720,host,yes,TRUE,Phoca vitulina
master_16,Influenza (H5N1 avian influenza),Influenza (H5N1 avian influenza),Phocoena spinipinnis,27614,host,yes,FALSE,
master_16,Influenza (H5N1 avian influenza),Influenza (H5N1 avian influenza),Phoenicopterus chilensis,117000,host,yes,FALSE,
master_16,Influenza (H5N1 avian influenza),Influenza (H5N1 avian influenza),Phoenicopterus roseus,435638,host,yes,FALSE,
master_16,Influenza (H5N1 avian influenza),Influenza (H5N1 avian influenza),Phoenicopterus ruber,9217,host,yes,FALSE,
master_16,Influenza (H5N1 avian influenza),Influenza (H5N1 avian influenza),Pica hudsonia,158052,host,yes,FALSE,
master_16,Influenza (H5N1 avian influenza),Influenza (H5N1 avian influenza),Pica pica,34924,host,yes,FALSE,
master_16,Influenza (H5N1 avian influenza),Influenza (H5N1 avian influenza),Pionus menstruus,13214,host,yes,FALSE,
master_16,Influenza (H5N1 avian influenza),Influenza (H5N1 avian influenza),Pipistrellus kuhlii,59472,host,yes,TRUE,Pipistrellus kuhlii
master_16,Influenza (H5N1 avian influenza),Influenza (H5N1 avian influenza),Piranga ludoviciana,63520,host,yes,FALSE,
master_16,Influenza (H5N1 avian influenza),Influenza (H5N1 avian influenza),Plectropterus gambensis,658924,host,yes,FALSE,
master_16,Influenza (H5N1 avian influenza),Influenza (H5N1 avian influenza),Plegadis chihi,302533,host,yes,FALSE,
master_16,Influenza (H5N1 avian influenza),Influenza (H5N1 avian influenza),Plegadis falcinellus,52788,host,yes,FALSE,
master_16,Influenza (H5N1 avian influenza),Influenza (H5N1 avian influenza),Pluvialis dominica,240205,host,yes,FALSE,
master_16,Influenza (H5N1 avian influenza),Influenza (H5N1 avian influenza),Pluvialis fulva,371922,host,yes,FALSE,
master_16,Influenza (H5N1 avian influenza),Influenza (H5N1 avian influenza),Pluvialis squatarola,171273,host,yes,FALSE,
master_16,Influenza (H5N1 avian influenza),Influenza (H5N1 avian influenza),Podargus strigoides,8905,host,yes,FALSE,
master_16,Influenza (H5N1 avian influenza),Influenza (H5N1 avian influenza),Podiceps auritus,37050,host,yes,FALSE,
master_16,Influenza (H5N1 avian influenza),Influenza (H5N1 avian influenza),Podiceps cristatus,345573,host,yes,FALSE,
master_16,Influenza (H5N1 avian influenza),Influenza (H5N1 avian influenza),Podiceps grisegena,80367,host,yes,FALSE,
master_16,Influenza (H5N1 avian influenza),Influenza (H5N1 avian influenza),Podiceps major,555330,host,yes,FALSE,
master_16,Influenza (H5N1 avian influenza),Influenza (H5N1 avian influenza),Polysticta stelleri,234623,host,yes,FALSE,
master_16,Influenza (H5N1 avian influenza),Influenza (H5N1 avian influenza),Procellaria aequinoctialis,53665,host,yes,FALSE,
master_16,Influenza (H5N1 avian influenza),Influenza (H5N1 avian influenza),Procyon lotor,9654,host,yes,TRUE,Procyon lotor
master_16,Influenza (H5N1 avian influenza),Influenza (H5N1 avian influenza),Pteropus alecto,9402,host,yes,TRUE,Pteropus alecto
master_16,Influenza (H5N1 avian influenza),Influenza (H5N1 avian influenza),Puma concolor,9696,host,yes,TRUE,Puma concolor
master_16,Influenza (H5N1 avian influenza),Influenza (H5N1 avian influenza),Pusa caspica,693431,host,yes,FALSE,
master_16,Influenza (H5N1 avian influenza),Influenza (H5N1 avian influenza),Pygoscelis adeliae,9238,host,yes,FALSE,
master_16,Influenza (H5N1 avian influenza),Influenza (H5N1 avian influenza),Pygoscelis antarcticus,79643,host,yes,FALSE,
master_16,Influenza (H5N1 avian influenza),Influenza (H5N1 avian influenza),Pygoscelis papua,30457,host,yes,FALSE,
master_16,Influenza (H5N1 avian influenza),Influenza (H5N1 avian influenza),Quiscalus mexicanus,64278,host,yes,FALSE,
master_16,Influenza (H5N1 avian influenza),Influenza (H5N1 avian influenza),Quiscalus quiscula,84782,host,yes,FALSE,
master_16,Influenza (H5N1 avian influenza),Influenza (H5N1 avian influenza),Rattus norvegicus,10116,host,yes,TRUE,Rattus norvegicus
master_16,Influenza (H5N1 avian influenza),Influenza (H5N1 avian influenza),Regulus satrapa,13245,host,yes,FALSE,
master_16,Influenza (H5N1 avian influenza),Influenza (H5N1 avian influenza),Rhynchotus rufescens,30466,host,yes,FALSE,
master_16,Influenza (H5N1 avian influenza),Influenza (H5N1 avian influenza),Rissa tridactyla,75485,host,yes,FALSE,
master_16,Influenza (H5N1 avian influenza),Influenza (H5N1 avian influenza),Rousettus aegyptiacus,9407,host,yes,TRUE,Rousettus aegyptiacus
master_16,Influenza (H5N1 avian influenza),Influenza (H5N1 avian influenza),Rousettus amplexicaudatus,58083,host,yes,FALSE,
master_16,Influenza (H5N1 avian influenza),Influenza (H5N1 avian influenza),Rynchops niger,227184,host,yes,FALSE,
master_16,Influenza (H5N1 avian influenza),Influenza (H5N1 avian influenza),Sarkidiornis sylvicola,1577981,host,yes,TRUE,Sarkidiornis sylvicola
master_16,Influenza (H5N1 avian influenza),Influenza (H5N1 avian influenza),Saxicola torquatus,230656,host,yes,FALSE,
master_16,Influenza (H5N1 avian influenza),Influenza (H5N1 avian influenza),Scolopax minor,56299,host,yes,FALSE,
master_16,Influenza (H5N1 avian influenza),Influenza (H5N1 avian influenza),Scolopax rusticola,100826,host,yes,FALSE,
master_16,Influenza (H5N1 avian influenza),Influenza (H5N1 avian influenza),Setophaga auduboni,1037455,host,yes,FALSE,
master_16,Influenza (H5N1 avian influenza),Influenza (H5N1 avian influenza),Sibirionetta formosa,56278,host,yes,FALSE,
master_16,Influenza (H5N1 avian influenza),Influenza (H5N1 avian influenza),Somateria fischeri,50367,host,yes,FALSE,
master_16,Influenza (H5N1 avian influenza),Influenza (H5N1 avian influenza),Somateria mollissima,76058,host,yes,FALSE,
master_16,Influenza (H5N1 avian influenza),Influenza (H5N1 avian influenza),Somateria spectabilis,203439,host,yes,FALSE,
master_16,Influenza (H5N1 avian influenza),Influenza (H5N1 avian influenza),Spatula clypeata,75838,host,yes,FALSE,
master_16,Influenza (H5N1 avian influenza),Influenza (H5N1 avian influenza),Spatula cyanoptera,75840,host,yes,FALSE,
master_16,Influenza (H5N1 avian influenza),Influenza (H5N1 avian influenza),Spatula discors,75842,host,yes,FALSE,
master_16,Influenza (H5N1 avian influenza),Influenza (H5N1 avian influenza),Spatula platalea,75853,host,yes,FALSE,
master_16,Influenza (H5N1 avian influenza),Influenza (H5N1 avian influenza),Spatula querquedula,75856,host,yes,FALSE,
master_16,Influenza (H5N1 avian influenza),Influenza (H5N1 avian influenza),Spatula versicolor,75863,host,yes,FALSE,
master_16,Influenza (H5N1 avian influenza),Influenza (H5N1 avian influenza),Spheniscus demersus,92683,host,yes,FALSE,
master_16,Influenza (H5N1 avian influenza),Influenza (H5N1 avian influenza),Spheniscus humboldti,9240,host,yes,FALSE,
master_16,Influenza (H5N1 avian influenza),Influenza (H5N1 avian influenza),Spilopelia chinensis,115700,host,yes,FALSE,
master_16,Influenza (H5N1 avian influenza),Influenza (H5N1 avian influenza),Spodiopsar sericeus,3151063,host,yes,FALSE,
master_16,Influenza (H5N1 avian influenza),Influenza (H5N1 avian influenza),Stercorarius antarcticus,54054,host,yes,FALSE,
master_16,Influenza (H5N1 avian influenza),Influenza (H5N1 avian influenza),Stercorarius maccormicki,395889,host,yes,FALSE,
master_16,Influenza (H5N1 avian influenza),Influenza (H5N1 avian influenza),Sterna hirundinacea,227186,host,yes,TRUE,Sterna hirundinacea
master_16,Influenza (H5N1 avian influenza),Influenza (H5N1 avian influenza),Sterna hirundo,108405,host,yes,FALSE,
master_16,Influenza (H5N1 avian influenza),Influenza (H5N1 avian influenza),Sterna paradisaea,279953,host,yes,FALSE,
master_16,Influenza (H5N1 avian influenza),Influenza (H5N1 avian influenza),Sterna vittata,297828,host,yes,FALSE,
master_16,Influenza (H5N1 avian influenza),Influenza (H5N1 avian influenza),Sternula albifrons,507597,host,yes,FALSE,
master_16,Influenza (H5N1 avian influenza),Influenza (H5N1 avian influenza),Streptopelia decaocto,177147,host,yes,FALSE,
master_16,Influenza (H5N1 avian influenza),Influenza (H5N1 avian influenza),Strix aluco,111821,host,yes,FALSE,
master_16,Influenza (H5N1 avian influenza),Influenza (H5N1 avian influenza),Strix nebulosa,126836,host,yes,TRUE,Strix nebulosa
master_16,Influenza (H5N1 avian influenza),Influenza (H5N1 avian influenza),Strix uralensis,36305,host,yes,TRUE,Strix uralensis
master_16,Influenza (H5N1 avian influenza),Influenza (H5N1 avian influenza),Struthio camelus,8801,host,yes,TRUE,Struthio camelus
master_16,Influenza (H5N1 avian influenza),Influenza (H5N1 avian influenza),Sturnira lilium,27660,host,yes,FALSE,
master_16,Influenza (H5N1 avian influenza),Influenza (H5N1 avian influenza),Sturnus vulgaris,9172,host,yes,FALSE,
master_16,Influenza (H5N1 avian influenza),Influenza (H5N1 avian influenza),Sula leucogaster,57661,host,yes,FALSE,
master_16,Influenza (H5N1 avian influenza),Influenza (H5N1 avian influenza),Sula variegata,57663,host,yes,FALSE,
master_16,Influenza (H5N1 avian influenza),Influenza (H5N1 avian influenza),Suncus murinus,9378,host,yes,TRUE,Suncus murinus
master_16,Influenza (H5N1 avian influenza),Influenza (H5N1 avian influenza),Suricata suricatta,37032,host,yes,TRUE,Suricata suricatta
master_16,Influenza (H5N1 avian influenza),Influenza (H5N1 avian influenza),Sus scrofa,415978,host,yes,TRUE,Sus scrofa
master_16,Influenza (H5N1 avian influenza),Influenza (H5N1 avian influenza),Sus scrofa,9823,host,yes,TRUE,Sus scrofa
master_16,Influenza (H5N1 avian influenza),Influenza (H5N1 avian influenza),Sus scrofa,9825,host,yes,TRUE,Sus scrofa
master_16,Influenza (H5N1 avian influenza),Influenza (H5N1 avian influenza),Syrrhaptes paradoxus,302527,host,yes,FALSE,
master_16,Influenza (H5N1 avian influenza),Influenza (H5N1 avian influenza),Tachybaptus ruficollis,100828,host,yes,FALSE,
master_16,Influenza (H5N1 avian influenza),Influenza (H5N1 avian influenza),Tadorna ferruginea,45639,host,yes,FALSE,
master_16,Influenza (H5N1 avian influenza),Influenza (H5N1 avian influenza),Tadorna tadorna,75865,host,yes,FALSE,
master_16,Influenza (H5N1 avian influenza),Influenza (H5N1 avian influenza),Tadorna tadornoides,45638,host,yes,FALSE,
master_16,Influenza (H5N1 avian influenza),Influenza (H5N1 avian influenza),Taphozous perforatus,1381355,host,yes,FALSE,
master_16,Influenza (H5N1 avian influenza),Influenza (H5N1 avian influenza),Thalasseus elegans,297817,host,yes,FALSE,
master_16,Influenza (H5N1 avian influenza),Influenza (H5N1 avian influenza),Thalasseus maximus,555356,host,yes,FALSE,
master_16,Influenza (H5N1 avian influenza),Influenza (H5N1 avian influenza),Thalasseus sandvicensis,126723,host,yes,FALSE,
master_16,Influenza (H5N1 avian influenza),Influenza (H5N1 avian influenza),Threskiornis aethiopicus,100858,host,yes,FALSE,
master_16,Influenza (H5N1 avian influenza),Influenza (H5N1 avian influenza),Thryomanes bewickii,241536,host,yes,FALSE,
master_16,Influenza (H5N1 avian influenza),Influenza (H5N1 avian influenza),Tringa glareola,171269,host,yes,FALSE,
master_16,Influenza (H5N1 avian influenza),Influenza (H5N1 avian influenza),Tringa semipalmata,507600,host,yes,FALSE,
master_16,Influenza (H5N1 avian influenza),Influenza (H5N1 avian influenza),Tringa totanus,171271,host,yes,FALSE,
master_16,Influenza (H5N1 avian influenza),Influenza (H5N1 avian influenza),Turdus merula,9187,host,yes,FALSE,
master_16,Influenza (H5N1 avian influenza),Influenza (H5N1 avian influenza),Turdus migratorius,9188,host,yes,FALSE,
master_16,Influenza (H5N1 avian influenza),Influenza (H5N1 avian influenza),Turdus pilaris,357736,host,yes,FALSE,
master_16,Influenza (H5N1 avian influenza),Influenza (H5N1 avian influenza),Tursiops truncatus,9739,host,yes,FALSE,
master_16,Influenza (H5N1 avian influenza),Influenza (H5N1 avian influenza),Tyto alba,56313,host,yes,FALSE,
master_16,Influenza (H5N1 avian influenza),Influenza (H5N1 avian influenza),Tyto furcata,507989,host,yes,FALSE,
master_16,Influenza (H5N1 avian influenza),Influenza (H5N1 avian influenza),Uria aalge,13746,host,yes,FALSE,
master_16,Influenza (H5N1 avian influenza),Influenza (H5N1 avian influenza),Uria lomvia,28711,host,yes,FALSE,
master_16,Influenza (H5N1 avian influenza),Influenza (H5N1 avian influenza),Urocissa erythroryncha,56796,host,yes,FALSE,
master_16,Influenza (H5N1 avian influenza),Influenza (H5N1 avian influenza),Ursus americanus,9643,host,yes,TRUE,Ursus americanus
master_16,Influenza (H5N1 avian influenza),Influenza (H5N1 avian influenza),Ursus arctos,9644,host,yes,TRUE,Ursus arctos
master_16,Influenza (H5N1 avian influenza),Influenza (H5N1 avian influenza),Ursus maritimus,29073,host,yes,TRUE,Ursus maritimus
master_16,Influenza (H5N1 avian influenza),Influenza (H5N1 avian influenza),Vanellus chilensis,50404,host,yes,FALSE,
master_16,Influenza (H5N1 avian influenza),Influenza (H5N1 avian influenza),Vanellus spinosus,8909,host,yes,FALSE,
master_16,Influenza (H5N1 avian influenza),Influenza (H5N1 avian influenza),Vanellus vanellus,100859,host,yes,FALSE,
master_16,Influenza (H5N1 avian influenza),Influenza (H5N1 avian influenza),Vicugna pacos,30538,host,yes,FALSE,
master_16,Influenza (H5N1 avian influenza),Influenza (H5N1 avian influenza),Vulpes vulpes,9627,host,yes,TRUE,Vulpes vulpes
master_16,Influenza (H5N1 avian influenza),Influenza (H5N1 avian influenza),Xema sabini,128050,host,yes,FALSE,
master_16,Influenza (H5N1 avian influenza),Influenza (H5N1 avian influenza),Zalophus californianus,9704,host,yes,TRUE,Zalophus californianus
master_16,Influenza (H5N1 avian influenza),Influenza (H5N1 avian influenza),Zenaida asiatica,93382,host,yes,FALSE,
master_16,Influenza (H5N1 avian influenza),Influenza (H5N1 avian influenza),Zoothera dauma,36288,host,yes,TRUE,Zoothera dauma
master_16,Influenza (H5N1 avian influenza),Influenza (H5N1 avian influenza),Zosterops japonicus,36299,host,yes,FALSE,
master_16,Influenza (H5N1 avian influenza),Influenza (H5N1 avian influenza),actitis hypoleucos,320702,host,yes,FALSE,
master_16,Influenza (H5N1 avian influenza),Influenza (H5N1 avian influenza),anarhynchus collaris,50395,host,yes,FALSE,
master_16,Influenza (H5N1 avian influenza),Influenza (H5N1 avian influenza),anarhynchus nivosus,985688,host,yes,FALSE,
master_16,Influenza (H5N1 avian influenza),Influenza (H5N1 avian influenza),anourosorex squamipes,127560,host,yes,FALSE,
master_16,Influenza (H5N1 avian influenza),Influenza (H5N1 avian influenza),anous stolidus,297802,host,yes,FALSE,
master_16,Influenza (H5N1 avian influenza),Influenza (H5N1 avian influenza),aptenodytes patagonicus,9234,host,yes,FALSE,
master_16,Influenza (H5N1 avian influenza),Influenza (H5N1 avian influenza),chloris sinica,1897774,host,yes,FALSE,
master_16,Influenza (H5N1 avian influenza),Influenza (H5N1 avian influenza),crocidura lasiura,167043,host,yes,FALSE,
master_16,Influenza (H5N1 avian influenza),Influenza (H5N1 avian influenza),crocidura shantungensis,183721,host,yes,FALSE,
master_16,Influenza (H5N1 avian influenza),Influenza (H5N1 avian influenza),furnarius rufus,81886,host,yes,FALSE,
master_16,Influenza (H5N1 avian influenza),Influenza (H5N1 avian influenza),grus americana,9117,host,yes,FALSE,
master_16,Influenza (H5N1 avian influenza),Influenza (H5N1 avian influenza),larus brachyrhynchus,666865,host,yes,FALSE,
master_16,Influenza (H5N1 avian influenza),Influenza (H5N1 avian influenza),larus mongolicus,119967,host,yes,FALSE,
master_16,Influenza (H5N1 avian influenza),Influenza (H5N1 avian influenza),larus sp.,3435965,host,yes,FALSE,
master_16,Influenza (H5N1 avian influenza),Influenza (H5N1 avian influenza),lobodon carcinophaga,101849,host,yes,FALSE,
master_16,Influenza (H5N1 avian influenza),Influenza (H5N1 avian influenza),macronectes giganteus,37057,host,yes,FALSE,
master_16,Influenza (H5N1 avian influenza),Influenza (H5N1 avian influenza),milvus milvus,43518,host,yes,FALSE,
master_16,Influenza (H5N1 avian influenza),Influenza (H5N1 avian influenza),spilopelia senegalensis,135635,host,yes,FALSE,
master_16,Influenza (H5N1 avian influenza),Influenza (H5N1 avian influenza),stercorarius antarcticus,555350,host,yes,FALSE,
master_16,Influenza (H5N1 avian influenza),Influenza (H5N1 avian influenza),stercorarius chilensis,54052,host,yes,FALSE,
master_16,Influenza (H5N1 avian influenza),Influenza (H5N1 avian influenza),theristicus caudatus,399597,host,yes,FALSE,
master_16,Influenza (H5N1 avian influenza),Influenza (H5N1 avian influenza),ursus sp.,9641,host,yes,FALSE,
master_17,Plague,Plague,Allactaga sibirica,234626,host,yes,TRUE,Allactaga sibirica
master_17,Plague,Plague,Apodemus chevrieri,129246,host,yes,FALSE,
master_17,Plague,Plague,Cerradomys subflavus,37022,host,yes,FALSE,
master_17,Plague,Plague,Cynomys ludovicianus,45480,host,yes,TRUE,Cynomys ludovicianus
master_17,Plague,Plague,Eothenomys miletus,259054,host,yes,FALSE,
master_17,Plague,Plague,Homo sapiens,9606,host,yes,FALSE,
master_17,Plague,Plague,Lasiopodomys brandtii,407171,host,yes,TRUE,Lasiopodomys brandtii
master_17,Plague,Plague,Lynx canadensis,61383,host,yes,TRUE,Lynx canadensis
master_17,Plague,Plague,Marmota baibacina,93157,host,yes,TRUE,Marmota baibacina
master_17,Plague,Plague,Marmota caudata,71802,host,yes,TRUE,Marmota caudata
master_17,Plague,Plague,Marmota himalayana,93163,host,yes,TRUE,Marmota himalayana
master_17,Plague,Plague,Marmota sibirica,93166,host,yes,TRUE,Marmota sibirica
master_17,Plague,Plague,Meles meles,9662,host,yes,TRUE,Meles meles
master_17,Plague,Plague,Meriones meridianus,261754,host,yes,FALSE,
master_17,Plague,Plague,Meriones unguiculatus,10047,host,yes,TRUE,Meriones unguiculatus
master_17,Plague,Plague,Microtus arvalis,47230,host,yes,TRUE,Microtus arvalis
master_17,Plague,Plague,Mustela eversmanii,77149,host,yes,TRUE,Mustela eversmanii
master_17,Plague,Plague,Mustela nigripes,77151,host,yes,TRUE,Mustela nigripes
master_17,Plague,Plague,Necromys lasiurus,30635,host,yes,FALSE,
master_17,Plague,Plague,Neodon fuscus,771787,host,yes,FALSE,
master_17,Plague,Plague,Ochotona dauurica,130827,host,yes,TRUE,Ochotona dauurica
master_17,Plague,Plague,Ochotona pallasi,130839,host,yes,FALSE,
master_17,Plague,Plague,Odocoileus hemionus,9872,host,yes,TRUE,Odocoileus hemionus
master_17,Plague,Plague,Onychomys leucogaster,38668,host,yes,TRUE,Onychomys leucogaster
master_17,Plague,Plague,Ovis aries,9940,host,yes,TRUE,Ovis aries
master_17,Plague,Plague,Pseudois nayaur,59542,host,yes,TRUE,Pseudois nayaur
master_17,Plague,Plague,Puma concolor,9696,host,yes,TRUE,Puma concolor
master_17,Plague,Plague,Rattus norvegicus,10116,host,yes,TRUE,Rattus norvegicus
master_17,Plague,Plague,Rattus rattus,10117,host,yes,TRUE,Rattus rattus
master_17,Plague,Plague,Rattus tanezumi,35732,host,yes,TRUE,Rattus tanezumi
master_17,Plague,Plague,Rhombomys opimus,186474,host,yes,TRUE,Rhombomys opimus
master_17,Plague,Plague,Spermophilus alashanicus,99830,host,yes,TRUE,Spermophilus alashanicus
master_17,Plague,Plague,Spermophilus dauricus,99837,host,yes,FALSE,
master_17,Plague,Plague,Urocitellus parryii,9999,host,yes,TRUE,Urocitellus parryii
master_17,Plague,Plague,Urocyon cinereoargenteus,55040,host,yes,TRUE,Urocyon cinereoargenteus
master_17,Plague,Plague,Ursus americanus,9643,host,yes,TRUE,Ursus americanus
master_17,Plague,Plague,Vulpes vulpes,9627,host,yes,TRUE,Vulpes vulpes
master_17,Plague,Plague,aetheca wagneri,,vector,optional,FALSE,
master_17,Plague,Plague,citellophilus tesquorum,,vector,optional,FALSE,
master_17,Plague,Plague,citellophilus tesquorum altaicus,,vector,optional,FALSE,
master_17,Plague,Plague,ctenocephalides felis,,vector,optional,FALSE,
master_17,Plague,Plague,echidnophaga gallinaceus,,vector,optional,FALSE,
master_17,Plague,Plague,epitedia eumolpi,,vector,optional,FALSE,
master_17,Plague,Plague,epitedia wenmanni,,vector,optional,FALSE,
master_17,Plague,Plague,hoplopsyllus anomalus,,vector,optional,FALSE,
master_17,Plague,Plague,hystrichopsylla linsdalei,,vector,optional,FALSE,
master_17,Plague,Plague,malaraeus telchinum,,vector,optional,FALSE,
master_17,Plague,Plague,megabothris abantis,,vector,optional,FALSE,
master_17,Plague,Plague,neopsylla setosa,,vector,optional,FALSE,
master_17,Plague,Plague,nosopsyllus fasciatus,,vector,optional,FALSE,
master_17,Plague,Plague,opisodasys nesiotis,,vector,optional,FALSE,
master_17,Plague,Plague,orchopeas sexdentatus,,vector,optional,FALSE,
master_17,Plague,Plague,oropsylla bruneri,,vector,optional,FALSE,
master_17,Plague,Plague,oropsylla hirsuta,,vector,optional,FALSE,
master_17,Plague,Plague,oropsylla idahoensis,,vector,optional,FALSE,
master_17,Plague,Plague,oropsylla labis,,vector,optional,FALSE,
master_17,Plague,Plague,oropsylla montana,,vector,optional,FALSE,
master_17,Plague,Plague,oropsylla rupestris,,vector,optional,FALSE,
master_17,Plague,Plague,oropsylla tuberculata,,vector,optional,FALSE,
master_17,Plague,Plague,oropsylla tuberculata cynomuris,,vector,optional,FALSE,
master_17,Plague,Plague,paradoxopsyllus curvispinus,,vector,optional,FALSE,
master_17,Plague,Plague,paradoxopsyllus custodis,,vector,optional,FALSE,
master_17,Plague,Plague,paradoxopsyllus dashidorzhii,,vector,optional,FALSE,
master_17,Plague,Plague,paradoxopsyllus hesperius kalabukhovi,,vector,optional,FALSE,
master_17,Plague,Plague,paradoxopsyllus repandus,,vector,optional,FALSE,
master_17,Plague,Plague,paradoxopsyllus scorodumovi,,vector,optional,FALSE,
master_17,Plague,Plague,paradoxopsyllus teretifrons,,vector,optional,FALSE,
master_17,Plague,Plague,pleochaetis exilis,,vector,optional,FALSE,
master_17,Plague,Plague,polygenis bohlsi bohlsi,,vector,optional,FALSE,
master_17,Plague,Plague,polygenis bohlsi jordani,,vector,optional,FALSE,
master_17,Plague,Plague,polygenis gwyni,,vector,optional,FALSE,
master_17,Plague,Plague,polygenis tripus,,vector,optional,FALSE,
master_17,Plague,Plague,pulex irritans,,vector,optional,FALSE,
master_17,Plague,Plague,rhadinopsylla daurica,,vector,optional,FALSE,
master_17,Plague,Plague,rhadinopsylla rothschildi,,vector,optional,FALSE,
master_17,Plague,Plague,thrassis acamantis,,vector,optional,FALSE,
master_17,Plague,Plague,thrassis arizonensis,,vector,optional,FALSE,
master_17,Plague,Plague,thrassis bacchi,,vector,optional,FALSE,
master_17,Plague,Plague,thrassis fotus,,vector,optional,FALSE,
master_17,Plague,Plague,thrassis francisi,,vector,optional,FALSE,
master_17,Plague,Plague,thrassis pandorae,,vector,optional,FALSE,
master_17,Plague,Plague,xenopsylla astia,,vector,optional,FALSE,
master_17,Plague,Plague,xenopsylla brasiliensis,,vector,optional,FALSE,
master_17,Plague,Plague,xenopsylla cheopis,,vector,optional,FALSE,
master_19,Hantavirus pulmonary syndrome,Hantavirus pulmonary syndrome,Homo sapiens,9606,host,yes,FALSE,
master_19,Hantavirus pulmonary syndrome,Hantavirus pulmonary syndrome,Mus musculus,10090,host,yes,TRUE,Mus musculus
master_19,Hantavirus pulmonary syndrome,Hantavirus pulmonary syndrome,Neotoma lepida,56216,host,yes,TRUE,Neotoma lepida
master_19,Hantavirus pulmonary syndrome,Hantavirus pulmonary syndrome,Peromyscus attwateri,97206,host,yes,FALSE,
master_19,Hantavirus pulmonary syndrome,Hantavirus pulmonary syndrome,Peromyscus beatae,99538,host,yes,FALSE,
master_19,Hantavirus pulmonary syndrome,Hantavirus pulmonary syndrome,Peromyscus boylii,56316,host,yes,TRUE,Peromyscus boylii
master_19,Hantavirus pulmonary syndrome,Hantavirus pulmonary syndrome,Peromyscus californicus,42520,host,yes,TRUE,Peromyscus californicus
master_19,Hantavirus pulmonary syndrome,Hantavirus pulmonary syndrome,Peromyscus eremicus,42410,host,yes,TRUE,Peromyscus eremicus
master_19,Hantavirus pulmonary syndrome,Hantavirus pulmonary syndrome,Peromyscus leucopus,10041,host,yes,TRUE,Peromyscus leucopus
master_19,Hantavirus pulmonary syndrome,Hantavirus pulmonary syndrome,Peromyscus maniculatus,10042,host,yes,TRUE,Peromyscus maniculatus
master_19,Hantavirus pulmonary syndrome,Hantavirus pulmonary syndrome,Peromyscus pectoralis,97213,host,yes,FALSE,
master_19,Hantavirus pulmonary syndrome,Hantavirus pulmonary syndrome,Peromyscus truei,89101,host,yes,TRUE,Peromyscus truei
master_19,Hantavirus pulmonary syndrome,Hantavirus pulmonary syndrome,Reithrodontomys fulvescens,56213,host,yes,TRUE,Reithrodontomys fulvescens
master_19,Hantavirus pulmonary syndrome,Hantavirus pulmonary syndrome,Reithrodontomys megalotis,44234,host,yes,TRUE,Reithrodontomys megalotis
master_19,Hantavirus pulmonary syndrome,Hantavirus pulmonary syndrome,Tamias minimus,45468,host,yes,FALSE,
master_19,Hantavirus pulmonary syndrome,Hantavirus pulmonary syndrome,microtus montanus,88450,host,yes,FALSE,
master_19,Hantavirus pulmonary syndrome,Hantavirus pulmonary syndrome,peromyscus sonoriensis,2746888,host,yes,FALSE,
master_2,Dengue,Dengue,Artibeus jamaicensis,9417,host,no,TRUE,Artibeus jamaicensis
master_2,Dengue,Dengue,Callithrix penicillata,57378,host,no,TRUE,Callithrix penicillata
master_2,Dengue,Dengue,Caluromys philander,70610,host,no,TRUE,Caluromys philander
master_2,Dengue,Dengue,Canis lupus,9615,host,no,TRUE,Canis lupus
master_2,Dengue,Dengue,Carollia brevicauda,138695,host,no,TRUE,Carollia brevicauda
master_2,Dengue,Dengue,Carollia perspicillata,40233,host,no,TRUE,Carollia perspicillata
master_2,Dengue,Dengue,Chlorocebus aethiops,9534,host,no,TRUE,Chlorocebus aethiops
master_2,Dengue,Dengue,Dermanura phaeotis,40229,host,no,TRUE,Dermanura phaeotis
master_2,Dengue,Dengue,Didelphis marsupialis,9268,host,no,TRUE,Didelphis marsupialis
master_2,Dengue,Dengue,Erythrocebus patas,9538,host,no,TRUE,Erythrocebus patas
master_2,Dengue,Dengue,Glossophaga mutica,2994998,host,no,FALSE,
master_2,Dengue,Dengue,Glossophaga soricina,27638,host,no,TRUE,Glossophaga soricina
master_2,Dengue,Dengue,Homo sapiens,9606,host,no,FALSE,
master_2,Dengue,Dengue,Hylaeamys megacephalus,89099,host,no,FALSE,
master_2,Dengue,Dengue,Macaca fascicularis,9541,host,no,TRUE,Macaca fascicularis
master_2,Dengue,Dengue,Macaca nemestrina,9545,host,no,TRUE,Macaca nemestrina
master_2,Dengue,Dengue,Marmosa demerarae,42719,host,no,TRUE,Marmosa demerarae
master_2,Dengue,Dengue,Marmosa murina,126295,host,no,TRUE,Marmosa murina
master_2,Dengue,Dengue,Marmosops parvidens,126298,host,no,FALSE,
master_2,Dengue,Dengue,Mesomys hispidus,30627,host,no,FALSE,
master_2,Dengue,Dengue,Molossus nigricans,2997257,host,no,FALSE,
master_2,Dengue,Dengue,Molossus pretiosus,1982945,host,no,FALSE,
master_2,Dengue,Dengue,Molossus rufus,124751,host,no,TRUE,Molossus rufus
master_2,Dengue,Dengue,Molossus sinaloae,58076,host,no,FALSE,
master_2,Dengue,Dengue,Mus musculus,10090,host,no,TRUE,Mus musculus
master_2,Dengue,Dengue,Myotis nigricans,153286,host,no,TRUE,Myotis nigricans
master_2,Dengue,Dengue,Natalus stramineus,155040,host,no,FALSE,
master_2,Dengue,Dengue,Philander opossum,9272,host,no,TRUE,Philander opossum
master_2,Dengue,Dengue,Phyllostomus discolor,89673,host,no,FALSE,
master_2,Dengue,Dengue,Proechimys cuvieri,128106,host,no,FALSE,
master_2,Dengue,Dengue,Proechimys guyannensis,128105,host,no,FALSE,
master_2,Dengue,Dengue,Rhogeessa tumida,153299,host,no,TRUE,Rhogeessa tumida
master_2,Dengue,Dengue,Rousettus leschenaultii,9408,host,no,TRUE,Rousettus leschenaultii
master_2,Dengue,Dengue,Sturnira parvidens,196700,host,no,TRUE,Sturnira parvidens
master_2,Dengue,Dengue,Trachypithecus cristatus,122765,host,no,TRUE,Trachypithecus cristatus
master_2,Dengue,Dengue,Trachypithecus obscurus,54181,host,no,TRUE,Trachypithecus obscurus
master_2,Dengue,Dengue,Tupaia glis,9395,host,no,TRUE,Tupaia glis
master_2,Dengue,Dengue,aedes aegypti,,vector,yes,FALSE,
master_2,Dengue,Dengue,aedes albopictus,,vector,yes,FALSE,
master_2,Dengue,Dengue,aedes cretinus,,vector,yes,FALSE,
master_2,Dengue,Dengue,aedes furcifer,,vector,yes,FALSE,
master_2,Dengue,Dengue,aedes hensilli,,vector,yes,FALSE,
master_2,Dengue,Dengue,aedes japonicus,,vector,yes,FALSE,
master_2,Dengue,Dengue,aedes luteocephalus,,vector,yes,FALSE,
master_2,Dengue,Dengue,aedes malayensis,,vector,yes,FALSE,
master_2,Dengue,Dengue,aedes mediovittatus,,vector,yes,FALSE,
master_2,Dengue,Dengue,aedes niveus,,vector,yes,FALSE,
master_2,Dengue,Dengue,aedes polynesiensis,,vector,yes,FALSE,
master_2,Dengue,Dengue,aedes pseudoscutellaris,,vector,yes,FALSE,
master_2,Dengue,Dengue,aedes scutellaris,,vector,yes,FALSE,
master_2,Dengue,Dengue,aedes taylori,,vector,yes,FALSE,
master_2,Dengue,Dengue,aedes vittatus,,vector,yes,FALSE,
master_2,Dengue,Dengue,culex quinquefasciatus,,vector,yes,FALSE,
master_20,Argentine hemorrhagic fever,Argentine hemorrhagic fever,Akodon azarae,29095,host,yes,TRUE,Akodon azarae
master_20,Argentine hemorrhagic fever,Argentine hemorrhagic fever,Calomys,160457,host,yes,FALSE,
master_20,Argentine hemorrhagic fever,Argentine hemorrhagic fever,Calomys laucha,56211,host,yes,FALSE,
master_20,Argentine hemorrhagic fever,Argentine hemorrhagic fever,Calomys musculinus,56212,host,yes,FALSE,
master_20,Argentine hemorrhagic fever,Argentine hemorrhagic fever,Homo sapiens,9606,host,yes,FALSE,
master_20,Argentine hemorrhagic fever,Argentine hemorrhagic fever,Mus musculus,10090,host,yes,TRUE,Mus musculus
master_20,Argentine hemorrhagic fever,Argentine hemorrhagic fever,Necromys obscurus,399317,host,yes,FALSE,
master_20,Argentine hemorrhagic fever,Argentine hemorrhagic fever,Oligoryzomys flavescens,218824,host,yes,FALSE,
master_23,Tick-borne encephalitis,Tick-borne encephalitis,Acrocephalus dumetorum,68474,host,optional,FALSE,
master_23,Tick-borne encephalitis,Tick-borne encephalitis,Alexandromys fortis,100897,host,optional,FALSE,
master_23,Tick-borne encephalitis,Tick-borne encephalitis,Alexandromys maximowiczii,470139,host,optional,FALSE,
master_23,Tick-borne encephalitis,Tick-borne encephalitis,Alexandromys maximowiczii,798066,host,optional,FALSE,
master_23,Tick-borne encephalitis,Tick-borne encephalitis,Alexandromys oeconomus,2162900,host,optional,FALSE,
master_23,Tick-borne encephalitis,Tick-borne encephalitis,Anas crecca,75839,host,optional,FALSE,
master_23,Tick-borne encephalitis,Tick-borne encephalitis,Anas platyrhynchos,8839,host,optional,FALSE,
master_23,Tick-borne encephalitis,Tick-borne encephalitis,Anthus trivialis,45804,host,optional,FALSE,
master_23,Tick-borne encephalitis,Tick-borne encephalitis,Apodemus agrarius,39030,host,optional,TRUE,Apodemus agrarius
master_23,Tick-borne encephalitis,Tick-borne encephalitis,Apodemus flavicollis,54292,host,optional,TRUE,Apodemus flavicollis
master_23,Tick-borne encephalitis,Tick-borne encephalitis,Apodemus speciosus,105296,host,optional,FALSE,
master_23,Tick-borne encephalitis,Tick-borne encephalitis,Apodemus sylvaticus,10129,host,optional,TRUE,Apodemus sylvaticus
master_23,Tick-borne encephalitis,Tick-borne encephalitis,Bombycilla garrulus,125297,host,optional,FALSE,
master_23,Tick-borne encephalitis,Tick-borne encephalitis,Bos taurus,9913,host,optional,TRUE,Bos taurus
master_23,Tick-borne encephalitis,Tick-borne encephalitis,Calliope calliope,229100,host,optional,FALSE,
master_23,Tick-borne encephalitis,Tick-borne encephalitis,Canis lupus,9612,host,optional,TRUE,Canis lupus
master_23,Tick-borne encephalitis,Tick-borne encephalitis,Canis lupus,9615,host,optional,TRUE,Canis lupus
master_23,Tick-borne encephalitis,Tick-borne encephalitis,Capra hircus,9925,host,optional,TRUE,Capra hircus
master_23,Tick-borne encephalitis,Tick-borne encephalitis,Capreolus capreolus,9858,host,optional,TRUE,Capreolus capreolus
master_23,Tick-borne encephalitis,Tick-borne encephalitis,Carduelis carduelis,37600,host,optional,FALSE,
master_23,Tick-borne encephalitis,Tick-borne encephalitis,Carpodacus erythrinus,175930,host,optional,FALSE,
master_23,Tick-borne encephalitis,Tick-borne encephalitis,Cervus elaphus,9860,host,optional,TRUE,Cervus elaphus
master_23,Tick-borne encephalitis,Tick-borne encephalitis,Chloris chloris,37601,host,optional,FALSE,
master_23,Tick-borne encephalitis,Tick-borne encephalitis,Cinclus cinclus,127875,host,optional,FALSE,
master_23,Tick-borne encephalitis,Tick-borne encephalitis,Clethrionomys rutilus,537920,host,optional,TRUE,Clethrionomys rutilus
master_23,Tick-borne encephalitis,Tick-borne encephalitis,Coloeus monedula,30423,host,optional,FALSE,
master_23,Tick-borne encephalitis,Tick-borne encephalitis,Columba livia,8932,host,optional,FALSE,
master_23,Tick-borne encephalitis,Tick-borne encephalitis,Corvus cornix,181096,host,optional,FALSE,
master_23,Tick-borne encephalitis,Tick-borne encephalitis,Cricetulus barabensis,329629,host,optional,FALSE,
master_23,Tick-borne encephalitis,Tick-borne encephalitis,Curruca curruca,43163,host,optional,FALSE,
master_23,Tick-borne encephalitis,Tick-borne encephalitis,Dendrocopos major,183177,host,optional,FALSE,
master_23,Tick-borne encephalitis,Tick-borne encephalitis,Emberiza citrinella,37595,host,optional,FALSE,
master_23,Tick-borne encephalitis,Tick-borne encephalitis,Equus caballus,9796,host,optional,TRUE,Equus caballus
master_23,Tick-borne encephalitis,Tick-borne encephalitis,Erinaceus roumanicus,1052165,host,optional,TRUE,Erinaceus roumanicus
master_23,Tick-borne encephalitis,Tick-borne encephalitis,Ficedula hypoleuca,46689,host,optional,FALSE,
master_23,Tick-borne encephalitis,Tick-borne encephalitis,Fringilla coelebs,37598,host,optional,FALSE,
master_23,Tick-borne encephalitis,Tick-borne encephalitis,Fringilla montifringilla,36255,host,optional,FALSE,
master_23,Tick-borne encephalitis,Tick-borne encephalitis,Homo sapiens,9606,host,optional,FALSE,
master_23,Tick-borne encephalitis,Tick-borne encephalitis,Loxia curvirostra,64802,host,optional,FALSE,
master_23,Tick-borne encephalitis,Tick-borne encephalitis,Luscinia luscinia,391696,host,optional,FALSE,
master_23,Tick-borne encephalitis,Tick-borne encephalitis,Macaca radiata,9548,host,optional,TRUE,Macaca radiata
master_23,Tick-borne encephalitis,Tick-borne encephalitis,Macaca sylvanus,9546,host,optional,TRUE,Macaca sylvanus
master_23,Tick-borne encephalitis,Tick-borne encephalitis,Marmota himalayana,93163,host,optional,TRUE,Marmota himalayana
master_23,Tick-borne encephalitis,Tick-borne encephalitis,Mergus merganser,8880,host,optional,FALSE,
master_23,Tick-borne encephalitis,Tick-borne encephalitis,Microtus agrestis,29092,host,optional,TRUE,Microtus agrestis
master_23,Tick-borne encephalitis,Tick-borne encephalitis,Microtus arvalis,47230,host,optional,TRUE,Microtus arvalis
master_23,Tick-borne encephalitis,Tick-borne encephalitis,Microtus rossiaemeridionalis,537919,host,optional,TRUE,Microtus rossiaemeridionalis
master_23,Tick-borne encephalitis,Tick-borne encephalitis,Motacilla alba,45807,host,optional,FALSE,
master_23,Tick-borne encephalitis,Tick-borne encephalitis,Mus,10095,host,optional,FALSE,
master_23,Tick-borne encephalitis,Tick-borne encephalitis,Mus musculus,10090,host,optional,TRUE,Mus musculus
master_23,Tick-borne encephalitis,Tick-borne encephalitis,Myodes glareolus,447135,host,optional,FALSE,
master_23,Tick-borne encephalitis,Tick-borne encephalitis,Myodes rufocanus,2929754,host,optional,FALSE,
master_23,Tick-borne encephalitis,Tick-borne encephalitis,Ochotona alpina,130819,host,optional,TRUE,Ochotona alpina
master_23,Tick-borne encephalitis,Tick-borne encephalitis,Ovis ammon,30527,host,optional,TRUE,Ovis ammon
master_23,Tick-borne encephalitis,Tick-borne encephalitis,Ovis aries,9940,host,optional,TRUE,Ovis aries
master_23,Tick-borne encephalitis,Tick-borne encephalitis,Parus major,9157,host,optional,FALSE,
master_23,Tick-borne encephalitis,Tick-borne encephalitis,Passer montanus,9160,host,optional,FALSE,
master_23,Tick-borne encephalitis,Tick-borne encephalitis,Periparus ater,156567,host,optional,FALSE,
master_23,Tick-borne encephalitis,Tick-borne encephalitis,Phoenicurus phoenicurus,121423,host,optional,FALSE,
master_23,Tick-borne encephalitis,Tick-borne encephalitis,Phylloscopus collybita,48150,host,optional,FALSE,
master_23,Tick-borne encephalitis,Tick-borne encephalitis,Phylloscopus proregulus,56435,host,optional,FALSE,
master_23,Tick-borne encephalitis,Tick-borne encephalitis,Phylloscopus trochilus,9182,host,optional,FALSE,
master_23,Tick-borne encephalitis,Tick-borne encephalitis,Pica pica,34924,host,optional,FALSE,
master_23,Tick-borne encephalitis,Tick-borne encephalitis,Pinicola enucleator,175947,host,optional,FALSE,
master_23,Tick-borne encephalitis,Tick-borne encephalitis,Poecile montanus,48895,host,optional,FALSE,
master_23,Tick-borne encephalitis,Tick-borne encephalitis,Pyrrhula pyrrhula,37607,host,optional,FALSE,
master_23,Tick-borne encephalitis,Tick-borne encephalitis,Riparia riparia,88110,host,optional,FALSE,
master_23,Tick-borne encephalitis,Tick-borne encephalitis,Rupicapra rupicapra,130898,host,optional,TRUE,Rupicapra rupicapra
master_23,Tick-borne encephalitis,Tick-borne encephalitis,Rupicapra rupicapra,34869,host,optional,TRUE,Rupicapra rupicapra
master_23,Tick-borne encephalitis,Tick-borne encephalitis,Semnopithecus entellus,88029,host,optional,TRUE,Semnopithecus entellus
master_23,Tick-borne encephalitis,Tick-borne encephalitis,Sitta europaea,50251,host,optional,FALSE,
master_23,Tick-borne encephalitis,Tick-borne encephalitis,Sorex araneus,42254,host,optional,TRUE,Sorex araneus
master_23,Tick-borne encephalitis,Tick-borne encephalitis,Spatula clypeata,75838,host,optional,FALSE,
master_23,Tick-borne encephalitis,Tick-borne encephalitis,Spinus spinus,160760,host,optional,FALSE,
master_23,Tick-borne encephalitis,Tick-borne encephalitis,Stenocranius gregalis,3371160,host,optional,FALSE,
master_23,Tick-borne encephalitis,Tick-borne encephalitis,Sturnus vulgaris,9172,host,optional,FALSE,
master_23,Tick-borne encephalitis,Tick-borne encephalitis,Sus scrofa,9823,host,optional,TRUE,Sus scrofa
master_23,Tick-borne encephalitis,Tick-borne encephalitis,Tamias sibiricus,64680,host,optional,FALSE,
master_23,Tick-borne encephalitis,Tick-borne encephalitis,Tetrastes bonasia,1155787,host,optional,FALSE,
master_23,Tick-borne encephalitis,Tick-borne encephalitis,Turdus iliacus,411526,host,optional,FALSE,
master_23,Tick-borne encephalitis,Tick-borne encephalitis,Turdus pilaris,357736,host,optional,FALSE,
master_23,Tick-borne encephalitis,Tick-borne encephalitis,Urocitellus undulatus,99867,host,optional,TRUE,Urocitellus undulatus
master_23,Tick-borne encephalitis,Tick-borne encephalitis,Vanellus vanellus,100859,host,optional,FALSE,
master_23,Tick-borne encephalitis,Tick-borne encephalitis,Vicugna pacos,30538,host,optional,FALSE,
master_23,Tick-borne encephalitis,Tick-borne encephalitis,dermacentor marginatus,,vector,yes,FALSE,
master_23,Tick-borne encephalitis,Tick-borne encephalitis,dermacentor reticulatus,,vector,yes,FALSE,
master_23,Tick-borne encephalitis,Tick-borne encephalitis,haemaphysalis concinna,,vector,yes,FALSE,
master_23,Tick-borne encephalitis,Tick-borne encephalitis,haemaphysalis inermis,,vector,yes,FALSE,
master_23,Tick-borne encephalitis,Tick-borne encephalitis,haemaphysalis punctata,,vector,yes,FALSE,
master_23,Tick-borne encephalitis,Tick-borne encephalitis,ixodes arboricola,,vector,yes,FALSE,
master_23,Tick-borne encephalitis,Tick-borne encephalitis,ixodes gibbosus,,vector,yes,FALSE,
master_23,Tick-borne encephalitis,Tick-borne encephalitis,ixodes hexagonus,,vector,yes,FALSE,
master_23,Tick-borne encephalitis,Tick-borne encephalitis,ixodes persulcatus,,vector,yes,FALSE,
master_23,Tick-borne encephalitis,Tick-borne encephalitis,ixodes ricinus,,vector,yes,FALSE,
master_23,Tick-borne encephalitis,Tick-borne encephalitis,ixodes scapularis,,vector,yes,FALSE,
master_28,Hepatitis E,Hepatitis E,Alces alces,9852,host,optional,TRUE,Alces alces
master_28,Hepatitis E,Hepatitis E,Balearica pavonina,30414,host,optional,FALSE,
master_28,Hepatitis E,Hepatitis E,Bandicota indica,456472,host,optional,TRUE,Bandicota indica
master_28,Hepatitis E,Hepatitis E,Bos grunniens,30521,host,optional,TRUE,Bos grunniens
master_28,Hepatitis E,Hepatitis E,Bos taurus,9913,host,optional,TRUE,Bos taurus
master_28,Hepatitis E,Hepatitis E,Camelus bactrianus,9837,host,optional,TRUE,Camelus bactrianus
master_28,Hepatitis E,Hepatitis E,Camelus dromedarius,9838,host,optional,TRUE,Camelus dromedarius
master_28,Hepatitis E,Hepatitis E,Capra hircus,9925,host,optional,TRUE,Capra hircus
master_28,Hepatitis E,Hepatitis E,Capreolus capreolus,9858,host,optional,TRUE,Capreolus capreolus
master_28,Hepatitis E,Hepatitis E,Cervus elaphus,9860,host,optional,TRUE,Cervus elaphus
master_28,Hepatitis E,Hepatitis E,Cervus nippon,223998,host,optional,TRUE,Cervus nippon
master_28,Hepatitis E,Hepatitis E,Cervus nippon,92867,host,optional,TRUE,Cervus nippon
master_28,Hepatitis E,Hepatitis E,Cervus nippon,9863,host,optional,TRUE,Cervus nippon
master_28,Hepatitis E,Hepatitis E,Egretta garzetta,188379,host,optional,FALSE,
master_28,Hepatitis E,Hepatitis E,Equus caballus,9796,host,optional,TRUE,Equus caballus
master_28,Hepatitis E,Hepatitis E,Gallus gallus,9031,host,optional,FALSE,
master_28,Hepatitis E,Hepatitis E,Homo sapiens,9606,host,optional,FALSE,
master_28,Hepatitis E,Hepatitis E,Hydrochoerus hydrochaeris,10149,host,optional,TRUE,Hydrochoerus hydrochaeris
master_28,Hepatitis E,Hepatitis E,Hystrix cristata,10137,host,optional,TRUE,Hystrix cristata
master_28,Hepatitis E,Hepatitis E,Lophura nycthemera,9046,host,optional,FALSE,
master_28,Hepatitis E,Hepatitis E,Macaca fascicularis,9541,host,optional,TRUE,Macaca fascicularis
master_28,Hepatitis E,Hepatitis E,Macaca fuscata,9542,host,optional,TRUE,Macaca fuscata
master_28,Hepatitis E,Hepatitis E,Macaca mulatta,9544,host,optional,TRUE,Macaca mulatta
master_28,Hepatitis E,Hepatitis E,Mus musculus,10090,host,optional,TRUE,Mus musculus
master_28,Hepatitis E,Hepatitis E,Mus spretus,10096,host,optional,TRUE,Mus spretus
master_28,Hepatitis E,Hepatitis E,Mustela lutreola,9666,host,optional,TRUE,Mustela lutreola
master_28,Hepatitis E,Hepatitis E,Neofelis nebulosa,61452,host,optional,FALSE,
master_28,Hepatitis E,Hepatitis E,Neogale vison,452646,host,optional,FALSE,
master_28,Hepatitis E,Hepatitis E,Niviventer niviventer,83757,host,optional,FALSE,
master_28,Hepatitis E,Hepatitis E,Nyctereutes procyonoides,34880,host,optional,TRUE,Nyctereutes procyonoides
master_28,Hepatitis E,Hepatitis E,Oryctolagus cuniculus,9986,host,optional,TRUE,Oryctolagus cuniculus
master_28,Hepatitis E,Hepatitis E,Ovis aries,9940,host,optional,TRUE,Ovis aries
master_28,Hepatitis E,Hepatitis E,Paguma larvata,9675,host,optional,TRUE,Paguma larvata
master_28,Hepatitis E,Hepatitis E,Pan troglodytes,9598,host,optional,TRUE,Pan troglodytes
master_28,Hepatitis E,Hepatitis E,Panthera tigris,9694,host,optional,TRUE,Panthera tigris
master_28,Hepatitis E,Hepatitis E,Rattus losea,69075,host,optional,TRUE,Rattus losea
master_28,Hepatitis E,Hepatitis E,Rattus norvegicus,10116,host,optional,TRUE,Rattus norvegicus
master_28,Hepatitis E,Hepatitis E,Rattus rattus,10117,host,optional,TRUE,Rattus rattus
master_28,Hepatitis E,Hepatitis E,Rattus rattus,796024,host,optional,TRUE,Rattus rattus
master_28,Hepatitis E,Hepatitis E,Rattus tanezumi,35732,host,optional,TRUE,Rattus tanezumi
master_28,Hepatitis E,Hepatitis E,Rattus tiomanicus,83755,host,optional,FALSE,
master_28,Hepatitis E,Hepatitis E,Suncus murinus,9378,host,optional,TRUE,Suncus murinus
master_28,Hepatitis E,Hepatitis E,Sundamys muelleri,83761,host,optional,FALSE,
master_28,Hepatitis E,Hepatitis E,Sus scrofa,1611880,host,optional,TRUE,Sus scrofa
master_28,Hepatitis E,Hepatitis E,Sus scrofa,375578,host,optional,TRUE,Sus scrofa
master_28,Hepatitis E,Hepatitis E,Sus scrofa,9823,host,optional,TRUE,Sus scrofa
master_28,Hepatitis E,Hepatitis E,Sus scrofa,9825,host,optional,TRUE,Sus scrofa
master_28,Hepatitis E,Hepatitis E,Ursus thibetanus,9642,host,optional,TRUE,Ursus thibetanus
master_28,Hepatitis E,Hepatitis E,Urva javanica,140016,host,optional,FALSE,
master_3,Zika virus disease,Zika virus disease,Alouatta guariba,182256,host,no,TRUE,Alouatta guariba
master_3,Zika virus disease,Zika virus disease,Artibeus jamaicensis,9417,host,no,TRUE,Artibeus jamaicensis
master_3,Zika virus disease,Zika virus disease,Artibeus planirostris,40230,host,no,TRUE,Artibeus planirostris
master_3,Zika virus disease,Zika virus disease,Callithrix,9485,host,no,FALSE,
master_3,Zika virus disease,Zika virus disease,Callithrix jacchus,9483,host,no,TRUE,Callithrix jacchus
master_3,Zika virus disease,Zika virus disease,Chlorocebus aethiops,9534,host,no,TRUE,Chlorocebus aethiops
master_3,Zika virus disease,Zika virus disease,Eidolon helvum,77214,host,no,TRUE,Eidolon helvum
master_3,Zika virus disease,Zika virus disease,Epomophorus labiatus,903567,host,no,FALSE,
master_3,Zika virus disease,Zika virus disease,Glossophaga mutica,2994998,host,no,FALSE,
master_3,Zika virus disease,Zika virus disease,Homo sapiens,9606,host,no,FALSE,
master_3,Zika virus disease,Zika virus disease,Macaca mulatta,9544,host,no,TRUE,Macaca mulatta
master_3,Zika virus disease,Zika virus disease,Molossus nigricans,2997257,host,no,FALSE,
master_3,Zika virus disease,Zika virus disease,Mus musculus,10090,host,no,TRUE,Mus musculus
master_3,Zika virus disease,Zika virus disease,Rattus norvegicus,10116,host,no,TRUE,Rattus norvegicus
master_3,Zika virus disease,Zika virus disease,Rousettus aegyptiacus,9407,host,no,TRUE,Rousettus aegyptiacus
master_3,Zika virus disease,Zika virus disease,Sapajus libidinosus,1126382,host,no,TRUE,Sapajus libidinosus
master_3,Zika virus disease,Zika virus disease,Sturnira parvidens,196700,host,no,TRUE,Sturnira parvidens
master_3,Zika virus disease,Zika virus disease,Suncus murinus,9378,host,no,TRUE,Suncus murinus
master_3,Zika virus disease,Zika virus disease,aedes aegypti,,vector,yes,FALSE,
master_3,Zika virus disease,Zika virus disease,aedes africanus,,vector,yes,FALSE,
master_3,Zika virus disease,Zika virus disease,aedes albopictus,,vector,yes,FALSE,
master_3,Zika virus disease,Zika virus disease,aedes apicoargenteus,,vector,yes,FALSE,
master_3,Zika virus disease,Zika virus disease,aedes bromeliae,,vector,yes,FALSE,
master_3,Zika virus disease,Zika virus disease,aedes camptorhynchus,,vector,yes,FALSE,
master_3,Zika virus disease,Zika virus disease,aedes dalzieli,,vector,yes,FALSE,
master_3,Zika virus disease,Zika virus disease,aedes detritus,,vector,yes,FALSE,
master_3,Zika virus disease,Zika virus disease,aedes flavicollis,,vector,yes,FALSE,
master_3,Zika virus disease,Zika virus disease,aedes fowleri,,vector,yes,FALSE,
master_3,Zika virus disease,Zika virus disease,aedes furcifer,,vector,yes,FALSE,
master_3,Zika virus disease,Zika virus disease,aedes grahamii,,vector,yes,FALSE,
master_3,Zika virus disease,Zika virus disease,aedes hensilli,,vector,yes,FALSE,
master_3,Zika virus disease,Zika virus disease,aedes hirsutus,,vector,yes,FALSE,
master_3,Zika virus disease,Zika virus disease,aedes jamoti,,vector,yes,FALSE,
master_3,Zika virus disease,Zika virus disease,aedes japonicus,,vector,yes,FALSE,
master_3,Zika virus disease,Zika virus disease,aedes luteocephalus,,vector,yes,FALSE,
master_3,Zika virus disease,Zika virus disease,aedes metallicus,,vector,yes,FALSE,
master_3,Zika virus disease,Zika virus disease,aedes minutus,,vector,yes,FALSE,
master_3,Zika virus disease,Zika virus disease,aedes neoafricanus,,vector,yes,FALSE,
master_3,Zika virus disease,Zika virus disease,aedes notoscriptus,,vector,yes,FALSE,
master_3,Zika virus disease,Zika virus disease,aedes occidentalis,,vector,yes,FALSE,
master_3,Zika virus disease,Zika virus disease,aedes opok,,vector,yes,FALSE,
master_3,Zika virus disease,Zika virus disease,aedes polynesiensis,,vector,yes,FALSE,
master_3,Zika virus disease,Zika virus disease,aedes scapularis,,vector,yes,FALSE,
master_3,Zika virus disease,Zika virus disease,aedes scutellaris,,vector,yes,FALSE,
master_3,Zika virus disease,Zika virus disease,aedes serratus,,vector,yes,FALSE,
master_3,Zika virus disease,Zika virus disease,aedes taeniarostris,,vector,yes,FALSE,
master_3,Zika virus disease,Zika virus disease,aedes taylori,,vector,yes,FALSE,
master_3,Zika virus disease,Zika virus disease,aedes triseriatus,,vector,yes,FALSE,
master_3,Zika virus disease,Zika virus disease,aedes unilineatus,,vector,yes,FALSE,
master_3,Zika virus disease,Zika virus disease,aedes vexans,,vector,yes,FALSE,
master_3,Zika virus disease,Zika virus disease,aedes vigilax,,vector,yes,FALSE,
master_3,Zika virus disease,Zika virus disease,aedes vittatus,,vector,yes,FALSE,
master_3,Zika virus disease,Zika virus disease,anopheles coustani,,vector,yes,FALSE,
master_3,Zika virus disease,Zika virus disease,anopheles freeborni,,vector,yes,FALSE,
master_3,Zika virus disease,Zika virus disease,anopheles gambiae,,vector,yes,FALSE,
master_3,Zika virus disease,Zika virus disease,anopheles gambiae s l,,vector,yes,FALSE,
master_3,Zika virus disease,Zika virus disease,anopheles quadrimaculatus,,vector,yes,FALSE,
master_3,Zika virus disease,Zika virus disease,culex annulirostris,,vector,yes,FALSE,
master_3,Zika virus disease,Zika virus disease,culex coronator,,vector,yes,FALSE,
master_3,Zika virus disease,Zika virus disease,culex neavei,,vector,yes,FALSE,
master_3,Zika virus disease,Zika virus disease,culex perfuscus,,vector,yes,FALSE,
master_3,Zika virus disease,Zika virus disease,culex pipiens,,vector,yes,FALSE,
master_3,Zika virus disease,Zika virus disease,culex pipiens biotype molestus,,vector,yes,FALSE,
master_3,Zika virus disease,Zika virus disease,culex pipiens biotype pipiens,,vector,yes,FALSE,
master_3,Zika virus disease,Zika virus disease,culex pipiens molestus,,vector,yes,FALSE,
master_3,Zika virus disease,Zika virus disease,culex quinquefasciatus,,vector,yes,FALSE,
master_3,Zika virus disease,Zika virus disease,culex rubinotus,,vector,yes,FALSE,
master_3,Zika virus disease,Zika virus disease,culex tarsalis,,vector,yes,FALSE,
master_3,Zika virus disease,Zika virus disease,culex torrentium,,vector,yes,FALSE,
master_3,Zika virus disease,Zika virus disease,eretmapodites inornatus,,vector,yes,FALSE,
master_3,Zika virus disease,Zika virus disease,eretmapodites quinquevittatus,,vector,yes,FALSE,
master_3,Zika virus disease,Zika virus disease,mansonia uniformis,,vector,yes,FALSE,
master_3,Zika virus disease,Zika virus disease,psorophora ferox,,vector,yes,FALSE,
master_3,Zika virus disease,Zika virus disease,runchomyia frontosa,,vector,yes,FALSE,
master_4,Chikungunya fever,Chikungunya fever,Artibeus jamaicensis,9417,host,no,TRUE,Artibeus jamaicensis
master_4,Chikungunya fever,Chikungunya fever,Chlorocebus aethiops,9534,host,no,TRUE,Chlorocebus aethiops
master_4,Chikungunya fever,Chikungunya fever,Dermanura phaeotis,40229,host,no,TRUE,Dermanura phaeotis
master_4,Chikungunya fever,Chikungunya fever,Erythrocebus patas,9538,host,no,TRUE,Erythrocebus patas
master_4,Chikungunya fever,Chikungunya fever,Glossophaga mutica,2994998,host,no,FALSE,
master_4,Chikungunya fever,Chikungunya fever,Hipposideros caffer,302402,host,no,TRUE,Hipposideros caffer
master_4,Chikungunya fever,Chikungunya fever,Homo sapiens,9606,host,no,FALSE,
master_4,Chikungunya fever,Chikungunya fever,Macaca fascicularis,9541,host,no,TRUE,Macaca fascicularis
master_4,Chikungunya fever,Chikungunya fever,Molossus nigricans,2997257,host,no,FALSE,
master_4,Chikungunya fever,Chikungunya fever,Mops pumilus,242384,host,no,FALSE,
master_4,Chikungunya fever,Chikungunya fever,Mus musculus,10090,host,no,TRUE,Mus musculus
master_4,Chikungunya fever,Chikungunya fever,Papio hamadryas,9557,host,no,TRUE,Papio hamadryas
master_4,Chikungunya fever,Chikungunya fever,Papio papio,100937,host,no,TRUE,Papio papio
master_4,Chikungunya fever,Chikungunya fever,Passer luteus,58821,host,no,FALSE,
master_4,Chikungunya fever,Chikungunya fever,Peropteryx macrotis,249015,host,no,TRUE,Peropteryx macrotis
master_4,Chikungunya fever,Chikungunya fever,Rousettus aegyptiacus,9407,host,no,TRUE,Rousettus aegyptiacus
master_4,Chikungunya fever,Chikungunya fever,Rousettus leschenaultii,9408,host,no,TRUE,Rousettus leschenaultii
master_4,Chikungunya fever,Chikungunya fever,Scotophilus kuhlii,153297,host,no,TRUE,Scotophilus kuhlii
master_4,Chikungunya fever,Chikungunya fever,Sturnira parvidens,196700,host,no,TRUE,Sturnira parvidens
master_4,Chikungunya fever,Chikungunya fever,Xerus erythropus,327507,host,no,FALSE,
master_4,Chikungunya fever,Chikungunya fever,aedes aegypti,,vector,yes,FALSE,
master_4,Chikungunya fever,Chikungunya fever,aedes africanus,,vector,yes,FALSE,
master_4,Chikungunya fever,Chikungunya fever,aedes albopictus,,vector,yes,FALSE,
master_4,Chikungunya fever,Chikungunya fever,aedes fulgens,,vector,yes,FALSE,
master_4,Chikungunya fever,Chikungunya fever,aedes furcifer,,vector,yes,FALSE,
master_4,Chikungunya fever,Chikungunya fever,aedes furcifer taylori,,vector,yes,FALSE,
master_4,Chikungunya fever,Chikungunya fever,aedes hensilli,,vector,yes,FALSE,
master_4,Chikungunya fever,Chikungunya fever,aedes luteocephalus,,vector,yes,FALSE,
master_4,Chikungunya fever,Chikungunya fever,aedes notoscriptus,,vector,yes,FALSE,
master_4,Chikungunya fever,Chikungunya fever,aedes procax,,vector,yes,FALSE,
master_4,Chikungunya fever,Chikungunya fever,aedes togoi,,vector,yes,FALSE,
master_4,Chikungunya fever,Chikungunya fever,aedes triseriatus,,vector,yes,FALSE,
master_4,Chikungunya fever,Chikungunya fever,aedes vexans,,vector,yes,FALSE,
master_4,Chikungunya fever,Chikungunya fever,aedes vigilax,,vector,yes,FALSE,
master_4,Chikungunya fever,Chikungunya fever,aedes vittatus,,vector,yes,FALSE,
master_4,Chikungunya fever,Chikungunya fever,coquillettidia linealis,,vector,yes,FALSE,
master_4,Chikungunya fever,Chikungunya fever,culex annulirostris,,vector,yes,FALSE,
master_4,Chikungunya fever,Chikungunya fever,culex sitiens,,vector,yes,FALSE,
master_4,Chikungunya fever,Chikungunya fever,eretmapodites chrysogaster,,vector,yes,FALSE,
master_4,Chikungunya fever,Chikungunya fever,opifex fuscus,,vector,yes,FALSE,
master_4,Chikungunya fever,Chikungunya fever,verrallina funerea,,vector,yes,FALSE,
master_5,Yellow fever,Yellow fever,Alouatta,9501,host,optional,FALSE,
master_5,Yellow fever,Yellow fever,Alouatta caraya,9502,host,optional,TRUE,Alouatta caraya
master_5,Yellow fever,Yellow fever,Alouatta guariba,182256,host,optional,TRUE,Alouatta guariba
master_5,Yellow fever,Yellow fever,Alouatta guariba,183328,host,optional,TRUE,Alouatta guariba
master_5,Yellow fever,Yellow fever,Alouatta sara,121123,host,optional,TRUE,Alouatta sara
master_5,Yellow fever,Yellow fever,Alouatta seniculus,9503,host,optional,TRUE,Alouatta seniculus
master_5,Yellow fever,Yellow fever,Aotus azarae,30591,host,optional,TRUE,Aotus azarae
master_5,Yellow fever,Yellow fever,Callicebus,116962,host,optional,FALSE,
master_5,Yellow fever,Yellow fever,Callicebus nigrifrons,867334,host,optional,TRUE,Callicebus nigrifrons
master_5,Yellow fever,Yellow fever,Callicebus personatus,70814,host,optional,TRUE,Callicebus personatus
master_5,Yellow fever,Yellow fever,Callithrix,9485,host,optional,FALSE,
master_5,Yellow fever,Yellow fever,Callithrix geoffroyi,52231,host,optional,TRUE,Callithrix geoffroyi
master_5,Yellow fever,Yellow fever,Callithrix penicillata,57378,host,optional,TRUE,Callithrix penicillata
master_5,Yellow fever,Yellow fever,Cebus,9517,host,optional,FALSE,
master_5,Yellow fever,Yellow fever,Chlorocebus aethiops,9534,host,optional,TRUE,Chlorocebus aethiops
master_5,Yellow fever,Yellow fever,Erythrocebus patas,9538,host,optional,TRUE,Erythrocebus patas
master_5,Yellow fever,Yellow fever,Homo sapiens,9606,host,optional,FALSE,
master_5,Yellow fever,Yellow fever,Macaca mulatta,9544,host,optional,TRUE,Macaca mulatta
master_5,Yellow fever,Yellow fever,Saguinus midas,30586,host,optional,TRUE,Saguinus midas
master_5,Yellow fever,Yellow fever,Sapajus,1874197,host,optional,FALSE,
master_5,Yellow fever,Yellow fever,Sapajus apella,9515,host,optional,TRUE,Sapajus apella
master_5,Yellow fever,Yellow fever,Sapajus libidinosus,1126382,host,optional,TRUE,Sapajus libidinosus
master_5,Yellow fever,Yellow fever,callitrichinae sp.,38020,host,optional,FALSE,
master_5,Yellow fever,Yellow fever,aedes aegypti,,vector,yes,FALSE,
master_5,Yellow fever,Yellow fever,aedes africanus,,vector,yes,FALSE,
master_5,Yellow fever,Yellow fever,aedes albopictus,,vector,yes,FALSE,
master_5,Yellow fever,Yellow fever,aedes bromeliae,,vector,yes,FALSE,
master_5,Yellow fever,Yellow fever,aedes centropunctatus,,vector,yes,FALSE,
master_5,Yellow fever,Yellow fever,aedes dalzieli,,vector,yes,FALSE,
master_5,Yellow fever,Yellow fever,aedes furcifer,,vector,yes,FALSE,
master_5,Yellow fever,Yellow fever,aedes furcifer taylori,,vector,yes,FALSE,
master_5,Yellow fever,Yellow fever,aedes keniensis,,vector,yes,FALSE,
master_5,Yellow fever,Yellow fever,aedes luteocephalus,,vector,yes,FALSE,
master_5,Yellow fever,Yellow fever,aedes mcintoshi,,vector,yes,FALSE,
master_5,Yellow fever,Yellow fever,aedes metallicus,,vector,yes,FALSE,
master_5,Yellow fever,Yellow fever,aedes opok,,vector,yes,FALSE,
master_5,Yellow fever,Yellow fever,aedes scapularis,,vector,yes,FALSE,
master_5,Yellow fever,Yellow fever,aedes simpsoni,,vector,yes,FALSE,
master_5,Yellow fever,Yellow fever,aedes simpsoni complex,,vector,yes,FALSE,
master_5,Yellow fever,Yellow fever,aedes taeniorhynchus,,vector,yes,FALSE,
master_5,Yellow fever,Yellow fever,aedes taylori,,vector,yes,FALSE,
master_5,Yellow fever,Yellow fever,aedes vittatus,,vector,yes,FALSE,
master_5,Yellow fever,Yellow fever,anopheles funestus,,vector,yes,FALSE,
master_5,Yellow fever,Yellow fever,haemagogus capricorni,,vector,yes,FALSE,
master_5,Yellow fever,Yellow fever,haemagogus equines,,vector,yes,FALSE,
master_5,Yellow fever,Yellow fever,haemagogus janthinomys,,vector,yes,FALSE,
master_5,Yellow fever,Yellow fever,haemagogus leucocelaenus,,vector,yes,FALSE,
master_5,Yellow fever,Yellow fever,haemagogus mesodentatus,,vector,yes,FALSE,
master_5,Yellow fever,Yellow fever,haemagogus spegazzinii,,vector,yes,FALSE,
master_5,Yellow fever,Yellow fever,sabethes albipivus,,vector,yes,FALSE,
master_5,Yellow fever,Yellow fever,sabethes chloropterus,,vector,yes,FALSE,
master_5,Yellow fever,Yellow fever,sabethes cyaneus,,vector,yes,FALSE,
master_5,Yellow fever,Yellow fever,sabethes soperi,,vector,yes,FALSE,
master_6,West Nile fever,West Nile fever,Accipiter cooperii,261198,host,optional,FALSE,
master_6,West Nile fever,West Nile fever,Accipiter nisus,211598,host,optional,FALSE,
master_6,West Nile fever,West Nile fever,Accipiter striatus,56330,host,optional,FALSE,
master_6,West Nile fever,West Nile fever,Acrocephalus dumetorum,68474,host,optional,FALSE,
master_6,West Nile fever,West Nile fever,Actitis macularius,190659,host,optional,FALSE,
master_6,West Nile fever,West Nile fever,Aegithalos caudatus,73327,host,optional,FALSE,
master_6,West Nile fever,West Nile fever,Aegypius monachus,8959,host,optional,FALSE,
master_6,West Nile fever,West Nile fever,Agelaius phoeniceus,39638,host,optional,FALSE,
master_6,West Nile fever,West Nile fever,Alectoris graeca,40178,host,optional,FALSE,
master_6,West Nile fever,West Nile fever,Alectoris rufa,9079,host,optional,FALSE,
master_6,West Nile fever,West Nile fever,Alligator mississippiensis,8496,host,optional,FALSE,
master_6,West Nile fever,West Nile fever,Alopochen aegyptiaca,30382,host,optional,FALSE,
master_6,West Nile fever,West Nile fever,Anas platyrhynchos,8839,host,optional,FALSE,
master_6,West Nile fever,West Nile fever,Anser anser,8843,host,optional,FALSE,
master_6,West Nile fever,West Nile fever,Anser indicus,8846,host,optional,FALSE,
master_6,West Nile fever,West Nile fever,Aphelocoma californica,142466,host,optional,FALSE,
master_6,West Nile fever,West Nile fever,Apus apus,8895,host,optional,FALSE,
master_6,West Nile fever,West Nile fever,Aquila adalberti,52408,host,optional,FALSE,
master_6,West Nile fever,West Nile fever,Aquila chrysaetos,8962,host,optional,FALSE,
master_6,West Nile fever,West Nile fever,Aquila fasciata,252784,host,optional,FALSE,
master_6,West Nile fever,West Nile fever,Ardea cinerea,30390,host,optional,FALSE,
master_6,West Nile fever,West Nile fever,Arvicanthis niloticus,61156,host,optional,TRUE,Arvicanthis niloticus
master_6,West Nile fever,West Nile fever,Asio flammeus,56267,host,optional,FALSE,
master_6,West Nile fever,West Nile fever,Asio otus,111810,host,optional,FALSE,
master_6,West Nile fever,West Nile fever,Astur gentilis,8957,host,optional,FALSE,
master_6,West Nile fever,West Nile fever,Athene noctua,126797,host,optional,FALSE,
master_6,West Nile fever,West Nile fever,Baeolophus bicolor,88114,host,optional,FALSE,
master_6,West Nile fever,West Nile fever,Baeolophus inornatus,142467,host,optional,FALSE,
master_6,West Nile fever,West Nile fever,Bombycilla garrulus,125297,host,optional,FALSE,
master_6,West Nile fever,West Nile fever,Bonasa umbellus,9000,host,optional,FALSE,
master_6,West Nile fever,West Nile fever,Bos taurus,9913,host,optional,TRUE,Bos taurus
master_6,West Nile fever,West Nile fever,Branta canadensis,8853,host,optional,FALSE,
master_6,West Nile fever,West Nile fever,Bubo scandiacus,371907,host,optional,FALSE,
master_6,West Nile fever,West Nile fever,Bubo virginianus,56268,host,optional,FALSE,
master_6,West Nile fever,West Nile fever,Bubulcus ibis,110668,host,optional,FALSE,
master_6,West Nile fever,West Nile fever,Buteo buteo,30397,host,optional,FALSE,
master_6,West Nile fever,West Nile fever,Buteo jamaicensis,56263,host,optional,FALSE,
master_6,West Nile fever,West Nile fever,Buteo lineatus,223475,host,optional,FALSE,
master_6,West Nile fever,West Nile fever,Buteo regalis,223441,host,optional,FALSE,
master_6,West Nile fever,West Nile fever,Buteo swainsoni,156757,host,optional,FALSE,
master_6,West Nile fever,West Nile fever,Butorides virescens,110671,host,optional,FALSE,
master_6,West Nile fever,West Nile fever,Calidris alba,279936,host,optional,FALSE,
master_6,West Nile fever,West Nile fever,Calypte costae,371909,host,optional,FALSE,
master_6,West Nile fever,West Nile fever,Camelus bactrianus,9837,host,optional,TRUE,Camelus bactrianus
master_6,West Nile fever,West Nile fever,Camelus dromedarius,9838,host,optional,TRUE,Camelus dromedarius
master_6,West Nile fever,West Nile fever,Canis lupus,9612,host,optional,TRUE,Canis lupus
master_6,West Nile fever,West Nile fever,Canis lupus,9615,host,optional,TRUE,Canis lupus
master_6,West Nile fever,West Nile fever,Cardinalis cardinalis,98964,host,optional,FALSE,
master_6,West Nile fever,West Nile fever,Centrocercus urophasianus,9002,host,optional,FALSE,
master_6,West Nile fever,West Nile fever,Cereopsis novaehollandiae,8858,host,optional,FALSE,
master_6,West Nile fever,West Nile fever,Charadrius melodus,279942,host,optional,FALSE,
master_6,West Nile fever,West Nile fever,Chroicocephalus ridibundus,1192867,host,optional,FALSE,
master_6,West Nile fever,West Nile fever,Ciconia ciconia,8928,host,optional,FALSE,
master_6,West Nile fever,West Nile fever,Clanga pomarina,2675520,host,optional,FALSE,
master_6,West Nile fever,West Nile fever,Colaptes auratus,51355,host,optional,FALSE,
master_6,West Nile fever,West Nile fever,Coloeus monedula,30423,host,optional,FALSE,
master_6,West Nile fever,West Nile fever,Columba livia,8932,host,optional,FALSE,
master_6,West Nile fever,West Nile fever,Columba palumbus,8934,host,optional,FALSE,
master_6,West Nile fever,West Nile fever,Coracopsis vasa,176022,host,optional,FALSE,
master_6,West Nile fever,West Nile fever,Coragyps atratus,33614,host,optional,FALSE,
master_6,West Nile fever,West Nile fever,Corvus brachyrhynchos,85066,host,optional,FALSE,
master_6,West Nile fever,West Nile fever,Corvus corax,56781,host,optional,FALSE,
master_6,West Nile fever,West Nile fever,Corvus cornix,181096,host,optional,FALSE,
master_6,West Nile fever,West Nile fever,Corvus corone,30422,host,optional,FALSE,
master_6,West Nile fever,West Nile fever,Corvus frugilegus,75140,host,optional,FALSE,
master_6,West Nile fever,West Nile fever,Corvus ossifragus,349685,host,optional,FALSE,
master_6,West Nile fever,West Nile fever,Crocodylus moreletii,184237,host,optional,FALSE,
master_6,West Nile fever,West Nile fever,Crocodylus niloticus,8501,host,optional,FALSE,
master_6,West Nile fever,West Nile fever,Crocodylus porosus,8502,host,optional,FALSE,
master_6,West Nile fever,West Nile fever,Cuculus canorus,55661,host,optional,FALSE,
master_6,West Nile fever,West Nile fever,Curruca conspicillata,216227,host,optional,FALSE,
master_6,West Nile fever,West Nile fever,Curruca nisoria,216220,host,optional,FALSE,
master_6,West Nile fever,West Nile fever,Cyanistes caeruleus,156563,host,optional,FALSE,
master_6,West Nile fever,West Nile fever,Cyanocitta cristata,28727,host,optional,FALSE,
master_6,West Nile fever,West Nile fever,Cygnus buccinator,48397,host,optional,FALSE,
master_6,West Nile fever,West Nile fever,Cygnus olor,8869,host,optional,FALSE,
master_6,West Nile fever,West Nile fever,Egretta caerulea,110682,host,optional,FALSE,
master_6,West Nile fever,West Nile fever,Egretta garzetta,188379,host,optional,FALSE,
master_6,West Nile fever,West Nile fever,Equus asinus,9793,host,optional,TRUE,Equus asinus
master_6,West Nile fever,West Nile fever,Equus caballus,9796,host,optional,TRUE,Equus caballus
master_6,West Nile fever,West Nile fever,Equus ferus,1114792,host,optional,FALSE,
master_6,West Nile fever,West Nile fever,Euphagus cyanocephalus,84817,host,optional,FALSE,
master_6,West Nile fever,West Nile fever,Falco columbarius,8953,host,optional,FALSE,
master_6,West Nile fever,West Nile fever,Falco peregrinus,8954,host,optional,FALSE,
master_6,West Nile fever,West Nile fever,Falco punctatus,148596,host,optional,FALSE,
master_6,West Nile fever,West Nile fever,Falco sparverius,56350,host,optional,FALSE,
master_6,West Nile fever,West Nile fever,Falco tinnunculus,100819,host,optional,FALSE,
master_6,West Nile fever,West Nile fever,Gallus gallus,9031,host,optional,FALSE,
master_6,West Nile fever,West Nile fever,Garrulus glandarius,56783,host,optional,FALSE,
master_6,West Nile fever,West Nile fever,Giraffa giraffa,439325,host,optional,TRUE,Giraffa giraffa
master_6,West Nile fever,West Nile fever,Gymnogyps californianus,33616,host,optional,FALSE,
master_6,West Nile fever,West Nile fever,Gyps fulvus,36247,host,optional,FALSE,
master_6,West Nile fever,West Nile fever,Haemorhous mexicanus,30427,host,optional,FALSE,
master_6,West Nile fever,West Nile fever,Haliaeetus albicilla,8969,host,optional,FALSE,
master_6,West Nile fever,West Nile fever,Haliaeetus leucocephalus,52644,host,optional,FALSE,
master_6,West Nile fever,West Nile fever,Hirundo rustica,43150,host,optional,FALSE,
master_6,West Nile fever,West Nile fever,Homo sapiens,9606,host,optional,FALSE,
master_6,West Nile fever,West Nile fever,Hylocichla mustelina,172420,host,optional,FALSE,
master_6,West Nile fever,West Nile fever,Ichthyaetus leucophthalmus,328043,host,optional,FALSE,
master_6,West Nile fever,West Nile fever,Ictinia mississippiensis,371914,host,optional,FALSE,
master_6,West Nile fever,West Nile fever,Lanius ludovicianus,28713,host,optional,FALSE,
master_6,West Nile fever,West Nile fever,Larus crassirostris,179808,host,optional,FALSE,
master_6,West Nile fever,West Nile fever,Larus delawarensis,126683,host,optional,FALSE,
master_6,West Nile fever,West Nile fever,Larus michahellis,119627,host,optional,FALSE,
master_6,West Nile fever,West Nile fever,Larus smithsonianus,243888,host,optional,FALSE,
master_6,West Nile fever,West Nile fever,Lathamus discolor,678569,host,optional,FALSE,
master_6,West Nile fever,West Nile fever,Locustella naevia,260105,host,optional,FALSE,
master_6,West Nile fever,West Nile fever,Lophophorus impejanus,9040,host,optional,FALSE,
master_6,West Nile fever,West Nile fever,Macaca sylvanus,9546,host,optional,TRUE,Macaca sylvanus
master_6,West Nile fever,West Nile fever,Mastomys erythroleucus,41268,host,optional,TRUE,Mastomys erythroleucus
master_6,West Nile fever,West Nile fever,Meleagris gallopavo,9103,host,optional,FALSE,
master_6,West Nile fever,West Nile fever,Mephitis mephitis,30548,host,optional,TRUE,Mephitis mephitis
master_6,West Nile fever,West Nile fever,Mergus squamatus,670348,host,optional,FALSE,
master_6,West Nile fever,West Nile fever,Mesocricetus auratus,10036,host,optional,FALSE,
master_6,West Nile fever,West Nile fever,Mimus polyglottos,60713,host,optional,FALSE,
master_6,West Nile fever,West Nile fever,Molothrus ater,84834,host,optional,FALSE,
master_6,West Nile fever,West Nile fever,Mus musculus,10090,host,optional,TRUE,Mus musculus
master_6,West Nile fever,West Nile fever,Nannopterum auritum,56069,host,optional,FALSE,
master_6,West Nile fever,West Nile fever,Nestor notabilis,176057,host,optional,FALSE,
master_6,West Nile fever,West Nile fever,Odocoileus virginianus,9874,host,optional,TRUE,Odocoileus virginianus
master_6,West Nile fever,West Nile fever,Oena capensis,115679,host,optional,TRUE,Oena capensis
master_6,West Nile fever,West Nile fever,Orcinus orca,9733,host,optional,FALSE,
master_6,West Nile fever,West Nile fever,Oriolus flavocinctus,449354,host,optional,FALSE,
master_6,West Nile fever,West Nile fever,Ovis aries,9940,host,optional,TRUE,Ovis aries
master_6,West Nile fever,West Nile fever,Pandion haliaetus,56262,host,optional,FALSE,
master_6,West Nile fever,West Nile fever,Panthera leo,9689,host,optional,TRUE,Panthera leo
master_6,West Nile fever,West Nile fever,Parus major,9157,host,optional,FALSE,
master_6,West Nile fever,West Nile fever,Passer,2705460,host,optional,FALSE,
master_6,West Nile fever,West Nile fever,Passer domesticus,48849,host,optional,FALSE,
master_6,West Nile fever,West Nile fever,Pelecanus erythrorhynchos,33618,host,optional,FALSE,
master_6,West Nile fever,West Nile fever,Pelecanus occidentalis,37043,host,optional,FALSE,
master_6,West Nile fever,West Nile fever,Pelophylax ridibundus,8406,host,optional,FALSE,
master_6,West Nile fever,West Nile fever,Phalacrocorax carbo,9209,host,optional,FALSE,
master_6,West Nile fever,West Nile fever,Phasianus colchicus,9054,host,optional,FALSE,
master_6,West Nile fever,West Nile fever,Pheucticus melanocephalus,371919,host,optional,FALSE,
master_6,West Nile fever,West Nile fever,Phoca vitulina,9720,host,optional,TRUE,Phoca vitulina
master_6,West Nile fever,West Nile fever,Phoenicoparrus andinus,704177,host,optional,FALSE,
master_6,West Nile fever,West Nile fever,Phoenicopterus,2729511,host,optional,FALSE,
master_6,West Nile fever,West Nile fever,Phoenicopterus chilensis,117000,host,optional,FALSE,
master_6,West Nile fever,West Nile fever,Phoenicopterus roseus,435638,host,optional,FALSE,
master_6,West Nile fever,West Nile fever,Phoenicopterus ruber,9217,host,optional,FALSE,
master_6,West Nile fever,West Nile fever,Phylloscopus collybita,48150,host,optional,FALSE,
master_6,West Nile fever,West Nile fever,Pica hudsonia,158052,host,optional,FALSE,
master_6,West Nile fever,West Nile fever,Pica nuttalli,114087,host,optional,FALSE,
master_6,West Nile fever,West Nile fever,Pica pica,34924,host,optional,FALSE,
master_6,West Nile fever,West Nile fever,Pluvialis apricaria,670352,host,optional,FALSE,
master_6,West Nile fever,West Nile fever,Podiceps cristatus,345573,host,optional,FALSE,
master_6,West Nile fever,West Nile fever,Podiceps nigricollis,85099,host,optional,FALSE,
master_6,West Nile fever,West Nile fever,Poecile atricapillus,48891,host,optional,FALSE,
master_6,West Nile fever,West Nile fever,Poecile carolinensis,48892,host,optional,FALSE,
master_6,West Nile fever,West Nile fever,Prunella modularis,181117,host,optional,FALSE,
master_6,West Nile fever,West Nile fever,Pyrrhocorax graculus,56789,host,optional,TRUE,Pyrrhocorax graculus
master_6,West Nile fever,West Nile fever,Quelea quelea,187445,host,optional,FALSE,
master_6,West Nile fever,West Nile fever,Quiscalus major,84780,host,optional,FALSE,
master_6,West Nile fever,West Nile fever,Quiscalus quiscula,84782,host,optional,FALSE,
master_6,West Nile fever,West Nile fever,Rallus aquaticus,54496,host,optional,FALSE,
master_6,West Nile fever,West Nile fever,Rousettus leschenaultii,9408,host,optional,TRUE,Rousettus leschenaultii
master_6,West Nile fever,West Nile fever,Sciurus carolinensis,30640,host,optional,TRUE,Sciurus carolinensis
master_6,West Nile fever,West Nile fever,Sciurus niger,34861,host,optional,TRUE,Sciurus niger
master_6,West Nile fever,West Nile fever,Serinus canaria,9135,host,optional,FALSE,
master_6,West Nile fever,West Nile fever,Spatula querquedula,75856,host,optional,FALSE,
master_6,West Nile fever,West Nile fever,Spheniscus humboldti,9240,host,optional,FALSE,
master_6,West Nile fever,West Nile fever,Spinus tristis,54773,host,optional,FALSE,
master_6,West Nile fever,West Nile fever,Sternula antillarum,471862,host,optional,FALSE,
master_6,West Nile fever,West Nile fever,Streptopelia capicola,135634,host,optional,FALSE,
master_6,West Nile fever,West Nile fever,Streptopelia decaocto,177147,host,optional,FALSE,
master_6,West Nile fever,West Nile fever,Strix aluco,111821,host,optional,FALSE,
master_6,West Nile fever,West Nile fever,Strix nebulosa,126836,host,optional,TRUE,Strix nebulosa
master_6,West Nile fever,West Nile fever,Strix nebulosa,507975,host,optional,TRUE,Strix nebulosa
master_6,West Nile fever,West Nile fever,Strix varia,57075,host,optional,FALSE,
master_6,West Nile fever,West Nile fever,Sturnus vulgaris,9172,host,optional,FALSE,
master_6,West Nile fever,West Nile fever,Sylvia atricapilla,48155,host,optional,FALSE,
master_6,West Nile fever,West Nile fever,Syncerus caffer,9970,host,optional,TRUE,Syncerus caffer
master_6,West Nile fever,West Nile fever,Toxostoma rufum,58210,host,optional,FALSE,
master_6,West Nile fever,West Nile fever,Trichoglossus haematodus,176049,host,optional,FALSE,
master_6,West Nile fever,West Nile fever,Trichoglossus moluccanus,1549204,host,optional,FALSE,
master_6,West Nile fever,West Nile fever,Turdus merula,9187,host,optional,FALSE,
master_6,West Nile fever,West Nile fever,Turdus migratorius,9188,host,optional,FALSE,
master_6,West Nile fever,West Nile fever,Turdus philomelos,127946,host,optional,FALSE,
master_6,West Nile fever,West Nile fever,Tyto alba,56313,host,optional,FALSE,
master_6,West Nile fever,West Nile fever,Ursus arctos,9644,host,optional,TRUE,Ursus arctos
master_6,West Nile fever,West Nile fever,Ursus maritimus,29073,host,optional,TRUE,Ursus maritimus
master_6,West Nile fever,West Nile fever,Vicugna pacos,30538,host,optional,FALSE,
master_6,West Nile fever,West Nile fever,Zenaida macroura,47245,host,optional,FALSE,
master_6,West Nile fever,West Nile fever,corvus tristis,1196314,host,optional,FALSE,
master_6,West Nile fever,West Nile fever,giraffa camelopardalis,9894,host,optional,FALSE,
master_6,West Nile fever,West Nile fever,aedes albopictus,,vector,yes,FALSE,
master_6,West Nile fever,West Nile fever,aedes alternans,,vector,yes,FALSE,
master_6,West Nile fever,West Nile fever,aedes australis,,vector,yes,FALSE,
master_6,West Nile fever,West Nile fever,aedes canadensis,,vector,yes,FALSE,
master_6,West Nile fever,West Nile fever,aedes cantans,,vector,yes,FALSE,
master_6,West Nile fever,West Nile fever,aedes caspius,,vector,yes,FALSE,
master_6,West Nile fever,West Nile fever,aedes detritus,,vector,yes,FALSE,
master_6,West Nile fever,West Nile fever,aedes dorsalis,,vector,yes,FALSE,
master_6,West Nile fever,West Nile fever,aedes excrucians,,vector,yes,FALSE,
master_6,West Nile fever,West Nile fever,aedes geniculatus,,vector,yes,FALSE,
master_6,West Nile fever,West Nile fever,aedes japonicus,,vector,yes,FALSE,
master_6,West Nile fever,West Nile fever,aedes japonicus japonicus,,vector,yes,FALSE,
master_6,West Nile fever,West Nile fever,aedes kochi,,vector,yes,FALSE,
master_6,West Nile fever,West Nile fever,aedes melanimon,,vector,yes,FALSE,
master_6,West Nile fever,West Nile fever,aedes normanensis,,vector,yes,FALSE,
master_6,West Nile fever,West Nile fever,aedes notoscriptus,,vector,yes,FALSE,
master_6,West Nile fever,West Nile fever,aedes procax,,vector,yes,FALSE,
master_6,West Nile fever,West Nile fever,aedes rusticus,,vector,yes,FALSE,
master_6,West Nile fever,West Nile fever,aedes sierrensis,,vector,yes,FALSE,
master_6,West Nile fever,West Nile fever,aedes spp,,vector,yes,FALSE,
master_6,West Nile fever,West Nile fever,aedes taeniorhynchus,,vector,yes,FALSE,
master_6,West Nile fever,West Nile fever,aedes tremulus,,vector,yes,FALSE,
master_6,West Nile fever,West Nile fever,aedes triseriatus,,vector,yes,FALSE,
master_6,West Nile fever,West Nile fever,aedes vexans,,vector,yes,FALSE,
master_6,West Nile fever,West Nile fever,aedes vigilax,,vector,yes,FALSE,
master_6,West Nile fever,West Nile fever,anopheles amictus,,vector,yes,FALSE,
master_6,West Nile fever,West Nile fever,anopheles atroparvus,,vector,yes,FALSE,
master_6,West Nile fever,West Nile fever,anopheles maculipennis s s,,vector,yes,FALSE,
master_6,West Nile fever,West Nile fever,anopheles plumbeus,,vector,yes,FALSE,
master_6,West Nile fever,West Nile fever,coquillettidia linealis,,vector,yes,FALSE,
master_6,West Nile fever,West Nile fever,coquillettidia perturbans,,vector,yes,FALSE,
master_6,West Nile fever,West Nile fever,coquillettidia richiardii,,vector,yes,FALSE,
master_6,West Nile fever,West Nile fever,culex annulirostris,,vector,yes,FALSE,
master_6,West Nile fever,West Nile fever,culex australicus,,vector,yes,FALSE,
master_6,West Nile fever,West Nile fever,culex bitaeniorhynchus,,vector,yes,FALSE,
master_6,West Nile fever,West Nile fever,culex erythrothorax,,vector,yes,FALSE,
master_6,West Nile fever,West Nile fever,culex gelidus,,vector,yes,FALSE,
master_6,West Nile fever,West Nile fever,culex incidens,,vector,yes,FALSE,
master_6,West Nile fever,West Nile fever,culex modestus,,vector,yes,FALSE,
master_6,West Nile fever,West Nile fever,culex molestus,,vector,yes,FALSE,
master_6,West Nile fever,West Nile fever,culex neavei group,,vector,yes,FALSE,
master_6,West Nile fever,West Nile fever,culex nigripalpus,,vector,yes,FALSE,
master_6,West Nile fever,West Nile fever,culex perexiguus,,vector,yes,FALSE,
master_6,West Nile fever,West Nile fever,culex pervigilans,,vector,yes,FALSE,
master_6,West Nile fever,West Nile fever,culex pipiens,,vector,yes,FALSE,
master_6,West Nile fever,West Nile fever,culex pipiens biotype molestus,,vector,yes,FALSE,
master_6,West Nile fever,West Nile fever,culex pipiens biotype molestus x culex quinquefasciatus,,vector,yes,FALSE,
master_6,West Nile fever,West Nile fever,culex pipiens biotype pipiens,,vector,yes,FALSE,
master_6,West Nile fever,West Nile fever,culex pipiens biotype pipiens x biotype molestus,,vector,yes,FALSE,
master_6,West Nile fever,West Nile fever,culex pipiens biotype pipiens x culex quinquefasciatus,,vector,yes,FALSE,
master_6,West Nile fever,West Nile fever,culex pipiens pipiens,,vector,yes,FALSE,
master_6,West Nile fever,West Nile fever,culex pipiens quinquefasciatus,,vector,yes,FALSE,
master_6,West Nile fever,West Nile fever,culex pipiens restuans,,vector,yes,FALSE,
master_6,West Nile fever,West Nile fever,culex pipiens s l,,vector,yes,FALSE,
master_6,West Nile fever,West Nile fever,culex quinquefasciatus,,vector,yes,FALSE,
master_6,West Nile fever,West Nile fever,culex restuans,,vector,yes,FALSE,
master_6,West Nile fever,West Nile fever,culex salinarius,,vector,yes,FALSE,
master_6,West Nile fever,West Nile fever,culex sitiens,,vector,yes,FALSE,
master_6,West Nile fever,West Nile fever,culex spp,,vector,yes,FALSE,
master_6,West Nile fever,West Nile fever,culex squamosus,,vector,yes,FALSE,
master_6,West Nile fever,West Nile fever,culex stigmatosoma,,vector,yes,FALSE,
master_6,West Nile fever,West Nile fever,culex tarsalis,,vector,yes,FALSE,
master_6,West Nile fever,West Nile fever,culex thriambus,,vector,yes,FALSE,
master_6,West Nile fever,West Nile fever,culex torrentium,,vector,yes,FALSE,
master_6,West Nile fever,West Nile fever,culex univittatus,,vector,yes,FALSE,
master_6,West Nile fever,West Nile fever,culex vansomereni,,vector,yes,FALSE,
master_6,West Nile fever,West Nile fever,culiseta inornata,,vector,yes,FALSE,
master_6,West Nile fever,West Nile fever,culiseta melanura,,vector,yes,FALSE,
master_6,West Nile fever,West Nile fever,ochlerotatus caspius,,vector,yes,FALSE,
master_6,West Nile fever,West Nile fever,ochlerotatus dorsalis,,vector,yes,FALSE,
master_6,West Nile fever,West Nile fever,ochlerotatus melanimon,,vector,yes,FALSE,
master_6,West Nile fever,West Nile fever,ochlerotatus sierrensis,,vector,yes,FALSE,
master_6,West Nile fever,West Nile fever,verrallina carmenti,,vector,yes,FALSE,
master_6,West Nile fever,West Nile fever,verrallina funerea,,vector,yes,FALSE,
master_6,West Nile fever,West Nile fever,verrallina lineato,,vector,yes,FALSE,
master_7,Crimean-Congo hemorrhagic fever,Crimean-Congo hemorrhagic fever,Atelerix albiventris,9368,host,optional,TRUE,Atelerix albiventris
master_7,Crimean-Congo hemorrhagic fever,Crimean-Congo hemorrhagic fever,Bos taurus,9913,host,optional,TRUE,Bos taurus
master_7,Crimean-Congo hemorrhagic fever,Crimean-Congo hemorrhagic fever,Bubalus bubalis,89462,host,optional,TRUE,Bubalus bubalis
master_7,Crimean-Congo hemorrhagic fever,Crimean-Congo hemorrhagic fever,Camelus dromedarius,9838,host,optional,TRUE,Camelus dromedarius
master_7,Crimean-Congo hemorrhagic fever,Crimean-Congo hemorrhagic fever,Capra hircus,9925,host,optional,TRUE,Capra hircus
master_7,Crimean-Congo hemorrhagic fever,Crimean-Congo hemorrhagic fever,Capricornis milneedwardsii,1073286,host,optional,FALSE,
master_7,Crimean-Congo hemorrhagic fever,Crimean-Congo hemorrhagic fever,Homo sapiens,9606,host,optional,FALSE,
master_7,Crimean-Congo hemorrhagic fever,Crimean-Congo hemorrhagic fever,Lepus europaeus,9983,host,optional,TRUE,Lepus europaeus
master_7,Crimean-Congo hemorrhagic fever,Crimean-Congo hemorrhagic fever,Mus musculus,10090,host,optional,TRUE,Mus musculus
master_7,Crimean-Congo hemorrhagic fever,Crimean-Congo hemorrhagic fever,Ovis aries,9940,host,optional,TRUE,Ovis aries
master_7,Crimean-Congo hemorrhagic fever,Crimean-Congo hemorrhagic fever,Rattus norvegicus,10116,host,optional,TRUE,Rattus norvegicus
master_7,Crimean-Congo hemorrhagic fever,Crimean-Congo hemorrhagic fever,Rattus rattus,10117,host,optional,TRUE,Rattus rattus
master_7,Crimean-Congo hemorrhagic fever,Crimean-Congo hemorrhagic fever,Testudo graeca,86975,host,optional,FALSE,
master_7,Crimean-Congo hemorrhagic fever,Crimean-Congo hemorrhagic fever,amblyomma lepidum,,vector,yes,FALSE,
master_7,Crimean-Congo hemorrhagic fever,Crimean-Congo hemorrhagic fever,amblyomma variegatum,,vector,yes,FALSE,
master_7,Crimean-Congo hemorrhagic fever,Crimean-Congo hemorrhagic fever,dermacentor marginatus,,vector,yes,FALSE,
master_7,Crimean-Congo hemorrhagic fever,Crimean-Congo hemorrhagic fever,dermacentor niveus,,vector,yes,FALSE,
master_7,Crimean-Congo hemorrhagic fever,Crimean-Congo hemorrhagic fever,dermacentor nuttalli,,vector,yes,FALSE,
master_7,Crimean-Congo hemorrhagic fever,Crimean-Congo hemorrhagic fever,haemaphysalis concinna,,vector,yes,FALSE,
master_7,Crimean-Congo hemorrhagic fever,Crimean-Congo hemorrhagic fever,haemaphysalis inermis,,vector,yes,FALSE,
master_7,Crimean-Congo hemorrhagic fever,Crimean-Congo hemorrhagic fever,haemaphysalis parva,,vector,yes,FALSE,
master_7,Crimean-Congo hemorrhagic fever,Crimean-Congo hemorrhagic fever,haemaphysalis punctata,,vector,yes,FALSE,
master_7,Crimean-Congo hemorrhagic fever,Crimean-Congo hemorrhagic fever,haemaphysalis sulcata,,vector,yes,FALSE,
master_7,Crimean-Congo hemorrhagic fever,Crimean-Congo hemorrhagic fever,hyalomma aegyptium,,vector,yes,FALSE,
master_7,Crimean-Congo hemorrhagic fever,Crimean-Congo hemorrhagic fever,hyalomma anatolicum,,vector,yes,FALSE,
master_7,Crimean-Congo hemorrhagic fever,Crimean-Congo hemorrhagic fever,hyalomma asiaticum,,vector,yes,FALSE,
master_7,Crimean-Congo hemorrhagic fever,Crimean-Congo hemorrhagic fever,hyalomma asiaticum kozlovi,,vector,yes,FALSE,
master_7,Crimean-Congo hemorrhagic fever,Crimean-Congo hemorrhagic fever,hyalomma detritum,,vector,yes,FALSE,
master_7,Crimean-Congo hemorrhagic fever,Crimean-Congo hemorrhagic fever,hyalomma dromedarii,,vector,yes,FALSE,
master_7,Crimean-Congo hemorrhagic fever,Crimean-Congo hemorrhagic fever,hyalomma excavatum,,vector,yes,FALSE,
master_7,Crimean-Congo hemorrhagic fever,Crimean-Congo hemorrhagic fever,hyalomma impeltatum,,vector,yes,FALSE,
master_7,Crimean-Congo hemorrhagic fever,Crimean-Congo hemorrhagic fever,hyalomma impressum,,vector,yes,FALSE,
master_7,Crimean-Congo hemorrhagic fever,Crimean-Congo hemorrhagic fever,hyalomma isaaci,,vector,yes,FALSE,
master_7,Crimean-Congo hemorrhagic fever,Crimean-Congo hemorrhagic fever,hyalomma lusitanicum,,vector,yes,FALSE,
master_7,Crimean-Congo hemorrhagic fever,Crimean-Congo hemorrhagic fever,hyalomma marginatum,,vector,yes,FALSE,
master_7,Crimean-Congo hemorrhagic fever,Crimean-Congo hemorrhagic fever,hyalomma nitidum,,vector,yes,FALSE,
master_7,Crimean-Congo hemorrhagic fever,Crimean-Congo hemorrhagic fever,hyalomma onatoli,,vector,yes,FALSE,
master_7,Crimean-Congo hemorrhagic fever,Crimean-Congo hemorrhagic fever,hyalomma rufipes,,vector,yes,FALSE,
master_7,Crimean-Congo hemorrhagic fever,Crimean-Congo hemorrhagic fever,hyalomma schulzei,,vector,yes,FALSE,
master_7,Crimean-Congo hemorrhagic fever,Crimean-Congo hemorrhagic fever,hyalomma scupense,,vector,yes,FALSE,
master_7,Crimean-Congo hemorrhagic fever,Crimean-Congo hemorrhagic fever,hyalomma spp,,vector,yes,FALSE,
master_7,Crimean-Congo hemorrhagic fever,Crimean-Congo hemorrhagic fever,hyalomma truncatum,,vector,yes,FALSE,
master_7,Crimean-Congo hemorrhagic fever,Crimean-Congo hemorrhagic fever,hyalomma turanicum,,vector,yes,FALSE,
master_7,Crimean-Congo hemorrhagic fever,Crimean-Congo hemorrhagic fever,ixodes ricinus,,vector,yes,FALSE,
master_7,Crimean-Congo hemorrhagic fever,Crimean-Congo hemorrhagic fever,ornithodoros lahorensis,,vector,yes,FALSE,
master_7,Crimean-Congo hemorrhagic fever,Crimean-Congo hemorrhagic fever,rhipicephalus annulatus,,vector,yes,FALSE,
master_7,Crimean-Congo hemorrhagic fever,Crimean-Congo hemorrhagic fever,rhipicephalus appendiculatus,,vector,yes,FALSE,
master_7,Crimean-Congo hemorrhagic fever,Crimean-Congo hemorrhagic fever,rhipicephalus boophilus annulatus,,vector,yes,FALSE,
master_7,Crimean-Congo hemorrhagic fever,Crimean-Congo hemorrhagic fever,rhipicephalus boophilus decoloratus,,vector,yes,FALSE,
master_7,Crimean-Congo hemorrhagic fever,Crimean-Congo hemorrhagic fever,rhipicephalus bursa,,vector,yes,FALSE,
master_7,Crimean-Congo hemorrhagic fever,Crimean-Congo hemorrhagic fever,rhipicephalus decoloratus,,vector,yes,FALSE,
master_7,Crimean-Congo hemorrhagic fever,Crimean-Congo hemorrhagic fever,rhipicephalus evertsi,,vector,yes,FALSE,
master_7,Crimean-Congo hemorrhagic fever,Crimean-Congo hemorrhagic fever,rhipicephalus evertsi evertsi,,vector,yes,FALSE,
master_7,Crimean-Congo hemorrhagic fever,Crimean-Congo hemorrhagic fever,rhipicephalus geigyi,,vector,yes,FALSE,
master_7,Crimean-Congo hemorrhagic fever,Crimean-Congo hemorrhagic fever,rhipicephalus guilhoni,,vector,yes,FALSE,
master_7,Crimean-Congo hemorrhagic fever,Crimean-Congo hemorrhagic fever,rhipicephalus microplus,,vector,yes,FALSE,
master_7,Crimean-Congo hemorrhagic fever,Crimean-Congo hemorrhagic fever,rhipicephalus pulchellus,,vector,yes,FALSE,
master_7,Crimean-Congo hemorrhagic fever,Crimean-Congo hemorrhagic fever,rhipicephalus pumilio,,vector,yes,FALSE,
master_7,Crimean-Congo hemorrhagic fever,Crimean-Congo hemorrhagic fever,rhipicephalus rossicus,,vector,yes,FALSE,
master_7,Crimean-Congo hemorrhagic fever,Crimean-Congo hemorrhagic fever,rhipicephalus sanguineus,,vector,yes,FALSE,
master_7,Crimean-Congo hemorrhagic fever,Crimean-Congo hemorrhagic fever,rhipicephalus spp,,vector,yes,FALSE,
master_7,Crimean-Congo hemorrhagic fever,Crimean-Congo hemorrhagic fever,rhipicephalus turanicus,,vector,yes,FALSE,
master_8,Rift Valley fever,Rift Valley fever,Antidorcas marsupialis,59523,host,yes,TRUE,Antidorcas marsupialis
master_8,Rift Valley fever,Rift Valley fever,Bos taurus,9913,host,yes,TRUE,Bos taurus
master_8,Rift Valley fever,Rift Valley fever,Bubalus bubalis,89462,host,yes,TRUE,Bubalus bubalis
master_8,Rift Valley fever,Rift Valley fever,Camelus dromedarius,9838,host,yes,TRUE,Camelus dromedarius
master_8,Rift Valley fever,Rift Valley fever,Capra hircus,9925,host,yes,TRUE,Capra hircus
master_8,Rift Valley fever,Rift Valley fever,Cephalophus callipygus,129223,host,yes,TRUE,Cephalophus callipygus
master_8,Rift Valley fever,Rift Valley fever,Epomophorus pusillus,2853157,host,yes,TRUE,Epomophorus pusillus
master_8,Rift Valley fever,Rift Valley fever,Epomops franqueti,77231,host,yes,TRUE,Epomops franqueti
master_8,Rift Valley fever,Rift Valley fever,Glauconycteris argentata,909367,host,yes,FALSE,
master_8,Rift Valley fever,Rift Valley fever,Hipposideros abae,249020,host,yes,TRUE,Hipposideros abae
master_8,Rift Valley fever,Rift Valley fever,Hipposideros caffer,302402,host,yes,TRUE,Hipposideros caffer
master_8,Rift Valley fever,Rift Valley fever,Homo sapiens,9606,host,yes,FALSE,
master_8,Rift Valley fever,Rift Valley fever,Miniopterus schreibersii,9433,host,yes,TRUE,Miniopterus schreibersii
master_8,Rift Valley fever,Rift Valley fever,Ovis aries,9940,host,yes,TRUE,Ovis aries
master_8,Rift Valley fever,Rift Valley fever,Philantomba monticola,907742,host,yes,TRUE,Philantomba monticola
master_8,Rift Valley fever,Rift Valley fever,Rattus rattus,10117,host,yes,TRUE,Rattus rattus
master_8,Rift Valley fever,Rift Valley fever,Syncerus caffer,9970,host,yes,TRUE,Syncerus caffer
master_8,Rift Valley fever,Rift Valley fever,aedes aedimorphus dentatus,,vector,yes,FALSE,
master_8,Rift Valley fever,Rift Valley fever,aedes aedimorphus vexans arabiensis,,vector,yes,FALSE,
master_8,Rift Valley fever,Rift Valley fever,aedes aegypti,,vector,yes,FALSE,
master_8,Rift Valley fever,Rift Valley fever,aedes africanus,,vector,yes,FALSE,
master_8,Rift Valley fever,Rift Valley fever,aedes albopictus,,vector,yes,FALSE,
master_8,Rift Valley fever,Rift Valley fever,aedes atlanticus,,vector,yes,FALSE,
master_8,Rift Valley fever,Rift Valley fever,aedes calceatus,,vector,yes,FALSE,
master_8,Rift Valley fever,Rift Valley fever,aedes canadensis,,vector,yes,FALSE,
master_8,Rift Valley fever,Rift Valley fever,aedes cantator,,vector,yes,FALSE,
master_8,Rift Valley fever,Rift Valley fever,aedes caspius,,vector,yes,FALSE,
master_8,Rift Valley fever,Rift Valley fever,aedes circumluteolus,,vector,yes,FALSE,
master_8,Rift Valley fever,Rift Valley fever,aedes detritus,,vector,yes,FALSE,
master_8,Rift Valley fever,Rift Valley fever,aedes durbanensis,,vector,yes,FALSE,
master_8,Rift Valley fever,Rift Valley fever,aedes excrucians,,vector,yes,FALSE,
master_8,Rift Valley fever,Rift Valley fever,aedes japonicus japonicus,,vector,yes,FALSE,
master_8,Rift Valley fever,Rift Valley fever,aedes mcintoshi,,vector,yes,FALSE,
master_8,Rift Valley fever,Rift Valley fever,aedes melanimon,,vector,yes,FALSE,
master_8,Rift Valley fever,Rift Valley fever,aedes ochraceus,,vector,yes,FALSE,
master_8,Rift Valley fever,Rift Valley fever,aedes palpalis,,vector,yes,FALSE,
master_8,Rift Valley fever,Rift Valley fever,aedes palpalis group,,vector,yes,FALSE,
master_8,Rift Valley fever,Rift Valley fever,aedes pembaensis,,vector,yes,FALSE,
master_8,Rift Valley fever,Rift Valley fever,aedes sollicitans,,vector,yes,FALSE,
master_8,Rift Valley fever,Rift Valley fever,aedes spp,,vector,yes,FALSE,
master_8,Rift Valley fever,Rift Valley fever,aedes sudanensis,,vector,yes,FALSE,
master_8,Rift Valley fever,Rift Valley fever,aedes taeniorhynchus,,vector,yes,FALSE,
master_8,Rift Valley fever,Rift Valley fever,aedes triseriatus,,vector,yes,FALSE,
master_8,Rift Valley fever,Rift Valley fever,aedes vexans,,vector,yes,FALSE,
master_8,Rift Valley fever,Rift Valley fever,aedes vexans meigen,,vector,yes,FALSE,
master_8,Rift Valley fever,Rift Valley fever,amblyomma variegatum,,vector,yes,FALSE,
master_8,Rift Valley fever,Rift Valley fever,anopheles bradleyi crucians,,vector,yes,FALSE,
master_8,Rift Valley fever,Rift Valley fever,anopheles coustani,,vector,yes,FALSE,
master_8,Rift Valley fever,Rift Valley fever,anopheles funestus,,vector,yes,FALSE,
master_8,Rift Valley fever,Rift Valley fever,anopheles gambiae,,vector,yes,FALSE,
master_8,Rift Valley fever,Rift Valley fever,anopheles gambiae arabiensis,,vector,yes,FALSE,
master_8,Rift Valley fever,Rift Valley fever,anopheles gambiae sensu lato,,vector,yes,FALSE,
master_8,Rift Valley fever,Rift Valley fever,anopheles pharoensis,,vector,yes,FALSE,
master_8,Rift Valley fever,Rift Valley fever,anopheles rufipes,,vector,yes,FALSE,
master_8,Rift Valley fever,Rift Valley fever,anopheles spp,,vector,yes,FALSE,
master_8,Rift Valley fever,Rift Valley fever,anopheles squamosus,,vector,yes,FALSE,
master_8,Rift Valley fever,Rift Valley fever,anopheles ziemanni,,vector,yes,FALSE,
master_8,Rift Valley fever,Rift Valley fever,coquillettidia perturbans,,vector,yes,FALSE,
master_8,Rift Valley fever,Rift Valley fever,culex annulioris,,vector,yes,FALSE,
master_8,Rift Valley fever,Rift Valley fever,culex antennatus,,vector,yes,FALSE,
master_8,Rift Valley fever,Rift Valley fever,culex bitaeniorhynchus,,vector,yes,FALSE,
master_8,Rift Valley fever,Rift Valley fever,culex erraticus,,vector,yes,FALSE,
master_8,Rift Valley fever,Rift Valley fever,culex erythrothorax,,vector,yes,FALSE,
master_8,Rift Valley fever,Rift Valley fever,culex neavei,,vector,yes,FALSE,
master_8,Rift Valley fever,Rift Valley fever,culex nigripalpus,,vector,yes,FALSE,
master_8,Rift Valley fever,Rift Valley fever,culex pipiens,,vector,yes,FALSE,
master_8,Rift Valley fever,Rift Valley fever,culex pipiens biotype molestus,,vector,yes,FALSE,
master_8,Rift Valley fever,Rift Valley fever,culex pipiens biotype pipiens,,vector,yes,FALSE,
master_8,Rift Valley fever,Rift Valley fever,culex pipiens biotype pipiens x biotype molestus,,vector,yes,FALSE,
master_8,Rift Valley fever,Rift Valley fever,culex pipiens complex,,vector,yes,FALSE,
master_8,Rift Valley fever,Rift Valley fever,culex pipiens form molestus,,vector,yes,FALSE,
master_8,Rift Valley fever,Rift Valley fever,culex pipiens hybrid form,,vector,yes,FALSE,
master_8,Rift Valley fever,Rift Valley fever,culex pipiens s l,,vector,yes,FALSE,
master_8,Rift Valley fever,Rift Valley fever,culex poicilipes,,vector,yes,FALSE,
master_8,Rift Valley fever,Rift Valley fever,culex poicilipes theobald,,vector,yes,FALSE,
master_8,Rift Valley fever,Rift Valley fever,culex quinquefasciatus,,vector,yes,FALSE,
master_8,Rift Valley fever,Rift Valley fever,culex quinquefasciatus say,,vector,yes,FALSE,
master_8,Rift Valley fever,Rift Valley fever,culex salinarius,,vector,yes,FALSE,
master_8,Rift Valley fever,Rift Valley fever,culex spp,,vector,yes,FALSE,
master_8,Rift Valley fever,Rift Valley fever,culex tarsalis,,vector,yes,FALSE,
master_8,Rift Valley fever,Rift Valley fever,culex territans,,vector,yes,FALSE,
master_8,Rift Valley fever,Rift Valley fever,culex theileri,,vector,yes,FALSE,
master_8,Rift Valley fever,Rift Valley fever,culex tritaeniorhynchus,,vector,yes,FALSE,
master_8,Rift Valley fever,Rift Valley fever,culex univittatus,,vector,yes,FALSE,
master_8,Rift Valley fever,Rift Valley fever,culex zombaensis,,vector,yes,FALSE,
master_8,Rift Valley fever,Rift Valley fever,culiseta inornata,,vector,yes,FALSE,
master_8,Rift Valley fever,Rift Valley fever,eretmapodites chrysogaster sensu lato,,vector,yes,FALSE,
master_8,Rift Valley fever,Rift Valley fever,eretmapodites quinquevittatus,,vector,yes,FALSE,
master_8,Rift Valley fever,Rift Valley fever,mansonia africana,,vector,yes,FALSE,
master_8,Rift Valley fever,Rift Valley fever,mansonia dyari,,vector,yes,FALSE,
master_8,Rift Valley fever,Rift Valley fever,mansonia uniformis,,vector,yes,FALSE,
master_8,Rift Valley fever,Rift Valley fever,ochlerotatus caballus,,vector,yes,FALSE,
master_8,Rift Valley fever,Rift Valley fever,ochlerotatus juppi,,vector,yes,FALSE,
master_8,Rift Valley fever,Rift Valley fever,psorophora ferox,,vector,yes,FALSE,
master_8,Rift Valley fever,Rift Valley fever,rhipicephalus appendiculatus,,vector,yes,FALSE,
who_18,Influenza (H7N9 avian influenza),Influenza (H7N9 avian influenza),Accipiter cooperii,261198,host,yes,FALSE,
who_18,Influenza (H7N9 avian influenza),Influenza (H7N9 avian influenza),Accipiter nisus,211598,host,yes,FALSE,
who_18,Influenza (H7N9 avian influenza),Influenza (H7N9 avian influenza),Accipiter striatus,56330,host,yes,FALSE,
who_18,Influenza (H7N9 avian influenza),Influenza (H7N9 avian influenza),Accipiter trivirgatus,210844,host,yes,FALSE,
who_18,Influenza (H7N9 avian influenza),Influenza (H7N9 avian influenza),Acerodon celebensis,58057,host,yes,FALSE,
who_18,Influenza (H7N9 avian influenza),Influenza (H7N9 avian influenza),Acinonyx jubatus,32536,host,yes,TRUE,Acinonyx jubatus
who_18,Influenza (H7N9 avian influenza),Influenza (H7N9 avian influenza),Aechmophorus occidentalis,57236,host,yes,FALSE,
who_18,Influenza (H7N9 avian influenza),Influenza (H7N9 avian influenza),Aegypius monachus,8959,host,yes,FALSE,
who_18,Influenza (H7N9 avian influenza),Influenza (H7N9 avian influenza),Agropsar sturninus,2675479,host,yes,FALSE,
who_18,Influenza (H7N9 avian influenza),Influenza (H7N9 avian influenza),Ailuropoda melanoleuca,9646,host,yes,FALSE,
who_18,Influenza (H7N9 avian influenza),Influenza (H7N9 avian influenza),Aix galericulata,8832,host,yes,FALSE,
who_18,Influenza (H7N9 avian influenza),Influenza (H7N9 avian influenza),Aix sponsa,8833,host,yes,FALSE,
who_18,Influenza (H7N9 avian influenza),Influenza (H7N9 avian influenza),Alca torda,28689,host,yes,FALSE,
who_18,Influenza (H7N9 avian influenza),Influenza (H7N9 avian influenza),Alectoris barbara,40177,host,yes,FALSE,
who_18,Influenza (H7N9 avian influenza),Influenza (H7N9 avian influenza),Alectoris chukar,9078,host,yes,FALSE,
who_18,Influenza (H7N9 avian influenza),Influenza (H7N9 avian influenza),Alligator sinensis,38654,host,yes,FALSE,
who_18,Influenza (H7N9 avian influenza),Influenza (H7N9 avian influenza),Alopochen aegyptiaca,30382,host,yes,FALSE,
who_18,Influenza (H7N9 avian influenza),Influenza (H7N9 avian influenza),Amazona albifrons,241569,host,yes,FALSE,
who_18,Influenza (H7N9 avian influenza),Influenza (H7N9 avian influenza),Amazona autumnalis,151759,host,yes,FALSE,
who_18,Influenza (H7N9 avian influenza),Influenza (H7N9 avian influenza),Amazona oratrix,152276,host,yes,FALSE,
who_18,Influenza (H7N9 avian influenza),Influenza (H7N9 avian influenza),Amazonetta brasiliensis,75867,host,yes,FALSE,
who_18,Influenza (H7N9 avian influenza),Influenza (H7N9 avian influenza),Anas,42806,host,yes,FALSE,
who_18,Influenza (H7N9 avian influenza),Influenza (H7N9 avian influenza),Anas acuta,28680,host,yes,FALSE,
who_18,Influenza (H7N9 avian influenza),Influenza (H7N9 avian influenza),Anas capensis,8837,host,yes,FALSE,
who_18,Influenza (H7N9 avian influenza),Influenza (H7N9 avian influenza),Anas carolinensis,75836,host,yes,FALSE,
who_18,Influenza (H7N9 avian influenza),Influenza (H7N9 avian influenza),Anas castanea,45631,host,yes,FALSE,
who_18,Influenza (H7N9 avian influenza),Influenza (H7N9 avian influenza),Anas crecca,75839,host,yes,FALSE,
who_18,Influenza (H7N9 avian influenza),Influenza (H7N9 avian influenza),Anas diazi,75841,host,yes,FALSE,
who_18,Influenza (H7N9 avian influenza),Influenza (H7N9 avian influenza),Anas erythrorhyncha,75843,host,yes,FALSE,
who_18,Influenza (H7N9 avian influenza),Influenza (H7N9 avian influenza),Anas flavirostris,75845,host,yes,FALSE,
who_18,Influenza (H7N9 avian influenza),Influenza (H7N9 avian influenza),Anas fulvigula,75846,host,yes,FALSE,
who_18,Influenza (H7N9 avian influenza),Influenza (H7N9 avian influenza),Anas georgica,75847,host,yes,FALSE,
who_18,Influenza (H7N9 avian influenza),Influenza (H7N9 avian influenza),Anas gracilis,45630,host,yes,FALSE,
who_18,Influenza (H7N9 avian influenza),Influenza (H7N9 avian influenza),Anas platyrhynchos,8839,host,yes,FALSE,
who_18,Influenza (H7N9 avian influenza),Influenza (H7N9 avian influenza),Anas platyrhynchos,8840,host,yes,FALSE,
who_18,Influenza (H7N9 avian influenza),Influenza (H7N9 avian influenza),Anas poecilorhyncha,75854,host,yes,FALSE,
who_18,Influenza (H7N9 avian influenza),Influenza (H7N9 avian influenza),Anas rubripes,75857,host,yes,FALSE,
who_18,Influenza (H7N9 avian influenza),Influenza (H7N9 avian influenza),Anas superciliosa,45632,host,yes,FALSE,
who_18,Influenza (H7N9 avian influenza),Influenza (H7N9 avian influenza),Anas undulata,75862,host,yes,FALSE,
who_18,Influenza (H7N9 avian influenza),Influenza (H7N9 avian influenza),Anas zonorhyncha,75864,host,yes,FALSE,
who_18,Influenza (H7N9 avian influenza),Influenza (H7N9 avian influenza),Anastomus oscitans,1706835,host,yes,FALSE,
who_18,Influenza (H7N9 avian influenza),Influenza (H7N9 avian influenza),Anatidae,1867944,host,yes,FALSE,
who_18,Influenza (H7N9 avian influenza),Influenza (H7N9 avian influenza),Anous tenuirostris,297803,host,yes,FALSE,
who_18,Influenza (H7N9 avian influenza),Influenza (H7N9 avian influenza),Anser,8847,host,yes,FALSE,
who_18,Influenza (H7N9 avian influenza),Influenza (H7N9 avian influenza),Anser albifrons,50365,host,yes,FALSE,
who_18,Influenza (H7N9 avian influenza),Influenza (H7N9 avian influenza),Anser anser,8843,host,yes,FALSE,
who_18,Influenza (H7N9 avian influenza),Influenza (H7N9 avian influenza),Anser brachyrhynchus,132585,host,yes,FALSE,
who_18,Influenza (H7N9 avian influenza),Influenza (H7N9 avian influenza),Anser caerulescens,440516,host,yes,FALSE,
who_18,Influenza (H7N9 avian influenza),Influenza (H7N9 avian influenza),Anser caerulescens,70340,host,yes,FALSE,
who_18,Influenza (H7N9 avian influenza),Influenza (H7N9 avian influenza),Anser caerulescens,8849,host,yes,FALSE,
who_18,Influenza (H7N9 avian influenza),Influenza (H7N9 avian influenza),Anser canagicus,107021,host,yes,FALSE,
who_18,Influenza (H7N9 avian influenza),Influenza (H7N9 avian influenza),Anser cygnoides,8845,host,yes,FALSE,
who_18,Influenza (H7N9 avian influenza),Influenza (H7N9 avian influenza),Anser erythropus,132586,host,yes,FALSE,
who_18,Influenza (H7N9 avian influenza),Influenza (H7N9 avian influenza),Anser fabalis,132587,host,yes,FALSE,
who_18,Influenza (H7N9 avian influenza),Influenza (H7N9 avian influenza),Anser indicus,8846,host,yes,FALSE,
who_18,Influenza (H7N9 avian influenza),Influenza (H7N9 avian influenza),Anser rossii,56281,host,yes,FALSE,
who_18,Influenza (H7N9 avian influenza),Influenza (H7N9 avian influenza),Anthropoides virgo,9111,host,yes,FALSE,
who_18,Influenza (H7N9 avian influenza),Influenza (H7N9 avian influenza),Antigone canadensis,1977160,host,yes,FALSE,
who_18,Influenza (H7N9 avian influenza),Influenza (H7N9 avian influenza),Antigone vipio,2717088,host,yes,FALSE,
who_18,Influenza (H7N9 avian influenza),Influenza (H7N9 avian influenza),Aquila chrysaetos,8962,host,yes,FALSE,
who_18,Influenza (H7N9 avian influenza),Influenza (H7N9 avian influenza),Aquila fasciata,252784,host,yes,FALSE,
who_18,Influenza (H7N9 avian influenza),Influenza (H7N9 avian influenza),Arctocephalus australis,161928,host,yes,TRUE,Arctocephalus australis
who_18,Influenza (H7N9 avian influenza),Influenza (H7N9 avian influenza),Arctocephalus gazella,37190,host,yes,TRUE,Arctocephalus gazella
who_18,Influenza (H7N9 avian influenza),Influenza (H7N9 avian influenza),Ardea alba,110620,host,yes,FALSE,
who_18,Influenza (H7N9 avian influenza),Influenza (H7N9 avian influenza),Ardea cinerea,30390,host,yes,FALSE,
who_18,Influenza (H7N9 avian influenza),Influenza (H7N9 avian influenza),Ardea herodias,56072,host,yes,FALSE,
who_18,Influenza (H7N9 avian influenza),Influenza (H7N9 avian influenza),Ardea purpurea,188373,host,yes,FALSE,
who_18,Influenza (H7N9 avian influenza),Influenza (H7N9 avian influenza),Ardenna gravis,37051,host,yes,FALSE,
who_18,Influenza (H7N9 avian influenza),Influenza (H7N9 avian influenza),Ardenna pacifica,48683,host,yes,FALSE,
who_18,Influenza (H7N9 avian influenza),Influenza (H7N9 avian influenza),Ardeola bacchus,188375,host,yes,FALSE,
who_18,Influenza (H7N9 avian influenza),Influenza (H7N9 avian influenza),Arenaria interpres,54971,host,yes,FALSE,
who_18,Influenza (H7N9 avian influenza),Influenza (H7N9 avian influenza),Arenaria melanocephala,279931,host,yes,FALSE,
who_18,Influenza (H7N9 avian influenza),Influenza (H7N9 avian influenza),Artibeus lituratus,27634,host,yes,TRUE,Artibeus lituratus
who_18,Influenza (H7N9 avian influenza),Influenza (H7N9 avian influenza),Artibeus obscurus,40228,host,yes,TRUE,Artibeus obscurus
who_18,Influenza (H7N9 avian influenza),Influenza (H7N9 avian influenza),Artibeus planirostris,40230,host,yes,TRUE,Artibeus planirostris
who_18,Influenza (H7N9 avian influenza),Influenza (H7N9 avian influenza),Asio flammeus,56267,host,yes,FALSE,
who_18,Influenza (H7N9 avian influenza),Influenza (H7N9 avian influenza),Asio otus,111810,host,yes,FALSE,
who_18,Influenza (H7N9 avian influenza),Influenza (H7N9 avian influenza),Astur gentilis,258924,host,yes,FALSE,
who_18,Influenza (H7N9 avian influenza),Influenza (H7N9 avian influenza),Astur gentilis,8957,host,yes,FALSE,
who_18,Influenza (H7N9 avian influenza),Influenza (H7N9 avian influenza),Athene cunicularia,194338,host,yes,FALSE,
who_18,Influenza (H7N9 avian influenza),Influenza (H7N9 avian influenza),Athene noctua,126797,host,yes,FALSE,
who_18,Influenza (H7N9 avian influenza),Influenza (H7N9 avian influenza),Aythya affinis,189533,host,yes,FALSE,
who_18,Influenza (H7N9 avian influenza),Influenza (H7N9 avian influenza),Aythya americana,30385,host,yes,FALSE,
who_18,Influenza (H7N9 avian influenza),Influenza (H7N9 avian influenza),Aythya baeri,1177618,host,yes,FALSE,
who_18,Influenza (H7N9 avian influenza),Influenza (H7N9 avian influenza),Aythya collaris,189535,host,yes,FALSE,
who_18,Influenza (H7N9 avian influenza),Influenza (H7N9 avian influenza),Aythya ferina,219593,host,yes,FALSE,
who_18,Influenza (H7N9 avian influenza),Influenza (H7N9 avian influenza),Aythya fuligula,219594,host,yes,FALSE,
who_18,Influenza (H7N9 avian influenza),Influenza (H7N9 avian influenza),Aythya marila,189534,host,yes,FALSE,
who_18,Influenza (H7N9 avian influenza),Influenza (H7N9 avian influenza),Aythya nyroca,197939,host,yes,FALSE,
who_18,Influenza (H7N9 avian influenza),Influenza (H7N9 avian influenza),Aythya valisineria,110915,host,yes,FALSE,
who_18,Influenza (H7N9 avian influenza),Influenza (H7N9 avian influenza),Balaenoptera acutorostrata,9767,host,yes,TRUE,Balaenoptera acutorostrata
who_18,Influenza (H7N9 avian influenza),Influenza (H7N9 avian influenza),Bombycilla cedrorum,161648,host,yes,FALSE,
who_18,Influenza (H7N9 avian influenza),Influenza (H7N9 avian influenza),Bonasa umbellus,9000,host,yes,FALSE,
who_18,Influenza (H7N9 avian influenza),Influenza (H7N9 avian influenza),Bos grunniens,30521,host,yes,TRUE,Bos grunniens
who_18,Influenza (H7N9 avian influenza),Influenza (H7N9 avian influenza),Bos taurus,9913,host,yes,TRUE,Bos taurus
who_18,Influenza (H7N9 avian influenza),Influenza (H7N9 avian influenza),Branta bernicla,184712,host,yes,FALSE,
who_18,Influenza (H7N9 avian influenza),Influenza (H7N9 avian influenza),Branta canadensis,8853,host,yes,FALSE,
who_18,Influenza (H7N9 avian influenza),Influenza (H7N9 avian influenza),Branta hutchinsii,371860,host,yes,FALSE,
who_18,Influenza (H7N9 avian influenza),Influenza (H7N9 avian influenza),Branta leucopsis,184711,host,yes,FALSE,
who_18,Influenza (H7N9 avian influenza),Influenza (H7N9 avian influenza),Bubo bubo,30461,host,yes,FALSE,
who_18,Influenza (H7N9 avian influenza),Influenza (H7N9 avian influenza),Bubo scandiacus,371907,host,yes,FALSE,
who_18,Influenza (H7N9 avian influenza),Influenza (H7N9 avian influenza),Bubo virginianus,56268,host,yes,FALSE,
who_18,Influenza (H7N9 avian influenza),Influenza (H7N9 avian influenza),Bubulcus ibis,110668,host,yes,FALSE,
who_18,Influenza (H7N9 avian influenza),Influenza (H7N9 avian influenza),Bucephala albeola,279934,host,yes,FALSE,
who_18,Influenza (H7N9 avian influenza),Influenza (H7N9 avian influenza),Bucephala clangula,107022,host,yes,FALSE,
who_18,Influenza (H7N9 avian influenza),Influenza (H7N9 avian influenza),Burhinus grallarius,585466,host,yes,FALSE,
who_18,Influenza (H7N9 avian influenza),Influenza (H7N9 avian influenza),Butastur indicus,335207,host,yes,FALSE,
who_18,Influenza (H7N9 avian influenza),Influenza (H7N9 avian influenza),Buteo buteo,30397,host,yes,FALSE,
who_18,Influenza (H7N9 avian influenza),Influenza (H7N9 avian influenza),Buteo jamaicensis,56263,host,yes,FALSE,
who_18,Influenza (H7N9 avian influenza),Influenza (H7N9 avian influenza),Buteo japonicus,224669,host,yes,FALSE,
who_18,Influenza (H7N9 avian influenza),Influenza (H7N9 avian influenza),Buteo lagopus,115229,host,yes,FALSE,
who_18,Influenza (H7N9 avian influenza),Influenza (H7N9 avian influenza),Buteo lineatus,223475,host,yes,FALSE,
who_18,Influenza (H7N9 avian influenza),Influenza (H7N9 avian influenza),Buteo platypterus,218281,host,yes,FALSE,
who_18,Influenza (H7N9 avian influenza),Influenza (H7N9 avian influenza),Buteo regalis,223441,host,yes,FALSE,
who_18,Influenza (H7N9 avian influenza),Influenza (H7N9 avian influenza),Buteo rufofuscus,223437,host,yes,FALSE,
who_18,Influenza (H7N9 avian influenza),Influenza (H7N9 avian influenza),Buteo swainsoni,156757,host,yes,FALSE,
who_18,Influenza (H7N9 avian influenza),Influenza (H7N9 avian influenza),Buteogallus urubitinga,223497,host,yes,FALSE,
who_18,Influenza (H7N9 avian influenza),Influenza (H7N9 avian influenza),Butorides striata,433628,host,yes,FALSE,
who_18,Influenza (H7N9 avian influenza),Influenza (H7N9 avian influenza),Butorides virescens,110671,host,yes,FALSE,
who_18,Influenza (H7N9 avian influenza),Influenza (H7N9 avian influenza),Caiman latirostris,190476,host,yes,FALSE,
who_18,Influenza (H7N9 avian influenza),Influenza (H7N9 avian influenza),Cairina moschata,8855,host,yes,FALSE,
who_18,Influenza (H7N9 avian influenza),Influenza (H7N9 avian influenza),Calidris acuminata,192723,host,yes,FALSE,
who_18,Influenza (H7N9 avian influenza),Influenza (H7N9 avian influenza),Calidris alba,279936,host,yes,FALSE,
who_18,Influenza (H7N9 avian influenza),Influenza (H7N9 avian influenza),Calidris alpina,8919,host,yes,FALSE,
who_18,Influenza (H7N9 avian influenza),Influenza (H7N9 avian influenza),Calidris canutus,227173,host,yes,FALSE,
who_18,Influenza (H7N9 avian influenza),Influenza (H7N9 avian influenza),Calidris fuscicollis,279940,host,yes,FALSE,
who_18,Influenza (H7N9 avian influenza),Influenza (H7N9 avian influenza),Calidris mauri,279941,host,yes,FALSE,
who_18,Influenza (H7N9 avian influenza),Influenza (H7N9 avian influenza),Calidris minutilla,279935,host,yes,FALSE,
who_18,Influenza (H7N9 avian influenza),Influenza (H7N9 avian influenza),Calidris pusilla,279961,host,yes,FALSE,
who_18,Influenza (H7N9 avian influenza),Influenza (H7N9 avian influenza),Calidris ruficollis,272047,host,yes,FALSE,
who_18,Influenza (H7N9 avian influenza),Influenza (H7N9 avian influenza),Callonetta leucophrys,75871,host,yes,FALSE,
who_18,Influenza (H7N9 avian influenza),Influenza (H7N9 avian influenza),Camelus bactrianus,9837,host,yes,TRUE,Camelus bactrianus
who_18,Influenza (H7N9 avian influenza),Influenza (H7N9 avian influenza),Camelus dromedarius,9838,host,yes,TRUE,Camelus dromedarius
who_18,Influenza (H7N9 avian influenza),Influenza (H7N9 avian influenza),Canis lupus,9612,host,yes,TRUE,Canis lupus
who_18,Influenza (H7N9 avian influenza),Influenza (H7N9 avian influenza),Canis lupus,9615,host,yes,TRUE,Canis lupus
who_18,Influenza (H7N9 avian influenza),Influenza (H7N9 avian influenza),Capra hircus,9925,host,yes,TRUE,Capra hircus
who_18,Influenza (H7N9 avian influenza),Influenza (H7N9 avian influenza),Caracara plancus,8951,host,yes,FALSE,
who_18,Influenza (H7N9 avian influenza),Influenza (H7N9 avian influenza),Cathartes aura,43455,host,yes,FALSE,
who_18,Influenza (H7N9 avian influenza),Influenza (H7N9 avian influenza),Catharus fuscescens,159581,host,yes,FALSE,
who_18,Influenza (H7N9 avian influenza),Influenza (H7N9 avian influenza),Catharus guttatus,9185,host,yes,FALSE,
who_18,Influenza (H7N9 avian influenza),Influenza (H7N9 avian influenza),Catharus ustulatus,91951,host,yes,FALSE,
who_18,Influenza (H7N9 avian influenza),Influenza (H7N9 avian influenza),Cephalorhynchus eutropia,27608,host,yes,TRUE,Cephalorhynchus eutropia
who_18,Influenza (H7N9 avian influenza),Influenza (H7N9 avian influenza),Cercopithecus mitis kandti,1137481,host,yes,FALSE,
who_18,Influenza (H7N9 avian influenza),Influenza (H7N9 avian influenza),Cereopsis novaehollandiae,8858,host,yes,FALSE,
who_18,Influenza (H7N9 avian influenza),Influenza (H7N9 avian influenza),Chenonetta jubata,45644,host,yes,FALSE,
who_18,Influenza (H7N9 avian influenza),Influenza (H7N9 avian influenza),Chlamydotis undulata,172680,host,yes,FALSE,
who_18,Influenza (H7N9 avian influenza),Influenza (H7N9 avian influenza),Chlidonias hybrida,297805,host,yes,FALSE,
who_18,Influenza (H7N9 avian influenza),Influenza (H7N9 avian influenza),Chlidonias leucopterus,297806,host,yes,FALSE,
who_18,Influenza (H7N9 avian influenza),Influenza (H7N9 avian influenza),Chloephaga picta,8861,host,yes,FALSE,
who_18,Influenza (H7N9 avian influenza),Influenza (H7N9 avian influenza),Chloris chloris,37601,host,yes,FALSE,
who_18,Influenza (H7N9 avian influenza),Influenza (H7N9 avian influenza),Chroicocephalus brunnicephalus,2772041,host,yes,FALSE,
who_18,Influenza (H7N9 avian influenza),Influenza (H7N9 avian influenza),Chroicocephalus cirrocephalus,1192863,host,yes,FALSE,
who_18,Influenza (H7N9 avian influenza),Influenza (H7N9 avian influenza),Chroicocephalus genei,1569666,host,yes,FALSE,
who_18,Influenza (H7N9 avian influenza),Influenza (H7N9 avian influenza),Chroicocephalus maculipennis,287016,host,yes,FALSE,
who_18,Influenza (H7N9 avian influenza),Influenza (H7N9 avian influenza),Chroicocephalus novaehollandiae,2547444,host,yes,FALSE,
who_18,Influenza (H7N9 avian influenza),Influenza (H7N9 avian influenza),Chroicocephalus philadelphia,3149563,host,yes,FALSE,
who_18,Influenza (H7N9 avian influenza),Influenza (H7N9 avian influenza),Chroicocephalus ridibundus,1192867,host,yes,FALSE,
who_18,Influenza (H7N9 avian influenza),Influenza (H7N9 avian influenza),Chrotogale owstoni,94184,host,yes,FALSE,
who_18,Influenza (H7N9 avian influenza),Influenza (H7N9 avian influenza),Chrysolophus pictus,9089,host,yes,FALSE,
who_18,Influenza (H7N9 avian influenza),Influenza (H7N9 avian influenza),Ciconia ciconia,8928,host,yes,FALSE,
who_18,Influenza (H7N9 avian influenza),Influenza (H7N9 avian influenza),Circus aeruginosus,8964,host,yes,FALSE,
who_18,Influenza (H7N9 avian influenza),Influenza (H7N9 avian influenza),Circus hudsonius,2709557,host,yes,FALSE,
who_18,Influenza (H7N9 avian influenza),Influenza (H7N9 avian influenza),Clangula hyemalis,197941,host,yes,FALSE,
who_18,Influenza (H7N9 avian influenza),Influenza (H7N9 avian influenza),Coccycua minuta,1118526,host,yes,FALSE,
who_18,Influenza (H7N9 avian influenza),Influenza (H7N9 avian influenza),Coloeus monedula,30423,host,yes,FALSE,
who_18,Influenza (H7N9 avian influenza),Influenza (H7N9 avian influenza),Columba,8933,host,yes,FALSE,
who_18,Influenza (H7N9 avian influenza),Influenza (H7N9 avian influenza),Columba guinea,135627,host,yes,FALSE,
who_18,Influenza (H7N9 avian influenza),Influenza (H7N9 avian influenza),Columba livia,8932,host,yes,FALSE,
who_18,Influenza (H7N9 avian influenza),Influenza (H7N9 avian influenza),Contopus sordidulus,183522,host,yes,FALSE,
who_18,Influenza (H7N9 avian influenza),Influenza (H7N9 avian influenza),Copsychus saularis,343929,host,yes,FALSE,
who_18,Influenza (H7N9 avian influenza),Influenza (H7N9 avian influenza),Coragyps atratus,33614,host,yes,FALSE,
who_18,Influenza (H7N9 avian influenza),Influenza (H7N9 avian influenza),Corvus brachyrhynchos,85066,host,yes,FALSE,
who_18,Influenza (H7N9 avian influenza),Influenza (H7N9 avian influenza),Corvus caurinus,279967,host,yes,FALSE,
who_18,Influenza (H7N9 avian influenza),Influenza (H7N9 avian influenza),Corvus corax,56781,host,yes,FALSE,
who_18,Influenza (H7N9 avian influenza),Influenza (H7N9 avian influenza),Corvus frugilegus,75140,host,yes,FALSE,
who_18,Influenza (H7N9 avian influenza),Influenza (H7N9 avian influenza),Corvus macrorhynchos,36249,host,yes,FALSE,
who_18,Influenza (H7N9 avian influenza),Influenza (H7N9 avian influenza),Corvus ossifragus,349685,host,yes,FALSE,
who_18,Influenza (H7N9 avian influenza),Influenza (H7N9 avian influenza),Corvus splendens,701737,host,yes,FALSE,
who_18,Influenza (H7N9 avian influenza),Influenza (H7N9 avian influenza),Coscoroba coscoroba,8863,host,yes,FALSE,
who_18,Influenza (H7N9 avian influenza),Influenza (H7N9 avian influenza),Coturnix coturnix,9091,host,yes,FALSE,
who_18,Influenza (H7N9 avian influenza),Influenza (H7N9 avian influenza),Coturnix japonica,93934,host,yes,FALSE,
who_18,Influenza (H7N9 avian influenza),Influenza (H7N9 avian influenza),Crocodylus niloticus,8501,host,yes,FALSE,
who_18,Influenza (H7N9 avian influenza),Influenza (H7N9 avian influenza),Cyanocitta cristata,28727,host,yes,FALSE,
who_18,Influenza (H7N9 avian influenza),Influenza (H7N9 avian influenza),Cygnus atratus,8868,host,yes,FALSE,
who_18,Influenza (H7N9 avian influenza),Influenza (H7N9 avian influenza),Cygnus buccinator,48397,host,yes,FALSE,
who_18,Influenza (H7N9 avian influenza),Influenza (H7N9 avian influenza),Cygnus columbianus,110926,host,yes,FALSE,
who_18,Influenza (H7N9 avian influenza),Influenza (H7N9 avian influenza),Cygnus columbianus,1450144,host,yes,FALSE,
who_18,Influenza (H7N9 avian influenza),Influenza (H7N9 avian influenza),Cygnus columbianus bewickii,541010,host,yes,FALSE,
who_18,Influenza (H7N9 avian influenza),Influenza (H7N9 avian influenza),Cygnus cygnus,219595,host,yes,FALSE,
who_18,Influenza (H7N9 avian influenza),Influenza (H7N9 avian influenza),Cygnus melancoryphus,41691,host,yes,FALSE,
who_18,Influenza (H7N9 avian influenza),Influenza (H7N9 avian influenza),Cygnus olor,8869,host,yes,FALSE,
who_18,Influenza (H7N9 avian influenza),Influenza (H7N9 avian influenza),Cypseloides niger,46500,host,yes,FALSE,
who_18,Influenza (H7N9 avian influenza),Influenza (H7N9 avian influenza),Delphinus delphis,9728,host,yes,TRUE,Delphinus delphis
who_18,Influenza (H7N9 avian influenza),Influenza (H7N9 avian influenza),Dendrocygna autumnalis,8873,host,yes,FALSE,
who_18,Influenza (H7N9 avian influenza),Influenza (H7N9 avian influenza),Dendrocygna eytoni,8875,host,yes,FALSE,
who_18,Influenza (H7N9 avian influenza),Influenza (H7N9 avian influenza),Dendrocygna javanica,60182,host,yes,FALSE,
who_18,Influenza (H7N9 avian influenza),Influenza (H7N9 avian influenza),Dendrocygna viduata,8876,host,yes,FALSE,
who_18,Influenza (H7N9 avian influenza),Influenza (H7N9 avian influenza),Didelphis virginiana,9267,host,yes,TRUE,Didelphis virginiana
who_18,Influenza (H7N9 avian influenza),Influenza (H7N9 avian influenza),Dromaius novaehollandiae,8790,host,yes,FALSE,
who_18,Influenza (H7N9 avian influenza),Influenza (H7N9 avian influenza),Drymotoxeres pucheranii,761979,host,yes,FALSE,
who_18,Influenza (H7N9 avian influenza),Influenza (H7N9 avian influenza),Egretta garzetta,188379,host,yes,FALSE,
who_18,Influenza (H7N9 avian influenza),Influenza (H7N9 avian influenza),Egretta thula,110681,host,yes,FALSE,
who_18,Influenza (H7N9 avian influenza),Influenza (H7N9 avian influenza),Eidolon helvum,77214,host,yes,TRUE,Eidolon helvum
who_18,Influenza (H7N9 avian influenza),Influenza (H7N9 avian influenza),Emberiza spodocephala,125294,host,yes,FALSE,
who_18,Influenza (H7N9 avian influenza),Influenza (H7N9 avian influenza),Empidonax alnorum,209618,host,yes,FALSE,
who_18,Influenza (H7N9 avian influenza),Influenza (H7N9 avian influenza),Empidonax difficilis,183525,host,yes,FALSE,
who_18,Influenza (H7N9 avian influenza),Influenza (H7N9 avian influenza),Enicognathus leptorhynchus,345190,host,yes,FALSE,
who_18,Influenza (H7N9 avian influenza),Influenza (H7N9 avian influenza),Equus,46122,host,yes,FALSE,
who_18,Influenza (H7N9 avian influenza),Influenza (H7N9 avian influenza),Equus asinus,9793,host,yes,TRUE,Equus asinus
who_18,Influenza (H7N9 avian influenza),Influenza (H7N9 avian influenza),Equus caballus,9796,host,yes,TRUE,Equus caballus
who_18,Influenza (H7N9 avian influenza),Influenza (H7N9 avian influenza),Equus ferus,1114792,host,yes,FALSE,
who_18,Influenza (H7N9 avian influenza),Influenza (H7N9 avian influenza),Equus przewalskii,9798,host,yes,TRUE,Equus przewalskii
who_18,Influenza (H7N9 avian influenza),Influenza (H7N9 avian influenza),Eupodotis senegalensis,89385,host,yes,FALSE,
who_18,Influenza (H7N9 avian influenza),Influenza (H7N9 avian influenza),Falco cherrug,345164,host,yes,FALSE,
who_18,Influenza (H7N9 avian influenza),Influenza (H7N9 avian influenza),Falco naumanni,148594,host,yes,FALSE,
who_18,Influenza (H7N9 avian influenza),Influenza (H7N9 avian influenza),Falco peregrinus,8954,host,yes,FALSE,
who_18,Influenza (H7N9 avian influenza),Influenza (H7N9 avian influenza),Falco rusticolus,120794,host,yes,FALSE,
who_18,Influenza (H7N9 avian influenza),Influenza (H7N9 avian influenza),Falco sparverius,56350,host,yes,FALSE,
who_18,Influenza (H7N9 avian influenza),Influenza (H7N9 avian influenza),Falco tinnunculus,100819,host,yes,FALSE,
who_18,Influenza (H7N9 avian influenza),Influenza (H7N9 avian influenza),Felis catus,9685,host,yes,TRUE,Felis catus
who_18,Influenza (H7N9 avian influenza),Influenza (H7N9 avian influenza),Francolinus pintadeanus,472989,host,yes,FALSE,
who_18,Influenza (H7N9 avian influenza),Influenza (H7N9 avian influenza),Fratercula arctica,28701,host,yes,FALSE,
who_18,Influenza (H7N9 avian influenza),Influenza (H7N9 avian influenza),Fratercula corniculata,28702,host,yes,FALSE,
who_18,Influenza (H7N9 avian influenza),Influenza (H7N9 avian influenza),Fregata magnificens,37042,host,yes,FALSE,
who_18,Influenza (H7N9 avian influenza),Influenza (H7N9 avian influenza),Fringilla montifringilla,36255,host,yes,FALSE,
who_18,Influenza (H7N9 avian influenza),Influenza (H7N9 avian influenza),Fulica americana,81903,host,yes,FALSE,
who_18,Influenza (H7N9 avian influenza),Influenza (H7N9 avian influenza),Fulica armillata,555254,host,yes,FALSE,
who_18,Influenza (H7N9 avian influenza),Influenza (H7N9 avian influenza),Fulica atra,9121,host,yes,FALSE,
who_18,Influenza (H7N9 avian influenza),Influenza (H7N9 avian influenza),Fulica rufifrons,555257,host,yes,FALSE,
who_18,Influenza (H7N9 avian influenza),Influenza (H7N9 avian influenza),Fulmarus glacialis,30455,host,yes,FALSE,
who_18,Influenza (H7N9 avian influenza),Influenza (H7N9 avian influenza),Gallicrex cinerea,261967,host,yes,FALSE,
who_18,Influenza (H7N9 avian influenza),Influenza (H7N9 avian influenza),Gallinago gallinago,107377,host,yes,FALSE,
who_18,Influenza (H7N9 avian influenza),Influenza (H7N9 avian influenza),Gallinula chloropus,9123,host,yes,FALSE,
who_18,Influenza (H7N9 avian influenza),Influenza (H7N9 avian influenza),Gallus gallus,9031,host,yes,FALSE,
who_18,Influenza (H7N9 avian influenza),Influenza (H7N9 avian influenza),Garrulax canorus,238855,host,yes,TRUE,Garrulax canorus
who_18,Influenza (H7N9 avian influenza),Influenza (H7N9 avian influenza),Gavia immer,37039,host,yes,FALSE,
who_18,Influenza (H7N9 avian influenza),Influenza (H7N9 avian influenza),Geopelia placida,471127,host,yes,FALSE,
who_18,Influenza (H7N9 avian influenza),Influenza (H7N9 avian influenza),Geothlypis tolmiei,142474,host,yes,FALSE,
who_18,Influenza (H7N9 avian influenza),Influenza (H7N9 avian influenza),Globicephala melas,9731,host,yes,FALSE,
who_18,Influenza (H7N9 avian influenza),Influenza (H7N9 avian influenza),Gracula religiosa,116992,host,yes,FALSE,
who_18,Influenza (H7N9 avian influenza),Influenza (H7N9 avian influenza),Grus japonensis,30415,host,yes,FALSE,
who_18,Influenza (H7N9 avian influenza),Influenza (H7N9 avian influenza),Grus monacha,40818,host,yes,FALSE,
who_18,Influenza (H7N9 avian influenza),Influenza (H7N9 avian influenza),Grus nigricollis,40817,host,yes,FALSE,
who_18,Influenza (H7N9 avian influenza),Influenza (H7N9 avian influenza),Gymnogyps californianus,33616,host,yes,FALSE,
who_18,Influenza (H7N9 avian influenza),Influenza (H7N9 avian influenza),Gyps fulvus,36247,host,yes,FALSE,
who_18,Influenza (H7N9 avian influenza),Influenza (H7N9 avian influenza),Haematopus ater,185689,host,yes,FALSE,
who_18,Influenza (H7N9 avian influenza),Influenza (H7N9 avian influenza),Haematopus moquini,2587770,host,yes,FALSE,
who_18,Influenza (H7N9 avian influenza),Influenza (H7N9 avian influenza),Haematopus palliatus,279960,host,yes,FALSE,
who_18,Influenza (H7N9 avian influenza),Influenza (H7N9 avian influenza),Haliaeetus albicilla,8969,host,yes,FALSE,
who_18,Influenza (H7N9 avian influenza),Influenza (H7N9 avian influenza),Haliaeetus leucocephalus,52644,host,yes,FALSE,
who_18,Influenza (H7N9 avian influenza),Influenza (H7N9 avian influenza),Haliaeetus pelagicus,52647,host,yes,FALSE,
who_18,Influenza (H7N9 avian influenza),Influenza (H7N9 avian influenza),Halichoerus grypus,9711,host,yes,TRUE,Halichoerus grypus
who_18,Influenza (H7N9 avian influenza),Influenza (H7N9 avian influenza),Heteronetta atricapilla,555264,host,yes,FALSE,
who_18,Influenza (H7N9 avian influenza),Influenza (H7N9 avian influenza),Himantopus himantopus,225398,host,yes,FALSE,
who_18,Influenza (H7N9 avian influenza),Influenza (H7N9 avian influenza),Himantopus himantopus,507595,host,yes,FALSE,
who_18,Influenza (H7N9 avian influenza),Influenza (H7N9 avian influenza),Himantopus mexicanus,227231,host,yes,FALSE,
who_18,Influenza (H7N9 avian influenza),Influenza (H7N9 avian influenza),Hirundo rustica,43150,host,yes,FALSE,
who_18,Influenza (H7N9 avian influenza),Influenza (H7N9 avian influenza),Histrionicus histrionicus,68165,host,yes,FALSE,
who_18,Influenza (H7N9 avian influenza),Influenza (H7N9 avian influenza),Homo sapiens,9606,host,yes,FALSE,
who_18,Influenza (H7N9 avian influenza),Influenza (H7N9 avian influenza),Hydroprogne caspia,425641,host,yes,FALSE,
who_18,Influenza (H7N9 avian influenza),Influenza (H7N9 avian influenza),Ichthyaetus ichthyaetus,126702,host,yes,FALSE,
who_18,Influenza (H7N9 avian influenza),Influenza (H7N9 avian influenza),Ichthyaetus melanocephalus,1288290,host,yes,FALSE,
who_18,Influenza (H7N9 avian influenza),Influenza (H7N9 avian influenza),Icteria virens,135437,host,yes,FALSE,
who_18,Influenza (H7N9 avian influenza),Influenza (H7N9 avian influenza),Ixobrychus eurhythmus,670346,host,yes,FALSE,
who_18,Influenza (H7N9 avian influenza),Influenza (H7N9 avian influenza),Junco hyemalis,40217,host,yes,FALSE,
who_18,Influenza (H7N9 avian influenza),Influenza (H7N9 avian influenza),Lagenorhynchus acutus,3371109,host,yes,FALSE,
who_18,Influenza (H7N9 avian influenza),Influenza (H7N9 avian influenza),Lanius schach,276763,host,yes,FALSE,
who_18,Influenza (H7N9 avian influenza),Influenza (H7N9 avian influenza),Larosterna inca,297811,host,yes,FALSE,
who_18,Influenza (H7N9 avian influenza),Influenza (H7N9 avian influenza),Larus argentatus,35669,host,yes,FALSE,
who_18,Influenza (H7N9 avian influenza),Influenza (H7N9 avian influenza),Larus armenicus,119635,host,yes,FALSE,
who_18,Influenza (H7N9 avian influenza),Influenza (H7N9 avian influenza),Larus belcheri,328041,host,yes,FALSE,
who_18,Influenza (H7N9 avian influenza),Influenza (H7N9 avian influenza),Larus cachinnans,119609,host,yes,FALSE,
who_18,Influenza (H7N9 avian influenza),Influenza (H7N9 avian influenza),Larus californicus,126681,host,yes,TRUE,Larus californicus
who_18,Influenza (H7N9 avian influenza),Influenza (H7N9 avian influenza),Larus canus,28681,host,yes,FALSE,
who_18,Influenza (H7N9 avian influenza),Influenza (H7N9 avian influenza),Larus crassirostris,179808,host,yes,FALSE,
who_18,Influenza (H7N9 avian influenza),Influenza (H7N9 avian influenza),Larus delawarensis,126683,host,yes,FALSE,
who_18,Influenza (H7N9 avian influenza),Influenza (H7N9 avian influenza),Larus dominicanus,37036,host,yes,FALSE,
who_18,Influenza (H7N9 avian influenza),Influenza (H7N9 avian influenza),Larus fuscus,8915,host,yes,FALSE,
who_18,Influenza (H7N9 avian influenza),Influenza (H7N9 avian influenza),Larus glaucescens,119606,host,yes,FALSE,
who_18,Influenza (H7N9 avian influenza),Influenza (H7N9 avian influenza),Larus glaucoides,118194,host,yes,FALSE,
who_18,Influenza (H7N9 avian influenza),Influenza (H7N9 avian influenza),Larus glaucoides thayeri,126718,host,yes,FALSE,
who_18,Influenza (H7N9 avian influenza),Influenza (H7N9 avian influenza),Larus hyperboreus,119637,host,yes,TRUE,Larus hyperboreus
who_18,Influenza (H7N9 avian influenza),Influenza (H7N9 avian influenza),Larus marinus,8912,host,yes,FALSE,
who_18,Influenza (H7N9 avian influenza),Influenza (H7N9 avian influenza),Larus michahellis,119627,host,yes,FALSE,
who_18,Influenza (H7N9 avian influenza),Influenza (H7N9 avian influenza),Larus occidentalis,126713,host,yes,FALSE,
who_18,Influenza (H7N9 avian influenza),Influenza (H7N9 avian influenza),Larus schistisagus,119607,host,yes,FALSE,
who_18,Influenza (H7N9 avian influenza),Influenza (H7N9 avian influenza),Larus smithsonianus,243888,host,yes,FALSE,
who_18,Influenza (H7N9 avian influenza),Influenza (H7N9 avian influenza),Larus vegae,119608,host,yes,FALSE,
who_18,Influenza (H7N9 avian influenza),Influenza (H7N9 avian influenza),Leiothrix argentauris,201335,host,yes,FALSE,
who_18,Influenza (H7N9 avian influenza),Influenza (H7N9 avian influenza),Leiothrix lutea,36275,host,yes,FALSE,
who_18,Influenza (H7N9 avian influenza),Influenza (H7N9 avian influenza),Leopardus geoffroyi,46844,host,yes,TRUE,Leopardus geoffroyi
who_18,Influenza (H7N9 avian influenza),Influenza (H7N9 avian influenza),Leptailurus serval,61405,host,yes,TRUE,Leptailurus serval
who_18,Influenza (H7N9 avian influenza),Influenza (H7N9 avian influenza),Leptoptilos crumenifer,3150064,host,yes,FALSE,
who_18,Influenza (H7N9 avian influenza),Influenza (H7N9 avian influenza),Leucocarbo bougainvilliorum,146616,host,yes,FALSE,
who_18,Influenza (H7N9 avian influenza),Influenza (H7N9 avian influenza),Leucocarbo georgianus,732180,host,yes,FALSE,
who_18,Influenza (H7N9 avian influenza),Influenza (H7N9 avian influenza),Leucophaeus atricilla,126679,host,yes,FALSE,
who_18,Influenza (H7N9 avian influenza),Influenza (H7N9 avian influenza),Leucophaeus modestus,1471025,host,yes,FALSE,
who_18,Influenza (H7N9 avian influenza),Influenza (H7N9 avian influenza),Leucophaeus pipixcan,690715,host,yes,FALSE,
who_18,Influenza (H7N9 avian influenza),Influenza (H7N9 avian influenza),Leucophaeus scoresbii,328019,host,yes,FALSE,
who_18,Influenza (H7N9 avian influenza),Influenza (H7N9 avian influenza),Limnodromus griseus,279949,host,yes,FALSE,
who_18,Influenza (H7N9 avian influenza),Influenza (H7N9 avian influenza),Limosa limosa,161680,host,yes,FALSE,
who_18,Influenza (H7N9 avian influenza),Influenza (H7N9 avian influenza),Linaria flavirostris,90717,host,yes,FALSE,
who_18,Influenza (H7N9 avian influenza),Influenza (H7N9 avian influenza),Lonchura atricapilla,1036803,host,yes,FALSE,
who_18,Influenza (H7N9 avian influenza),Influenza (H7N9 avian influenza),Lonchura punctulata,414892,host,yes,FALSE,
who_18,Influenza (H7N9 avian influenza),Influenza (H7N9 avian influenza),Lonchura striata,40157,host,yes,FALSE,
who_18,Influenza (H7N9 avian influenza),Influenza (H7N9 avian influenza),Lontra felina,76718,host,yes,FALSE,
who_18,Influenza (H7N9 avian influenza),Influenza (H7N9 avian influenza),Lontra provocax,366500,host,yes,TRUE,Lontra provocax
who_18,Influenza (H7N9 avian influenza),Influenza (H7N9 avian influenza),Lophodytes cucullatus,279951,host,yes,FALSE,
who_18,Influenza (H7N9 avian influenza),Influenza (H7N9 avian influenza),Lophura ignita,9044,host,yes,FALSE,
who_18,Influenza (H7N9 avian influenza),Influenza (H7N9 avian influenza),Lophura leucomelanos,140445,host,yes,FALSE,
who_18,Influenza (H7N9 avian influenza),Influenza (H7N9 avian influenza),Lophura nycthemera,9046,host,yes,FALSE,
who_18,Influenza (H7N9 avian influenza),Influenza (H7N9 avian influenza),Lynx rufus,61384,host,yes,TRUE,Lynx rufus
who_18,Influenza (H7N9 avian influenza),Influenza (H7N9 avian influenza),Macaca,9549,host,yes,FALSE,
who_18,Influenza (H7N9 avian influenza),Influenza (H7N9 avian influenza),Malacorhynchus membranaceus,45646,host,yes,FALSE,
who_18,Influenza (H7N9 avian influenza),Influenza (H7N9 avian influenza),Mareca americana,75832,host,yes,FALSE,
who_18,Influenza (H7N9 avian influenza),Influenza (H7N9 avian influenza),Mareca falcata,75844,host,yes,FALSE,
who_18,Influenza (H7N9 avian influenza),Influenza (H7N9 avian influenza),Mareca penelope,8838,host,yes,FALSE,
who_18,Influenza (H7N9 avian influenza),Influenza (H7N9 avian influenza),Mareca sibilatrix,75858,host,yes,FALSE,
who_18,Influenza (H7N9 avian influenza),Influenza (H7N9 avian influenza),Mareca strepera,75861,host,yes,FALSE,
who_18,Influenza (H7N9 avian influenza),Influenza (H7N9 avian influenza),Marmaronetta angustirostris,75875,host,yes,FALSE,
who_18,Influenza (H7N9 avian influenza),Influenza (H7N9 avian influenza),Martes foina,9659,host,yes,TRUE,Martes foina
who_18,Influenza (H7N9 avian influenza),Influenza (H7N9 avian influenza),Megascops choliba,507958,host,yes,FALSE,
who_18,Influenza (H7N9 avian influenza),Influenza (H7N9 avian influenza),Melanitta americana,1581554,host,yes,FALSE,
who_18,Influenza (H7N9 avian influenza),Influenza (H7N9 avian influenza),Melanitta fusca,371864,host,yes,FALSE,
who_18,Influenza (H7N9 avian influenza),Influenza (H7N9 avian influenza),Melanitta nigra,198027,host,yes,FALSE,
who_18,Influenza (H7N9 avian influenza),Influenza (H7N9 avian influenza),Melanitta perspicillata,371863,host,yes,FALSE,
who_18,Influenza (H7N9 avian influenza),Influenza (H7N9 avian influenza),Meleagris gallopavo,9103,host,yes,FALSE,
who_18,Influenza (H7N9 avian influenza),Influenza (H7N9 avian influenza),Meles leucurus,702266,host,yes,TRUE,Meles leucurus
who_18,Influenza (H7N9 avian influenza),Influenza (H7N9 avian influenza),Melospiza melodia,44397,host,yes,FALSE,
who_18,Influenza (H7N9 avian influenza),Influenza (H7N9 avian influenza),Melursus ursinus,9636,host,yes,TRUE,Melursus ursinus
who_18,Influenza (H7N9 avian influenza),Influenza (H7N9 avian influenza),Mephitis mephitis,30548,host,yes,TRUE,Mephitis mephitis
who_18,Influenza (H7N9 avian influenza),Influenza (H7N9 avian influenza),Mergellus albellus,107026,host,yes,FALSE,
who_18,Influenza (H7N9 avian influenza),Influenza (H7N9 avian influenza),Mergus merganser,8880,host,yes,FALSE,
who_18,Influenza (H7N9 avian influenza),Influenza (H7N9 avian influenza),Merops apiaster,265611,host,yes,FALSE,
who_18,Influenza (H7N9 avian influenza),Influenza (H7N9 avian influenza),Microcarbo coronatus,1523041,host,yes,FALSE,
who_18,Influenza (H7N9 avian influenza),Influenza (H7N9 avian influenza),Microcarbo niger,1517963,host,yes,FALSE,
who_18,Influenza (H7N9 avian influenza),Influenza (H7N9 avian influenza),Milvago chimango,357707,host,yes,FALSE,
who_18,Influenza (H7N9 avian influenza),Influenza (H7N9 avian influenza),Milvus migrans,52810,host,yes,FALSE,
who_18,Influenza (H7N9 avian influenza),Influenza (H7N9 avian influenza),Mirounga angustirostris,9716,host,yes,FALSE,
who_18,Influenza (H7N9 avian influenza),Influenza (H7N9 avian influenza),Mirounga leonina,9715,host,yes,TRUE,Mirounga leonina
who_18,Influenza (H7N9 avian influenza),Influenza (H7N9 avian influenza),Montifringilla henrici,2557930,host,yes,FALSE,
who_18,Influenza (H7N9 avian influenza),Influenza (H7N9 avian influenza),Morus bassanus,37578,host,yes,FALSE,
who_18,Influenza (H7N9 avian influenza),Influenza (H7N9 avian influenza),Motacilla alba,45807,host,yes,FALSE,
who_18,Influenza (H7N9 avian influenza),Influenza (H7N9 avian influenza),Mus musculus,10090,host,yes,TRUE,Mus musculus
who_18,Influenza (H7N9 avian influenza),Influenza (H7N9 avian influenza),Mustela,30549,host,yes,FALSE,
who_18,Influenza (H7N9 avian influenza),Influenza (H7N9 avian influenza),Mustela erminea,36723,host,yes,TRUE,Mustela erminea
who_18,Influenza (H7N9 avian influenza),Influenza (H7N9 avian influenza),Mustela lutreola,9666,host,yes,TRUE,Mustela lutreola
who_18,Influenza (H7N9 avian influenza),Influenza (H7N9 avian influenza),Mustela nigripes,77151,host,yes,TRUE,Mustela nigripes
who_18,Influenza (H7N9 avian influenza),Influenza (H7N9 avian influenza),Mustela putorius,9668,host,yes,TRUE,Mustela putorius
who_18,Influenza (H7N9 avian influenza),Influenza (H7N9 avian influenza),Mustela putorius,9669,host,yes,TRUE,Mustela putorius
who_18,Influenza (H7N9 avian influenza),Influenza (H7N9 avian influenza),Myiopsitta monachus,176066,host,yes,FALSE,
who_18,Influenza (H7N9 avian influenza),Influenza (H7N9 avian influenza),Myrmecophaga tridactyla,71006,host,yes,TRUE,Myrmecophaga tridactyla
who_18,Influenza (H7N9 avian influenza),Influenza (H7N9 avian influenza),Nannopterum auritum,56069,host,yes,FALSE,
who_18,Influenza (H7N9 avian influenza),Influenza (H7N9 avian influenza),Nannopterum brasilianum,37046,host,yes,FALSE,
who_18,Influenza (H7N9 avian influenza),Influenza (H7N9 avian influenza),Nasua nasua,9651,host,yes,TRUE,Nasua nasua
who_18,Influenza (H7N9 avian influenza),Influenza (H7N9 avian influenza),Necrosyrtes monachus,30399,host,yes,FALSE,
who_18,Influenza (H7N9 avian influenza),Influenza (H7N9 avian influenza),Neofelis nebulosa,61452,host,yes,FALSE,
who_18,Influenza (H7N9 avian influenza),Influenza (H7N9 avian influenza),Neogale vison,452646,host,yes,FALSE,
who_18,Influenza (H7N9 avian influenza),Influenza (H7N9 avian influenza),Netta peposaca,541013,host,yes,FALSE,
who_18,Influenza (H7N9 avian influenza),Influenza (H7N9 avian influenza),Netta rufina,30387,host,yes,FALSE,
who_18,Influenza (H7N9 avian influenza),Influenza (H7N9 avian influenza),Nisaetus cirrhatus,252795,host,yes,FALSE,
who_18,Influenza (H7N9 avian influenza),Influenza (H7N9 avian influenza),Nisaetus nipalensis,214438,host,yes,FALSE,
who_18,Influenza (H7N9 avian influenza),Influenza (H7N9 avian influenza),Numenius arquata,31919,host,yes,FALSE,
who_18,Influenza (H7N9 avian influenza),Influenza (H7N9 avian influenza),Numenius phaeopus,161676,host,yes,FALSE,
who_18,Influenza (H7N9 avian influenza),Influenza (H7N9 avian influenza),Numida meleagris,8996,host,yes,FALSE,
who_18,Influenza (H7N9 avian influenza),Influenza (H7N9 avian influenza),Numididae,8997,host,yes,FALSE,
who_18,Influenza (H7N9 avian influenza),Influenza (H7N9 avian influenza),Nyctalus noctula,51300,host,yes,TRUE,Nyctalus noctula
who_18,Influenza (H7N9 avian influenza),Influenza (H7N9 avian influenza),Nyctereutes procyonoides,34880,host,yes,TRUE,Nyctereutes procyonoides
who_18,Influenza (H7N9 avian influenza),Influenza (H7N9 avian influenza),Nycticorax nycticorax,8901,host,yes,FALSE,
who_18,Influenza (H7N9 avian influenza),Influenza (H7N9 avian influenza),Ochotona curzoniae,130825,host,yes,TRUE,Ochotona curzoniae
who_18,Influenza (H7N9 avian influenza),Influenza (H7N9 avian influenza),Oenanthe isabellina,358819,host,yes,FALSE,
who_18,Influenza (H7N9 avian influenza),Influenza (H7N9 avian influenza),Ondatra zibethicus,10060,host,yes,TRUE,Ondatra zibethicus
who_18,Influenza (H7N9 avian influenza),Influenza (H7N9 avian influenza),Onychoprion fuscatus,425648,host,yes,FALSE,
who_18,Influenza (H7N9 avian influenza),Influenza (H7N9 avian influenza),Ortalis vetula,8984,host,yes,FALSE,
who_18,Influenza (H7N9 avian influenza),Influenza (H7N9 avian influenza),Otaria byronia,161932,host,yes,TRUE,Otaria byronia
who_18,Influenza (H7N9 avian influenza),Influenza (H7N9 avian influenza),Otis tarda,73107,host,yes,FALSE,
who_18,Influenza (H7N9 avian influenza),Influenza (H7N9 avian influenza),Oxyura jamaicensis,8884,host,yes,FALSE,
who_18,Influenza (H7N9 avian influenza),Influenza (H7N9 avian influenza),Paguma larvata,9675,host,yes,TRUE,Paguma larvata
who_18,Influenza (H7N9 avian influenza),Influenza (H7N9 avian influenza),Paleosuchus trigonatus,38658,host,yes,FALSE,
who_18,Influenza (H7N9 avian influenza),Influenza (H7N9 avian influenza),Pandion haliaetus,56262,host,yes,FALSE,
who_18,Influenza (H7N9 avian influenza),Influenza (H7N9 avian influenza),Panthera leo,9689,host,yes,TRUE,Panthera leo
who_18,Influenza (H7N9 avian influenza),Influenza (H7N9 avian influenza),Panthera pardus,9691,host,yes,TRUE,Panthera pardus
who_18,Influenza (H7N9 avian influenza),Influenza (H7N9 avian influenza),Panthera tigris,74535,host,yes,TRUE,Panthera tigris
who_18,Influenza (H7N9 avian influenza),Influenza (H7N9 avian influenza),Panthera tigris,9694,host,yes,TRUE,Panthera tigris
who_18,Influenza (H7N9 avian influenza),Influenza (H7N9 avian influenza),Parabuteo unicinctus,223492,host,yes,FALSE,
who_18,Influenza (H7N9 avian influenza),Influenza (H7N9 avian influenza),Parkesia noveboracensis,182947,host,yes,FALSE,
who_18,Influenza (H7N9 avian influenza),Influenza (H7N9 avian influenza),Parus major,9157,host,yes,FALSE,
who_18,Influenza (H7N9 avian influenza),Influenza (H7N9 avian influenza),Passer domesticus,48849,host,yes,FALSE,
who_18,Influenza (H7N9 avian influenza),Influenza (H7N9 avian influenza),Passer montanus,9160,host,yes,FALSE,
who_18,Influenza (H7N9 avian influenza),Influenza (H7N9 avian influenza),Passerella iliaca,44389,host,yes,FALSE,
who_18,Influenza (H7N9 avian influenza),Influenza (H7N9 avian influenza),Pavo cristatus,9049,host,yes,FALSE,
who_18,Influenza (H7N9 avian influenza),Influenza (H7N9 avian influenza),Pavo muticus,9050,host,yes,FALSE,
who_18,Influenza (H7N9 avian influenza),Influenza (H7N9 avian influenza),Pekania pennanti,76720,host,yes,FALSE,
who_18,Influenza (H7N9 avian influenza),Influenza (H7N9 avian influenza),Pelecanus crispus,36300,host,yes,FALSE,
who_18,Influenza (H7N9 avian influenza),Influenza (H7N9 avian influenza),Pelecanus erythrorhynchos,33618,host,yes,FALSE,
who_18,Influenza (H7N9 avian influenza),Influenza (H7N9 avian influenza),Pelecanus occidentalis,37043,host,yes,FALSE,
who_18,Influenza (H7N9 avian influenza),Influenza (H7N9 avian influenza),Pelecanus thagus,1108811,host,yes,FALSE,
who_18,Influenza (H7N9 avian influenza),Influenza (H7N9 avian influenza),Phalacrocorax capensis,146614,host,yes,FALSE,
who_18,Influenza (H7N9 avian influenza),Influenza (H7N9 avian influenza),Phalacrocorax carbo,9209,host,yes,FALSE,
who_18,Influenza (H7N9 avian influenza),Influenza (H7N9 avian influenza),Phalaropus lobatus,240204,host,yes,FALSE,
who_18,Influenza (H7N9 avian influenza),Influenza (H7N9 avian influenza),Phasianus colchicus,9054,host,yes,FALSE,
who_18,Influenza (H7N9 avian influenza),Influenza (H7N9 avian influenza),Phoca vitulina,9720,host,yes,TRUE,Phoca vitulina
who_18,Influenza (H7N9 avian influenza),Influenza (H7N9 avian influenza),Phocoena spinipinnis,27614,host,yes,FALSE,
who_18,Influenza (H7N9 avian influenza),Influenza (H7N9 avian influenza),Phoenicopterus chilensis,117000,host,yes,FALSE,
who_18,Influenza (H7N9 avian influenza),Influenza (H7N9 avian influenza),Phoenicopterus roseus,435638,host,yes,FALSE,
who_18,Influenza (H7N9 avian influenza),Influenza (H7N9 avian influenza),Phoenicopterus ruber,9217,host,yes,FALSE,
who_18,Influenza (H7N9 avian influenza),Influenza (H7N9 avian influenza),Pica hudsonia,158052,host,yes,FALSE,
who_18,Influenza (H7N9 avian influenza),Influenza (H7N9 avian influenza),Pica pica,34924,host,yes,FALSE,
who_18,Influenza (H7N9 avian influenza),Influenza (H7N9 avian influenza),Pionus menstruus,13214,host,yes,FALSE,
who_18,Influenza (H7N9 avian influenza),Influenza (H7N9 avian influenza),Pipistrellus kuhlii,59472,host,yes,TRUE,Pipistrellus kuhlii
who_18,Influenza (H7N9 avian influenza),Influenza (H7N9 avian influenza),Piranga ludoviciana,63520,host,yes,FALSE,
who_18,Influenza (H7N9 avian influenza),Influenza (H7N9 avian influenza),Plectropterus gambensis,658924,host,yes,FALSE,
who_18,Influenza (H7N9 avian influenza),Influenza (H7N9 avian influenza),Plegadis chihi,302533,host,yes,FALSE,
who_18,Influenza (H7N9 avian influenza),Influenza (H7N9 avian influenza),Plegadis falcinellus,52788,host,yes,FALSE,
who_18,Influenza (H7N9 avian influenza),Influenza (H7N9 avian influenza),Pluvialis dominica,240205,host,yes,FALSE,
who_18,Influenza (H7N9 avian influenza),Influenza (H7N9 avian influenza),Pluvialis fulva,371922,host,yes,FALSE,
who_18,Influenza (H7N9 avian influenza),Influenza (H7N9 avian influenza),Pluvialis squatarola,171273,host,yes,FALSE,
who_18,Influenza (H7N9 avian influenza),Influenza (H7N9 avian influenza),Podargus strigoides,8905,host,yes,FALSE,
who_18,Influenza (H7N9 avian influenza),Influenza (H7N9 avian influenza),Podiceps auritus,37050,host,yes,FALSE,
who_18,Influenza (H7N9 avian influenza),Influenza (H7N9 avian influenza),Podiceps cristatus,345573,host,yes,FALSE,
who_18,Influenza (H7N9 avian influenza),Influenza (H7N9 avian influenza),Podiceps grisegena,80367,host,yes,FALSE,
who_18,Influenza (H7N9 avian influenza),Influenza (H7N9 avian influenza),Podiceps major,555330,host,yes,FALSE,
who_18,Influenza (H7N9 avian influenza),Influenza (H7N9 avian influenza),Polysticta stelleri,234623,host,yes,FALSE,
who_18,Influenza (H7N9 avian influenza),Influenza (H7N9 avian influenza),Procellaria aequinoctialis,53665,host,yes,FALSE,
who_18,Influenza (H7N9 avian influenza),Influenza (H7N9 avian influenza),Procyon lotor,9654,host,yes,TRUE,Procyon lotor
who_18,Influenza (H7N9 avian influenza),Influenza (H7N9 avian influenza),Pteropus alecto,9402,host,yes,TRUE,Pteropus alecto
who_18,Influenza (H7N9 avian influenza),Influenza (H7N9 avian influenza),Puma concolor,9696,host,yes,TRUE,Puma concolor
who_18,Influenza (H7N9 avian influenza),Influenza (H7N9 avian influenza),Pusa caspica,693431,host,yes,FALSE,
who_18,Influenza (H7N9 avian influenza),Influenza (H7N9 avian influenza),Pygoscelis adeliae,9238,host,yes,FALSE,
who_18,Influenza (H7N9 avian influenza),Influenza (H7N9 avian influenza),Pygoscelis antarcticus,79643,host,yes,FALSE,
who_18,Influenza (H7N9 avian influenza),Influenza (H7N9 avian influenza),Pygoscelis papua,30457,host,yes,FALSE,
who_18,Influenza (H7N9 avian influenza),Influenza (H7N9 avian influenza),Quiscalus mexicanus,64278,host,yes,FALSE,
who_18,Influenza (H7N9 avian influenza),Influenza (H7N9 avian influenza),Quiscalus quiscula,84782,host,yes,FALSE,
who_18,Influenza (H7N9 avian influenza),Influenza (H7N9 avian influenza),Rattus norvegicus,10116,host,yes,TRUE,Rattus norvegicus
who_18,Influenza (H7N9 avian influenza),Influenza (H7N9 avian influenza),Regulus satrapa,13245,host,yes,FALSE,
who_18,Influenza (H7N9 avian influenza),Influenza (H7N9 avian influenza),Rhynchotus rufescens,30466,host,yes,FALSE,
who_18,Influenza (H7N9 avian influenza),Influenza (H7N9 avian influenza),Rissa tridactyla,75485,host,yes,FALSE,
who_18,Influenza (H7N9 avian influenza),Influenza (H7N9 avian influenza),Rousettus aegyptiacus,9407,host,yes,TRUE,Rousettus aegyptiacus
who_18,Influenza (H7N9 avian influenza),Influenza (H7N9 avian influenza),Rousettus amplexicaudatus,58083,host,yes,FALSE,
who_18,Influenza (H7N9 avian influenza),Influenza (H7N9 avian influenza),Rynchops niger,227184,host,yes,FALSE,
who_18,Influenza (H7N9 avian influenza),Influenza (H7N9 avian influenza),Sarkidiornis sylvicola,1577981,host,yes,TRUE,Sarkidiornis sylvicola
who_18,Influenza (H7N9 avian influenza),Influenza (H7N9 avian influenza),Saxicola torquatus,230656,host,yes,FALSE,
who_18,Influenza (H7N9 avian influenza),Influenza (H7N9 avian influenza),Scolopax minor,56299,host,yes,FALSE,
who_18,Influenza (H7N9 avian influenza),Influenza (H7N9 avian influenza),Scolopax rusticola,100826,host,yes,FALSE,
who_18,Influenza (H7N9 avian influenza),Influenza (H7N9 avian influenza),Setophaga auduboni,1037455,host,yes,FALSE,
who_18,Influenza (H7N9 avian influenza),Influenza (H7N9 avian influenza),Sibirionetta formosa,56278,host,yes,FALSE,
who_18,Influenza (H7N9 avian influenza),Influenza (H7N9 avian influenza),Somateria fischeri,50367,host,yes,FALSE,
who_18,Influenza (H7N9 avian influenza),Influenza (H7N9 avian influenza),Somateria mollissima,76058,host,yes,FALSE,
who_18,Influenza (H7N9 avian influenza),Influenza (H7N9 avian influenza),Somateria spectabilis,203439,host,yes,FALSE,
who_18,Influenza (H7N9 avian influenza),Influenza (H7N9 avian influenza),Spatula clypeata,75838,host,yes,FALSE,
who_18,Influenza (H7N9 avian influenza),Influenza (H7N9 avian influenza),Spatula cyanoptera,75840,host,yes,FALSE,
who_18,Influenza (H7N9 avian influenza),Influenza (H7N9 avian influenza),Spatula discors,75842,host,yes,FALSE,
who_18,Influenza (H7N9 avian influenza),Influenza (H7N9 avian influenza),Spatula platalea,75853,host,yes,FALSE,
who_18,Influenza (H7N9 avian influenza),Influenza (H7N9 avian influenza),Spatula querquedula,75856,host,yes,FALSE,
who_18,Influenza (H7N9 avian influenza),Influenza (H7N9 avian influenza),Spatula versicolor,75863,host,yes,FALSE,
who_18,Influenza (H7N9 avian influenza),Influenza (H7N9 avian influenza),Spheniscus demersus,92683,host,yes,FALSE,
who_18,Influenza (H7N9 avian influenza),Influenza (H7N9 avian influenza),Spheniscus humboldti,9240,host,yes,FALSE,
who_18,Influenza (H7N9 avian influenza),Influenza (H7N9 avian influenza),Spilopelia chinensis,115700,host,yes,FALSE,
who_18,Influenza (H7N9 avian influenza),Influenza (H7N9 avian influenza),Spodiopsar sericeus,3151063,host,yes,FALSE,
who_18,Influenza (H7N9 avian influenza),Influenza (H7N9 avian influenza),Stercorarius antarcticus,54054,host,yes,FALSE,
who_18,Influenza (H7N9 avian influenza),Influenza (H7N9 avian influenza),Stercorarius maccormicki,395889,host,yes,FALSE,
who_18,Influenza (H7N9 avian influenza),Influenza (H7N9 avian influenza),Sterna hirundinacea,227186,host,yes,TRUE,Sterna hirundinacea
who_18,Influenza (H7N9 avian influenza),Influenza (H7N9 avian influenza),Sterna hirundo,108405,host,yes,FALSE,
who_18,Influenza (H7N9 avian influenza),Influenza (H7N9 avian influenza),Sterna paradisaea,279953,host,yes,FALSE,
who_18,Influenza (H7N9 avian influenza),Influenza (H7N9 avian influenza),Sterna vittata,297828,host,yes,FALSE,
who_18,Influenza (H7N9 avian influenza),Influenza (H7N9 avian influenza),Sternula albifrons,507597,host,yes,FALSE,
who_18,Influenza (H7N9 avian influenza),Influenza (H7N9 avian influenza),Streptopelia decaocto,177147,host,yes,FALSE,
who_18,Influenza (H7N9 avian influenza),Influenza (H7N9 avian influenza),Strix aluco,111821,host,yes,FALSE,
who_18,Influenza (H7N9 avian influenza),Influenza (H7N9 avian influenza),Strix nebulosa,126836,host,yes,TRUE,Strix nebulosa
who_18,Influenza (H7N9 avian influenza),Influenza (H7N9 avian influenza),Strix uralensis,36305,host,yes,TRUE,Strix uralensis
who_18,Influenza (H7N9 avian influenza),Influenza (H7N9 avian influenza),Struthio camelus,8801,host,yes,TRUE,Struthio camelus
who_18,Influenza (H7N9 avian influenza),Influenza (H7N9 avian influenza),Sturnira lilium,27660,host,yes,FALSE,
who_18,Influenza (H7N9 avian influenza),Influenza (H7N9 avian influenza),Sturnus vulgaris,9172,host,yes,FALSE,
who_18,Influenza (H7N9 avian influenza),Influenza (H7N9 avian influenza),Sula leucogaster,57661,host,yes,FALSE,
who_18,Influenza (H7N9 avian influenza),Influenza (H7N9 avian influenza),Sula variegata,57663,host,yes,FALSE,
who_18,Influenza (H7N9 avian influenza),Influenza (H7N9 avian influenza),Suncus murinus,9378,host,yes,TRUE,Suncus murinus
who_18,Influenza (H7N9 avian influenza),Influenza (H7N9 avian influenza),Suricata suricatta,37032,host,yes,TRUE,Suricata suricatta
who_18,Influenza (H7N9 avian influenza),Influenza (H7N9 avian influenza),Sus scrofa,415978,host,yes,TRUE,Sus scrofa
who_18,Influenza (H7N9 avian influenza),Influenza (H7N9 avian influenza),Sus scrofa,9823,host,yes,TRUE,Sus scrofa
who_18,Influenza (H7N9 avian influenza),Influenza (H7N9 avian influenza),Sus scrofa,9825,host,yes,TRUE,Sus scrofa
who_18,Influenza (H7N9 avian influenza),Influenza (H7N9 avian influenza),Syrrhaptes paradoxus,302527,host,yes,FALSE,
who_18,Influenza (H7N9 avian influenza),Influenza (H7N9 avian influenza),Tachybaptus ruficollis,100828,host,yes,FALSE,
who_18,Influenza (H7N9 avian influenza),Influenza (H7N9 avian influenza),Tadorna ferruginea,45639,host,yes,FALSE,
who_18,Influenza (H7N9 avian influenza),Influenza (H7N9 avian influenza),Tadorna tadorna,75865,host,yes,FALSE,
who_18,Influenza (H7N9 avian influenza),Influenza (H7N9 avian influenza),Tadorna tadornoides,45638,host,yes,FALSE,
who_18,Influenza (H7N9 avian influenza),Influenza (H7N9 avian influenza),Taphozous perforatus,1381355,host,yes,FALSE,
who_18,Influenza (H7N9 avian influenza),Influenza (H7N9 avian influenza),Thalasseus elegans,297817,host,yes,FALSE,
who_18,Influenza (H7N9 avian influenza),Influenza (H7N9 avian influenza),Thalasseus maximus,555356,host,yes,FALSE,
who_18,Influenza (H7N9 avian influenza),Influenza (H7N9 avian influenza),Thalasseus sandvicensis,126723,host,yes,FALSE,
who_18,Influenza (H7N9 avian influenza),Influenza (H7N9 avian influenza),Threskiornis aethiopicus,100858,host,yes,FALSE,
who_18,Influenza (H7N9 avian influenza),Influenza (H7N9 avian influenza),Thryomanes bewickii,241536,host,yes,FALSE,
who_18,Influenza (H7N9 avian influenza),Influenza (H7N9 avian influenza),Tringa glareola,171269,host,yes,FALSE,
who_18,Influenza (H7N9 avian influenza),Influenza (H7N9 avian influenza),Tringa semipalmata,507600,host,yes,FALSE,
who_18,Influenza (H7N9 avian influenza),Influenza (H7N9 avian influenza),Tringa totanus,171271,host,yes,FALSE,
who_18,Influenza (H7N9 avian influenza),Influenza (H7N9 avian influenza),Turdus merula,9187,host,yes,FALSE,
who_18,Influenza (H7N9 avian influenza),Influenza (H7N9 avian influenza),Turdus migratorius,9188,host,yes,FALSE,
who_18,Influenza (H7N9 avian influenza),Influenza (H7N9 avian influenza),Turdus pilaris,357736,host,yes,FALSE,
who_18,Influenza (H7N9 avian influenza),Influenza (H7N9 avian influenza),Tursiops truncatus,9739,host,yes,FALSE,
who_18,Influenza (H7N9 avian influenza),Influenza (H7N9 avian influenza),Tyto alba,56313,host,yes,FALSE,
who_18,Influenza (H7N9 avian influenza),Influenza (H7N9 avian influenza),Tyto furcata,507989,host,yes,FALSE,
who_18,Influenza (H7N9 avian influenza),Influenza (H7N9 avian influenza),Uria aalge,13746,host,yes,FALSE,
who_18,Influenza (H7N9 avian influenza),Influenza (H7N9 avian influenza),Uria lomvia,28711,host,yes,FALSE,
who_18,Influenza (H7N9 avian influenza),Influenza (H7N9 avian influenza),Urocissa erythroryncha,56796,host,yes,FALSE,
who_18,Influenza (H7N9 avian influenza),Influenza (H7N9 avian influenza),Ursus americanus,9643,host,yes,TRUE,Ursus americanus
who_18,Influenza (H7N9 avian influenza),Influenza (H7N9 avian influenza),Ursus arctos,9644,host,yes,TRUE,Ursus arctos
who_18,Influenza (H7N9 avian influenza),Influenza (H7N9 avian influenza),Ursus maritimus,29073,host,yes,TRUE,Ursus maritimus
who_18,Influenza (H7N9 avian influenza),Influenza (H7N9 avian influenza),Vanellus chilensis,50404,host,yes,FALSE,
who_18,Influenza (H7N9 avian influenza),Influenza (H7N9 avian influenza),Vanellus spinosus,8909,host,yes,FALSE,
who_18,Influenza (H7N9 avian influenza),Influenza (H7N9 avian influenza),Vanellus vanellus,100859,host,yes,FALSE,
who_18,Influenza (H7N9 avian influenza),Influenza (H7N9 avian influenza),Vicugna pacos,30538,host,yes,FALSE,
who_18,Influenza (H7N9 avian influenza),Influenza (H7N9 avian influenza),Vulpes vulpes,9627,host,yes,TRUE,Vulpes vulpes
who_18,Influenza (H7N9 avian influenza),Influenza (H7N9 avian influenza),Xema sabini,128050,host,yes,FALSE,
who_18,Influenza (H7N9 avian influenza),Influenza (H7N9 avian influenza),Zalophus californianus,9704,host,yes,TRUE,Zalophus californianus
who_18,Influenza (H7N9 avian influenza),Influenza (H7N9 avian influenza),Zenaida asiatica,93382,host,yes,FALSE,
who_18,Influenza (H7N9 avian influenza),Influenza (H7N9 avian influenza),Zoothera dauma,36288,host,yes,TRUE,Zoothera dauma
who_18,Influenza (H7N9 avian influenza),Influenza (H7N9 avian influenza),Zosterops japonicus,36299,host,yes,FALSE,
who_18,Influenza (H7N9 avian influenza),Influenza (H7N9 avian influenza),actitis hypoleucos,320702,host,yes,FALSE,
who_18,Influenza (H7N9 avian influenza),Influenza (H7N9 avian influenza),anarhynchus collaris,50395,host,yes,FALSE,
who_18,Influenza (H7N9 avian influenza),Influenza (H7N9 avian influenza),anarhynchus nivosus,985688,host,yes,FALSE,
who_18,Influenza (H7N9 avian influenza),Influenza (H7N9 avian influenza),anourosorex squamipes,127560,host,yes,FALSE,
who_18,Influenza (H7N9 avian influenza),Influenza (H7N9 avian influenza),anous stolidus,297802,host,yes,FALSE,
who_18,Influenza (H7N9 avian influenza),Influenza (H7N9 avian influenza),aptenodytes patagonicus,9234,host,yes,FALSE,
who_18,Influenza (H7N9 avian influenza),Influenza (H7N9 avian influenza),chloris sinica,1897774,host,yes,FALSE,
who_18,Influenza (H7N9 avian influenza),Influenza (H7N9 avian influenza),crocidura lasiura,167043,host,yes,FALSE,
who_18,Influenza (H7N9 avian influenza),Influenza (H7N9 avian influenza),crocidura shantungensis,183721,host,yes,FALSE,
who_18,Influenza (H7N9 avian influenza),Influenza (H7N9 avian influenza),furnarius rufus,81886,host,yes,FALSE,
who_18,Influenza (H7N9 avian influenza),Influenza (H7N9 avian influenza),grus americana,9117,host,yes,FALSE,
who_18,Influenza (H7N9 avian influenza),Influenza (H7N9 avian influenza),larus brachyrhynchus,666865,host,yes,FALSE,
who_18,Influenza (H7N9 avian influenza),Influenza (H7N9 avian influenza),larus mongolicus,119967,host,yes,FALSE,
who_18,Influenza (H7N9 avian influenza),Influenza (H7N9 avian influenza),larus sp.,3435965,host,yes,FALSE,
who_18,Influenza (H7N9 avian influenza),Influenza (H7N9 avian influenza),lobodon carcinophaga,101849,host,yes,FALSE,
who_18,Influenza (H7N9 avian influenza),Influenza (H7N9 avian influenza),macronectes giganteus,37057,host,yes,FALSE,
who_18,Influenza (H7N9 avian influenza),Influenza (H7N9 avian influenza),milvus milvus,43518,host,yes,FALSE,
who_18,Influenza (H7N9 avian influenza),Influenza (H7N9 avian influenza),spilopelia senegalensis,135635,host,yes,FALSE,
who_18,Influenza (H7N9 avian influenza),Influenza (H7N9 avian influenza),stercorarius antarcticus,555350,host,yes,FALSE,
who_18,Influenza (H7N9 avian influenza),Influenza (H7N9 avian influenza),stercorarius chilensis,54052,host,yes,FALSE,
who_18,Influenza (H7N9 avian influenza),Influenza (H7N9 avian influenza),theristicus caudatus,399597,host,yes,FALSE,
who_18,Influenza (H7N9 avian influenza),Influenza (H7N9 avian influenza),ursus sp.,9641,host,yes,FALSE,
who_8,Hemorrhagic fever with renal syndrome (Hantaan virus),Hemorrhagic fever with renal syndrome (Hantaan virus),Alexandromys fortis,100897,host,yes,FALSE,
who_8,Hemorrhagic fever with renal syndrome (Hantaan virus),Hemorrhagic fever with renal syndrome (Hantaan virus),Apodemus agrarius,39030,host,yes,TRUE,Apodemus agrarius
who_8,Hemorrhagic fever with renal syndrome (Hantaan virus),Hemorrhagic fever with renal syndrome (Hantaan virus),Apodemus chejuensis,754351,host,yes,FALSE,
who_8,Hemorrhagic fever with renal syndrome (Hantaan virus),Hemorrhagic fever with renal syndrome (Hantaan virus),Apodemus peninsulae,105297,host,yes,TRUE,Apodemus peninsulae
who_8,Hemorrhagic fever with renal syndrome (Hantaan virus),Hemorrhagic fever with renal syndrome (Hantaan virus),Clethrionomys rutilus,537920,host,yes,TRUE,Clethrionomys rutilus
who_8,Hemorrhagic fever with renal syndrome (Hantaan virus),Hemorrhagic fever with renal syndrome (Hantaan virus),Cnephaeus,3371021,host,yes,FALSE,
who_8,Hemorrhagic fever with renal syndrome (Hantaan virus),Hemorrhagic fever with renal syndrome (Hantaan virus),Cricetulus barabensis,10029,host,yes,FALSE,
who_8,Hemorrhagic fever with renal syndrome (Hantaan virus),Hemorrhagic fever with renal syndrome (Hantaan virus),Crocidura russula,36802,host,yes,TRUE,Crocidura russula
who_8,Hemorrhagic fever with renal syndrome (Hantaan virus),Hemorrhagic fever with renal syndrome (Hantaan virus),Homo sapiens,9606,host,yes,FALSE,
who_8,Hemorrhagic fever with renal syndrome (Hantaan virus),Hemorrhagic fever with renal syndrome (Hantaan virus),Micromys minutus,13151,host,yes,TRUE,Micromys minutus
who_8,Hemorrhagic fever with renal syndrome (Hantaan virus),Hemorrhagic fever with renal syndrome (Hantaan virus),Mus musculus,10090,host,yes,TRUE,Mus musculus
who_8,Hemorrhagic fever with renal syndrome (Hantaan virus),Hemorrhagic fever with renal syndrome (Hantaan virus),Myospalax psilurus,146129,host,yes,FALSE,
who_8,Hemorrhagic fever with renal syndrome (Hantaan virus),Hemorrhagic fever with renal syndrome (Hantaan virus),Niviventer,1571109,host,yes,FALSE,
who_8,Hemorrhagic fever with renal syndrome (Hantaan virus),Hemorrhagic fever with renal syndrome (Hantaan virus),Niviventer confucianus,248811,host,yes,FALSE,
who_8,Hemorrhagic fever with renal syndrome (Hantaan virus),Hemorrhagic fever with renal syndrome (Hantaan virus),Rattus losea,69075,host,yes,TRUE,Rattus losea
who_8,Hemorrhagic fever with renal syndrome (Hantaan virus),Hemorrhagic fever with renal syndrome (Hantaan virus),Rattus nitidus,508668,host,yes,FALSE,
who_8,Hemorrhagic fever with renal syndrome (Hantaan virus),Hemorrhagic fever with renal syndrome (Hantaan virus),Rattus norvegicus,10116,host,yes,TRUE,Rattus norvegicus
who_8,Hemorrhagic fever with renal syndrome (Hantaan virus),Hemorrhagic fever with renal syndrome (Hantaan virus),Rattus rattus,10117,host,yes,TRUE,Rattus rattus
who_8,Hemorrhagic fever with renal syndrome (Hantaan virus),Hemorrhagic fever with renal syndrome (Hantaan virus),Rattus tanezumi,35732,host,yes,TRUE,Rattus tanezumi
who_8,Hemorrhagic fever with renal syndrome (Hantaan virus),Hemorrhagic fever with renal syndrome (Hantaan virus),Rhinolophus ferrumequinum,59479,host,yes,TRUE,Rhinolophus ferrumequinum
who_8,Hemorrhagic fever with renal syndrome (Hantaan virus),Hemorrhagic fever with renal syndrome (Hantaan virus),Tscherskia triton,329627,host,yes,FALSE,
master_15,Mpox (Monkeypox),Mpox (Monkeypox),Callithrix jacchus,9483,host,uncertain,TRUE,Callithrix jacchus
master_15,Mpox (Monkeypox),Mpox (Monkeypox),Canis lupus,9615,host,uncertain,TRUE,Canis lupus
master_15,Mpox (Monkeypox),Mpox (Monkeypox),Cercocebus atys,9531,host,uncertain,TRUE,Cercocebus atys
master_15,Mpox (Monkeypox),Mpox (Monkeypox),Cercopithecus ascanius,36223,host,uncertain,TRUE,Cercopithecus ascanius
master_15,Mpox (Monkeypox),Mpox (Monkeypox),Cricetomys gambianus,10085,host,uncertain,TRUE,Cricetomys gambianus
master_15,Mpox (Monkeypox),Mpox (Monkeypox),Cynomys ludovicianus,45480,host,uncertain,TRUE,Cynomys ludovicianus
master_15,Mpox (Monkeypox),Mpox (Monkeypox),Didelphis marsupialis,9268,host,uncertain,TRUE,Didelphis marsupialis
master_15,Mpox (Monkeypox),Mpox (Monkeypox),Funisciurus anerythrus,1235483,host,uncertain,TRUE,Funisciurus anerythrus
master_15,Mpox (Monkeypox),Mpox (Monkeypox),Homo sapiens,9606,host,uncertain,FALSE,
master_15,Mpox (Monkeypox),Mpox (Monkeypox),Hylobates lar,9580,host,uncertain,TRUE,Hylobates lar
master_15,Mpox (Monkeypox),Mpox (Monkeypox),Macaca fascicularis,9541,host,uncertain,TRUE,Macaca fascicularis
master_15,Mpox (Monkeypox),Mpox (Monkeypox),Macaca mulatta,9544,host,uncertain,TRUE,Macaca mulatta
master_15,Mpox (Monkeypox),Mpox (Monkeypox),Marmota monax,9995,host,uncertain,TRUE,Marmota monax
master_15,Mpox (Monkeypox),Mpox (Monkeypox),Monodelphis domestica,13616,host,uncertain,TRUE,Monodelphis domestica
master_15,Mpox (Monkeypox),Mpox (Monkeypox),Myrmecophaga tridactyla,71006,host,uncertain,TRUE,Myrmecophaga tridactyla
master_15,Mpox (Monkeypox),Mpox (Monkeypox),Pan troglodytes,37012,host,uncertain,TRUE,Pan troglodytes
master_15,Mpox (Monkeypox),Mpox (Monkeypox),Pan troglodytes,9598,host,uncertain,TRUE,Pan troglodytes
master_15,Mpox (Monkeypox),Mpox (Monkeypox),Saimiri sciureus,9521,host,uncertain,TRUE,Saimiri sciureus
master_15,Mpox (Monkeypox),Mpox (Monkeypox),funisciurus pyrropus,226680,host,uncertain,FALSE,
master_15,Mpox (Monkeypox),Mpox (Monkeypox),praomys jacksoni,209866,host,uncertain,FALSE,
master_18,Oropouche fever,Oropouche fever,Bradypus tridactylus,9354,host,uncertain,TRUE,Bradypus tridactylus
master_18,Oropouche fever,Oropouche fever,Callithrix,9485,host,uncertain,FALSE,
master_18,Oropouche fever,Oropouche fever,Callithrix penicillata,57378,host,uncertain,TRUE,Callithrix penicillata
master_18,Oropouche fever,Oropouche fever,Cebus,9517,host,uncertain,FALSE,
master_18,Oropouche fever,Oropouche fever,Cebus olivaceus,37295,host,uncertain,FALSE,
master_18,Oropouche fever,Oropouche fever,Homo sapiens,9606,host,uncertain,FALSE,
master_18,Oropouche fever,Oropouche fever,aedes aegypti,,vector,yes,FALSE,
master_18,Oropouche fever,Oropouche fever,aedes albopictus,,vector,yes,FALSE,
master_18,Oropouche fever,Oropouche fever,aedes scapularis,,vector,yes,FALSE,
master_18,Oropouche fever,Oropouche fever,aedes serratus,,vector,yes,FALSE,
master_18,Oropouche fever,Oropouche fever,coquillettidia venezuelensis,,vector,yes,FALSE,
master_18,Oropouche fever,Oropouche fever,culex pipiens,,vector,yes,FALSE,
master_18,Oropouche fever,Oropouche fever,culex quinquefasciatus,,vector,yes,FALSE,
master_18,Oropouche fever,Oropouche fever,culex tarsalis,,vector,yes,FALSE,
master_18,Oropouche fever,Oropouche fever,culicoides,,vector,yes,FALSE,
master_18,Oropouche fever,Oropouche fever,culicoides insignis,,vector,yes,FALSE,
master_18,Oropouche fever,Oropouche fever,culicoides paraensis,,vector,yes,FALSE,
master_18,Oropouche fever,Oropouche fever,culicoides sonorensis,,vector,yes,FALSE,
master_18,Oropouche fever,Oropouche fever,limatus durhamii,,vector,yes,FALSE,
master_18,Oropouche fever,Oropouche fever,ochlerotatus serratus,,vector,yes,FALSE,
master_18,Oropouche fever,Oropouche fever,psorophora ferox,,vector,yes,FALSE,
master_24,Severe fever with thrombocytopenia syndrome (SFTS),Severe fever with thrombocytopenia syndrome (SFTS),Acinonyx jubatus,32536,host,optional,TRUE,Acinonyx jubatus
master_24,Severe fever with thrombocytopenia syndrome (SFTS),Severe fever with thrombocytopenia syndrome (SFTS),Anser,8847,host,optional,FALSE,
master_24,Severe fever with thrombocytopenia syndrome (SFTS),Severe fever with thrombocytopenia syndrome (SFTS),Apodemus agrarius,129305,host,optional,TRUE,Apodemus agrarius
master_24,Severe fever with thrombocytopenia syndrome (SFTS),Severe fever with thrombocytopenia syndrome (SFTS),Apodemus agrarius,39030,host,optional,TRUE,Apodemus agrarius
master_24,Severe fever with thrombocytopenia syndrome (SFTS),Severe fever with thrombocytopenia syndrome (SFTS),Bos taurus,9913,host,optional,TRUE,Bos taurus
master_24,Severe fever with thrombocytopenia syndrome (SFTS),Severe fever with thrombocytopenia syndrome (SFTS),Canis lupus,9615,host,optional,TRUE,Canis lupus
master_24,Severe fever with thrombocytopenia syndrome (SFTS),Severe fever with thrombocytopenia syndrome (SFTS),Capra hircus,9925,host,optional,TRUE,Capra hircus
master_24,Severe fever with thrombocytopenia syndrome (SFTS),Severe fever with thrombocytopenia syndrome (SFTS),Cervus nippon,9863,host,optional,TRUE,Cervus nippon
master_24,Severe fever with thrombocytopenia syndrome (SFTS),Severe fever with thrombocytopenia syndrome (SFTS),Equus caballus,9796,host,optional,TRUE,Equus caballus
master_24,Severe fever with thrombocytopenia syndrome (SFTS),Severe fever with thrombocytopenia syndrome (SFTS),Erinaceus amurensis,757341,host,optional,TRUE,Erinaceus amurensis
master_24,Severe fever with thrombocytopenia syndrome (SFTS),Severe fever with thrombocytopenia syndrome (SFTS),Erinaceus europaeus,9365,host,optional,TRUE,Erinaceus europaeus
master_24,Severe fever with thrombocytopenia syndrome (SFTS),Severe fever with thrombocytopenia syndrome (SFTS),Felis catus,9685,host,optional,TRUE,Felis catus
master_24,Severe fever with thrombocytopenia syndrome (SFTS),Severe fever with thrombocytopenia syndrome (SFTS),Gallus gallus,9031,host,optional,FALSE,
master_24,Severe fever with thrombocytopenia syndrome (SFTS),Severe fever with thrombocytopenia syndrome (SFTS),Homo sapiens,9606,host,optional,FALSE,
master_24,Severe fever with thrombocytopenia syndrome (SFTS),Severe fever with thrombocytopenia syndrome (SFTS),Hydropotes inermis,344906,host,optional,TRUE,Hydropotes inermis
master_24,Severe fever with thrombocytopenia syndrome (SFTS),Severe fever with thrombocytopenia syndrome (SFTS),Hydropotes inermis,9883,host,optional,TRUE,Hydropotes inermis
master_24,Severe fever with thrombocytopenia syndrome (SFTS),Severe fever with thrombocytopenia syndrome (SFTS),Meles anakuma,191034,host,optional,TRUE,Meles anakuma
master_24,Severe fever with thrombocytopenia syndrome (SFTS),Severe fever with thrombocytopenia syndrome (SFTS),Miniopterus schreibersii,9433,host,optional,TRUE,Miniopterus schreibersii
master_24,Severe fever with thrombocytopenia syndrome (SFTS),Severe fever with thrombocytopenia syndrome (SFTS),Mus musculus,10090,host,optional,TRUE,Mus musculus
master_24,Severe fever with thrombocytopenia syndrome (SFTS),Severe fever with thrombocytopenia syndrome (SFTS),Mustela kathiah,272460,host,optional,TRUE,Mustela kathiah
master_24,Severe fever with thrombocytopenia syndrome (SFTS),Severe fever with thrombocytopenia syndrome (SFTS),Mustela lutreola,9666,host,optional,TRUE,Mustela lutreola
master_24,Severe fever with thrombocytopenia syndrome (SFTS),Severe fever with thrombocytopenia syndrome (SFTS),Myotis davidii,225400,host,optional,FALSE,
master_24,Severe fever with thrombocytopenia syndrome (SFTS),Severe fever with thrombocytopenia syndrome (SFTS),Nyctereutes procyonoides,34880,host,optional,TRUE,Nyctereutes procyonoides
master_24,Severe fever with thrombocytopenia syndrome (SFTS),Severe fever with thrombocytopenia syndrome (SFTS),Ovis aries,9940,host,optional,TRUE,Ovis aries
master_24,Severe fever with thrombocytopenia syndrome (SFTS),Severe fever with thrombocytopenia syndrome (SFTS),Prionailurus bengalensis,37029,host,optional,TRUE,Prionailurus bengalensis
master_24,Severe fever with thrombocytopenia syndrome (SFTS),Severe fever with thrombocytopenia syndrome (SFTS),Procyon lotor,9654,host,optional,TRUE,Procyon lotor
master_24,Severe fever with thrombocytopenia syndrome (SFTS),Severe fever with thrombocytopenia syndrome (SFTS),Rattus norvegicus,10116,host,optional,TRUE,Rattus norvegicus
master_24,Severe fever with thrombocytopenia syndrome (SFTS),Severe fever with thrombocytopenia syndrome (SFTS),Rattus tanezumi,35732,host,optional,TRUE,Rattus tanezumi
master_24,Severe fever with thrombocytopenia syndrome (SFTS),Severe fever with thrombocytopenia syndrome (SFTS),Rhabdophis tigrinus,126484,host,optional,TRUE,Rhabdophis tigrinus
master_24,Severe fever with thrombocytopenia syndrome (SFTS),Severe fever with thrombocytopenia syndrome (SFTS),Rhinolophus pusillus,159858,host,optional,TRUE,Rhinolophus pusillus
master_24,Severe fever with thrombocytopenia syndrome (SFTS),Severe fever with thrombocytopenia syndrome (SFTS),Sciurotamias davidianus,226849,host,optional,TRUE,Sciurotamias davidianus
master_24,Severe fever with thrombocytopenia syndrome (SFTS),Severe fever with thrombocytopenia syndrome (SFTS),Suncus murinus,9378,host,optional,TRUE,Suncus murinus
master_24,Severe fever with thrombocytopenia syndrome (SFTS),Severe fever with thrombocytopenia syndrome (SFTS),Sus scrofa,9823,host,optional,TRUE,Sus scrofa
master_24,Severe fever with thrombocytopenia syndrome (SFTS),Severe fever with thrombocytopenia syndrome (SFTS),Takydromus wolteri,235402,host,optional,TRUE,Takydromus wolteri
master_24,Severe fever with thrombocytopenia syndrome (SFTS),Severe fever with thrombocytopenia syndrome (SFTS),Tscherskia triton,329627,host,optional,FALSE,
master_24,Severe fever with thrombocytopenia syndrome (SFTS),Severe fever with thrombocytopenia syndrome (SFTS),myotis adversus,59461,host,optional,FALSE,
master_24,Severe fever with thrombocytopenia syndrome (SFTS),Severe fever with thrombocytopenia syndrome (SFTS),amblyomma testudinarium,,vector,yes,FALSE,
master_24,Severe fever with thrombocytopenia syndrome (SFTS),Severe fever with thrombocytopenia syndrome (SFTS),dermacentor nuttalli,,vector,yes,FALSE,
master_24,Severe fever with thrombocytopenia syndrome (SFTS),Severe fever with thrombocytopenia syndrome (SFTS),dermacentor silvarum,,vector,yes,FALSE,
master_24,Severe fever with thrombocytopenia syndrome (SFTS),Severe fever with thrombocytopenia syndrome (SFTS),haemaphysalis concinna,,vector,yes,FALSE,
master_24,Severe fever with thrombocytopenia syndrome (SFTS),Severe fever with thrombocytopenia syndrome (SFTS),haemaphysalis flava,,vector,yes,FALSE,
master_24,Severe fever with thrombocytopenia syndrome (SFTS),Severe fever with thrombocytopenia syndrome (SFTS),haemaphysalis formosensis,,vector,yes,FALSE,
master_24,Severe fever with thrombocytopenia syndrome (SFTS),Severe fever with thrombocytopenia syndrome (SFTS),haemaphysalis hystricis,,vector,yes,FALSE,
master_24,Severe fever with thrombocytopenia syndrome (SFTS),Severe fever with thrombocytopenia syndrome (SFTS),haemaphysalis japonica,,vector,yes,FALSE,
master_24,Severe fever with thrombocytopenia syndrome (SFTS),Severe fever with thrombocytopenia syndrome (SFTS),haemaphysalis longicornis,,vector,yes,FALSE,
master_24,Severe fever with thrombocytopenia syndrome (SFTS),Severe fever with thrombocytopenia syndrome (SFTS),haemaphysalis megaspinosa,,vector,yes,FALSE,
master_24,Severe fever with thrombocytopenia syndrome (SFTS),Severe fever with thrombocytopenia syndrome (SFTS),hyalomma asiaticum,,vector,yes,FALSE,
master_24,Severe fever with thrombocytopenia syndrome (SFTS),Severe fever with thrombocytopenia syndrome (SFTS),ixodes nipponensis,,vector,yes,FALSE,
master_24,Severe fever with thrombocytopenia syndrome (SFTS),Severe fever with thrombocytopenia syndrome (SFTS),ixodes persulcatus,,vector,yes,FALSE,
master_24,Severe fever with thrombocytopenia syndrome (SFTS),Severe fever with thrombocytopenia syndrome (SFTS),ixodes sinensis,,vector,yes,FALSE,
master_24,Severe fever with thrombocytopenia syndrome (SFTS),Severe fever with thrombocytopenia syndrome (SFTS),rhipicephalus microplus,,vector,yes,FALSE,
master_25,Venezuelan equine encephalitis,Venezuelan equine encephalitis,Artibeus lituratus,27634,host,yes,TRUE,Artibeus lituratus
master_25,Venezuelan equine encephalitis,Venezuelan equine encephalitis,Butorides virescens,110671,host,yes,FALSE,
master_25,Venezuelan equine encephalitis,Venezuelan equine encephalitis,Carollia perspicillata,40233,host,yes,TRUE,Carollia perspicillata
master_25,Venezuelan equine encephalitis,Venezuelan equine encephalitis,Crotophaga sulcirostris,33598,host,yes,FALSE,
master_25,Venezuelan equine encephalitis,Venezuelan equine encephalitis,Dermanura phaeotis,40229,host,yes,TRUE,Dermanura phaeotis
master_25,Venezuelan equine encephalitis,Venezuelan equine encephalitis,Desmodus rotundus,9430,host,yes,TRUE,Desmodus rotundus
master_25,Venezuelan equine encephalitis,Venezuelan equine encephalitis,Didelphis marsupialis,9268,host,yes,TRUE,Didelphis marsupialis
master_25,Venezuelan equine encephalitis,Venezuelan equine encephalitis,Egretta caerulea,110682,host,yes,FALSE,
master_25,Venezuelan equine encephalitis,Venezuelan equine encephalitis,Equus asinus,9793,host,yes,TRUE,Equus asinus
master_25,Venezuelan equine encephalitis,Venezuelan equine encephalitis,Equus caballus,9796,host,yes,TRUE,Equus caballus
master_25,Venezuelan equine encephalitis,Venezuelan equine encephalitis,Glossophaga soricina,27638,host,yes,TRUE,Glossophaga soricina
master_25,Venezuelan equine encephalitis,Venezuelan equine encephalitis,Heteromys anomalus,348153,host,yes,TRUE,Heteromys anomalus
master_25,Venezuelan equine encephalitis,Venezuelan equine encephalitis,Homo sapiens,9606,host,yes,FALSE,
master_25,Venezuelan equine encephalitis,Venezuelan equine encephalitis,Hylaeamys laticeps,530175,host,yes,FALSE,
master_25,Venezuelan equine encephalitis,Venezuelan equine encephalitis,Icterus prosthemelas,223164,host,yes,FALSE,
master_25,Venezuelan equine encephalitis,Venezuelan equine encephalitis,Marmosa robinsoni,91496,host,yes,TRUE,Marmosa robinsoni
master_25,Venezuelan equine encephalitis,Venezuelan equine encephalitis,Mus musculus,10090,host,yes,TRUE,Mus musculus
master_25,Venezuelan equine encephalitis,Venezuelan equine encephalitis,Myiozetetes granadensis,1118795,host,yes,FALSE,
master_25,Venezuelan equine encephalitis,Venezuelan equine encephalitis,Myiozetetes similis,478647,host,yes,FALSE,
master_25,Venezuelan equine encephalitis,Venezuelan equine encephalitis,Nectomys squamipes,29117,host,yes,FALSE,
master_25,Venezuelan equine encephalitis,Venezuelan equine encephalitis,Proechimys guyannensis,128105,host,yes,FALSE,
master_25,Venezuelan equine encephalitis,Venezuelan equine encephalitis,Proechimys semispinosus,1246547,host,yes,TRUE,Proechimys semispinosus
master_25,Venezuelan equine encephalitis,Venezuelan equine encephalitis,Ramphocelus passerinii,36725,host,yes,FALSE,
master_25,Venezuelan equine encephalitis,Venezuelan equine encephalitis,Rattus norvegicus,10116,host,yes,TRUE,Rattus norvegicus
master_25,Venezuelan equine encephalitis,Venezuelan equine encephalitis,Sapajus apella,9515,host,yes,TRUE,Sapajus apella
master_25,Venezuelan equine encephalitis,Venezuelan equine encephalitis,Sigmodon hispidus,42415,host,yes,TRUE,Sigmodon hispidus
master_25,Venezuelan equine encephalitis,Venezuelan equine encephalitis,Sturnira lilium,27660,host,yes,FALSE,
master_25,Venezuelan equine encephalitis,Venezuelan equine encephalitis,Turdus grayi,203558,host,yes,FALSE,
master_25,Venezuelan equine encephalitis,Venezuelan equine encephalitis,Urocyon cinereoargenteus,55040,host,yes,TRUE,Urocyon cinereoargenteus
master_25,Venezuelan equine encephalitis,Venezuelan equine encephalitis,Uroderma bilobatum,27663,host,yes,TRUE,Uroderma bilobatum
master_25,Venezuelan equine encephalitis,Venezuelan equine encephalitis,Zygodontomys brevicauda,157541,host,yes,TRUE,Zygodontomys brevicauda
master_25,Venezuelan equine encephalitis,Venezuelan equine encephalitis,aedes angustivittatus,,vector,yes,FALSE,
master_25,Venezuelan equine encephalitis,Venezuelan equine encephalitis,aedes detritus,,vector,yes,FALSE,
master_25,Venezuelan equine encephalitis,Venezuelan equine encephalitis,aedes fulvus,,vector,yes,FALSE,
master_25,Venezuelan equine encephalitis,Venezuelan equine encephalitis,aedes scapularis,,vector,yes,FALSE,
master_25,Venezuelan equine encephalitis,Venezuelan equine encephalitis,aedes serratus,,vector,yes,FALSE,
master_25,Venezuelan equine encephalitis,Venezuelan equine encephalitis,aedes taeniorhynchus,,vector,yes,FALSE,
master_25,Venezuelan equine encephalitis,Venezuelan equine encephalitis,anopheles pseudopunctipennis,,vector,yes,FALSE,
master_25,Venezuelan equine encephalitis,Venezuelan equine encephalitis,coquillettidia venezuelensis,,vector,yes,FALSE,
master_25,Venezuelan equine encephalitis,Venezuelan equine encephalitis,culex adamesi,,vector,yes,FALSE,
master_25,Venezuelan equine encephalitis,Venezuelan equine encephalitis,culex aikenii sensu lato,,vector,yes,FALSE,
master_25,Venezuelan equine encephalitis,Venezuelan equine encephalitis,culex cedecei,,vector,yes,FALSE,
master_25,Venezuelan equine encephalitis,Venezuelan equine encephalitis,culex cedeci,,vector,yes,FALSE,
master_25,Venezuelan equine encephalitis,Venezuelan equine encephalitis,culex crybda,,vector,yes,FALSE,
master_25,Venezuelan equine encephalitis,Venezuelan equine encephalitis,culex declarator,,vector,yes,FALSE,
master_25,Venezuelan equine encephalitis,Venezuelan equine encephalitis,culex delpontei,,vector,yes,FALSE,
master_25,Venezuelan equine encephalitis,Venezuelan equine encephalitis,culex dunni,,vector,yes,FALSE,
master_25,Venezuelan equine encephalitis,Venezuelan equine encephalitis,culex erraticus,,vector,yes,FALSE,
master_25,Venezuelan equine encephalitis,Venezuelan equine encephalitis,culex gnomatos,,vector,yes,FALSE,
master_25,Venezuelan equine encephalitis,Venezuelan equine encephalitis,culex gnomatos vomerifer,,vector,yes,FALSE,
master_25,Venezuelan equine encephalitis,Venezuelan equine encephalitis,culex nigripalpus,,vector,yes,FALSE,
master_25,Venezuelan equine encephalitis,Venezuelan equine encephalitis,culex ocossa,,vector,yes,FALSE,
master_25,Venezuelan equine encephalitis,Venezuelan equine encephalitis,culex panocossa,,vector,yes,FALSE,
master_25,Venezuelan equine encephalitis,Venezuelan equine encephalitis,culex pedroi,,vector,yes,FALSE,
master_25,Venezuelan equine encephalitis,Venezuelan equine encephalitis,culex portesi,,vector,yes,FALSE,
master_25,Venezuelan equine encephalitis,Venezuelan equine encephalitis,culex spissipes,,vector,yes,FALSE,
master_25,Venezuelan equine encephalitis,Venezuelan equine encephalitis,culex taeniopus,,vector,yes,FALSE,
master_25,Venezuelan equine encephalitis,Venezuelan equine encephalitis,culex vomerifer,,vector,yes,FALSE,
master_25,Venezuelan equine encephalitis,Venezuelan equine encephalitis,mansonia dyari,,vector,yes,FALSE,
master_25,Venezuelan equine encephalitis,Venezuelan equine encephalitis,mansonia indubitans,,vector,yes,FALSE,
master_25,Venezuelan equine encephalitis,Venezuelan equine encephalitis,mansonia titillans,,vector,yes,FALSE,
master_25,Venezuelan equine encephalitis,Venezuelan equine encephalitis,ochlerotatus detritus,,vector,yes,FALSE,
master_25,Venezuelan equine encephalitis,Venezuelan equine encephalitis,psorophora albipes,,vector,yes,FALSE,
master_25,Venezuelan equine encephalitis,Venezuelan equine encephalitis,psorophora columbiae,,vector,yes,FALSE,
master_25,Venezuelan equine encephalitis,Venezuelan equine encephalitis,psorophora confinnis,,vector,yes,FALSE,
master_25,Venezuelan equine encephalitis,Venezuelan equine encephalitis,psorophora ferox,,vector,yes,FALSE,
master_26,Borna disease (encephalitis),Borna disease (encephalitis),Anas platyrhynchos,8839,host,yes,FALSE,
master_26,Borna disease (encephalitis),Borna disease (encephalitis),Bos taurus,9913,host,yes,TRUE,Bos taurus
master_26,Borna disease (encephalitis),Borna disease (encephalitis),Canis lupus,9615,host,yes,TRUE,Canis lupus
master_26,Borna disease (encephalitis),Borna disease (encephalitis),Castor fiber,331605,host,yes,TRUE,Castor fiber
master_26,Borna disease (encephalitis),Borna disease (encephalitis),Coloeus monedula,30423,host,yes,FALSE,
master_26,Borna disease (encephalitis),Borna disease (encephalitis),Crocidura leucodon,109474,host,yes,TRUE,Crocidura leucodon
master_26,Borna disease (encephalitis),Borna disease (encephalitis),Crocidura russula,36802,host,yes,TRUE,Crocidura russula
master_26,Borna disease (encephalitis),Borna disease (encephalitis),Equus asinus,9793,host,yes,TRUE,Equus asinus
master_26,Borna disease (encephalitis),Borna disease (encephalitis),Equus caballus,9796,host,yes,TRUE,Equus caballus
master_26,Borna disease (encephalitis),Borna disease (encephalitis),Equus ferus,1114792,host,yes,FALSE,
master_26,Borna disease (encephalitis),Borna disease (encephalitis),Erinaceus europaeus,9365,host,yes,TRUE,Erinaceus europaeus
master_26,Borna disease (encephalitis),Borna disease (encephalitis),Felis catus,9685,host,yes,TRUE,Felis catus
master_26,Borna disease (encephalitis),Borna disease (encephalitis),Hexaprotodon liberiensis,56798,host,yes,FALSE,
master_26,Borna disease (encephalitis),Borna disease (encephalitis),Homo sapiens,9606,host,yes,FALSE,
master_26,Borna disease (encephalitis),Borna disease (encephalitis),Lama glama,9844,host,yes,FALSE,
master_26,Borna disease (encephalitis),Borna disease (encephalitis),Macaca fuscata,9542,host,yes,TRUE,Macaca fuscata
master_26,Borna disease (encephalitis),Borna disease (encephalitis),Oryctolagus cuniculus,9986,host,yes,TRUE,Oryctolagus cuniculus
master_26,Borna disease (encephalitis),Borna disease (encephalitis),Ovis aries,9940,host,yes,TRUE,Ovis aries
master_26,Borna disease (encephalitis),Borna disease (encephalitis),Procyon lotor,9654,host,yes,TRUE,Procyon lotor
master_26,Borna disease (encephalitis),Borna disease (encephalitis),Sorex araneus,42254,host,yes,TRUE,Sorex araneus
master_26,Borna disease (encephalitis),Borna disease (encephalitis),Vicugna pacos,30538,host,yes,FALSE,
master_26,Borna disease (encephalitis),Borna disease (encephalitis),Vulpes vulpes,9627,host,yes,TRUE,Vulpes vulpes
master_26,Borna disease (encephalitis),Borna disease (encephalitis),crocidura suaveolens,52631,host,yes,FALSE,
master_27,Lujo hemorrhagic fever,Lujo hemorrhagic fever,Homo sapiens,9606,host,uncertain,FALSE,
master_9,Ebola virus disease,Ebola virus disease,Cavia porcellus,10141,host,optional,TRUE,Cavia porcellus
master_9,Ebola virus disease,Ebola virus disease,Cephalophus callipygus,129223,host,optional,TRUE,Cephalophus callipygus
master_9,Ebola virus disease,Ebola virus disease,Eidolon helvum,77214,host,optional,TRUE,Eidolon helvum
master_9,Ebola virus disease,Ebola virus disease,Epomophorus pusillus,2853157,host,optional,TRUE,Epomophorus pusillus
master_9,Ebola virus disease,Ebola virus disease,Epomops franqueti,77231,host,optional,TRUE,Epomops franqueti
master_9,Ebola virus disease,Ebola virus disease,Gorilla beringei,499232,host,optional,TRUE,Gorilla beringei
master_9,Ebola virus disease,Ebola virus disease,Gorilla gorilla,9593,host,optional,TRUE,Gorilla gorilla
master_9,Ebola virus disease,Ebola virus disease,Homo sapiens,9606,host,optional,FALSE,
master_9,Ebola virus disease,Ebola virus disease,Hypsignathus monstrosus,448084,host,optional,TRUE,Hypsignathus monstrosus
master_9,Ebola virus disease,Ebola virus disease,Macaca fascicularis,9541,host,optional,TRUE,Macaca fascicularis
master_9,Ebola virus disease,Ebola virus disease,Macaca mulatta,9544,host,optional,TRUE,Macaca mulatta
master_9,Ebola virus disease,Ebola virus disease,Mus setulosus,10102,host,optional,TRUE,Mus setulosus
master_9,Ebola virus disease,Ebola virus disease,Myonycteris torquata,77243,host,optional,FALSE,
master_9,Ebola virus disease,Ebola virus disease,Pan troglodytes,9598,host,optional,TRUE,Pan troglodytes
master_9,Ebola virus disease,Ebola virus disease,Rousettus aegyptiacus,9407,host,optional,TRUE,Rousettus aegyptiacus
master_9,Ebola virus disease,Ebola virus disease,Sylvisorex ollula,128151,host,optional,FALSE,
who_37,Sudan virus disease (Ebola virus disease),Sudan virus disease (Ebola virus disease),Homo sapiens,9606,host,optional,FALSE,
